{
"type": "FeatureCollection",
"name": "lodz_hex_mask",
"crs": { "type": "name", "properties": { "name": "urn:ogc:def:crs:OGC:1.3:CRS84" } },
"features": [
{ "type": "Feature", "properties": { "name": "lodz" }, "geometry": { "type": "Polygon", "coordinates": [ [ [ 18.677222700312392, 51.281788512008475 ], [ 18.677222700312392, 52.255714541472869 ], [ 20.286176306692163, 52.255714541472869 ], [ 20.286176306692163, 51.281788512008475 ], [ 18.677222700312392, 51.281788512008475 ] ], [ [ 19.320804144392834, 51.799862752652885 ], [ 19.322881851361448, 51.797608569697509 ], [ 19.32288185316779, 51.797608567937687 ], [ 19.32288185652757, 51.797608567829194 ], [ 19.327069100167396, 51.797596995880056 ], [ 19.327069113952643, 51.797596995434475 ], [ 19.327069127607164, 51.797596994178413 ], [ 19.327069141007289, 51.79759699212326 ], [ 19.327069154031665, 51.797596989287626 ], [ 19.327069166562353, 51.797596985697254 ], [ 19.327069178485861, 51.797596981384558 ], [ 19.327069189694207, 51.797596976388647 ], [ 19.327069200085901, 51.797596970754782 ], [ 19.327069209566822, 51.797596964533938 ], [ 19.327069218051108, 51.797596957782467 ], [ 19.327069225461926, 51.797596950561534 ], [ 19.329146476084091, 51.795342699992901 ], [ 19.329146477890106, 51.795342698232957 ], [ 19.329146481249708, 51.795342698124301 ], [ 19.333333512397441, 51.795330903468901 ], [ 19.333333526181939, 51.795330903022574 ], [ 19.333333539835596, 51.795330901765787 ], [ 19.333333553234755, 51.795330899709931 ], [ 19.333333566258091, 51.795330896873622 ], [ 19.333333578787645, 51.795330893282568 ], [ 19.333333590709959, 51.795330888969239 ], [ 19.333333601917051, 51.795330883972746 ], [ 19.333333612307438, 51.795330878338305 ], [ 19.333333621787023, 51.795330872116949 ], [ 19.333333630269948, 51.795330865365045 ], [ 19.333333637679395, 51.795330858143721 ], [ 19.335410471853766, 51.793076496782014 ], [ 19.335410473659444, 51.793076495021978 ], [ 19.335410477018858, 51.793076494913144 ], [ 19.339597375907246, 51.793064477355934 ], [ 19.339597379268135, 51.793064477445498 ], [ 19.339597381100013, 51.793064479195088 ], [ 19.341707781934577, 51.795306821301679 ], [ 19.341707789451522, 51.795306828480157 ], [ 19.341707798034896, 51.795306835183077 ], [ 19.341707807606952, 51.795306841349742 ], [ 19.341707818081005, 51.795306846924277 ], [ 19.341707829362214, 51.795306851856225 ], [ 19.341707841348402, 51.795306856100936 ], [ 19.341707853931034, 51.795306859619892 ], [ 19.341707866996142, 51.795306862381331 ], [ 19.341707880425414, 51.795306864360192 ], [ 19.341707894097237, 51.795306865538528 ], [ 19.341707907887795, 51.795306865905708 ], [ 19.345894849994018, 51.79529462421587 ], [ 19.345894863778369, 51.795294623768072 ], [ 19.345894877431657, 51.795294622509815 ], [ 19.34589489083023, 51.79529462045253 ], [ 19.345894903852763, 51.795294617614822 ], [ 19.345894916381305, 51.795294614022431 ], [ 19.3458949283024, 51.795294609707824 ], [ 19.345894939508092, 51.795294604710158 ], [ 19.345894949896895, 51.795294599074616 ], [ 19.345894959374743, 51.795294592852237 ], [ 19.345894967855781, 51.795294586099423 ], [ 19.34589497526321, 51.795294578877325 ], [ 19.347971180393635, 51.793039996810563 ], [ 19.34797118219883, 51.793039995050343 ], [ 19.347971185558205, 51.793039994941132 ], [ 19.35215799524773, 51.793027530385032 ], [ 19.352158009031324, 51.793027529936488 ], [ 19.352158022683753, 51.793027528677506 ], [ 19.352158036081367, 51.793027526619525 ], [ 19.35215804910284, 51.793027523781134 ], [ 19.352158061630263, 51.793027520188055 ], [ 19.352158073550161, 51.793027515872829 ], [ 19.352158084754592, 51.793027510874552 ], [ 19.352158095142098, 51.793027505238442 ], [ 19.352158104618599, 51.793027499015579 ], [ 19.352158113098277, 51.793027492262325 ], [ 19.352158120504342, 51.793027485039829 ], [ 19.354233869442911, 51.79077283553265 ], [ 19.354233875707628, 51.790772827906203 ], [ 19.354233880774963, 51.790772819944991 ], [ 19.354233884599019, 51.790772811721112 ], [ 19.35423388714517, 51.790772803309068 ], [ 19.354233888390361, 51.790772794784999 ], [ 19.354233888323307, 51.790772786226157 ], [ 19.354233886944627, 51.790772777710032 ], [ 19.354233884266801, 51.790772769313698 ], [ 19.354233880314073, 51.79077276111326 ], [ 19.354233875122254, 51.790772753182949 ], [ 19.354233868738355, 51.790772745594595 ], [ 19.352123101009543, 51.788530670333223 ], [ 19.352123093492079, 51.788530663155399 ], [ 19.352123084908463, 51.788530656453226 ], [ 19.352123075336429, 51.788530650287413 ], [ 19.352123064862663, 51.788530644713781 ], [ 19.352123053582023, 51.788530639782834 ], [ 19.352123041596659, 51.788530635539189 ], [ 19.352123029015114, 51.788530632021313 ], [ 19.352123015951335, 51.788530629261039 ], [ 19.352123002523623, 51.788530627283386 ], [ 19.35212298885358, 51.788530626106244 ], [ 19.352122975065019, 51.788530625740279 ], [ 19.347936581710176, 51.788543088296457 ], [ 19.3479365783496, 51.788543088207149 ], [ 19.34793657651759, 51.788543086457686 ], [ 19.345826184590784, 51.786300853544098 ], [ 19.345826177074688, 51.786300846365883 ], [ 19.34582616849243, 51.786300839663255 ], [ 19.345826158921724, 51.786300833496924 ], [ 19.345826148449248, 51.786300827922723 ], [ 19.345826137169851, 51.786300822991151 ], [ 19.345826125185663, 51.786300818746859 ], [ 19.345826112605231, 51.786300815228323 ], [ 19.345826099542478, 51.786300812467339 ], [ 19.3458260861157, 51.78630081048896 ], [ 19.345826072446492, 51.786300809311086 ], [ 19.345826058658652, 51.786300808944375 ], [ 19.341639949208943, 51.786313046706212 ], [ 19.341639935427288, 51.786313047153506 ], [ 19.341639921776586, 51.786313048411238 ], [ 19.341639908380472, 51.786313050468038 ], [ 19.341639895360263, 51.786313053305271 ], [ 19.341639882833867, 51.786313056897221 ], [ 19.341639870914722, 51.786313061211388 ], [ 19.341639859710781, 51.786313066208685 ], [ 19.341639849323499, 51.786313071843857 ], [ 19.341639839846948, 51.786313078065874 ], [ 19.341639831366951, 51.786313084818396 ], [ 19.3416398239603, 51.786313092040245 ], [ 19.339563609914109, 51.788567564914032 ], [ 19.339563608108769, 51.788567566674132 ], [ 19.339563604749706, 51.788567566783101 ], [ 19.335377122207063, 51.788579582412098 ], [ 19.335377118846512, 51.788579582322406 ], [ 19.335377117014978, 51.788579580572744 ], [ 19.333267304603005, 51.786337078168309 ], [ 19.333267303048114, 51.786337076318581 ], [ 19.333267304575681, 51.7863370744601 ], [ 19.335343731109489, 51.784082711534772 ], [ 19.335343737376476, 51.784082703909299 ], [ 19.335343742446391, 51.784082695948861 ], [ 19.335343746273324, 51.784082687725601 ], [ 19.33534374882262, 51.784082679313954 ], [ 19.335343750071193, 51.784082670790099 ], [ 19.335343750007734, 51.784082662231206 ], [ 19.33534374863282, 51.784082653714826 ], [ 19.335343745958898, 51.784082645318072 ], [ 19.335343742010188, 51.784082637116974 ], [ 19.335343736822448, 51.784082629185797 ], [ 19.335343730442652, 51.784082621596411 ], [ 19.333234170922609, 51.781840159500348 ], [ 19.333234169367874, 51.781840157650592 ], [ 19.333234170895288, 51.781840155792118 ], [ 19.335310433497192, 51.779585748854672 ], [ 19.335310435302343, 51.779585747094636 ], [ 19.335310438660752, 51.779585746985788 ], [ 19.339496008575811, 51.779573735443861 ], [ 19.339496022355441, 51.779573734996795 ], [ 19.339496036004167, 51.779573733739312 ], [ 19.339496049398385, 51.779573731682746 ], [ 19.339496062416789, 51.779573728845769 ], [ 19.339496074941501, 51.779573725254039 ], [ 19.339496086859068, 51.779573720940085 ], [ 19.339496098061584, 51.779573715942995 ], [ 19.339496108447594, 51.779573710308021 ], [ 19.33949611792303, 51.779573704086154 ], [ 19.339496126402096, 51.779573697333781 ], [ 19.339496133807987, 51.779573690112052 ], [ 19.341571900724887, 51.777319258939407 ], [ 19.341571906989884, 51.777319251313614 ], [ 19.341571912057951, 51.77731924335292 ], [ 19.34157191588319, 51.777319235129433 ], [ 19.341571918430954, 51.777319226717658 ], [ 19.341571919678167, 51.777319218193689 ], [ 19.341571919613546, 51.777319209634825 ], [ 19.341571918237669, 51.77731920111848 ], [ 19.341571915563005, 51.777319192721876 ], [ 19.341571911613752, 51.777319184520984 ], [ 19.341571906425706, 51.77731917659009 ], [ 19.341571900045828, 51.777319169001032 ], [ 19.339462389717532, 51.775076859052085 ], [ 19.339462382204317, 51.775076851873422 ], [ 19.339462373625135, 51.775076845170304 ], [ 19.339462364057677, 51.775076839003439 ], [ 19.339462353588587, 51.775076833428656 ], [ 19.339462342312682, 51.775076828496466 ], [ 19.339462330332072, 51.775076824251535 ], [ 19.339462317755252, 51.775076820732281 ], [ 19.339462304696131, 51.775076817970572 ], [ 19.339462291272959, 51.775076815991454 ], [ 19.339462277607311, 51.775076814812834 ], [ 19.339462263822938, 51.77507681444537 ], [ 19.335277109920234, 51.775088824060312 ], [ 19.335277106560682, 51.775088823970627 ], [ 19.335277104729705, 51.775088822220972 ], [ 19.333167929462928, 51.772846311740203 ], [ 19.333167927908509, 51.772846309890454 ], [ 19.333167929435625, 51.772846308031973 ], [ 19.335243744898186, 51.770591942758223 ], [ 19.335243751163329, 51.770591935132735 ], [ 19.335243756231758, 51.770591927172326 ], [ 19.335243760057583, 51.77059191894903 ], [ 19.335243762606154, 51.770591910537348 ], [ 19.335243763854386, 51.770591902013486 ], [ 19.335243763790977, 51.770591893454579 ], [ 19.3352437624165, 51.770591884938163 ], [ 19.335243759743403, 51.770591876541403 ], [ 19.335243755795901, 51.770591868340261 ], [ 19.335243750609731, 51.770591860409077 ], [ 19.335243744231875, 51.770591852819663 ], [ 19.333134821677689, 51.768349382647763 ], [ 19.333134820123423, 51.768349380798035 ], [ 19.33313482165039, 51.768349378939561 ], [ 19.335210473327457, 51.76609496965289 ], [ 19.335210475132072, 51.766094967892847 ], [ 19.335210478489483, 51.766094967784028 ], [ 19.339394800692631, 51.766082962021969 ], [ 19.339394814468157, 51.766082961574952 ], [ 19.33939482811282, 51.766082960317469 ], [ 19.339394841503044, 51.766082958260924 ], [ 19.339394854517586, 51.766082955423954 ], [ 19.339394867038568, 51.766082951832246 ], [ 19.339394878952604, 51.766082947518306 ], [ 19.339394890151802, 51.766082942521216 ], [ 19.339394900534728, 51.766082936886221 ], [ 19.339394910007368, 51.766082930664361 ], [ 19.339394918483922, 51.766082923912016 ], [ 19.339394925887635, 51.766082916690266 ], [ 19.341470122019789, 51.76382843998929 ], [ 19.34147012382407, 51.763828438229176 ], [ 19.341470127181299, 51.763828438120157 ], [ 19.345654237121199, 51.763816209938526 ], [ 19.345654250895965, 51.763816209490741 ], [ 19.345654264539768, 51.763816208232541 ], [ 19.345654277929039, 51.763816206175292 ], [ 19.345654290942534, 51.763816203337626 ], [ 19.345654303462393, 51.763816199745236 ], [ 19.345654315375231, 51.763816195430671 ], [ 19.345654326573179, 51.763816190432976 ], [ 19.345654336954805, 51.763816184797442 ], [ 19.345654346426105, 51.763816178575077 ], [ 19.345654354901303, 51.76381617182227 ], [ 19.345654362303645, 51.763816164600136 ], [ 19.347729102966468, 51.761561620534543 ], [ 19.347729109228261, 51.761561612908388 ], [ 19.34772911429349, 51.761561604947417 ], [ 19.347729118116284, 51.761561596723716 ], [ 19.347729120662034, 51.761561588311764 ], [ 19.347729121907669, 51.761561579787745 ], [ 19.347729121841923, 51.761561571228839 ], [ 19.347729120465377, 51.761561562712572 ], [ 19.347729117790514, 51.76156155431606 ], [ 19.347729113841545, 51.76156154611536 ], [ 19.347729108654235, 51.761561538184708 ], [ 19.347729102275562, 51.761561530595948 ], [ 19.345619985083893, 51.759319281311825 ], [ 19.345619983529428, 51.759319279462225 ], [ 19.345619985055581, 51.759319277603602 ], [ 19.347694601969849, 51.757064646322441 ], [ 19.347694603773615, 51.757064644562213 ], [ 19.347694607130329, 51.757064644453017 ], [ 19.351878089178427, 51.757052195885194 ], [ 19.351878102951073, 51.757052195436714 ], [ 19.351878116592658, 51.757052194177795 ], [ 19.351878129979653, 51.757052192119843 ], [ 19.351878142990806, 51.757052189281488 ], [ 19.351878155508302, 51.757052185688437 ], [ 19.351878167418771, 51.75705218137324 ], [ 19.351878178614349, 51.757052176374948 ], [ 19.351878188993656, 51.757052170738852 ], [ 19.351878198462686, 51.757052164515997 ], [ 19.351878206935691, 51.757052157762722 ], [ 19.351878214335944, 51.757052150540204 ], [ 19.353952375944775, 51.754797451955923 ], [ 19.353952377748211, 51.754797450195596 ], [ 19.353952381104733, 51.75479745008623 ], [ 19.358135731057565, 51.754784778962609 ], [ 19.358135734415651, 51.754784779051619 ], [ 19.358135736246691, 51.754784780800954 ], [ 19.360245259853361, 51.757026806471991 ], [ 19.360245267366846, 51.757026813649325 ], [ 19.360245275945665, 51.757026820350966 ], [ 19.360245285512114, 51.757026826516167 ], [ 19.360245295979571, 51.757026832089075 ], [ 19.360245307253226, 51.757026837019311 ], [ 19.360245319230991, 51.757026841262167 ], [ 19.360245331804389, 51.757026844779197 ], [ 19.360245344859564, 51.757026847538604 ], [ 19.36024535827827, 51.75702684951537 ], [ 19.360245371938994, 51.757026850691595 ], [ 19.360245385718024, 51.757026851056622 ], [ 19.364428778331217, 51.757013956079746 ], [ 19.364428792103716, 51.757013955629795 ], [ 19.364428805744932, 51.757013954369398 ], [ 19.364428819131334, 51.757013952310018 ], [ 19.364428832141691, 51.75701394947027 ], [ 19.364428844658164, 51.757013945875897 ], [ 19.364428856567425, 51.757013941559421 ], [ 19.364428867761603, 51.757013936559929 ], [ 19.364428878139332, 51.75701393092276 ], [ 19.364428887606621, 51.757013924698882 ], [ 19.364428896077747, 51.75701391794469 ], [ 19.364428903475986, 51.75701391072139 ], [ 19.36650239743966, 51.754759035134981 ], [ 19.366502403697343, 51.754759027507831 ], [ 19.366502408758514, 51.75475901954605 ], [ 19.366502412577333, 51.754759011321731 ], [ 19.366502415119211, 51.754759002909381 ], [ 19.366502416361136, 51.754758994385149 ], [ 19.366502416291855, 51.754758985826264 ], [ 19.366502414911992, 51.754758977310217 ], [ 19.366502412234055, 51.754758968914132 ], [ 19.366502408282287, 51.754758960714049 ], [ 19.366502403092476, 51.754758952784222 ], [ 19.366502396711628, 51.754758945196478 ], [ 19.364392670059829, 51.752517031344595 ], [ 19.364392668504831, 51.752517029495259 ], [ 19.364392670029986, 51.752517027636372 ], [ 19.366466000766245, 51.750262108114327 ], [ 19.36646600702332, 51.750262100487191 ], [ 19.366466012083997, 51.750262092525411 ], [ 19.36646601590245, 51.75026208430107 ], [ 19.366466018444086, 51.750262075888706 ], [ 19.366466019685895, 51.750262067364481 ], [ 19.366466019616634, 51.750262058805575 ], [ 19.36646601823692, 51.750262050289521 ], [ 19.366466015559265, 51.750262041893436 ], [ 19.366466011607894, 51.750262033693332 ], [ 19.366466006418612, 51.750262025763512 ], [ 19.366466000038404, 51.750262018175761 ], [ 19.364356485804358, 51.748020101541599 ], [ 19.364356484249519, 51.748020099692255 ], [ 19.364356485774525, 51.748020097833376 ], [ 19.366429613572226, 51.745765177614942 ], [ 19.366429619828686, 51.745765169987799 ], [ 19.366429624888873, 51.745765162026004 ], [ 19.366429628706953, 51.745765153801678 ], [ 19.366429631248344, 51.745765145389299 ], [ 19.366429632490043, 51.74576513686506 ], [ 19.3664296324208, 51.745765128306154 ], [ 19.366429631041235, 51.745765119790093 ], [ 19.366429628363854, 51.745765111393986 ], [ 19.366429624412891, 51.745765103193889 ], [ 19.366429619224135, 51.745765095264055 ], [ 19.366429612844573, 51.745765087676297 ], [ 19.364320351418073, 51.74352321125096 ], [ 19.36432034390619, 51.743523204073838 ], [ 19.364320335329339, 51.743523197372511 ], [ 19.364320325765192, 51.743523191207622 ], [ 19.364320315300368, 51.743523185635027 ], [ 19.36432030402964, 51.743523180705175 ], [ 19.364320292055073, 51.74352317646273 ], [ 19.36432027948511, 51.743523172946105 ], [ 19.364320266433594, 51.743523170187146 ], [ 19.364320253018715, 51.743523168210835 ], [ 19.364320239361959, 51.743523167035079 ], [ 19.364320225587004, 51.743523166670521 ], [ 19.360138079018888, 51.743536055443528 ], [ 19.360138065250439, 51.743536055893003 ], [ 19.360138051613156, 51.743536057152866 ], [ 19.360138038230538, 51.743536059211763 ], [ 19.360138025223787, 51.743536062051042 ], [ 19.360138012710678, 51.743536065644953 ], [ 19.36013800080455, 51.74353606996101 ], [ 19.360137989613218, 51.743536074960076 ], [ 19.36013797923804, 51.743536080596904 ], [ 19.360137969772961, 51.743536086820434 ], [ 19.360137961303703, 51.743536093574313 ], [ 19.360137953906975, 51.743536100797364 ], [ 19.358064613801314, 51.745790911300524 ], [ 19.358064611998401, 51.745790913060915 ], [ 19.35806460864255, 51.745790913170389 ], [ 19.353882089421475, 51.745803580229584 ], [ 19.353882086064068, 51.745803580140432 ], [ 19.353882084233565, 51.745803578391047 ], [ 19.351773400547462, 51.743561432672472 ], [ 19.351773393037558, 51.743561425494555 ], [ 19.351773384462547, 51.743561418792282 ], [ 19.351773374900095, 51.743561412626377 ], [ 19.351773364436802, 51.743561407052667 ], [ 19.35177335316742, 51.743561402121607 ], [ 19.351773341194015, 51.743561397877869 ], [ 19.351773328625015, 51.743561394359915 ], [ 19.351773315574242, 51.743561391599556 ], [ 19.351773302159888, 51.743561389621817 ], [ 19.351773288503438, 51.743561388444611 ], [ 19.351773274728568, 51.743561388078554 ], [ 19.347591038758956, 51.743573830657297 ], [ 19.347591035401727, 51.743573830567968 ], [ 19.347591033571554, 51.743573828818469 ], [ 19.3454827650827, 51.741331568624517 ], [ 19.345482757574157, 51.741331561446188 ], [ 19.345482749000499, 51.741331554743461 ], [ 19.34548273943938, 51.741331548577051 ], [ 19.34548272897737, 51.741331543002758 ], [ 19.345482717709228, 51.741331538071101 ], [ 19.345482705736995, 51.741331533826724 ], [ 19.3454826931691, 51.741331530308095 ], [ 19.345482680119353, 51.74133152754704 ], [ 19.34548266670593, 51.741331525568576 ], [ 19.345482653050311, 51.74133152439061 ], [ 19.345482639276174, 51.741331524023849 ], [ 19.341300686605916, 51.741343742168901 ], [ 19.341300672837939, 51.741343742616138 ], [ 19.341300659200783, 51.741343743873834 ], [ 19.341300645817952, 51.741343745930578 ], [ 19.341300632810629, 51.741343748767775 ], [ 19.341300620296625, 51.741343752359697 ], [ 19.341300608389268, 51.741343756673828 ], [ 19.341300597196387, 51.741343761671111 ], [ 19.341300586819358, 51.74134376730629 ], [ 19.34130057735214, 51.741343773528314 ], [ 19.341300568880481, 51.741343780280836 ], [ 19.341300561481098, 51.741343787502714 ], [ 19.339226381939202, 51.743598268035846 ], [ 19.339226380135631, 51.743598269795946 ], [ 19.339226376779898, 51.743598269904894 ], [ 19.335044051732897, 51.743610266272803 ], [ 19.335044048375689, 51.743610266183111 ], [ 19.335044046545995, 51.743610264433421 ], [ 19.332936356003206, 51.741367735112242 ], [ 19.332936354449881, 51.741367733262493 ], [ 19.332936355975949, 51.741367731404004 ], [ 19.335010747448912, 51.739113360641724 ], [ 19.33501075370976, 51.739113353016222 ], [ 19.335010758774736, 51.739113345055777 ], [ 19.335010762597975, 51.73911333683246 ], [ 19.335010765144837, 51.739113328420743 ], [ 19.335010766392273, 51.739113319896816 ], [ 19.335010766328978, 51.739113311337867 ], [ 19.335010764955531, 51.73911330282143 ], [ 19.335010762284362, 51.739113294424584 ], [ 19.335010758339674, 51.7391132862234 ], [ 19.335010753157174, 51.739113278292152 ], [ 19.335010746783812, 51.739113270702667 ], [ 19.332903308535883, 51.736870781691614 ], [ 19.332903306982718, 51.736870779841851 ], [ 19.332903308508634, 51.73687077798337 ], [ 19.334977496764903, 51.734616406435997 ], [ 19.334977503025147, 51.734616398810495 ], [ 19.334977508089629, 51.73461639085005 ], [ 19.334977511912491, 51.734616382626719 ], [ 19.334977514459119, 51.734616374215015 ], [ 19.334977515706438, 51.734616365691075 ], [ 19.33497751564316, 51.734616357132118 ], [ 19.334977514269859, 51.734616348615667 ], [ 19.334977511598971, 51.734616340218814 ], [ 19.334977507654678, 51.73461633201763 ], [ 19.334977502472711, 51.734616324086367 ], [ 19.334977496099977, 51.734616316496876 ], [ 19.332870269673521, 51.732373824794998 ], [ 19.332870268120512, 51.732373822945235 ], [ 19.332870269646282, 51.73237382108676 ], [ 19.334944254738414, 51.730119448754053 ], [ 19.334944260998046, 51.730119441128565 ], [ 19.334944266062035, 51.730119433168099 ], [ 19.334944269884527, 51.730119424944768 ], [ 19.33494427243091, 51.730119416533071 ], [ 19.334944273678115, 51.730119408009102 ], [ 19.334944273614855, 51.73011939945016 ], [ 19.3349442722417, 51.730119390933687 ], [ 19.334944269571086, 51.730119382536849 ], [ 19.334944265627193, 51.730119374335622 ], [ 19.334944260445745, 51.730119366404395 ], [ 19.334944254073658, 51.730119358814889 ], [ 19.33283723941317, 51.727876864422299 ], [ 19.332837237860307, 51.727876862572536 ], [ 19.332837239385935, 51.727876860714041 ], [ 19.334911021366455, 51.725622487595771 ], [ 19.33491102762547, 51.725622479970248 ], [ 19.334911032688964, 51.725622472009796 ], [ 19.334911036511087, 51.725622463786472 ], [ 19.334911039057229, 51.72562245537474 ], [ 19.334911040304323, 51.725622446850807 ], [ 19.334911040241082, 51.725622438291836 ], [ 19.334911038868071, 51.725622429775356 ], [ 19.334911036197727, 51.725622421378503 ], [ 19.334911032254237, 51.725622413177305 ], [ 19.334911027073314, 51.725622405246035 ], [ 19.334911020701874, 51.725622397656522 ], [ 19.332804217751846, 51.723379900573363 ], [ 19.332804216199147, 51.723379898723607 ], [ 19.332804217724618, 51.723379896865119 ], [ 19.334877836406577, 51.721125479731242 ], [ 19.334877838209422, 51.721125477971214 ], [ 19.3348778415635, 51.72112547786238 ], [ 19.339058011762031, 51.721113491341995 ], [ 19.33905802552389, 51.72111349089505 ], [ 19.339058039155027, 51.721113489637638 ], [ 19.339058052531996, 51.721113487581135 ], [ 19.339058065533656, 51.721113484744194 ], [ 19.339058078042257, 51.7211134811525 ], [ 19.339058089944519, 51.721113476838589 ], [ 19.339058101132665, 51.721113471841498 ], [ 19.339058111505359, 51.721113466206518 ], [ 19.339058120968673, 51.721113459984672 ], [ 19.339058129436903, 51.721113453232284 ], [ 19.339058136833355, 51.721113446010527 ], [ 19.341131261338127, 51.71885900486928 ], [ 19.34113126759517, 51.71885899724343 ], [ 19.341131272656824, 51.718858989282687 ], [ 19.341131276477256, 51.718858981059142 ], [ 19.341131279021866, 51.718858972647283 ], [ 19.341131280267611, 51.718858964123264 ], [ 19.341131280203204, 51.718858955564286 ], [ 19.341131278829238, 51.718858947047877 ], [ 19.341131276158151, 51.718858938651167 ], [ 19.341131272214131, 51.718858930450146 ], [ 19.3411312670329, 51.718858922519146 ], [ 19.341131260661371, 51.718858914929974 ], [ 19.339024466413697, 51.71661652676066 ], [ 19.339024464860973, 51.716616524910968 ], [ 19.339024466385968, 51.716616523052416 ], [ 19.341097467497292, 51.714361994679471 ], [ 19.34109746929963, 51.714361992919336 ], [ 19.341097472653193, 51.714361992810332 ], [ 19.345277016593592, 51.714349786184087 ], [ 19.34527703035333, 51.714349785736395 ], [ 19.345277043982261, 51.714349784478259 ], [ 19.345277057356945, 51.714349782421046 ], [ 19.345277070356282, 51.714349779583429 ], [ 19.345277082862523, 51.714349775991082 ], [ 19.34527709476242, 51.714349771676538 ], [ 19.345277105948206, 51.714349766678865 ], [ 19.345277116318584, 51.714349761043323 ], [ 19.345277125779631, 51.714349754820979 ], [ 19.345277134245677, 51.714349748068152 ], [ 19.345277141640036, 51.714349740845982 ], [ 19.347349648761252, 51.712095188532004 ], [ 19.34734965501632, 51.712095180905848 ], [ 19.34734966007613, 51.712095172944835 ], [ 19.347349663894864, 51.71209516472107 ], [ 19.34734966643795, 51.712095156309054 ], [ 19.347349667682348, 51.712095147784972 ], [ 19.347349667616786, 51.712095139226008 ], [ 19.347349666241861, 51.71209513070967 ], [ 19.347349663570022, 51.712095122313073 ], [ 19.347349659625472, 51.712095114112266 ], [ 19.347349654443935, 51.712095106181515 ], [ 19.347349648072328, 51.71209509859267 ], [ 19.345242862684341, 51.709852819309532 ], [ 19.345242861131599, 51.709852817459918 ], [ 19.345242862656114, 51.709852815601273 ], [ 19.347315206783655, 51.707598219302596 ], [ 19.347315213038105, 51.707598211676412 ], [ 19.347315218097425, 51.707598203715399 ], [ 19.347315221915796, 51.707598195491634 ], [ 19.347315224458637, 51.70759818707964 ], [ 19.347315225702918, 51.707598178555543 ], [ 19.347315225637377, 51.707598169996558 ], [ 19.347315224262594, 51.707598161480213 ], [ 19.347315221591039, 51.707598153083595 ], [ 19.347315217646891, 51.707598144882795 ], [ 19.347315212465869, 51.707598136952051 ], [ 19.347315206094908, 51.707598129363191 ], [ 19.345208632355867, 51.705355847353651 ], [ 19.345208630803281, 51.705355845504045 ], [ 19.34520863232764, 51.705355843645364 ], [ 19.347280813502174, 51.703101203360994 ], [ 19.347280815303826, 51.703101201600759 ], [ 19.347280818656543, 51.703101201491606 ], [ 19.351459322225736, 51.703088776858849 ], [ 19.351459335981996, 51.703088776410439 ], [ 19.351459349607371, 51.703088775151592 ], [ 19.35145936297846, 51.703088773093683 ], [ 19.351459375974176, 51.703088770255377 ], [ 19.351459388476822, 51.703088766662376 ], [ 19.351459400373177, 51.7030887623472 ], [ 19.35145941155551, 51.703088757348937 ], [ 19.351459421922552, 51.703088751712848 ], [ 19.351459431380409, 51.703088745489985 ], [ 19.351459439843431, 51.703088738736696 ], [ 19.35145944723498, 51.703088731514157 ], [ 19.353531174447024, 51.700834024136384 ], [ 19.353531176248339, 51.700834022376057 ], [ 19.353531179600871, 51.700834022266712 ], [ 19.357709471524227, 51.70082137574952 ], [ 19.357709485279731, 51.700821375300372 ], [ 19.357709498904249, 51.700821374040807 ], [ 19.357709512274379, 51.700821371982194 ], [ 19.357709525269055, 51.700821369143192 ], [ 19.357709537770582, 51.700821365549523 ], [ 19.357709549665749, 51.700821361233707 ], [ 19.357709560846832, 51.700821356234847 ], [ 19.357709571212574, 51.700821350598225 ], [ 19.357709580669095, 51.700821344374859 ], [ 19.357709589130767, 51.700821337621136 ], [ 19.357709596520955, 51.700821330398185 ], [ 19.359780869845785, 51.698566555976569 ], [ 19.359780876096906, 51.698566548349717 ], [ 19.359780881153036, 51.698566540388171 ], [ 19.359780884968394, 51.69856653216398 ], [ 19.359780887508414, 51.698566523751701 ], [ 19.359780888750116, 51.698566515227469 ], [ 19.359780888682248, 51.69856650666847 ], [ 19.359780887305408, 51.698566498152267 ], [ 19.359780884632087, 51.698566489755947 ], [ 19.359780880686476, 51.698566481555524 ], [ 19.35978087550432, 51.698566473625327 ], [ 19.359780869132546, 51.698566466037128 ], [ 19.357674101935316, 51.696324404443303 ], [ 19.357674100382532, 51.696324402593838 ], [ 19.357674101906088, 51.696324400735044 ], [ 19.359745252247073, 51.694069539120534 ], [ 19.35974525404788, 51.694069537360122 ], [ 19.359745257399897, 51.694069537250584 ], [ 19.363923003674362, 51.694056670700114 ], [ 19.363923007027964, 51.694056670788996 ], [ 19.363923008856752, 51.694056672538231 ], [ 19.366029978418208, 51.696298622548511 ], [ 19.366029985922506, 51.696298629725582 ], [ 19.366029994490646, 51.696298636426853 ], [ 19.36603000404503, 51.696298642591678 ], [ 19.366030014499138, 51.696298648164209 ], [ 19.366030025758295, 51.696298653093933 ], [ 19.366030037720524, 51.696298657336278 ], [ 19.366030050277516, 51.696298660852776 ], [ 19.366030063315542, 51.696298663611579 ], [ 19.366030076716513, 51.696298665587754 ], [ 19.366030090359086, 51.69629866676334 ], [ 19.366030104119702, 51.696298667127714 ], [ 19.37020789248054, 51.696285577199866 ], [ 19.370207906234544, 51.696285576749268 ], [ 19.370207919857339, 51.696285575488254 ], [ 19.370207933225561, 51.696285573428213 ], [ 19.370207946218148, 51.696285570587833 ], [ 19.370207958717433, 51.696285566992827 ], [ 19.370207970610213, 51.696285562675776 ], [ 19.370207981788802, 51.696285557675722 ], [ 19.370207992151947, 51.696285552037999 ], [ 19.37020800160581, 51.696285545813616 ], [ 19.370208010064776, 51.696285539058984 ], [ 19.370208017452232, 51.696285531835251 ], [ 19.372278502320388, 51.69403049374489 ], [ 19.372278504120708, 51.694030491984293 ], [ 19.372278507472682, 51.694030491874408 ], [ 19.376456164144827, 51.694017179921147 ], [ 19.376456177898078, 51.69401717946981 ], [ 19.37645619152001, 51.694017178208057 ], [ 19.376456204887283, 51.694017176147327 ], [ 19.376456217878825, 51.694017173306257 ], [ 19.376456230376984, 51.694017169710591 ], [ 19.376456242268578, 51.694017165392893 ], [ 19.376456253445912, 51.694017160392264 ], [ 19.376456263807768, 51.694017154753965 ], [ 19.376456273260303, 51.694017148529092 ], [ 19.37645628171791, 51.694017141774005 ], [ 19.376456289104002, 51.694017134549874 ], [ 19.378526359968525, 51.69176198631115 ], [ 19.378526361768515, 51.69176198455046 ], [ 19.378526365120312, 51.691761984440397 ], [ 19.382703890043377, 51.6917484504866 ], [ 19.382703893396837, 51.691748450574956 ], [ 19.382703895226257, 51.691748452323885 ], [ 19.384811683141066, 51.693990064698468 ], [ 19.384811690647947, 51.693990071874332 ], [ 19.384811699218414, 51.693990078574238 ], [ 19.384811708774855, 51.693990084737528 ], [ 19.384811719230722, 51.693990090308382 ], [ 19.384811730491336, 51.693990095236323 ], [ 19.384811742454705, 51.693990099476736 ], [ 19.384811755012496, 51.693990102991208 ], [ 19.384811768050984, 51.693990105747957 ], [ 19.38481178145209, 51.693990107721966 ], [ 19.384811795094443, 51.693990108895377 ], [ 19.384811808854497, 51.693990109257577 ], [ 19.388989375601462, 51.693976351918188 ], [ 19.388989389354567, 51.693976351465373 ], [ 19.388989402976136, 51.693976350202185 ], [ 19.38898941634282, 51.693976348139998 ], [ 19.388989429333552, 51.693976345297564 ], [ 19.388989441830699, 51.693976341700548 ], [ 19.388989453721091, 51.693976337381592 ], [ 19.388989464897023, 51.693976332379769 ], [ 19.388989475257308, 51.693976326740369 ], [ 19.388989484708105, 51.693976320514473 ], [ 19.388989493163834, 51.693976313758519 ], [ 19.388989500547922, 51.693976306533607 ], [ 19.391058945503492, 51.691720938761556 ], [ 19.391058947302991, 51.691720937000682 ], [ 19.391058950654756, 51.691720936890263 ], [ 19.395236385496716, 51.691706957585822 ], [ 19.395236399249061, 51.69170695713229 ], [ 19.395236412869778, 51.691706955868355 ], [ 19.395236426235495, 51.691706953805486 ], [ 19.395236439225194, 51.691706950962349 ], [ 19.395236451721221, 51.691706947364686 ], [ 19.395236463610409, 51.691706943045077 ], [ 19.395236474785101, 51.691706938042678 ], [ 19.395236485144085, 51.691706932402731 ], [ 19.395236494593551, 51.69170692617633 ], [ 19.395236503047929, 51.691706919419921 ], [ 19.395236510430649, 51.691706912194618 ], [ 19.397305541441558, 51.689451434390513 ], [ 19.397305543240726, 51.689451432629511 ], [ 19.3973055465923, 51.689451432518922 ], [ 19.401482849468966, 51.689437231274319 ], [ 19.401482852822287, 51.689437231362135 ], [ 19.40148285465234, 51.68943723311078 ], [ 19.403591460319589, 51.69167850766582 ], [ 19.403591467829049, 51.691678514840476 ], [ 19.403591476401839, 51.691678521539018 ], [ 19.403591485960337, 51.691678527700773 ], [ 19.40359149641797, 51.69167853326995 ], [ 19.40359150768003, 51.691678538196093 ], [ 19.403591519644539, 51.691678542434587 ], [ 19.403591532203134, 51.691678545947063 ], [ 19.403591545242083, 51.691678548701717 ], [ 19.403591558643306, 51.691678550673601 ], [ 19.403591572285439, 51.691678551844838 ], [ 19.403591586044936, 51.691678552204827 ], [ 19.407769010588414, 51.691664127288441 ], [ 19.407769013941913, 51.691664127376079 ], [ 19.407769015772292, 51.691664129124632 ], [ 19.409878035380657, 51.693905289093877 ], [ 19.409878042891481, 51.693905296268134 ], [ 19.409878051465618, 51.693905302966208 ], [ 19.409878061025434, 51.693905309127459 ], [ 19.409878071484357, 51.693905314696067 ], [ 19.40987808274765, 51.693905319621585 ], [ 19.409878094713331, 51.69390532385944 ], [ 19.409878107273027, 51.693905327371247 ], [ 19.409878120312996, 51.693905330125205 ], [ 19.409878133715139, 51.693905332096357 ], [ 19.409878147358103, 51.693905333266862 ], [ 19.409878161118318, 51.693905333626113 ], [ 19.414055707265291, 51.693890685014232 ], [ 19.414055721018105, 51.693890684558497 ], [ 19.414055734638932, 51.693890683292395 ], [ 19.414055748004426, 51.693890681227366 ], [ 19.414055760993552, 51.693890678382161 ], [ 19.414055773488677, 51.693890674782487 ], [ 19.41405578537664, 51.693890670460981 ], [ 19.414055796549775, 51.693890665456792 ], [ 19.414055806906912, 51.693890659815189 ], [ 19.414055816354242, 51.69389065358731 ], [ 19.414055824806219, 51.69389064682953 ], [ 19.414055832186289, 51.693890639603062 ], [ 19.416123985197746, 51.69163487634691 ], [ 19.416123991438418, 51.691634868717067 ], [ 19.416123996483883, 51.691634860753098 ], [ 19.416124000288445, 51.691634852527109 ], [ 19.416124002817636, 51.691634844113622 ], [ 19.416124004048569, 51.691634835588815 ], [ 19.416124003970086, 51.691634827029866 ], [ 19.416124002582894, 51.691634818514324 ], [ 19.416123999899568, 51.691634810119304 ], [ 19.4161239959444, 51.691634801920799 ], [ 19.41612399075321, 51.691634793993082 ], [ 19.416123984373019, 51.69163478640796 ], [ 19.414014763105758, 51.689393738143288 ], [ 19.414014761550916, 51.689393736294591 ], [ 19.414014763071929, 51.68939373443505 ], [ 19.416082793792917, 51.687137884105461 ], [ 19.416082795591258, 51.687137882344196 ], [ 19.416082798942615, 51.687137882233074 ], [ 19.420259798981032, 51.687123014096983 ], [ 19.420259812731729, 51.68712301364053 ], [ 19.42025982635035, 51.687123012373704 ], [ 19.420259839713573, 51.687123010307999 ], [ 19.420259852700369, 51.687123007462091 ], [ 19.420259865193135, 51.687123003861764 ], [ 19.420259877078731, 51.687122999539646 ], [ 19.420259888249525, 51.687122994534839 ], [ 19.420259898604343, 51.687122988892718 ], [ 19.420259908049413, 51.687122982664334 ], [ 19.420259916499209, 51.687122975906078 ], [ 19.420259923877193, 51.687122968679219 ], [ 19.422327501111077, 51.68486705173494 ], [ 19.422327502909088, 51.684867049973576 ], [ 19.42232750626026, 51.684867049862284 ], [ 19.426504293968133, 51.684851960169304 ], [ 19.426504307718069, 51.68485195971212 ], [ 19.426504321335834, 51.684851958444582 ], [ 19.426504334698098, 51.684851956378154 ], [ 19.426504347683856, 51.684851953531556 ], [ 19.426504360175496, 51.684851949930568 ], [ 19.426504372059902, 51.684851945607811 ], [ 19.426504383229446, 51.684851940602428 ], [ 19.426504393582963, 51.684851934959738 ], [ 19.426504403026708, 51.684851928730843 ], [ 19.42650441147515, 51.684851921972168 ], [ 19.426504418851767, 51.684851914744897 ], [ 19.428571582311559, 51.682595887973946 ], [ 19.428571584109239, 51.682595886212475 ], [ 19.42857158746023, 51.682595886101005 ], [ 19.432748242874716, 51.682580574592379 ], [ 19.432748246227586, 51.682580574679285 ], [ 19.432748248058559, 51.682580576427448 ], [ 19.434858073656478, 51.684821289528756 ], [ 19.434858081169722, 51.684821296701436 ], [ 19.434858089745813, 51.684821303397683 ], [ 19.434858099307093, 51.684821309556909 ], [ 19.434858109766957, 51.68482131512328 ], [ 19.434858121030693, 51.684821320046424 ], [ 19.43485813299629, 51.684821324281764 ], [ 19.434858145555381, 51.684821327790893 ], [ 19.434858158594235, 51.684821330542071 ], [ 19.434858171994769, 51.684821332510381 ], [ 19.434858185635623, 51.684821333678002 ], [ 19.434858199393261, 51.684821334034339 ], [ 19.439034976000659, 51.684805798843215 ], [ 19.43903497935371, 51.684805798929943 ], [ 19.43903498118501, 51.684805800678006 ], [ 19.441145220553206, 51.687046399043197 ], [ 19.441145228067814, 51.687046406215458 ], [ 19.441145236645255, 51.687046412911258 ], [ 19.441145246207846, 51.687046419069951 ], [ 19.441145256669, 51.687046424635767 ], [ 19.441145267933962, 51.687046429558322 ], [ 19.441145279900727, 51.687046433792972 ], [ 19.441145292460924, 51.687046437301447 ], [ 19.441145305500793, 51.68704644005193 ], [ 19.441145318902247, 51.687046442019515 ], [ 19.441145332543933, 51.687046443186404 ], [ 19.441145346302289, 51.687046443542016 ], [ 19.445322244039197, 51.687030684644689 ], [ 19.445322257789595, 51.687030684185302 ], [ 19.445322271407473, 51.687030682915569 ], [ 19.445322284769503, 51.687030680847016 ], [ 19.445322297754689, 51.687030677998337 ], [ 19.44532231024543, 51.687030674395366 ], [ 19.445322322128597, 51.687030670070712 ], [ 19.445322333296584, 51.687030665063524 ], [ 19.445322343648254, 51.687030659419193 ], [ 19.44532235308986, 51.687030653188792 ], [ 19.445322361535887, 51.687030646428767 ], [ 19.445322368909864, 51.68703063920033 ], [ 19.447388693567262, 51.684774284162152 ], [ 19.447388695364292, 51.684774282400404 ], [ 19.447388698715397, 51.684774282288394 ], [ 19.451565543992292, 51.684758301299738 ], [ 19.451565547345353, 51.684758301386104 ], [ 19.451565549177136, 51.684758303133961 ], [ 19.453676403484174, 51.686998674927914 ], [ 19.453676411000743, 51.686998682099365 ], [ 19.453676419580024, 51.686998688794255 ], [ 19.453676429144302, 51.686998694951924 ], [ 19.453676439606966, 51.686998700516618 ], [ 19.453676450873274, 51.686998705437951 ], [ 19.453676462841187, 51.686998709671336 ], [ 19.453676475402329, 51.686998713178461 ], [ 19.453676488442934, 51.686998715927558 ], [ 19.453676501844917, 51.686998717893722 ], [ 19.45367651548689, 51.686998719059147 ], [ 19.453676529245332, 51.686998719413296 ], [ 19.4578534153957, 51.686982514997702 ], [ 19.457853429145946, 51.686982514536844 ], [ 19.457853442763447, 51.686982513265669 ], [ 19.457853456124887, 51.68698251119568 ], [ 19.457853469109264, 51.686982508345622 ], [ 19.457853481598988, 51.686982504741309 ], [ 19.45785349348094, 51.686982500415397 ], [ 19.457853504647524, 51.68698249540703 ], [ 19.45785351499762, 51.68698248976159 ], [ 19.457853524437482, 51.686982483530187 ], [ 19.457853532881632, 51.686982476769266 ], [ 19.457853540253595, 51.686982469540055 ], [ 19.459919238389389, 51.684725895617738 ], [ 19.459919240185929, 51.684725893855799 ], [ 19.459919243536987, 51.684725893743419 ], [ 19.464096077067445, 51.684709467256575 ], [ 19.464096080420529, 51.684709467342586 ], [ 19.464096082252791, 51.684709469090251 ], [ 19.466207551331181, 51.686949614207293 ], [ 19.466207558849721, 51.686949621377934 ], [ 19.466207567430828, 51.686949628071893 ], [ 19.466207576996794, 51.686949634228533 ], [ 19.466207587460982, 51.686949639792118 ], [ 19.466207598728623, 51.686949644712257 ], [ 19.46620761069768, 51.686949648944363 ], [ 19.466207623259766, 51.686949652450124 ], [ 19.466207636301114, 51.686949655197843 ], [ 19.466207649703613, 51.686949657162558 ], [ 19.466207663345887, 51.686949658326519 ], [ 19.4662076771044, 51.686949658679204 ], [ 19.47038463144164, 51.686933008427573 ], [ 19.470384634794897, 51.686933008513414 ], [ 19.470384636627493, 51.686933010260979 ], [ 19.472496560018957, 51.68917308340901 ], [ 19.472496561576161, 51.689173085256918 ], [ 19.472496560057557, 51.689173087117204 ], [ 19.470431287755275, 51.691429879412595 ], [ 19.470431281523773, 51.691429887045295 ], [ 19.470431276487883, 51.691429895011552 ], [ 19.470431272693197, 51.691429903239282 ], [ 19.470431270174092, 51.69142991165392 ], [ 19.470431268953373, 51.691429920179282 ], [ 19.470431269042095, 51.691429928738145 ], [ 19.470431270439462, 51.691429937253019 ], [ 19.470431273132817, 51.691429945646789 ], [ 19.470431277097767, 51.691429953843446 ], [ 19.470431282298399, 51.691429961768733 ], [ 19.470431288687625, 51.691429969350878 ], [ 19.472543344105379, 51.693669953500311 ], [ 19.472543351626037, 51.693669960670555 ], [ 19.472543360209357, 51.693669967364009 ], [ 19.4725433697776, 51.693669973520144 ], [ 19.472543380244112, 51.693669979083154 ], [ 19.472543391514112, 51.693669984002661 ], [ 19.472543403485542, 51.693669988234113 ], [ 19.47254341604997, 51.693669991739213 ], [ 19.47254342909363, 51.6936699944862 ], [ 19.472543442498385, 51.693669996450197 ], [ 19.472543456142841, 51.693669997613419 ], [ 19.472543469903432, 51.693669997965344 ], [ 19.476721039003781, 51.693653120894631 ], [ 19.476721042357546, 51.693653120980294 ], [ 19.476721044190654, 51.69365312272776 ], [ 19.478833554080989, 51.695893034845795 ], [ 19.478833561603011, 51.695893042015626 ], [ 19.478833570187678, 51.695893048708648 ], [ 19.478833579757243, 51.695893054864257 ], [ 19.47883359022504, 51.695893060426691 ], [ 19.47883360149627, 51.695893065345579 ], [ 19.478833613468865, 51.695893069576407 ], [ 19.478833626034397, 51.695893073080811 ], [ 19.47883363907907, 51.695893075827094 ], [ 19.478833652484752, 51.695893077790387 ], [ 19.478833666130029, 51.695893078952871 ], [ 19.478833679891341, 51.695893079304042 ], [ 19.483011449830947, 51.695875978048832 ], [ 19.483011453184886, 51.695875978134289 ], [ 19.483011455018335, 51.695875979881677 ], [ 19.485124378933879, 51.698115776968962 ], [ 19.485124386457265, 51.698115784138366 ], [ 19.485124395043279, 51.698115790830904 ], [ 19.485124404614158, 51.698115796986002 ], [ 19.485124415083241, 51.698115802547854 ], [ 19.485124426355711, 51.698115807466159 ], [ 19.485124438329471, 51.698115811696347 ], [ 19.485124450896098, 51.698115815200062 ], [ 19.485124463941787, 51.698115817945649 ], [ 19.485124477348393, 51.69811581990821 ], [ 19.485124490994497, 51.698115821069969 ], [ 19.485124504756524, 51.698115821420402 ], [ 19.489302395363548, 51.698098496279222 ], [ 19.489302409116821, 51.698098495814676 ], [ 19.489302422736753, 51.698098494539856 ], [ 19.489302436100004, 51.698098492466286 ], [ 19.489302449085557, 51.69809848961274 ], [ 19.489302461575807, 51.698098486005122 ], [ 19.489302473457649, 51.698098481676027 ], [ 19.489302484623472, 51.698098476664683 ], [ 19.489302494972158, 51.698098471016479 ], [ 19.489302504409991, 51.698098464782575 ], [ 19.489302512851495, 51.698098458019409 ], [ 19.489302520220225, 51.698098450788244 ], [ 19.491367152964653, 51.695841331005411 ], [ 19.491367154760404, 51.695841329242988 ], [ 19.491367158112205, 51.695841329129713 ], [ 19.495544915487635, 51.695823782216657 ], [ 19.49554492924015, 51.695823781751372 ], [ 19.495544942859215, 51.695823780475827 ], [ 19.495544956221504, 51.695823778401547 ], [ 19.495544969206012, 51.695823775547318 ], [ 19.495544981695144, 51.695823771939033 ], [ 19.495544993575788, 51.695823767609298 ], [ 19.495545004740357, 51.695823762597385 ], [ 19.495545015087746, 51.695823756948627 ], [ 19.495545024524247, 51.695823750714219 ], [ 19.495545032964394, 51.695823743950612 ], [ 19.495545040331763, 51.695823736719056 ], [ 19.497609259055299, 51.693566507461043 ], [ 19.497609260850723, 51.693566505698534 ], [ 19.497609264202339, 51.693566505585061 ], [ 19.501786888286244, 51.693548736925123 ], [ 19.501786891640037, 51.693548737010076 ], [ 19.501786893474108, 51.693548738757158 ], [ 19.503900632705587, 51.695788196847161 ], [ 19.503900640231539, 51.695788204015351 ], [ 19.503900648819869, 51.695788210706525 ], [ 19.503900658392794, 51.695788216860095 ], [ 19.503900668863626, 51.695788222420283 ], [ 19.50390068013753, 51.695788227336763 ], [ 19.503900692112417, 51.695788231565025 ], [ 19.50390070467984, 51.695788235066757 ], [ 19.50390071772598, 51.695788237810255 ], [ 19.503900731132688, 51.695788239770657 ], [ 19.503900744778559, 51.695788240930241 ], [ 19.50390075854002, 51.695788241278478 ], [ 19.508078422916434, 51.695770249051471 ], [ 19.508078436668789, 51.695770248584722 ], [ 19.508078450287474, 51.695770247307728 ], [ 19.508078463649166, 51.695770245232019 ], [ 19.508078476632857, 51.695770242376433 ], [ 19.508078489120969, 51.695770238766805 ], [ 19.508078501000391, 51.695770234435805 ], [ 19.508078512163561, 51.695770229422685 ], [ 19.508078522509368, 51.695770223772833 ], [ 19.508078531944129, 51.695770217537429 ], [ 19.508078540382396, 51.695770210772928 ], [ 19.508078547747747, 51.695770203540604 ], [ 19.510142099432748, 51.693512799052002 ], [ 19.510142105657838, 51.69351279141722 ], [ 19.510142110686981, 51.693512783449272 ], [ 19.510142114474625, 51.693512775220292 ], [ 19.510142116986479, 51.693512766804822 ], [ 19.510142118199784, 51.693512758279077 ], [ 19.510142118103563, 51.693512749720256 ], [ 19.510142116698681, 51.693512741205879 ], [ 19.510142113997865, 51.693512732813048 ], [ 19.510142110025566, 51.693512724617769 ], [ 19.510142104817767, 51.693512716694265 ], [ 19.510142098421625, 51.69351270911428 ], [ 19.508028158732238, 51.691273362997414 ], [ 19.508028157173516, 51.691273361149982 ], [ 19.50802815869072, 51.691273359289227 ], [ 19.510091589109784, 51.689015867926472 ], [ 19.510091590904537, 51.689015866163764 ], [ 19.510091594255787, 51.689015866049957 ], [ 19.514268711278778, 51.688997655031883 ], [ 19.514268725029016, 51.688997654564417 ], [ 19.514268738645491, 51.688997653286719 ], [ 19.514268752004906, 51.688997651210308 ], [ 19.514268764986266, 51.688997648354018 ], [ 19.514268777472015, 51.688997644743736 ], [ 19.514268789349082, 51.68899764041214 ], [ 19.514268800509893, 51.68899763539843 ], [ 19.514268810853395, 51.68899762974803 ], [ 19.514268820285892, 51.688997623512101 ], [ 19.514268828721985, 51.688997616747166 ], [ 19.514268836085265, 51.688997609514452 ], [ 19.516331813082559, 51.686740052098123 ], [ 19.516331814876985, 51.686740050335317 ], [ 19.516331818228043, 51.686740050221331 ], [ 19.520508801792442, 51.68672161755282 ], [ 19.52050880514577, 51.686721617637225 ], [ 19.520508806980274, 51.686721619384009 ], [ 19.522623147262465, 51.688960741530167 ], [ 19.522623154790232, 51.688960748697191 ], [ 19.522623163380011, 51.688960755387008 ], [ 19.522623172954024, 51.688960761539036 ], [ 19.522623183425551, 51.688960767097562 ], [ 19.522623194699769, 51.688960772012273 ], [ 19.522623206674581, 51.688960776238616 ], [ 19.522623219241535, 51.688960779738352 ], [ 19.522623232286829, 51.688960782479775 ], [ 19.522623245692312, 51.688960784438052 ], [ 19.522623259336594, 51.688960785595448 ], [ 19.522623273096105, 51.688960785941511 ], [ 19.526800296654542, 51.688942129734272 ], [ 19.526800310404617, 51.688942129265328 ], [ 19.526800324020719, 51.688942127986181 ], [ 19.526800337379534, 51.688942125908341 ], [ 19.52680035036008, 51.688942123050694 ], [ 19.52680036284481, 51.688942119439069 ], [ 19.526800374720658, 51.688942115106201 ], [ 19.526800385880058, 51.688942110091297 ], [ 19.526800396221972, 51.688942104439803 ], [ 19.526800405652736, 51.688942098202894 ], [ 19.526800414086949, 51.688942091437056 ], [ 19.526800421448204, 51.688942084203546 ], [ 19.52886277098964, 51.686684308483407 ], [ 19.528862772783569, 51.686684306720416 ], [ 19.528862776134599, 51.686684306606068 ], [ 19.533039746174325, 51.686665428420874 ], [ 19.533039749527667, 51.686665428504924 ], [ 19.533039751362654, 51.686665430251502 ], [ 19.53515474612956, 51.688904368054146 ], [ 19.535154747689305, 51.68890436990123 ], [ 19.535154746173287, 51.68890437176232 ], [ 19.533092610398835, 51.691162256479544 ], [ 19.533092604177931, 51.691162264115519 ], [ 19.53309259915309, 51.691162272084448 ], [ 19.533092595369805, 51.69116228031416 ], [ 19.533092592862342, 51.691162288730105 ], [ 19.533092591653407, 51.691162297256078 ], [ 19.533092591753949, 51.691162305814871 ], [ 19.533092593163062, 51.691162314328956 ], [ 19.533092595867981, 51.691162322721262 ], [ 19.533092599844199, 51.691162330915766 ], [ 19.533092605055732, 51.691162338838254 ], [ 19.533092611455359, 51.691162346416966 ], [ 19.535207738927145, 51.693401195081762 ], [ 19.53520774645763, 51.693401202247955 ], [ 19.535207755050106, 51.69340120893682 ], [ 19.535207764626751, 51.693401215087803 ], [ 19.535207775100844, 51.693401220645214 ], [ 19.535207786377526, 51.693401225558688 ], [ 19.535207798354673, 51.69340122978376 ], [ 19.535207810923822, 51.693401233282131 ], [ 19.535207823971145, 51.693401236022133 ], [ 19.535207837378472, 51.693401237978996 ], [ 19.535207851024403, 51.693401239134921 ], [ 19.535207864785342, 51.693401239479492 ], [ 19.539385288545059, 51.693382134675907 ], [ 19.539385302296338, 51.6933821342055 ], [ 19.539385315913403, 51.693382132924874 ], [ 19.539385329272932, 51.693382130845627 ], [ 19.539385342253951, 51.693382127986567 ], [ 19.539385354738883, 51.69338212437362 ], [ 19.539385366614678, 51.693382120039466 ], [ 19.539385377773772, 51.69338211502339 ], [ 19.539385388115118, 51.693382109370795 ], [ 19.539385397545061, 51.693382103132876 ], [ 19.539385405978205, 51.693382096366143 ], [ 19.539385413338174, 51.693382089131866 ], [ 19.541447335237997, 51.691124095427284 ], [ 19.541447337031613, 51.691124093664115 ], [ 19.541447340382934, 51.691124093549391 ], [ 19.545624710423951, 51.691104766752652 ], [ 19.545624713777638, 51.691104766836332 ], [ 19.54562471561329, 51.691104768582733 ], [ 19.547740497560405, 51.693343432762646 ], [ 19.547740505092857, 51.693343439928015 ], [ 19.54774051368716, 51.69334344661597 ], [ 19.547740523265485, 51.69334345276593 ], [ 19.547740533741088, 51.693343458322211 ], [ 19.547740545019103, 51.693343463234484 ], [ 19.547740556997397, 51.69334346745827 ], [ 19.54774056956748, 51.693343470955291 ], [ 19.547740582615532, 51.693343473693908 ], [ 19.547740596023374, 51.693343475649328 ], [ 19.547740609669592, 51.693343476803818 ], [ 19.547740623430599, 51.693343477146911 ], [ 19.551918113281189, 51.693323926365395 ], [ 19.551918116635058, 51.693323926448905 ], [ 19.551918118471033, 51.693323928195177 ], [ 19.554034314364348, 51.695562476962728 ], [ 19.554034321898158, 51.695562484127699 ], [ 19.554034330493813, 51.695562490815192 ], [ 19.55403434007345, 51.695562496964641 ], [ 19.554034350550339, 51.695562502520346 ], [ 19.554034361829586, 51.695562507432008 ], [ 19.554034373809042, 51.69556251165514 ], [ 19.554034386380231, 51.695562515151487 ], [ 19.554034399429295, 51.695562517889392 ], [ 19.554034412838057, 51.695562519844096 ], [ 19.554034426485096, 51.695562520997854 ], [ 19.55403444024682, 51.695562521340207 ], [ 19.558212049843121, 51.695542746550338 ], [ 19.558212063594841, 51.695542746077734 ], [ 19.558212077212005, 51.695542744794942 ], [ 19.558212090571296, 51.695542742713535 ], [ 19.558212103551721, 51.695542739852399 ], [ 19.558212116035737, 51.695542736237456 ], [ 19.558212127910277, 51.695542731901412 ], [ 19.558212139067813, 51.695542726883552 ], [ 19.558212149407293, 51.695542721229295 ], [ 19.558212158835076, 51.695542714989877 ], [ 19.5582121672658, 51.695542708221801 ], [ 19.558212174623108, 51.695542700986358 ], [ 19.560273254453001, 51.693284380220256 ], [ 19.560273256245964, 51.693284378456795 ], [ 19.560273259597388, 51.693284378341545 ], [ 19.564450815215316, 51.693264381571332 ], [ 19.564450818569195, 51.693264381654508 ], [ 19.564450820405661, 51.693264383400589 ], [ 19.566567670636044, 51.695502747495127 ], [ 19.566567672197291, 51.695502749341777 ], [ 19.566567670682346, 51.695502751203279 ], [ 19.564506805101587, 51.697761180900187 ], [ 19.564506798885098, 51.697761188537825 ], [ 19.564506793865057, 51.697761196508068 ], [ 19.564506790086934, 51.697761204738775 ], [ 19.564506787584946, 51.697761213155346 ], [ 19.564506786381756, 51.697761221681617 ], [ 19.564506786488241, 51.697761230240374 ], [ 19.564506787903465, 51.697761238754047 ], [ 19.56450679061459, 51.697761247145579 ], [ 19.564506794597069, 51.697761255338996 ], [ 19.564506799814833, 51.697761263260062 ], [ 19.564506806220638, 51.697761270837042 ], [ 19.566623789566901, 51.699999545723742 ], [ 19.566623797103443, 51.699999552887896 ], [ 19.566623805701788, 51.699999559574444 ], [ 19.566623815284071, 51.699999565722855 ], [ 19.566623825763518, 51.699999571277424 ], [ 19.566623837045224, 51.699999576187864 ], [ 19.566623849027021, 51.699999580409703 ], [ 19.566623861600402, 51.699999583904699 ], [ 19.566623874651491, 51.699999586641233 ], [ 19.5666238880621, 51.699999588594451 ], [ 19.566623901710784, 51.699999589746746 ], [ 19.566623915473933, 51.699999590087629 ], [ 19.570802004724015, 51.699979366034242 ], [ 19.570802008078399, 51.699979366117191 ], [ 19.570802009915383, 51.699979367863186 ], [ 19.572919447955567, 51.702217570125214 ], [ 19.572919455493469, 51.702217577288934 ], [ 19.572919464093161, 51.70221758397502 ], [ 19.57291947367677, 51.702217590122913 ], [ 19.572919484157499, 51.70221759567692 ], [ 19.572919495440431, 51.702217600586749 ], [ 19.572919507423396, 51.702217604807934 ], [ 19.572919519997868, 51.702217608302249 ], [ 19.572919533049969, 51.702217611038066 ], [ 19.572919546461502, 51.702217612990587 ], [ 19.572919560111011, 51.702217614142135 ], [ 19.572919573874874, 51.702217614482294 ], [ 19.577097782690096, 51.702197166328524 ], [ 19.577097796443621, 51.70219716585369 ], [ 19.577097810062234, 51.702197164568695 ], [ 19.577097823422598, 51.702197162485163 ], [ 19.577097836403713, 51.702197159621932 ], [ 19.577097848888034, 51.702197156004971 ], [ 19.577097860762489, 51.702197151667036 ], [ 19.577097871919552, 51.702197146647393 ], [ 19.577097882258172, 51.70219714099148 ], [ 19.57709789168473, 51.70219713475057 ], [ 19.577097900113852, 51.702197127981144 ], [ 19.577097907469209, 51.702197120744515 ], [ 19.579158344228567, 51.699938473215276 ], [ 19.579158346021057, 51.699938471451524 ], [ 19.579158349372921, 51.699938471335741 ], [ 19.583336423791742, 51.699917801576802 ], [ 19.583336437544499, 51.699917801101257 ], [ 19.583336451162246, 51.699917799815537 ], [ 19.583336464521643, 51.699917797731295 ], [ 19.58333647750171, 51.699917794867382 ], [ 19.583336489984909, 51.699917791249767 ], [ 19.583336501858163, 51.699917786911179 ], [ 19.583336513013979, 51.699917781890939 ], [ 19.583336523351299, 51.699917776234514 ], [ 19.583336532776521, 51.699917769993078 ], [ 19.583336541204286, 51.699917763223219 ], [ 19.583336548558275, 51.699917755986206 ], [ 19.585396571222415, 51.697658999467542 ], [ 19.585396573014574, 51.697658997703698 ], [ 19.585396576366257, 51.697658997587716 ], [ 19.58957443621534, 51.697638106650814 ], [ 19.589574449967348, 51.697638106174523 ], [ 19.589574463584221, 51.697638104888107 ], [ 19.589574476942659, 51.69763810280314 ], [ 19.589574489921674, 51.697638099938537 ], [ 19.589574502403735, 51.697638096320276 ], [ 19.589574514275803, 51.697638091981055 ], [ 19.589574525430358, 51.697638086960232 ], [ 19.589574535766378, 51.697638081303246 ], [ 19.589574545190267, 51.697638075061306 ], [ 19.589574553616682, 51.697638068291006 ], [ 19.589574560969307, 51.697638061053617 ], [ 19.591634169594691, 51.695379195590036 ], [ 19.591634171386517, 51.695379193826092 ], [ 19.591634174738015, 51.695379193709968 ], [ 19.595811819966116, 51.695358081631561 ], [ 19.595811833717352, 51.695358081154566 ], [ 19.595811847333358, 51.695358079867397 ], [ 19.595811860690834, 51.695358077781719 ], [ 19.595811873668804, 51.695358074916449 ], [ 19.59581188614974, 51.695358071297527 ], [ 19.595811898020607, 51.695358066957681 ], [ 19.595811909173911, 51.695358061936261 ], [ 19.595811919508627, 51.695358056278735 ], [ 19.595811928931187, 51.695358050036312 ], [ 19.595811937356249, 51.69535804326555 ], [ 19.595811944707506, 51.695358036027756 ], [ 19.597871139350612, 51.693099061663823 ], [ 19.597871141142107, 51.693099059899794 ], [ 19.597871144493421, 51.693099059783464 ], [ 19.602048655154803, 51.693077726189564 ], [ 19.602048658508728, 51.693077726271653 ], [ 19.602048660346622, 51.693077728017158 ], [ 19.604167310199131, 51.695315365775976 ], [ 19.604167317740792, 51.695315372937706 ], [ 19.604167326343749, 51.695315379621505 ], [ 19.604167335930104, 51.695315385766833 ], [ 19.604167346413032, 51.695315391318069 ], [ 19.604167357697602, 51.695315396224892 ], [ 19.604167369681619, 51.695315400442908 ], [ 19.604167382256549, 51.695315403933868 ], [ 19.604167395308522, 51.695315406666225 ], [ 19.604167408719324, 51.695315408615187 ], [ 19.604167422367517, 51.695315409763104 ], [ 19.60416743612949, 51.695315410099596 ], [ 19.608345065885018, 51.695293852388907 ], [ 19.608345069239121, 51.69529385247079 ], [ 19.608345071077352, 51.695293854216196 ], [ 19.610464134906806, 51.697531376233933 ], [ 19.610464142449825, 51.697531383395237 ], [ 19.610464151054131, 51.697531390078566 ], [ 19.610464160641808, 51.697531396223397 ], [ 19.610464171126019, 51.697531401774043 ], [ 19.610464182411814, 51.697531406680234 ], [ 19.610464194396997, 51.697531410897611 ], [ 19.610464206973028, 51.697531414387903 ], [ 19.61046422002601, 51.697531417119556 ], [ 19.610464233437732, 51.697531419067801 ], [ 19.610464247086746, 51.697531420214972 ], [ 19.61046426084943, 51.697531420550739 ], [ 19.614642089748148, 51.697509638280671 ], [ 19.614642093102418, 51.697509638362376 ], [ 19.614642094940983, 51.697509640107675 ], [ 19.616761613443202, 51.699747089243189 ], [ 19.616761615006631, 51.699747091089172 ], [ 19.616761613493612, 51.699747092951306 ], [ 19.614703063351804, 51.702006393743964 ], [ 19.614703057143213, 51.702006401384217 ], [ 19.614703052131546, 51.702006409356578 ], [ 19.614703048362198, 51.702006417588855 ], [ 19.614703045869312, 51.70200642600647 ], [ 19.614703044675448, 51.702006434533224 ], [ 19.614703044791426, 51.702006443091875 ], [ 19.614703046216199, 51.70200645160493 ], [ 19.614703048936857, 51.70200645999526 ], [ 19.614703052928768, 51.70200646818693 ], [ 19.614703058155779, 51.702006476105723 ], [ 19.614703064570548, 51.702006483679952 ], [ 19.616822716778682, 51.704243843495554 ], [ 19.616822724323828, 51.704243850656425 ], [ 19.616822732930352, 51.704243857339272 ], [ 19.616822742520309, 51.704243863483569 ], [ 19.616822753006847, 51.704243869033633 ], [ 19.616822764295009, 51.704243873939241 ], [ 19.616822776282557, 51.704243878155921 ], [ 19.616822788860929, 51.704243881645532 ], [ 19.616822801916232, 51.704243884376446 ], [ 19.616822815330202, 51.704243886323965 ], [ 19.616822828981391, 51.704243887470398 ], [ 19.616822842746153, 51.704243887805418 ], [ 19.621001284864583, 51.704221877412252 ], [ 19.621001288219361, 51.704221877493779 ], [ 19.621001290058441, 51.704221879238972 ], [ 19.62312143775506, 51.706459209011157 ], [ 19.623121439318986, 51.706459210857034 ], [ 19.623121437806006, 51.70645921271926 ], [ 19.621062903632318, 51.708718622318401 ], [ 19.621062897423894, 51.708718629958987 ], [ 19.621062892412613, 51.708718637931604 ], [ 19.621062888643877, 51.708718646164101 ], [ 19.621062886151805, 51.708718654581823 ], [ 19.621062884958974, 51.708718663108634 ], [ 19.621062885076185, 51.708718671667263 ], [ 19.621062886502369, 51.708718680180212 ], [ 19.621062889224618, 51.708718688570407 ], [ 19.621062893218276, 51.708718696761849 ], [ 19.621062898447178, 51.708718704680336 ], [ 19.621062904863962, 51.708718712254182 ], [ 19.623183227067635, 51.710955995593501 ], [ 19.623183228631721, 51.710955997439392 ], [ 19.623183227118592, 51.710955999301596 ], [ 19.621124493812658, 51.713215408917755 ], [ 19.621124487603627, 51.71321541655832 ], [ 19.62112448259187, 51.713215424530951 ], [ 19.621124478822779, 51.713215432763413 ], [ 19.621124476330486, 51.713215441181148 ], [ 19.621124475137552, 51.713215449707953 ], [ 19.621124475254785, 51.713215458266582 ], [ 19.621124476681139, 51.713215466779523 ], [ 19.621124479403669, 51.713215475169697 ], [ 19.621124483397743, 51.713215483361139 ], [ 19.621124488627185, 51.71321549127962 ], [ 19.621124495044622, 51.713215498853458 ], [ 19.623244991799744, 51.715452735760508 ], [ 19.623244999347783, 51.715452742920952 ], [ 19.62324500795739, 51.715452749603315 ], [ 19.623245017550598, 51.715452755747059 ], [ 19.623245028040518, 51.715452761296518 ], [ 19.623245039332172, 51.71545276620148 ], [ 19.623245051323284, 51.7154527704175 ], [ 19.623245063905266, 51.715452773906399 ], [ 19.623245076964171, 51.715452776636589 ], [ 19.623245090381733, 51.715452778583348 ], [ 19.623245104036453, 51.715452779729027 ], [ 19.623245117804668, 51.715452780063259 ], [ 19.627424587696044, 51.715430537872976 ], [ 19.627424591051668, 51.715430537954326 ], [ 19.627424592891447, 51.715430539699426 ], [ 19.629545585434233, 51.717667746476451 ], [ 19.629545586998805, 51.717667748322256 ], [ 19.629545585485719, 51.717667750184532 ], [ 19.627486868323459, 51.719927268650821 ], [ 19.627486862114598, 51.719927276291713 ], [ 19.627486857103225, 51.7199272842646 ], [ 19.627486853334737, 51.71992729249726 ], [ 19.627486850843269, 51.719927300915124 ], [ 19.627486849651365, 51.719927309441971 ], [ 19.627486849769834, 51.719927318000579 ], [ 19.627486851197599, 51.719927326513435 ], [ 19.627486853921727, 51.719927334903439 ], [ 19.627486857917546, 51.719927343094646 ], [ 19.627486863148878, 51.719927351012828 ], [ 19.62748686956834, 51.719927358586304 ], [ 19.629607996146152, 51.722164476014775 ], [ 19.629608003696323, 51.722164483174801 ], [ 19.629608012308143, 51.722164489856667 ], [ 19.629608021903639, 51.722164495999877 ], [ 19.629608032395897, 51.722164501548768 ], [ 19.62960804368991, 51.722164506453105 ], [ 19.629608055683381, 51.722164510668463 ], [ 19.629608068267714, 51.72216451415666 ], [ 19.629608081328939, 51.722164516886139 ], [ 19.629608094748761, 51.722164518832159 ], [ 19.629608108405659, 51.722164519977085 ], [ 19.629608122175949, 51.722164520310578 ], [ 19.633788205752857, 51.722142049744797 ], [ 19.633788209108992, 51.722142049825955 ], [ 19.633788210949287, 51.722142051570948 ], [ 19.635909833497962, 51.724379138801467 ], [ 19.635909835063032, 51.72437914064718 ], [ 19.635909833549984, 51.724379142509534 ], [ 19.633851132701611, 51.726638769851576 ], [ 19.633851126492914, 51.726638777492809 ], [ 19.633851121481936, 51.726638785465944 ], [ 19.633851117714062, 51.726638793698783 ], [ 19.633851115223418, 51.726638802116781 ], [ 19.633851114032549, 51.726638810643678 ], [ 19.633851114152243, 51.726638819202272 ], [ 19.633851115581425, 51.726638827715036 ], [ 19.633851118307142, 51.726638836104875 ], [ 19.633851122304719, 51.726638844295834 ], [ 19.633851127537941, 51.726638852213711 ], [ 19.633851133959425, 51.726638859786846 ], [ 19.635972931372798, 51.728875900551152 ], [ 19.635972932938028, 51.728875902396851 ], [ 19.635972931424842, 51.728875904259226 ], [ 19.633914031404249, 51.731135531654594 ], [ 19.633914025194951, 51.731135539295813 ], [ 19.633914020183497, 51.731135547268956 ], [ 19.633914016415268, 51.731135555501808 ], [ 19.633914013924397, 51.731135563919793 ], [ 19.633914012733428, 51.731135572446682 ], [ 19.633914012853154, 51.731135581005262 ], [ 19.633914014282492, 51.731135589518018 ], [ 19.633914017008504, 51.731135597907851 ], [ 19.633914021006493, 51.731135606098803 ], [ 19.633914026240252, 51.731135614016686 ], [ 19.633914032662386, 51.731135621589793 ], [ 19.636036045678274, 51.733372658785065 ], [ 19.63603604724366, 51.733372660630778 ], [ 19.636036045730325, 51.733372662493139 ], [ 19.633976946486353, 51.735632289942245 ], [ 19.633976940276455, 51.735632297583479 ], [ 19.633976935264521, 51.735632305556592 ], [ 19.633976931495937, 51.735632313789473 ], [ 19.633976929004834, 51.735632322207429 ], [ 19.633976927813769, 51.735632330734326 ], [ 19.633976927933531, 51.735632339292906 ], [ 19.633976929363026, 51.735632347805648 ], [ 19.633976932089325, 51.735632356195481 ], [ 19.633976936087727, 51.735632364386426 ], [ 19.633976941322025, 51.735632372304273 ], [ 19.633976947744816, 51.735632379877366 ], [ 19.636099176420036, 51.737869413503319 ], [ 19.636099177985589, 51.737869415349024 ], [ 19.636099176472104, 51.737869417211378 ], [ 19.634039877953573, 51.740129044714671 ], [ 19.634039871743074, 51.740129052355904 ], [ 19.63403986673066, 51.740129060329039 ], [ 19.634039862961721, 51.74012906856187 ], [ 19.634039860470391, 51.740129076979855 ], [ 19.634039859279227, 51.740129085506744 ], [ 19.634039859399017, 51.740129094065317 ], [ 19.634039860828679, 51.740129102578045 ], [ 19.634039863555266, 51.740129110967864 ], [ 19.634039867554083, 51.740129119158802 ], [ 19.634039872788922, 51.740129127076656 ], [ 19.634039879212366, 51.740129134649749 ], [ 19.636162323603767, 51.742366164706013 ], [ 19.636162325169472, 51.742366166551733 ], [ 19.636162323655849, 51.742366168414101 ], [ 19.634102786317086, 51.744625839301783 ], [ 19.634102784524991, 51.74462584106633 ], [ 19.634102781169975, 51.744625841183698 ], [ 19.629920623179334, 51.744648329775643 ], [ 19.629920609413539, 51.744648330256702 ], [ 19.629920595783727, 51.744648331547843 ], [ 19.629920582413348, 51.744648333637429 ], [ 19.629920569423476, 51.744648336506472 ], [ 19.629920556931751, 51.744648340129054 ], [ 19.629920545051313, 51.744648344472317 ], [ 19.629920533889731, 51.744648349496956 ], [ 19.629920523548101, 51.744648355157487 ], [ 19.629920514120069, 51.744648361402604 ], [ 19.629920505691032, 51.74464836817576 ], [ 19.629920498337313, 51.744648375415636 ], [ 19.62786062483865, 51.746907850771926 ], [ 19.627860618626194, 51.746907858412825 ], [ 19.627860613611951, 51.746907866385691 ], [ 19.627860609841335, 51.746907874618344 ], [ 19.627860607348484, 51.746907883036179 ], [ 19.627860606155991, 51.746907891562991 ], [ 19.627860606274645, 51.746907900121542 ], [ 19.627860607703372, 51.74690790863437 ], [ 19.627860610429231, 51.746907917024316 ], [ 19.627860614427544, 51.746907925215446 ], [ 19.627860619662094, 51.746907933133571 ], [ 19.627860626085482, 51.74690794070699 ], [ 19.629983046117033, 51.749145036830384 ], [ 19.629983053671793, 51.749145043990339 ], [ 19.62998306228884, 51.749145050672134 ], [ 19.629983071890123, 51.749145056815259 ], [ 19.629983082388708, 51.749145062364072 ], [ 19.629983093689511, 51.749145067268309 ], [ 19.629983105690194, 51.749145071483596 ], [ 19.62998311828207, 51.749145074971722 ], [ 19.629983131351107, 51.749145077701122 ], [ 19.629983144778951, 51.749145079647057 ], [ 19.629983158444002, 51.749145080791912 ], [ 19.629983172222499, 51.74914508112532 ], [ 19.634165745420038, 51.749122588926006 ], [ 19.634165748778166, 51.749122589007136 ], [ 19.634165750619587, 51.749122590752123 ], [ 19.636288626609954, 51.751359613668996 ], [ 19.636288634166082, 51.751359620828538 ], [ 19.636288642784478, 51.751359627509864 ], [ 19.636288652387091, 51.751359633652477 ], [ 19.636288662886955, 51.751359639200722 ], [ 19.636288674188989, 51.751359644104348 ], [ 19.636288686190841, 51.751359648318981 ], [ 19.636288698783812, 51.751359651806418 ], [ 19.636288711853865, 51.751359654535115 ], [ 19.636288725282636, 51.751359656480332 ], [ 19.636288738948505, 51.751359657624448 ], [ 19.636288752727715, 51.75135965795711 ], [ 19.640471525353462, 51.751336940697534 ], [ 19.640471528711767, 51.751336940778508 ], [ 19.640471530553519, 51.751336942523366 ], [ 19.642594862573894, 51.753573892183645 ], [ 19.642594864140257, 51.753573894029252 ], [ 19.64259486262652, 51.753573895891712 ], [ 19.640535142420003, 51.755833675827773 ], [ 19.640535140627712, 51.755833677592427 ], [ 19.640535137271886, 51.75583367770998 ], [ 19.636351949279842, 51.755856398613815 ], [ 19.636351935510707, 51.755856399095627 ], [ 19.636351921877722, 51.755856400387536 ], [ 19.636351908504331, 51.755856402477825 ], [ 19.636351895511666, 51.755856405347622 ], [ 19.63635188301738, 51.755856408970857 ], [ 19.636351871134629, 51.755856413314795 ], [ 19.636351859971011, 51.755856418340031 ], [ 19.636351849627648, 51.755856424001102 ], [ 19.636351840198188, 51.755856430246752 ], [ 19.636351831768046, 51.755856437020363 ], [ 19.636351824413548, 51.755856444260608 ], [ 19.634291728280669, 51.75811607198407 ], [ 19.634291726488051, 51.758116073748646 ], [ 19.634291723132034, 51.758116073866006 ], [ 19.630108319196218, 51.758138573282217 ], [ 19.630108305426315, 51.758138573763304 ], [ 19.63010829179246, 51.758138575054481 ], [ 19.630108278418106, 51.758138577144067 ], [ 19.630108265424386, 51.758138580013153 ], [ 19.630108252928967, 51.758138583635755 ], [ 19.630108241045011, 51.758138587979062 ], [ 19.63010822988014, 51.758138593003714 ], [ 19.630108219535462, 51.758138598664218 ], [ 19.630108210104673, 51.758138604909377 ], [ 19.630108201673167, 51.758138611682533 ], [ 19.630108194317298, 51.758138618922409 ], [ 19.628047682707095, 51.760398137721182 ], [ 19.628047680914143, 51.760398139485652 ], [ 19.628047677557934, 51.760398139602856 ], [ 19.623864057729637, 51.760420417494778 ], [ 19.623864043958971, 51.760420417975119 ], [ 19.623864030324242, 51.760420419265579 ], [ 19.623864016948925, 51.760420421354468 ], [ 19.623864003954147, 51.760420424222865 ], [ 19.623863991457593, 51.760420427844799 ], [ 19.623863979572437, 51.760420432187459 ], [ 19.623863968406308, 51.760420437211536 ], [ 19.623863958060326, 51.760420442871521 ], [ 19.623863948628195, 51.760420449116154 ], [ 19.623863940195324, 51.76042045588887 ], [ 19.623863932838095, 51.760420463128362 ], [ 19.621803045215511, 51.762679829632198 ], [ 19.621803038999886, 51.762679837272763 ], [ 19.62180303398285, 51.762679845245358 ], [ 19.62180303020984, 51.762679853477792 ], [ 19.621803027715025, 51.762679861895485 ], [ 19.621803026521, 51.762679870422225 ], [ 19.62180302663857, 51.762679878980769 ], [ 19.621803028066683, 51.762679887493618 ], [ 19.6218030307924, 51.762679895883714 ], [ 19.621803034791036, 51.762679904075029 ], [ 19.621803040026375, 51.762679911993416 ], [ 19.621803046451014, 51.76267991956712 ], [ 19.623925914287629, 51.764917117614239 ], [ 19.623925921844094, 51.764917124774577 ], [ 19.623925930463269, 51.764917131456784 ], [ 19.623925940067103, 51.764917137600385 ], [ 19.623925950568623, 51.764917143149688 ], [ 19.623925961872725, 51.764917148054494 ], [ 19.623925973877046, 51.764917152270385 ], [ 19.623925986472855, 51.764917155759122 ], [ 19.623925999546099, 51.764917158489176 ], [ 19.623926012978369, 51.764917160435793 ], [ 19.623926026648039, 51.764917161581323 ], [ 19.623926040431293, 51.764917161915442 ], [ 19.628110075847964, 51.764894880449482 ], [ 19.628110079207254, 51.764894880530782 ], [ 19.628110081049094, 51.76489488227584 ], [ 19.630233445953074, 51.767132049987168 ], [ 19.630233447519405, 51.767132051832945 ], [ 19.630233446004709, 51.767132053695228 ], [ 19.628172495547638, 51.769391615900965 ], [ 19.628172493754331, 51.769391617665441 ], [ 19.628172490397468, 51.769391617782638 ], [ 19.62398803928415, 51.769413902823381 ], [ 19.623988025510748, 51.769413903303757 ], [ 19.623988011873315, 51.769413904594245 ], [ 19.623987998495352, 51.769413906683148 ], [ 19.623987985498001, 51.76941390955156 ], [ 19.623987972998982, 51.769413913173523 ], [ 19.623987961111482, 51.769413917516189 ], [ 19.62398794994316, 51.769413922540267 ], [ 19.623987939595146, 51.769413928200272 ], [ 19.623987930161171, 51.76941393444487 ], [ 19.623987921726663, 51.769413941217628 ], [ 19.623987914367994, 51.769413948457114 ], [ 19.621926627207284, 51.771673315005167 ], [ 19.62192662099045, 51.771673322645739 ], [ 19.621926615972452, 51.77167333061832 ], [ 19.621926612198735, 51.771673338850768 ], [ 19.621926609703454, 51.77167334726844 ], [ 19.621926608509231, 51.771673355795173 ], [ 19.621926608626865, 51.77167336435371 ], [ 19.621926610055297, 51.771673372866545 ], [ 19.621926612781596, 51.771673381256598 ], [ 19.62192661678106, 51.771673389447905 ], [ 19.621926622017476, 51.771673397366264 ], [ 19.621926628443425, 51.771673404939961 ], [ 19.624049968843583, 51.773910638818151 ], [ 19.624049970409899, 51.773910640663999 ], [ 19.624049968894727, 51.773910642526189 ], [ 19.621988402825103, 51.776170095748924 ], [ 19.621988401031292, 51.776170097513315 ], [ 19.621988397673906, 51.776170097630342 ], [ 19.617803314743682, 51.776192164579165 ], [ 19.617803300968145, 51.776192165058809 ], [ 19.617803287328485, 51.776192166348572 ], [ 19.617803273948223, 51.776192168436793 ], [ 19.617803260948538, 51.776192171304544 ], [ 19.617803248447149, 51.776192174925825 ], [ 19.617803236557275, 51.776192179267895 ], [ 19.617803225386584, 51.776192184291375 ], [ 19.617803215036258, 51.776192189950812 ], [ 19.617803205600019, 51.77619219619497 ], [ 19.617803197163315, 51.776192202967245 ], [ 19.617803189802569, 51.776192210206339 ], [ 19.61574128688763, 51.778451467713694 ], [ 19.615741280668836, 51.778451475353926 ], [ 19.615741275648997, 51.778451483326265 ], [ 19.615741271873596, 51.778451491558499 ], [ 19.615741269376809, 51.778451499976029 ], [ 19.615741268181246, 51.778451508502691 ], [ 19.615741268297736, 51.778451517061228 ], [ 19.61574126972523, 51.778451525574148 ], [ 19.615741272450801, 51.778451533964336 ], [ 19.615741276449761, 51.778451542155842 ], [ 19.615741281685892, 51.778451550074458 ], [ 19.615741288111774, 51.778451557648474 ], [ 19.617864603849302, 51.780688857718445 ], [ 19.617864611407466, 51.780688864879124 ], [ 19.617864620028779, 51.780688871561757 ], [ 19.617864629635161, 51.780688877705828 ], [ 19.617864640139622, 51.780688883255671 ], [ 19.617864651447025, 51.780688888161038 ], [ 19.617864663454977, 51.780688892377526 ], [ 19.617864676054733, 51.780688895866881 ], [ 19.61786468913218, 51.780688898597589 ], [ 19.617864702568891, 51.78068890054486 ], [ 19.617864716243172, 51.780688901691107 ], [ 19.617864730031201, 51.780688902025901 ], [ 19.622050228931695, 51.780666831536401 ], [ 19.62205023229215, 51.780666831617872 ], [ 19.622050234134395, 51.780666833363036 ], [ 19.624174047338443, 51.782904103071616 ], [ 19.624174048905086, 51.782904104917485 ], [ 19.624174047389612, 51.782904106779689 ], [ 19.622112120999255, 51.785163516723458 ], [ 19.622112114780624, 51.785163524364016 ], [ 19.622112109761179, 51.785163532336611 ], [ 19.622112105986385, 51.78516354056903 ], [ 19.622112103490423, 51.785163548986716 ], [ 19.622112102295901, 51.785163557513407 ], [ 19.622112102413627, 51.78516356607193 ], [ 19.622112103842543, 51.785163574584757 ], [ 19.622112106569702, 51.785163582974775 ], [ 19.62211211057042, 51.785163591166068 ], [ 19.622112115808449, 51.785163599084385 ], [ 19.622112122236363, 51.785163606658024 ], [ 19.624236110843341, 51.787400829929943 ], [ 19.624236112410131, 51.78740083177577 ], [ 19.624236110894525, 51.787400833637975 ], [ 19.62217398449997, 51.789660243605717 ], [ 19.622173978280738, 51.789660251246275 ], [ 19.622173973260814, 51.789660259218863 ], [ 19.622173969485662, 51.789660267451282 ], [ 19.622173966989468, 51.78966027586894 ], [ 19.622173965794847, 51.789660284395644 ], [ 19.622173965912602, 51.78966029295416 ], [ 19.622173967341684, 51.789660301466974 ], [ 19.622173970069134, 51.789660309857005 ], [ 19.622173974070265, 51.789660318048263 ], [ 19.622173979308833, 51.78966032596658 ], [ 19.622173985737405, 51.789660333540226 ], [ 19.624298190527313, 51.791897553276094 ], [ 19.624298192094269, 51.791897555121921 ], [ 19.624298190578511, 51.791897556984139 ], [ 19.622235864128328, 51.794156966976239 ], [ 19.622235857908489, 51.794156974616783 ], [ 19.622235852888085, 51.794156982589364 ], [ 19.622235849112574, 51.794156990821797 ], [ 19.622235846616157, 51.794156999239462 ], [ 19.622235845421425, 51.794157007766159 ], [ 19.622235845539219, 51.794157016324668 ], [ 19.622235846968458, 51.79415702483746 ], [ 19.622235849696196, 51.794157033227478 ], [ 19.622235853697745, 51.794157041418735 ], [ 19.622235858936858, 51.794157049337031 ], [ 19.622235865366076, 51.79415705691067 ], [ 19.624360286395962, 51.796394273110188 ], [ 19.624360287963079, 51.796394274956036 ], [ 19.624360286447175, 51.796394276818248 ], [ 19.622297759889886, 51.798653686835138 ], [ 19.622297753669447, 51.798653694475696 ], [ 19.622297748648567, 51.798653702448291 ], [ 19.622297744872697, 51.798653710680675 ], [ 19.622297742376048, 51.79865371909834 ], [ 19.622297741181217, 51.798653727625037 ], [ 19.622297741299047, 51.798653736183532 ], [ 19.622297742728442, 51.798653744696338 ], [ 19.622297745456471, 51.798653753086342 ], [ 19.622297749458429, 51.798653761277599 ], [ 19.622297754698081, 51.798653769195866 ], [ 19.62229776112796, 51.79865377676947 ], [ 19.624422398454868, 51.800890989432425 ], [ 19.624422400022144, 51.800890991278258 ], [ 19.624422398506095, 51.80089099314047 ], [ 19.622359632233838, 51.80315044650817 ], [ 19.622359630438975, 51.803150448272561 ], [ 19.622359627079586, 51.803150448389587 ], [ 19.618172046700906, 51.803172536592982 ], [ 19.618172032917155, 51.803172537072705 ], [ 19.618172019269373, 51.803172538362553 ], [ 19.61817200588116, 51.803172540450809 ], [ 19.618171992873751, 51.803172543318617 ], [ 19.618171980364949, 51.803172546939955 ], [ 19.61817196846803, 51.803172551282039 ], [ 19.618171957290752, 51.803172556305583 ], [ 19.618171946934314, 51.803172561965027 ], [ 19.618171937492527, 51.803172568209213 ], [ 19.618171929050881, 51.803172574981481 ], [ 19.618171921685839, 51.803172582220583 ], [ 19.616108817963429, 51.80543183976971 ], [ 19.616108811741022, 51.805431847409949 ], [ 19.616108806718298, 51.805431855382274 ], [ 19.616108802940747, 51.805431863614473 ], [ 19.616108800442582, 51.805431872031988 ], [ 19.616108799246415, 51.805431880558615 ], [ 19.616108799363094, 51.805431889117109 ], [ 19.616108800791551, 51.80543189762998 ], [ 19.616108803518859, 51.805431906020111 ], [ 19.616108807520309, 51.805431914211574 ], [ 19.61610881275967, 51.805431922130133 ], [ 19.616108819189488, 51.805431929704064 ], [ 19.618233472606111, 51.807669251569315 ], [ 19.618233474173369, 51.807669253415249 ], [ 19.618233472656843, 51.807669255277368 ], [ 19.616170129055323, 51.809928556159079 ], [ 19.616170122832312, 51.809928563799318 ], [ 19.616170117809101, 51.809928571771628 ], [ 19.616170114031192, 51.809928580003834 ], [ 19.616170111532799, 51.809928588421343 ], [ 19.616170110336537, 51.809928596947962 ], [ 19.61617011045324, 51.809928605506457 ], [ 19.616170111881864, 51.80992861401932 ], [ 19.61617011460946, 51.809928622409451 ], [ 19.616170118611322, 51.809928630600886 ], [ 19.61617012385123, 51.809928638519438 ], [ 19.616170130281699, 51.809928646093368 ], [ 19.6182949593099, 51.812165921537783 ], [ 19.618294966873435, 51.812165928698391 ], [ 19.618294975500856, 51.812165935380925 ], [ 19.618294985114023, 51.812165941524917 ], [ 19.618294995625881, 51.812165947074661 ], [ 19.618295006941246, 51.812165951979928 ], [ 19.618295018957621, 51.812165956196296 ], [ 19.618295031566205, 51.812165959685593 ], [ 19.6182950446528, 51.812165962416195 ], [ 19.618295058098902, 51.812165964363388 ], [ 19.618295071782729, 51.812165965509529 ], [ 19.618295085580367, 51.812165965844251 ], [ 19.622483499310196, 51.812143870550372 ], [ 19.622483502672988, 51.812143870631836 ], [ 19.622483504516552, 51.812143872376943 ], [ 19.624608831829065, 51.814381117328779 ], [ 19.624608833396817, 51.814381119174598 ], [ 19.624608831880334, 51.814381121036817 ], [ 19.622545464811743, 51.816640574482534 ], [ 19.622545463016362, 51.816640576246925 ], [ 19.622545459655971, 51.816640576363973 ], [ 19.618356548763394, 51.816662675626482 ], [ 19.618356545400268, 51.81666267554489 ], [ 19.618356543556683, 51.816662673799712 ], [ 19.61623145736365, 51.8144253589725 ], [ 19.616231449800065, 51.814425351811778 ], [ 19.616231441172516, 51.814425345129074 ], [ 19.616231431559143, 51.814425338984933 ], [ 19.616231421047004, 51.814425333434997 ], [ 19.616231409731299, 51.814425328529524 ], [ 19.616231397714504, 51.814425324312943 ], [ 19.616231385105454, 51.814425320823439 ], [ 19.616231372018323, 51.814425318092617 ], [ 19.616231358571639, 51.814425316145176 ], [ 19.616231344887172, 51.8144253149988 ], [ 19.616231331088859, 51.814425314663843 ], [ 19.612042781262524, 51.814447187548602 ], [ 19.612042767475266, 51.814447188027628 ], [ 19.6120427538239, 51.814447189316759 ], [ 19.612042740432059, 51.814447191404341 ], [ 19.612042727421009, 51.814447194271452 ], [ 19.612042714908601, 51.81444719789215 ], [ 19.612042703008129, 51.81444720223363 ], [ 19.612042691827384, 51.814447207256585 ], [ 19.612042681467603, 51.814447212915496 ], [ 19.612042672022621, 51.814447219159177 ], [ 19.612042663577963, 51.814447225931026 ], [ 19.6120426562101, 51.81444723316973 ], [ 19.609978695393064, 51.81670642481162 ], [ 19.609978693597185, 51.81670642657582 ], [ 19.609978690236755, 51.816706426692527 ], [ 19.605789843725024, 51.816728077973217 ], [ 19.605789829936992, 51.816728078451476 ], [ 19.605789816284751, 51.816728079739896 ], [ 19.605789802891938, 51.81672808182676 ], [ 19.605789789879839, 51.816728084693203 ], [ 19.605789777366294, 51.816728088313226 ], [ 19.605789765464614, 51.81672809265406 ], [ 19.605789754282601, 51.816728097676418 ], [ 19.60578974392152, 51.816728103334803 ], [ 19.605789734475184, 51.816728109577973 ], [ 19.605789726029162, 51.816728116349381 ], [ 19.605789718659935, 51.816728123587701 ], [ 19.603725340944486, 51.818987205936928 ], [ 19.603725339148266, 51.818987207701035 ], [ 19.603725335787651, 51.81898720781755 ], [ 19.599536192633749, 51.819008637446046 ], [ 19.599536189270477, 51.819008637363929 ], [ 19.599536187427528, 51.819008635618431 ], [ 19.597411919251023, 51.816770979047611 ], [ 19.59741191169001, 51.816770971885667 ], [ 19.597411903064785, 51.816770965201577 ], [ 19.597411893453458, 51.816770959055887 ], [ 19.597411882943071, 51.816770953504253 ], [ 19.597411871628807, 51.816770948596982 ], [ 19.597411859613125, 51.81677094437849 ], [ 19.597411847004853, 51.816770940886968 ], [ 19.597411833918159, 51.816770938154029 ], [ 19.597411820471571, 51.816770936204449 ], [ 19.597411806786862, 51.816770935055871 ], [ 19.597411792987948, 51.816770934718733 ], [ 19.593223011183689, 51.816792138027978 ], [ 19.593222997395497, 51.816792138504788 ], [ 19.593222983742866, 51.816792139791723 ], [ 19.593222970349441, 51.816792141877173 ], [ 19.593222957336511, 51.816792144742209 ], [ 19.593222944821928, 51.816792148360896 ], [ 19.593222932919023, 51.816792152700479 ], [ 19.593222921735585, 51.816792157721643 ], [ 19.593222911372902, 51.816792163378935 ], [ 19.593222901924815, 51.816792169621088 ], [ 19.593222893476895, 51.816792176391608 ], [ 19.593222886105629, 51.816792183629147 ], [ 19.591157875227193, 51.819051047318901 ], [ 19.591157873430486, 51.819051049082816 ], [ 19.591157870069825, 51.819051049198976 ], [ 19.586968711458802, 51.81907203121763 ], [ 19.586968708095551, 51.819072031135164 ], [ 19.586968706253071, 51.819072029389467 ], [ 19.584845055788069, 51.816834143948711 ], [ 19.584845048229031, 51.81683413678595 ], [ 19.58484503960565, 51.816834130100936 ], [ 19.584845029996004, 51.81683412395423 ], [ 19.58484501948714, 51.816834118401466 ], [ 19.584845008174213, 51.81683411349298 ], [ 19.584844996159685, 51.816834109273181 ], [ 19.584844983552347, 51.816834105780302 ], [ 19.584844970466392, 51.81683410304597 ], [ 19.584844957020312, 51.816834101094955 ], [ 19.584844943335888, 51.816834099944941 ], [ 19.584844929537045, 51.816834099606289 ], [ 19.58065613244198, 51.816854855356887 ], [ 19.580656118653621, 51.816854855832219 ], [ 19.580656105000607, 51.816854857117718 ], [ 19.580656091606578, 51.816854859201733 ], [ 19.580656078592817, 51.816854862065391 ], [ 19.5806560660772, 51.81685486568275 ], [ 19.580656054173058, 51.816854870021054 ], [ 19.580656042988203, 51.816854875041031 ], [ 19.580656032623921, 51.816854880697207 ], [ 19.580656023174072, 51.81685488693838 ], [ 19.580656014724248, 51.816854893707976 ], [ 19.58065600735096, 51.81685490094474 ], [ 19.578590363464656, 51.819113545865392 ], [ 19.578590361667452, 51.819113547629115 ], [ 19.578590358306748, 51.819113547744898 ], [ 19.574401184564799, 51.819134082149965 ], [ 19.574401181201566, 51.819134082067109 ], [ 19.574401179359569, 51.819134080321241 ], [ 19.572278146777023, 51.816895966116391 ], [ 19.572278139219961, 51.816895958952813 ], [ 19.572278130598416, 51.816895952266869 ], [ 19.572278120990472, 51.816895946119111 ], [ 19.572278110483118, 51.816895940565253 ], [ 19.57227809917153, 51.816895935655523 ], [ 19.572278087158153, 51.816895931434452 ], [ 19.572278074551765, 51.816895927940223 ], [ 19.572278061466534, 51.816895925204513 ], [ 19.572278048020969, 51.816895923252048 ], [ 19.572278034336836, 51.816895922100542 ], [ 19.57227802053805, 51.816895921760448 ], [ 19.568089128152952, 51.816916230336645 ], [ 19.568089124789896, 51.816916230253625 ], [ 19.568089122948233, 51.816916228507637 ], [ 19.565966507279953, 51.81467799827459 ], [ 19.565966499724261, 51.814677991110599 ], [ 19.565966491104071, 51.814677984424193 ], [ 19.565966481497451, 51.814677978275931 ], [ 19.565966470991391, 51.814677972721469 ], [ 19.565966459681043, 51.814677967811164 ], [ 19.565966447668838, 51.814677963589418 ], [ 19.565966435063554, 51.814677960094521 ], [ 19.565966421979347, 51.814677957358086 ], [ 19.565966408534717, 51.81467795540491 ], [ 19.565966394851401, 51.814677954252694 ], [ 19.565966381053336, 51.814677953911826 ], [ 19.561777689752883, 51.814698037089514 ], [ 19.561777686389995, 51.814698037006309 ], [ 19.561777684548669, 51.814698035260221 ], [ 19.559655485742837, 51.812459689043969 ], [ 19.559655478188517, 51.812459681879567 ], [ 19.55965546956968, 51.812459675192684 ], [ 19.559655459964386, 51.812459669043896 ], [ 19.559655449459623, 51.812459663488873 ], [ 19.559655438150514, 51.812459658577936 ], [ 19.559655426139482, 51.812459654355557 ], [ 19.559655413535303, 51.812459650859985 ], [ 19.559655400452112, 51.812459648122825 ], [ 19.559655387008409, 51.812459646168911 ], [ 19.559655373325924, 51.812459645015949 ], [ 19.55965535952858, 51.812459644674348 ], [ 19.555466949687297, 51.812479502109333 ], [ 19.555466935899986, 51.812479502581731 ], [ 19.55546692224755, 51.812479503864282 ], [ 19.555466908853631, 51.81247950594544 ], [ 19.555466895839515, 51.812479508806305 ], [ 19.555466883323067, 51.812479512420985 ], [ 19.555466871417636, 51.812479516756753 ], [ 19.555466860231043, 51.812479521774343 ], [ 19.555466849864587, 51.812479527428316 ], [ 19.555466840412169, 51.812479533667471 ], [ 19.555466831959361, 51.81247954043527 ], [ 19.555466824582734, 51.812479547670463 ], [ 19.553400156029671, 51.814737711586929 ], [ 19.553400149795369, 51.814737719223892 ], [ 19.553400144760534, 51.814737727193545 ], [ 19.553400140970787, 51.814737735423769 ], [ 19.553400138460422, 51.814737743839977 ], [ 19.553400137252183, 51.81473775236595 ], [ 19.55340013735702, 51.814737760924544 ], [ 19.553400138773984, 51.814737769438189 ], [ 19.553400141490226, 51.814737777829819 ], [ 19.553400145481163, 51.814737786023407 ], [ 19.553400150710644, 51.814737793944765 ], [ 19.553400157131314, 51.814737801522178 ], [ 19.555522154741276, 51.81697626034201 ], [ 19.555522156306306, 51.816976262188753 ], [ 19.555522154786875, 51.816976264050098 ], [ 19.553455245354815, 51.819234471104444 ], [ 19.553455239119906, 51.8192344787414 ], [ 19.553455234084591, 51.819234486711053 ], [ 19.553455230294475, 51.819234494941263 ], [ 19.553455227783878, 51.819234503357478 ], [ 19.553455226575544, 51.819234511883472 ], [ 19.553455226680406, 51.819234520442045 ], [ 19.553455228097523, 51.819234528955668 ], [ 19.553455230814055, 51.819234537347299 ], [ 19.553455234805401, 51.81923454554088 ], [ 19.553455240035429, 51.819234553462231 ], [ 19.55345524645675, 51.819234561039615 ], [ 19.555577459738306, 51.821473016524543 ], [ 19.555577461303489, 51.821473018371293 ], [ 19.555577459783915, 51.821473020232624 ], [ 19.553510349049763, 51.823731227121982 ], [ 19.553510342814246, 51.823731234758917 ], [ 19.553510337778448, 51.823731242728584 ], [ 19.553510333987973, 51.82373125095878 ], [ 19.553510331477138, 51.823731259374966 ], [ 19.553510330268701, 51.823731267900989 ], [ 19.553510330373591, 51.823731276459561 ], [ 19.553510331790864, 51.823731284973171 ], [ 19.553510334507685, 51.82373129336478 ], [ 19.553510338499446, 51.823731301558375 ], [ 19.553510343730004, 51.823731309479712 ], [ 19.553510350151978, 51.82373131705706 ], [ 19.555632779161993, 51.825969769206829 ], [ 19.555632780727347, 51.825969771053579 ], [ 19.55563277920762, 51.82596977291491 ], [ 19.55356546711948, 51.828227979639664 ], [ 19.553565460883359, 51.828227987276613 ], [ 19.553565455847075, 51.828227995246252 ], [ 19.55356545205623, 51.828228003476454 ], [ 19.553565449545172, 51.828228011892655 ], [ 19.553565448336627, 51.828228020418635 ], [ 19.553565448441542, 51.828228028977207 ], [ 19.553565449858979, 51.828228037490817 ], [ 19.553565452576084, 51.828228045882412 ], [ 19.553565456568261, 51.828228054075979 ], [ 19.553565461799352, 51.828228061997315 ], [ 19.553565468221986, 51.828228069574671 ], [ 19.555688072311927, 51.830466475465364 ], [ 19.555688079868656, 51.830466482630015 ], [ 19.555688088490356, 51.830466489317139 ], [ 19.555688098098965, 51.830466495466219 ], [ 19.555688108607448, 51.830466501021569 ], [ 19.555688119920653, 51.830466505932854 ], [ 19.555688131936122, 51.83046651015561 ], [ 19.555688144545037, 51.830466513651594 ], [ 19.555688157633213, 51.830466516389173 ], [ 19.555688171082114, 51.830466518343492 ], [ 19.555688184769956, 51.830466519496909 ], [ 19.555688198572778, 51.830466519838964 ], [ 19.559878356843946, 51.830446649269064 ], [ 19.559878360208, 51.830446649352325 ], [ 19.559878362049897, 51.830446651098448 ], [ 19.562001424086848, 51.832684983901039 ], [ 19.562001431644944, 51.832684991065264 ], [ 19.562001440268006, 51.832684997751919 ], [ 19.56200144987794, 51.832685003900494 ], [ 19.562001460387723, 51.832685009455254 ], [ 19.562001471702164, 51.832685014365936 ], [ 19.562001483718806, 51.832685018588059 ], [ 19.562001496328829, 51.832685022083346 ], [ 19.562001509418021, 51.832685024820201 ], [ 19.562001522867856, 51.83268502677381 ], [ 19.562001536556533, 51.83268502792648 ], [ 19.562001550360069, 51.832685028267804 ], [ 19.566191909980212, 51.832664932189608 ], [ 19.566191913344447, 51.832664932272671 ], [ 19.566191915186678, 51.832664934018695 ], [ 19.568315394521168, 51.8349031507638 ], [ 19.568315402080636, 51.834903157927606 ], [ 19.568315410705061, 51.834903164613792 ], [ 19.568315420316321, 51.834903170761834 ], [ 19.568315430827393, 51.834903176316033 ], [ 19.568315442143078, 51.834903181226096 ], [ 19.568315454160899, 51.83490318544758 ], [ 19.56831546677202, 51.834903188942192 ], [ 19.568315479862235, 51.834903191678329 ], [ 19.568315493313001, 51.834903193631213 ], [ 19.568315507002502, 51.834903194783138 ], [ 19.568315520806763, 51.834903195123722 ], [ 19.572506081718924, 51.834882873502018 ], [ 19.572506085083333, 51.834882873584917 ], [ 19.572506086925902, 51.83488287533082 ], [ 19.574630024339221, 51.837121018890372 ], [ 19.574630025905734, 51.837121020736873 ], [ 19.574630024386419, 51.837121022598446 ], [ 19.572563119273191, 51.83937960089952 ], [ 19.572563117474953, 51.839379602663143 ], [ 19.572563114112722, 51.839379602778784 ], [ 19.568372135796704, 51.839399927662733 ], [ 19.568372122001325, 51.839399928136643 ], [ 19.568372108341133, 51.839399929420722 ], [ 19.568372094939843, 51.839399931503351 ], [ 19.56837208191881, 51.839399934365652 ], [ 19.568372069395959, 51.839399937981703 ], [ 19.568372057484702, 51.839399942318785 ], [ 19.568372046292897, 51.839399947337597 ], [ 19.568372035921918, 51.839399952992672 ], [ 19.568372026465678, 51.83939995923285 ], [ 19.568372018009807, 51.839399966001587 ], [ 19.568372010630888, 51.839399973237548 ], [ 19.566304767334909, 51.84165835532643 ], [ 19.566304761099111, 51.841658362964033 ], [ 19.566304756063595, 51.841658370934212 ], [ 19.566304752273979, 51.841658379164805 ], [ 19.566304749764566, 51.841658387581226 ], [ 19.566304748558089, 51.84165839610732 ], [ 19.56630474866547, 51.841658404665864 ], [ 19.566304750085742, 51.841658413179296 ], [ 19.566304752806047, 51.841658421570571 ], [ 19.566304756801738, 51.841658429763662 ], [ 19.566304762036637, 51.841658437684401 ], [ 19.566304768463333, 51.841658445261039 ], [ 19.568428679978751, 51.843896655259471 ], [ 19.568428681545253, 51.843896657106029 ], [ 19.568428680025455, 51.843896658967502 ], [ 19.566361156046238, 51.84615512754246 ], [ 19.566361154247485, 51.846155129305991 ], [ 19.566361150884738, 51.846155129421454 ], [ 19.562169538881999, 51.846175235179572 ], [ 19.562169525084482, 51.846175235652758 ], [ 19.562169511422056, 51.846175236936126 ], [ 19.562169498018463, 51.846175239018066 ], [ 19.562169484995081, 51.846175241879685 ], [ 19.562169472469847, 51.846175245495076 ], [ 19.562169460556202, 51.846175249831539 ], [ 19.562169449362038, 51.846175254849747 ], [ 19.562169438988725, 51.84617526050431 ], [ 19.562169429530208, 51.846175266743963 ], [ 19.562169421072142, 51.846175273512252 ], [ 19.562169413691123, 51.846175280747829 ], [ 19.560101551386953, 51.848433553052665 ], [ 19.560101545149173, 51.848433560689926 ], [ 19.560101540111816, 51.848433568659829 ], [ 19.560101536320499, 51.848433576890201 ], [ 19.560101533809558, 51.84843358530653 ], [ 19.560101532601742, 51.848433593832532 ], [ 19.560101532707971, 51.848433602391069 ], [ 19.560101534127298, 51.848433610904586 ], [ 19.560101536846869, 51.848433619295982 ], [ 19.560101540842041, 51.848433627489293 ], [ 19.560101546076652, 51.848433635410295 ], [ 19.560101552503284, 51.84843364298726 ], [ 19.562225478690433, 51.850671962370555 ], [ 19.562225480256913, 51.850671964217192 ], [ 19.562225478736639, 51.8506719660786 ], [ 19.560157335564572, 51.852930324848373 ], [ 19.560157333765311, 51.852930326611812 ], [ 19.560157330402042, 51.852930326727076 ], [ 19.555965004151862, 51.852950213631949 ], [ 19.555965000786127, 51.85295021354861 ], [ 19.555964998943459, 51.852950211802444 ], [ 19.55384123364545, 51.850711736744955 ], [ 19.553841232079307, 51.850711734898198 ], [ 19.553841233599933, 51.850711733036889 ], [ 19.555909553240998, 51.848453527130296 ], [ 19.555909559479492, 51.848453519493248 ], [ 19.555909564517595, 51.84845351152353 ], [ 19.555909568309676, 51.848453503293278 ], [ 19.555909570821392, 51.848453494877042 ], [ 19.555909572030011, 51.848453486351069 ], [ 19.55590957192457, 51.848453477792546 ], [ 19.555909570506035, 51.848453469278972 ], [ 19.555909567787246, 51.848453460887455 ], [ 19.555909563792824, 51.848453452694002 ], [ 19.555909558558952, 51.848453444772844 ], [ 19.555909552133016, 51.84845343719563 ], [ 19.553786084349095, 51.846215044648922 ], [ 19.553786076790011, 51.8462150374842 ], [ 19.553786068165568, 51.846215030796934 ], [ 19.553786058553847, 51.846215024647726 ], [ 19.553786048041914, 51.846215019092242 ], [ 19.553786036724958, 51.846215014180785 ], [ 19.55378602470546, 51.846215009957859 ], [ 19.553786012092278, 51.846215006461705 ], [ 19.553785998999647, 51.846215003723941 ], [ 19.553785985546124, 51.846215001769401 ], [ 19.55378597185355, 51.846215000615786 ], [ 19.553785958045925, 51.846215000273546 ], [ 19.549594411912597, 51.846234657609692 ], [ 19.549594398114916, 51.8462346580814 ], [ 19.549594384452103, 51.846234659363304 ], [ 19.549594371047906, 51.846234661443809 ], [ 19.549594358023697, 51.846234664304035 ], [ 19.549594345497429, 51.84623466791809 ], [ 19.549594333582551, 51.846234672253289 ], [ 19.549594322386962, 51.846234677270289 ], [ 19.549594312012058, 51.84623468292375 ], [ 19.549594302551778, 51.846234689162415 ], [ 19.549594294091808, 51.846234695929795 ], [ 19.549594286708764, 51.84623470316459 ], [ 19.547525751052152, 51.84849279950356 ], [ 19.547525749252571, 51.848492801266794 ], [ 19.547525745889597, 51.848492801381731 ], [ 19.543333903417508, 51.848512236633063 ], [ 19.543333889619063, 51.848512237104046 ], [ 19.54333387595538, 51.848512238385233 ], [ 19.543333862550202, 51.848512240464999 ], [ 19.543333849524938, 51.848512243324549 ], [ 19.543333836997537, 51.848512246937958 ], [ 19.543333825081458, 51.848512251272503 ], [ 19.543333813884605, 51.848512256288934 ], [ 19.543333803508386, 51.848512261941828 ], [ 19.543333794046767, 51.848512268179981 ], [ 19.543333785585428, 51.848512274946913 ], [ 19.543333778201003, 51.848512282181311 ], [ 19.541264824858171, 51.850770268745087 ], [ 19.541264823058256, 51.850770270508242 ], [ 19.541264819695094, 51.850770270622967 ], [ 19.537072680927917, 51.850789483741416 ], [ 19.537072677562382, 51.850789483657529 ], [ 19.537072675720527, 51.850789481911058 ], [ 19.534949988403188, 51.848550705013025 ], [ 19.534949980846697, 51.848550697847088 ], [ 19.534949972224574, 51.848550691158451 ], [ 19.534949962614917, 51.848550685007673 ], [ 19.534949952104743, 51.848550679450511 ], [ 19.534949940789229, 51.84855067453725 ], [ 19.534949928770864, 51.848550670312399 ], [ 19.534949916158475, 51.848550666814212 ], [ 19.534949903066288, 51.848550664074352 ], [ 19.534949889612868, 51.848550662117667 ], [ 19.534949875920052, 51.848550660961862 ], [ 19.534949862111837, 51.848550660617398 ], [ 19.530758086001487, 51.848569647418358 ], [ 19.530758072202875, 51.848569647887849 ], [ 19.530758058538808, 51.84856964916758 ], [ 19.530758045133027, 51.848569651245917 ], [ 19.530758032106938, 51.848569654104104 ], [ 19.530758019578503, 51.848569657716155 ], [ 19.530758007661195, 51.848569662049428 ], [ 19.530757996462921, 51.848569667064666 ], [ 19.530757986085103, 51.848569672716451 ], [ 19.530757976621722, 51.848569678953602 ], [ 19.530757968158479, 51.848569685719632 ], [ 19.530757960772029, 51.848569692953262 ], [ 19.528688373883611, 51.850827460064558 ], [ 19.528688372083202, 51.8508274618275 ], [ 19.528688368720001, 51.850827461941883 ], [ 19.524496296479594, 51.850846226570816 ], [ 19.524496282680218, 51.85084622703959 ], [ 19.524496269015277, 51.850846228318574 ], [ 19.524496255608529, 51.850846230396201 ], [ 19.524496242581382, 51.850846233253677 ], [ 19.524496230051817, 51.85084623686506 ], [ 19.52449621813329, 51.850846241197736 ], [ 19.524496206933755, 51.850846246212342 ], [ 19.524496196554626, 51.850846251863601 ], [ 19.524496187089905, 51.850846258100233 ], [ 19.524496178625295, 51.850846264865815 ], [ 19.524496171237466, 51.850846272099055 ], [ 19.5224261666011, 51.853103929317982 ], [ 19.522426164800354, 51.853103931080831 ], [ 19.522426161436972, 51.853103931195029 ], [ 19.518233873500765, 51.853122473249712 ], [ 19.518233859700629, 51.853122473717754 ], [ 19.518233846034814, 51.853122474996027 ], [ 19.518233832627097, 51.853122477072944 ], [ 19.51823381959889, 51.853122479929716 ], [ 19.518233807068182, 51.853122483540446 ], [ 19.518233795148461, 51.853122487872454 ], [ 19.518233783947657, 51.85312249288652 ], [ 19.518233773567221, 51.853122498537196 ], [ 19.518233764101158, 51.85312250477336 ], [ 19.51823375563518, 51.853122511538466 ], [ 19.518233748245969, 51.853122518771315 ], [ 19.516163325804797, 51.855380066053009 ], [ 19.516163324003717, 51.855380067815766 ], [ 19.516163320640143, 51.855380067929779 ], [ 19.511970817060316, 51.855398387373555 ], [ 19.511970803259409, 51.855398387840879 ], [ 19.51197078959272, 51.855398389118442 ], [ 19.511970776184032, 51.855398391194633 ], [ 19.511970763154771, 51.855398394050738 ], [ 19.511970750622925, 51.855398397660792 ], [ 19.511970738701997, 51.855398401992169 ], [ 19.511970727499932, 51.855398407005616 ], [ 19.511970717118185, 51.855398412655752 ], [ 19.511970707650775, 51.855398418891397 ], [ 19.511970699183433, 51.85539842565607 ], [ 19.511970691792847, 51.855398432888514 ], [ 19.509899851490019, 51.857655870188132 ], [ 19.509899849688601, 51.857655871950804 ], [ 19.509899846324846, 51.85765587206464 ], [ 19.505707127153599, 51.85767396886088 ], [ 19.505707113351928, 51.857673969327465 ], [ 19.505707099684376, 51.857673970604282 ], [ 19.505707086274715, 51.857673972679777 ], [ 19.505707073244391, 51.857673975535171 ], [ 19.505707060711416, 51.857673979144565 ], [ 19.505707048789279, 51.857673983475301 ], [ 19.505707037585953, 51.857673988488173 ], [ 19.505707027202895, 51.857673994137748 ], [ 19.505707017734135, 51.857674000372889 ], [ 19.505707009265425, 51.85767400713712 ], [ 19.505707001873464, 51.857674014369174 ], [ 19.503635743652165, 51.859931341641854 ], [ 19.503635741850406, 51.859931343404426 ], [ 19.503635738486462, 51.859931343518092 ], [ 19.499442723373164, 51.859949217971419 ], [ 19.499442720007011, 51.859949217886466 ], [ 19.499442718166232, 51.859949216139427 ], [ 19.497321459630168, 51.857709760107703 ], [ 19.497321452078094, 51.857709752939336 ], [ 19.497321443459771, 51.857709746247956 ], [ 19.497321433853262, 51.857709740094123 ], [ 19.497321423345561, 51.857709734533593 ], [ 19.49732141203182, 51.857709729616708 ], [ 19.497321400014506, 51.85770972538802 ], [ 19.497321387402437, 51.857709721885797 ], [ 19.497321374309852, 51.857709719141759 ], [ 19.497321360855299, 51.857709717180782 ], [ 19.497321347160636, 51.857709716020601 ], [ 19.497321333349873, 51.857709715671731 ], [ 19.493128681529019, 51.85772736388931 ], [ 19.493128667727184, 51.857727364354425 ], [ 19.493128654059252, 51.857727365629771 ], [ 19.49312864064899, 51.857727367703845 ], [ 19.493128627617846, 51.857727370557839 ], [ 19.493128615083837, 51.857727374165911 ], [ 19.493128603160468, 51.857727378495362 ], [ 19.493128591955724, 51.85772738350704 ], [ 19.493128581571071, 51.857727389155514 ], [ 19.493128572100559, 51.857727395389638 ], [ 19.493128563629949, 51.857727402152967 ], [ 19.493128556235956, 51.857727409384246 ], [ 19.491056664607026, 51.859984516805511 ], [ 19.491056662804777, 51.859984518567877 ], [ 19.49105665944079, 51.859984518681188 ], [ 19.486863631440094, 51.860001944849557 ], [ 19.486863628073959, 51.860001944764221 ], [ 19.48686362623366, 51.860001943016997 ], [ 19.484742988222532, 51.857762258632263 ], [ 19.48474298067244, 51.8577622514631 ], [ 19.484742972055969, 51.857762244770782 ], [ 19.484742962451161, 51.857762238615926 ], [ 19.484742951944988, 51.85776223305426 ], [ 19.484742940632593, 51.85776222813616 ], [ 19.484742928616445, 51.857762223906192 ], [ 19.484742916005324, 51.85776222040262 ], [ 19.484742902913474, 51.857762217657175 ], [ 19.484742889459444, 51.857762215694763 ], [ 19.484742875765082, 51.857762214533118 ], [ 19.484742861954391, 51.857762214182763 ], [ 19.48055011701322, 51.857779414495369 ], [ 19.480550113647258, 51.857779414409826 ], [ 19.480550111807297, 51.857779412662488 ], [ 19.478429891723557, 51.855539612583172 ], [ 19.47842988417484, 51.85553960541359 ], [ 19.478429875559733, 51.855539598720803 ], [ 19.478429865956251, 51.855539592565414 ], [ 19.478429855451378, 51.855539587003193 ], [ 19.478429844140226, 51.855539582084489 ], [ 19.478429832125247, 51.855539577853854 ], [ 19.478429819515249, 51.855539574349599 ], [ 19.478429806424426, 51.855539571603458 ], [ 19.478429792971326, 51.855539569640321 ], [ 19.478429779277793, 51.855539568477937 ], [ 19.478429765467837, 51.855539568126851 ], [ 19.474237303635192, 51.855556542630509 ], [ 19.474237289833816, 51.855556543093385 ], [ 19.47423727616599, 51.855556544366564 ], [ 19.474237262755491, 51.855556546438478 ], [ 19.474237249723764, 51.855556549290377 ], [ 19.474237237188838, 51.855556552896438 ], [ 19.474237225264211, 51.855556557223991 ], [ 19.474237214057897, 51.855556562233865 ], [ 19.474237203671361, 51.855556567880697 ], [ 19.474237194198682, 51.855556574113294 ], [ 19.474237185725638, 51.85555658087528 ], [ 19.474237178328963, 51.855556588105358 ], [ 19.472164438287543, 51.857813365739197 ], [ 19.47216443648464, 51.857813367501294 ], [ 19.472164433120764, 51.857813367614057 ], [ 19.467971595386082, 51.857830120004223 ], [ 19.467971592020135, 51.857830119918354 ], [ 19.467971590180653, 51.857830118170803 ], [ 19.465851990796317, 51.855590089916454 ], [ 19.465851983249582, 51.855590082746069 ], [ 19.46585197463633, 51.855590076052344 ], [ 19.465851965034545, 51.855590069895918 ], [ 19.4658519545312, 51.855590064332581 ], [ 19.465851943221406, 51.855590059412663 ], [ 19.465851931207585, 51.855590055180748 ], [ 19.465851918598535, 51.855590051675136 ], [ 19.465851905508455, 51.855590048927603 ], [ 19.465851892055881, 51.855590046963002 ], [ 19.465851878362649, 51.855590045799168 ], [ 19.465851864552761, 51.855590045446597 ], [ 19.461659310096376, 51.855606572063706 ], [ 19.461659306730606, 51.855606571977646 ], [ 19.461659304891459, 51.855606570230009 ], [ 19.459540123386372, 51.853366426397677 ], [ 19.459540115841012, 51.853366419226887 ], [ 19.459540107229113, 51.853366412532694 ], [ 19.459540097628672, 51.85336640637577 ], [ 19.459540087126612, 51.853366400811836 ], [ 19.459540075818062, 51.853366395891314 ], [ 19.45954006380542, 51.853366391658746 ], [ 19.459540051197486, 51.853366388152459 ], [ 19.459540038108432, 51.853366385404215 ], [ 19.459540024656789, 51.853366383438903 ], [ 19.459540010964393, 51.853366382274309 ], [ 19.459539997155225, 51.853366381920999 ], [ 19.455347645634358, 51.853382683123066 ], [ 19.455347642268766, 51.853382683036848 ], [ 19.455347640429956, 51.853382681289098 ], [ 19.453228876751663, 51.851142421923853 ], [ 19.453228869207681, 51.851142414752637 ], [ 19.45322886059714, 51.851142408057996 ], [ 19.45322885099803, 51.851142401900553 ], [ 19.453228840497271, 51.851142396336037 ], [ 19.45322882918996, 51.851142391414896 ], [ 19.453228817178505, 51.851142387181675 ], [ 19.453228804571673, 51.85114238367472 ], [ 19.453228791483646, 51.851142380925758 ], [ 19.45322877803294, 51.851142378959729 ], [ 19.453228764341375, 51.851142377794417 ], [ 19.45322875053294, 51.851142377440354 ], [ 19.449036682391956, 51.851158452955907 ], [ 19.449036668591649, 51.851158453415849 ], [ 19.449036654924427, 51.851158454686065 ], [ 19.449036641514059, 51.851158456755122 ], [ 19.449036628481991, 51.85115845960425 ], [ 19.449036615946252, 51.851158463207597 ], [ 19.449036604020357, 51.851158467532642 ], [ 19.449036592812313, 51.851158472540114 ], [ 19.449036582423627, 51.851158478184715 ], [ 19.449036572948373, 51.851158484415322 ], [ 19.449036564472355, 51.851158491175482 ], [ 19.449036557072354, 51.851158498403997 ], [ 19.4469627544254, 51.853414836173968 ], [ 19.446962752621687, 51.853414837935695 ], [ 19.44696274925807, 51.85341483804774 ], [ 19.442770305609738, 51.853430691376118 ], [ 19.44277030224417, 51.853430691289518 ], [ 19.44277030040584, 51.853430689541561 ], [ 19.440652116989977, 51.851190159287462 ], [ 19.440652115428442, 51.851190157439191 ], [ 19.44065211695376, 51.851190155579346 ], [ 19.442726134273908, 51.848933927702006 ], [ 19.442726140531661, 51.848933920070941 ], [ 19.442726145589834, 51.84893391210602 ], [ 19.44272614940262, 51.848933903879356 ], [ 19.442726151935492, 51.848933895465507 ], [ 19.442726153165513, 51.848933886940657 ], [ 19.442726153081537, 51.848933878381963 ], [ 19.442726151684337, 51.848933869867004 ], [ 19.442726148986544, 51.848933861472844 ], [ 19.442726145012617, 51.84893385327549 ], [ 19.442726139798527, 51.848933845349237 ], [ 19.442726133391496, 51.848933837765806 ], [ 19.440608205213419, 51.846693347469071 ], [ 19.44060820365204, 51.846693345620807 ], [ 19.440608205177213, 51.846693343760947 ], [ 19.442682059157278, 51.844437072139534 ], [ 19.442682060960806, 51.844437070377886 ], [ 19.442682064323758, 51.844437070265975 ], [ 19.446873592136562, 51.84442122233223 ], [ 19.446873605934833, 51.844421221872565 ], [ 19.44687361960008, 51.844421220602591 ], [ 19.446873633008547, 51.844421218533796 ], [ 19.446873646038807, 51.84442121568491 ], [ 19.446873658572859, 51.84442121208177 ], [ 19.446873670497183, 51.84442120775698 ], [ 19.446873681703796, 51.844421202749693 ], [ 19.446873692091213, 51.844421197105277 ], [ 19.446873701565352, 51.844421190874861 ], [ 19.446873710040435, 51.844421184114822 ], [ 19.446873717439694, 51.844421176886421 ], [ 19.448947114037889, 51.842164838193426 ], [ 19.448947115841083, 51.842164836431678 ], [ 19.448947119203851, 51.842164836319604 ], [ 19.453138432401961, 51.842148765657825 ], [ 19.453138446199468, 51.842148765197436 ], [ 19.453138459863844, 51.842148763926708 ], [ 19.453138473271345, 51.842148761857217 ], [ 19.453138486300549, 51.842148759007657 ], [ 19.453138498833468, 51.842148755403834 ], [ 19.453138510756588, 51.842148751078412 ], [ 19.453138521961943, 51.842148746070535 ], [ 19.453138532348049, 51.842148740425564 ], [ 19.453138541820852, 51.842148734194623 ], [ 19.453138550294565, 51.842148727434164 ], [ 19.453138557692441, 51.842148720205373 ], [ 19.45521149698525, 51.839892314490562 ], [ 19.455211503239642, 51.839892306858815 ], [ 19.455211508294603, 51.839892298893346 ], [ 19.455211512104359, 51.839892290666292 ], [ 19.455211514634403, 51.839892282252166 ], [ 19.45521151586183, 51.839892273727166 ], [ 19.45521151577551, 51.839892265168487 ], [ 19.455211514376241, 51.839892256653663 ], [ 19.455211511676691, 51.839892248259787 ], [ 19.4552115077013, 51.839892240062845 ], [ 19.455211502486076, 51.839892232137124 ], [ 19.455211496078245, 51.839892224554376 ], [ 19.453093417189596, 51.837651999021986 ], [ 19.453093409647906, 51.837651991850727 ], [ 19.453093401039968, 51.837651985156057 ], [ 19.453093391443755, 51.837651978998558 ], [ 19.453093380946164, 51.837651973434042 ], [ 19.453093369642257, 51.837651968512866 ], [ 19.453093357634408, 51.837651964279608 ], [ 19.453093345031363, 51.837651960772632 ], [ 19.453093331947258, 51.837651958023642 ], [ 19.453093318500581, 51.837651956057584 ], [ 19.453093304813116, 51.837651954892237 ], [ 19.453093291008805, 51.837651954538138 ], [ 19.448902395312601, 51.837668022620349 ], [ 19.448902391948192, 51.837668022533919 ], [ 19.44890239011028, 51.837668020786069 ], [ 19.446784688050435, 51.83542763686264 ], [ 19.446784680510117, 51.835427629690976 ], [ 19.446784671903547, 51.835427622995844 ], [ 19.446784662308666, 51.835427616837826 ], [ 19.446784651812361, 51.835427611272735 ], [ 19.446784640509701, 51.83542760635094 ], [ 19.446784628503035, 51.835427602117029 ], [ 19.446784615901095, 51.835427598609385 ], [ 19.446784602818017, 51.835427595859699 ], [ 19.446784589372278, 51.835427593892888 ], [ 19.446784575685641, 51.835427592726809 ], [ 19.446784561882051, 51.835427592371985 ], [ 19.442593949436976, 51.835443434916165 ], [ 19.442593935641401, 51.835443435375318 ], [ 19.442593921978752, 51.835443436644816 ], [ 19.442593908572746, 51.835443438713114 ], [ 19.4425938955448, 51.835443441561516 ], [ 19.442593883012893, 51.835443445164188 ], [ 19.442593871090519, 51.835443449488558 ], [ 19.442593859885651, 51.83544345449544 ], [ 19.442593849499762, 51.835443460139487 ], [ 19.442593840026898, 51.835443466369576 ], [ 19.442593831552859, 51.835443473129295 ], [ 19.442593824154372, 51.835443480357419 ], [ 19.440520415992129, 51.837699709672009 ], [ 19.440520414188786, 51.837699711433629 ], [ 19.440520410826327, 51.837699711545483 ], [ 19.436329423208129, 51.837715331999817 ], [ 19.436329419843741, 51.837715331913039 ], [ 19.436329418006309, 51.837715330164961 ], [ 19.434212336343595, 51.835474718497878 ], [ 19.434212328805266, 51.835474711325432 ], [ 19.43421232020054, 51.835474704629355 ], [ 19.434212310607357, 51.835474698470328 ], [ 19.434212300112591, 51.8354746929041 ], [ 19.434212288811278, 51.835474687981105 ], [ 19.43421227680577, 51.835474683745915 ], [ 19.434212264204795, 51.835474680236899 ], [ 19.434212251122453, 51.835474677485827 ], [ 19.43421223767724, 51.835474675517581 ], [ 19.434212223990901, 51.835474674350024 ], [ 19.434212210187404, 51.83547467399373 ], [ 19.430021505989689, 51.83549006894598 ], [ 19.430021502625475, 51.835490068859016 ], [ 19.430021500788378, 51.835490067110854 ], [ 19.427904836524622, 51.833249340127828 ], [ 19.427904828987657, 51.833249332954956 ], [ 19.427904820384292, 51.833249326258425 ], [ 19.427904810792441, 51.833249320098851 ], [ 19.427904800298968, 51.83324931453209 ], [ 19.427904788998902, 51.833249309608476 ], [ 19.427904776994577, 51.833249305372632 ], [ 19.427904764394704, 51.833249301862935 ], [ 19.427904751313392, 51.833249299111138 ], [ 19.427904737869106, 51.833249297142189 ], [ 19.427904724183609, 51.8332492959739 ], [ 19.427904710380822, 51.833249295616852 ], [ 19.423714209296076, 51.833264465403339 ], [ 19.423714205932033, 51.833264465316184 ], [ 19.423714204095273, 51.833264463567943 ], [ 19.421597957177948, 51.831023621313953 ], [ 19.421597949642361, 51.831023614140676 ], [ 19.421597941040361, 51.831023607443655 ], [ 19.421597931449838, 51.83102360128359 ], [ 19.421597920957659, 51.831023595716239 ], [ 19.421597909658828, 51.831023590792029 ], [ 19.421597897655687, 51.831023586555538 ], [ 19.421597885056919, 51.831023583045166 ], [ 19.421597871976633, 51.831023580292658 ], [ 19.421597858533289, 51.831023578322991 ], [ 19.42159784484862, 51.831023577153971 ], [ 19.421597831046565, 51.831023576796184 ], [ 19.417407613483423, 51.831038521167123 ], [ 19.417407599688918, 51.831038521623327 ], [ 19.417407586026876, 51.831038522889898 ], [ 19.417407572621013, 51.831038524955318 ], [ 19.417407559592725, 51.831038527800949 ], [ 19.417407547060016, 51.831038531400949 ], [ 19.41740753513638, 51.831038535722783 ], [ 19.417407523929796, 51.831038540727249 ], [ 19.41740751354175, 51.831038546369079 ], [ 19.417407504066325, 51.83103855259715 ], [ 19.417407495589323, 51.831038559355065 ], [ 19.417407488187518, 51.831038566581633 ], [ 19.415333019873376, 51.833294355892043 ], [ 19.415333018069227, 51.83329435765328 ], [ 19.415333014707027, 51.833294357764416 ], [ 19.411142422365067, 51.833309079972125 ], [ 19.411142419001049, 51.833309079884629 ], [ 19.411142417164776, 51.833309078136182 ], [ 19.409026790821382, 51.831068008388108 ], [ 19.409026783287782, 51.831068001214021 ], [ 19.409026774687629, 51.831067994516111 ], [ 19.409026765098812, 51.831067988354995 ], [ 19.40902675460816, 51.831067982786507 ], [ 19.40902674331069, 51.83106797786111 ], [ 19.409026731308707, 51.831067973623334 ], [ 19.409026718710898, 51.831067970111597 ], [ 19.409026705631359, 51.831067967357704 ], [ 19.409026692188537, 51.83106796538658 ], [ 19.409026678504173, 51.831067964216103 ], [ 19.409026664702196, 51.831067963856846 ], [ 19.404836436403556, 51.831082460408489 ], [ 19.404836422608909, 51.831082460863215 ], [ 19.40483640894649, 51.831082462128315 ], [ 19.40483639554003, 51.831082464192313 ], [ 19.404836382510933, 51.831082467036538 ], [ 19.404836369977204, 51.831082470635224 ], [ 19.404836358052346, 51.831082474955757 ], [ 19.404836346844348, 51.831082479959036 ], [ 19.404836336454714, 51.831082485599779 ], [ 19.404836326977541, 51.831082491826834 ], [ 19.404836318498642, 51.831082498583854 ], [ 19.404836311094815, 51.831082505809611 ], [ 19.402761211467322, 51.833338074714334 ], [ 19.402761209662678, 51.833338076475385 ], [ 19.402761206300447, 51.833338076586166 ], [ 19.398570603384041, 51.833352350920151 ], [ 19.39857060002004, 51.8333523508323 ], [ 19.398570598184246, 51.833352349083633 ], [ 19.396455592583617, 51.831111051948014 ], [ 19.396455585051999, 51.831111044773102 ], [ 19.3964555764537, 51.831111038074255 ], [ 19.396455566866575, 51.831111031912123 ], [ 19.396455556377468, 51.831111026342519 ], [ 19.396455545081349, 51.831111021415879 ], [ 19.396455533080523, 51.831111017176816 ], [ 19.396455520483677, 51.831111013663744 ], [ 19.396455507404884, 51.831111010908465 ], [ 19.396455493962591, 51.831111008935906 ], [ 19.396455480278529, 51.831111007763965 ], [ 19.396455466476631, 51.831111007403223 ], [ 19.392265147416349, 51.831125056400928 ], [ 19.392265144052523, 51.831125056312878 ], [ 19.392265142217063, 51.831125054564133 ], [ 19.390150553917643, 51.82888364234568 ], [ 19.390150546387403, 51.828883635170371 ], [ 19.390150537790461, 51.828883628471047 ], [ 19.390150528204675, 51.828883622308396 ], [ 19.390150517716858, 51.828883616738224 ], [ 19.390150506421978, 51.828883611810987 ], [ 19.390150494422336, 51.828883607571285 ], [ 19.390150481826595, 51.828883604057538 ], [ 19.390150468748828, 51.828883601301527 ], [ 19.390150455307474, 51.82888359932825 ], [ 19.390150441624254, 51.828883598155578 ], [ 19.390150427823077, 51.828883597794089 ], [ 19.385960392667375, 51.828897421502411 ], [ 19.385960378873186, 51.828897421954935 ], [ 19.385960365210888, 51.828897423217832 ], [ 19.385960351804204, 51.828897425279678 ], [ 19.385960338774538, 51.82889742812182 ], [ 19.3859603262399, 51.828897431718488 ], [ 19.385960314313802, 51.828897436037124 ], [ 19.385960303104245, 51.828897441038613 ], [ 19.385960292712745, 51.828897446677679 ], [ 19.385960283233416, 51.82889745290322 ], [ 19.385960274752094, 51.82889745965889 ], [ 19.385960267345599, 51.828897466883475 ], [ 19.383884362679712, 51.83115266204868 ], [ 19.383884356414445, 51.831152669676669 ], [ 19.383884351347852, 51.83115267763911 ], [ 19.383884347525814, 51.831152685863898 ], [ 19.383884344982953, 51.831152694276518 ], [ 19.383884343742285, 51.831152702800814 ], [ 19.383884343815048, 51.831152711359564 ], [ 19.383884345200602, 51.831152719875284 ], [ 19.383884347886362, 51.831152728270865 ], [ 19.383884351848035, 51.83115273647023 ], [ 19.383884357049737, 51.831152744399176 ], [ 19.383884363444359, 51.83115275198584 ], [ 19.385998707586563, 51.833394233419867 ], [ 19.385998715116902, 51.833394240595432 ], [ 19.385998723714096, 51.833394247295047 ], [ 19.385998733300276, 51.833394253458039 ], [ 19.38599874378864, 51.833394259028566 ], [ 19.385998755084195, 51.833394263956208 ], [ 19.385998767084647, 51.833394268196322 ], [ 19.38599877968133, 51.833394271710517 ], [ 19.385998792760148, 51.833394274466983 ], [ 19.385998806202679, 51.833394276440735 ], [ 19.385998819887156, 51.833394277613884 ], [ 19.385998833689676, 51.833394277975849 ], [ 19.390189366497101, 51.833380451781878 ], [ 19.390189369861083, 51.833380451869985 ], [ 19.390189371696557, 51.833380453618766 ], [ 19.39230421429415, 51.835621905960359 ], [ 19.392304215853162, 51.835621907809283 ], [ 19.392304214326376, 51.835621909668518 ], [ 19.390228240129254, 51.837877300686181 ], [ 19.390228238323935, 51.837877302447033 ], [ 19.390228234961331, 51.837877302557452 ], [ 19.38603728474207, 51.837891130970995 ], [ 19.386037270945142, 51.837891131423547 ], [ 19.386037257280119, 51.837891132686451 ], [ 19.386037243870767, 51.837891134748325 ], [ 19.386037230838514, 51.837891137590468 ], [ 19.386037218301389, 51.837891141187129 ], [ 19.386037206372926, 51.837891145505779 ], [ 19.386037195161148, 51.837891150507282 ], [ 19.386037184767595, 51.837891156146334 ], [ 19.386037175286397, 51.837891162371896 ], [ 19.386037166803401, 51.837891169127545 ], [ 19.386037159395446, 51.837891176352137 ], [ 19.383960807537722, 51.840146413486394 ], [ 19.383960805732073, 51.840146415247148 ], [ 19.383960802369284, 51.840146415357388 ], [ 19.379769558030425, 51.840160021151611 ], [ 19.379769554665952, 51.84016002106322 ], [ 19.379769552830606, 51.840160019314283 ], [ 19.37765515821868, 51.837918385529385 ], [ 19.377655150688906, 51.837918378353272 ], [ 19.377655142092085, 51.837918371653053 ], [ 19.377655132506074, 51.837918365489401 ], [ 19.377655122017682, 51.837918359918135 ], [ 19.3776551107219, 51.837918354989689 ], [ 19.377655098721018, 51.83791835074873 ], [ 19.37765508612372, 51.837918347233646 ], [ 19.377655073044092, 51.837918344476257 ], [ 19.377655059600578, 51.83791834250156 ], [ 19.377655045914935, 51.83791834132743 ], [ 19.3776550321111, 51.837918340964478 ], [ 19.373464152332343, 51.837931721177902 ], [ 19.373464138535272, 51.837931721628962 ], [ 19.373464124869884, 51.837931722890431 ], [ 19.373464111459935, 51.837931724950856 ], [ 19.373464098426872, 51.837931727791606 ], [ 19.373464085888724, 51.837931731386945 ], [ 19.373464073959042, 51.837931735704323 ], [ 19.373464062745857, 51.837931740704633 ], [ 19.37346405235072, 51.837931746342562 ], [ 19.373464042867774, 51.837931752567115 ], [ 19.373464034382888, 51.837931759321869 ], [ 19.373464026972911, 51.837931766545665 ], [ 19.371387043949234, 51.840186782948521 ], [ 19.371387042143088, 51.840186784709097 ], [ 19.371387038780259, 51.840186784818968 ], [ 19.367195784678476, 51.840199942625333 ], [ 19.367195781314024, 51.840199942536579 ], [ 19.367195779479161, 51.840199940787429 ], [ 19.365082006273816, 51.837958079826549 ], [ 19.365081998746032, 51.837958072649641 ], [ 19.365081990151062, 51.837958065948492 ], [ 19.365081980566757, 51.837958059783787 ], [ 19.365081970079906, 51.837958054211398 ], [ 19.365081958785478, 51.837958049281745 ], [ 19.365081946785761, 51.8379580450395 ], [ 19.365081934189423, 51.837958041523081 ], [ 19.365081921110551, 51.837958038764292 ], [ 19.365081907667562, 51.837958036788159 ], [ 19.365081893982225, 51.837958035612559 ], [ 19.365081880178469, 51.837958035248143 ], [ 19.360890990802222, 51.837970967525621 ], [ 19.360890977004999, 51.83797096797521 ], [ 19.360890963339237, 51.837970969235201 ], [ 19.360890949928695, 51.837970971294212 ], [ 19.36089093689483, 51.837970974133569 ], [ 19.360890924355658, 51.837970977727558 ], [ 19.360890912424765, 51.837970982043657 ], [ 19.360890901210169, 51.837970987042766 ], [ 19.36089089081344, 51.837970992679601 ], [ 19.36089088132875, 51.837970998903131 ], [ 19.360890872841971, 51.837971005656996 ], [ 19.360890865429976, 51.837971012879997 ], [ 19.358813251398711, 51.840225808442419 ], [ 19.358813249592068, 51.840225810202782 ], [ 19.358813246229211, 51.840225810312312 ], [ 19.354622063060578, 51.840238519886135 ], [ 19.354622049262598, 51.840238520334985 ], [ 19.354622035595973, 51.840238521594259 ], [ 19.354622022184476, 51.840238523652538 ], [ 19.354622009149551, 51.840238526491213 ], [ 19.354621996609257, 51.840238530084534 ], [ 19.354621984677156, 51.840238534400001 ], [ 19.354621973461303, 51.84023853939852 ], [ 19.354621963063273, 51.840238545034794 ], [ 19.354621953577233, 51.840238551257819 ], [ 19.35462194508909, 51.840238558011229 ], [ 19.35462193767572, 51.840238565233847 ], [ 19.352543906115336, 51.842493249972023 ], [ 19.352543904308355, 51.842493251732293 ], [ 19.352543900945314, 51.842493251841645 ], [ 19.348352424028921, 51.842505738663959 ], [ 19.34835242066433, 51.842505738574673 ], [ 19.348352418830103, 51.842505736825224 ], [ 19.346239430895043, 51.840263493669191 ], [ 19.346239429337754, 51.840263491819641 ], [ 19.346239430866593, 51.840263489961004 ], [ 19.348317675746902, 51.838008915348055 ], [ 19.348317682019125, 51.838008907721964 ], [ 19.348317687092766, 51.83800889976105 ], [ 19.348317690921863, 51.83800889153742 ], [ 19.348317693471735, 51.838008883125582 ], [ 19.348317694719302, 51.838008874601641 ], [ 19.348317694653264, 51.838008866042848 ], [ 19.348317693274215, 51.838008857526717 ], [ 19.348317690594637, 51.83800884913034 ], [ 19.348317686638811, 51.838008840929767 ], [ 19.348317681442552, 51.838008832999257 ], [ 19.348317675052925, 51.838008825410661 ], [ 19.346204940902769, 51.835766622519969 ], [ 19.34620493934564, 51.835766620670405 ], [ 19.346204940874333, 51.835766618811796 ], [ 19.34828298154228, 51.833512043454697 ], [ 19.348282987813896, 51.833512035828591 ], [ 19.348282992887032, 51.833512027867698 ], [ 19.34828299671576, 51.833512019644047 ], [ 19.348282999265386, 51.833512011232187 ], [ 19.348283000512847, 51.833512002708268 ], [ 19.348283000446816, 51.833511994149482 ], [ 19.348282999067916, 51.833511985633322 ], [ 19.348282996388622, 51.833511977236924 ], [ 19.348282992433198, 51.833511969036351 ], [ 19.348282987237472, 51.833511961105842 ], [ 19.348282980848488, 51.833511953517238 ], [ 19.346170500415017, 51.831269790892883 ], [ 19.34617049289135, 51.831269783714745 ], [ 19.346170484300462, 51.83126977701221 ], [ 19.346170474720154, 51.831269770845985 ], [ 19.346170464237183, 51.831269765271884 ], [ 19.346170452946488, 51.83126976034039 ], [ 19.346170440950324, 51.831269756096226 ], [ 19.346170428357318, 51.831269752577732 ], [ 19.346170415281527, 51.831269749816848 ], [ 19.346170401841356, 51.831269747838533 ], [ 19.346170388158527, 51.831269746660745 ], [ 19.346170374356952, 51.831269746294112 ], [ 19.341980016925852, 51.831282003945219 ], [ 19.341980013562111, 51.831282003855726 ], [ 19.341980011728584, 51.831282002106192 ], [ 19.339867867599075, 51.829039638691128 ], [ 19.339867866042436, 51.829039636841486 ], [ 19.339867867571172, 51.829039634982955 ], [ 19.341945917178666, 51.826785168980571 ], [ 19.341945923450417, 51.826785161354799 ], [ 19.341945928523923, 51.826785153394155 ], [ 19.341945932353241, 51.82678514517071 ], [ 19.341945934903684, 51.826785136758971 ], [ 19.341945936152154, 51.826785128235095 ], [ 19.341945936087342, 51.826785119676288 ], [ 19.341945934709848, 51.826785111160049 ], [ 19.341945932032136, 51.826785102763495 ], [ 19.341945928078456, 51.826785094562702 ], [ 19.341945922884619, 51.826785086631908 ], [ 19.34194591649765, 51.826785079042949 ], [ 19.339834066411171, 51.824542798912823 ], [ 19.33983405888964, 51.824542791734238 ], [ 19.339834050300972, 51.824542785031248 ], [ 19.339834040722959, 51.824542778864483 ], [ 19.339834030242329, 51.824542773289807 ], [ 19.339834018954015, 51.824542768357695 ], [ 19.339834006960228, 51.824542764112863 ], [ 19.339833994369595, 51.824542760593715 ], [ 19.339833981296131, 51.824542757832113 ], [ 19.33983396785824, 51.824542755853059 ], [ 19.339833954177614, 51.824542754674518 ], [ 19.339833940378146, 51.824542754307132 ], [ 19.335644204369647, 51.824554785140336 ], [ 19.335644201006424, 51.82455478505068 ], [ 19.335644199173409, 51.824554783301032 ], [ 19.333532685253342, 51.822312302438966 ], [ 19.3335326836972, 51.822312300589253 ], [ 19.333532685225961, 51.822312298730786 ], [ 19.335610743605169, 51.820057942056735 ], [ 19.335610749877063, 51.820057934431276 ], [ 19.335610754950935, 51.820057926470909 ], [ 19.335610758780842, 51.820057918247677 ], [ 19.335610761332088, 51.820057909836038 ], [ 19.335610762581574, 51.820057901312239 ], [ 19.335610762517984, 51.820057892753404 ], [ 19.33561076114189, 51.820057884237087 ], [ 19.335610758465762, 51.820057875840384 ], [ 19.335610754513823, 51.820057867639328 ], [ 19.33561074932188, 51.82005785970825 ], [ 19.335610742936936, 51.820057852118921 ], [ 19.333499482387925, 51.817815411563821 ], [ 19.333499480831932, 51.8178154097141 ], [ 19.333499482360551, 51.817815407855633 ], [ 19.335577336574158, 51.815561050401051 ], [ 19.33557734284544, 51.815561042775599 ], [ 19.335577347918822, 51.815561034815204 ], [ 19.335577351748356, 51.815561026591972 ], [ 19.33557735429936, 51.815561018180354 ], [ 19.335577355548729, 51.815561009656541 ], [ 19.33557735548516, 51.815561001097699 ], [ 19.335577354109212, 51.815560992581375 ], [ 19.335577351433354, 51.815560984184664 ], [ 19.33557734748182, 51.815560975983622 ], [ 19.335577342290406, 51.815560968052516 ], [ 19.335577335906102, 51.815560960463174 ], [ 19.333466288181093, 51.813318517215023 ], [ 19.333466286625256, 51.813318515365275 ], [ 19.333466288153726, 51.813318513506815 ], [ 19.335543938254606, 51.811064155271481 ], [ 19.335543944525273, 51.811064147646029 ], [ 19.335543949598161, 51.811064139685627 ], [ 19.335543953427322, 51.811064131462366 ], [ 19.335543955978086, 51.811064123050762 ], [ 19.33554395722734, 51.811064114526935 ], [ 19.335543957163786, 51.811064105968093 ], [ 19.335543955787987, 51.811064097451762 ], [ 19.33554395311241, 51.811064089055044 ], [ 19.335543949161277, 51.811064080853996 ], [ 19.335543943970386, 51.811064072922882 ], [ 19.335543937586728, 51.811064065333532 ], [ 19.33343314310477, 51.808821662393477 ], [ 19.333433135586876, 51.808821655214487 ], [ 19.333433127002159, 51.808821648510985 ], [ 19.33343311742836, 51.808821642343666 ], [ 19.333433106952175, 51.808821636768414 ], [ 19.333433095668489, 51.80882163183567 ], [ 19.333433083679484, 51.808821627590142 ], [ 19.333433071093726, 51.808821624070291 ], [ 19.333433058025207, 51.808821621307949 ], [ 19.333433044592276, 51.808821619328199 ], [ 19.333433030916574, 51.808821618148876 ], [ 19.333433017121951, 51.808821617780744 ], [ 19.329244816455741, 51.808833417890952 ], [ 19.329244802667088, 51.808833418336825 ], [ 19.329244789009238, 51.808833419593128 ], [ 19.329244775605883, 51.808833421648529 ], [ 19.329244762578409, 51.808833424484384 ], [ 19.329244750044783, 51.808833428075012 ], [ 19.329244738118526, 51.808833432387907 ], [ 19.329244726907636, 51.808833437384024 ], [ 19.329244716513642, 51.808833443018088 ], [ 19.329244707030668, 51.808833449239103 ], [ 19.329244698544606, 51.808833455990708 ], [ 19.329244691132295, 51.808833463211755 ], [ 19.327166828317626, 51.811087711382463 ], [ 19.327166826510908, 51.811087713142356 ], [ 19.327166823150137, 51.811087713250977 ], [ 19.322978249193213, 51.811099290996104 ], [ 19.32297824583101, 51.811099290906064 ], [ 19.322978243999039, 51.811099289156232 ], [ 19.32086798951882, 51.808856573645244 ], [ 19.320867987963659, 51.80885657179536 ], [ 19.320867989492491, 51.808856569937035 ], [ 19.322946064912262, 51.806602431840432 ], [ 19.322946071184447, 51.80660242421564 ], [ 19.322946076259058, 51.806602416255785 ], [ 19.322946080090134, 51.806602408032951 ], [ 19.322946082642996, 51.806602399621575 ], [ 19.322946083894507, 51.806602391097883 ], [ 19.322946083833344, 51.806602382539019 ], [ 19.32294608246006, 51.806602374022525 ], [ 19.322946079787094, 51.806602365625515 ], [ 19.322946075838644, 51.80660235742404 ], [ 19.32294607065047, 51.806602349492358 ], [ 19.322946064269562, 51.80660234190232 ], [ 19.320836062807139, 51.804359666739629 ], [ 19.32083606125213, 51.804359664889731 ], [ 19.320836062780813, 51.804359663031427 ], [ 19.322913934029106, 51.80210552411819 ], [ 19.322913940300673, 51.802105516493405 ], [ 19.322913945374786, 51.802105508533558 ], [ 19.3229139492055, 51.802105500310681 ], [ 19.322913951758114, 51.802105491899333 ], [ 19.322913953009508, 51.802105483375612 ], [ 19.322913952948369, 51.802105474816749 ], [ 19.322913951575227, 51.80210546630024 ], [ 19.322913948902535, 51.802105457903217 ], [ 19.322913944954486, 51.802105449701742 ], [ 19.322913939766838, 51.80210544177006 ], [ 19.322913933386577, 51.802105434180021 ], [ 19.320804144419149, 51.799862756361094 ], [ 19.320804142864301, 51.799862754511182 ], [ 19.320804144392834, 51.799862752652885 ] ] ] } }
]
}
