{
"type": "FeatureCollection",
"name": "krakow_hex_mask",
"crs": { "type": "name", "properties": { "name": "urn:ogc:def:crs:OGC:1.3:CRS84" } },
"features": [
{ "type": "Feature", "properties": { "name": "krakow" }, "geometry": { "type": "MultiPolygon", "coordinates": [ [ [ [ 18.926768454173601, 49.406196440969737 ], [ 18.926768454173601, 50.677719865636234 ], [ 21.089719494224436, 50.677719865636234 ], [ 21.089719494224436, 49.406196440969737 ], [ 18.926768454173601, 49.406196440969737 ] ], [ [ 19.791948871646554, 49.994203052780314 ], [ 19.793926008640504, 49.991940315969039 ], [ 19.793926010361332, 49.991940314201834 ], [ 19.79392601359244, 49.991940314080416 ], [ 19.797954077374065, 49.991912680752975 ], [ 19.79795409063135, 49.991912680254416 ], [ 19.797954103755092, 49.991912678945681 ], [ 19.79795411662645, 49.991912676838638 ], [ 19.797954129128847, 49.991912673952342 ], [ 19.797954141149059, 49.991912670312992 ], [ 19.797954152578246, 49.991912665953471 ], [ 19.79795416331288, 49.991912660913322 ], [ 19.797954173255757, 49.991912655238117 ], [ 19.79795418231684, 49.99191264897933 ], [ 19.797954190414064, 49.991912642193604 ], [ 19.797954197474091, 49.991912634942395 ], [ 19.799930920925284, 49.989649840128259 ], [ 19.799930922645817, 49.989649838360961 ], [ 19.799930925876758, 49.989649838239394 ], [ 19.803958869688927, 49.989621996839233 ], [ 19.803958872923161, 49.989621996916121 ], [ 19.803958874702065, 49.989621998659231 ], [ 19.806010393415793, 49.991856948197608 ], [ 19.806010400715355, 49.991856955349554 ], [ 19.806010409036382, 49.991856962021785 ], [ 19.806010418303515, 49.991856968153876 ], [ 19.806010428432845, 49.991856973690325 ], [ 19.806010439332617, 49.991856978580934 ], [ 19.806010450904136, 49.991856982781449 ], [ 19.806010463042611, 49.991856986253829 ], [ 19.806010475638104, 49.991856988966617 ], [ 19.806010488576547, 49.991856990895265 ], [ 19.806010501740779, 49.991856992022278 ], [ 19.806010515011572, 49.991856992337482 ], [ 19.81003855990992, 49.991828939523884 ], [ 19.81003856314431, 49.991828939600587 ], [ 19.810038564923516, 49.991828941343591 ], [ 19.812090459259593, 49.994063780671361 ], [ 19.812090466560388, 49.99406378782291 ], [ 19.812090474882638, 49.994063794494686 ], [ 19.812090484150971, 49.994063800626314 ], [ 19.812090494281449, 49.994063806162195 ], [ 19.812090505182336, 49.994063811052236 ], [ 19.812090516754914, 49.994063815252147 ], [ 19.812090528894366, 49.99406381872388 ], [ 19.812090541490772, 49.994063821436008 ], [ 19.812090554430046, 49.994063823363959 ], [ 19.812090567595014, 49.99406382449029 ], [ 19.81209058086645, 49.994063824804783 ], [ 19.816118804038034, 49.994035560012989 ], [ 19.816118807272581, 49.994035560089529 ], [ 19.816118809052089, 49.99403556183244 ], [ 19.818171079054782, 49.996270290907958 ], [ 19.818171086356806, 49.996270298059102 ], [ 19.818171094680277, 49.996270304730444 ], [ 19.818171103949808, 49.996270310861576 ], [ 19.818171114081444, 49.996270316396924 ], [ 19.818171124983444, 49.996270321286381 ], [ 19.818171136557076, 49.996270325485682 ], [ 19.818171148697523, 49.996270328956776 ], [ 19.818171161294838, 49.996270331668207 ], [ 19.818171174234941, 49.996270333595511 ], [ 19.818171187400644, 49.996270334721132 ], [ 19.818171200672715, 49.996270335034936 ], [ 19.822199524819275, 49.996241858780124 ], [ 19.82219953807747, 49.996241858278786 ], [ 19.822199551201702, 49.996241856967302 ], [ 19.822199564073113, 49.996241854857558 ], [ 19.822199576575152, 49.996241851968669 ], [ 19.822199588594579, 49.996241848326797 ], [ 19.822199600022561, 49.99624184396491 ], [ 19.822199610755597, 49.996241838922522 ], [ 19.822199620696484, 49.996241833245271 ], [ 19.822199629755197, 49.996241826984573 ], [ 19.822199637849703, 49.996241820197199 ], [ 19.822199644906703, 49.996241812944533 ], [ 19.824175400599689, 49.993978611578449 ], [ 19.824175402319479, 49.993978609810803 ], [ 19.824175405550641, 49.993978609688547 ], [ 19.828203609409464, 49.993949925389913 ], [ 19.828203622666962, 49.993949924887893 ], [ 19.828203635790395, 49.993949923575762 ], [ 19.828203648660924, 49.993949921465344 ], [ 19.828203661162004, 49.993949918575822 ], [ 19.828203673180408, 49.99394991493331 ], [ 19.828203684607292, 49.993949910570841 ], [ 19.828203695339184, 49.993949905527899 ], [ 19.828203705278892, 49.993949899850136 ], [ 19.828203714336393, 49.993949893589004 ], [ 19.82820372242967, 49.993949886801197 ], [ 19.828203729485431, 49.993949879548161 ], [ 19.830179109518134, 49.991686576950237 ], [ 19.830179111237626, 49.991686575182491 ], [ 19.83017911446861, 49.991686575060079 ], [ 19.834207197987805, 49.991657682741206 ], [ 19.83420720122221, 49.991657682817241 ], [ 19.834207203002283, 49.99165768455989 ], [ 19.836260204870431, 49.993892090817013 ], [ 19.836260212174768, 49.993892097967013 ], [ 19.836260220500311, 49.993892104637055 ], [ 19.836260229771661, 49.993892110766716 ], [ 19.836260239904853, 49.993892116300486 ], [ 19.836260250808124, 49.993892121188253 ], [ 19.836260262382734, 49.993892125385734 ], [ 19.836260274523855, 49.993892128854931 ], [ 19.836260287121547, 49.993892131564429 ], [ 19.836260300061706, 49.993892133489688 ], [ 19.836260313227154, 49.993892134613262 ], [ 19.836260326498664, 49.993892134924984 ], [ 19.840288433516527, 49.993863031678437 ], [ 19.840288446773855, 49.993863031175053 ], [ 19.840288459896922, 49.993863029861529 ], [ 19.840288472766883, 49.993863027749789 ], [ 19.840288485267198, 49.99386302485896 ], [ 19.840288497284646, 49.993863021215233 ], [ 19.840288508710405, 49.99386301685157 ], [ 19.840288519441, 49.99386301180752 ], [ 19.840288529379258, 49.993863006128713 ], [ 19.840288538435161, 49.993862999866657 ], [ 19.840288546526711, 49.993862993077997 ], [ 19.840288553580628, 49.993862985824251 ], [ 19.842263360332314, 49.99159948037201 ], [ 19.842263362051355, 49.99159947860408 ], [ 19.8422633652823, 49.991599478481348 ], [ 19.846291351825101, 49.991570167248838 ], [ 19.846291365081729, 49.991570166744751 ], [ 19.846291378203993, 49.991570165430574 ], [ 19.846291391073077, 49.991570163318173 ], [ 19.84629140357243, 49.991570160426711 ], [ 19.846291415588851, 49.991570156782338 ], [ 19.846291427013515, 49.991570152418085 ], [ 19.846291437742973, 49.991570147373473 ], [ 19.846291447680041, 49.99157014169419 ], [ 19.846291456734736, 49.99157013543163 ], [ 19.846291464825057, 49.991570128642572 ], [ 19.846291471877731, 49.99157012138847 ], [ 19.848265865166709, 49.989306558219553 ], [ 19.848265871117285, 49.989306550565999 ], [ 19.848265875912492, 49.989306542582398 ], [ 19.848265879508912, 49.989306534341068 ], [ 19.848265881873964, 49.989306525916682 ], [ 19.848265882986233, 49.989306517385479 ], [ 19.848265882835658, 49.989306508824747 ], [ 19.84826588142359, 49.989306500311997 ], [ 19.84826587876282, 49.989306491924353 ], [ 19.848265874877441, 49.989306483737735 ], [ 19.848265869802642, 49.989306475826311 ], [ 19.848265863584388, 49.989306468261717 ], [ 19.846212505940816, 49.987072274557661 ], [ 19.846212504425434, 49.987072272713974 ], [ 19.846212505875734, 49.987072270848643 ], [ 19.848186797090914, 49.984808621397306 ], [ 19.8481867988095, 49.984808619629291 ], [ 19.848186802039969, 49.984808619506389 ], [ 19.852214215314742, 49.984779105553599 ], [ 19.852214228569427, 49.984779105048837 ], [ 19.852214241689687, 49.984779103733977 ], [ 19.852214254556692, 49.984779101620951 ], [ 19.852214267053927, 49.984779098728836 ], [ 19.852214279068207, 49.984779095083859 ], [ 19.852214290490732, 49.984779090719051 ], [ 19.852214301218059, 49.984779085673892 ], [ 19.85221431115303, 49.984779079994084 ], [ 19.85221432020569, 49.984779073731097 ], [ 19.852214328294043, 49.98477906694162 ], [ 19.85221433534484, 49.984779059687149 ], [ 19.854188213242598, 49.982515352575533 ], [ 19.854188214960885, 49.982515350807454 ], [ 19.85418821819119, 49.982515350684366 ], [ 19.858215433709645, 49.982485629403634 ], [ 19.858215446963634, 49.982485628898182 ], [ 19.858215460083095, 49.982485627582655 ], [ 19.858215472949222, 49.982485625468939 ], [ 19.858215485445491, 49.982485622576206 ], [ 19.85821549745874, 49.98248561893061 ], [ 19.858215508880175, 49.982485614565206 ], [ 19.858215519606357, 49.982485609519486 ], [ 19.858215529540153, 49.982485603839187 ], [ 19.858215538591594, 49.982485597575746 ], [ 19.858215546678721, 49.982485590785842 ], [ 19.858215553728282, 49.982485583531009 ], [ 19.860189018377206, 49.98022181880502 ], [ 19.860189024324772, 49.980221811150848 ], [ 19.860189029117119, 49.980221803166764 ], [ 19.860189032710839, 49.980221794925079 ], [ 19.860189035073383, 49.980221786500444 ], [ 19.860189036183353, 49.980221777969128 ], [ 19.860189036030707, 49.980221769408395 ], [ 19.860189034616823, 49.980221760895802 ], [ 19.860189031954505, 49.980221752508413 ], [ 19.860189028067861, 49.980221744322201 ], [ 19.860189022992085, 49.980221736411281 ], [ 19.860189016773163, 49.980221728847312 ], [ 19.858135501533553, 49.977987743563105 ], [ 19.858135500018015, 49.977987741719566 ], [ 19.858135501467583, 49.977987739854115 ], [ 19.860108826402314, 49.975723932279529 ], [ 19.860108832349354, 49.97572392462537 ], [ 19.860108837141272, 49.975723916641293 ], [ 19.860108840734679, 49.975723908399594 ], [ 19.860108843097024, 49.975723899974952 ], [ 19.86010884420692, 49.975723891443636 ], [ 19.860108844054313, 49.975723882882917 ], [ 19.860108842640585, 49.975723874370303 ], [ 19.860108839978533, 49.9757238659829 ], [ 19.860108836092273, 49.97572385779668 ], [ 19.860108831017001, 49.97572384988576 ], [ 19.860108824798683, 49.975723842321763 ], [ 19.858055507308766, 49.973489852876234 ], [ 19.85805550579337, 49.973489851032696 ], [ 19.85805550724281, 49.973489849167237 ], [ 19.860028692497039, 49.971225998742987 ], [ 19.860028694214705, 49.971225996974809 ], [ 19.860028697444235, 49.971225996851565 ], [ 19.86405496463879, 49.971196077754854 ], [ 19.864054977889605, 49.971196077248777 ], [ 19.86405499100583, 49.97119607593261 ], [ 19.864055003868685, 49.971196073818255 ], [ 19.864055016361689, 49.971196070924883 ], [ 19.864055028371688, 49.971196067278711 ], [ 19.864055039789925, 49.971196062912725 ], [ 19.864055050512995, 49.971196057866493 ], [ 19.864055060443793, 49.971196052185704 ], [ 19.86405506949237, 49.971196045921779 ], [ 19.864055077576797, 49.971196039131485 ], [ 19.86405508462385, 49.971196031876303 ], [ 19.866027856872531, 49.968932123909767 ], [ 19.866027858589899, 49.968932122141481 ], [ 19.866027861819259, 49.968932122018074 ], [ 19.870054008473762, 49.968901995148343 ], [ 19.870054011706689, 49.968901995223391 ], [ 19.870054013487195, 49.968901996965485 ], [ 19.872107685818602, 49.971135773869229 ], [ 19.87210769312474, 49.971135781016997 ], [ 19.872107701451235, 49.971135787684474 ], [ 19.872107710722695, 49.971135793811271 ], [ 19.872107720855144, 49.971135799341972 ], [ 19.872107731756838, 49.971135804226371 ], [ 19.872107743329035, 49.9711358084203 ], [ 19.872107755466939, 49.971135811885773 ], [ 19.872107768060634, 49.971135814591428 ], [ 19.872107780996057, 49.971135816512714 ], [ 19.872107794156072, 49.971135817632252 ], [ 19.872107807421497, 49.971135817939917 ], [ 19.876133976992588, 49.971105480265948 ], [ 19.876133990243233, 49.971105479758492 ], [ 19.876134003359091, 49.971105478440961 ], [ 19.876134016221371, 49.971105476325263 ], [ 19.876134028713608, 49.971105473430612 ], [ 19.876134040722661, 49.97110546978319 ], [ 19.876134052139768, 49.971105465416024 ], [ 19.876134062861539, 49.971105460368669 ], [ 19.876134072790883, 49.97110545468685 ], [ 19.876134081837868, 49.971105448421994 ], [ 19.876134089920566, 49.971105441630861 ], [ 19.876134096965778, 49.971105434374955 ], [ 19.878106296263674, 49.968841324019827 ], [ 19.878106297980597, 49.9688413222514 ], [ 19.878106301209918, 49.968841322127666 ], [ 19.882132427308509, 49.968810776127945 ], [ 19.882132430541446, 49.968810776202652 ], [ 19.882132432322383, 49.968810777944555 ], [ 19.884186696435528, 49.971044380878496 ], [ 19.884186697951844, 49.971044382721672 ], [ 19.884186696503487, 49.971044384587465 ], [ 19.882214695134529, 49.973308596410739 ], [ 19.882214689191304, 49.973308604065998 ], [ 19.882214684403287, 49.973308612050992 ], [ 19.882214680813849, 49.973308620293345 ], [ 19.882214678455476, 49.973308628718442 ], [ 19.882214677349541, 49.973308637249957 ], [ 19.88221467750606, 49.973308645810611 ], [ 19.882214678923614, 49.973308654322942 ], [ 19.88221468158935, 49.973308662709812 ], [ 19.882214685479148, 49.9733086708953 ], [ 19.882214690557777, 49.973308678805246 ], [ 19.88221469677924, 49.973308686368 ], [ 19.884269080082081, 49.975542199411507 ], [ 19.884269087390685, 49.975542206558487 ], [ 19.884269095719617, 49.975542213225083 ], [ 19.884269104993461, 49.975542219350913 ], [ 19.884269115128227, 49.975542224880485 ], [ 19.88426912603213, 49.975542229763747 ], [ 19.884269137606434, 49.975542233956467 ], [ 19.884269149746306, 49.97554223742064 ], [ 19.884269162341816, 49.975542240124952 ], [ 19.884269175278899, 49.975542242044895 ], [ 19.884269188440374, 49.975542243163041 ], [ 19.884269201707074, 49.975542243469299 ], [ 19.888295802984675, 49.975511481188541 ], [ 19.888295806218064, 49.975511481263062 ], [ 19.888295807999473, 49.97551148300488 ], [ 19.890350605943944, 49.977744928301718 ], [ 19.89035061325378, 49.977744935448285 ], [ 19.890350621583931, 49.977744942114441 ], [ 19.890350630858968, 49.977744948239781 ], [ 19.890350640994889, 49.977744953768813 ], [ 19.890350651899908, 49.977744958651499 ], [ 19.89035066347526, 49.977744962843587 ], [ 19.890350675616112, 49.977744966307135 ], [ 19.890350688212539, 49.977744969010772 ], [ 19.890350701150435, 49.977744970930026 ], [ 19.89035071431265, 49.977744972047475 ], [ 19.890350727579989, 49.977744972353044 ], [ 19.894377506031528, 49.97771399801227 ], [ 19.894377509265073, 49.977713998086621 ], [ 19.894377511046784, 49.977713999828346 ], [ 19.89643268428344, 49.979947334506306 ], [ 19.896432691594509, 49.979947341652512 ], [ 19.896432699925878, 49.979947348318206 ], [ 19.896432709202106, 49.979947354443055 ], [ 19.896432719339185, 49.979947359971554 ], [ 19.896432730245316, 49.979947364853651 ], [ 19.896432741821716, 49.979947369045135 ], [ 19.896432753963559, 49.979947372508043 ], [ 19.896432766560888, 49.97994737521099 ], [ 19.896432779499612, 49.979947377129555 ], [ 19.896432792662566, 49.979947378246322 ], [ 19.896432805930534, 49.979947378551209 ], [ 19.900459684285252, 49.979916192717667 ], [ 19.900459697538022, 49.979916192207405 ], [ 19.900459710655571, 49.979916190887103 ], [ 19.900459723519099, 49.979916188768726 ], [ 19.90045973601211, 49.97991618587146 ], [ 19.900459748021472, 49.979916182221508 ], [ 19.900459759438423, 49.979916177851955 ], [ 19.900459770159568, 49.979916172802376 ], [ 19.900459780087818, 49.979916167118496 ], [ 19.900459789133254, 49.979916160851751 ], [ 19.900459797213966, 49.979916154058948 ], [ 19.900459804256769, 49.979916146801585 ], [ 19.902431211271001, 49.977651630630938 ], [ 19.902431212987334, 49.977651628862134 ], [ 19.90243121621717, 49.977651628737718 ], [ 19.90645805074795, 49.977620234552028 ], [ 19.906458053981503, 49.977620234626059 ], [ 19.906458055763647, 49.977620236367599 ], [ 19.908513781361371, 49.979853353982882 ], [ 19.908513788674206, 49.979853361128306 ], [ 19.90851379700722, 49.979853367793133 ], [ 19.908513806284954, 49.979853373917017 ], [ 19.90851381642338, 49.979853379444435 ], [ 19.908513827330694, 49.979853384325395 ], [ 19.908513838908107, 49.979853388515671 ], [ 19.908513851050781, 49.979853391977294 ], [ 19.908513863648736, 49.979853394678969 ], [ 19.9085138765879, 49.979853396596162 ], [ 19.908513889751088, 49.979853397711572 ], [ 19.908513903019092, 49.979853398015038 ], [ 19.912540760091627, 49.97982179291477 ], [ 19.912540773344233, 49.979821792403129 ], [ 19.912540786461406, 49.979821791081484 ], [ 19.912540799324361, 49.979821788961758 ], [ 19.912540811816605, 49.979821786063191 ], [ 19.912540823825012, 49.979821782411996 ], [ 19.912540835240833, 49.97982177804127 ], [ 19.91254084596067, 49.979821772990583 ], [ 19.912540855887471, 49.979821767305658 ], [ 19.912540864931305, 49.979821761038004 ], [ 19.912540873010286, 49.979821754244348 ], [ 19.91254088005125, 49.979821746986275 ], [ 19.914511713428812, 49.977557028669906 ], [ 19.914511715144691, 49.977557026900911 ], [ 19.914511718374495, 49.977557026776175 ], [ 19.918538531483755, 49.977525213343547 ], [ 19.918538534717314, 49.977525213417223 ], [ 19.918538536499881, 49.977525215158565 ], [ 19.92059481430616, 49.97975811561431 ], [ 19.920594821620753, 49.979758122758966 ], [ 19.920594829955409, 49.979758129422898 ], [ 19.920594839234639, 49.979758135545801 ], [ 19.920594849374424, 49.979758141072175 ], [ 19.920594860282915, 49.979758145951983 ], [ 19.92059487186134, 49.979758150141052 ], [ 19.920594884004842, 49.979758153601416 ], [ 19.920594896603436, 49.979758156301749 ], [ 19.920594909543034, 49.979758158217592 ], [ 19.920594922706456, 49.979758159331624 ], [ 19.920594935974488, 49.979758159633739 ], [ 19.924621771480794, 49.979726135272095 ], [ 19.924621784733223, 49.979726134759062 ], [ 19.924621797850019, 49.979726133436046 ], [ 19.924621810712395, 49.979726131315005 ], [ 19.924621823203875, 49.979726128415138 ], [ 19.924621835211333, 49.979726124762699 ], [ 19.924621846626014, 49.979726120390787 ], [ 19.924621857344555, 49.979726115338977 ], [ 19.924621867269892, 49.979726109653022 ], [ 19.924621876312131, 49.979726103384451 ], [ 19.924621884389385, 49.979726096589964 ], [ 19.924621891428508, 49.979726089331152 ], [ 19.926592151037948, 49.977461168971303 ], [ 19.926592152753379, 49.977461167202158 ], [ 19.92659215598313, 49.97746116707706 ], [ 19.930618870171514, 49.977428935022296 ], [ 19.930618883423232, 49.977428934508588 ], [ 19.930618896539233, 49.977428933184896 ], [ 19.930618909400732, 49.977428931063187 ], [ 19.930618921891249, 49.977428928162666 ], [ 19.930618933897669, 49.977428924509624 ], [ 19.930618945311263, 49.977428920137129 ], [ 19.930618956028663, 49.977428915084772 ], [ 19.930618965952814, 49.97742890939832 ], [ 19.930618974993838, 49.977428903129265 ], [ 19.930618983069859, 49.977428896334381 ], [ 19.93061899010775, 49.977428889075213 ], [ 19.932588836673755, 49.975163911541955 ], [ 19.932588842609178, 49.975163903884145 ], [ 19.93258884738901, 49.975163895897154 ], [ 19.93258885096996, 49.975163887653281 ], [ 19.932588853319608, 49.975163879227203 ], [ 19.932588854416668, 49.975163870695305 ], [ 19.9325888542512, 49.975163862134728 ], [ 19.932588852824718, 49.975163853623066 ], [ 19.932588850150122, 49.975163845237425 ], [ 19.932588846251647, 49.975163837053685 ], [ 19.932588841164598, 49.975163829146005 ], [ 19.932588834935032, 49.975163821585966 ], [ 19.930532203653858, 49.972931134018005 ], [ 19.93053220213573, 49.972931132175439 ], [ 19.930532203582334, 49.972931130309078 ], [ 19.932501949050344, 49.970666066660542 ], [ 19.932501950765321, 49.970666064891297 ], [ 19.93250195399461, 49.970666064766029 ], [ 19.936528171633494, 49.970633630178547 ], [ 19.936528174866616, 49.97063363025174 ], [ 19.936528176649578, 49.970633631992797 ], [ 19.938584984526223, 49.972866213106379 ], [ 19.938584991842408, 49.972866220249898 ], [ 19.938585000178328, 49.972866226912572 ], [ 19.938585009458485, 49.972866233034033 ], [ 19.938585019598843, 49.972866238558829 ], [ 19.938585030507568, 49.97286624343694 ], [ 19.938585042085869, 49.972866247624218 ], [ 19.938585054228891, 49.972866251082692 ], [ 19.938585066826661, 49.972866253781099 ], [ 19.938585079765097, 49.97286625569496 ], [ 19.938585092927017, 49.972866256806959 ], [ 19.938585106193237, 49.972866257107007 ], [ 19.942611345968061, 49.972833611619123 ], [ 19.942611359218372, 49.972833611104079 ], [ 19.942611372332777, 49.972833609779016 ], [ 19.94261138519251, 49.972833607655993 ], [ 19.942611397681098, 49.972833604754186 ], [ 19.942611409685458, 49.972833601099907 ], [ 19.942611421096863, 49.972833596726247 ], [ 19.942611431811979, 49.972833591672796 ], [ 19.942611441733767, 49.97283358598532 ], [ 19.942611450772361, 49.972833579715342 ], [ 19.942611458845931, 49.972833572919626 ], [ 19.942611465881342, 49.972833565659741 ], [ 19.944580599830264, 49.970568343602039 ], [ 19.944580601544793, 49.970568341832617 ], [ 19.944580604774035, 49.970568341707015 ], [ 19.948606723088339, 49.970535488617045 ], [ 19.948606736337954, 49.970535488101319 ], [ 19.948606749451564, 49.970535486775603 ], [ 19.948606762310401, 49.970535484651883 ], [ 19.948606774798034, 49.970535481749465 ], [ 19.948606786801356, 49.970535478094561 ], [ 19.948606798211678, 49.970535473720311 ], [ 19.94860680892565, 49.970535468666306 ], [ 19.948606818846251, 49.970535462978333 ], [ 19.948606827883637, 49.970535456707893 ], [ 19.948606835955971, 49.970535449911765 ], [ 19.948606842990149, 49.970535442651531 ], [ 19.950575601820784, 49.968270120110489 ], [ 19.950575603535011, 49.968270118340975 ], [ 19.95057560676408, 49.968270118215223 ], [ 19.954601526366346, 49.968237058182162 ], [ 19.954601539615254, 49.96823705766576 ], [ 19.954601552728068, 49.968237056339362 ], [ 19.954601565586024, 49.968237054215017 ], [ 19.95460157807269, 49.968237051311938 ], [ 19.954601590074986, 49.968237047656423 ], [ 19.954601601484207, 49.968237043281576 ], [ 19.954601612197038, 49.968237038227038 ], [ 19.95460162211646, 49.968237032538532 ], [ 19.954601631152634, 49.968237026267637 ], [ 19.954601639223743, 49.968237019471111 ], [ 19.954601646256673, 49.968237012210487 ], [ 19.956570030019996, 49.965971589227458 ], [ 19.956570031733918, 49.965971587457858 ], [ 19.956570034962812, 49.96597158733195 ], [ 19.960595833005719, 49.965938319750876 ], [ 19.96059583623855, 49.965938319823401 ], [ 19.960595838022194, 49.965938321564096 ], [ 19.962653550133918, 49.968170472336098 ], [ 19.962653557452917, 49.968170479478097 ], [ 19.962653565791317, 49.968170486138995 ], [ 19.962653575073588, 49.968170492258508 ], [ 19.962653585215676, 49.96817049778123 ], [ 19.962653596125737, 49.968170502657067 ], [ 19.962653607704961, 49.968170506841943 ], [ 19.962653619848481, 49.968170510297917 ], [ 19.962653632446337, 49.968170512993687 ], [ 19.962653645384417, 49.968170514904877 ], [ 19.962653658545584, 49.968170516014155 ], [ 19.962653671810621, 49.968170516311446 ], [ 19.96667956887044, 49.968137037191504 ], [ 19.96667957210343, 49.968137037263887 ], [ 19.966679573887372, 49.968137039004461 ], [ 19.968737700526297, 49.970369121599191 ], [ 19.9687377020458, 49.970369123441266 ], [ 19.968737700600759, 49.970369125308089 ], [ 19.966769714537985, 49.972634750743673 ], [ 19.966769708608318, 49.972634758403217 ], [ 19.966769703834409, 49.972634766391586 ], [ 19.966769700259491, 49.972634774636489 ], [ 19.966769697915943, 49.972634783063192 ], [ 19.966769696824986, 49.972634791595425 ], [ 19.966769696996497, 49.972634800155895 ], [ 19.966769698428926, 49.972634808667117 ], [ 19.966769701109303, 49.972634817051919 ], [ 19.966769705013352, 49.972634825234508 ], [ 19.966769710105709, 49.972634833140653 ], [ 19.96676971634027, 49.972634840698809 ], [ 19.968828002460469, 49.974866876019945 ], [ 19.968828003980118, 49.974866877862006 ], [ 19.968828002534945, 49.974866879728829 ], [ 19.966859840266242, 49.977132506011429 ], [ 19.966859834336056, 49.977132513670981 ], [ 19.96685982956172, 49.977132521659357 ], [ 19.966859825986493, 49.977132529904239 ], [ 19.966859823642761, 49.977132538330935 ], [ 19.966859822551722, 49.977132546863174 ], [ 19.966859822723283, 49.97713255542363 ], [ 19.966859824155872, 49.977132563934831 ], [ 19.966859826836522, 49.977132572319647 ], [ 19.966859830740958, 49.977132580502186 ], [ 19.966859835833819, 49.977132588408345 ], [ 19.966859842068981, 49.977132595966488 ], [ 19.968918287710199, 49.979364584014476 ], [ 19.968918295031852, 49.979364591156049 ], [ 19.968918303373062, 49.979364597816478 ], [ 19.9689183126583, 49.979364603935473 ], [ 19.968918322803471, 49.979364609457605 ], [ 19.968918333716697, 49.979364614332844 ], [ 19.968918345299155, 49.979364618517046 ], [ 19.968918357445947, 49.979364621972337 ], [ 19.968918370047071, 49.979364624667419 ], [ 19.968918382988406, 49.979364626577869 ], [ 19.968918396152755, 49.979364627686394 ], [ 19.968918409420905, 49.979364627982974 ], [ 19.972945155821872, 49.979330926630844 ], [ 19.972945169073604, 49.979330926112311 ], [ 19.972945182188884, 49.979330924783838 ], [ 19.972945195048958, 49.979330922657432 ], [ 19.972945207537357, 49.979330919752378 ], [ 19.972945219540982, 49.97933091609498 ], [ 19.972945230951122, 49.979330911718336 ], [ 19.972945241664451, 49.979330906662085 ], [ 19.972945251583955, 49.979330900972052 ], [ 19.972945260619781, 49.979330894699729 ], [ 19.972945268690118, 49.979330887901938 ], [ 19.97294527572187, 49.979330880640234 ], [ 19.974913238947313, 49.977065153129672 ], [ 19.974913240660953, 49.977065151359788 ], [ 19.974913243890537, 49.977065151233361 ], [ 19.978939868418518, 49.97703124229988 ], [ 19.978939881669543, 49.977031241780658 ], [ 19.978939894784027, 49.97703124045151 ], [ 19.978939907643216, 49.977031238324443 ], [ 19.978939920130649, 49.97703123541875 ], [ 19.978939932133237, 49.977031231760733 ], [ 19.978939943542287, 49.977031227383492 ], [ 19.978939954254475, 49.977031222326708 ], [ 19.978939964172788, 49.977031216636163 ], [ 19.978939973207407, 49.977031210363393 ], [ 19.978939981276515, 49.977031203565161 ], [ 19.97893998830703, 49.977031196303109 ], [ 19.980907538562487, 49.974765411902787 ], [ 19.980907544490162, 49.974765404242532 ], [ 19.980907549261925, 49.974765396253602 ], [ 19.980907552834569, 49.974765388008265 ], [ 19.980907555175747, 49.974765379581299 ], [ 19.980907556264238, 49.974765371048953 ], [ 19.980907556090205, 49.97476536248854 ], [ 19.980907554655214, 49.97476535397751 ], [ 19.980907551972269, 49.974765345593021 ], [ 19.980907548065655, 49.974765337410972 ], [ 19.980907542970755, 49.974765329505438 ], [ 19.980907536733714, 49.974765321948048 ], [ 19.97884869931152, 49.972533504234988 ], [ 19.978848697791562, 49.972533502393055 ], [ 19.978848699236288, 49.972533500526119 ], [ 19.980816148888252, 49.970267630106399 ], [ 19.980816150601438, 49.970267628336458 ], [ 19.980816153830553, 49.970267628209861 ], [ 19.984842281283743, 49.970233517120896 ], [ 19.984842284516887, 49.970233517192717 ], [ 19.984842286301564, 49.970233518933043 ], [ 19.986901299736662, 49.972465230067591 ], [ 19.986901307059892, 49.972465237208027 ], [ 19.986901315402367, 49.972465243867163 ], [ 19.986901324688521, 49.972465249984722 ], [ 19.986901334834265, 49.972465255505263 ], [ 19.986901345747718, 49.972465260378826 ], [ 19.986901357330041, 49.972465264561251 ], [ 19.986901369476346, 49.972465268014652 ], [ 19.986901382076638, 49.972465270707772 ], [ 19.986901395016801, 49.972465272616233 ], [ 19.986901408179655, 49.972465273722754 ], [ 19.986901421445982, 49.972465274017281 ], [ 19.990927570456009, 49.972430951970814 ], [ 19.990927583705624, 49.972430951450271 ], [ 19.990927596818509, 49.972430950119758 ], [ 19.990927609675925, 49.972430947991384 ], [ 19.990927622161433, 49.972430945084405 ], [ 19.990927634161956, 49.972430941425152 ], [ 19.990927645568821, 49.972430937046745 ], [ 19.990927656278718, 49.97243093198886 ], [ 19.990927666194668, 49.972430926297299 ], [ 19.990927675226864, 49.972430920023591 ], [ 19.990927683293506, 49.972430913224557 ], [ 19.990927690321541, 49.97243090596178 ], [ 19.992894527975249, 49.970164877557799 ], [ 19.992894529687987, 49.970164875787674 ], [ 19.992894532917052, 49.970164875660757 ], [ 19.996920637114229, 49.970130345460674 ], [ 19.996920640347387, 49.970130345532169 ], [ 19.996920642132491, 49.97013034727231 ], [ 19.998980206574224, 49.972361840670445 ], [ 19.998980213899209, 49.972361847810106 ], [ 19.998980222243318, 49.97236185446836 ], [ 19.998980231530972, 49.972361860584947 ], [ 19.998980241678058, 49.972361866104428 ], [ 19.998980252592691, 49.972361870976833 ], [ 19.998980264176023, 49.97236187515805 ], [ 19.998980276323149, 49.972361878610187 ], [ 19.998980288924066, 49.972361881301993 ], [ 19.998980301864659, 49.972361883209118 ], [ 19.998980315027737, 49.972361884314253 ], [ 19.998980328294092, 49.972361884607402 ], [ 20.003006531108809, 49.97232714276813 ], [ 20.003006534342116, 49.972327142839468 ], [ 20.003006536127515, 49.972327144579495 ], [ 20.005066475701042, 49.974558526785081 ], [ 20.005066483027264, 49.974558533924338 ], [ 20.005066491372588, 49.974558540582159 ], [ 20.005066500661428, 49.974558546698248 ], [ 20.005066510809677, 49.974558552217189 ], [ 20.005066521725414, 49.974558557089019 ], [ 20.00506653330979, 49.974558561269603 ], [ 20.0050665454579, 49.9745585647211 ], [ 20.005066558059728, 49.974558567412259 ], [ 20.005066571001141, 49.974558569318681 ], [ 20.005066584164947, 49.97455857042312 ], [ 20.005066597431934, 49.974558570715558 ], [ 20.009092976015332, 49.974523616544346 ], [ 20.009092979248795, 49.974523616615521 ], [ 20.009092981034502, 49.974523618355441 ], [ 20.011153295783252, 49.976754889326855 ], [ 20.011153303110707, 49.976754896465714 ], [ 20.011153311457257, 49.976754903123101 ], [ 20.011153320747287, 49.976754909238679 ], [ 20.011153330896683, 49.97675491475708 ], [ 20.011153341813525, 49.97675491962832 ], [ 20.011153353398949, 49.976754923808301 ], [ 20.011153365548044, 49.976754927259151 ], [ 20.011153378150773, 49.976754929949635 ], [ 20.011153391093007, 49.976754931855382 ], [ 20.011153404257545, 49.976754932959111 ], [ 20.011153417525161, 49.976754933250874 ], [ 20.015179971826047, 49.97671976671576 ], [ 20.015179975059667, 49.976719766786744 ], [ 20.015179976845669, 49.9767197685266 ], [ 20.017240706330259, 49.978950971006071 ], [ 20.017240707851883, 49.978950972847485 ], [ 20.017240706408465, 49.97895097471492 ], [ 20.015274666396465, 49.98121740762538 ], [ 20.015274660473505, 49.981217415287325 ], [ 20.015274655706829, 49.981217423277663 ], [ 20.015274652139606, 49.981217431523994 ], [ 20.015274649804155, 49.981217439951607 ], [ 20.015274648721611, 49.981217448484237 ], [ 20.015274648901784, 49.981217457044558 ], [ 20.015274650343038, 49.981217465555112 ], [ 20.015274653032325, 49.981217473938749 ], [ 20.015274656945287, 49.981217482119625 ], [ 20.015274662046494, 49.981217490023568 ], [ 20.015274668289745, 49.981217497579067 ], [ 20.017335518339515, 49.983448609878288 ], [ 20.017335525668912, 49.983448617016762 ], [ 20.017335534017477, 49.983448623673674 ], [ 20.017335543309589, 49.983448629788739 ], [ 20.017335553461105, 49.983448635306587 ], [ 20.017335564380087, 49.983448640177244 ], [ 20.01733557596766, 49.983448644356564 ], [ 20.017335588118872, 49.983448647806739 ], [ 20.017335600723694, 49.983448650496548 ], [ 20.01733561366796, 49.983448652401592 ], [ 20.017335626834463, 49.983448653504603 ], [ 20.017335640103944, 49.983448653795641 ], [ 20.021362745380475, 49.983413269261533 ], [ 20.021362748614543, 49.983413269332338 ], [ 20.021362750401021, 49.983413271072081 ], [ 20.023424054853095, 49.98564435760246 ], [ 20.023424056375163, 49.98564435944381 ], [ 20.023424054931795, 49.98564436131128 ], [ 20.021458001206781, 49.987910939777294 ], [ 20.021457999494487, 49.987910941547831 ], [ 20.021457996264321, 49.987910941675565 ], [ 20.017430515583712, 49.98794633181388 ], [ 20.017430502330175, 49.987946332337508 ], [ 20.017430489213847, 49.987946333671012 ], [ 20.017430476353525, 49.987946335802341 ], [ 20.017430463865654, 49.987946338712185 ], [ 20.017430451863341, 49.98794634237418 ], [ 20.017430440455271, 49.98794634675518 ], [ 20.017430429744767, 49.987946351815516 ], [ 20.017430419828816, 49.987946357509308 ], [ 20.017430410797225, 49.987946363785078 ], [ 20.01743040273178, 49.987946370585931 ], [ 20.017430395705532, 49.987946377850271 ], [ 20.015464041936113, 49.990212769249773 ], [ 20.015464036012098, 49.990212776911726 ], [ 20.015464031244587, 49.990212784902056 ], [ 20.015464027676764, 49.990212793148373 ], [ 20.015464025340929, 49.990212801576 ], [ 20.015464024258236, 49.990212810108602 ], [ 20.015464024438501, 49.990212818668937 ], [ 20.015464025880078, 49.990212827179441 ], [ 20.015464028569927, 49.990212835563078 ], [ 20.015464032483674, 49.990212843743898 ], [ 20.015464037585886, 49.99021285164784 ], [ 20.015464043830352, 49.990212859203304 ], [ 20.017525332754403, 49.992444005061188 ], [ 20.017525334276467, 49.992444006902595 ], [ 20.017525332832669, 49.992444008770001 ], [ 20.015558765561373, 49.994710444606326 ], [ 20.015558759636829, 49.994710452268301 ], [ 20.015558754868902, 49.994710460258624 ], [ 20.01555875130077, 49.994710468504941 ], [ 20.01555874896474, 49.994710476932546 ], [ 20.015558747881979, 49.994710485465156 ], [ 20.01555874806229, 49.994710494025483 ], [ 20.015558749504034, 49.994710502535987 ], [ 20.015558752194156, 49.99471051091961 ], [ 20.015558756108302, 49.994710519100416 ], [ 20.015558761211015, 49.994710527004351 ], [ 20.015558767456085, 49.994710534559786 ], [ 20.017620256133704, 49.996941675804372 ], [ 20.017620257655921, 49.996941677645772 ], [ 20.017620256211988, 49.996941679513192 ], [ 20.015653513100713, 49.999208116325889 ], [ 20.015653507175642, 49.999208123987863 ], [ 20.015653502407297, 49.999208131978179 ], [ 20.015653498838859, 49.999208140224496 ], [ 20.015653496502644, 49.999208148652102 ], [ 20.015653495419809, 49.999208157184704 ], [ 20.015653495600162, 49.999208165745017 ], [ 20.01565349704207, 49.999208174255507 ], [ 20.015653499732473, 49.999208182639116 ], [ 20.015653503647009, 49.999208190819942 ], [ 20.015653508750223, 49.999208198723849 ], [ 20.015653514995901, 49.999208206279278 ], [ 20.017715163942064, 50.001439300126613 ], [ 20.017715171274293, 50.001439307265009 ], [ 20.017715179626059, 50.001439313921857 ], [ 20.017715188921724, 50.001439320036837 ], [ 20.017715199077099, 50.0014393255546 ], [ 20.017715210000222, 50.001439330425193 ], [ 20.017715221592173, 50.001439334604441 ], [ 20.017715233747971, 50.001439338054567 ], [ 20.017715246357529, 50.00143934074427 ], [ 20.017715259306652, 50.001439342649235 ], [ 20.017715272478078, 50.001439343752175 ], [ 20.017715285752516, 50.001439344043142 ], [ 20.021743815962143, 50.001403937766305 ], [ 20.021743829219321, 50.001403937242159 ], [ 20.021743842339177, 50.001403935908144 ], [ 20.021743855202889, 50.001403933776331 ], [ 20.021743867693967, 50.001403930865997 ], [ 20.021743879699283, 50.001403927203562 ], [ 20.02174389111012, 50.001403922822121 ], [ 20.021743901823136, 50.001403917761387 ], [ 20.021743911741314, 50.001403912067225 ], [ 20.021743920774835, 50.001403905791122 ], [ 20.021743928841886, 50.001403898989977 ], [ 20.021743935869416, 50.001403891725388 ], [ 20.023710479128408, 49.99913735374588 ], [ 20.023710480841025, 49.999137351975314 ], [ 20.023710484071934, 49.999137351847509 ], [ 20.027738891633685, 49.999101737937742 ], [ 20.027738904890157, 49.999101737412914 ], [ 20.027738918009206, 49.999101736078224 ], [ 20.02773893087204, 49.999101733945722 ], [ 20.027738943362145, 49.999101731034784 ], [ 20.027738955366424, 49.999101727371695 ], [ 20.027738966776166, 49.999101722989693 ], [ 20.027738977488035, 49.999101717928419 ], [ 20.02773898740503, 49.999101712233724 ], [ 20.027738996437332, 49.99910170595718 ], [ 20.027739004503154, 49.999101699155624 ], [ 20.027739011529441, 49.999101691890651 ], [ 20.029705179104067, 49.996835053762638 ], [ 20.029705180816379, 49.99683505199198 ], [ 20.029705184047113, 49.996835051864011 ], [ 20.033733468909745, 49.996799230345111 ], [ 20.033733472144725, 49.996799230415569 ], [ 20.033733473932145, 49.996799232155105 ], [ 20.035795889621284, 49.999030043777893 ], [ 20.035795896955808, 49.999030050915124 ], [ 20.035795905309627, 49.999030057570671 ], [ 20.035795914607089, 49.999030063684216 ], [ 20.035795924764003, 49.999030069200373 ], [ 20.03579593568838, 49.999030074069232 ], [ 20.035795947281283, 49.99903007824669 ], [ 20.035795959437735, 49.999030081694897 ], [ 20.035795972047644, 49.999030084382653 ], [ 20.035795984996803, 49.9990300862856 ], [ 20.035795998167952, 49.999030087386508 ], [ 20.035796011441807, 49.999030087675379 ], [ 20.03982431745543, 49.998994054941527 ], [ 20.039824330711717, 49.998994054415334 ], [ 20.039824343830389, 49.998994053079265 ], [ 20.039824356692627, 49.998994050945427 ], [ 20.039824369181957, 49.998994048033197 ], [ 20.039824381185277, 49.998994044368864 ], [ 20.039824392593875, 49.998994039985668 ], [ 20.039824403304436, 49.998994034923292 ], [ 20.039824413219957, 49.998994029227575 ], [ 20.039824422250661, 49.998994022950079 ], [ 20.039824430314745, 49.998994016147712 ], [ 20.039824437339185, 49.998994008882036 ], [ 20.041790029246908, 49.996727169541323 ], [ 20.041790030958765, 49.99672716777048 ], [ 20.041790034189454, 49.996727167642184 ], [ 20.045818294612818, 49.996690926637775 ], [ 20.045818297847806, 49.996690926707913 ], [ 20.045818299635659, 49.996690928447258 ], [ 20.047881266544884, 49.998921521738851 ], [ 20.04788127388116, 49.998921528875314 ], [ 20.04788128223662, 49.998921535529966 ], [ 20.047881291535582, 49.998921541642552 ], [ 20.047881301693831, 49.998921547157636 ], [ 20.047881312619388, 49.998921552025358 ], [ 20.047881324213296, 49.998921556201587 ], [ 20.047881336370565, 49.998921559648544 ], [ 20.0478813489811, 49.998921562334964 ], [ 20.047881361930688, 49.998921564236547 ], [ 20.047881375102062, 49.998921565336083 ], [ 20.047881388375931, 49.998921565623576 ], [ 20.051909747051916, 49.998885112689806 ], [ 20.051909750287056, 49.998885112759758 ], [ 20.051909752075208, 49.998885114499018 ], [ 20.053973094652761, 50.001115596229667 ], [ 20.05397310199028, 50.00111560336574 ], [ 20.053973110346952, 50.00111561001993 ], [ 20.053973119647107, 50.001115616132012 ], [ 20.053973129806518, 50.001115621646555 ], [ 20.053973140733177, 50.001115626513695 ], [ 20.053973152328137, 50.001115630689313 ], [ 20.05397316448639, 50.001115634135616 ], [ 20.05397317709782, 50.001115636821375 ], [ 20.053973190048236, 50.00111563872229 ], [ 20.053973203220334, 50.001115639821109 ], [ 20.053973216494835, 50.001115640107912 ], [ 20.058001750615663, 50.001078974519238 ], [ 20.058001753850956, 50.001078974589014 ], [ 20.05800175563941, 50.001078976328181 ], [ 20.060065473928617, 50.003309346456213 ], [ 20.060065481267369, 50.003309353591902 ], [ 20.060065489625263, 50.00330936024563 ], [ 20.060065498926608, 50.003309366357215 ], [ 20.060065509087178, 50.003309371871239 ], [ 20.060065520014941, 50.003309376737782 ], [ 20.060065531610952, 50.003309380912796 ], [ 20.060065543770182, 50.003309384358445 ], [ 20.060065556382522, 50.003309387043529 ], [ 20.060065569333752, 50.003309388943748 ], [ 20.060065582506578, 50.003309390041856 ], [ 20.060065595781722, 50.003309390327992 ], [ 20.0640943052959, 50.003272512052469 ], [ 20.064094308531342, 50.003272512122088 ], [ 20.064094310320101, 50.003272513861155 ], [ 20.066158404364277, 50.005502772344904 ], [ 20.066158411704258, 50.005502779480182 ], [ 20.066158420063381, 50.005502786133455 ], [ 20.066158429365913, 50.005502792244542 ], [ 20.066158439527634, 50.005502797758012 ], [ 20.066158450456509, 50.005502802623987 ], [ 20.066158462053565, 50.005502806798376 ], [ 20.066158474213779, 50.005502810243385 ], [ 20.066158486827025, 50.005502812927794 ], [ 20.066158499779075, 50.005502814827338 ], [ 20.066158512952629, 50.00550281592475 ], [ 20.066158526228396, 50.005502816210168 ], [ 20.070187411084419, 50.00546572521592 ], [ 20.070187414320021, 50.005465725285362 ], [ 20.070187416109079, 50.005465727024315 ], [ 20.072251925541192, 50.007695916586556 ], [ 20.072251927065825, 50.00769591842721 ], [ 20.072251925623711, 50.007695920295291 ], [ 20.070287335307533, 50.009963265017426 ], [ 20.070287329389899, 50.009963272682143 ], [ 20.070287324629607, 50.00996328067464 ], [ 20.070287321069781, 50.009963288922563 ], [ 20.070287318742636, 50.009963297351199 ], [ 20.070287317669273, 50.009963305884227 ], [ 20.0702873178594, 50.009963314444356 ], [ 20.070287319311298, 50.009963322954121 ], [ 20.070287322011811, 50.009963331336373 ], [ 20.070287325936491, 50.009963339515252 ], [ 20.070287331049794, 50.009963347416679 ], [ 20.070287337305416, 50.009963354969102 ], [ 20.072352007706911, 50.012193496994414 ], [ 20.072352009231697, 50.012193498835082 ], [ 20.072352007789448, 50.012193500703148 ], [ 20.070387242139688, 50.014460846545866 ], [ 20.070387236221528, 50.014460854210583 ], [ 20.070387231460824, 50.014460862203094 ], [ 20.070387227900685, 50.014460870451011 ], [ 20.070387225573366, 50.014460878879653 ], [ 20.070387224499925, 50.01446088741266 ], [ 20.070387224690101, 50.014460895972817 ], [ 20.070387226142167, 50.014460904482547 ], [ 20.070387228842964, 50.014460912864799 ], [ 20.070387232768041, 50.014460921043671 ], [ 20.07038723788185, 50.014460928945056 ], [ 20.070387244138079, 50.014460936497478 ], [ 20.072452115146532, 50.01669107375055 ], [ 20.072452116671471, 50.016691075591204 ], [ 20.07245211522909, 50.016691077459278 ], [ 20.070487174202452, 50.018958424423182 ], [ 20.070487168283766, 50.018958432087899 ], [ 20.070487163522646, 50.018958440080389 ], [ 20.070487159962205, 50.018958448328306 ], [ 20.070487157634698, 50.018958456756963 ], [ 20.070487156561196, 50.018958465289977 ], [ 20.070487156751415, 50.018958473850098 ], [ 20.070487158203647, 50.018958482359835 ], [ 20.070487160904719, 50.018958490742065 ], [ 20.070487164830194, 50.01895849892091 ], [ 20.070487169944503, 50.018958506822322 ], [ 20.07048717620135, 50.018958514374702 ], [ 20.072552247868362, 50.021188646855009 ], [ 20.072552249393439, 50.021188648695677 ], [ 20.072552247950942, 50.021188650563758 ], [ 20.070587131504116, 50.023455998649396 ], [ 20.0705871255849, 50.023456006314106 ], [ 20.070587120823365, 50.023456014306603 ], [ 20.070587117262626, 50.023456022554527 ], [ 20.070587114934927, 50.023456030983141 ], [ 20.070587113861354, 50.023456039516169 ], [ 20.070587114051623, 50.023456048076305 ], [ 20.070587115504015, 50.023456056586006 ], [ 20.070587118205378, 50.023456064968229 ], [ 20.070587122131247, 50.023456073147088 ], [ 20.070587127246064, 50.023456081048458 ], [ 20.070587133503508, 50.023456088600824 ], [ 20.072652405880696, 50.025686216307875 ], [ 20.072652407405926, 50.025686218148508 ], [ 20.0726524059633, 50.025686220016595 ], [ 20.070687114052962, 50.02795356922455 ], [ 20.070687108133221, 50.02795357688926 ], [ 20.07068710337127, 50.027953584881772 ], [ 20.070687099810225, 50.027953593129695 ], [ 20.070687097482338, 50.027953601558309 ], [ 20.070687096408694, 50.027953610091323 ], [ 20.070687096599013, 50.027953618651452 ], [ 20.070687098051572, 50.027953627161146 ], [ 20.070687100753215, 50.027953635543362 ], [ 20.070687104679479, 50.027953643722199 ], [ 20.070687109794807, 50.027953651623569 ], [ 20.070687116052863, 50.027953659175928 ], [ 20.072752549582926, 50.030183739345134 ], [ 20.072752556927703, 50.030183746479928 ], [ 20.072752565292053, 50.030183753132704 ], [ 20.072752574600237, 50.030183759243165 ], [ 20.072752584767958, 50.030183764756011 ], [ 20.072752595703129, 50.030183769621303 ], [ 20.072752607306718, 50.030183773794967 ], [ 20.072752619473658, 50.030183777239223 ], [ 20.072752632093746, 50.030183779922872 ], [ 20.072752645052695, 50.030183781821613 ], [ 20.072752658233149, 50.030183782918243 ], [ 20.072752671515747, 50.030183783202844 ], [ 20.076783612055923, 50.030146449902354 ], [ 20.076783615293191, 50.030146449971603 ], [ 20.076783617083414, 50.030146451710451 ], [ 20.078849466534852, 50.032376462828225 ], [ 20.078849473880858, 50.032376469962649 ], [ 20.078849482246437, 50.032376476614949 ], [ 20.078849491555815, 50.032376482724928 ], [ 20.078849501724687, 50.032376488237219 ], [ 20.078849512660966, 50.032376493101921 ], [ 20.078849524265618, 50.032376497274981 ], [ 20.078849536433527, 50.032376500718584 ], [ 20.078849549054524, 50.032376503401551 ], [ 20.078849562014295, 50.032376505299602 ], [ 20.078849575195481, 50.032376506395558 ], [ 20.078849588478707, 50.032376506679448 ], [ 20.082880704474064, 50.032338960427452 ], [ 20.082880707711485, 50.032338960496539 ], [ 20.08288070950201, 50.032338962235286 ], [ 20.084946974936258, 50.034568904254904 ], [ 20.084946976462245, 50.034568906095394 ], [ 20.084946975019839, 50.034568907963617 ], [ 20.082981909419587, 50.036836460539512 ], [ 20.082981903500745, 50.036836468204832 ], [ 20.082981898739984, 50.036836476197813 ], [ 20.082981895180421, 50.036836484446098 ], [ 20.082981892854285, 50.036836492874947 ], [ 20.082981891782648, 50.03683650140804 ], [ 20.082981891975209, 50.036836509968111 ], [ 20.082981893430237, 50.036836518477628 ], [ 20.082981896134534, 50.036836526859545 ], [ 20.082981900063629, 50.036836535037928 ], [ 20.082981905181931, 50.036836542938708 ], [ 20.082981911443088, 50.036836550490385 ], [ 20.085048298633954, 50.039066402180161 ], [ 20.085048305981918, 50.03906640931416 ], [ 20.085048314349518, 50.039066415966005 ], [ 20.085048323660978, 50.039066422075443 ], [ 20.085048333831981, 50.039066427587187 ], [ 20.085048344770414, 50.039066432451278 ], [ 20.0850483563772, 50.039066436623699 ], [ 20.085048368547252, 50.039066440066641 ], [ 20.085048381170342, 50.039066442748926 ], [ 20.085048394132151, 50.039066444646281 ], [ 20.085048407315302, 50.039066445741497 ], [ 20.085048420600398, 50.039066446024677 ], [ 20.089080011139199, 50.039028681532734 ], [ 20.08908002440587, 50.039028681000843 ], [ 20.089080037533972, 50.039028679659175 ], [ 20.089080050404608, 50.039028677519852 ], [ 20.089080062901221, 50.039028674602257 ], [ 20.089080074910644, 50.039028670932844 ], [ 20.089080086324106, 50.039028666544795 ], [ 20.089080097038256, 50.039028661477872 ], [ 20.089080106956061, 50.039028655777962 ], [ 20.089080115987699, 50.039028649496686 ], [ 20.089080124051385, 50.039028642690944 ], [ 20.089080131074095, 50.039028635422341 ], [ 20.091044995623342, 50.036760981738624 ], [ 20.09104499733478, 50.036760979967084 ], [ 20.091045000567998, 50.036760979837389 ], [ 20.095076467318762, 50.036723007589295 ], [ 20.095076480584719, 50.036723007056722 ], [ 20.095076493712021, 50.036723005714364 ], [ 20.095076506581766, 50.03672300357438 ], [ 20.095076519077409, 50.03672300065616 ], [ 20.095076531085784, 50.036722996986121 ], [ 20.095076542498148, 50.036722992597497 ], [ 20.095076553211147, 50.036722987530013 ], [ 20.095076563127769, 50.036722981829627 ], [ 20.095076572158185, 50.036722975547868 ], [ 20.095076580220645, 50.036722968741714 ], [ 20.095076587242108, 50.036722961472748 ], [ 20.097041075345292, 50.034455207878246 ], [ 20.097041077056417, 50.034455206106621 ], [ 20.097041080289472, 50.034455205976776 ], [ 20.101072423201039, 50.034417025996476 ], [ 20.10107242643862, 50.034417026065036 ], [ 20.101072428229873, 50.034417027803499 ], [ 20.103139621783246, 50.036646638855167 ], [ 20.103139623309985, 50.036646640695409 ], [ 20.103139621868223, 50.036646642563852 ], [ 20.10117533495438, 50.038914497230472 ], [ 20.101175329038199, 50.038914504896702 ], [ 20.101175324280277, 50.0389145128904 ], [ 20.101175320723684, 50.038914521139205 ], [ 20.101175318400653, 50.038914529568416 ], [ 20.101175317332203, 50.03891453810165 ], [ 20.101175317528014, 50.038914546661672 ], [ 20.101175318986321, 50.03891455517094 ], [ 20.101175321693905, 50.038914563552389 ], [ 20.101175325626251, 50.038914571730139 ], [ 20.101175330747754, 50.038914579630102 ], [ 20.101175337012023, 50.038914587180763 ], [ 20.103242652519768, 50.041144107862607 ], [ 20.10324265987073, 50.041144114995426 ], [ 20.103242668241194, 50.041144121645935 ], [ 20.103242677555354, 50.04114412775391 ], [ 20.103242687728848, 50.041144133264041 ], [ 20.103242698669565, 50.041144138126391 ], [ 20.103242710278408, 50.041144142296972 ], [ 20.103242722450254, 50.041144145738009 ], [ 20.103242735074868, 50.041144148418276 ], [ 20.103242748037921, 50.041144150313599 ], [ 20.103242761222024, 50.041144151406726 ], [ 20.10324277450777, 50.041144151687824 ], [ 20.107274514493383, 50.041105754048239 ], [ 20.107274527760403, 50.041105753514273 ], [ 20.107274540888522, 50.041105752170516 ], [ 20.107274553758874, 50.041105750029196 ], [ 20.10727456625489, 50.041105747109654 ], [ 20.107274578263404, 50.04110574343833 ], [ 20.107274589675672, 50.041105739048518 ], [ 20.10727460038834, 50.041105733979933 ], [ 20.107274610304387, 50.041105728278488 ], [ 20.107274619334014, 50.041105721995827 ], [ 20.107274627395448, 50.041105715188813 ], [ 20.107274634415695, 50.041105707919129 ], [ 20.109238720045159, 50.03883775219024 ], [ 20.109238721755993, 50.038837750418423 ], [ 20.109238724989297, 50.038837750288224 ], [ 20.11327041826571, 50.038799144177105 ], [ 20.113270421503593, 50.038799144245338 ], [ 20.11327042329545, 50.038799145983603 ], [ 20.115338330125976, 50.041028490225997 ], [ 20.115338337478693, 50.041028497358049 ], [ 20.115338345850795, 50.041028504007677 ], [ 20.115338355166443, 50.041028510114657 ], [ 20.115338365341291, 50.041028515623715 ], [ 20.11533837628318, 50.041028520484936 ], [ 20.115338387893026, 50.041028524654287 ], [ 20.115338400065689, 50.041028528094046 ], [ 20.115338412690921, 50.041028530773019 ], [ 20.115338425654404, 50.041028532666978 ], [ 20.115338438838723, 50.041028533758713 ], [ 20.11533845212449, 50.041028534038439 ], [ 20.119370165880021, 50.040989716302789 ], [ 20.119370179146841, 50.040989715767445 ], [ 20.119370192274584, 50.040989714422338 ], [ 20.119370205144339, 50.040989712279668 ], [ 20.11937021763957, 50.040989709358819 ], [ 20.119370229647114, 50.040989705686272 ], [ 20.119370241058228, 50.04098970129526 ], [ 20.119370251769578, 50.040989696225573 ], [ 20.119370261684146, 50.040989690523105 ], [ 20.119370270712164, 50.040989684239491 ], [ 20.119370278771861, 50.040989677431661 ], [ 20.119370285790247, 50.04098967016126 ], [ 20.121333793516303, 50.038721513588236 ], [ 20.12133379522669, 50.038721511816256 ], [ 20.121333798459943, 50.038721511685729 ], [ 20.125365388058178, 50.038682486248661 ], [ 20.125365401324284, 50.03868248571262 ], [ 20.125365414451213, 50.038682484366852 ], [ 20.125365427320084, 50.038682482223514 ], [ 20.125365439814338, 50.038682479302039 ], [ 20.125365451820844, 50.038682475628868 ], [ 20.125365463230857, 50.038682471237294 ], [ 20.125365473941059, 50.038682466167046 ], [ 20.125365483854438, 50.038682460464067 ], [ 20.125365492881237, 50.038682454179991 ], [ 20.125365500939697, 50.038682447371777 ], [ 20.125365507956836, 50.038682440100992 ], [ 20.127328639210795, 50.036414183777687 ], [ 20.127328640920876, 50.036414182005629 ], [ 20.127328644153959, 50.036414181874932 ], [ 20.131360109543824, 50.036374948760454 ], [ 20.131360112781564, 50.036374948828183 ], [ 20.131360114573976, 50.036374950566177 ], [ 20.133428787506805, 50.038604011055256 ], [ 20.13342878903476, 50.038604012895092 ], [ 20.133428787594124, 50.038604014763912 ], [ 20.131465857901027, 50.040872372077985 ], [ 20.131465851989464, 50.040872379745707 ], [ 20.131465847236399, 50.040872387740649 ], [ 20.131465843684882, 50.040872395990341 ], [ 20.131465841367067, 50.040872404420099 ], [ 20.131465840303953, 50.040872412953597 ], [ 20.131465840505168, 50.040872421513505 ], [ 20.131465841968886, 50.040872430022368 ], [ 20.131465844681852, 50.040872438403056 ], [ 20.131465848619492, 50.040872446579741 ], [ 20.131465853746157, 50.04087245447834 ], [ 20.131465860015407, 50.040872462027316 ], [ 20.133534655217399, 50.043101432080007 ], [ 20.133534662573119, 50.043101439210879 ], [ 20.13353467094807, 50.043101445859172 ], [ 20.133534680266418, 50.043101451964702 ], [ 20.133534690443756, 50.043101457472133 ], [ 20.13353470138793, 50.043101462331613 ], [ 20.133534712999825, 50.043101466499131 ], [ 20.133534725174286, 50.043101469936971 ], [ 20.13353473780105, 50.043101472613934 ], [ 20.133534750765769, 50.043101474505846 ], [ 20.13353476395103, 50.043101475595535 ], [ 20.13353477723744, 50.043101475873158 ], [ 20.137566716692394, 50.043062024123266 ], [ 20.137566719930586, 50.043062024190803 ], [ 20.137566721723477, 50.043062025928684 ], [ 20.139635933153563, 50.045290926526803 ], [ 20.139635940510516, 50.045290933657292 ], [ 20.139635948886699, 50.045290940305129 ], [ 20.139635958206227, 50.045290946410141 ], [ 20.139635968384731, 50.045290951917039 ], [ 20.139635979330013, 50.045290956775936 ], [ 20.139635990942956, 50.045290960942836 ], [ 20.139636003118397, 50.045290964380008 ], [ 20.139636015746063, 50.045290967056324 ], [ 20.139636028711603, 50.04529096894754 ], [ 20.139636041897599, 50.04529097003654 ], [ 20.139636055184635, 50.045290970313459 ], [ 20.143668092171239, 50.04525130612258 ], [ 20.143668105438923, 50.045251305584465 ], [ 20.143668118567092, 50.045251304236601 ], [ 20.143668131436861, 50.045251302091224 ], [ 20.143668143931674, 50.045251299167774 ], [ 20.143668155938382, 50.045251295492733 ], [ 20.143668167348242, 50.045251291099348 ], [ 20.143668178057936, 50.045251286027415 ], [ 20.143668187970466, 50.045251280322901 ], [ 20.143668196996064, 50.045251274037426 ], [ 20.143668205052997, 50.045251267227925 ], [ 20.143668212068295, 50.045251259956068 ], [ 20.145630738354516, 50.042982700690104 ], [ 20.145630740064146, 50.042982698917768 ], [ 20.145630743297616, 50.042982698786552 ], [ 20.149662655804782, 50.042942826918583 ], [ 20.149662669071745, 50.042942826379765 ], [ 20.149662682199104, 50.04294282503124 ], [ 20.149662695067981, 50.042942822885188 ], [ 20.149662707561824, 50.042942819961127 ], [ 20.149662719567488, 50.042942816285446 ], [ 20.149662730976253, 50.042942811891479 ], [ 20.149662741684789, 50.042942806819021 ], [ 20.149662751596129, 50.042942801113988 ], [ 20.149662760620515, 50.042942794828043 ], [ 20.149662768676208, 50.042942788018131 ], [ 20.149662775690267, 50.042942780745932 ], [ 20.151624925426937, 50.040674121848859 ], [ 20.151624927136265, 50.040674120076446 ], [ 20.151624930369564, 50.040674119945066 ], [ 20.155656641035133, 50.040634041193897 ], [ 20.155656654301389, 50.040634040654403 ], [ 20.155656667427937, 50.040634039305182 ], [ 20.155656680295923, 50.040634037158505 ], [ 20.155656692788792, 50.040634034233776 ], [ 20.155656704793415, 50.040634030557484 ], [ 20.155656716201072, 50.040634026162948 ], [ 20.155656726908468, 50.040634021089936 ], [ 20.155656736818617, 50.04063401538437 ], [ 20.155656745841775, 50.040634009098007 ], [ 20.155656753896238, 50.040634002287682 ], [ 20.155656760909057, 50.040633995015121 ], [ 20.157618534148174, 50.038365236528342 ], [ 20.157618535857203, 50.038365234755837 ], [ 20.157618539090326, 50.03836523462428 ], [ 20.161650125178529, 50.038324948250754 ], [ 20.161650128416429, 50.03832494831763 ], [ 20.161650130209999, 50.038324950055127 ], [ 20.163720242209504, 50.040553416559163 ], [ 20.163720249569266, 50.040553423688088 ], [ 20.163720257947904, 50.040553430334192 ], [ 20.163720267269536, 50.040553436437236 ], [ 20.163720277449741, 50.040553441942016 ], [ 20.163720288396334, 50.04055344679864 ], [ 20.163720300010166, 50.040553450963131 ], [ 20.163720312186076, 50.040553454397788 ], [ 20.163720324813799, 50.040553457071468 ], [ 20.163720337778962, 50.040553458960005 ], [ 20.163720350964152, 50.040553460046262 ], [ 20.163720364249965, 50.040553460320446 ], [ 20.167752047544095, 50.040512961489263 ], [ 20.167752050782145, 50.040512961555983 ], [ 20.167752052576024, 50.040512963293395 ], [ 20.169822541064082, 50.042741317444019 ], [ 20.169822548425085, 50.042741324572539 ], [ 20.169822556804938, 50.042741331218195 ], [ 20.169822566127763, 50.042741337320756 ], [ 20.16982257630913, 50.042741342824996 ], [ 20.169822587256824, 50.04274134768103 ], [ 20.169822598871715, 50.042741351844896 ], [ 20.169822611048602, 50.042741355278899 ], [ 20.169822623677224, 50.042741357951904 ], [ 20.169822636643211, 50.042741359839752 ], [ 20.169822649829126, 50.042741360925326 ], [ 20.169822663115568, 50.042741361198779 ], [ 20.173854520871028, 50.042700649106997 ], [ 20.173854524109228, 50.042700649173547 ], [ 20.173854525903408, 50.042700650910874 ], [ 20.175925390923016, 50.044928892666348 ], [ 20.175925398285258, 50.044928899794471 ], [ 20.175925406666334, 50.044928906439665 ], [ 20.175925415990356, 50.044928912541735 ], [ 20.175925426172874, 50.044928918045414 ], [ 20.175925437121677, 50.044928922900873 ], [ 20.175925448737612, 50.044928927064106 ], [ 20.175925460915487, 50.04492893049747 ], [ 20.175925473545004, 50.044928933169814 ], [ 20.175925486511808, 50.044928935056973 ], [ 20.175925499698447, 50.044928936141837 ], [ 20.175925512985526, 50.0449289364146 ], [ 20.179957545150241, 50.044888011030388 ], [ 20.179957548388593, 50.044888011096738 ], [ 20.179957550183072, 50.044888012833951 ], [ 20.182028791777206, 50.047116142152547 ], [ 20.182028799140685, 50.047116149280278 ], [ 20.182028807522986, 50.047116155925011 ], [ 20.182028816848199, 50.047116162026576 ], [ 20.182028827031878, 50.047116167529722 ], [ 20.182028837981786, 50.04711617238457 ], [ 20.182028849598773, 50.047116176547199 ], [ 20.182028861777621, 50.047116179979902 ], [ 20.182028874408058, 50.047116182651585 ], [ 20.182028887375669, 50.047116184538048 ], [ 20.182028900563044, 50.047116185622222 ], [ 20.18202891385074, 50.047116185894289 ], [ 20.186061043051943, 50.047075047976008 ], [ 20.186061056319566, 50.047075047433019 ], [ 20.186061069446964, 50.047075046080373 ], [ 20.186061082315245, 50.047075043930292 ], [ 20.186061094807872, 50.04707504100233 ], [ 20.186061106811724, 50.047075037322905 ], [ 20.186061118218074, 50.047075032925385 ], [ 20.186061128923626, 50.047075027849566 ], [ 20.186061138831437, 50.047075022141449 ], [ 20.186061147851781, 50.047075015852712 ], [ 20.186061155902969, 50.047075009040327 ], [ 20.186061162912079, 50.047075001765961 ], [ 20.18802175123465, 50.044805740257296 ], [ 20.18802175294277, 50.044805738484335 ], [ 20.188021756176223, 50.04480573835194 ], [ 20.192053760390401, 50.04476439284042 ], [ 20.1920537736573, 50.044764392296756 ], [ 20.192053786783887, 50.044764390943435 ], [ 20.192053799651273, 50.044764388792714 ], [ 20.192053812142934, 50.044764385864099 ], [ 20.192053824145734, 50.044764382184034 ], [ 20.192053835550983, 50.044764377785945 ], [ 20.192053846255387, 50.044764372709594 ], [ 20.192053856162016, 50.044764367000973 ], [ 20.192053865181137, 50.044764360711774 ], [ 20.192053873231085, 50.044764353898969 ], [ 20.192053880238952, 50.044764346624262 ], [ 20.194014091996177, 50.04249498571248 ], [ 20.194014093703998, 50.042494983939477 ], [ 20.194014096937281, 50.042494983806883 ], [ 20.198045898800654, 50.042453431524343 ], [ 20.198045912066853, 50.042453430980025 ], [ 20.19804592519262, 50.042453429626022 ], [ 20.198045938059114, 50.042453427474634 ], [ 20.198045950549798, 50.042453424545371 ], [ 20.198045962551564, 50.042453420864724 ], [ 20.198045973955708, 50.042453416466024 ], [ 20.198045984658961, 50.042453411389133 ], [ 20.198045994564389, 50.042453405680014 ], [ 20.198046003582299, 50.042453399390368 ], [ 20.198046011631007, 50.042453392577144 ], [ 20.198046018637633, 50.042453385302061 ], [ 20.200005853881677, 50.040183925028614 ], [ 20.200005855589193, 50.040183923255491 ], [ 20.200005858822301, 50.040183923122768 ], [ 20.20403753560101, 50.040142163301802 ], [ 20.204037538839067, 50.040142163367506 ], [ 20.204037540634229, 50.040142165104342 ], [ 20.206109681333047, 50.042369859742536 ], [ 20.206109688699325, 50.042369866868718 ], [ 20.206109697084077, 50.042369873511703 ], [ 20.206109706411382, 50.042369879611336 ], [ 20.206109716596753, 50.042369885112343 ], [ 20.206109727547968, 50.042369889964938 ], [ 20.206109739165839, 50.042369894125144 ], [ 20.20610975134516, 50.042369897555325 ], [ 20.206109763975629, 50.042369900224379 ], [ 20.206109776942856, 50.042369902108163 ], [ 20.206109790129421, 50.042369903189602 ], [ 20.206109803415899, 50.042369903458905 ], [ 20.210141576905219, 50.042327931087499 ], [ 20.210141580143429, 50.042327931153025 ], [ 20.210141581938892, 50.042327932889776 ], [ 20.212214099141562, 50.044555514935794 ], [ 20.212214106509084, 50.044555522061586 ], [ 20.212214114895062, 50.044555528704123 ], [ 20.212214124223554, 50.044555534803223 ], [ 20.212214134410086, 50.044555540303705 ], [ 20.212214145362402, 50.044555545155717 ], [ 20.212214156981325, 50.044555549315298 ], [ 20.212214169161623, 50.044555552744811 ], [ 20.212214181792994, 50.044555555413204 ], [ 20.212214194761042, 50.044555557296299 ], [ 20.212214207948325, 50.044555558377048 ], [ 20.212214221235424, 50.044555558645641 ], [ 20.216246168692344, 50.04451337289256 ], [ 20.216246171930706, 50.044513372957951 ], [ 20.216246173726475, 50.044513374694581 ], [ 20.218319107227064, 50.046740886819805 ], [ 20.218319108758511, 50.046740888658483 ], [ 20.218319107320955, 50.046740890528341 ], [ 20.216359879685712, 50.049010653146631 ], [ 20.216359873786775, 50.049010660818595 ], [ 20.2163598690471, 50.049010668816877 ], [ 20.216359865509602, 50.049010677069056 ], [ 20.216359863206325, 50.049010685500392 ], [ 20.216359862158129, 50.049010694034529 ], [ 20.216359862374496, 50.049010702594174 ], [ 20.21635986385348, 50.049010711101836 ], [ 20.216359866581669, 50.049010719480435 ], [ 20.216359870534379, 50.049010727654114 ], [ 20.216359875675799, 50.049010735548826 ], [ 20.216359881959374, 50.049010743093099 ], [ 20.218432938636195, 50.051238164594736 ], [ 20.218432946005667, 50.051238171720087 ], [ 20.218432954393677, 50.051238178362134 ], [ 20.218432963724261, 50.051238184460736 ], [ 20.218432973912922, 50.051238189960635 ], [ 20.218432984867395, 50.051238194812051 ], [ 20.21843299648846, 50.051238198970971 ], [ 20.218433008670889, 50.05123820239983 ], [ 20.218433021304353, 50.05123820506752 ], [ 20.218433034274437, 50.051238206949925 ], [ 20.218433047463691, 50.051238208029915 ], [ 20.218433060752659, 50.051238208297796 ], [ 20.222465558761979, 50.051195802414014 ], [ 20.222465562000792, 50.051195802479178 ], [ 20.222465563797037, 50.05119580421573 ], [ 20.224539076672205, 50.053423198448399 ], [ 20.224539078204103, 50.053423200286993 ], [ 20.22453907676659, 50.053423202156914 ], [ 20.222579840380938, 50.055693110582943 ], [ 20.222579838673717, 50.055693112356394 ], [ 20.222579835439646, 50.05569311248977 ], [ 20.218546960698173, 50.055735525092096 ], [ 20.218546947428592, 50.055735525638831 ], [ 20.218546934299816, 50.05573552699515 ], [ 20.218546921430747, 50.055735529148812 ], [ 20.218546908937913, 50.055735532080298 ], [ 20.218546896934459, 50.055735535763056 ], [ 20.218546885529104, 50.055735540163774 ], [ 20.218546874825112, 50.055735545242548 ], [ 20.218546864919436, 50.055735550953422 ], [ 20.218546855901785, 50.055735557244653 ], [ 20.218546847853812, 50.055735564059262 ], [ 20.218546840848408, 50.055735571335553 ], [ 20.21658726525046, 50.058005336961735 ], [ 20.216587263542937, 50.058005338735093 ], [ 20.216587260308689, 50.058005338868298 ], [ 20.21255418278378, 50.058047544675297 ], [ 20.212554169513485, 50.058047545221335 ], [ 20.212554156383899, 50.058047546576994 ], [ 20.212554143513927, 50.058047548730009 ], [ 20.212554131020116, 50.058047551660849 ], [ 20.212554119015625, 50.058047555343002 ], [ 20.212554107609161, 50.05804755974313 ], [ 20.212554096904022, 50.058047564821386 ], [ 20.212554086997152, 50.05804757053172 ], [ 20.212554077978279, 50.058047576822503 ], [ 20.21255406992907, 50.058047583636714 ], [ 20.212554062922425, 50.058047590912629 ], [ 20.210594148077856, 50.060317213702 ], [ 20.210594142176642, 50.060317221373658 ], [ 20.210594137434917, 50.060317229371705 ], [ 20.210594133895633, 50.060317237623728 ], [ 20.210594131590838, 50.060317246054943 ], [ 20.210594130541406, 50.060317254588995 ], [ 20.210594130756839, 50.060317263148669 ], [ 20.210594132235176, 50.060317271656366 ], [ 20.210594134963049, 50.060317280035086 ], [ 20.210594138915742, 50.06031728820895 ], [ 20.210594144057463, 50.060317296103904 ], [ 20.210594150341645, 50.060317303648482 ], [ 20.212667478196739, 50.062544864974655 ], [ 20.212667479728477, 50.062544866813397 ], [ 20.212667478290236, 50.062544868683169 ], [ 20.21070731413603, 50.064814580007678 ], [ 20.210707312428056, 50.064814581780958 ], [ 20.210707309193332, 50.064814581914 ], [ 20.206673651995946, 50.064856587545407 ], [ 20.206673638723693, 50.064856588090784 ], [ 20.206673625592074, 50.064856589445768 ], [ 20.20667361272001, 50.064856591598165 ], [ 20.206673600224075, 50.064856594528379 ], [ 20.206673588217431, 50.064856598209943 ], [ 20.206673576808814, 50.064856602609503 ], [ 20.206673566101539, 50.064856607687197 ], [ 20.206673556192573, 50.064856613397069 ], [ 20.206673547171665, 50.064856619687383 ], [ 20.206673539120494, 50.064856626501211 ], [ 20.206673532111978, 50.064856633776778 ], [ 20.204713028563486, 50.067126202207007 ], [ 20.204713026855206, 50.067126203980195 ], [ 20.204713023620307, 50.067126204113066 ], [ 20.200679163672959, 50.067168002846984 ], [ 20.200679150399989, 50.067168003391679 ], [ 20.200679137267556, 50.067168004746001 ], [ 20.200679124394597, 50.067168006897717 ], [ 20.200679111897685, 50.067168009827284 ], [ 20.200679099889999, 50.067168013508251 ], [ 20.200679088480275, 50.067168017907221 ], [ 20.200679077771852, 50.067168022984376 ], [ 20.200679067861696, 50.067168028693743 ], [ 20.200679058839562, 50.067168034983617 ], [ 20.200679050787155, 50.06716804179699 ], [ 20.200679043777395, 50.067168049072215 ], [ 20.198718200800315, 50.069437474571181 ], [ 20.198718194896102, 50.069437482242279 ], [ 20.198718190151531, 50.069437490239842 ], [ 20.198718186609554, 50.069437498491503 ], [ 20.198718184302265, 50.06943750692249 ], [ 20.198718183250545, 50.069437515456443 ], [ 20.198718183463932, 50.069437524016145 ], [ 20.198718184940489, 50.069437532523985 ], [ 20.198718187666842, 50.069437540902996 ], [ 20.198718191618301, 50.069437549077257 ], [ 20.198718196759081, 50.069437556972744 ], [ 20.198718203042631, 50.069437564517933 ], [ 20.200791345379553, 50.07166529297222 ], [ 20.200791352749611, 50.071665300098672 ], [ 20.200791361138823, 50.071665306741984 ], [ 20.200791370471205, 50.071665312841951 ], [ 20.200791380662242, 50.071665318343371 ], [ 20.200791391619649, 50.071665323196385 ], [ 20.200791403244196, 50.071665327357088 ], [ 20.200791415430608, 50.071665330787738 ], [ 20.200791428068506, 50.071665333457297 ], [ 20.200791441043457, 50.071665335341613 ], [ 20.200791454237958, 50.071665336423592 ], [ 20.200791467532511, 50.071665336693457 ], [ 20.204825704559262, 50.071623531336492 ], [ 20.20482570779944, 50.071623531402153 ], [ 20.204825709595823, 50.071623533138975 ], [ 20.206899308576823, 50.073851234354201 ], [ 20.206899310108717, 50.073851236193015 ], [ 20.206899308669922, 50.073851238062737 ], [ 20.204938418925089, 50.07612085296487 ], [ 20.204938417216507, 50.076120854738065 ], [ 20.204938413981004, 50.07612085487095 ], [ 20.200903799779599, 50.07616266685217 ], [ 20.200903786504142, 50.076162667396915 ], [ 20.200903773369273, 50.076162668751287 ], [ 20.200903760493922, 50.076162670903038 ], [ 20.200903747994698, 50.076162673832634 ], [ 20.200903735984792, 50.076162677513643 ], [ 20.200903724572967, 50.076162681912642 ], [ 20.20090371386258, 50.076162686989825 ], [ 20.200903703950619, 50.076162692699214 ], [ 20.200903694926843, 50.076162698989101 ], [ 20.200903686872984, 50.076162705802503 ], [ 20.200903679861966, 50.076162713077721 ], [ 20.198942450493977, 50.07843218501521 ], [ 20.19894244878509, 50.078432186788334 ], [ 20.198942445549406, 50.078432186921049 ], [ 20.194907628536384, 50.078473791904649 ], [ 20.194907615260217, 50.078473792448733 ], [ 20.19490760212453, 50.078473793802409 ], [ 20.194907589248281, 50.078473795953506 ], [ 20.194907576748076, 50.078473798882492 ], [ 20.194907564737132, 50.078473802562847 ], [ 20.194907553324203, 50.07847380696127 ], [ 20.194907542612665, 50.078473812037906 ], [ 20.194907532699506, 50.078473817746783 ], [ 20.194907523674512, 50.078473824036209 ], [ 20.194907515619416, 50.078473830849205 ], [ 20.194907508607155, 50.07847383812409 ], [ 20.19294593958168, 50.080743167059943 ], [ 20.192945933675183, 50.080743174730721 ], [ 20.192945928928559, 50.080743182728057 ], [ 20.192945925384787, 50.08074319097954 ], [ 20.192945923075978, 50.080743199410392 ], [ 20.192945922023025, 50.080743207944302 ], [ 20.19294592223547, 50.080743216503983 ], [ 20.192945923711385, 50.080743225011915 ], [ 20.192945926437407, 50.080743233391026 ], [ 20.192945930388849, 50.080743241565472 ], [ 20.192945935529931, 50.080743249461186 ], [ 20.192945941814081, 50.080743257006681 ], [ 20.195019354972736, 50.082971125423285 ], [ 20.195019356504471, 50.082971127262276 ], [ 20.19501935506495, 50.082971129131835 ], [ 20.193057573872235, 50.085240503030505 ], [ 20.193057567965209, 50.085240510701297 ], [ 20.193057563218176, 50.085240518698633 ], [ 20.193057559674113, 50.085240526950109 ], [ 20.193057557365115, 50.085240535380969 ], [ 20.193057556312098, 50.085240543914864 ], [ 20.19305755652459, 50.085240552474538 ], [ 20.193057558000678, 50.085240560982477 ], [ 20.193057560726992, 50.085240569361574 ], [ 20.193057564678842, 50.085240577536005 ], [ 20.193057569820432, 50.085240585431691 ], [ 20.193057576105197, 50.085240592977186 ], [ 20.195131192084787, 50.087468456262556 ], [ 20.195131193616675, 50.087468458101519 ], [ 20.195131192177019, 50.08746845997107 ], [ 20.193169236387643, 50.089737835315916 ], [ 20.193169230480102, 50.089737842986708 ], [ 20.19316922573265, 50.089737850984044 ], [ 20.193169222188285, 50.089737859235512 ], [ 20.193169219879106, 50.089737867666365 ], [ 20.193169218826025, 50.089737876200282 ], [ 20.193169219038573, 50.089737884759934 ], [ 20.193169220514832, 50.089737893267852 ], [ 20.193169223241437, 50.089737901646942 ], [ 20.193169227193685, 50.089737909821373 ], [ 20.193169232335787, 50.089737917717052 ], [ 20.193169238621174, 50.089737925262519 ], [ 20.195243057474023, 50.09196578341605 ], [ 20.195243059006067, 50.091965785255006 ], [ 20.19524305756628, 50.091965787124579 ], [ 20.193280927137206, 50.094235163916196 ], [ 20.193280921229139, 50.09423517158698 ], [ 20.193280916481271, 50.094235179584302 ], [ 20.193280912936608, 50.094235187835771 ], [ 20.193280910627252, 50.094235196266638 ], [ 20.193280909574106, 50.09423520480054 ], [ 20.193280909786704, 50.094235213360207 ], [ 20.193280911263138, 50.094235221868104 ], [ 20.193280913990026, 50.094235230247186 ], [ 20.193280917942683, 50.094235238421589 ], [ 20.193280923085297, 50.094235246317268 ], [ 20.193280929371301, 50.09423525386272 ], [ 20.195354951149753, 50.096463106883803 ], [ 20.195354952681949, 50.096463108722759 ], [ 20.195354951242038, 50.096463110592346 ], [ 20.193392646130199, 50.098732488831345 ], [ 20.193392640221617, 50.098732496502151 ], [ 20.193392635473334, 50.098732504499488 ], [ 20.193392631928372, 50.098732512750971 ], [ 20.193392629618831, 50.098732521181809 ], [ 20.193392628565615, 50.098732529715718 ], [ 20.193392628778277, 50.098732538275364 ], [ 20.193392630254881, 50.098732546783232 ], [ 20.193392632982057, 50.098732555162336 ], [ 20.193392636935112, 50.098732563336725 ], [ 20.193392642078237, 50.098732571232389 ], [ 20.19339264836486, 50.098732578777813 ], [ 20.195466873121294, 50.100960426665878 ], [ 20.195466874653626, 50.100960428504834 ], [ 20.195466873213594, 50.1009604303744 ], [ 20.193504393375935, 50.103229810061464 ], [ 20.193504387466824, 50.10322981773227 ], [ 20.193504382718132, 50.10322982572962 ], [ 20.193504379172868, 50.103229833981089 ], [ 20.193504376863142, 50.103229842411935 ], [ 20.193504375809862, 50.103229850945837 ], [ 20.193504376022581, 50.103229859505468 ], [ 20.193504377499355, 50.103229868013344 ], [ 20.19350438022682, 50.103229876392398 ], [ 20.193504384180272, 50.103229884566801 ], [ 20.193504389323913, 50.103229892462451 ], [ 20.193504395611161, 50.103229900007854 ], [ 20.19557878361729, 50.105457700042038 ], [ 20.195578790991849, 50.10545770716876 ], [ 20.195578799386329, 50.105457713812356 ], [ 20.195578808724694, 50.105457719912678 ], [ 20.195578818922385, 50.105457725414475 ], [ 20.195578829887044, 50.105457730267894 ], [ 20.195578841519371, 50.105457734429031 ], [ 20.195578853714032, 50.105457737860156 ], [ 20.195578866360581, 50.10545774053022 ], [ 20.195578879344495, 50.10545774241502 ], [ 20.195578892548173, 50.105457743497539 ], [ 20.195578905852066, 50.105457743767907 ], [ 20.199615988229311, 50.105416099209009 ], [ 20.199615991471759, 50.105416099274784 ], [ 20.199615993269244, 50.105416101011663 ], [ 20.201690798899296, 50.107643830990241 ], [ 20.201690806275106, 50.107643838116566 ], [ 20.201690814670808, 50.1076438447597 ], [ 20.201690824010374, 50.107643850859532 ], [ 20.20169083420922, 50.107643856360767 ], [ 20.201690845174987, 50.10764386121361 ], [ 20.201690856808376, 50.107643865374129 ], [ 20.201690869004011, 50.107643868804594 ], [ 20.201690881651469, 50.107643871473989 ], [ 20.201690894636201, 50.107643873358107 ], [ 20.201690907840614, 50.107643874439901 ], [ 20.201690921145136, 50.107643874709574 ], [ 20.205728178238861, 50.107602016323902 ], [ 20.205728181481469, 50.107602016389514 ], [ 20.205728183279248, 50.107602018126286 ], [ 20.2078034065945, 50.109829678002285 ], [ 20.207803408127603, 50.109829679841084 ], [ 20.207803406687784, 50.109829681710799 ], [ 20.205841158437732, 50.112099264921042 ], [ 20.205841152529537, 50.112099272592445 ], [ 20.20584114778206, 50.112099280590265 ], [ 20.205841144238299, 50.112099288842089 ], [ 20.205841141930343, 50.112099297273168 ], [ 20.205841140879091, 50.112099305807128 ], [ 20.205841141094066, 50.112099314366723 ], [ 20.205841142573327, 50.112099322874428 ], [ 20.205841145303474, 50.11209933125317 ], [ 20.205841149259779, 50.112099339427097 ], [ 20.205841154406414, 50.112099347322157 ], [ 20.205841160696771, 50.112099354866857 ], [ 20.207916507695327, 50.114326924140343 ], [ 20.207916515073091, 50.114326931266227 ], [ 20.207916523470832, 50.114326937908928 ], [ 20.207916532812497, 50.114326944008219 ], [ 20.207916543013482, 50.114326949508886 ], [ 20.207916553981406, 50.114326954361104 ], [ 20.207916565616944, 50.114326958520977 ], [ 20.207916577814725, 50.114326961950788 ], [ 20.207916590464283, 50.114326964619472 ], [ 20.207916603451061, 50.114326966502887 ], [ 20.207916616657442, 50.114326967583963 ], [ 20.207916629963837, 50.114326967852911 ], [ 20.211954439702474, 50.114284888940446 ], [ 20.21195444294554, 50.114284889005894 ], [ 20.211954444743803, 50.11428489074256 ], [ 20.214030249372609, 50.11651243256803 ], [ 20.214030250906166, 50.116512434406729 ], [ 20.214030249466397, 50.116512436276516 ], [ 20.212067992254394, 50.118782165529225 ], [ 20.212067990544593, 50.11878216730252 ], [ 20.212067987306231, 50.118782167435597 ], [ 20.208029799491172, 50.118824253017429 ], [ 20.208029786204033, 50.118824253563055 ], [ 20.208029773057724, 50.118824254918309 ], [ 20.208029760171296, 50.118824257070919 ], [ 20.208029747661463, 50.118824260001361 ], [ 20.208029735641503, 50.118824263683145 ], [ 20.208029724220275, 50.118824268082882 ], [ 20.208029713501215, 50.11882427316074 ], [ 20.208029703581392, 50.118824278870754 ], [ 20.208029694550646, 50.11882428516121 ], [ 20.208029686490754, 50.118824291975102 ], [ 20.208029679474709, 50.11882429925074 ], [ 20.206067081763848, 50.121093885423882 ], [ 20.206067080053732, 50.121093887197091 ], [ 20.206067076815206, 50.121093887330034 ], [ 20.202028685621404, 50.121135765621851 ], [ 20.202028672333544, 50.121135766166816 ], [ 20.202028659186414, 50.121135767521395 ], [ 20.202028646299095, 50.121135769673337 ], [ 20.202028633788281, 50.121135772603147 ], [ 20.202028621767273, 50.121135776284305 ], [ 20.202028610344936, 50.121135780683467 ], [ 20.202028599624722, 50.121135785760785 ], [ 20.202028589703701, 50.12113579147028 ], [ 20.20202858067173, 50.121135797760267 ], [ 20.202028572610597, 50.121135804573747 ], [ 20.202028565593309, 50.121135811849037 ], [ 20.200065589705737, 50.12340529842448 ], [ 20.200065587995315, 50.123405300197575 ], [ 20.200065584756608, 50.12340530033034 ], [ 20.196026912783825, 50.123446972095095 ], [ 20.196026909540162, 50.1234469720292 ], [ 20.196026907742112, 50.123446970292292 ], [ 20.193951667309783, 50.121219148078254 ], [ 20.193951659932996, 50.12121914095146 ], [ 20.193951651535947, 50.121219134307779 ], [ 20.193951642194687, 50.121219128207372 ], [ 20.193951631993798, 50.121219122705462 ], [ 20.193951621025672, 50.121219117851922 ], [ 20.193951609389636, 50.121219113690678 ], [ 20.19395159719107, 50.121219110259403 ], [ 20.193951584540439, 50.121219107589205 ], [ 20.193951571552319, 50.121219105704242 ], [ 20.19395155834432, 50.121219104621588 ], [ 20.193951545036064, 50.12121910435107 ], [ 20.189913125447788, 50.121260561384602 ], [ 20.189913122204274, 50.12126056131855 ], [ 20.189913120406537, 50.121260559581543 ], [ 20.187838258160259, 50.119032624561164 ], [ 20.187838250784715, 50.11903261743398 ], [ 20.187838242388892, 50.119032610789837 ], [ 20.187838233048829, 50.119032604688918 ], [ 20.187838222849102, 50.119032599186468 ], [ 20.187838211882088, 50.119032594332339 ], [ 20.187838200247107, 50.119032590170463 ], [ 20.187838188049525, 50.119032586738548 ], [ 20.187838175399804, 50.119032584067689 ], [ 20.187838162412497, 50.119032582182022 ], [ 20.187838149205234, 50.119032581098665 ], [ 20.187838135897611, 50.11903258082743 ], [ 20.183799968739759, 50.119073823172592 ], [ 20.183799955452223, 50.119073823715468 ], [ 20.183799942305118, 50.119073825067964 ], [ 20.183799929417493, 50.11907382721791 ], [ 20.183799916906064, 50.11907383014573 ], [ 20.183799904884143, 50.11907383382502 ], [ 20.183799893460598, 50.119073838222398 ], [ 20.183799882738878, 50.119073843298033 ], [ 20.183799872816088, 50.119073849006 ], [ 20.183799863782085, 50.11907385529458 ], [ 20.183799855718682, 50.119073862106816 ], [ 20.183799848698907, 50.119073869381033 ], [ 20.181836088188334, 50.121343054074167 ], [ 20.181836086477308, 50.121343055846999 ], [ 20.181836083238682, 50.121343055979267 ], [ 20.177797635543104, 50.12138409175288 ], [ 20.17779762225485, 50.121384092295045 ], [ 20.177797609106928, 50.121384093646888 ], [ 20.177797596218404, 50.121384095796145 ], [ 20.177797583706003, 50.121384098723361 ], [ 20.17779757168303, 50.121384102402018 ], [ 20.177797560258377, 50.121384106798807 ], [ 20.177797549535502, 50.121384111873887 ], [ 20.177797539611515, 50.121384117581364 ], [ 20.177797530576292, 50.121384123869483 ], [ 20.177797522511646, 50.121384130681321 ], [ 20.177797515490624, 50.121384137955168 ], [ 20.175833376784734, 50.123653222915408 ], [ 20.175833375073406, 50.123653224688155 ], [ 20.175833371834607, 50.123653224820259 ], [ 20.171794643636524, 50.123694053976841 ], [ 20.171794640392861, 50.123694053910285 ], [ 20.171794638595678, 50.123694052172986 ], [ 20.169720504775956, 50.121465789115561 ], [ 20.169720497402704, 50.121465781987212 ], [ 20.169720489008938, 50.121465775341747 ], [ 20.169720479670669, 50.12146576923935 ], [ 20.16972046947247, 50.121465763735323 ], [ 20.169720458506703, 50.121465758879459 ], [ 20.169720446872667, 50.121465754715764 ], [ 20.169720434675725, 50.121465751281939 ], [ 20.169720422026337, 50.121465748609104 ], [ 20.169720409039051, 50.121465746721412 ], [ 20.169720395831483, 50.121465745636009 ], [ 20.169720382523256, 50.121465745362691 ], [ 20.165681984447883, 50.121506359086482 ], [ 20.165681971159437, 50.121506359627283 ], [ 20.165681958011113, 50.121506360977747 ], [ 20.165681945121992, 50.121506363125668 ], [ 20.165681932608795, 50.12150636605157 ], [ 20.165681920584845, 50.121506369728984 ], [ 20.165681909159034, 50.1215063741246 ], [ 20.165681898434833, 50.121506379198578 ], [ 20.165681888509361, 50.121506384905004 ], [ 20.165681879472508, 50.121506391192206 ], [ 20.165681871406115, 50.12150639800322 ], [ 20.165681864383227, 50.121506405276342 ], [ 20.163717144462566, 50.123775289273588 ], [ 20.16371714275078, 50.123775291046165 ], [ 20.163717139511935, 50.123775291177928 ], [ 20.159678383631519, 50.12381569901995 ], [ 20.159678380387852, 50.123815698953045 ], [ 20.159678378591106, 50.123815697215569 ], [ 20.157604798313468, 50.121587213881405 ], [ 20.157604790941981, 50.12158720675226 ], [ 20.157604782549853, 50.121587200105921 ], [ 20.157604773213084, 50.121587194002544 ], [ 20.157604763016238, 50.121587188497429 ], [ 20.15760475205165, 50.121587183640415 ], [ 20.157604740418613, 50.121587179475497 ], [ 20.157604728222484, 50.121587176040414 ], [ 20.157604715573711, 50.121587173366244 ], [ 20.157604702586848, 50.121587171477188 ], [ 20.157604689379507, 50.121587170390399 ], [ 20.157604676071283, 50.12158717011571 ], [ 20.153566173021034, 50.121627363340401 ], [ 20.153566169777527, 50.121627363273333 ], [ 20.153566167981079, 50.121627361535737 ], [ 20.15149296591699, 50.11939876559294 ], [ 20.151492958546743, 50.119398758463412 ], [ 20.151492950155845, 50.119398751816625 ], [ 20.151492940820276, 50.119398745712743 ], [ 20.151492930624588, 50.119398740207082 ], [ 20.151492919661106, 50.119398735349492 ], [ 20.15149290802913, 50.119398731183949 ], [ 20.151492895833986, 50.119398727748198 ], [ 20.151492883186119, 50.119398725073353 ], [ 20.15149287020008, 50.119398723183622 ], [ 20.151492856993467, 50.119398722096136 ], [ 20.151492843685872, 50.119398721820723 ], [ 20.147454516073353, 50.119438701236263 ], [ 20.147454512829999, 50.119438701169031 ], [ 20.147454511033857, 50.119438699431349 ], [ 20.145381647393826, 50.117209948184168 ], [ 20.145381645862862, 50.117209946344552 ], [ 20.145381647305335, 50.117209944475576 ], [ 20.147346975553475, 50.114941364103728 ], [ 20.147346981471408, 50.114941356435246 ], [ 20.147346986228943, 50.114941348439736 ], [ 20.147346989782989, 50.114941340189631 ], [ 20.147346992101369, 50.114941331759667 ], [ 20.147346993163076, 50.114941323226148 ], [ 20.147346992958507, 50.114941314666389 ], [ 20.147346991489499, 50.114941306157881 ], [ 20.147346988769375, 50.11494129777769 ], [ 20.14734698482275, 50.114941289601703 ], [ 20.147346979685388, 50.114941281703999 ], [ 20.147346973403785, 50.114941274156052 ], [ 20.145274391888385, 50.112712603388715 ], [ 20.145274384520103, 50.11271259625876 ], [ 20.145274376131237, 50.112712589611498 ], [ 20.145274366797771, 50.112712583507118 ], [ 20.145274356604215, 50.112712578000881 ], [ 20.145274345642896, 50.112712573142673 ], [ 20.145274334013074, 50.112712568976505 ], [ 20.145274321820072, 50.112712565540072 ], [ 20.145274309174315, 50.112712562864537 ], [ 20.145274296190323, 50.112712560974082 ], [ 20.145274282985671, 50.112712559885885 ], [ 20.145274269679959, 50.112712559609754 ], [ 20.141236495636576, 50.112752318946271 ], [ 20.141236492393681, 50.112752318878854 ], [ 20.141236490598015, 50.112752317141066 ], [ 20.139164247367951, 50.110523491129747 ], [ 20.139164240000913, 50.110523483999408 ], [ 20.139164231613272, 50.11052347735167 ], [ 20.139164222281003, 50.110523471246786 ], [ 20.139164212088609, 50.110523465740002 ], [ 20.139164201128402, 50.110523460881225 ], [ 20.139164189499631, 50.110523456714432 ], [ 20.13916417730762, 50.110523453277345 ], [ 20.139164164662766, 50.110523450601136 ], [ 20.139164151679591, 50.110523448710012 ], [ 20.139164138475675, 50.110523447621091 ], [ 20.139164125170591, 50.110523447344235 ], [ 20.135126526626141, 50.110562992969463 ], [ 20.135126523383406, 50.110562992901876 ], [ 20.135126521588038, 50.110562991164002 ], [ 20.133054656345994, 50.108334052687546 ], [ 20.133054648980192, 50.108334045556795 ], [ 20.13305464059378, 50.108334038908609 ], [ 20.133054631262713, 50.108334032803214 ], [ 20.13305462107148, 50.108334027295889 ], [ 20.133054610112385, 50.108334022436523 ], [ 20.133054598484666, 50.10833401826909 ], [ 20.133054586293639, 50.108334014831378 ], [ 20.133054573649694, 50.108334012154479 ], [ 20.133054560667347, 50.108334010262674 ], [ 20.133054547464159, 50.108334009173042 ], [ 20.133054534159708, 50.10833400889549 ], [ 20.129017188587255, 50.108373340088505 ], [ 20.129017175301961, 50.108373340625086 ], [ 20.129017162156131, 50.108373341971394 ], [ 20.129017149268819, 50.108373344115236 ], [ 20.129017136756733, 50.108373347037187 ], [ 20.129017124733188, 50.108373350710799 ], [ 20.129017113307064, 50.108373355102806 ], [ 20.129017102581841, 50.108373360173438 ], [ 20.129017092654653, 50.108373365876751 ], [ 20.129017083615398, 50.108373372161104 ], [ 20.129017075545931, 50.108373378969624 ], [ 20.129017068519339, 50.108373386240558 ], [ 20.127051132803942, 50.110641662897741 ], [ 20.12705113109125, 50.110641664669835 ], [ 20.127051127853175, 50.110641664800553 ], [ 20.123013502514276, 50.110680789301725 ], [ 20.123013489228267, 50.11068078983763 ], [ 20.123013476081628, 50.11068079118327 ], [ 20.12301346319342, 50.110680793326445 ], [ 20.123013450680354, 50.110680796247756 ], [ 20.123013438655764, 50.11068079992075 ], [ 20.123013427228535, 50.110680804312182 ], [ 20.123013416502161, 50.110680809382245 ], [ 20.123013406573776, 50.11068081508504 ], [ 20.123013397533295, 50.110680821368945 ], [ 20.123013389462589, 50.110680828177045 ], [ 20.123013382434753, 50.110680835447624 ], [ 20.121047106429899, 50.112948968612969 ], [ 20.121047100507987, 50.112948976280144 ], [ 20.121047095746242, 50.112948984274588 ], [ 20.121047092187805, 50.112948992523918 ], [ 20.121047089864899, 50.112949000953407 ], [ 20.121047088798544, 50.112949009486712 ], [ 20.121047088998413, 50.112949018046542 ], [ 20.121047090462692, 50.112949026555434 ], [ 20.12104709317812, 50.112949034936271 ], [ 20.121047097120105, 50.112949043113183 ], [ 20.121047102252955, 50.11294905101208 ], [ 20.121047108530167, 50.112949058561497 ], [ 20.123118622478842, 50.115178211995264 ], [ 20.123118624008889, 50.1151782138352 ], [ 20.123118622565602, 50.115178215703885 ], [ 20.121152095403897, 50.117446437117884 ], [ 20.121152093690753, 50.117446438889857 ], [ 20.121152090452199, 50.117446439020434 ], [ 20.117113884714144, 50.117485362207866 ], [ 20.11711387142617, 50.117485362743103 ], [ 20.117113858277499, 50.117485364088076 ], [ 20.117113845387195, 50.117485366230603 ], [ 20.117113832871993, 50.117485369151296 ], [ 20.117113820845244, 50.117485372823701 ], [ 20.117113809415862, 50.11748537721455 ], [ 20.117113798687345, 50.117485382284087 ], [ 20.117113788756857, 50.117485387986406 ], [ 20.117113779714327, 50.117485394269842 ], [ 20.117113771641648, 50.117485401077531 ], [ 20.117113764611929, 50.117485408347761 ], [ 20.115146897012867, 50.119753486212232 ], [ 20.115146895299425, 50.119753487984106 ], [ 20.115146892060693, 50.119753488114505 ], [ 20.11110840657178, 50.119792204493365 ], [ 20.111108403328441, 50.11979220442511 ], [ 20.111108401533588, 50.119792202686838 ], [ 20.109037239260577, 50.117562834322875 ], [ 20.109037231896888, 50.117562827190604 ], [ 20.109037223512139, 50.117562820540698 ], [ 20.109037214182283, 50.117562814433377 ], [ 20.10903720399179, 50.117562808923935 ], [ 20.109037193032968, 50.11756280406231 ], [ 20.10903718140505, 50.117562799892461 ], [ 20.109037169213341, 50.117562796452255 ], [ 20.109037156568252, 50.117562793772755 ], [ 20.10903714358431, 50.117562791878271 ], [ 20.109037130379079, 50.117562790785954 ], [ 20.109037117072166, 50.117562790505666 ], [ 20.104998962392642, 50.11760129171666 ], [ 20.104998949104488, 50.117601292250519 ], [ 20.104998935955411, 50.11760129359412 ], [ 20.10499892306451, 50.117601295735319 ], [ 20.104998910548531, 50.117601298654698 ], [ 20.104998898520805, 50.117601302325859 ], [ 20.104998887090265, 50.117601306715542 ], [ 20.104998876360423, 50.11760131178395 ], [ 20.104998866428453, 50.117601317485232 ], [ 20.104998857384302, 50.117601323767765 ], [ 20.104998849309879, 50.117601330574608 ], [ 20.104998842278299, 50.117601337844121 ], [ 20.103031394262668, 50.119869214259772 ], [ 20.103031392548765, 50.119869216031482 ], [ 20.103031389309987, 50.119869216161561 ], [ 20.098992955022226, 50.11990751052592 ], [ 20.09899294173335, 50.11990751105909 ], [ 20.098992928583474, 50.119907512402015 ], [ 20.098992915691682, 50.119907514542561 ], [ 20.098992903174718, 50.1199075174613 ], [ 20.098992891145947, 50.119907521131836 ], [ 20.098992879714299, 50.119907525520915 ], [ 20.098992868983306, 50.119907530588776 ], [ 20.098992859050149, 50.119907536289574 ], [ 20.098992850004773, 50.119907542571625 ], [ 20.098992841929107, 50.119907549378048 ], [ 20.098992834896279, 50.119907556647213 ], [ 20.097025008675278, 50.122175332898699 ], [ 20.097025006961065, 50.122175334670303 ], [ 20.097025003722116, 50.12217533480019 ], [ 20.092986289861717, 50.122213422272573 ], [ 20.092986286618228, 50.122213422203799 ], [ 20.092986284823933, 50.122213420465265 ], [ 20.09091581316617, 50.119983682162861 ], [ 20.090915811637192, 50.119983680322498 ], [ 20.090915813081878, 50.119983678454211 ], [ 20.092883841383586, 50.117716003590722 ], [ 20.092883847310599, 50.117715995924939 ], [ 20.092883852077509, 50.117715987931625 ], [ 20.092883855641137, 50.117715979683119 ], [ 20.092883857969223, 50.117715971254171 ], [ 20.092883859040676, 50.117715962721121 ], [ 20.092883858845795, 50.117715954161177 ], [ 20.092883857386344, 50.117715945651931 ], [ 20.092883854675541, 50.117715937270418 ], [ 20.09288385073793, 50.11771592909254 ], [ 20.09288384560918, 50.11771592119235 ], [ 20.09288383933573, 50.117715913641419 ], [ 20.090813649111322, 50.115486256014321 ], [ 20.090813641750643, 50.11548624888087 ], [ 20.090813633368768, 50.115486242229615 ], [ 20.090813624041612, 50.115486236120809 ], [ 20.090813613853634, 50.115486230609761 ], [ 20.090813602897111, 50.115486225746388 ], [ 20.090813591271246, 50.115486221574727 ], [ 20.090813579081352, 50.115486218132588 ], [ 20.090813566437799, 50.115486215451078 ], [ 20.090813553455096, 50.11548621355454 ], [ 20.090813540250824, 50.115486212460134 ], [ 20.090813526944562, 50.115486212177764 ], [ 20.086775444871002, 50.115524079257391 ], [ 20.086775441627967, 50.115524079188468 ], [ 20.08677543983416, 50.115524077449834 ], [ 20.084705588027912, 50.113294264847603 ], [ 20.084705580668484, 50.113294257713754 ], [ 20.084705572287827, 50.113294251062058 ], [ 20.084705562961869, 50.113294244952733 ], [ 20.084705552775059, 50.113294239441153 ], [ 20.084705541819641, 50.113294234577189 ], [ 20.084705530194846, 50.113294230404918 ], [ 20.084705518005922, 50.113294226962097 ], [ 20.084705505363289, 50.113294224279954 ], [ 20.084705492381406, 50.113294222382699 ], [ 20.084705479177874, 50.113294221287596 ], [ 20.08470546587224, 50.113294221004516 ], [ 20.080667637414059, 50.113331873770491 ], [ 20.080667624126768, 50.113331874301551 ], [ 20.080667610978139, 50.113331875642388 ], [ 20.08066759808726, 50.113331877780894 ], [ 20.080667585570861, 50.113331880697672 ], [ 20.0806675735423, 50.113331884366318 ], [ 20.080667562110506, 50.113331888753585 ], [ 20.080667551379008, 50.113331893819776 ], [ 20.080667541444999, 50.113331899518982 ], [ 20.080667532398433, 50.113331905799633 ], [ 20.080667524321228, 50.113331912604806 ], [ 20.080667517286557, 50.113331919872877 ], [ 20.078699085110266, 50.115599391930893 ], [ 20.078699083395609, 50.115599393702254 ], [ 20.078699080157044, 50.115599393831637 ], [ 20.074660972427214, 50.115636839694318 ], [ 20.074660959139209, 50.115636840224674 ], [ 20.074660945989773, 50.115636841564857 ], [ 20.074660933097995, 50.115636843702688 ], [ 20.074660920580619, 50.11563684661882 ], [ 20.074660908551017, 50.11563685028684 ], [ 20.074660897118125, 50.115636854673532 ], [ 20.07466088638547, 50.115636859739176 ], [ 20.074660876450263, 50.115636865437878 ], [ 20.074660867402468, 50.115636871718067 ], [ 20.074660859324034, 50.115636878522835 ], [ 20.074660852288115, 50.115636885790536 ], [ 20.072692041985057, 50.117904257564881 ], [ 20.072692040270105, 50.11790425933615 ], [ 20.072692037031359, 50.117904259465377 ], [ 20.068653650065571, 50.117941498379409 ], [ 20.068653646822398, 50.117941498309968 ], [ 20.068653645029141, 50.117941496571049 ], [ 20.066584523963375, 50.115711357094817 ], [ 20.066584516606238, 50.115711349959795 ], [ 20.066584508227653, 50.115711343306799 ], [ 20.066584498903506, 50.115711337196011 ], [ 20.066584488718231, 50.115711331682824 ], [ 20.066584477764071, 50.115711326817149 ], [ 20.066584466140224, 50.115711322643051 ], [ 20.066584453951958, 50.115711319198347 ], [ 20.066584441309661, 50.115711316514201 ], [ 20.066584428327825, 50.115711314614948 ], [ 20.066584415123994, 50.115711313517792 ], [ 20.066584401817764, 50.11571131323263 ], [ 20.062546346152597, 50.115748337157946 ], [ 20.062546332864404, 50.115748337686931 ], [ 20.062546319714581, 50.115748339025728 ], [ 20.06254630682221, 50.115748341162224 ], [ 20.06254629430406, 50.115748344077062 ], [ 20.062546282273477, 50.115748347743818 ], [ 20.06254627083943, 50.115748352129344 ], [ 20.062546260105456, 50.115748357193844 ], [ 20.062546250168769, 50.115748362891559 ], [ 20.06254624111936, 50.115748369170809 ], [ 20.062546233039178, 50.115748375974711 ], [ 20.062546226001391, 50.115748383241723 ], [ 20.06057683581292, 50.118015553221461 ], [ 20.060576834097503, 50.118015554992567 ], [ 20.060576830858718, 50.118015555121453 ], [ 20.05653841866204, 50.118052372764829 ], [ 20.056538415418867, 50.118052372695054 ], [ 20.056538413626047, 50.118052370955937 ], [ 20.054469847223597, 50.115822012078482 ], [ 20.054469839868233, 50.115822004942693 ], [ 20.054469831491289, 50.115821998288794 ], [ 20.054469822168649, 50.11582199217704 ], [ 20.05446981198472, 50.115821986662759 ], [ 20.054469801031747, 50.115821981795939 ], [ 20.054469789408913, 50.115821977620641 ], [ 20.054469777221474, 50.115821974174644 ], [ 20.0544697645798, 50.11582197148919 ], [ 20.05446975159839, 50.115821969588573 ], [ 20.05446973839479, 50.115821968490032 ], [ 20.054469725088577, 50.11582196820347 ], [ 20.050431566906081, 50.115858571605088 ], [ 20.050431563663061, 50.115858571535135 ], [ 20.050431561870543, 50.115858569795918 ], [ 20.048363373611473, 50.113628098897145 ], [ 20.048363366257345, 50.113628091760972 ], [ 20.048363357881637, 50.113628085106612 ], [ 20.048363348560198, 50.11362807899436 ], [ 20.048363338377431, 50.113628073479532 ], [ 20.048363327425573, 50.113628068612151 ], [ 20.048363315803794, 50.113628064436213 ], [ 20.048363303617339, 50.113628060989569 ], [ 20.048363290976582, 50.113628058303426 ], [ 20.048363277995989, 50.113628056402135 ], [ 20.048363264793124, 50.113628055302875 ], [ 20.048363251487547, 50.113628055015639 ], [ 20.044325347364524, 50.113664444218429 ], [ 20.044325334076674, 50.113664444745318 ], [ 20.04432532092688, 50.113664446082055 ], [ 20.044325308034232, 50.113664448216539 ], [ 20.044325295515481, 50.113664451129409 ], [ 20.044325283484, 50.113664454794296 ], [ 20.044325272048752, 50.113664459178025 ], [ 20.044325261313297, 50.113664464240863 ], [ 20.044325251374854, 50.113664469936992 ], [ 20.044325242323431, 50.113664476214844 ], [ 20.04432523424099, 50.113664483017523 ], [ 20.044325227200734, 50.113664490283433 ], [ 20.042355055786054, 50.115931356850389 ], [ 20.042355054070036, 50.115931358621218 ], [ 20.042355050831336, 50.115931358749592 ], [ 20.038316790417518, 50.115967541607787 ], [ 20.038316787174502, 50.115967541537493 ], [ 20.038316785382417, 50.115967539798092 ], [ 20.036249151950599, 50.113736849661073 ], [ 20.036249144598244, 50.113736842524112 ], [ 20.036249136224182, 50.113736835868863 ], [ 20.036249126904245, 50.113736829755616 ], [ 20.036249116722836, 50.113736824239737 ], [ 20.036249105772161, 50.113736819371184 ], [ 20.03624909415139, 50.113736815194038 ], [ 20.03624908196576, 50.113736811746108 ], [ 20.036249069325628, 50.113736809058672 ], [ 20.036249056345468, 50.113736807155995 ], [ 20.036249043142828, 50.113736806055371 ], [ 20.036249029837272, 50.113736805766742 ], [ 20.032211023634098, 50.113772774457701 ], [ 20.032211020391241, 50.113772774387229 ], [ 20.032211018599458, 50.113772772647735 ], [ 20.03014372363603, 50.111541927819488 ], [ 20.030143722109642, 50.111541925978308 ], [ 20.030143723556456, 50.11154192411076 ], [ 20.032114297627881, 50.10927526060302 ], [ 20.032114303563624, 50.109275252940272 ], [ 20.032114308339871, 50.109275244949387 ], [ 20.032114311913368, 50.109275236702686 ], [ 20.03211431425175, 50.109275228274875 ], [ 20.03211431533385, 50.109275219742287 ], [ 20.032114315149855, 50.109275211182194 ], [ 20.032114313701442, 50.109275202672087 ], [ 20.032114311001727, 50.109275194289083 ], [ 20.032114307075151, 50.109275186109052 ], [ 20.032114301957282, 50.109275178206104 ], [ 20.032114295694466, 50.109275170651806 ], [ 20.030047281242489, 50.107044406717357 ], [ 20.030047273892087, 50.107044399579969 ], [ 20.030047265520054, 50.107044392924266 ], [ 20.030047256202213, 50.107044386810493 ], [ 20.030047246022939, 50.107044381294081 ], [ 20.03004723507442, 50.107044376424909 ], [ 20.030047223455803, 50.10704437224711 ], [ 20.030047211272315, 50.107044368798526 ], [ 20.030047198634289, 50.107044366110387 ], [ 20.030047185656183, 50.107044364207027 ], [ 20.030047172455518, 50.107044363105672 ], [ 20.030047159151842, 50.107044362816318 ], [ 20.026009785213503, 50.107080111716812 ], [ 20.026009771927242, 50.107080112241604 ], [ 20.026009758778716, 50.107080113576266 ], [ 20.026009745886977, 50.10708011570869 ], [ 20.026009733368799, 50.107080118619585 ], [ 20.026009721337537, 50.107080122282596 ], [ 20.026009709902148, 50.107080126664506 ], [ 20.026009699166192, 50.107080131725695 ], [ 20.026009689226903, 50.107080137420255 ], [ 20.026009680174294, 50.107080143696692 ], [ 20.026009672090332, 50.107080150498113 ], [ 20.026009665048235, 50.10708015776293 ], [ 20.024038889791797, 50.10934671972641 ], [ 20.024038888075328, 50.109346721496976 ], [ 20.024038884837015, 50.109346721624824 ], [ 20.020001154914944, 50.109382264150803 ], [ 20.020001151672403, 50.10938226407999 ], [ 20.020001149881224, 50.109382262340304 ], [ 20.017934650641447, 50.107151236588479 ], [ 20.017934643292826, 50.107151229450324 ], [ 20.017934634922444, 50.107151222793725 ], [ 20.017934625606106, 50.107151216678986 ], [ 20.017934615428185, 50.107151211161494 ], [ 20.01793460448085, 50.107151206291171 ], [ 20.017934592863249, 50.107151202112163 ], [ 20.017934580680585, 50.107151198662294 ], [ 20.017934568043184, 50.107151195972826 ], [ 20.017934555065509, 50.107151194068109 ], [ 20.01793454186507, 50.107151192965382 ], [ 20.017934528561423, 50.107151192674628 ], [ 20.013897130417089, 50.107186520465845 ], [ 20.013897117130643, 50.107186520989259 ], [ 20.013897103981723, 50.107186522322543 ], [ 20.013897091089405, 50.107186524453631 ], [ 20.013897078570441, 50.107186527363197 ], [ 20.01389706653821, 50.107186531024979 ], [ 20.013897055101673, 50.10718653540571 ], [ 20.013897044364406, 50.107186540465769 ], [ 20.013897034423643, 50.107186546159312 ], [ 20.013897025369413, 50.107186552434804 ], [ 20.013897017283707, 50.107186559235409 ], [ 20.013897010239752, 50.1071865664995 ], [ 20.01192565591742, 50.109452926319165 ], [ 20.011925654200503, 50.109452928089546 ], [ 20.011925650962148, 50.109452928217081 ], [ 20.007887896972516, 50.109488049581223 ], [ 20.007887893729972, 50.109488049510063 ], [ 20.007887891939223, 50.109488047770199 ], [ 20.005821947706163, 50.10725680307516 ], [ 20.005821940359311, 50.10725679593623 ], [ 20.005821931990578, 50.10725678927875 ], [ 20.005821922675743, 50.10725678316301 ], [ 20.005821912499179, 50.107256777644437 ], [ 20.005821901553031, 50.107256772772992 ], [ 20.005821889936442, 50.107256768592755 ], [ 20.005821877754599, 50.107256765141614 ], [ 20.005821865117845, 50.107256762450824 ], [ 20.005821852140592, 50.107256760544743 ], [ 20.005821838940385, 50.107256759440645 ], [ 20.005821825636755, 50.107256759148491 ], [ 20.001784403573062, 50.107291665824405 ], [ 20.001784390286435, 50.107291666346427 ], [ 20.001784377137135, 50.107291667678346 ], [ 20.00178436424423, 50.107291669808113 ], [ 20.001784351724488, 50.107291672716393 ], [ 20.001784339691287, 50.107291676376896 ], [ 20.001784328253603, 50.107291680756433 ], [ 20.001784317515018, 50.107291685815404 ], [ 20.00178430757278, 50.107291691507903 ], [ 20.001784298516938, 50.107291697782458 ], [ 20.001784290429487, 50.107291704582217 ], [ 20.001784283383671, 50.107291711845612 ], [ 19.999812350126941, 50.109557869418396 ], [ 19.99981234840957, 50.109557871188592 ], [ 19.999812345171168, 50.109557871315772 ], [ 19.995774567400677, 50.109592571512124 ], [ 19.995774564158143, 50.109592571440636 ], [ 19.995774562367828, 50.109592569700574 ], [ 19.993709173296597, 50.107361106159416 ], [ 19.993709165951518, 50.107361099019691 ], [ 19.99370915758443, 50.107361092361344 ], [ 19.993709148271108, 50.107361086244659 ], [ 19.993709138095895, 50.107361080724999 ], [ 19.993709127150936, 50.107361075852396 ], [ 19.993709115535353, 50.107361071670951 ], [ 19.993709103354345, 50.10736106821853 ], [ 19.993709090718212, 50.107361065526419 ], [ 19.993709077741396, 50.107361063618988 ], [ 19.99370906454142, 50.107361062513498 ], [ 19.993709051237818, 50.107361062219979 ], [ 19.989671605541417, 50.107395547774622 ], [ 19.989671592254613, 50.107395548295273 ], [ 19.989671579104925, 50.107395549625821 ], [ 19.989671566211442, 50.107395551754223 ], [ 19.989671553690918, 50.107395554661203 ], [ 19.989671541656747, 50.107395558320469 ], [ 19.989671530217922, 50.107395562698827 ], [ 19.989671519478023, 50.107395567756662 ], [ 19.989671509534311, 50.107395573448159 ], [ 19.989671500476849, 50.107395579721761 ], [ 19.98967149238765, 50.107395586520703 ], [ 19.989671485339986, 50.107395593783352 ], [ 19.987698973280487, 50.109661549006198 ], [ 19.987698971562661, 50.109661550776224 ], [ 19.987698968324214, 50.109661550903077 ], [ 19.983661167059584, 50.10969582992572 ], [ 19.983661163817054, 50.109695829853898 ], [ 19.983661162027175, 50.109695828113637 ], [ 19.981596328272758, 50.107464145823528 ], [ 19.981596320929455, 50.107464138683028 ], [ 19.981596312564008, 50.107464132023793 ], [ 19.981596303252196, 50.107464125906112 ], [ 19.981596293078336, 50.107464120385387 ], [ 19.981596282134571, 50.107464115511625 ], [ 19.981596270520004, 50.107464111328973 ], [ 19.981596258339813, 50.107464107875273 ], [ 19.981596245704321, 50.107464105181847 ], [ 19.981596232727938, 50.107464103273038 ], [ 19.981596219528193, 50.107464102166198 ], [ 19.981596206224616, 50.107464101871265 ], [ 19.977558737182182, 50.107498166298797 ], [ 19.977558723895193, 50.107498166818047 ], [ 19.977558710745122, 50.107498168147245 ], [ 19.977558697851059, 50.107498170274305 ], [ 19.97755868532975, 50.107498173179984 ], [ 19.977558673294613, 50.107498176838 ], [ 19.977558661854644, 50.107498181215163 ], [ 19.97755865111343, 50.10749818627189 ], [ 19.977558641168251, 50.10749819196235 ], [ 19.977558632109169, 50.107498198235028 ], [ 19.977558624018229, 50.107498205033117 ], [ 19.977558616968707, 50.107498212295049 ], [ 19.975585526238223, 50.10976396506495 ], [ 19.975585524519946, 50.109763966834805 ], [ 19.975585521281456, 50.109763966961303 ], [ 19.971547774236473, 50.109797824156523 ], [ 19.971547760948781, 50.109797824675084 ], [ 19.971547747797906, 50.109797826003586 ], [ 19.971547734902941, 50.109797828129999 ], [ 19.97154772238067, 50.109797831035053 ], [ 19.971547710344495, 50.109797834692415 ], [ 19.971547698903418, 50.109797839069003 ], [ 19.971547688161056, 50.109797844125175 ], [ 19.971547678214687, 50.109797849815124 ], [ 19.971547669154383, 50.109797856087354 ], [ 19.971547661062207, 50.109797862885024 ], [ 19.971547654011427, 50.109797870146593 ], [ 19.969574185229579, 50.112063522082856 ], [ 19.969574183511003, 50.112063523852633 ], [ 19.969574180272339, 50.112063523978961 ], [ 19.965536232691878, 50.112097173252728 ], [ 19.965536219403475, 50.112097173770614 ], [ 19.965536206251791, 50.112097175098434 ], [ 19.965536193355938, 50.112097177224179 ], [ 19.965536180832693, 50.112097180128572 ], [ 19.965536168795477, 50.11209718378533 ], [ 19.965536157353302, 50.112097188161336 ], [ 19.965536146609782, 50.112097193216954 ], [ 19.965536136662223, 50.112097198906397 ], [ 19.9655361276007, 50.112097205178159 ], [ 19.965536119507277, 50.112097211975424 ], [ 19.965536112455261, 50.112097219236624 ], [ 19.963562265570467, 50.114362770297717 ], [ 19.963562263851585, 50.114362772067416 ], [ 19.963562260612743, 50.114362772193552 ], [ 19.959524112540826, 50.114396213511313 ], [ 19.959524099251713, 50.11439621402851 ], [ 19.959524086099229, 50.114396215355669 ], [ 19.959524073202481, 50.114396217480753 ], [ 19.959524060678266, 50.114396220384506 ], [ 19.959524048640009, 50.114396224040625 ], [ 19.959524037196733, 50.114396228416055 ], [ 19.959524026452058, 50.114396233471126 ], [ 19.959524016503305, 50.114396239160058 ], [ 19.959524007440564, 50.114396245431351 ], [ 19.959523999345905, 50.11439625222819 ], [ 19.959523992292635, 50.114396259489027 ], [ 19.957549767253333, 50.116661709633377 ], [ 19.95754976553415, 50.116661711402976 ], [ 19.957549762295134, 50.116661711528984 ], [ 19.953511413775811, 50.116694944856192 ], [ 19.953511400485993, 50.116694945372714 ], [ 19.9535113873327, 50.116694946699184 ], [ 19.95351137443506, 50.116694948823593 ], [ 19.953511361909879, 50.116694951726707 ], [ 19.953511349870578, 50.116694955382229 ], [ 19.9535113384262, 50.116694959757055 ], [ 19.953511327680381, 50.116694964811565 ], [ 19.953511317730435, 50.116694970499999 ], [ 19.953511308666471, 50.11669497677083 ], [ 19.953511300570568, 50.116694983567257 ], [ 19.953511293516055, 50.116694990827739 ], [ 19.95153672813705, 50.118960296574251 ], [ 19.951536722187218, 50.118960304232935 ], [ 19.951536717396568, 50.118960312220594 ], [ 19.951536713808501, 50.118960320464886 ], [ 19.9515367114555, 50.118960328891134 ], [ 19.951536710358877, 50.11896033742304 ], [ 19.951536710528565, 50.118960345983339 ], [ 19.951536711963023, 50.118960354494497 ], [ 19.951536714649261, 50.118960362879456 ], [ 19.951536718562959, 50.118960371062258 ], [ 19.951536723668671, 50.118960378968815 ], [ 19.951536729920154, 50.118960386527512 ], [ 19.953600675617079, 50.121192604178312 ], [ 19.953600677140852, 50.121192606020493 ], [ 19.953600675690762, 50.121192607887117 ], [ 19.951625856728626, 50.123458001329645 ], [ 19.951625855008981, 50.123458003099152 ], [ 19.951625851769489, 50.123458003224975 ], [ 19.947586847091735, 50.123491034394149 ], [ 19.947586843848313, 50.123491034321319 ], [ 19.947586842059213, 50.123491032580503 ], [ 19.945523074260677, 50.121258707878603 ], [ 19.945523066920568, 50.121258700735844 ], [ 19.945523058557665, 50.121258694074001 ], [ 19.945523049247711, 50.121258687953414 ], [ 19.945523039075013, 50.121258682429549 ], [ 19.945523028131703, 50.121258677552383 ], [ 19.945523016516866, 50.121258673366135 ], [ 19.945523004335712, 50.121258669908677 ], [ 19.945522991698539, 50.121258667211322 ], [ 19.945522978719804, 50.121258665298519 ], [ 19.945522965517036, 50.121258664187586 ], [ 19.945522952209792, 50.121258663888561 ], [ 19.941484202927814, 50.12129148112836 ], [ 19.941484199684549, 50.121291481055351 ], [ 19.94148419789575, 50.121291479314451 ], [ 19.939420808406336, 50.119059043167908 ], [ 19.939420801067467, 50.119059036024737 ], [ 19.939420792705796, 50.11905902936244 ], [ 19.939420783397047, 50.119059023241377 ], [ 19.939420773225507, 50.119059017716943 ], [ 19.939420762283309, 50.119059012839237 ], [ 19.939420750669541, 50.119059008652336 ], [ 19.939420738489371, 50.119059005194231 ], [ 19.939420725853118, 50.119059002496236 ], [ 19.939420712875208, 50.119059000582723 ], [ 19.939420699673178, 50.119058999471086 ], [ 19.939420686366578, 50.119058999171358 ], [ 19.935382115082334, 50.11909160314876 ], [ 19.935382111839221, 50.119091603075589 ], [ 19.935382110050725, 50.119091601334588 ], [ 19.933319098826274, 50.116859053785241 ], [ 19.933319091488649, 50.1168590466417 ], [ 19.933319083128207, 50.116859039978955 ], [ 19.933319073820655, 50.116859033857388 ], [ 19.933319063650284, 50.116859028332414 ], [ 19.933319052709201, 50.116859023454111 ], [ 19.933319041096496, 50.116859019266592 ], [ 19.933319028917317, 50.116859015807862 ], [ 19.933319016281978, 50.116859013109178 ], [ 19.933319003304895, 50.116859011194968 ], [ 19.933318990103604, 50.116859010082642 ], [ 19.933318976797647, 50.116859009782218 ], [ 19.929280583562626, 50.116891400529433 ], [ 19.92928058031967, 50.116891400456105 ], [ 19.929280578531479, 50.116891398715005 ], [ 19.927217945527811, 50.114658739804753 ], [ 19.927217938191433, 50.114658732660814 ], [ 19.927217929832214, 50.114658725997607 ], [ 19.927217920525866, 50.11465871987555 ], [ 19.927217910356664, 50.114658714350043 ], [ 19.927217899416696, 50.114658709471136 ], [ 19.927217887805046, 50.11465870528302 ], [ 19.927217875626859, 50.114658701823615 ], [ 19.927217862992435, 50.114658699124263 ], [ 19.927217850016184, 50.114658697209393 ], [ 19.927217836815625, 50.114658696096356 ], [ 19.927217823510304, 50.114658695795235 ], [ 19.923179608375964, 50.114690873344507 ], [ 19.923179605133164, 50.11469087327103 ], [ 19.923179603345275, 50.11469087152981 ], [ 19.921117308974683, 50.112458058485011 ], [ 19.92111730745243, 50.112458056642367 ], [ 19.921117308903533, 50.112458054776141 ], [ 19.92309309107819, 50.110193213950772 ], [ 19.923093097031519, 50.110193206293502 ], [ 19.923093101826051, 50.110193198307002 ], [ 19.923093105418385, 50.110193190063541 ], [ 19.923093107775976, 50.110193181637833 ], [ 19.923093108877474, 50.110193173106161 ], [ 19.923093108712912, 50.110193164545777 ], [ 19.923093107283776, 50.110193156034214 ], [ 19.923093104603005, 50.110193147648573 ], [ 19.923093100694878, 50.110193139464762 ], [ 19.923093095594787, 50.110193131556905 ], [ 19.923093089348924, 50.110193123996631 ], [ 19.921031034502235, 50.107960349419358 ], [ 19.921031032980128, 50.107960347576729 ], [ 19.921031034431103, 50.107960345710502 ], [ 19.92300663849786, 50.105695505620282 ], [ 19.923006644450652, 50.105695497963019 ], [ 19.923006649244762, 50.105695489976512 ], [ 19.923006652836783, 50.105695481733058 ], [ 19.923006655194182, 50.105695473307357 ], [ 19.923006656295605, 50.105695464775678 ], [ 19.923006656131086, 50.105695456215287 ], [ 19.923006654702103, 50.105695447703717 ], [ 19.923006652021606, 50.105695439318055 ], [ 19.923006648113873, 50.10569543113423 ], [ 19.923006643014279, 50.105695423226358 ], [ 19.923006636769028, 50.105695415666084 ], [ 19.920944821383493, 50.103462679557694 ], [ 19.920944814049772, 50.103462672413308 ], [ 19.920944805693388, 50.103462665749639 ], [ 19.920944796390021, 50.103462659627027 ], [ 19.920944786223924, 50.103462654100959 ], [ 19.920944775287154, 50.103462649221434 ], [ 19.920944763678758, 50.103462645032657 ], [ 19.920944751503868, 50.103462641572577 ], [ 19.920944738872734, 50.103462638872521 ], [ 19.920944725899759, 50.103462636956941 ], [ 19.920944712702422, 50.103462635843172 ], [ 19.920944699400234, 50.103462635541277 ], [ 19.916907495909697, 50.103494589182993 ], [ 19.916907482623078, 50.103494589695309 ], [ 19.916907469472331, 50.103494591017601 ], [ 19.916907456576556, 50.103494593137953 ], [ 19.916907444052537, 50.103494596037116 ], [ 19.916907432013705, 50.103494599688851 ], [ 19.916907420569068, 50.103494604060081 ], [ 19.916907409822283, 50.103494609111216 ], [ 19.916907399870674, 50.103494614796524 ], [ 19.916907390804361, 50.103494621064542 ], [ 19.916907382705446, 50.103494627858431 ], [ 19.916907375647277, 50.103494635116739 ], [ 19.914931609592379, 50.105759329931118 ], [ 19.914931603638287, 50.105759337587969 ], [ 19.91493159884282, 50.105759345574164 ], [ 19.914931595249406, 50.105759353817355 ], [ 19.914931592890593, 50.105759362242885 ], [ 19.914931591787727, 50.105759370774535 ], [ 19.914931591950811, 50.105759379334934 ], [ 19.914931593378363, 50.105759387846611 ], [ 19.914931596057453, 50.10575939623245 ], [ 19.914931599963822, 50.10575940441656 ], [ 19.91493160506209, 50.105759412324787 ], [ 19.914931611306088, 50.105759419885523 ], [ 19.916993288119681, 50.107992305721638 ], [ 19.916993289641638, 50.107992307564324 ], [ 19.916993288190504, 50.107992309430493 ], [ 19.915017306090512, 50.110257048392285 ], [ 19.915017300135887, 50.110257056049136 ], [ 19.915017295339993, 50.110257064035309 ], [ 19.915017291746267, 50.110257072278529 ], [ 19.915017289387251, 50.110257080704073 ], [ 19.915017288284318, 50.110257089235674 ], [ 19.915017288447441, 50.110257097796065 ], [ 19.915017289875149, 50.110257106307756 ], [ 19.91501729255452, 50.110257114693596 ], [ 19.915017296461279, 50.110257122877691 ], [ 19.915017301560052, 50.110257130785882 ], [ 19.915017307804654, 50.110257138346611 ], [ 19.91707918449935, 50.112490019853119 ], [ 19.917079186021454, 50.112490021695805 ], [ 19.917079184570191, 50.112490023561953 ], [ 19.915102986370488, 50.11475480667103 ], [ 19.915102984649792, 50.114754808440004 ], [ 19.915102981410783, 50.114754808564825 ], [ 19.911064744496212, 50.11478656485049 ], [ 19.911064731206391, 50.114786565362159 ], [ 19.911064718052383, 50.114786566683797 ], [ 19.911064705153322, 50.114786568803517 ], [ 19.91106469262601, 50.114786571702062 ], [ 19.911064680583898, 50.1147865753532 ], [ 19.911064669136046, 50.114786579723862 ], [ 19.911064658386127, 50.114786584774471 ], [ 19.911064648431498, 50.114786590459282 ], [ 19.911064639362305, 50.11478659672683 ], [ 19.911064631260668, 50.114786603520336 ], [ 19.911064624199984, 50.11478661077826 ], [ 19.909088123612637, 50.117051205846543 ], [ 19.909088117656232, 50.117051213503103 ], [ 19.90908811285869, 50.117051221489028 ], [ 19.90908810926345, 50.117051229732063 ], [ 19.909088106903077, 50.117051238157487 ], [ 19.909088105798947, 50.11705124668903 ], [ 19.909088105961054, 50.117051255249436 ], [ 19.909088107387934, 50.117051263761169 ], [ 19.909088110066659, 50.117051272147137 ], [ 19.909088113972977, 50.117051280331438 ], [ 19.909088119071516, 50.117051288239892 ], [ 19.909088125316089, 50.117051295800913 ], [ 19.911150023647707, 50.11928427991743 ], [ 19.911150025169803, 50.119284281760201 ], [ 19.911150023718111, 50.119284283626293 ], [ 19.909173306887492, 50.121548922825319 ], [ 19.909173300930554, 50.121548930481879 ], [ 19.909173296132579, 50.121548938467832 ], [ 19.90917329253703, 50.121548946710838 ], [ 19.909173290176462, 50.121548955136262 ], [ 19.909173289072253, 50.121548963667813 ], [ 19.909173289234396, 50.121548972228219 ], [ 19.909173290661439, 50.121548980739938 ], [ 19.909173293340441, 50.121548989125891 ], [ 19.909173297247154, 50.121548997310157 ], [ 19.909173302346193, 50.121549005218625 ], [ 19.90917330859137, 50.121549012779624 ], [ 19.911235406862591, 50.123781992582828 ], [ 19.911235408384833, 50.123781994425585 ], [ 19.91123540693301, 50.123781996291697 ], [ 19.909258473804435, 50.126046679621361 ], [ 19.909258472083128, 50.126046681390257 ], [ 19.909258468843344, 50.126046681514893 ], [ 19.905219197924154, 50.126078240271887 ], [ 19.905219194680612, 50.126078240197884 ], [ 19.90521919289294, 50.126078238456415 ], [ 19.903157273057207, 50.12384515170303 ], [ 19.903157265722967, 50.123845144557556 ], [ 19.90315725736545, 50.12384513789263 ], [ 19.903157248060349, 50.123845131768647 ], [ 19.903157237891929, 50.123845126241029 ], [ 19.903157226952271, 50.123845121359878 ], [ 19.903157215340453, 50.12384511716936 ], [ 19.90315720316163, 50.123845113707432 ], [ 19.903157190526098, 50.12384511100548 ], [ 19.90315717754828, 50.123845109087938 ], [ 19.903157164345721, 50.123845107972159 ], [ 19.903157151037966, 50.123845107668295 ], [ 19.899118213508153, 50.123876452014756 ], [ 19.899118200215675, 50.123876452525067 ], [ 19.899118187058832, 50.123876453845391 ], [ 19.899118174156783, 50.123876455963781 ], [ 19.899118161626362, 50.123876458861034 ], [ 19.89911814958106, 50.123876462510964 ], [ 19.89911813812995, 50.123876466880439 ], [ 19.899118127376735, 50.123876471929961 ], [ 19.899118117418801, 50.123876477613777 ], [ 19.899118108346332, 50.123876483880387 ], [ 19.899118100241484, 50.123876490673055 ], [ 19.899118093177659, 50.123876497930262 ], [ 19.897140619630527, 50.126140934599711 ], [ 19.897140617908764, 50.126140936368408 ], [ 19.897140614668935, 50.126140936492725 ], [ 19.8931013223817, 50.126172073800305 ], [ 19.893101319138161, 50.126172073725968 ], [ 19.893101317350933, 50.126172071984286 ], [ 19.891039954479904, 50.123938767090067 ], [ 19.891039947147444, 50.123938759943812 ], [ 19.891039938791579, 50.123938753278011 ], [ 19.891039929487995, 50.123938747153048 ], [ 19.891039919320935, 50.123938741624357 ], [ 19.891039908382474, 50.123938736742041 ], [ 19.89103989677168, 50.123938732550315 ], [ 19.891039884593688, 50.123938729087115 ], [ 19.891039871958796, 50.123938726383841 ], [ 19.891039858981422, 50.123938724464942 ], [ 19.891039845779098, 50.123938723347806 ], [ 19.891039832471378, 50.123938723042528 ], [ 19.887000873721384, 50.123969645986499 ], [ 19.887000860428735, 50.123969646495411 ], [ 19.887000847271519, 50.123969647814356 ], [ 19.887000834368894, 50.123969649931396 ], [ 19.887000821837709, 50.123969652827363 ], [ 19.887000809791438, 50.123969656476028 ], [ 19.88700079833918, 50.123969660844338 ], [ 19.887000787584665, 50.123969665892737 ], [ 19.887000777625261, 50.123969671575487 ], [ 19.887000768551182, 50.123969677841174 ], [ 19.887000760444586, 50.123969684633018 ], [ 19.88700075337891, 50.123969691889499 ], [ 19.885022701639496, 50.126233925222444 ], [ 19.885022699917279, 50.126233926990963 ], [ 19.885022696677407, 50.126233927114946 ], [ 19.880983383309264, 50.126264642967826 ], [ 19.880983380065729, 50.126264642893133 ], [ 19.880983378278927, 50.126264641151288 ], [ 19.87892253301089, 50.124031075383762 ], [ 19.878922531489877, 50.124031073540579 ], [ 19.878922532942969, 50.124031071674871 ], [ 19.880900784345435, 50.121766940361148 ], [ 19.880900790306931, 50.121766932706031 ], [ 19.880900795109639, 50.121766924721229 ], [ 19.880900798710069, 50.121766916479061 ], [ 19.880900801075626, 50.121766908054205 ], [ 19.880900802184868, 50.121766899522896 ], [ 19.88090080202776, 50.121766890962427 ], [ 19.880900800605726, 50.121766882450324 ], [ 19.880900797931641, 50.121766874063688 ], [ 19.880900794029721, 50.121766865878435 ], [ 19.8809007889353, 50.121766857968716 ], [ 19.880900782694521, 50.121766850406161 ], [ 19.878840216073026, 50.119533366071231 ], [ 19.87884020874305, 50.119533358924201 ], [ 19.878840200389654, 50.11953335225752 ], [ 19.878840191088472, 50.11953334613154 ], [ 19.878840180923739, 50.119533340601762 ], [ 19.878840169987516, 50.119533335718309 ], [ 19.878840158378839, 50.119533331525325 ], [ 19.878840146202833, 50.119533328060847 ], [ 19.878840133569781, 50.119533325356223 ], [ 19.878840120594067, 50.119533323435952 ], [ 19.878840107393216, 50.119533322317409 ], [ 19.878840094086783, 50.11953332201076 ], [ 19.874801415299729, 50.11956381929609 ], [ 19.874801412056652, 50.119563819221234 ], [ 19.874801410270326, 50.119563817479275 ], [ 19.872741142928945, 50.11733013641075 ], [ 19.872741141408383, 50.117330134567474 ], [ 19.872741142861518, 50.117330132701852 ], [ 19.874719415047092, 50.115066104025068 ], [ 19.874719421008759, 50.115066096370256 ], [ 19.874719425811847, 50.115066088385703 ], [ 19.874719429412856, 50.115066080143706 ], [ 19.874719431779177, 50.115066071718935 ], [ 19.874719432889382, 50.115066063187683 ], [ 19.874719432733414, 50.115066054627206 ], [ 19.874719431312684, 50.115066046115018 ], [ 19.874719428640066, 50.115066037728212 ], [ 19.874719424739752, 50.115066029542731 ], [ 19.874719419647075, 50.115066021632721 ], [ 19.874719413408158, 50.115066014069832 ], [ 19.872659424544228, 50.112832414456292 ], [ 19.872659417216205, 50.112832407308851 ], [ 19.872659408864838, 50.112832400641686 ], [ 19.872659399565745, 50.112832394515195 ], [ 19.872659389403147, 50.112832388984877 ], [ 19.872659378469084, 50.112832384100813 ], [ 19.872659366862564, 50.112832379907218 ], [ 19.872659354688707, 50.112832376442071 ], [ 19.872659342057752, 50.112832373736758 ], [ 19.872659329084097, 50.112832371815784 ], [ 19.87265931588523, 50.11283237069653 ], [ 19.872659302580683, 50.112832370389143 ], [ 19.868621180786008, 50.11286264979816 ], [ 19.868621177543396, 50.112862649723141 ], [ 19.868621175757543, 50.112862647981075 ], [ 19.866561525549411, 50.110628894523316 ], [ 19.866561518222639, 50.110628887375455 ], [ 19.866561509872493, 50.110628880707857 ], [ 19.866561500574598, 50.110628874580861 ], [ 19.866561490413169, 50.110628869050025 ], [ 19.866561479480218, 50.110628864165363 ], [ 19.866561467874764, 50.110628859971158 ], [ 19.866561455701891, 50.110628856505372 ], [ 19.866561443071856, 50.110628853799376 ], [ 19.866561430099033, 50.110628851877706 ], [ 19.866561416900907, 50.11062885075777 ], [ 19.866561403597, 50.110628850449679 ], [ 19.86252346059338, 50.11065891684818 ], [ 19.862523457350925, 50.110658916772984 ], [ 19.862523455565373, 50.110658915030825 ], [ 19.86046418347313, 50.108425050602158 ], [ 19.860464176147595, 50.108425043453913 ], [ 19.860464167798682, 50.108425036785853 ], [ 19.860464158501994, 50.108425030658381 ], [ 19.860464148341727, 50.108425025126984 ], [ 19.860464137409895, 50.108425020241746 ], [ 19.860464125805493, 50.108425016046894 ], [ 19.860464113633622, 50.108425012580469 ], [ 19.860464101004503, 50.108425009873812 ], [ 19.860464088032515, 50.10842500795146 ], [ 19.860464074835122, 50.108425006830807 ], [ 19.860464061531857, 50.108425006522012 ], [ 19.856426297370461, 50.108454859942341 ], [ 19.856426294128163, 50.10845485986696 ], [ 19.856426292342917, 50.108454858124709 ], [ 19.854367358843046, 50.106220839928341 ], [ 19.854367357323547, 50.106220838084816 ], [ 19.854367358777065, 50.106220836219421 ], [ 19.856346087984974, 50.10395707078731 ], [ 19.856346089707461, 50.103957069019202 ], [ 19.85634609294592, 50.103957068896015 ], [ 19.860383479083655, 50.103927220206828 ], [ 19.860383492371085, 50.103927219700999 ], [ 19.860383505523586, 50.103927218385088 ], [ 19.860383518422044, 50.103927216270996 ], [ 19.860383530949669, 50.103927213377915 ], [ 19.860383542992977, 50.103927209732021 ], [ 19.860383554442926, 50.10392720536634 ], [ 19.860383565195814, 50.103927200320399 ], [ 19.86038357515427, 50.103927194639887 ], [ 19.860383584228096, 50.103927188376268 ], [ 19.860383592335122, 50.103927181586272 ], [ 19.860383599401942, 50.103927174331389 ], [ 19.86236187475529, 50.1016633942684 ], [ 19.862361880717291, 50.101663386614192 ], [ 19.862361885521125, 50.101663378630121 ], [ 19.862361889123289, 50.101663370388508 ], [ 19.862361891491148, 50.101663361963944 ], [ 19.862361892603271, 50.101663353432784 ], [ 19.862361892449574, 50.101663344872243 ], [ 19.862361891031473, 50.101663336359877 ], [ 19.862361888361775, 50.101663327972759 ], [ 19.862361884464686, 50.10166331978683 ], [ 19.862361879375484, 50.101663311876244 ], [ 19.862361873140269, 50.10166330431263 ], [ 19.860302999452301, 50.099429431537423 ], [ 19.860302997932791, 50.099429429693984 ], [ 19.86030299938588, 50.099429427828518 ], [ 19.862281133923354, 50.097165604929479 ], [ 19.862281139884821, 50.097165597275279 ], [ 19.862281144688229, 50.097165589291208 ], [ 19.862281148290077, 50.097165581049566 ], [ 19.86228115065774, 50.097165572625045 ], [ 19.862281151769782, 50.097165564093864 ], [ 19.862281151616127, 50.097165555533316 ], [ 19.862281150198175, 50.097165547020928 ], [ 19.862281147528755, 50.097165538633796 ], [ 19.862281143632053, 50.097165530447867 ], [ 19.862281138543349, 50.097165522537253 ], [ 19.862281132308738, 50.097165514973653 ], [ 19.86022249721924, 50.094931680862885 ], [ 19.860222489895826, 50.094931673714605 ], [ 19.860222481549314, 50.094931667046524 ], [ 19.860222472255288, 50.094931660918995 ], [ 19.860222462097923, 50.094931655387526 ], [ 19.860222451169207, 50.094931650502247 ], [ 19.860222439568105, 50.094931646307366 ], [ 19.860222427399677, 50.094931642840876 ], [ 19.860222414774125, 50.09493164013417 ], [ 19.860222401805796, 50.094931638211754 ], [ 19.860222388612122, 50.094931637091058 ], [ 19.860222375312603, 50.094931636782242 ], [ 19.85618582234116, 50.09496147544094 ], [ 19.856185809056164, 50.094961475946299 ], [ 19.856185795905994, 50.094961477261698 ], [ 19.856185783009739, 50.094961479375328 ], [ 19.856185770484196, 50.094961482267955 ], [ 19.856185758442798, 50.094961485913394 ], [ 19.856185746994591, 50.094961490278671 ], [ 19.856185736243248, 50.09496149532422 ], [ 19.856185726286142, 50.094961501004356 ], [ 19.856185717213446, 50.094961507267648 ], [ 19.856185709107312, 50.094961514057374 ], [ 19.856185702041167, 50.094961521312037 ], [ 19.854207368427851, 50.097225242218734 ], [ 19.85420736670552, 50.097225243986827 ], [ 19.854207363467516, 50.097225244109943 ], [ 19.850170456653032, 50.097254875760115 ], [ 19.850170453411501, 50.097254875684563 ], [ 19.850170451626894, 50.097254873942212 ], [ 19.848112333651471, 50.095020779421596 ], [ 19.848112326329833, 50.095020772272562 ], [ 19.84811231798497, 50.095020765603586 ], [ 19.848112308692468, 50.095020759475069 ], [ 19.848112298536464, 50.095020753942542 ], [ 19.848112287608938, 50.095020749056125 ], [ 19.848112276008855, 50.095020744860008 ], [ 19.848112263841266, 50.095020741392247 ], [ 19.84811225121636, 50.095020738684234 ], [ 19.848112238248472, 50.095020736760489 ], [ 19.848112225055043, 50.0950207356384 ], [ 19.848112211755552, 50.095020735328184 ], [ 19.844075561205958, 50.095050153562838 ], [ 19.844075557964576, 50.095050153487115 ], [ 19.844075556180282, 50.095050151744694 ], [ 19.842017815996304, 50.092815946413715 ], [ 19.842017808675916, 50.092815939264256 ], [ 19.842017800332275, 50.092815932594853 ], [ 19.842017791040981, 50.09281592646586 ], [ 19.842017780886135, 50.092815920932779 ], [ 19.842017769959728, 50.092815916045787 ], [ 19.842017758360708, 50.092815911849065 ], [ 19.842017746194106, 50.092815908380643 ], [ 19.842017733570113, 50.092815905671969 ], [ 19.84201772060306, 50.092815903747521 ], [ 19.842017707410371, 50.092815902624743 ], [ 19.842017694111519, 50.092815902313809 ], [ 19.837981222468542, 50.092845107734838 ], [ 19.83798121922732, 50.092845107658952 ], [ 19.837981217443325, 50.092845105916396 ], [ 19.835923855006335, 50.090610789816907 ], [ 19.835923847687184, 50.090610782667078 ], [ 19.835923839344776, 50.090610775997192 ], [ 19.835923830054675, 50.090610769867702 ], [ 19.835923819900998, 50.090610764334095 ], [ 19.835923808975707, 50.090610759446513 ], [ 19.835923797377742, 50.090610755249166 ], [ 19.835923785212138, 50.090610751780133 ], [ 19.835923772589066, 50.090610749070777 ], [ 19.835923759622844, 50.090610747145632 ], [ 19.835923746430893, 50.090610746022165 ], [ 19.835923733132681, 50.090610745710542 ], [ 19.831887440447325, 50.090639738350212 ], [ 19.831887437206262, 50.090639738274156 ], [ 19.831887435422569, 50.090639736531514 ], [ 19.829830450688092, 50.08840530970528 ], [ 19.829830443370177, 50.088405302555081 ], [ 19.829830435029002, 50.088405295884733 ], [ 19.829830425740099, 50.08840528975476 ], [ 19.829830415587587, 50.088405284220627 ], [ 19.829830404663412, 50.088405279332434 ], [ 19.829830393066512, 50.088405275134491 ], [ 19.829830380901896, 50.08840527166479 ], [ 19.82983036827974, 50.088405268954787 ], [ 19.829830355314346, 50.088405267028946 ], [ 19.829830342123138, 50.08840526590479 ], [ 19.829830328825569, 50.088405265592449 ], [ 19.825794215148829, 50.08843404548314 ], [ 19.825794211907919, 50.088434045406899 ], [ 19.825794210124528, 50.088434043664151 ], [ 19.823737603048059, 50.086199506153015 ], [ 19.823737595731394, 50.086199499002404 ], [ 19.823737587391442, 50.086199492331637 ], [ 19.823737578103735, 50.086199486201139 ], [ 19.823737567952396, 50.086199480666473 ], [ 19.823737557029339, 50.086199475777718 ], [ 19.823737545433495, 50.08619947157915 ], [ 19.82373753326987, 50.086199468108809 ], [ 19.823737520648631, 50.086199465398124 ], [ 19.823737507684069, 50.086199463471615 ], [ 19.823737494493603, 50.086199462346734 ], [ 19.823737481196677, 50.086199462033704 ], [ 19.819701546579498, 50.08622802920771 ], [ 19.819701543338745, 50.086228029131313 ], [ 19.819701541555652, 50.086228027388479 ], [ 19.817645312092679, 50.083993379234215 ], [ 19.817645304777255, 50.083993372083199 ], [ 19.817645296438531, 50.083993365411999 ], [ 19.817645287152029, 50.08399335928101 ], [ 19.817645277001855, 50.08399335374579 ], [ 19.817645266079911, 50.083993348856453 ], [ 19.817645254485122, 50.083993344657266 ], [ 19.817645242322499, 50.083993341186293 ], [ 19.817645229702173, 50.083993338474926 ], [ 19.817645216738445, 50.083993336547721 ], [ 19.817645203548715, 50.083993335422193 ], [ 19.817645190252435, 50.083993335108445 ], [ 19.813609434745739, 50.084021689598103 ], [ 19.813609431505142, 50.084021689521528 ], [ 19.813609429722355, 50.084021687778602 ], [ 19.811553577828352, 50.081786929023018 ], [ 19.811553570514167, 50.081786921871604 ], [ 19.81155356217667, 50.081786915199963 ], [ 19.811553552891365, 50.081786909068448 ], [ 19.811553542742349, 50.081786903532709 ], [ 19.811553531821527, 50.081786898642783 ], [ 19.811553520227804, 50.081786894442999 ], [ 19.811553508066165, 50.081786890971372 ], [ 19.811553495446763, 50.081786888259344 ], [ 19.811553482483863, 50.081786886331464 ], [ 19.811553469294878, 50.081786885205211 ], [ 19.811553455999231, 50.081786884890768 ], [ 19.807517879653911, 50.081815026728421 ], [ 19.807517876413478, 50.081815026651675 ], [ 19.807517874630992, 50.081815024908664 ], [ 19.805462360847898, 50.079580112737787 ], [ 19.80546235933112, 50.079580110893602 ], [ 19.80546236078575, 50.079580109028797 ], [ 19.807442283568708, 50.077317204402355 ], [ 19.807442289536521, 50.077317196750897 ], [ 19.807442294347123, 50.077317188769044 ], [ 19.807442297956939, 50.077317180529043 ], [ 19.807442300333303, 50.077317172105559 ], [ 19.80744230145466, 50.07731716357484 ], [ 19.807442301310878, 50.077317155014143 ], [ 19.807442299903258, 50.077317146501009 ], [ 19.807442297244538, 50.077317138112527 ], [ 19.807442293358811, 50.07731712992468 ], [ 19.807442288281241, 50.077317122011593 ], [ 19.807442282057838, 50.077317114444952 ], [ 19.805387045366114, 50.075082283970239 ], [ 19.805387038053873, 50.075082276818414 ], [ 19.805387029718396, 50.075082270146289 ], [ 19.805387020435184, 50.075082264014313 ], [ 19.805387010288296, 50.075082258477998 ], [ 19.805386999369631, 50.075082253587482 ], [ 19.805386987778057, 50.075082249387044 ], [ 19.805386975618561, 50.075082245914743 ], [ 19.805386963001251, 50.07508224320204 ], [ 19.805386950040411, 50.075082241273478 ], [ 19.805386936853399, 50.075082240146514 ], [ 19.805386923559645, 50.07508223983136 ], [ 19.801351903858713, 50.075110164623901 ], [ 19.801351900618734, 50.075110164546977 ], [ 19.801351898836725, 50.07511016280386 ], [ 19.799296960713612, 50.072875136115805 ], [ 19.799296959197285, 50.072875134271541 ], [ 19.799296960651958, 50.072875132406828 ], [ 19.801276902433212, 50.070612330269071 ], [ 19.801276908401189, 50.070612322617954 ], [ 19.801276913212156, 50.070612314636342 ], [ 19.801276916822552, 50.070612306396534 ], [ 19.801276919199662, 50.070612297973135 ], [ 19.801276920321982, 50.070612289442458 ], [ 19.80127692017933, 50.070612280881747 ], [ 19.801276918773013, 50.070612272368528 ], [ 19.801276916115754, 50.070612263979889 ], [ 19.801276912231621, 50.070612255791808 ], [ 19.801276907155788, 50.070612247878444 ], [ 19.80127690093423, 50.070612240311455 ], [ 19.799222200335571, 50.068377252483756 ], [ 19.799222198819393, 50.0683772506395 ], [ 19.799222200273928, 50.068377248774766 ], [ 19.801201962881265, 50.066114447047731 ], [ 19.801201968848702, 50.066114439396593 ], [ 19.801201973659243, 50.066114431414988 ], [ 19.801201977269319, 50.066114423175179 ], [ 19.80120197964623, 50.066114414751802 ], [ 19.801201980768464, 50.066114406221082 ], [ 19.801201980625855, 50.066114397660378 ], [ 19.801201979219687, 50.066114389147153 ], [ 19.801201976562698, 50.066114380758513 ], [ 19.80120197267895, 50.066114372570404 ], [ 19.801201967603614, 50.066114364657039 ], [ 19.801201961382656, 50.066114357090029 ], [ 19.799147458851518, 50.063879365265848 ], [ 19.799147457335486, 50.063879363421584 ], [ 19.7991474587899, 50.063879361556864 ], [ 19.801127080226152, 50.061616516848737 ], [ 19.801127081949176, 50.061616515081433 ], [ 19.801127085184937, 50.061616514959795 ], [ 19.805160973161509, 50.061588603438707 ], [ 19.805160986437894, 50.061588602939217 ], [ 19.805160999580419, 50.061588601629602 ], [ 19.805161012470041, 50.061588599521698 ], [ 19.805161024990046, 50.061588596634586 ], [ 19.805161037027052, 50.061588592994426 ], [ 19.805161048472044, 50.06158858863418 ], [ 19.805161059221373, 50.061588583593341 ], [ 19.805161069177696, 50.061588577917554 ], [ 19.805161078250848, 50.061588571658199 ], [ 19.805161086358652, 50.061588564871997 ], [ 19.805161093427692, 50.061588557620411 ], [ 19.807140261852528, 50.059325698093517 ], [ 19.807140267818188, 50.059325690442066 ], [ 19.807140272627073, 50.059325682460219 ], [ 19.807140276235629, 50.059325674220212 ], [ 19.807140278611186, 50.059325665796685 ], [ 19.80714027973222, 50.059325657265937 ], [ 19.807140279588587, 50.059325648705219 ], [ 19.807140278181581, 50.059325640192071 ], [ 19.807140275523949, 50.059325631803553 ], [ 19.807140271639753, 50.059325623615663 ], [ 19.807140266564176, 50.059325615702541 ], [ 19.807140260343182, 50.059325608135836 ], [ 19.805085776791589, 50.057090718750253 ], [ 19.80508577527555, 50.057090716906053 ], [ 19.805085776729527, 50.057090715041255 ], [ 19.807064842067039, 50.054827769154066 ], [ 19.807064843789604, 50.054827767386655 ], [ 19.807064847024904, 50.054827767264889 ], [ 19.811098237281978, 50.054799651629551 ], [ 19.811098240520604, 50.054799651706212 ], [ 19.811098242302201, 50.054799653449173 ], [ 19.81315290479575, 50.057034436392861 ], [ 19.813152912106364, 50.057034443544204 ], [ 19.813152920439755, 50.057034450215802 ], [ 19.813152929720438, 50.057034456347196 ], [ 19.813152939864384, 50.057034461882864 ], [ 19.813152950779717, 50.057034466772691 ], [ 19.813152962367585, 50.057034470972368 ], [ 19.813152974523057, 50.057034474443874 ], [ 19.813152987136043, 50.057034477155774 ], [ 19.813153000092317, 50.057034479083512 ], [ 19.813153013274544, 50.057034480209602 ], [ 19.813153026563356, 50.057034480523903 ], [ 19.817186441027424, 50.0570061535213 ], [ 19.817186454302405, 50.057006153020438 ], [ 19.817186467443324, 50.05700615170948 ], [ 19.817186480331188, 50.057006149600241 ], [ 19.81718649284927, 50.057006146711856 ], [ 19.817186504884209, 50.057006143070446 ], [ 19.817186516327009, 50.057006138709028 ], [ 19.817186527074046, 50.057006133667066 ], [ 19.817186537027993, 50.057006127990249 ], [ 19.817186546098707, 50.05700612172997 ], [ 19.817186554204046, 50.057006114942951 ], [ 19.817186561270599, 50.057006107690626 ], [ 19.819164975665213, 50.054743045086624 ], [ 19.819164981628401, 50.054743037434584 ], [ 19.819164986434838, 50.05474302945224 ], [ 19.819164990040996, 50.054743021211841 ], [ 19.81916499241423, 50.054743012788116 ], [ 19.819164993533033, 50.054743004257254 ], [ 19.819164993387286, 50.054742995696564 ], [ 19.819164991978294, 50.054742987183538 ], [ 19.819164989318828, 50.054742978795304 ], [ 19.819164985432973, 50.054742970607819 ], [ 19.819164980355911, 50.054742962695201 ], [ 19.819164974133638, 50.054742955129157 ], [ 19.817110172194734, 50.052508321486634 ], [ 19.81711016488423, 50.052508314335519 ], [ 19.817110156551088, 50.052508307664212 ], [ 19.817110147270778, 50.052508301533116 ], [ 19.817110137127351, 50.052508295997782 ], [ 19.817110126212654, 50.052508291108346 ], [ 19.817110114625532, 50.05250828690906 ], [ 19.817110102470924, 50.052508283437945 ], [ 19.817110089858911, 50.052508280726457 ], [ 19.81711007690371, 50.052508278799174 ], [ 19.817110063722634, 50.052508277673503 ], [ 19.817110050435055, 50.052508277359671 ], [ 19.813076935574866, 50.05253660041619 ], [ 19.813076932336386, 50.052536600339586 ], [ 19.813076930554804, 50.052536598596646 ], [ 19.811022426718438, 50.050301768769629 ], [ 19.811022425202385, 50.050301766925486 ], [ 19.811022426655928, 50.050301765060631 ], [ 19.81300089824343, 50.048038761462244 ], [ 19.813000904206781, 50.048038753810495 ], [ 19.813000909013585, 50.048038745828393 ], [ 19.813000912620318, 50.048038737588186 ], [ 19.813000914994305, 50.048038729164546 ], [ 19.813000916114063, 50.048038720633748 ], [ 19.813000915969447, 50.048038712073016 ], [ 19.813000914561755, 50.048038703559904 ], [ 19.81300091190375, 50.048038695171527 ], [ 19.813000908019497, 50.048038686983816 ], [ 19.813000902944168, 50.04803867907092 ], [ 19.813000896723736, 50.048038671504521 ], [ 19.810946669679769, 50.045803923355685 ], [ 19.810946662371204, 50.045803916204164 ], [ 19.810946654040087, 50.045803909532374 ], [ 19.810946644761863, 50.04580390340081 ], [ 19.810946634620553, 50.0458038978649 ], [ 19.810946623708002, 50.04580389297486 ], [ 19.81094661212304, 50.045803888774927 ], [ 19.810946599970571, 50.045803885303172 ], [ 19.810946587360657, 50.045803882591009 ], [ 19.810946574407495, 50.045803880663009 ], [ 19.810946561228395, 50.045803879536628 ], [ 19.810946547942702, 50.045803879222071 ], [ 19.806913988742068, 50.045831985409315 ], [ 19.806913985504057, 50.045831985332541 ], [ 19.806913983722943, 50.045831983589494 ], [ 19.80486005466393, 50.04359703931096 ], [ 19.804860053148325, 50.043597037466746 ], [ 19.804860054601907, 50.043597035601948 ], [ 19.806838545289896, 50.041334134382183 ], [ 19.806838551253414, 50.041334126730746 ], [ 19.806838556060583, 50.041334118748871 ], [ 19.806838559667881, 50.041334110508878 ], [ 19.806838562042639, 50.041334102085344 ], [ 19.80683856316335, 50.041334093554575 ], [ 19.806838563019856, 50.041334084993835 ], [ 19.806838561613471, 50.041334076480624 ], [ 19.806838558956915, 50.041334068092084 ], [ 19.806838555074265, 50.041334059904131 ], [ 19.806838550000666, 50.041334051990965 ], [ 19.806838543782078, 50.041334044424211 ], [ 19.804784851968211, 50.039099138989613 ], [ 19.804784850452751, 50.039099137145421 ], [ 19.804784851906202, 50.039099135280622 ], [ 19.806763201716393, 50.036836191091417 ], [ 19.80676320343834, 50.036836189324013 ], [ 19.806763206672422, 50.036836189202262 ], [ 19.810795012539163, 50.036808091919347 ], [ 19.810795025808645, 50.036808091419246 ], [ 19.810795038944246, 50.03680809010902 ], [ 19.810795051826997, 50.036808088000512 ], [ 19.810795064340237, 50.03680808511281 ], [ 19.810795076370628, 50.036808081472081 ], [ 19.810795087809236, 50.036808077111296 ], [ 19.810795098552468, 50.036808072069938 ], [ 19.810795108503026, 50.036808066393647 ], [ 19.810795117570805, 50.036808060133879 ], [ 19.810795125673682, 50.036808053347279 ], [ 19.810795132738274, 50.036808046095324 ], [ 19.812773030112471, 50.03454508721164 ], [ 19.812773036074212, 50.034545079559905 ], [ 19.812773040879733, 50.034545071577803 ], [ 19.812773044485521, 50.034545063337589 ], [ 19.812773046858918, 50.034545054913949 ], [ 19.812773047978425, 50.034545046383109 ], [ 19.812773047833922, 50.03454503782239 ], [ 19.812773046426688, 50.034545029309243 ], [ 19.8127730437695, 50.034545020920845 ], [ 19.812773039886395, 50.034545012733069 ], [ 19.812773034812555, 50.034545004820153 ], [ 19.812773028593927, 50.034544997253732 ], [ 19.810719355867992, 50.032310194164346 ], [ 19.810719354352518, 50.032310192320217 ], [ 19.810719355805539, 50.032310190455341 ], [ 19.812697150361053, 50.030047145221111 ], [ 19.812697152082539, 50.030047143453636 ], [ 19.812697155316151, 50.0300471433317 ], [ 19.816728386857221, 50.030018842702361 ], [ 19.81672840012477, 50.030018842201599 ], [ 19.816728413258357, 50.030018840890719 ], [ 19.816728426139019, 50.030018838781551 ], [ 19.816728438650134, 50.03001883589323 ], [ 19.816728450678383, 50.030018832251898 ], [ 19.816728462114838, 50.030018827890544 ], [ 19.816728472855942, 50.030018822848632 ], [ 19.8167284828044, 50.03001881717185 ], [ 19.816728491870133, 50.030018810911592 ], [ 19.816728499971038, 50.030018804124602 ], [ 19.816728507033751, 50.030018796872277 ], [ 19.818705887236387, 50.027755693607574 ], [ 19.818705888957574, 50.027755691839992 ], [ 19.818705892191009, 50.0277556917179 ], [ 19.822736925886328, 50.027727183325503 ], [ 19.82273693915317, 50.027727182824073 ], [ 19.822736952285954, 50.027727181512496 ], [ 19.822736965165745, 50.02772717940266 ], [ 19.822736977675895, 50.027727176513693 ], [ 19.82273698970311, 50.027727172871735 ], [ 19.822737001138478, 50.027727168509784 ], [ 19.822737011878431, 50.027727163467318 ], [ 19.822737021825706, 50.027727157790039 ], [ 19.822737030890227, 50.027727151529334 ], [ 19.822737038989899, 50.02772714474191 ], [ 19.822737046051365, 50.027727137489229 ], [ 19.8247140119698, 50.025463976240012 ], [ 19.824714017928528, 50.025463968587665 ], [ 19.824714022731179, 50.025463960605059 ], [ 19.824714026334252, 50.02546395236449 ], [ 19.824714028705131, 50.025463943940572 ], [ 19.824714029822335, 50.025463935409626 ], [ 19.824714029675746, 50.025463926848914 ], [ 19.824714028266698, 50.025463918335923 ], [ 19.82471402560795, 50.02546390994776 ], [ 19.824714021723576, 50.025463901760411 ], [ 19.824714016648752, 50.025463893848013 ], [ 19.824714010429446, 50.025463886282203 ], [ 19.822660217821355, 50.023229334715793 ], [ 19.822660210514528, 50.023229327564977 ], [ 19.822660202185737, 50.023229320894004 ], [ 19.822660192910412, 50.023229314763299 ], [ 19.822660182772555, 50.023229309228405 ], [ 19.822660171863969, 50.023229304339409 ], [ 19.822660160283451, 50.023229300140635 ], [ 19.822660148135871, 50.02322929667006 ], [ 19.822660135531244, 50.023229293959133 ], [ 19.822660122583716, 50.023229292032411 ], [ 19.822660109410535, 50.023229290907338 ], [ 19.822660096131013, 50.023229290594095 ], [ 19.818629516054649, 50.02325779392546 ], [ 19.818629502788983, 50.023257794426407 ], [ 19.818629489657301, 50.023257795737521 ], [ 19.818629476778518, 50.023257797846881 ], [ 19.818629464269272, 50.023257800735422 ], [ 19.818629452242853, 50.023257804376954 ], [ 19.818629440808166, 50.023257808738485 ], [ 19.818629430068771, 50.023257813780575 ], [ 19.818629420121919, 50.023257819457513 ], [ 19.818629411057703, 50.023257825717891 ], [ 19.818629402958191, 50.023257832505031 ], [ 19.81862939589675, 50.023257839757484 ], [ 19.816652194223341, 50.025520942567056 ], [ 19.816652192502165, 50.025520944334609 ], [ 19.816652189268865, 50.025520944456652 ], [ 19.812621334106446, 50.025549240605706 ], [ 19.812621320840083, 50.025549241105999 ], [ 19.812621307707602, 50.025549242416417 ], [ 19.812621294827942, 50.025549244525124 ], [ 19.812621282317735, 50.025549247413018 ], [ 19.812621270290276, 50.025549251053924 ], [ 19.812621258854499, 50.02554925541488 ], [ 19.81262124811396, 50.025549260456415 ], [ 19.812621238165931, 50.025549266132828 ], [ 19.81262122910049, 50.025549272392745 ], [ 19.812621220999752, 50.025549279179486 ], [ 19.812621213937067, 50.025549286431534 ], [ 19.810643635932639, 50.0278122878319 ], [ 19.810643634211157, 50.02781228959936 ], [ 19.81064363097769, 50.027812289721247 ], [ 19.806612500765866, 50.027840378643099 ], [ 19.806612497529056, 50.027840378566296 ], [ 19.806612495748634, 50.027840376823249 ], [ 19.804559397202091, 50.025605459356591 ], [ 19.804559389897573, 50.025605452204609 ], [ 19.804559381570861, 50.025605445532364 ], [ 19.804559372297362, 50.025605439400195 ], [ 19.804559362161061, 50.025605433863703 ], [ 19.804559351253754, 50.02560542897303 ], [ 19.804559339674213, 50.025605424772429 ], [ 19.804559327527322, 50.025605421299957 ], [ 19.804559314923058, 50.025605418587062 ], [ 19.804559301975587, 50.025605416658316 ], [ 19.804559288802164, 50.025605415531182 ], [ 19.804559275522077, 50.02560541521585 ], [ 19.800528401287284, 50.025633291382618 ], [ 19.800528398050634, 50.025633291305667 ], [ 19.800528396270508, 50.025633289562506 ], [ 19.798475634700509, 50.023398218928719 ], [ 19.798475633185795, 50.02339821708442 ], [ 19.798475634639026, 50.0233982152197 ], [ 19.800453607954854, 50.021135417575017 ], [ 19.800453613916925, 50.021135409923922 ], [ 19.800453618723186, 50.021135401942288 ], [ 19.800453622330103, 50.021135393702444 ], [ 19.800453624705025, 50.021135385279017 ], [ 19.800453625826432, 50.021135376748298 ], [ 19.800453625684181, 50.02113536818748 ], [ 19.800453624279552, 50.021135359674169 ], [ 19.80045362162527, 50.021135351285444 ], [ 19.800453617745369, 50.021135343097242 ], [ 19.800453612674982, 50.021135335183757 ], [ 19.800453606460039, 50.021135327616626 ], [ 19.798401121172077, 50.018900338706992 ], [ 19.798401113869499, 50.01890033155464 ], [ 19.798401105544809, 50.018900324881891 ], [ 19.798401096273391, 50.018900318749232 ], [ 19.798401086139211, 50.018900313212178 ], [ 19.79840107523405, 50.018900308320902 ], [ 19.798401063656662, 50.018900304119676 ], [ 19.798401051511895, 50.01890030064655 ], [ 19.798401038909731, 50.018900297932987 ], [ 19.798401025964303, 50.018900296003522 ], [ 19.798401012792844, 50.018900294875685 ], [ 19.798400999514641, 50.01890029455965 ], [ 19.79437068025431, 50.018927954161619 ], [ 19.794370677018122, 50.018927954084482 ], [ 19.794370675238468, 50.018927952341244 ], [ 19.792318487438035, 50.016692767463283 ], [ 19.792318485923769, 50.016692765618892 ], [ 19.792318487377042, 50.016692763754243 ], [ 19.794296479470791, 50.014430068391093 ], [ 19.79429648543303, 50.014430060740281 ], [ 19.794296490239656, 50.01443005275889 ], [ 19.794296493847138, 50.01443004451923 ], [ 19.79429649622282, 50.014430036095924 ], [ 19.794296497345186, 50.014430027565218 ], [ 19.794296497204055, 50.014430019004415 ], [ 19.794296495800722, 50.014430010491026 ], [ 19.79429649314789, 50.014430002102131 ], [ 19.794296489269584, 50.014429993913694 ], [ 19.794296484200931, 50.014429985999918 ], [ 19.794296477987828, 50.014429978432446 ], [ 19.792244526955926, 50.012194832439768 ], [ 19.792244525441813, 50.012194830595362 ], [ 19.792244526894951, 50.012194828730735 ], [ 19.79422234029785, 50.009932133756678 ], [ 19.794222346259541, 50.009932126105866 ], [ 19.794222351065741, 50.009932118124482 ], [ 19.794222354672918, 50.009932109884829 ], [ 19.794222357048401, 50.009932101461516 ], [ 19.794222358170675, 50.009932092930804 ], [ 19.79422235802959, 50.009932084369979 ], [ 19.794222356626403, 50.009932075856582 ], [ 19.794222353973847, 50.009932067467673 ], [ 19.794222350095922, 50.009932059279237 ], [ 19.794222345027759, 50.009932051365439 ], [ 19.794222338815256, 50.009932043797967 ], [ 19.79217058514795, 50.00769689383069 ], [ 19.792170583633975, 50.007696891986306 ], [ 19.792170585086986, 50.00769689012165 ], [ 19.794148219843422, 50.005434195536267 ], [ 19.794148225804584, 50.005434187885463 ], [ 19.794148230610357, 50.005434179904071 ], [ 19.794148234217218, 50.005434171664405 ], [ 19.794148236592495, 50.005434163241091 ], [ 19.79414823771469, 50.005434154710379 ], [ 19.794148237573637, 50.005434146149568 ], [ 19.794148236170606, 50.005434137636151 ], [ 19.794148233518317, 50.005434129247227 ], [ 19.794148229640779, 50.005434121058791 ], [ 19.79414822457311, 50.005434113144979 ], [ 19.794148218361205, 50.005434105577471 ], [ 19.792096662007964, 50.003198951635987 ], [ 19.792096660494131, 50.003198949791589 ], [ 19.792096661947014, 50.003198947926954 ], [ 19.794074118101381, 50.000936253729776 ], [ 19.794074124061996, 50.000936246078972 ], [ 19.79407412886734, 50.000936238097587 ], [ 19.794074132473888, 50.000936229857921 ], [ 19.794074134848966, 50.000936221434593 ], [ 19.794074135971076, 50.000936212903888 ], [ 19.794074135830058, 50.000936204343063 ], [ 19.794074134427184, 50.000936195829617 ], [ 19.794074131775162, 50.000936187440708 ], [ 19.794074127898014, 50.000936179252257 ], [ 19.794074122830832, 50.000936171338424 ], [ 19.794074116619527, 50.000936163770923 ], [ 19.792022757529843, 49.998701005855573 ], [ 19.792022756016163, 49.998701004011174 ], [ 19.792022757468914, 49.998701002146532 ], [ 19.794000035065565, 49.996438308337147 ], [ 19.794000041025644, 49.996438300686336 ], [ 19.794000045830561, 49.996438292704951 ], [ 19.794000049436789, 49.996438284465277 ], [ 19.794000051811675, 49.996438276041943 ], [ 19.794000052933704, 49.99643826751123 ], [ 19.794000052792718, 49.996438258950413 ], [ 19.794000051390004, 49.99643825043696 ], [ 19.794000048738251, 49.996438242048008 ], [ 19.794000044861473, 49.996438233859564 ], [ 19.794000039794795, 49.996438225945745 ], [ 19.794000033584087, 49.996438218378223 ], [ 19.791948871707469, 49.994203056489368 ], [ 19.791948870193938, 49.994203054644963 ], [ 19.791948871646554, 49.994203052780314 ] ] ], [ [ [ 20.005535343612816, 49.997047044207825 ], [ 20.005535330356629, 49.997047044730117 ], [ 20.005535317237488, 49.997047046062299 ], [ 20.005535304374188, 49.997047048192321 ], [ 20.005535291883231, 49.997047051100893 ], [ 20.005535279877741, 49.997047054761687 ], [ 20.005535268466435, 49.997047059141515 ], [ 20.005535257752658, 49.99704706420075 ], [ 20.005535247833429, 49.997047069893561 ], [ 20.005535238798593, 49.997047076168407 ], [ 20.005535230729954, 49.997047082968443 ], [ 20.005535223700594, 49.997047090232073 ], [ 20.003567942906191, 49.999313282169638 ], [ 20.003567936979167, 49.999313289831001 ], [ 20.003567932208803, 49.999313297820834 ], [ 20.003567928638283, 49.999313306066789 ], [ 20.003567926299951, 49.999313314494174 ], [ 20.003567925214973, 49.999313323026698 ], [ 20.003567925393181, 49.999313331587018 ], [ 20.003567926832961, 49.999313340097686 ], [ 20.003567929521278, 49.999313348481593 ], [ 20.003567933433768, 49.999313356662817 ], [ 20.003567938535024, 49.999313364567286 ], [ 20.00356794477883, 49.999313372123375 ], [ 20.005629042061148, 50.001544684073572 ], [ 20.005629049391615, 50.001544691212743 ], [ 20.005629057741746, 50.001544697870457 ], [ 20.005629067035912, 50.001544703986447 ], [ 20.005629077189941, 50.001544709505275 ], [ 20.005629088111885, 50.001544714376976 ], [ 20.00562909970283, 50.001544718557469 ], [ 20.005629111857807, 50.001544722008845 ], [ 20.00562912446674, 50.001544724699883 ], [ 20.005629137415436, 50.001544726606198 ], [ 20.005629150586628, 50.001544727710503 ], [ 20.005629163861048, 50.001544728002848 ], [ 20.009657717948169, 50.001509741273956 ], [ 20.009657731205529, 50.001509740751189 ], [ 20.009657744325764, 50.00150973941853 ], [ 20.009657757190066, 50.001509737288046 ], [ 20.009657769681912, 50.00150973437902 ], [ 20.009657781688187, 50.001509730717814 ], [ 20.009657793100168, 50.001509726337559 ], [ 20.009657803814491, 50.001509721277941 ], [ 20.009657813734133, 50.001509715584795 ], [ 20.00965782276926, 50.001509709309623 ], [ 20.009657830838055, 50.001509702509324 ], [ 20.009657837867429, 50.001509695245424 ], [ 20.011624918951664, 49.999243402107517 ], [ 20.011624924877388, 49.999243394445742 ], [ 20.011624929646402, 49.999243386455589 ], [ 20.01162493321554, 49.9992433782094 ], [ 20.011624935552462, 49.999243369781858 ], [ 20.011624936636011, 49.999243361249285 ], [ 20.011624936456368, 49.999243352688964 ], [ 20.01162493501517, 49.999243344178424 ], [ 20.011624932325461, 49.999243335794702 ], [ 20.01162492841161, 49.999243327613762 ], [ 20.011624923309046, 49.999243319709656 ], [ 20.011624917063994, 49.999243312154015 ], [ 20.009563643802885, 49.997012106944936 ], [ 20.009563636472532, 49.997012099806 ], [ 20.009563628122663, 49.99701209314857 ], [ 20.009563618828889, 49.997012087032893 ], [ 20.009563608675371, 49.997012081514406 ], [ 20.00956359775407, 49.997012076643053 ], [ 20.009563586163889, 49.997012072462958 ], [ 20.009563574009782, 49.997012069011987 ], [ 20.009563561401826, 49.997012066321368 ], [ 20.009563548454199, 49.997012064415486 ], [ 20.009563535284162, 49.997012063311601 ], [ 20.009563522010971, 49.997012063019703 ], [ 20.005535343612816, 49.997047044207825 ] ] ] ] } }
]
}
