{
"type": "FeatureCollection",
"name": "poznan_hex_mask",
"crs": { "type": "name", "properties": { "name": "urn:ogc:def:crs:OGC:1.3:CRS84" } },
"features": [
{ "type": "Feature", "properties": { "name": "poznan" }, "geometry": { "type": "Polygon", "coordinates": [ [ [ 16.010858043337112, 51.846459163057382 ], [ 16.010858043337112, 52.945622320405555 ], [ 17.800278587662628, 52.945622320405555 ], [ 17.800278587662628, 51.846459163057382 ], [ 16.010858043337112, 51.846459163057382 ] ], [ [ 16.731895021267654, 52.457771924429402 ], [ 16.734133598209397, 52.45556616061517 ], [ 16.734133600143899, 52.455566158897213 ], [ 16.734133603556717, 52.455566158863341 ], [ 16.738379809865478, 52.455647462768333 ], [ 16.73837981326815, 52.455647462932703 ], [ 16.738379815022743, 52.455647464721288 ], [ 16.740387837391133, 52.457934501698077 ], [ 16.74038784459097, 52.457934509036605 ], [ 16.740387852900142, 52.457934515923846 ], [ 16.740387862243388, 52.457934522297371 ], [ 16.740387872536111, 52.45793452809955 ], [ 16.740387883685084, 52.457934533277772 ], [ 16.74038789558935, 52.457934537785157 ], [ 16.740387908141098, 52.457934541580897 ], [ 16.740387921226656, 52.457934544630611 ], [ 16.740387934727526, 52.457934546906678 ], [ 16.740387948521434, 52.457934548388479 ], [ 16.74038796248346, 52.457934549062614 ], [ 16.744634252066589, 52.458015627885985 ], [ 16.744634266070328, 52.458015627745851 ], [ 16.744634279988844, 52.45801562679317 ], [ 16.744634293696095, 52.458015625036623 ], [ 16.74463430706794, 52.458015622492063 ], [ 16.744634319983287, 52.458015619182611 ], [ 16.744634332325177, 52.458015615138159 ], [ 16.744634343981826, 52.458015610395393 ], [ 16.744634354847683, 52.458015604997215 ], [ 16.744634364824336, 52.45801559899256 ], [ 16.744634373821441, 52.458015592435771 ], [ 16.744634381757514, 52.458015585386256 ], [ 16.746872255953846, 52.455809658012356 ], [ 16.746872262756291, 52.455809650533787 ], [ 16.746872268364267, 52.455809642694071 ], [ 16.746872272726989, 52.45580963456419 ], [ 16.74687227580494, 52.455809626217786 ], [ 16.746872277570247, 52.455809617730431 ], [ 16.746872278006933, 52.455809609179013 ], [ 16.746872277111034, 52.455809600640961 ], [ 16.746872274890666, 52.455809592193589 ], [ 16.746872271365937, 52.4558095839134 ], [ 16.746872266568761, 52.455809575875406 ], [ 16.746872260542595, 52.455809568152347 ], [ 16.744863992106293, 52.453522637855876 ], [ 16.744863990637739, 52.453522635973556 ], [ 16.744863992295645, 52.453522634150893 ], [ 16.747101706303781, 52.451316613575557 ], [ 16.747101708237587, 52.451316611857386 ], [ 16.747101711650089, 52.451316611823138 ], [ 16.75134754714917, 52.451397445665798 ], [ 16.751347550551571, 52.451397445829784 ], [ 16.751347552306537, 52.451397447618191 ], [ 16.753356066697183, 52.453684271221633 ], [ 16.75335607389853, 52.453684278559386 ], [ 16.75335608220897, 52.453684285445711 ], [ 16.75335609155324, 52.453684291818256 ], [ 16.753356101846727, 52.453684297619304 ], [ 16.753356112996201, 52.453684302796304 ], [ 16.753356124900698, 52.453684307302396 ], [ 16.753356137452403, 52.453684311096751 ], [ 16.753356150537648, 52.453684314145036 ], [ 16.753356164037939, 52.453684316419604 ], [ 16.753356177831002, 52.453684317899892 ], [ 16.75335619179193, 52.453684318572478 ], [ 16.757602191773096, 52.453764928887068 ], [ 16.757602195175703, 52.453764929050877 ], [ 16.757602196931018, 52.453764930839192 ], [ 16.759611142778397, 52.456051652161229 ], [ 16.759611149981168, 52.456051659498613 ], [ 16.75961115829303, 52.456051666384518 ], [ 16.75961116763871, 52.456051672756587 ], [ 16.759611177933579, 52.45605167855711 ], [ 16.759611189084399, 52.456051683733541 ], [ 16.759611200990182, 52.456051688239015 ], [ 16.759611213543113, 52.456051692032695 ], [ 16.759611226629509, 52.456051695080298 ], [ 16.759611240130862, 52.456051697354198 ], [ 16.759611253924895, 52.456051698833754 ], [ 16.75961126788669, 52.456051699505615 ], [ 16.763857513719245, 52.45613208780378 ], [ 16.763857517122066, 52.45613208796739 ], [ 16.763857518877728, 52.456132089755613 ], [ 16.765866896249193, 52.458418708750727 ], [ 16.765866903453393, 52.458418716087735 ], [ 16.765866911766679, 52.458418722973228 ], [ 16.765866921113769, 52.458418729344793 ], [ 16.76586693141002, 52.458418735144768 ], [ 16.765866942562177, 52.458418740320624 ], [ 16.765866954469253, 52.458418744825472 ], [ 16.76586696702341, 52.458418748618548 ], [ 16.765866980110957, 52.458418751665455 ], [ 16.765866993613376, 52.458418753938638 ], [ 16.765867007408374, 52.45841875541749 ], [ 16.765867021371037, 52.458418756088605 ], [ 16.770113513008766, 52.45849892233052 ], [ 16.770113516411797, 52.458498922493959 ], [ 16.770113518167808, 52.458498924282097 ], [ 16.772123327130711, 52.460785440904687 ], [ 16.772123334336335, 52.460785448241346 ], [ 16.772123342651042, 52.460785455126398 ], [ 16.772123351999543, 52.460785461497501 ], [ 16.772123362297176, 52.460785467296944 ], [ 16.772123373450679, 52.460785472472217 ], [ 16.772123385359038, 52.460785476976454 ], [ 16.77212339791442, 52.460785480768877 ], [ 16.772123411003122, 52.460785483815094 ], [ 16.772123424506603, 52.460785486087559 ], [ 16.772123438302572, 52.460785487565694 ], [ 16.772123452266097, 52.460785488236105 ], [ 16.776370108227994, 52.460865430850369 ], [ 16.776370122232642, 52.460865430706484 ], [ 16.776370136151488, 52.460865429750065 ], [ 16.776370149858476, 52.460865427989816 ], [ 16.776370163229469, 52.460865425441682 ], [ 16.776370176143374, 52.460865422128734 ], [ 16.776370188483259, 52.460865418080964 ], [ 16.77637020013735, 52.460865413335029 ], [ 16.776370211000124, 52.46086540793393 ], [ 16.776370220973188, 52.460865401926533 ], [ 16.77637022996624, 52.460865395367307 ], [ 16.776370237897837, 52.460865388315582 ], [ 16.778606691802953, 52.458658845259436 ], [ 16.778606698600527, 52.458658837778991 ], [ 16.778606704203288, 52.458658829937718 ], [ 16.778606708560492, 52.458658821806594 ], [ 16.77860671163268, 52.45865881345933 ], [ 16.778606713392026, 52.458658804971442 ], [ 16.778606713822612, 52.458658796419847 ], [ 16.778606712920521, 52.458658787881951 ], [ 16.778606710693929, 52.458658779435119 ], [ 16.778606707163004, 52.458658771155804 ], [ 16.778606702359721, 52.458658763119033 ], [ 16.778606696327575, 52.458658755397543 ], [ 16.776596641662564, 52.456372345569946 ], [ 16.776596640192555, 52.456372343688024 ], [ 16.776596641849267, 52.456372341864899 ], [ 16.778832935877556, 52.454165705684844 ], [ 16.778832937810272, 52.454165703966133 ], [ 16.778832941222994, 52.45416570393099 ], [ 16.783079061106911, 52.454245400231194 ], [ 16.783079075109466, 52.454245400086492 ], [ 16.783079089026092, 52.454245399129263 ], [ 16.783079102730774, 52.454245397368211 ], [ 16.783079116099383, 52.454245394819289 ], [ 16.783079129010858, 52.454245391505573 ], [ 16.783079141348274, 52.454245387457085 ], [ 16.783079152999896, 52.454245382710454 ], [ 16.783079163860204, 52.454245377308695 ], [ 16.78307917383086, 52.454245371300701 ], [ 16.783079182821549, 52.45424536474092 ], [ 16.783079190750858, 52.454245357688741 ], [ 16.785314967524794, 52.452038677998125 ], [ 16.785314974320194, 52.452038670517247 ], [ 16.785314979920894, 52.452038662675612 ], [ 16.785314984276177, 52.452038654544239 ], [ 16.785314987346606, 52.452038646196755 ], [ 16.785314989104368, 52.452038637708746 ], [ 16.785314989533546, 52.452038629157094 ], [ 16.785314988630251, 52.452038620619248 ], [ 16.785314986402671, 52.452038612172501 ], [ 16.785314982870975, 52.452038603893378 ], [ 16.785314978067145, 52.452038595856855 ], [ 16.78531497203468, 52.4520385881357 ], [ 16.7833048577588, 52.449752289474453 ], [ 16.783304856288709, 52.449752287592595 ], [ 16.783304857944898, 52.449752285769364 ], [ 16.785540432130144, 52.447545555288201 ], [ 16.785540438924787, 52.447545547807337 ], [ 16.785540444524852, 52.447545539965674 ], [ 16.78554044887963, 52.44754553183428 ], [ 16.785540451949675, 52.447545523486767 ], [ 16.785540453707188, 52.447545514998758 ], [ 16.785540454136253, 52.447545506447092 ], [ 16.785540453232983, 52.447545497909246 ], [ 16.785540451005563, 52.447545489462499 ], [ 16.785540447474155, 52.44754548118339 ], [ 16.785540442670747, 52.447545473146867 ], [ 16.78554043663884, 52.447545465425719 ], [ 16.783530508294259, 52.445259171121862 ], [ 16.783530506824313, 52.445259169240025 ], [ 16.783530508480311, 52.445259167416786 ], [ 16.785765880130338, 52.443052386145247 ], [ 16.785765882062286, 52.443052384426423 ], [ 16.785765885474152, 52.443052384391066 ], [ 16.790010956702435, 52.443131820143584 ], [ 16.790010970701466, 52.443131819998008 ], [ 16.790010984614451, 52.443131819039934 ], [ 16.79001099831541, 52.443131817278029 ], [ 16.79001101168026, 52.443131814728282 ], [ 16.790011024587965, 52.443131811413764 ], [ 16.79001103692163, 52.44313180736448 ], [ 16.790011048569554, 52.443131802617131 ], [ 16.790011059426263, 52.443131797214676 ], [ 16.790011069393433, 52.443131791206056 ], [ 16.7900110783808, 52.443131784645715 ], [ 16.790011086306965, 52.443131777593003 ], [ 16.792245941011377, 52.440924952904894 ], [ 16.792245947803845, 52.440924945423603 ], [ 16.792245953401856, 52.440924937581606 ], [ 16.792245957754716, 52.440924929449935 ], [ 16.792245960822996, 52.44092492110223 ], [ 16.792245962578921, 52.440924912614086 ], [ 16.792245963006582, 52.440924904062371 ], [ 16.792245962102115, 52.440924895524546 ], [ 16.792245959873703, 52.440924887077934 ], [ 16.792245956341528, 52.440924878798995 ], [ 16.792245951537577, 52.440924870762736 ], [ 16.792245945505353, 52.440924863041914 ], [ 16.790235957772467, 52.438638679863374 ], [ 16.790235956302432, 52.438638677981615 ], [ 16.790235957957908, 52.43863867615827 ], [ 16.792470653152868, 52.436431758381552 ], [ 16.792470655084266, 52.436431756662607 ], [ 16.792470658495617, 52.436431756627044 ], [ 16.796715112649277, 52.436510944796773 ], [ 16.796715126646202, 52.436510944650365 ], [ 16.79671514055698, 52.436510943691466 ], [ 16.796715154255637, 52.436510941928773 ], [ 16.796715167618103, 52.43651093937823 ], [ 16.796715180523368, 52.436510936062952 ], [ 16.796715192854574, 52.436510932012951 ], [ 16.796715204500039, 52.436510927264891 ], [ 16.796715215354286, 52.436510921861796 ], [ 16.796715225319037, 52.436510915852594 ], [ 16.796715234304042, 52.43651090929167 ], [ 16.796715242227933, 52.436510902238503 ], [ 16.798949420662989, 52.434303941117868 ], [ 16.79894942745328, 52.434303933636151 ], [ 16.798949433049234, 52.434303925793799 ], [ 16.798949437400175, 52.43430391766185 ], [ 16.798949440466703, 52.43430390931394 ], [ 16.798949442221041, 52.434303900825675 ], [ 16.798949442647309, 52.434303892273917 ], [ 16.798949441741634, 52.434303883736114 ], [ 16.798949439512231, 52.434303875289608 ], [ 16.798949435979289, 52.434303867010847 ], [ 16.798949431174794, 52.434303858974843 ], [ 16.798949425142261, 52.434303851254356 ], [ 16.796939378222476, 52.432017779178416 ], [ 16.796939376752373, 52.432017777296736 ], [ 16.796939378407309, 52.432017775473298 ], [ 16.799173354651423, 52.429810763602781 ], [ 16.799173361440964, 52.429810756121043 ], [ 16.799173367036289, 52.429810748278655 ], [ 16.799173371386722, 52.429810740146678 ], [ 16.799173374452863, 52.429810731798767 ], [ 16.799173376206959, 52.429810723310482 ], [ 16.799173376633117, 52.42981071475873 ], [ 16.799173375727467, 52.429810706220913 ], [ 16.79917337349822, 52.429810697774407 ], [ 16.799173369965565, 52.429810689495653 ], [ 16.799173365161494, 52.429810681459664 ], [ 16.799173359129515, 52.42981067373919 ], [ 16.797163536675082, 52.427524649820242 ], [ 16.797163529470513, 52.427524642485103 ], [ 16.797163521157955, 52.427524635601792 ], [ 16.797163511812684, 52.427524629232664 ], [ 16.797163501519329, 52.427524623435438 ], [ 16.797163490371108, 52.427524618262524 ], [ 16.797163478468988, 52.427524613760873 ], [ 16.797163465920747, 52.427524609971201 ], [ 16.797163452840035, 52.427524606927804 ], [ 16.797163439345301, 52.427524604658288 ], [ 16.797163425558765, 52.427524603183159 ], [ 16.797163411605275, 52.427524602515824 ], [ 16.792919819356282, 52.427445439880493 ], [ 16.792919815955536, 52.427445439717729 ], [ 16.792919814199795, 52.427445437929919 ], [ 16.790910345511239, 52.425159223922364 ], [ 16.79091034404162, 52.425159222040591 ], [ 16.790910345696538, 52.42515922021726 ], [ 16.7931443056303, 52.422952277093231 ], [ 16.793144307561061, 52.422952275374243 ], [ 16.793144310971371, 52.422952275338659 ], [ 16.797387472438068, 52.423031425210695 ], [ 16.797387486430718, 52.423031425064174 ], [ 16.797387500337237, 52.423031424105154 ], [ 16.797387514031669, 52.423031422342326 ], [ 16.797387527389997, 52.423031419791663 ], [ 16.79738754029125, 52.423031416476263 ], [ 16.797387552618591, 52.423031412426113 ], [ 16.797387564260383, 52.423031407677946 ], [ 16.797387575111195, 52.423031402274752 ], [ 16.797387585072762, 52.423031396265436 ], [ 16.797387594054868, 52.423031389704434 ], [ 16.797387601976169, 52.42303138265116 ], [ 16.799621045518307, 52.420824396247141 ], [ 16.799621052306346, 52.420824388765354 ], [ 16.799621057900406, 52.420824380922923 ], [ 16.799621062249823, 52.420824372790932 ], [ 16.799621065315215, 52.420824364442964 ], [ 16.799621067068806, 52.420824355954679 ], [ 16.799621067494741, 52.420824347402878 ], [ 16.799621066589136, 52.420824338865081 ], [ 16.79962106436021, 52.420824330418561 ], [ 16.799621060828137, 52.420824322139822 ], [ 16.799621056024915, 52.420824314103825 ], [ 16.799621049994041, 52.420824306383381 ], [ 16.797611599246874, 52.418538291099622 ], [ 16.797611592043651, 52.418538283764505 ], [ 16.797611583732674, 52.418538276881257 ], [ 16.797611574389194, 52.41853827051218 ], [ 16.797611564097835, 52.418538264714982 ], [ 16.797611552951807, 52.418538259542153 ], [ 16.797611541052031, 52.418538255040545 ], [ 16.79761152850628, 52.418538251250951 ], [ 16.797611515428173, 52.418538248207632 ], [ 16.797611501936149, 52.41853824593818 ], [ 16.797611488152391, 52.418538244463157 ], [ 16.797611474201723, 52.418538243795908 ], [ 16.793368743404017, 52.418459106684594 ], [ 16.793368740003956, 52.418459106521837 ], [ 16.793368738248546, 52.418459104734055 ], [ 16.7913596410549, 52.416172899393622 ], [ 16.791359639585544, 52.416172897511878 ], [ 16.791359641240099, 52.416172895688504 ], [ 16.793593068509463, 52.413965977992802 ], [ 16.793593075297419, 52.413965970511349 ], [ 16.793593080891636, 52.413965962669216 ], [ 16.793593085241447, 52.413965954537417 ], [ 16.793593088307457, 52.413965946189613 ], [ 16.793593090061897, 52.413965937701391 ], [ 16.793593090488887, 52.41396592914964 ], [ 16.793593089584554, 52.413965920611794 ], [ 16.793593087357088, 52.413965912165175 ], [ 16.793593083826664, 52.413965903886258 ], [ 16.793593079025253, 52.413965895850048 ], [ 16.793593072996341, 52.413965888129312 ], [ 16.791584200004472, 52.411679730959129 ], [ 16.791584198535247, 52.41167972907737 ], [ 16.791584200189622, 52.411679727254011 ], [ 16.793817382644782, 52.409472801114724 ], [ 16.793817389431993, 52.409472793633249 ], [ 16.793817395025574, 52.409472785791102 ], [ 16.793817399374877, 52.409472777659282 ], [ 16.79381740244051, 52.409472769311478 ], [ 16.793817404194709, 52.409472760823242 ], [ 16.793817404621581, 52.40947275227149 ], [ 16.79381740371727, 52.40947274373363 ], [ 16.793817401489964, 52.409472735287004 ], [ 16.793817397959835, 52.409472727008108 ], [ 16.793817393158839, 52.409472718971891 ], [ 16.793817387130478, 52.409472711251162 ], [ 16.791808699766911, 52.407186558411354 ], [ 16.791808698297825, 52.407186556529609 ], [ 16.791808699952014, 52.407186554706229 ], [ 16.794041637659959, 52.404979620124756 ], [ 16.79404164444642, 52.404979612643245 ], [ 16.794041650039372, 52.404979604801056 ], [ 16.794041654388167, 52.404979596669222 ], [ 16.794041657453413, 52.404979588321396 ], [ 16.794041659207366, 52.404979579833153 ], [ 16.794041659634129, 52.404979571281395 ], [ 16.794041658729839, 52.404979562743513 ], [ 16.794041656502692, 52.404979554296908 ], [ 16.794041652972847, 52.404979546017998 ], [ 16.794041648172289, 52.404979537981795 ], [ 16.794041642144471, 52.404979530261087 ], [ 16.792033140362996, 52.402693381750424 ], [ 16.792033138894041, 52.40269337986868 ], [ 16.79203314054805, 52.402693378045285 ], [ 16.794265876387225, 52.400486392702611 ], [ 16.794265878316935, 52.400486390983616 ], [ 16.794265881725515, 52.400486390947954 ], [ 16.798506890979553, 52.400565477042186 ], [ 16.798506904965095, 52.400565476895459 ], [ 16.798506918864504, 52.400565475936226 ], [ 16.798506932551909, 52.400565474173185 ], [ 16.798506945903348, 52.400565471622294 ], [ 16.798506958797915, 52.400565468306688 ], [ 16.79850697111883, 52.400565464256367 ], [ 16.798506982754517, 52.400565459507995 ], [ 16.798506993599599, 52.400565454104608 ], [ 16.798507003555866, 52.400565448095108 ], [ 16.798507012533143, 52.400565441533956 ], [ 16.798507020450138, 52.400565434480555 ], [ 16.800739240510666, 52.398358405964309 ], [ 16.800739247294956, 52.398358398482387 ], [ 16.800739252885855, 52.398358390639864 ], [ 16.800739257232738, 52.398358382507752 ], [ 16.800739260296233, 52.398358374159699 ], [ 16.800739262048594, 52.398358365671342 ], [ 16.800739262473964, 52.398358357119534 ], [ 16.800739261568481, 52.398358348581716 ], [ 16.800739259340343, 52.398358340135182 ], [ 16.800739255809738, 52.398358331856464 ], [ 16.800739251008629, 52.398358323820531 ], [ 16.800739244980498, 52.398358316100136 ], [ 16.798730684178139, 52.396072278545752 ], [ 16.79873068270911, 52.396072276664093 ], [ 16.798730684362585, 52.39607227484062 ], [ 16.800962745528988, 52.393865153260975 ], [ 16.80096274745814, 52.393865151541839 ], [ 16.800962750866208, 52.393865151505999 ], [ 16.805203144460599, 52.393943990454595 ], [ 16.805203158444051, 52.393943990307037 ], [ 16.805203172341251, 52.393943989347001 ], [ 16.80520318602635, 52.39394398758315 ], [ 16.805203199375416, 52.393943985031477 ], [ 16.805203212267557, 52.393943981715118 ], [ 16.805203224586016, 52.393943977664058 ], [ 16.805203236219246, 52.393943972915004 ], [ 16.805203247061879, 52.393943967510964 ], [ 16.805203257015727, 52.393943961500867 ], [ 16.805203265990659, 52.393943954939182 ], [ 16.805203273905381, 52.393943947885276 ], [ 16.807434819478292, 52.391736783204564 ], [ 16.807434826260408, 52.391736775722215 ], [ 16.80743483184926, 52.391736767879344 ], [ 16.807434836194229, 52.391736759746969 ], [ 16.807434839255972, 52.391736751398746 ], [ 16.807434841006753, 52.391736742910247 ], [ 16.807434841430723, 52.391736734358375 ], [ 16.807434840524046, 52.391736725820593 ], [ 16.80743483829492, 52.391736717374172 ], [ 16.807434834763544, 52.391736709095625 ], [ 16.807434829961899, 52.391736701059955 ], [ 16.807434823933455, 52.391736693339901 ], [ 16.805426242825746, 52.389450810553832 ], [ 16.805426235625813, 52.389450803219219 ], [ 16.805426227318932, 52.389450796336519 ], [ 16.805426217980333, 52.389450789968095 ], [ 16.805426207694591, 52.389450784171615 ], [ 16.805426196554851, 52.389450778999574 ], [ 16.805426184661997, 52.389450774498819 ], [ 16.805426172123735, 52.389450770710091 ], [ 16.805426159053606, 52.389450767667732 ], [ 16.805426145569985, 52.389450765399246 ], [ 16.805426131794974, 52.38945076392524 ], [ 16.805426117853333, 52.389450763259006 ], [ 16.801186154202732, 52.389371937017678 ], [ 16.801186150804867, 52.38937193685517 ], [ 16.801186149050256, 52.389371935067501 ], [ 16.799177920804325, 52.387085862295017 ], [ 16.799177919335563, 52.387085860413357 ], [ 16.799177920988679, 52.387085858589856 ], [ 16.801409450556609, 52.384878762499952 ], [ 16.801409457338643, 52.384878755017965 ], [ 16.801409462927651, 52.384878747175371 ], [ 16.801409467273015, 52.384878739043195 ], [ 16.801409470335368, 52.384878730695121 ], [ 16.801409472086998, 52.384878722206729 ], [ 16.801409472512031, 52.384878713654885 ], [ 16.801409471606615, 52.384878705117025 ], [ 16.801409469378953, 52.384878696670533 ], [ 16.801409465849218, 52.384878688391815 ], [ 16.801409461049381, 52.384878680355911 ], [ 16.801409455022899, 52.384878672635551 ], [ 16.799401489254901, 52.382592691842945 ], [ 16.799401482057061, 52.382592684507969 ], [ 16.799401473752386, 52.382592677624856 ], [ 16.799401464416089, 52.382592671255978 ], [ 16.799401454132717, 52.382592665458986 ], [ 16.799401442995403, 52.382592660286399 ], [ 16.799401431105004, 52.382592655785068 ], [ 16.799401418569204, 52.382592651995743 ], [ 16.799401405501527, 52.382592648952723 ], [ 16.799401392020314, 52.382592646683584 ], [ 16.799401378247651, 52.382592645208881 ], [ 16.799401364308281, 52.382592644541965 ], [ 16.795162074788166, 52.382513609423548 ], [ 16.795162071390859, 52.382513609260897 ], [ 16.79516206963676, 52.382513607473129 ], [ 16.793154495069203, 52.380227480590136 ], [ 16.793154487872783, 52.380227473254777 ], [ 16.793154479569527, 52.380227466371245 ], [ 16.793154470234633, 52.380227460001876 ], [ 16.793154459952635, 52.380227454204366 ], [ 16.793154448816658, 52.38022744903121 ], [ 16.793154436927541, 52.380227444529261 ], [ 16.793154424392959, 52.380227440739262 ], [ 16.793154411326423, 52.380227437695567 ], [ 16.793154397846273, 52.380227435425731 ], [ 16.793154384074576, 52.38022743395031 ], [ 16.793154370136062, 52.380227433282663 ], [ 16.788915324961813, 52.380148176622122 ], [ 16.788915321564708, 52.380148176459294 ], [ 16.788915319810954, 52.380148174671447 ], [ 16.78690813639744, 52.377861901738925 ], [ 16.786908134929497, 52.37786189985713 ], [ 16.786908136582753, 52.377861898033807 ], [ 16.789139835252872, 52.375654989811828 ], [ 16.789139837181665, 52.37565498809289 ], [ 16.789139840588327, 52.37565498805737 ], [ 16.793378456178374, 52.375734231945017 ], [ 16.793378470156064, 52.375734231798788 ], [ 16.79337848404775, 52.375734230840102 ], [ 16.793378497727627, 52.375734229077558 ], [ 16.793378511071811, 52.375734226527165 ], [ 16.793378523959451, 52.375734223212014 ], [ 16.793378536273842, 52.375734219162126 ], [ 16.793378547903451, 52.375734214414209 ], [ 16.793378558742972, 52.375734209011192 ], [ 16.79337856869423, 52.375734203002068 ], [ 16.793378577667113, 52.375734196441201 ], [ 16.793378585580353, 52.375734189388083 ], [ 16.795609811926798, 52.37352719574767 ], [ 16.795609813855251, 52.373527194028618 ], [ 16.795609817261752, 52.373527193992921 ], [ 16.799848328868197, 52.373606205152484 ], [ 16.799848332264848, 52.373606205315028 ], [ 16.79984833401879, 52.373606207102696 ], [ 16.801855967499876, 52.375892223121376 ], [ 16.801855974697073, 52.375892230456202 ], [ 16.801855983000905, 52.37589223733913 ], [ 16.801855992336176, 52.375892243707803 ], [ 16.801856002618347, 52.375892249504588 ], [ 16.801856013754293, 52.375892254676927 ], [ 16.801856025643165, 52.375892259178009 ], [ 16.801856038177306, 52.375892262967071 ], [ 16.801856051243195, 52.375892266009792 ], [ 16.801856064722511, 52.375892268278633 ], [ 16.801856078493177, 52.375892269753031 ], [ 16.801856092430491, 52.375892270419634 ], [ 16.806094685647921, 52.375971057042257 ], [ 16.806094699625678, 52.375971056894535 ], [ 16.806094713517211, 52.375971055934329 ], [ 16.806094727196701, 52.375971054170314 ], [ 16.806094740540267, 52.375971051618492 ], [ 16.806094753427065, 52.375971048301949 ], [ 16.80609476574039, 52.37597104425074 ], [ 16.806094777368745, 52.375971039501536 ], [ 16.806094788206803, 52.375971034097333 ], [ 16.806094798156419, 52.3759710280871 ], [ 16.806094807127494, 52.375971021525281 ], [ 16.806094815038772, 52.375971014471268 ], [ 16.808325426521325, 52.373763773887895 ], [ 16.808325428449297, 52.373763772168644 ], [ 16.808325431855824, 52.37376377213257 ], [ 16.812564002190875, 52.37384232756007 ], [ 16.812564005587596, 52.373842327722222 ], [ 16.812564007342079, 52.373842329509735 ], [ 16.814572314435129, 52.376128136674737 ], [ 16.814572321634493, 52.376128144008824 ], [ 16.814572329940376, 52.376128150890857 ], [ 16.81457233927755, 52.37612815725857 ], [ 16.814572349561466, 52.376128163054261 ], [ 16.814572360698996, 52.376128168225392 ], [ 16.814572372589264, 52.376128172725231 ], [ 16.814572385124603, 52.376128176512943 ], [ 16.814572398191473, 52.376128179554279 ], [ 16.814572411671556, 52.37612818182167 ], [ 16.814572425442762, 52.37612818329459 ], [ 16.814572439380385, 52.376128183959693 ], [ 16.81881109116512, 52.376206514823849 ], [ 16.818811105142959, 52.376206514674642 ], [ 16.818811119034333, 52.376206513712923 ], [ 16.818811132713428, 52.376206511947423 ], [ 16.818811146056376, 52.376206509394152 ], [ 16.818811158942328, 52.376206506076223 ], [ 16.818811171254602, 52.376206502023656 ], [ 16.818811182881685, 52.376206497273181 ], [ 16.818811193718282, 52.376206491867812 ], [ 16.818811203666257, 52.376206485856507 ], [ 16.81881121263552, 52.376206479293671 ], [ 16.818811220544838, 52.376206472238813 ], [ 16.821041216963323, 52.373998984815202 ], [ 16.821041218890823, 52.373998983095753 ], [ 16.82104122229736, 52.373998983059288 ], [ 16.825279769744686, 52.374077081244138 ], [ 16.825279783721857, 52.374077081094157 ], [ 16.825279797612438, 52.37407708013167 ], [ 16.825279811290635, 52.374077078365417 ], [ 16.825279824632588, 52.374077075811407 ], [ 16.825279837517456, 52.374077072492746 ], [ 16.825279849828551, 52.374077068439497 ], [ 16.825279861454394, 52.374077063688382 ], [ 16.825279872289688, 52.374077058282396 ], [ 16.825279882236316, 52.374077052270508 ], [ 16.82527989120419, 52.374077045707189 ], [ 16.825279899112108, 52.374077038651855 ], [ 16.82750942325632, 52.37186946601458 ], [ 16.827509430031931, 52.371869458530988 ], [ 16.827509435614637, 52.371869450687079 ], [ 16.827509439953886, 52.371869442553866 ], [ 16.827509443010367, 52.371869434205017 ], [ 16.827509444756412, 52.371869425716177 ], [ 16.827509445176201, 52.371869417164142 ], [ 16.827509444265939, 52.371869408626459 ], [ 16.827509442033861, 52.371869400180366 ], [ 16.827509438500186, 52.371869391902372 ], [ 16.827509433696921, 52.371869383867455 ], [ 16.827509427667557, 52.371869376148403 ], [ 16.825500632786042, 52.369583782192052 ], [ 16.825500631316718, 52.36958378031072 ], [ 16.82550063296808, 52.36958377848682 ], [ 16.827729956086792, 52.367376155187586 ], [ 16.827729962861653, 52.367376147703972 ], [ 16.827729968443737, 52.367376139860035 ], [ 16.827729972782475, 52.367376131726822 ], [ 16.827729975838587, 52.367376123377973 ], [ 16.827729977584383, 52.36737611488909 ], [ 16.827729978004061, 52.367376106337062 ], [ 16.827729977093824, 52.367376097799358 ], [ 16.827729974861906, 52.367376089353286 ], [ 16.827729971328523, 52.367376081075285 ], [ 16.827729966525684, 52.367376073040397 ], [ 16.827729960496868, 52.367376065321338 ], [ 16.825721351254046, 52.365090475601569 ], [ 16.82572134978485, 52.365090473720237 ], [ 16.82572135143603, 52.365090471896323 ], [ 16.827950430839994, 52.362882840268796 ], [ 16.827950437614113, 52.362882832785154 ], [ 16.827950443195565, 52.362882824941195 ], [ 16.827950447533802, 52.362882816807932 ], [ 16.827950450589533, 52.362882808459077 ], [ 16.827950452335081, 52.362882799970194 ], [ 16.827950452754653, 52.36288279141818 ], [ 16.82795045184444, 52.362882782880448 ], [ 16.827950449612683, 52.362882774434361 ], [ 16.827950446079594, 52.362882766156375 ], [ 16.827950441277174, 52.362882758121508 ], [ 16.827950435248908, 52.36288275040247 ], [ 16.825942050109688, 52.360597208746221 ], [ 16.825942042910874, 52.360597201412823 ], [ 16.825942034606044, 52.360597194531557 ], [ 16.825942025270415, 52.36059718816476 ], [ 16.825942014988527, 52.3605971823701 ], [ 16.825942003853495, 52.36059717720002 ], [ 16.825941991966157, 52.360597172701361 ], [ 16.825941979434177, 52.360597168914886 ], [ 16.825941966371037, 52.360597165874829 ], [ 16.82594195289504, 52.36059716360878 ], [ 16.825941939128231, 52.360597162137239 ], [ 16.825941925195281, 52.360597161473514 ], [ 16.821704665808277, 52.360519101038321 ], [ 16.821704662412536, 52.360519100876424 ], [ 16.821704660658195, 52.360519099089039 ], [ 16.819696627685207, 52.35823336744965 ], [ 16.819696626216487, 52.358233365568239 ], [ 16.81969662786765, 52.358233363744411 ], [ 16.821925649113314, 52.356025842927565 ], [ 16.821925655887366, 52.356025835444264 ], [ 16.821925661468971, 52.35602582760059 ], [ 16.821925665807601, 52.356025819467547 ], [ 16.821925668863948, 52.35602581111884 ], [ 16.821925670610351, 52.356025802630043 ], [ 16.821925671030979, 52.356025794078043 ], [ 16.821925670122027, 52.356025785540282 ], [ 16.82192566789173, 52.356025777094089 ], [ 16.821925664360279, 52.35602576881594 ], [ 16.821925659559671, 52.356025760780831 ], [ 16.821925653533363, 52.356025753061488 ], [ 16.819917844500715, 52.353740069501555 ], [ 16.819917843032119, 52.353740067620151 ], [ 16.819917844683104, 52.353740065796337 ], [ 16.822146665037408, 52.351532494302695 ], [ 16.822146666963864, 52.351532492583189 ], [ 16.822146670368671, 52.351532492546696 ], [ 16.826383071612728, 52.351610527828186 ], [ 16.826383085582805, 52.35161052767797 ], [ 16.826383099466309, 52.351610526715277 ], [ 16.826383113137499, 52.351610524948818 ], [ 16.826383126472582, 52.351610522394608 ], [ 16.826383139350781, 52.351610519075734 ], [ 16.826383151655481, 52.351610515022273 ], [ 16.826383163275235, 52.351610510270987 ], [ 16.826383174104823, 52.351610504864816 ], [ 16.826383184046165, 52.35161049885275 ], [ 16.826383193009232, 52.351610492289296 ], [ 16.826383200912858, 52.351610485233813 ], [ 16.828611549567686, 52.349402828628399 ], [ 16.8286115514938, 52.349402826908786 ], [ 16.828611554898444, 52.349402826872094 ], [ 16.832847770688648, 52.34948062819398 ], [ 16.83284778465805, 52.349480628043004 ], [ 16.832847798540765, 52.349480627079558 ], [ 16.83284781221106, 52.349480625312346 ], [ 16.832847825545144, 52.349480622757362 ], [ 16.832847838422261, 52.349480619437792 ], [ 16.832847850725784, 52.349480615383662 ], [ 16.832847862344302, 52.349480610631687 ], [ 16.832847873172589, 52.349480605224926 ], [ 16.832847883112581, 52.349480599212306 ], [ 16.83284789207427, 52.349480592648327 ], [ 16.832847899976482, 52.349480585592381 ], [ 16.835075776998771, 52.3472728439272 ], [ 16.835075783769234, 52.347272836443089 ], [ 16.835075789347382, 52.347272828598733 ], [ 16.835075793682709, 52.347272820465179 ], [ 16.835075796735939, 52.347272812116067 ], [ 16.835075798479426, 52.347272803627042 ], [ 16.835075798897382, 52.34727279507495 ], [ 16.835075797986025, 52.34727278653726 ], [ 16.835075795753607, 52.347272778091273 ], [ 16.835075792220348, 52.347272769813493 ], [ 16.83507578741823, 52.347272761778875 ], [ 16.835075781390753, 52.347272754060178 ], [ 16.833067670848319, 52.344987287812472 ], [ 16.833067669379446, 52.344987285931218 ], [ 16.833067671029553, 52.344987284107198 ], [ 16.835295390155519, 52.342779449467656 ], [ 16.835295392081072, 52.342779447747922 ], [ 16.835295395485208, 52.342779447711038 ], [ 16.839530996945019, 52.342857002609719 ], [ 16.839531010912328, 52.342857002457933 ], [ 16.839531024792841, 52.342857001493655 ], [ 16.839531038460848, 52.342856999725633 ], [ 16.839531051792562, 52.342856997169889 ], [ 16.839531064667256, 52.342856993849544 ], [ 16.839531076968331, 52.342856989794704 ], [ 16.839531088584391, 52.342856985042033 ], [ 16.839531099410237, 52.342856979634625 ], [ 16.839531109347828, 52.342856973621416 ], [ 16.839531118307175, 52.342856967056889 ], [ 16.83953112620712, 52.342856960000475 ], [ 16.841758373859758, 52.340649040367502 ], [ 16.84175837578497, 52.340649038647655 ], [ 16.841758379188938, 52.340649038610593 ], [ 16.845993876325799, 52.340726361136156 ], [ 16.84599387972013, 52.340726361297321 ], [ 16.845993881474705, 52.34072636308435 ], [ 16.848002516982039, 52.343011660039672 ], [ 16.848002518451487, 52.343011661920734 ], [ 16.848002516802062, 52.343011663745003 ], [ 16.845775454746327, 52.345219702400428 ], [ 16.845775447977974, 52.345219709885185 ], [ 16.845775442401976, 52.345219717730075 ], [ 16.845775438068816, 52.345219725864048 ], [ 16.84577543501775, 52.345219734213458 ], [ 16.845775433276398, 52.345219742702675 ], [ 16.845775432860531, 52.345219751254824 ], [ 16.845775433773923, 52.345219759792478 ], [ 16.845775436008299, 52.345219768238266 ], [ 16.84577543954342, 52.345219776515748 ], [ 16.845775444347275, 52.345219784549954 ], [ 16.845775450376355, 52.345219792268104 ], [ 16.847784194500488, 52.347505005760915 ], [ 16.84778420170089, 52.34750501309302 ], [ 16.847784210006765, 52.347505019972758 ], [ 16.847784219342881, 52.347505026337849 ], [ 16.847784229624693, 52.347505032130641 ], [ 16.847784240759083, 52.34750503729866 ], [ 16.847784252645223, 52.34750504179511 ], [ 16.84778426517547, 52.347505045579261 ], [ 16.84778427823634, 52.34750504861686 ], [ 16.847784291709562, 52.347505050880407 ], [ 16.847784305473116, 52.347505052349383 ], [ 16.847784319402351, 52.34750505301048 ], [ 16.852020407262785, 52.347582165076822 ], [ 16.852020410657673, 52.347582165237839 ], [ 16.852020412412752, 52.347582167024761 ], [ 16.854029623941454, 52.349867321911681 ], [ 16.854029631143284, 52.349867329243402 ], [ 16.85402963945057, 52.349867336122742 ], [ 16.854029648788085, 52.34986734248735 ], [ 16.854029659071266, 52.349867348279624 ], [ 16.854029670206991, 52.349867353447053 ], [ 16.85402968209441, 52.349867357942877 ], [ 16.854029694625872, 52.349867361726375 ], [ 16.854029707687882, 52.349867364763313 ], [ 16.854029721162163, 52.34986736702615 ], [ 16.854029734926673, 52.349867368494387 ], [ 16.854029748856771, 52.349867369154758 ], [ 16.858266079847933, 52.349944259747112 ], [ 16.858266083243027, 52.34994425990795 ], [ 16.858266084998448, 52.349944261694773 ], [ 16.860275725480101, 52.35222931410852 ], [ 16.860275732683345, 52.352229321439879 ], [ 16.860275740992048, 52.352229328318764 ], [ 16.860275750330963, 52.352229334682903 ], [ 16.860275760615515, 52.352229340474615 ], [ 16.860275771752573, 52.352229345641476 ], [ 16.860275783641274, 52.352229350136703 ], [ 16.860275796173944, 52.352229353919562 ], [ 16.860275809237102, 52.352229356955803 ], [ 16.860275822712431, 52.352229359217937 ], [ 16.860275836477904, 52.35222936068547 ], [ 16.860275850408854, 52.352229361345117 ], [ 16.864512424484431, 52.352306030423904 ], [ 16.864512427879738, 52.352306030584565 ], [ 16.864512429635511, 52.352306032371324 ], [ 16.866522499136479, 52.354590982266508 ], [ 16.866522506341134, 52.354590989597511 ], [ 16.866522514651258, 52.35459099647597 ], [ 16.86652252399157, 52.354591002839626 ], [ 16.8665225342775, 52.354591008630813 ], [ 16.866522545415886, 52.354591013797084 ], [ 16.866522557305863, 52.3545910182917 ], [ 16.866522569839756, 52.354591022073905 ], [ 16.86652258290405, 52.354591025109464 ], [ 16.866522596380435, 52.354591027370901 ], [ 16.866522610146863, 52.354591028837703 ], [ 16.866522624078673, 52.354591029496632 ], [ 16.870759359947808, 52.354667475557868 ], [ 16.870759373918855, 52.354667475402422 ], [ 16.870759387802497, 52.354667474434514 ], [ 16.870759401473013, 52.354667472662904 ], [ 16.870759414806603, 52.354667470103657 ], [ 16.870759427682508, 52.354667466779922 ], [ 16.870759439984134, 52.354667462721814 ], [ 16.870759451600065, 52.354667457966102 ], [ 16.870759462425109, 52.35466745255583 ], [ 16.870759472361232, 52.354667446539985 ], [ 16.870759481318451, 52.354667439973085 ], [ 16.870759489215651, 52.354667432914589 ], [ 16.872985807757122, 52.352458918227512 ], [ 16.872985809681669, 52.352458916507153 ], [ 16.87298581308654, 52.352458916469196 ], [ 16.877222525336766, 52.352535131582705 ], [ 16.87722252873214, 52.352535131742997 ], [ 16.877222530488442, 52.352535133529564 ], [ 16.879233272010378, 52.354819874150081 ], [ 16.8792332792172, 52.354819881480353 ], [ 16.87923328752936, 52.354819888357945 ], [ 16.879233296871579, 52.354819894720599 ], [ 16.87923330715925, 52.354819900510712 ], [ 16.879233318299214, 52.354819905675804 ], [ 16.879233330190576, 52.354819910169162 ], [ 16.879233342725655, 52.354819913950003 ], [ 16.879233355790927, 52.354819916984162 ], [ 16.879233369268075, 52.354819919244179 ], [ 16.879233383035039, 52.35481992070951 ], [ 16.879233396967148, 52.354819921366918 ], [ 16.883470189610133, 52.354895911965045 ], [ 16.883470203581243, 52.3548959118081 ], [ 16.883470217464719, 52.3548959108387 ], [ 16.883470231134844, 52.354895909065625 ], [ 16.883470244467809, 52.354895906504929 ], [ 16.883470257342871, 52.354895903179809 ], [ 16.883470269643428, 52.354895899120365 ], [ 16.883470281258091, 52.354895894363388 ], [ 16.883470292081675, 52.354895888951908 ], [ 16.883470302016153, 52.354895882935004 ], [ 16.88347031097156, 52.354895876367102 ], [ 16.883470318866799, 52.354895869307725 ], [ 16.885696022142337, 52.352687108496738 ], [ 16.885696024066402, 52.352687106776187 ], [ 16.885696027471301, 52.352687106737847 ], [ 16.889932796318483, 52.352762866400425 ], [ 16.889932799713939, 52.352762866560333 ], [ 16.889932801470767, 52.352762868346723 ], [ 16.89194421487435, 52.35504739957571 ], [ 16.891944222083335, 52.3550474069052 ], [ 16.891944230397534, 52.355047413781925 ], [ 16.891944239741655, 52.355047420143606 ], [ 16.89194425003107, 52.355047425932611 ], [ 16.891944261172608, 52.355047431096537 ], [ 16.891944273065359, 52.35504743558861 ], [ 16.891944285601621, 52.355047439368128 ], [ 16.891944298667873, 52.355047442400902 ], [ 16.891944312145775, 52.355047444659441 ], [ 16.891944325913276, 52.355047446123315 ], [ 16.89194433984569, 52.355047446779238 ], [ 16.896181188924253, 52.35512298190028 ], [ 16.896181202895431, 52.355122981741829 ], [ 16.896181216778743, 52.355122980770929 ], [ 16.89618123044847, 52.355122978996377 ], [ 16.896181243780806, 52.355122976434238 ], [ 16.896181256655019, 52.35512297310774 ], [ 16.896181268954518, 52.35512296904696 ], [ 16.896181280567905, 52.355122964288711 ], [ 16.896181291390022, 52.355122958876073 ], [ 16.896181301322855, 52.355122952858061 ], [ 16.896181310276454, 52.355122946289185 ], [ 16.896181318169727, 52.355122939228913 ], [ 16.898406363314837, 52.352913974756845 ], [ 16.898406370075591, 52.352913967268989 ], [ 16.898406375643347, 52.352913959421542 ], [ 16.898406379967685, 52.352913951285565 ], [ 16.898406383009441, 52.352913942934713 ], [ 16.898406384741065, 52.352913934444622 ], [ 16.898406385146888, 52.352913925892196 ], [ 16.898406384223225, 52.352913917354876 ], [ 16.89840638197844, 52.352913908909976 ], [ 16.898406378432863, 52.352913900633951 ], [ 16.898406373618606, 52.352913892601784 ], [ 16.898406367579266, 52.35291388488622 ], [ 16.896394711512364, 52.350629460422375 ], [ 16.896394710040603, 52.350629458541903 ], [ 16.896394711688348, 52.350629456716966 ], [ 16.89861955689647, 52.348420441784185 ], [ 16.898619563656478, 52.34842043429633 ], [ 16.898619569223609, 52.348420426448861 ], [ 16.898619573547446, 52.348420418312855 ], [ 16.898619576588828, 52.348420409961982 ], [ 16.898619578320215, 52.348420401471884 ], [ 16.898619578725928, 52.348420392919444 ], [ 16.89861957780229, 52.348420384382123 ], [ 16.898619575557671, 52.348420375937209 ], [ 16.89861957201239, 52.34842036766122 ], [ 16.898619567198562, 52.348420359629039 ], [ 16.89861956115978, 52.348420351913489 ], [ 16.896608091508391, 52.346135931499866 ], [ 16.896608090036757, 52.346135929619386 ], [ 16.896608091684318, 52.346135927794457 ], [ 16.898832694351693, 52.343926904761268 ], [ 16.898832701110965, 52.34392689727337 ], [ 16.898832706677471, 52.343926889425902 ], [ 16.898832711000807, 52.343926881289853 ], [ 16.898832714041813, 52.343926872938987 ], [ 16.898832715772961, 52.343926864448875 ], [ 16.898832716178568, 52.343926855896427 ], [ 16.898832715254965, 52.343926847359093 ], [ 16.898832713010503, 52.343926838914186 ], [ 16.89883270946552, 52.343926830638182 ], [ 16.898832704652119, 52.343926822606043 ], [ 16.89883269861388, 52.343926814890473 ], [ 16.896821415331495, 52.341642398525885 ], [ 16.89682141386, 52.341642396645419 ], [ 16.896821415507375, 52.341642394820475 ], [ 16.899045775700184, 52.339433363688144 ], [ 16.89904578245871, 52.339433356200225 ], [ 16.899045788024591, 52.339433348352728 ], [ 16.899045792347422, 52.339433340216665 ], [ 16.899045795388066, 52.339433331865791 ], [ 16.899045797118973, 52.339433323375673 ], [ 16.899045797524469, 52.339433314823204 ], [ 16.899045796600895, 52.339433306285862 ], [ 16.899045794356592, 52.339433297840948 ], [ 16.899045790811904, 52.339433289564951 ], [ 16.899045785998929, 52.33943328153282 ], [ 16.899045779961249, 52.339433273817292 ], [ 16.897034683001355, 52.337148861500523 ], [ 16.897034681530002, 52.337148859620051 ], [ 16.8970346831772, 52.337148857795093 ], [ 16.899258843608649, 52.334939776204394 ], [ 16.899258845531403, 52.334939774483594 ], [ 16.899258848934938, 52.334939774444869 ], [ 16.903493877384079, 52.335015028680566 ], [ 16.903493891348916, 52.335015028521177 ], [ 16.90349390522578, 52.335015027549346 ], [ 16.903493918889012, 52.335015025773863 ], [ 16.903493932214868, 52.335015023210815 ], [ 16.903493945082666, 52.335015019883429 ], [ 16.903493957375879, 52.33501501582181 ], [ 16.903493968983177, 52.335015011062787 ], [ 16.903493979799439, 52.335015005649389 ], [ 16.903493989726709, 52.335014999630694 ], [ 16.903493998675089, 52.335014993061172 ], [ 16.903494006563545, 52.335014986000353 ], [ 16.905717695715513, 52.332805819839606 ], [ 16.905717697637925, 52.332805818118707 ], [ 16.90571770104129, 52.332805818079791 ], [ 16.909952543148311, 52.332880838684844 ], [ 16.909952557112472, 52.33288083852468 ], [ 16.909952570988544, 52.332880837552068 ], [ 16.909952584650878, 52.332880835775846 ], [ 16.909952597975735, 52.332880833212045 ], [ 16.909952610842449, 52.332880829883969 ], [ 16.90995262313449, 52.332880825821668 ], [ 16.909952634740545, 52.332880821061977 ], [ 16.909952645555506, 52.332880815647968 ], [ 16.909952655481433, 52.332880809628705 ], [ 16.909952664428431, 52.332880803058686 ], [ 16.909952672315477, 52.33288079599744 ], [ 16.912175932885816, 52.330671502953194 ], [ 16.912175934807888, 52.33067150123216 ], [ 16.912175938211089, 52.330671501193052 ], [ 16.916410593909919, 52.330746288201233 ], [ 16.916410607873399, 52.330746288040302 ], [ 16.916410621748689, 52.330746287066951 ], [ 16.91641063541012, 52.330746285289955 ], [ 16.916410648733983, 52.330746282725435 ], [ 16.916410661599603, 52.3307462793966 ], [ 16.916410673890478, 52.330746275333631 ], [ 16.91641068549529, 52.330746270573265 ], [ 16.916410696308947, 52.33074626515868 ], [ 16.916410706233528, 52.330746259138856 ], [ 16.91641071517914, 52.330746252568332 ], [ 16.916410723064779, 52.330746245506624 ], [ 16.918633512477605, 52.328536867992852 ], [ 16.91863351923114, 52.328536860503768 ], [ 16.918633524792156, 52.328536852655255 ], [ 16.918633529110298, 52.328536844518425 ], [ 16.918633532146451, 52.328536836166968 ], [ 16.91863353387313, 52.328536827676508 ], [ 16.91863353427469, 52.328536819123919 ], [ 16.918633533347506, 52.328536810586691 ], [ 16.91863353109996, 52.328536802142111 ], [ 16.918633527552416, 52.32853679386664 ], [ 16.91863352273699, 52.328536785835269 ], [ 16.918633516697305, 52.328536778120707 ], [ 16.916621879493118, 52.326252690015743 ], [ 16.916621878021267, 52.326252688135511 ], [ 16.91662187966725, 52.326252686310291 ], [ 16.918844469702162, 52.324043258395243 ], [ 16.91884447645495, 52.324043250906122 ], [ 16.918844482015349, 52.324043243057588 ], [ 16.918844486332986, 52.324043234920737 ], [ 16.91884448936878, 52.324043226569273 ], [ 16.918844491095214, 52.324043218078792 ], [ 16.918844491496671, 52.324043209526202 ], [ 16.918844490569512, 52.324043200988974 ], [ 16.918844488322129, 52.324043192544387 ], [ 16.918844484774876, 52.324043184268938 ], [ 16.918844479959883, 52.324043176237574 ], [ 16.91884447392075, 52.324043168523005 ], [ 16.916833023144243, 52.321759084412349 ], [ 16.916833021672524, 52.321759082532111 ], [ 16.916833023318329, 52.321759080706876 ], [ 16.919055414027746, 52.319549602390637 ], [ 16.91905541594906, 52.319549600669482 ], [ 16.919055419351409, 52.319549600630168 ], [ 16.923289031823959, 52.319624130057058 ], [ 16.923289045783939, 52.319624129895281 ], [ 16.923289059655609, 52.31962412892107 ], [ 16.923289073313349, 52.31962412714325 ], [ 16.923289086633471, 52.319624124577885 ], [ 16.923289099495342, 52.319624121248275 ], [ 16.923289111782495, 52.319624117184532 ], [ 16.923289123383647, 52.319624112423462 ], [ 16.923289134193734, 52.319624107008195 ], [ 16.923289144114861, 52.319624100987745 ], [ 16.92328915305718, 52.319624094416668 ], [ 16.92328916093971, 52.319624087354448 ], [ 16.925511080768171, 52.317414524655781 ], [ 16.925511082689145, 52.31741452293452 ], [ 16.92551108609133, 52.317414522895014 ], [ 16.929744512116784, 52.317488818868185 ], [ 16.929744526076085, 52.317488818705655 ], [ 16.92974453994697, 52.317488817730656 ], [ 16.929744553603815, 52.317488815952068 ], [ 16.929744566922938, 52.317488813385999 ], [ 16.929744579783723, 52.317488810055664 ], [ 16.929744592069703, 52.317488805991239 ], [ 16.929744603669612, 52.317488801229501 ], [ 16.929744614478398, 52.317488795813638 ], [ 16.929744624398179, 52.317488789792634 ], [ 16.929744633339116, 52.317488783221037 ], [ 16.929744641220243, 52.31748877615837 ], [ 16.931966132831715, 52.315279086756171 ], [ 16.931966134752344, 52.315279085034788 ], [ 16.931966138154365, 52.315279084995119 ], [ 16.936199377666824, 52.315353147548358 ], [ 16.936199391625451, 52.315353147385025 ], [ 16.936199405495547, 52.315353146409286 ], [ 16.936199419151489, 52.315353144629938 ], [ 16.936199432469614, 52.31535314206311 ], [ 16.936199445329311, 52.315353138732078 ], [ 16.936199457614119, 52.315353134666957 ], [ 16.936199469212788, 52.315353129904594 ], [ 16.936199480020282, 52.315353124488112 ], [ 16.936199489938712, 52.315353118466525 ], [ 16.936199498878267, 52.315353111894439 ], [ 16.936199506757987, 52.315353104831331 ], [ 16.938420570199039, 52.313143288771734 ], [ 16.938420572119323, 52.313143287050238 ], [ 16.938420575521175, 52.313143287010384 ], [ 16.942653628454785, 52.313217116177469 ], [ 16.94265364241274, 52.313217116013377 ], [ 16.942653656282037, 52.313217115036856 ], [ 16.942653669937087, 52.313217113256755 ], [ 16.942653683254214, 52.313217110689209 ], [ 16.942653696112817, 52.313217107357445 ], [ 16.94265370839646, 52.313217103291628 ], [ 16.942653719993888, 52.313217098528618 ], [ 16.942653730800075, 52.313217093111525 ], [ 16.942653740717162, 52.313217087089406 ], [ 16.942653749655335, 52.313217080516807 ], [ 16.942653757533652, 52.313217073453245 ], [ 16.944874350270577, 52.311007173160213 ], [ 16.944874357016971, 52.311007165669501 ], [ 16.944874362571092, 52.311007157819695 ], [ 16.944874366882647, 52.311007149681814 ], [ 16.944874369912593, 52.311007141329583 ], [ 16.944874371633478, 52.311007132838654 ], [ 16.944874372029734, 52.311007124285901 ], [ 16.944874371097757, 52.311007115748808 ], [ 16.944874368846001, 52.311007107304661 ], [ 16.944874365294844, 52.311007099029929 ], [ 16.944874360476458, 52.311007090999581 ], [ 16.944874354434472, 52.311007083286299 ], [ 16.942862123447966, 52.308723430092464 ], [ 16.942862121975558, 52.308723428212559 ], [ 16.9428621236198, 52.308723426386919 ], [ 16.945082560094015, 52.306513433389973 ], [ 16.945082562013749, 52.306513431668371 ], [ 16.945082565415095, 52.306513431628296 ], [ 16.94931508484353, 52.306587016998265 ], [ 16.949315088235707, 52.306587017156438 ], [ 16.949315089993171, 52.306587018941983 ], [ 16.951327562346425, 52.308870565374001 ], [ 16.951327569558028, 52.308870572699959 ], [ 16.951327577873098, 52.308870579572535 ], [ 16.951327587216319, 52.308870585929554 ], [ 16.951327597503088, 52.308870591713415 ], [ 16.951327608640234, 52.308870596871721 ], [ 16.951327620526911, 52.308870601357789 ], [ 16.951327633055467, 52.308870605130927 ], [ 16.951327646112436, 52.308870608157072 ], [ 16.95132765957959, 52.308870610408746 ], [ 16.951327673334941, 52.308870611865565 ], [ 16.951327687253929, 52.308870612514347 ], [ 16.955560285667598, 52.30894397360229 ], [ 16.955560299624196, 52.308943973436641 ], [ 16.955560313491922, 52.308943972458586 ], [ 16.955560327145172, 52.308943970676978 ], [ 16.955560340460302, 52.30894396810794 ], [ 16.955560353316731, 52.308943964774762 ], [ 16.955560365598032, 52.30894396070758 ], [ 16.955560377192974, 52.308943955943278 ], [ 16.955560387996563, 52.30894395052497 ], [ 16.955560397910958, 52.308943944501728 ], [ 16.95556040684637, 52.30894393792812 ], [ 16.955560414721873, 52.30894393086367 ], [ 16.957780193931299, 52.306733735108679 ], [ 16.957780195850557, 52.306733733386864 ], [ 16.957780199251918, 52.306733733346427 ], [ 16.962012692054177, 52.306806862557849 ], [ 16.962012706010103, 52.306806862391433 ], [ 16.962012719877031, 52.306806861412618 ], [ 16.962012733529384, 52.306806859630257 ], [ 16.962012746843513, 52.306806857060479 ], [ 16.962012759698855, 52.30680685372657 ], [ 16.962012771978991, 52.306806849658706 ], [ 16.962012783572693, 52.30680684489375 ], [ 16.962012794374981, 52.306806839474817 ], [ 16.962012804288026, 52.306806833451056 ], [ 16.962012813222056, 52.30680682687693 ], [ 16.962012821096152, 52.306806819812024 ], [ 16.964232172321669, 52.304596497584171 ], [ 16.964232174240582, 52.304596495862256 ], [ 16.964232177641783, 52.304596495821635 ], [ 16.96846448360213, 52.304669391782078 ], [ 16.968464497557378, 52.304669391614908 ], [ 16.96846451142352, 52.304669390635333 ], [ 16.968464525074967, 52.304669388852204 ], [ 16.968464538388105, 52.304669386281681 ], [ 16.968464551242356, 52.304669382947075 ], [ 16.968464563521309, 52.304669378878515 ], [ 16.968464575113781, 52.304669374112912 ], [ 16.968464585914766, 52.304669368693396 ], [ 16.968464595826465, 52.304669362669038 ], [ 16.968464604759117, 52.304669356094415 ], [ 16.968464612631813, 52.304669349029076 ], [ 16.970683535920099, 52.302458900374461 ], [ 16.970683537838671, 52.302458898652432 ], [ 16.970683541239701, 52.302458898611633 ], [ 16.974915660292471, 52.302531561354954 ], [ 16.974915674247047, 52.302531561187003 ], [ 16.974915688112397, 52.302531560206639 ], [ 16.974915701762946, 52.302531558422778 ], [ 16.974915715075085, 52.302531555851516 ], [ 16.974915727928241, 52.302531552516172 ], [ 16.974915740206033, 52.30253154844695 ], [ 16.974915751797258, 52.302531543680686 ], [ 16.974915762596954, 52.302531538260581 ], [ 16.974915772507305, 52.302531532235662 ], [ 16.974915781438568, 52.302531525660541 ], [ 16.974915789309861, 52.302531518594748 ], [ 16.977134242168376, 52.30032098594944 ], [ 16.977134248907692, 52.300320978456824 ], [ 16.977134254454757, 52.300320970605384 ], [ 16.977134258759342, 52.300320962466259 ], [ 16.977134261782449, 52.300320954113111 ], [ 16.977134263496708, 52.300320945621635 ], [ 16.97713426388659, 52.300320937068697 ], [ 16.977134262948567, 52.300320928531775 ], [ 16.977134260691141, 52.300320920088154 ], [ 16.977134257134747, 52.300320911814346 ], [ 16.97713425231159, 52.300320903785234 ], [ 16.977134246265354, 52.300320896073572 ], [ 16.975120809568782, 52.29803777681191 ], [ 16.975120808095337, 52.298037774932361 ], [ 16.975120809737856, 52.29803777310628 ], [ 16.977339106813403, 52.295827147836171 ], [ 16.977339108731432, 52.295827146114057 ], [ 16.977339112131958, 52.295827146073037 ], [ 16.981570616423898, 52.295899563967438 ], [ 16.981570630376389, 52.295899563798692 ], [ 16.981570644239529, 52.295899562817532 ], [ 16.981570657887794, 52.295899561032861 ], [ 16.981570671197563, 52.29589955846081 ], [ 16.981570684048311, 52.29589955512472 ], [ 16.981570696323658, 52.295899551054788 ], [ 16.981570707912436, 52.295899546287842 ], [ 16.981570718709694, 52.295899540867083 ], [ 16.981570728617648, 52.295899534841602 ], [ 16.98157073754658, 52.295899528265927 ], [ 16.98157074541562, 52.295899521199644 ], [ 16.983788572220792, 52.293688812004909 ], [ 16.983788574138472, 52.293688810282667 ], [ 16.983788577538832, 52.29368881024147 ], [ 16.988019894838743, 52.293760995024108 ], [ 16.988019908790555, 52.293760994854594 ], [ 16.988019922652907, 52.293760993872645 ], [ 16.988019936300265, 52.293760992087236 ], [ 16.988019949609043, 52.29376098951446 ], [ 16.988019962458697, 52.293760986177652 ], [ 16.988019974732868, 52.293760982107031 ], [ 16.988019986320403, 52.293760977339446 ], [ 16.988019997116368, 52.293760971918061 ], [ 16.988020007022975, 52.293760965892019 ], [ 16.988020015950529, 52.29376095931584 ], [ 16.988020023818162, 52.29376095224913 ], [ 16.99023742293862, 52.291550116786581 ], [ 16.990237424855959, 52.291550115064233 ], [ 16.990237428256155, 52.291550115022844 ], [ 16.994468558498504, 52.291622066727562 ], [ 16.994468572449634, 52.291622066557274 ], [ 16.994468586311203, 52.291622065574586 ], [ 16.994468599957656, 52.291622063788417 ], [ 16.994468613265433, 52.291622061214895 ], [ 16.994468626113999, 52.291622057877383 ], [ 16.994468638387005, 52.291622053806059 ], [ 16.9944686499733, 52.291622049037827 ], [ 16.994468660767961, 52.291622043615853 ], [ 16.994468670673225, 52.291622037589249 ], [ 16.994468679599397, 52.291622031012579 ], [ 16.994468687465631, 52.291622023945415 ], [ 16.996685658948142, 52.289411062261152 ], [ 16.996685660865136, 52.289411060538697 ], [ 16.996685664265165, 52.289411060497137 ], [ 17.000916688516309, 52.289482780531557 ], [ 17.000916691907413, 52.28948278068826 ], [ 17.000916693666316, 52.28948278247303 ], [ 17.002931092909023, 52.291765474367793 ], [ 17.002931100126524, 52.291765481690668 ], [ 17.002931108446546, 52.29176548855969 ], [ 17.002931117793732, 52.291765494912681 ], [ 17.002931128083443, 52.291765500692073 ], [ 17.002931139222486, 52.29176550584554 ], [ 17.00293115110998, 52.291765510326407 ], [ 17.002931163638284, 52.291765514094124 ], [ 17.002931176693927, 52.291765517114541 ], [ 17.002931190158677, 52.291765519360304 ], [ 17.002931203910595, 52.291765520811076 ], [ 17.00293121782515, 52.291765521453733 ], [ 17.007162401356752, 52.291837018615908 ], [ 17.007162404748065, 52.291837018772412 ], [ 17.007162406507309, 52.291837020557104 ], [ 17.009177272044465, 52.294119653103607 ], [ 17.009177273519239, 52.294119654982737 ], [ 17.009177271878261, 52.294119656809329 ], [ 17.006960632359267, 52.296330897713638 ], [ 17.00696063044235, 52.296330899436263 ], [ 17.006960627041803, 52.296330899478114 ], [ 17.002729015797456, 52.296259390798902 ], [ 17.002729001844877, 52.296259390970157 ], [ 17.002728987982017, 52.296259391953797 ], [ 17.002728974334428, 52.296259393740925 ], [ 17.002728961025717, 52.296259396315349 ], [ 17.002728948176394, 52.296259399653756 ], [ 17.002728935902827, 52.296259403725927 ], [ 17.00272892431617, 52.296259408494961 ], [ 17.002728913521359, 52.296259413917703 ], [ 17.002728903616141, 52.296259419944995 ], [ 17.002728894690229, 52.296259426522276 ], [ 17.002728886824453, 52.296259433589995 ], [ 17.00051190455477, 52.298470463523003 ], [ 17.000511897819653, 52.298470471016998 ], [ 17.000511892276933, 52.298470478869582 ], [ 17.000511887976803, 52.298470487009624 ], [ 17.000511884958215, 52.298470495363397 ], [ 17.000511883248507, 52.29847050385527 ], [ 17.000511882863151, 52.298470512408329 ], [ 17.000511883805647, 52.298470520945123 ], [ 17.00051188606745, 52.298470529388311 ], [ 17.000511889628086, 52.29847053766148 ], [ 17.000511894455304, 52.298470545689689 ], [ 17.000511900505387, 52.298470553400207 ], [ 17.002526674269514, 52.300753252837573 ], [ 17.002526675744214, 52.300753254716767 ], [ 17.002526674102711, 52.300753256543274 ], [ 17.000309408779067, 52.302964321110302 ], [ 17.000309402043211, 52.302964328604268 ], [ 17.000309396499869, 52.302964336456824 ], [ 17.000309392199252, 52.302964344596845 ], [ 17.000309389180298, 52.302964352950617 ], [ 17.000309387470356, 52.302964361442484 ], [ 17.000309387084897, 52.302964369995522 ], [ 17.000309388027421, 52.302964378532316 ], [ 17.000309390289392, 52.302964386975511 ], [ 17.000309393850326, 52.302964395248686 ], [ 17.000309398677977, 52.302964403276881 ], [ 17.000309404728618, 52.302964410987414 ], [ 17.002324365821767, 52.305247114198131 ], [ 17.002324367296602, 52.305247116077311 ], [ 17.002324365654918, 52.305247117903797 ], [ 17.00010685972288, 52.307458174704173 ], [ 17.000106852986292, 52.307458182198125 ], [ 17.000106847442336, 52.30745819005066 ], [ 17.000106843141218, 52.307458198190673 ], [ 17.000106840121898, 52.307458206544418 ], [ 17.000106838411714, 52.307458215036249 ], [ 17.000106838026159, 52.307458223589315 ], [ 17.000106838968719, 52.307458232126088 ], [ 17.000106841230856, 52.307458240569282 ], [ 17.000106844792096, 52.307458248842465 ], [ 17.00010684962017, 52.30745825687066 ], [ 17.000106855671365, 52.3074582645812 ], [ 17.002121965496375, 52.309740927793968 ], [ 17.002121972716591, 52.309740935116913 ], [ 17.002121981039782, 52.309740941985993 ], [ 17.00212199039057, 52.309740948339076 ], [ 17.002122000684277, 52.30974095411856 ], [ 17.002122011827677, 52.309740959272126 ], [ 17.002122023719856, 52.309740963753136 ], [ 17.002122036253127, 52.309740967520959 ], [ 17.002122049313961, 52.309740970541512 ], [ 17.002122062784103, 52.309740972787409 ], [ 17.00212207654155, 52.309740974238331 ], [ 17.002122090461718, 52.309740974881151 ], [ 17.006354985518314, 52.309812518125391 ], [ 17.006354988910989, 52.309812518281944 ], [ 17.006354990670896, 52.30981252006665 ], [ 17.008370605894239, 52.312095167640557 ], [ 17.008370607369553, 52.312095169519694 ], [ 17.008370605727851, 52.312095171346272 ], [ 17.006153004075319, 52.314306381263449 ], [ 17.006153002157586, 52.314306382986054 ], [ 17.006152998755649, 52.314306383027876 ], [ 17.001919675536829, 52.314234828257291 ], [ 17.001919661578587, 52.31423482842839 ], [ 17.001919647710086, 52.314234829411859 ], [ 17.001919634056922, 52.314234831198853 ], [ 17.00191962074274, 52.314234833773128 ], [ 17.001919607888116, 52.314234837111378 ], [ 17.001919595609461, 52.314234841183406 ], [ 17.001919584017973, 52.314234845952292 ], [ 17.001919573218625, 52.314234851374884 ], [ 17.001919563309222, 52.31423485740207 ], [ 17.001919554379505, 52.31423486397923 ], [ 17.001919546510337, 52.31423487104685 ], [ 16.999701601694454, 52.316445869911448 ], [ 16.999701594956381, 52.316445877405329 ], [ 16.999701589411192, 52.316445885257821 ], [ 16.999701585109083, 52.316445893397805 ], [ 16.999701582089035, 52.316445901751507 ], [ 16.999701580378378, 52.316445910243353 ], [ 16.999701579992617, 52.316445918796376 ], [ 16.999701580935245, 52.316445927333156 ], [ 16.999701583197719, 52.316445935776358 ], [ 16.999701586759553, 52.316445944049526 ], [ 16.999701591588494, 52.31644595207775 ], [ 16.999701597640804, 52.316445959788297 ], [ 17.00171712100229, 52.31872867432579 ], [ 17.001717122477533, 52.318728676205019 ], [ 17.001717120835313, 52.318728678031469 ], [ 16.999498850146459, 52.320939753922595 ], [ 16.999498848228175, 52.320939755645099 ], [ 16.99949884482573, 52.32093975568673 ], [ 16.99526490581562, 52.320867956113091 ], [ 16.995264891855285, 52.320867956283379 ], [ 16.995264877984582, 52.320867957266046 ], [ 16.995264864329116, 52.320867959052251 ], [ 16.995264851012568, 52.320867961625744 ], [ 16.995264838155524, 52.320867964963242 ], [ 16.995264825874422, 52.320867969034531 ], [ 16.995264814280485, 52.320867973802734 ], [ 16.995264803478705, 52.320867979224708 ], [ 16.995264793566907, 52.320867985251297 ], [ 16.995264784634848, 52.320867991827924 ], [ 16.995264776763428, 52.320867998895061 ], [ 16.993046162777471, 52.323078863671967 ], [ 16.993046156037256, 52.323078871165457 ], [ 16.993046150490027, 52.323078879017608 ], [ 16.993046146186028, 52.323078887157315 ], [ 16.993046143164243, 52.323078895510832 ], [ 16.993046141452027, 52.323078904002536 ], [ 16.993046141064884, 52.32307891255553 ], [ 16.993046142006339, 52.323078921092318 ], [ 16.993046144267844, 52.323078929535626 ], [ 16.993046147828931, 52.323078937809001 ], [ 16.993046152657353, 52.323078945837473 ], [ 16.993046158709369, 52.323078953548368 ], [ 16.995061628660547, 52.325361778843565 ], [ 16.995061630135726, 52.325361780722865 ], [ 16.995061628492977, 52.32536178254923 ], [ 16.992842730981494, 52.327572681930377 ], [ 16.992842724240532, 52.327572689423839 ], [ 16.992842718692689, 52.327572697275961 ], [ 16.9928427143882, 52.327572705415655 ], [ 16.992842711366045, 52.32757271376915 ], [ 16.992842709653591, 52.327572722260868 ], [ 16.992842709266352, 52.327572730813834 ], [ 16.992842710207832, 52.327572739350629 ], [ 16.992842712469511, 52.327572747793944 ], [ 16.992842716030896, 52.327572756067305 ], [ 16.992842720859745, 52.327572764095805 ], [ 16.992842726912322, 52.3275727718067 ], [ 16.994858345707595, 52.329855557123302 ], [ 16.994858352929786, 52.32985556444666 ], [ 16.994858361255528, 52.32985557131628 ], [ 16.994858370609425, 52.329855577669939 ], [ 16.99485838090677, 52.329855583450083 ], [ 16.994858392054301, 52.329855588604374 ], [ 16.994858403951067, 52.329855593086144 ], [ 16.994858416489333, 52.329855596854784 ], [ 16.994858429555546, 52.329855599876176 ], [ 16.994858443031383, 52.329855602122947 ], [ 16.994858456794795, 52.329855603574764 ], [ 16.994858470721141, 52.329855604218501 ], [ 16.999093185506375, 52.329927425556136 ], [ 16.999093199469559, 52.329927425385442 ], [ 16.999093213343031, 52.329927424402335 ], [ 16.999093227001154, 52.329927422615739 ], [ 16.999093240320232, 52.329927420041834 ], [ 16.999093253179641, 52.32992741670396 ], [ 16.999093265462932, 52.329927412632273 ], [ 16.999093277058865, 52.329927407863721 ], [ 16.999093287862426, 52.329927402441449 ], [ 16.999093297775769, 52.329927396414561 ], [ 16.999093306709121, 52.329927389837664 ], [ 16.999093314581586, 52.329927382770286 ], [ 17.001312024538894, 52.327716364821079 ], [ 17.001312026457413, 52.327716363098567 ], [ 17.001312029860379, 52.327716363056894 ], [ 17.005546719442666, 52.327787953794633 ], [ 17.005546722836712, 52.327787953951244 ], [ 17.005546724597281, 52.327787955735936 ], [ 17.007563051590985, 52.33007057458471 ], [ 17.007563058815332, 52.330070581907322 ], [ 17.00756306714311, 52.33007058877606 ], [ 17.007563076498897, 52.330070595128724 ], [ 17.007563086797973, 52.330070600907781 ], [ 17.007563097947067, 52.330070606060886 ], [ 17.007563109845211, 52.330070610541384 ], [ 17.007563122384656, 52.330070614308674 ], [ 17.007563135451832, 52.33007061732868 ], [ 17.007563148928416, 52.330070619574023 ], [ 17.007563162692353, 52.330070621024369 ], [ 17.007563176618994, 52.330070621666593 ], [ 17.011798025888758, 52.33014198921196 ], [ 17.011798029283014, 52.330141989368364 ], [ 17.011798031043927, 52.330141991152992 ], [ 17.013814786659303, 52.332424506710126 ], [ 17.013814793885061, 52.332424514032368 ], [ 17.013814802214249, 52.332424520900688 ], [ 17.013814811571439, 52.332424527252876 ], [ 17.013814821871883, 52.332424533031386 ], [ 17.013814833022312, 52.332424538183901 ], [ 17.013814844921722, 52.332424542663794 ], [ 17.013814857462378, 52.332424546430431 ], [ 17.013814870530691, 52.332424549449769 ], [ 17.013814884008319, 52.332424551694402 ], [ 17.013814897773209, 52.33242455314403 ], [ 17.013814911700699, 52.332424553785515 ], [ 17.018049920601371, 52.332495698110591 ], [ 17.018049934565354, 52.332495697937667 ], [ 17.01804994843927, 52.332495696952329 ], [ 17.018049962097479, 52.33249569516353 ], [ 17.018049975416282, 52.332495692587493 ], [ 17.018049988275077, 52.332495689247537 ], [ 17.018050000557391, 52.332495685173882 ], [ 17.018050012152017, 52.332495680403454 ], [ 17.01805002295394, 52.332495674979413 ], [ 17.018050032865332, 52.332495668950934 ], [ 17.018050041796439, 52.332495662372565 ], [ 17.018050049666389, 52.33249565530393 ], [ 17.020267955490265, 52.330284273972659 ], [ 17.020267957408166, 52.330284272249834 ], [ 17.020267960811324, 52.330284272207606 ], [ 17.024502863021723, 52.330355184574699 ], [ 17.024502876985029, 52.330355184400972 ], [ 17.024502890858155, 52.330355183414895 ], [ 17.024502904515458, 52.330355181625343 ], [ 17.024502917833264, 52.330355179048574 ], [ 17.024502930690961, 52.330355175707908 ], [ 17.024502942972109, 52.330355171633563 ], [ 17.024502954565488, 52.330355166862468 ], [ 17.024502965366104, 52.330355161437822 ], [ 17.02450297527615, 52.330355155408789 ], [ 17.024502984205874, 52.330355148829916 ], [ 17.024502992074407, 52.330355141760812 ], [ 17.02672046925808, 52.328143634211614 ], [ 17.026720471175636, 52.328143632488697 ], [ 17.026720474578632, 52.32814363244627 ], [ 17.030955188822183, 52.328214311523574 ], [ 17.030955202784803, 52.3282143113491 ], [ 17.030955216657127, 52.328214310362249 ], [ 17.030955230313534, 52.32821430857193 ], [ 17.030955243630334, 52.328214305994415 ], [ 17.030955256486941, 52.328214302653045 ], [ 17.030955268766917, 52.328214298578018 ], [ 17.030955280359048, 52.328214293806283 ], [ 17.03095529115836, 52.328214288381041 ], [ 17.03095530106706, 52.328214282351439 ], [ 17.030955309995399, 52.328214275772076 ], [ 17.030955317862531, 52.328214268702531 ], [ 17.033172366453073, 52.326002634981542 ], [ 17.033172368370288, 52.326002633258518 ], [ 17.033172371773116, 52.3260026332159 ], [ 17.037406979184848, 52.326073080386763 ], [ 17.037406982578897, 52.326073080542436 ], [ 17.037406984340691, 52.326073082326687 ], [ 17.03942489052217, 52.32835517321805 ], [ 17.039424897751552, 52.328355180538757 ], [ 17.039424906084001, 52.328355187405307 ], [ 17.039424915444069, 52.328355193755485 ], [ 17.039424925746982, 52.328355199531813 ], [ 17.039424936899437, 52.328355204681934 ], [ 17.039424948800434, 52.328355209159248 ], [ 17.039424961342185, 52.328355212923185 ], [ 17.039424974411126, 52.328355215939673 ], [ 17.039424987888896, 52.328355218181414 ], [ 17.039425001653441, 52.328355219628023 ], [ 17.039425015580107, 52.328355220266509 ], [ 17.043659782248966, 52.328425444176816 ], [ 17.043659785643218, 52.328425444332311 ], [ 17.04365978740536, 52.328425446116462 ], [ 17.04567816090346, 52.330707477295938 ], [ 17.045678162380966, 52.330707479174627 ], [ 17.045678160740081, 52.330707481001717 ], [ 17.043461488439508, 52.33291935166303 ], [ 17.043461481706192, 52.332919359159447 ], [ 17.043461476166556, 52.332919367014036 ], [ 17.043461471870771, 52.332919375155633 ], [ 17.043461468857728, 52.332919383510522 ], [ 17.043461467154717, 52.332919392003042 ], [ 17.043461466777178, 52.332919400556271 ], [ 17.043461467728502, 52.332919409092753 ], [ 17.043461470000089, 52.33291941753518 ], [ 17.043461473571369, 52.332919425807106 ], [ 17.043461478409998, 52.332919433833631 ], [ 17.04346148447215, 52.332919441542018 ], [ 17.045479968817933, 52.335201388868256 ], [ 17.04547997604941, 52.335201396188602 ], [ 17.04547998438408, 52.335201403054747 ], [ 17.045479993746447, 52.335201409404455 ], [ 17.045480004051729, 52.335201415180265 ], [ 17.045480015206603, 52.335201420329824 ], [ 17.045480027110042, 52.335201424806577 ], [ 17.045480039654247, 52.335201428569874 ], [ 17.04548005272563, 52.335201431585709 ], [ 17.045480066205794, 52.335201433826761 ], [ 17.045480079972677, 52.335201435272722 ], [ 17.045480093901599, 52.335201435910513 ], [ 17.049715529713914, 52.335271449153772 ], [ 17.049715533108721, 52.33527144930909 ], [ 17.049715534871371, 52.335271451093156 ], [ 17.051734525428522, 52.337553382403456 ], [ 17.051734526906511, 52.337553384282067 ], [ 17.051734525265612, 52.337553386109228 ], [ 17.049517800850534, 52.339765367616835 ], [ 17.049517794117168, 52.339765375113586 ], [ 17.04951778857771, 52.33976538296843 ], [ 17.049517784282333, 52.339765391110269 ], [ 17.04951778126993, 52.3397653994653 ], [ 17.049517779567786, 52.339765407957913 ], [ 17.049517779191309, 52.339765416511156 ], [ 17.049517780143919, 52.339765425047617 ], [ 17.049517782416981, 52.339765433489923 ], [ 17.049517785989917, 52.339765441761685 ], [ 17.049517790830361, 52.339765449787947 ], [ 17.049517796894484, 52.339765457496021 ], [ 17.051536898435543, 52.342047304941985 ], [ 17.051536905669124, 52.342047312261975 ], [ 17.051536914005997, 52.342047319127715 ], [ 17.051536923370662, 52.342047325476969 ], [ 17.051536933678314, 52.342047331252246 ], [ 17.051536944835611, 52.342047336401265 ], [ 17.051536956741504, 52.342047340877386 ], [ 17.051536969288168, 52.342047344640086 ], [ 17.051536982361981, 52.342047347655281 ], [ 17.051536995844547, 52.342047349895658 ], [ 17.05153700961376, 52.342047351340938 ], [ 17.051537023544938, 52.342047351978024 ], [ 17.055773128697115, 52.342117154446264 ], [ 17.055773132092472, 52.342117154601411 ], [ 17.055773133855638, 52.34211715638542 ], [ 17.057792741809923, 52.34439898775009 ], [ 17.057792743288392, 52.34439898962863 ], [ 17.057792741647475, 52.34439899145589 ], [ 17.055575965259621, 52.346611083841339 ], [ 17.055575958526202, 52.346611091338438 ], [ 17.055575952986921, 52.346611099193588 ], [ 17.055575948691956, 52.346611107335633 ], [ 17.055575945680189, 52.346611115690834 ], [ 17.055575943978909, 52.346611124183518 ], [ 17.055575943603515, 52.346611132736783 ], [ 17.0555759445574, 52.346611141273172 ], [ 17.055575946831937, 52.346611149715393 ], [ 17.055575950406521, 52.346611157986963 ], [ 17.055575955248788, 52.346611166012998 ], [ 17.055575961314872, 52.346611173720795 ], [ 17.057595719121821, 52.348892964964861 ], [ 17.057595720600428, 52.348892966843401 ], [ 17.057595718959337, 52.34889296867064 ], [ 17.055378702059343, 52.351105053458568 ], [ 17.055378695325185, 52.351105060955632 ], [ 17.055378689785293, 52.351105068810746 ], [ 17.055378685489828, 52.351105076952777 ], [ 17.055378682477699, 52.351105085307957 ], [ 17.05537868077618, 52.351105093800641 ], [ 17.055378680400683, 52.351105102353891 ], [ 17.055378681354611, 52.351105110890295 ], [ 17.055378683629321, 52.351105119332487 ], [ 17.055378687204211, 52.351105127604072 ], [ 17.055378692046908, 52.351105135630107 ], [ 17.055378698113561, 52.351105143337918 ], [ 17.057398605809286, 52.353386894462957 ], [ 17.057398613045645, 52.353386901782613 ], [ 17.057398621385527, 52.353386908647934 ], [ 17.057398630753404, 52.353386914996726 ], [ 17.057398641064431, 52.353386920771555 ], [ 17.057398652225245, 52.353386925920049 ], [ 17.057398664134766, 52.353386930395622 ], [ 17.057398676685128, 52.353386934157705 ], [ 17.057398689762685, 52.353386937172296 ], [ 17.057398703249003, 52.353386939412026 ], [ 17.057398717021943, 52.353386940856637 ], [ 17.057398730956784, 52.353386941493056 ], [ 17.061635934847715, 52.353456544294524 ], [ 17.061635938243963, 52.35345654444955 ], [ 17.061635940007807, 52.353456546233431 ], [ 17.063656354438763, 52.355738281195947 ], [ 17.063656355917843, 52.355738283074437 ], [ 17.063656354276741, 52.355738284901769 ], [ 17.061439285527669, 52.357950480617433 ], [ 17.061439278793461, 52.357950488114852 ], [ 17.061439273253747, 52.357950495970243 ], [ 17.061439268958694, 52.357950504112488 ], [ 17.061439265947204, 52.357950512467816 ], [ 17.061439264246552, 52.357950520960571 ], [ 17.061439263872135, 52.357950529513872 ], [ 17.061439264827342, 52.357950538050204 ], [ 17.061439267103523, 52.35795054649229 ], [ 17.061439270680072, 52.357950554763718 ], [ 17.061439275524592, 52.357950562789505 ], [ 17.061439281593213, 52.357950570497017 ], [ 17.063459846068849, 52.360232265326914 ], [ 17.063459847548067, 52.360232267205369 ], [ 17.063459845906785, 52.360232269032693 ], [ 17.061242536561899, 52.362444457167967 ], [ 17.061242529826945, 52.362444464665352 ], [ 17.061242524286612, 52.362444472520714 ], [ 17.061242519991076, 52.36244448066293 ], [ 17.061242516979217, 52.362444489018245 ], [ 17.06124251527833, 52.362444497511007 ], [ 17.061242514903814, 52.362444506064286 ], [ 17.06124251585906, 52.362444514600632 ], [ 17.061242518135415, 52.362444523042711 ], [ 17.061242521712263, 52.362444531314146 ], [ 17.061242526557226, 52.362444539339933 ], [ 17.061242532626402, 52.362444547047446 ], [ 17.063263285934411, 52.364726245499362 ], [ 17.063263287413765, 52.364726247377838 ], [ 17.063263285772301, 52.364726249205148 ], [ 17.061045735766058, 52.366938429758846 ], [ 17.061045729030372, 52.366938437256216 ], [ 17.061045723489421, 52.366938445111558 ], [ 17.06104571919338, 52.366938453253759 ], [ 17.061045716181166, 52.366938461609067 ], [ 17.061045714480048, 52.3669384701018 ], [ 17.061045714105433, 52.366938478655058 ], [ 17.061045715060708, 52.366938487191419 ], [ 17.061045717337233, 52.366938495633505 ], [ 17.061045720914397, 52.366938503904926 ], [ 17.061045725759779, 52.366938511930734 ], [ 17.06104573182952, 52.366938519638254 ], [ 17.063066674017289, 52.369220221713313 ], [ 17.063066675496785, 52.369220223591789 ], [ 17.06306667385514, 52.369220225419085 ], [ 17.060848883121981, 52.371432398390056 ], [ 17.060848876385556, 52.371432405887404 ], [ 17.060848870843987, 52.371432413742731 ], [ 17.060848866547456, 52.37143242188494 ], [ 17.060848863534872, 52.371432430240219 ], [ 17.06084886183352, 52.371432438732931 ], [ 17.060848861458805, 52.371432447286196 ], [ 17.060848862414126, 52.371432455822529 ], [ 17.060848864690819, 52.371432464264629 ], [ 17.060848868268277, 52.371432472536043 ], [ 17.060848873114104, 52.371432480561857 ], [ 17.060848879184405, 52.371432488269392 ], [ 17.062870010299335, 52.373714193968688 ], [ 17.062870011778962, 52.373714195847185 ], [ 17.062870010137143, 52.373714197674481 ], [ 17.060651936076823, 52.375926405481152 ], [ 17.060651934158454, 52.375926407204602 ], [ 17.060651930751796, 52.37592640724796 ], [ 17.056412579155126, 52.375856748331216 ], [ 17.056412565177489, 52.375856748508561 ], [ 17.056412551290695, 52.375856749498261 ], [ 17.056412537620492, 52.375856751291352 ], [ 17.056412524290696, 52.375856753871602 ], [ 17.056412511422007, 52.375856757215615 ], [ 17.056412499130978, 52.375856761293129 ], [ 17.056412487528913, 52.375856766067237 ], [ 17.05641247672088, 52.375856771494689 ], [ 17.056412466804762, 52.375856777526302 ], [ 17.056412457870358, 52.375856784107491 ], [ 17.056412449998582, 52.375856791178641 ], [ 17.054194031187926, 52.378068787938872 ], [ 17.054194024449345, 52.378068795435809 ], [ 17.054194018905743, 52.378068803290802 ], [ 17.054194014607315, 52.378068811432712 ], [ 17.054194011592998, 52.378068819787806 ], [ 17.054194009890082, 52.378068828280412 ], [ 17.054194009513996, 52.378068836833634 ], [ 17.054194010468137, 52.378068845370009 ], [ 17.054194012743867, 52.378068853812209 ], [ 17.054194016320583, 52.378068862083815 ], [ 17.054194021165888, 52.378068870109885 ], [ 17.054194027235901, 52.378068877817739 ], [ 17.056215106410761, 52.380350694536332 ], [ 17.056215107890317, 52.380350696414894 ], [ 17.056215106247972, 52.380350698242111 ], [ 17.053996403927528, 52.382562729814701 ], [ 17.053996397188214, 52.382562737311616 ], [ 17.053996391643992, 52.382562745166574 ], [ 17.05399638734507, 52.382562753308477 ], [ 17.053996384330382, 52.382562761663557 ], [ 17.053996382627236, 52.382562770156163 ], [ 17.053996382251043, 52.382562778709357 ], [ 17.053996383205224, 52.382562787245703 ], [ 17.053996385481128, 52.38256279568791 ], [ 17.053996389058149, 52.382562803959537 ], [ 17.053996393903883, 52.382562811985622 ], [ 17.053996399974462, 52.382562819693504 ], [ 17.056017668105678, 52.384844640055746 ], [ 17.056017669585369, 52.384844641934308 ], [ 17.056017667942847, 52.384844643761483 ], [ 17.053798724585548, 52.387056667727279 ], [ 17.053798717845496, 52.387056675224159 ], [ 17.053798712300654, 52.387056683079109 ], [ 17.053798708001239, 52.387056691220977 ], [ 17.053798704986189, 52.387056699576057 ], [ 17.053798703282805, 52.387056708068641 ], [ 17.053798702906512, 52.387056716621842 ], [ 17.053798703860732, 52.387056725158196 ], [ 17.053798706136803, 52.387056733600403 ], [ 17.053798709714126, 52.387056741872009 ], [ 17.053798714560301, 52.387056749898107 ], [ 17.053798720631441, 52.38705675760599 ], [ 17.055820177766432, 52.389338581613039 ], [ 17.055820179246265, 52.3893385834916 ], [ 17.055820177603561, 52.389338585318789 ], [ 17.053600993143707, 52.391550601676563 ], [ 17.053600986402916, 52.391550609173443 ], [ 17.053600980857453, 52.391550617028365 ], [ 17.053600976557544, 52.391550625170218 ], [ 17.053600973542128, 52.391550633525263 ], [ 17.05360097183851, 52.391550642017847 ], [ 17.053600971462128, 52.391550650571034 ], [ 17.053600972416376, 52.391550659107388 ], [ 17.053600974692625, 52.391550667549602 ], [ 17.05360097827025, 52.391550675821222 ], [ 17.053600983116855, 52.391550683847314 ], [ 17.05360098918856, 52.391550691555203 ], [ 17.055622635374764, 52.393832519208154 ], [ 17.055622636854736, 52.393832521086722 ], [ 17.055622635211847, 52.393832522913897 ], [ 17.053403167022342, 52.39604457407912 ], [ 17.053403165102797, 52.396044575802456 ], [ 17.053403161694582, 52.396044575845586 ], [ 17.049161900800112, 52.395974638233184 ], [ 17.049161886816112, 52.395974638409591 ], [ 17.049161872922848, 52.395974639398368 ], [ 17.049161859246141, 52.395974641190556 ], [ 17.04916184590984, 52.395974643769911 ], [ 17.049161833034738, 52.395974647113057 ], [ 17.049161820737414, 52.395974651189775 ], [ 17.049161809129252, 52.395974655963073 ], [ 17.049161798315364, 52.395974661389779 ], [ 17.049161788393693, 52.395974667420724 ], [ 17.049161779454082, 52.395974674001295 ], [ 17.049161771577499, 52.395974681071884 ], [ 17.046941958191173, 52.398186521067828 ], [ 17.046941951448215, 52.398186528564274 ], [ 17.04694194590072, 52.398186536418869 ], [ 17.046941941598917, 52.398186544560474 ], [ 17.04694193858176, 52.398186552915284 ], [ 17.046941936876578, 52.398186561407748 ], [ 17.046941936498815, 52.398186569960913 ], [ 17.046941937451887, 52.398186578497302 ], [ 17.046941939727166, 52.398186586939623 ], [ 17.046941943304045, 52.398186595211406 ], [ 17.046941948150135, 52.398186603237782 ], [ 17.046941954221548, 52.398186610945999 ], [ 17.048963548215788, 52.400468549696512 ], [ 17.048963549695685, 52.400468551575159 ], [ 17.048963548052271, 52.400468553402241 ], [ 17.046743450753343, 52.402680428182244 ], [ 17.04674344400965, 52.402680435678668 ], [ 17.046743438461533, 52.402680443533235 ], [ 17.046743434159232, 52.402680451674819 ], [ 17.04674343114171, 52.40268046002965 ], [ 17.046743429436294, 52.402680468522092 ], [ 17.046743429058431, 52.402680477075243 ], [ 17.046743430011539, 52.402680485611612 ], [ 17.046743432286995, 52.402680494053939 ], [ 17.046743435864173, 52.402680502325737 ], [ 17.046743440710699, 52.402680510352106 ], [ 17.046743446782671, 52.402680518060336 ], [ 17.048765191085991, 52.404962416718476 ], [ 17.048765198329129, 52.404962424038672 ], [ 17.048765206677174, 52.404962430904618 ], [ 17.04876521605452, 52.404962437254163 ], [ 17.048765226376258, 52.404962443029788 ], [ 17.048765237548896, 52.404962448179162 ], [ 17.048765249471273, 52.404962452655695 ], [ 17.048765262035399, 52.404962456418822 ], [ 17.048765275127508, 52.404962459434465 ], [ 17.048765288629021, 52.404962461675332 ], [ 17.048765302417674, 52.404962463121095 ], [ 17.048765316368591, 52.404962463758693 ], [ 17.053007438136639, 52.405032423927018 ], [ 17.05300744153681, 52.405032424082286 ], [ 17.053007443302306, 52.405032425866352 ], [ 17.055029695702512, 52.407314308220045 ], [ 17.055029697182885, 52.407314310098627 ], [ 17.055029695539467, 52.407314311925795 ], [ 17.052809546011932, 52.409526297840024 ], [ 17.052809539268182, 52.409526305336783 ], [ 17.052809533720247, 52.409526313191634 ], [ 17.052809529418354, 52.409526321333423 ], [ 17.052809526401475, 52.409526329688418 ], [ 17.052809524696922, 52.409526338180967 ], [ 17.052809524320139, 52.409526346734125 ], [ 17.052809525274533, 52.409526355270458 ], [ 17.052809527551464, 52.409526363712651 ], [ 17.052809531130311, 52.409526371984299 ], [ 17.052809535978657, 52.409526380010405 ], [ 17.052809542052607, 52.409526387718358 ], [ 17.054831906135227, 52.411808186210273 ], [ 17.054831913380472, 52.411808193530085 ], [ 17.054831921730731, 52.411808200395612 ], [ 17.054831931110389, 52.411808206744709 ], [ 17.054831941434504, 52.411808212519801 ], [ 17.054831952609586, 52.411808217668643 ], [ 17.054831964534412, 52.411808222144558 ], [ 17.05483197710101, 52.411808225907059 ], [ 17.054831990195559, 52.411808228922077 ], [ 17.054832003699477, 52.411808231162269 ], [ 17.054832017490476, 52.411808232607342 ], [ 17.054832031443667, 52.411808233244251 ], [ 17.05907474389074, 52.411877980727482 ], [ 17.05907475787976, 52.411877980549924 ], [ 17.059074771777844, 52.411877979560053 ], [ 17.059074785459121, 52.411877977766743 ], [ 17.059074798799688, 52.411877975186329 ], [ 17.059074811678737, 52.411877971842138 ], [ 17.059074823979628, 52.411877967764447 ], [ 17.059074835590973, 52.411877962990218 ], [ 17.059074846407608, 52.411877957562645 ], [ 17.059074856331577, 52.411877951530919 ], [ 17.059074865273008, 52.41187794494963 ], [ 17.059074873150927, 52.411877937878394 ], [ 17.061294833380661, 52.409665833203974 ], [ 17.061294835300505, 52.40966583148051 ], [ 17.06129483870977, 52.409665831437152 ], [ 17.065537524516596, 52.4097353477109 ], [ 17.065537527917176, 52.409735347865826 ], [ 17.065537529683365, 52.409735349649679 ], [ 17.067560643397609, 52.412017024225705 ], [ 17.067560644878675, 52.412017026104124 ], [ 17.067560643235584, 52.412017027931483 ], [ 17.065340872416989, 52.414229251359956 ], [ 17.065340865674614, 52.414229258857453 ], [ 17.065340860128277, 52.41422926671288 ], [ 17.0653408558282, 52.414229274855145 ], [ 17.065340852813335, 52.414229283210467 ], [ 17.065340851110985, 52.414229291703201 ], [ 17.065340850736565, 52.41422930025643 ], [ 17.065340851693456, 52.414229308792677 ], [ 17.065340853973002, 52.414229317234657 ], [ 17.065340857554567, 52.414229325505929 ], [ 17.065340862405698, 52.414229333531551 ], [ 17.065340868482473, 52.414229341238858 ], [ 17.067364094072804, 52.416510931928848 ], [ 17.067364101320891, 52.416510939247921 ], [ 17.067364109673989, 52.416510946112595 ], [ 17.067364119056453, 52.416510952460705 ], [ 17.067364129383321, 52.416510958234731 ], [ 17.067364140561061, 52.416510963382407 ], [ 17.067364152488455, 52.416510967857093 ], [ 17.067364165057473, 52.41651097161828 ], [ 17.067364178154303, 52.416510974631905 ], [ 17.067364191660328, 52.416510976870676 ], [ 17.067364205453238, 52.416510978314307 ], [ 17.067364219408123, 52.416510978949773 ], [ 17.071607495934451, 52.416580282389951 ], [ 17.071607499335588, 52.416580282544693 ], [ 17.071607501102285, 52.416580284328468 ], [ 17.07363123515708, 52.418861858549405 ], [ 17.073631236638633, 52.418861860427761 ], [ 17.073631234995521, 52.41886186225517 ], [ 17.071411412412772, 52.421074196876226 ], [ 17.071411405670343, 52.421074204374044 ], [ 17.071411400124187, 52.421074212229783 ], [ 17.071411395824526, 52.421074220372255 ], [ 17.071411392810305, 52.421074228727726 ], [ 17.071411391108818, 52.421074237220516 ], [ 17.071411390735477, 52.421074245773795 ], [ 17.071411391693658, 52.421074254309985 ], [ 17.071411393974692, 52.421074262751858 ], [ 17.071411397557913, 52.421074271022945 ], [ 17.07141140241087, 52.421074279048348 ], [ 17.071411408489624, 52.421074286755356 ], [ 17.073435254557733, 52.423355777079031 ], [ 17.073435261807933, 52.423355784397764 ], [ 17.073435270163252, 52.423355791262018 ], [ 17.073435279548033, 52.423355797609652 ], [ 17.073435289877281, 52.423355803383167 ], [ 17.073435301057458, 52.423355808530296 ], [ 17.073435312987304, 52.423355813004378 ], [ 17.073435325558794, 52.423355816764953 ], [ 17.073435338658072, 52.423355819777925 ], [ 17.073435352166506, 52.423355822016021 ], [ 17.07343536596176, 52.423355823458984 ], [ 17.073435379918916, 52.423355824093733 ], [ 17.077679328717256, 52.423424915926454 ], [ 17.077679332118937, 52.423424916081032 ], [ 17.077679333886156, 52.423424917864693 ], [ 17.079703688621763, 52.425706391653769 ], [ 17.079703690103798, 52.425706393532046 ], [ 17.079703688460679, 52.425706395359548 ], [ 17.077483771686712, 52.427918883629808 ], [ 17.077483769766683, 52.427918885353506 ], [ 17.077483766356011, 52.427918885397311 ], [ 17.073239386460873, 52.427849782421198 ], [ 17.073239372466805, 52.427849782600369 ], [ 17.073239358563963, 52.427849783591896 ], [ 17.073239344878253, 52.42784978538679 ], [ 17.073239331533621, 52.427849787968761 ], [ 17.07323931865092, 52.427849791314429 ], [ 17.073239306346814, 52.427849795393549 ], [ 17.073239294732719, 52.427849800169156 ], [ 17.073239283913832, 52.427849805597987 ], [ 17.073239273988122, 52.427849811630878 ], [ 17.073239265045476, 52.427849818213218 ], [ 17.073239257166886, 52.42784982528535 ], [ 17.071018951805062, 52.430062144791535 ], [ 17.071018949884685, 52.43006214651512 ], [ 17.071018946473849, 52.430062146558726 ], [ 17.066774295461723, 52.429992808250326 ], [ 17.066774292059577, 52.429992808095427 ], [ 17.066774290292553, 52.429992806311596 ], [ 17.064750457213425, 52.42771116100873 ], [ 17.064750449963977, 52.427711153689486 ], [ 17.06475044160922, 52.427711146824613 ], [ 17.064750432224795, 52.427711140476291 ], [ 17.064750421895699, 52.427711134702015 ], [ 17.064750410715469, 52.427711129554091 ], [ 17.064750398785353, 52.427711125079121 ], [ 17.064750386213401, 52.427711121317621 ], [ 17.064750373113458, 52.427711118303698 ], [ 17.064750359604165, 52.427711116064586 ], [ 17.064750345807862, 52.427711114620607 ], [ 17.064750331849485, 52.427711113984834 ], [ 17.060506003764313, 52.427641554188412 ], [ 17.06050600036237, 52.427641554033301 ], [ 17.060505998595694, 52.427641552249383 ], [ 17.058482596651913, 52.425359802972409 ], [ 17.058482589403901, 52.425359795652788 ], [ 17.058482581050558, 52.425359788787489 ], [ 17.05848257166754, 52.42535978243869 ], [ 17.058482561339815, 52.425359776663875 ], [ 17.058482550160917, 52.425359771515367 ], [ 17.058482538232084, 52.425359767039772 ], [ 17.058482525661347, 52.425359763277619 ], [ 17.058482512562541, 52.425359760262999 ], [ 17.058482499054303, 52.425359758023177 ], [ 17.058482485258956, 52.425359756578466 ], [ 17.058482471301431, 52.425359755941976 ], [ 17.054238466181232, 52.425289974708399 ], [ 17.05423845218796, 52.425289974885331 ], [ 17.054238438285552, 52.425289975874627 ], [ 17.05423842459993, 52.425289977667298 ], [ 17.054238411255017, 52.425289980247122 ], [ 17.05423839837168, 52.425289983590737 ], [ 17.054238386066586, 52.425289987667881 ], [ 17.054238374451174, 52.425289992441584 ], [ 17.054238363630631, 52.42528999786866 ], [ 17.054238353702953, 52.425290003899953 ], [ 17.054238344758041, 52.425290010480815 ], [ 17.05423833687691, 52.42529001755166 ], [ 17.052017221224283, 52.427501973002869 ], [ 17.052017219303288, 52.427501974726162 ], [ 17.052017215892647, 52.427501974769228 ], [ 17.047772939957284, 52.427431958171141 ], [ 17.047772925963322, 52.427431958347313 ], [ 17.047772912060125, 52.427431959335834 ], [ 17.047772898373591, 52.427431961127745 ], [ 17.047772885027676, 52.427431963706816 ], [ 17.047772872143234, 52.427431967049728 ], [ 17.047772859836961, 52.427431971126175 ], [ 17.047772848220294, 52.427431975899225 ], [ 17.047772837398441, 52.427431981325704 ], [ 17.047772827469405, 52.427431987356428 ], [ 17.0477728185231, 52.4274319939368 ], [ 17.047772810640556, 52.427432001007212 ], [ 17.045551263870895, 52.42964382997603 ], [ 17.045551261949555, 52.429643831699217 ], [ 17.045551258538747, 52.429643831742077 ], [ 17.041306793238043, 52.429573581082025 ], [ 17.041306779243396, 52.429573581257401 ], [ 17.041306765339392, 52.429573582245155 ], [ 17.041306751651952, 52.429573584036312 ], [ 17.041306738305025, 52.429573586614666 ], [ 17.041306725419485, 52.429573589956853 ], [ 17.041306713112032, 52.429573594032597 ], [ 17.041306701494115, 52.429573598805021 ], [ 17.04130669067095, 52.429573604230896 ], [ 17.041306680740558, 52.429573610261059 ], [ 17.04130667179286, 52.429573616840912 ], [ 17.041306663908902, 52.429573623910862 ], [ 17.039084685974657, 52.431785326350933 ], [ 17.03908468405297, 52.431785328073993 ], [ 17.039084680641995, 52.431785328116682 ], [ 17.034840026041923, 52.431714843360531 ], [ 17.034840012046594, 52.431714843535161 ], [ 17.034839998141788, 52.431714844522141 ], [ 17.034839984453438, 52.431714846312531 ], [ 17.034839971105502, 52.431714848890167 ], [ 17.034839958218868, 52.431714852231615 ], [ 17.034839945910232, 52.431714856306684 ], [ 17.03483993429106, 52.431714861078447 ], [ 17.034839923466585, 52.431714866503697 ], [ 17.034839913534835, 52.431714872533298 ], [ 17.034839904585748, 52.431714879112668 ], [ 17.034839896700369, 52.431714886182178 ], [ 17.032617487554027, 52.433926462047097 ], [ 17.032617485631995, 52.433926463770071 ], [ 17.032617482220854, 52.433926463812568 ], [ 17.02837255698936, 52.433855743568657 ], [ 17.028372553587086, 52.43385574341265 ], [ 17.028372551821473, 52.433855741628243 ], [ 17.026350548371113, 52.431573458280667 ], [ 17.026350541127481, 52.431573450959142 ], [ 17.026350532778046, 52.431573444091605 ], [ 17.026350523398413, 52.431573437740298 ], [ 17.026350513073535, 52.431573431962718 ], [ 17.026350501896914, 52.431573426811184 ], [ 17.026350489969758, 52.431573422332377 ], [ 17.026350477400097, 52.431573418566821 ], [ 17.02635046430175, 52.431573415548648 ], [ 17.026350450793341, 52.431573413305159 ], [ 17.026350436997205, 52.431573411856711 ], [ 17.026350423038288, 52.431573411216384 ], [ 17.022105821288203, 52.431502469605064 ], [ 17.022105817886132, 52.431502469448894 ], [ 17.022105816120867, 52.431502467664401 ], [ 17.020084243864041, 52.429220080551822 ], [ 17.020084236621837, 52.429220073229907 ], [ 17.02008422827382, 52.429220066361957 ], [ 17.020084218895601, 52.429220060010167 ], [ 17.020084208572094, 52.429220054232047 ], [ 17.020084197396809, 52.429220049079937 ], [ 17.020084185470942, 52.429220044600498 ], [ 17.020084172902486, 52.429220040834302 ], [ 17.020084159805279, 52.42922003781544 ], [ 17.020084146297929, 52.429220035571248 ], [ 17.020084132502756, 52.429220034122054 ], [ 17.020084118544688, 52.429220033481009 ], [ 17.015839840313831, 52.429148870553199 ], [ 17.015839826319297, 52.42914887072557 ], [ 17.015839812414939, 52.429148871710332 ], [ 17.015839798726674, 52.429148873498519 ], [ 17.015839785378471, 52.429148876074002 ], [ 17.015839772491212, 52.429148879413383 ], [ 17.015839760181589, 52.429148883486462 ], [ 17.015839748561103, 52.429148888256357 ], [ 17.015839737734979, 52.429148893679844 ], [ 17.015839727801257, 52.429148899707847 ], [ 17.015839718849911, 52.429148906285732 ], [ 17.015839710961995, 52.429148913353956 ], [ 17.01361653508264, 52.431360082295761 ], [ 17.013616528328871, 52.431360089790161 ], [ 17.013616522771166, 52.431360097643044 ], [ 17.013616518459859, 52.431360105783277 ], [ 17.013616515433988, 52.431360114137163 ], [ 17.013616513720965, 52.431360122629016 ], [ 17.013616513336299, 52.431360131181947 ], [ 17.013616514283466, 52.431360139718493 ], [ 17.013616516553899, 52.431360148161367 ], [ 17.013616520127041, 52.431360156434089 ], [ 17.013616524970516, 52.431360164461751 ], [ 17.013616531040476, 52.431360172171637 ], [ 17.015637822347511, 52.433642622991236 ], [ 17.015637829589679, 52.433642630313408 ], [ 17.015637837937813, 52.433642637181663 ], [ 17.015637847316306, 52.433642643533823 ], [ 17.015637857640236, 52.43364264931234 ], [ 17.015637868816103, 52.433642654464848 ], [ 17.015637880742691, 52.433642658944756 ], [ 17.015637893312, 52.433642662711421 ], [ 17.015637906410191, 52.433642665730801 ], [ 17.01563791991865, 52.433642667975512 ], [ 17.015637933715045, 52.433642669425197 ], [ 17.015637947674428, 52.433642670066796 ], [ 17.019882738478618, 52.433713845835662 ], [ 17.019882741880846, 52.433713845991896 ], [ 17.019882743646104, 52.433713847776431 ], [ 17.021904504952722, 52.4359962386295 ], [ 17.021904512196318, 52.435996245951308 ], [ 17.021904520545878, 52.435996252819123 ], [ 17.021904529925777, 52.435996259170807 ], [ 17.021904540251082, 52.435996264948777 ], [ 17.021904551428282, 52.435996270100702 ], [ 17.021904563356156, 52.435996274579985 ], [ 17.021904575926676, 52.435996278346003 ], [ 17.021904589026011, 52.435996281364694 ], [ 17.021904602535525, 52.435996283608695 ], [ 17.021904616332876, 52.435996285057684 ], [ 17.021904630293111, 52.435996285698543 ], [ 17.02614966329384, 52.436067238749196 ], [ 17.026149666696281, 52.43606723890526 ], [ 17.026149668461883, 52.436067240689702 ], [ 17.028171899854701, 52.438349571526011 ], [ 17.02817190133494, 52.438349573404921 ], [ 17.028171899689223, 52.438349575231683 ], [ 17.025948817138492, 52.440561016774673 ], [ 17.025948810385351, 52.440561024269769 ], [ 17.025948804828623, 52.440561032123227 ], [ 17.025948800518634, 52.44056104026393 ], [ 17.025948797494415, 52.440561048618122 ], [ 17.02594879578335, 52.440561057110138 ], [ 17.025948795400947, 52.44056106566314 ], [ 17.025948796350654, 52.440561074199607 ], [ 17.02594879862388, 52.440561082642247 ], [ 17.02594880220003, 52.440561090914628 ], [ 17.025948807046735, 52.440561098941785 ], [ 17.025948813120081, 52.44056110665106 ], [ 17.027971194952524, 52.442843397447312 ], [ 17.027971196432901, 52.442843399326208 ], [ 17.027971194787, 52.442843401152977 ], [ 17.025747870021092, 52.445054834993506 ], [ 17.025747863267206, 52.445054842488588 ], [ 17.02574785770986, 52.445054850342025 ], [ 17.025747853399366, 52.445054858482706 ], [ 17.025747850374781, 52.445054866836877 ], [ 17.025747848663485, 52.445054875328893 ], [ 17.025747848280975, 52.445054883881888 ], [ 17.025747849230722, 52.445054892418355 ], [ 17.025747851504114, 52.445054900860981 ], [ 17.025747855080578, 52.445054909133347 ], [ 17.025747859927709, 52.445054917160547 ], [ 17.025747866001623, 52.445054924869829 ], [ 17.027770437096347, 52.447337219392097 ], [ 17.027770438576852, 52.447337221271013 ], [ 17.027770436930776, 52.447337223097747 ], [ 17.025546827242749, 52.449548691640061 ], [ 17.025546825319754, 52.449548693362892 ], [ 17.025546821907405, 52.449548693405177 ], [ 17.021300494474275, 52.449477706013845 ], [ 17.021300480473304, 52.449477706186805 ], [ 17.021300466562636, 52.449477707172122 ], [ 17.02130045286825, 52.449477708960906 ], [ 17.021300439514167, 52.449477711536915 ], [ 17.02130042662132, 52.449477714876814 ], [ 17.021300414306477, 52.449477718950398 ], [ 17.021300402681153, 52.449477723720776 ], [ 17.021300391850634, 52.449477729144711 ], [ 17.021300381912997, 52.449477735173126 ], [ 17.021300372958251, 52.449477741751359 ], [ 17.021300365067479, 52.449477748819902 ], [ 17.019076366368044, 52.451689048225838 ], [ 17.019076364444697, 52.451689049948556 ], [ 17.01907636103218, 52.451689049990648 ], [ 17.014829762925295, 52.451617826919808 ], [ 17.014829759521703, 52.451617826763396 ], [ 17.014829757755955, 52.451617824978804 ], [ 17.012807671451164, 52.449335315355796 ], [ 17.012807664206967, 52.449335308033447 ], [ 17.012807655856378, 52.449335301164979 ], [ 17.012807646475018, 52.449335294812585 ], [ 17.012807636147851, 52.449335289033812 ], [ 17.012807624968399, 52.449335283880991 ], [ 17.012807613037911, 52.449335279400785 ], [ 17.01280760046442, 52.449335275633779 ], [ 17.012807587361799, 52.449335272614064 ], [ 17.012807573848711, 52.449335270368998 ], [ 17.012807560047531, 52.449335268918915 ], [ 17.012807546083241, 52.449335268276926 ], [ 17.008561271915465, 52.449263823749121 ], [ 17.008561268512086, 52.449263823592517 ], [ 17.008561266746685, 52.44926382180784 ], [ 17.006539612071098, 52.446981208430628 ], [ 17.006539604828323, 52.446981201107903 ], [ 17.006539596479158, 52.446981194239001 ], [ 17.006539587099205, 52.446981187886124 ], [ 17.006539576773417, 52.446981182106803 ], [ 17.0065395655953, 52.446981176953408 ], [ 17.006539553666091, 52.44698117247259 ], [ 17.006539541093819, 52.446981168704916 ], [ 17.006539527992341, 52.44698116568452 ], [ 17.006539514480306, 52.446981163438736 ], [ 17.006539500680088, 52.446981161987928 ], [ 17.006539486716651, 52.446981161345214 ], [ 17.002293455104954, 52.446909494035673 ], [ 17.002293451701778, 52.446909493878906 ], [ 17.00229344993673, 52.44690949209415 ], [ 17.000272188067541, 52.444626731235132 ], [ 17.000272186588301, 52.444626729355889 ], [ 17.0002721882354, 52.444626727529538 ], [ 17.002496754154237, 52.442415785236122 ], [ 17.002496760911615, 52.44241577774239 ], [ 17.002496766472728, 52.442415769890083 ], [ 17.002496770787207, 52.442415761750304 ], [ 17.002496773815988, 52.442415753396752 ], [ 17.002496775531629, 52.442415744905105 ], [ 17.002496775918601, 52.442415736352245 ], [ 17.002496774973409, 52.442415727815636 ], [ 17.002496772704593, 52.442415719372583 ], [ 17.002496769132705, 52.442415711099557 ], [ 17.002496764290107, 52.442415703071475 ], [ 17.002496758220637, 52.442415695361028 ], [ 17.000475762767604, 52.440133025840375 ], [ 17.000475755526939, 52.440133018517294 ], [ 17.000475747179994, 52.440133011647973 ], [ 17.000475737802358, 52.440133005294634 ], [ 17.000475727478953, 52.440132999514816 ], [ 17.000475716303274, 52.440132994360866 ], [ 17.00047570437653, 52.440132989879444 ], [ 17.000475691806727, 52.440132986111152 ], [ 17.000475678707701, 52.440132983090095 ], [ 17.000475665198081, 52.440132980843636 ], [ 17.000475651400212, 52.440132979392153 ], [ 17.000475637439045, 52.440132978748728 ], [ 16.996230361278663, 52.440061101670878 ], [ 16.996230347280655, 52.440061101840904 ], [ 16.99623033337248, 52.440061102823286 ], [ 16.996230319680084, 52.440061104609178 ], [ 16.996230306327483, 52.440061107182373 ], [ 16.996230293435584, 52.440061110519572 ], [ 16.996230281121143, 52.440061114590549 ], [ 16.996230269495687, 52.440061119358461 ], [ 16.996230258664493, 52.440061124780101 ], [ 16.996230248725649, 52.440061130806377 ], [ 16.996230239769162, 52.44006113738272 ], [ 16.996230231876147, 52.440061144449572 ], [ 16.99400547711144, 52.44227196769328 ], [ 16.994005475187549, 52.4422719694156 ], [ 16.994005471775754, 52.442271969456961 ], [ 16.989759925418031, 52.442199856705422 ], [ 16.989759911419345, 52.442199856874687 ], [ 16.989759897510375, 52.442199857856316 ], [ 16.989759883817072, 52.442199859641455 ], [ 16.989759870463462, 52.44219986221389 ], [ 16.989759857570462, 52.442199865550364 ], [ 16.989759845254842, 52.442199869620673 ], [ 16.989759833628135, 52.442199874387931 ], [ 16.989759822795627, 52.442199879808967 ], [ 16.989759812855425, 52.442199885834697 ], [ 16.989759803897542, 52.442199892410535 ], [ 16.989759796003113, 52.442199899476925 ], [ 16.987534609807948, 52.444410595841489 ], [ 16.987534607883713, 52.444410597563682 ], [ 16.987534604471755, 52.444410597604872 ], [ 16.983288869391224, 52.444338250522513 ], [ 16.983288855391855, 52.444338250690997 ], [ 16.983288841482082, 52.444338251671844 ], [ 16.983288827787877, 52.444338253456202 ], [ 16.983288814433251, 52.444338256027919 ], [ 16.98328880153916, 52.444338259363683 ], [ 16.98328878922236, 52.444338263433288 ], [ 16.983288777594399, 52.444338268199893 ], [ 16.983288766760584, 52.444338273620318 ], [ 16.983288756819022, 52.444338279645486 ], [ 16.983288747859746, 52.444338286220827 ], [ 16.983288739963903, 52.444338293286762 ], [ 16.981063122290969, 52.446548862725763 ], [ 16.98106312036639, 52.44654886444787 ], [ 16.981063116954257, 52.446548864488854 ], [ 16.976817193217236, 52.446476283041605 ], [ 16.976817179217182, 52.446476283209286 ], [ 16.976817165306613, 52.446476284189394 ], [ 16.976817151611503, 52.446476285972999 ], [ 16.976817138255871, 52.44647628854397 ], [ 16.976817125360679, 52.446476291879009 ], [ 16.976817113042699, 52.446476295947939 ], [ 16.976817101413488, 52.44647630071389 ], [ 16.976817090578358, 52.446476306133704 ], [ 16.976817080635438, 52.446476312158325 ], [ 16.976817071674777, 52.44647631873314 ], [ 16.976817063777514, 52.446476325798635 ], [ 16.974591057267929, 52.448686725879135 ], [ 16.974591050504863, 52.448686733371197 ], [ 16.974591044938002, 52.448686741222147 ], [ 16.974591040617753, 52.448686749360824 ], [ 16.974591037583256, 52.448686757713617 ], [ 16.974591035861977, 52.44868676620478 ], [ 16.974591035469508, 52.448686774757483 ], [ 16.974591036409404, 52.448686783294271 ], [ 16.974591038673157, 52.448686791737792 ], [ 16.974591042240263, 52.448686800011586 ], [ 16.974591047078416, 52.448686808040776 ], [ 16.974591053143804, 52.448686815752609 ], [ 16.976611116295885, 52.450969958794111 ], [ 16.976611117774311, 52.450969960673639 ], [ 16.976611116125998, 52.450969962499663 ], [ 16.974384823940586, 52.453180397101427 ], [ 16.974384817176773, 52.453180404593454 ], [ 16.974384811609287, 52.453180412444368 ], [ 16.974384807288544, 52.453180420583074 ], [ 16.97438480425367, 52.453180428935809 ], [ 16.974384802532157, 52.45318043742698 ], [ 16.974384802139586, 52.453180445979676 ], [ 16.974384803079513, 52.453180454516449 ], [ 16.974384805343437, 52.453180462959963 ], [ 16.974384808910841, 52.453180471233793 ], [ 16.974384813749428, 52.45318047926299 ], [ 16.974384819815374, 52.453180486974802 ], [ 16.976405032862967, 52.455463590096983 ], [ 16.976405040102041, 52.455463597421513 ], [ 16.976405048448033, 52.45546360429249 ], [ 16.976405057825346, 52.455463610647712 ], [ 16.976405068149077, 52.455463616429647 ], [ 16.976405079325716, 52.455463621585878 ], [ 16.976405091254048, 52.455463626069729 ], [ 16.976405103826057, 52.455463629840573 ], [ 16.976405116927882, 52.455463632864337 ], [ 16.976405130440877, 52.455463635113574 ], [ 16.976405144242666, 52.455463636567906 ], [ 16.976405158208241, 52.455463637214194 ], [ 16.980651945222679, 52.455536242079909 ], [ 16.980651948626424, 52.455536242237294 ], [ 16.980651950390925, 52.45553624402239 ], [ 16.98267267267903, 52.4578193311145 ], [ 16.982672674157943, 52.457819332993957 ], [ 16.982672672509612, 52.457819334820037 ], [ 16.980446326007637, 52.460029880720207 ], [ 16.980446319243764, 52.460029888212595 ], [ 16.980446313676453, 52.46002989606378 ], [ 16.980446309356118, 52.460029904202685 ], [ 16.980446306321877, 52.460029912555576 ], [ 16.980446304601227, 52.460029921046853 ], [ 16.980446304209732, 52.460029929599557 ], [ 16.980446305150949, 52.460029938136287 ], [ 16.980446307416344, 52.460029946579695 ], [ 16.98044631098541, 52.460029954853354 ], [ 16.980446315825819, 52.460029962882288 ], [ 16.980446321893751, 52.46002997059383 ], [ 16.982467194234061, 52.462313017753061 ], [ 16.982467195713113, 52.462313019632504 ], [ 16.982467194064601, 52.462313021458598 ], [ 16.980240604485402, 52.464523559509757 ], [ 16.98024059772079, 52.464523567002111 ], [ 16.98024059215285, 52.464523574853274 ], [ 16.980240587832014, 52.464523582992157 ], [ 16.980240584797407, 52.464523591345049 ], [ 16.980240583076512, 52.464523599836291 ], [ 16.980240582684917, 52.464523608389008 ], [ 16.980240583626166, 52.464523616925717 ], [ 16.980240585891732, 52.464523625369139 ], [ 16.980240589461104, 52.464523633642798 ], [ 16.980240594301947, 52.46452364167174 ], [ 16.980240600370433, 52.464523649383288 ], [ 16.98226166155651, 52.466806700390265 ], [ 16.9822616630357, 52.466806702269693 ], [ 16.98226166138701, 52.466806704095802 ], [ 16.980034828664159, 52.469017234296743 ], [ 16.980034821898798, 52.469017241789068 ], [ 16.980034816330239, 52.469017249640217 ], [ 16.980034812008899, 52.469017257779079 ], [ 16.980034808973926, 52.469017266131942 ], [ 16.980034807252792, 52.469017274623191 ], [ 16.980034806861092, 52.469017283175887 ], [ 16.980034807802372, 52.469017291712596 ], [ 16.980034810068105, 52.469017300156011 ], [ 16.980034813637776, 52.46901730842967 ], [ 16.980034818479059, 52.46901731645864 ], [ 16.980034824548103, 52.469017324170188 ], [ 16.982056074627309, 52.47130037902604 ], [ 16.982056076106634, 52.471300380905504 ], [ 16.982056074457763, 52.471300382731584 ], [ 16.979828955816714, 52.473510947469158 ], [ 16.97982895389088, 52.473510949191223 ], [ 16.979828950476666, 52.473510949232171 ], [ 16.975580435542625, 52.473438297501048 ], [ 16.975580421534016, 52.473438297668523 ], [ 16.975580407614903, 52.473438298648375 ], [ 16.97558039391134, 52.473438300431738 ], [ 16.975580380547434, 52.473438303002482 ], [ 16.975580367644216, 52.473438306337286 ], [ 16.975580355318527, 52.473438310405989 ], [ 16.975580343681997, 52.47343831517172 ], [ 16.975580332840007, 52.473438320591328 ], [ 16.975580322890742, 52.473438326615749 ], [ 16.975580313924308, 52.473438333190401 ], [ 16.975580306021907, 52.473438340255733 ], [ 16.97335284059351, 52.475648693121975 ], [ 16.973352833825967, 52.475648700613881 ], [ 16.973352828255361, 52.475648708464682 ], [ 16.97335282393211, 52.475648716603281 ], [ 16.973352820895382, 52.475648724955967 ], [ 16.973352819172668, 52.475648733447066 ], [ 16.973352818779578, 52.475648741999727 ], [ 16.973352819719675, 52.475648750536479 ], [ 16.973352821984431, 52.475648758979986 ], [ 16.973352825553345, 52.475648767253844 ], [ 16.973352830394099, 52.475648775283062 ], [ 16.973352836462844, 52.475648782994952 ], [ 16.975374032149034, 52.477931949222679 ], [ 16.975374033628285, 52.477931951102228 ], [ 16.975374031978877, 52.477931952928202 ], [ 16.973146280447949, 52.480142340307474 ], [ 16.973146273679671, 52.480142347799372 ], [ 16.973146268108426, 52.480142355650138 ], [ 16.973146263784681, 52.480142363788723 ], [ 16.97314626074758, 52.48014237214138 ], [ 16.973146259024627, 52.480142380632479 ], [ 16.973146258631434, 52.480142389185112 ], [ 16.973146259571561, 52.480142397721885 ], [ 16.973146261836483, 52.480142406165392 ], [ 16.973146265405703, 52.480142414439257 ], [ 16.97314627024689, 52.480142422468468 ], [ 16.973146276316196, 52.480142430180372 ], [ 16.975167660923741, 52.482425600276542 ], [ 16.975167662403138, 52.482425602156063 ], [ 16.975167660753549, 52.48242560398203 ], [ 16.972939665765612, 52.484635983486619 ], [ 16.97293965899658, 52.484635990978511 ], [ 16.972939653424721, 52.484635998829262 ], [ 16.972939649100471, 52.484636006967825 ], [ 16.972939646063001, 52.484636015320447 ], [ 16.972939644339807, 52.484636023811561 ], [ 16.972939643946514, 52.484636032364193 ], [ 16.972939644886669, 52.484636040900945 ], [ 16.972939647151765, 52.484636049344473 ], [ 16.97293965072128, 52.48463605761831 ], [ 16.9729396555629, 52.484636065647564 ], [ 16.972939661632768, 52.484636073359461 ], [ 16.974961196441811, 52.48691920354387 ], [ 16.974961203685663, 52.486919210868493 ], [ 16.974961212037247, 52.486919217739612 ], [ 16.974961221420916, 52.486919224094997 ], [ 16.974961231751706, 52.486919229877067 ], [ 16.974961242936047, 52.486919235033483 ], [ 16.97496125487266, 52.486919239517562 ], [ 16.974961267453438, 52.486919243288625 ], [ 16.97496128056445, 52.486919246312638 ], [ 16.974961294086963, 52.48691924856211 ], [ 16.974961307898507, 52.486919250016712 ], [ 16.974961321874019, 52.486919250663256 ], [ 16.979211133943181, 52.486991937568384 ], [ 16.979211137349342, 52.486991937725868 ], [ 16.979211139115012, 52.486991939510965 ], [ 16.981233184012169, 52.489275053553932 ], [ 16.981233185492037, 52.489275055433417 ], [ 16.981233183842434, 52.489275057259462 ], [ 16.979005134404055, 52.4914855481911 ], [ 16.97900512763497, 52.491485555683305 ], [ 16.979005122063278, 52.491485563534326 ], [ 16.979005117739433, 52.491485571673103 ], [ 16.979005114702602, 52.491485580025902 ], [ 16.979005112980278, 52.491485588517087 ], [ 16.979005112588062, 52.49148559706974 ], [ 16.979005113529507, 52.491485605606435 ], [ 16.979005115796078, 52.49148561404985 ], [ 16.979005119367258, 52.491485622323538 ], [ 16.979005124210708, 52.491485630352535 ], [ 16.979005130282555, 52.491485638064127 ], [ 16.981027325538275, 52.493768712181804 ], [ 16.981027327018278, 52.493768714061289 ], [ 16.981027325368498, 52.493768715887327 ], [ 16.978799032387379, 52.495979198961422 ], [ 16.978799025617551, 52.495979206453597 ], [ 16.978799020045233, 52.495979214304626 ], [ 16.978799015720888, 52.495979222443374 ], [ 16.978799012683684, 52.495979230796166 ], [ 16.978799010961119, 52.495979239287344 ], [ 16.9787990105688, 52.495979247839983 ], [ 16.978799011510276, 52.495979256376664 ], [ 16.978799013777017, 52.495979264820086 ], [ 16.978799017348503, 52.495979273093774 ], [ 16.978799022192383, 52.495979281122757 ], [ 16.978799028264795, 52.495979288834384 ], [ 16.980821412698099, 52.498262366807893 ], [ 16.980821414178237, 52.498262368687385 ], [ 16.980821412528275, 52.49826237051343 ], [ 16.97859283320172, 52.500472888115958 ], [ 16.978592831274625, 52.500472889837965 ], [ 16.978592827858325, 52.500472889878836 ], [ 16.974341717628192, 52.50040016777826 ], [ 16.974341703611003, 52.5004001679455 ], [ 16.974341689683332, 52.500400168925133 ], [ 16.974341675971303, 52.500400170708254 ], [ 16.974341662599112, 52.50040017327877 ], [ 16.974341649687851, 52.500400176613333 ], [ 16.974341637354438, 52.500400180681815 ], [ 16.974341625710583, 52.50040018544734 ], [ 16.974341614861718, 52.500400190866742 ], [ 16.974341604906098, 52.500400196890958 ], [ 16.974341595933886, 52.500400203465425 ], [ 16.974341588026334, 52.500400210530614 ], [ 16.972112661284552, 52.502610516138624 ], [ 16.972112654512543, 52.502610523630395 ], [ 16.972112648938172, 52.502610531481061 ], [ 16.972112644611911, 52.502610539619553 ], [ 16.972112641572952, 52.502610547972139 ], [ 16.972112639848813, 52.502610556463189 ], [ 16.972112639455098, 52.502610565015793 ], [ 16.97211264039538, 52.502610573552523 ], [ 16.972112642661148, 52.502610581996038 ], [ 16.972112646231878, 52.50261059026991 ], [ 16.972112651075228, 52.502610598299164 ], [ 16.972112657147346, 52.502610606011132 ], [ 16.974134987072677, 52.504893795466849 ], [ 16.974134988552748, 52.504893797346398 ], [ 16.974134986902254, 52.504893799172336 ], [ 16.971905730881211, 52.507104181669732 ], [ 16.971905728953573, 52.507104183391625 ], [ 16.97190572553675, 52.507104183432318 ], [ 16.967653993152279, 52.507031214701655 ], [ 16.967653979132976, 52.507031214868078 ], [ 16.967653965203073, 52.507031215846865 ], [ 16.967653951488732, 52.507031217629226 ], [ 16.967653938114147, 52.50703122019894 ], [ 16.967653925200437, 52.507031223532771 ], [ 16.967653912864559, 52.507031227600514 ], [ 16.96765390121822, 52.507031232365335 ], [ 16.967653890366893, 52.507031237784105 ], [ 16.967653880408854, 52.507031243807731 ], [ 16.967653871434276, 52.507031250381658 ], [ 16.967653863524447, 52.507031257446357 ], [ 16.96542421719516, 52.50924147026916 ], [ 16.96542421526717, 52.509241471990954 ], [ 16.965424211850188, 52.509241472031455 ], [ 16.961172208792792, 52.509168266967954 ], [ 16.961172205384997, 52.509168266809958 ], [ 16.961172203619199, 52.509168265024584 ], [ 16.959150361502317, 52.506884860355648 ], [ 16.959150354257925, 52.506884853030066 ], [ 16.959150345905137, 52.506884846157867 ], [ 16.959150336519606, 52.506884839801216 ], [ 16.959150326186318, 52.506884834017747 ], [ 16.959150314998862, 52.506884828859818 ], [ 16.959150303058546, 52.506884824374133 ], [ 16.959150290473513, 52.506884820601336 ], [ 16.959150277357733, 52.50688481757556 ], [ 16.959150263829972, 52.506884815324227 ], [ 16.959150250012755, 52.506884813867721 ], [ 16.959150236031199, 52.506884813219244 ], [ 16.954898640055415, 52.506811387856608 ], [ 16.954898626036172, 52.506811388021525 ], [ 16.954898612106099, 52.506811388998827 ], [ 16.954898598391349, 52.506811390779696 ], [ 16.954898585016124, 52.506811393347959 ], [ 16.954898572101552, 52.506811396680362 ], [ 16.954898559764594, 52.506811400746784 ], [ 16.954898548116969, 52.506811405510334 ], [ 16.95489853726416, 52.506811410927916 ], [ 16.954898527304454, 52.506811416950463 ], [ 16.954898518328047, 52.506811423523388 ], [ 16.954898510416236, 52.506811430587213 ], [ 16.9526682419712, 52.509021396635525 ], [ 16.952668240042723, 52.509021398357078 ], [ 16.952668236625762, 52.509021398397209 ], [ 16.948416288629563, 52.508947735256285 ], [ 16.948416285221843, 52.508947735097934 ], [ 16.94841628345657, 52.508947733312361 ], [ 16.946395118496213, 52.506664117423085 ], [ 16.946395111253992, 52.506664110096764 ], [ 16.946395102903264, 52.50666410322367 ], [ 16.946395093519644, 52.506664096866032 ], [ 16.946395083188115, 52.506664091081454 ], [ 16.946395072002247, 52.506664085922338 ], [ 16.946395060063324, 52.506664081435389 ], [ 16.946395047479481, 52.506664077661235 ], [ 16.946395034364681, 52.506664074634067 ], [ 16.946395020837681, 52.50666407238127 ], [ 16.946395007020996, 52.506664070923293 ], [ 16.946394993039743, 52.506664070273303 ], [ 16.942143370756533, 52.506590185476256 ], [ 16.942143367349018, 52.506590185317705 ], [ 16.942143365584101, 52.50659018353204 ], [ 16.940122633637987, 52.504306464056143 ], [ 16.940122626397194, 52.504306456729438 ], [ 16.940122618047898, 52.504306449855889 ], [ 16.940122608665689, 52.504306443497768 ], [ 16.940122598335545, 52.504306437712685 ], [ 16.940122587151009, 52.50430643255298 ], [ 16.940122575213383, 52.504306428065405 ], [ 16.940122562630766, 52.504306424290604 ], [ 16.94012254951711, 52.504306421262733 ], [ 16.940122535991172, 52.504306419009232 ], [ 16.94012252217545, 52.504306417550531 ], [ 16.94012250819506, 52.504306416899816 ], [ 16.93587113013907, 52.504232309075263 ], [ 16.935871126731769, 52.504232308916528 ], [ 16.9358711249672, 52.504232307130799 ], [ 16.933850825968499, 52.501948484113967 ], [ 16.933850818729148, 52.501948476786879 ], [ 16.933850810381273, 52.501948469912918 ], [ 16.933850801000478, 52.501948463554321 ], [ 16.933850790671716, 52.50194845776867 ], [ 16.933850779488523, 52.501948452608396 ], [ 16.933850767552187, 52.501948448120189 ], [ 16.933850754970795, 52.50194844434472 ], [ 16.933850741858279, 52.501948441316195 ], [ 16.933850728333411, 52.501948439061984 ], [ 16.933850714518655, 52.501948437602557 ], [ 16.933850700539121, 52.501948436951096 ], [ 16.929599648276309, 52.501874107565577 ], [ 16.929599634258622, 52.50187410772751 ], [ 16.929599620329643, 52.501874108701855 ], [ 16.92959960661549, 52.501874110479768 ], [ 16.929599593240383, 52.501874113045183 ], [ 16.92959958032543, 52.501874116374843 ], [ 16.929599567987609, 52.501874120438593 ], [ 16.92959955633863, 52.501874125199656 ], [ 16.929599545484006, 52.501874130614908 ], [ 16.929599535522037, 52.501874136635273 ], [ 16.929599526542937, 52.501874143206265 ], [ 16.929599518628024, 52.501874150268392 ], [ 16.927368250941324, 52.504083630479187 ], [ 16.927368249012098, 52.504083632200356 ], [ 16.92736824559551, 52.504083632239762 ], [ 16.923116841742367, 52.504009065019247 ], [ 16.923116838335133, 52.504009064860149 ], [ 16.923116836571094, 52.504009063074221 ], [ 16.92109717610591, 52.5017249853069 ], [ 16.921097174628219, 52.501724983426705 ], [ 16.921097176280774, 52.501724981601512 ], [ 16.923328632459437, 52.49951562087923 ], [ 16.923328639239177, 52.499515613390336 ], [ 16.923328644821769, 52.499515605542051 ], [ 16.923328649156669, 52.499515597405427 ], [ 16.923328652204614, 52.499515589054177 ], [ 16.923328653938004, 52.499515580563944 ], [ 16.923328654341137, 52.499515572011582 ], [ 16.923328653410366, 52.499515563474581 ], [ 16.923328651154122, 52.499515555030214 ], [ 16.923328647592832, 52.499515546754964 ], [ 16.923328642758751, 52.499515538723799 ], [ 16.923328636695658, 52.499515531009436 ], [ 16.921309242117466, 52.497231544845604 ], [ 16.921309234880972, 52.497231537517777 ], [ 16.92130922653595, 52.497231530642949 ], [ 16.92130921715798, 52.497231524283372 ], [ 16.921309206831982, 52.49723151849669 ], [ 16.921309195651475, 52.497231513335223 ], [ 16.921309183717714, 52.497231508845779 ], [ 16.92130917113877, 52.497231505069017 ], [ 16.921309158028553, 52.497231502039106 ], [ 16.921309144505798, 52.497231499783489 ], [ 16.921309130692979, 52.49723149832262 ], [ 16.921309116715168, 52.497231497669681 ], [ 16.917058553133675, 52.497156722436301 ], [ 16.917058539117487, 52.497156722596756 ], [ 16.917058525189759, 52.49715672356961 ], [ 16.917058511476618, 52.497156725346095 ], [ 16.917058498102254, 52.497156727910102 ], [ 16.917058485187784, 52.497156731238384 ], [ 16.917058472850176, 52.497156735300848 ], [ 16.91705846120114, 52.497156740060689 ], [ 16.91705845034619, 52.497156745474783 ], [ 16.917058440383617, 52.497156751494089 ], [ 16.917058431403657, 52.497156758064136 ], [ 16.917058423487624, 52.497156765125389 ], [ 16.914826778931062, 52.499366006353199 ], [ 16.914826777001558, 52.499366008074148 ], [ 16.914826773585332, 52.499366008113178 ], [ 16.91057594017331, 52.499290996475693 ], [ 16.910575926156444, 52.499290996635359 ], [ 16.91057591222792, 52.499290997607481 ], [ 16.910575898513873, 52.499290999383192 ], [ 16.910575885138499, 52.499291001946446 ], [ 16.910575872222932, 52.499291005274017 ], [ 16.910575859884133, 52.499291009335792 ], [ 16.910575848233851, 52.499291014094958 ], [ 16.910575837377589, 52.499291019508441 ], [ 16.910575827413656, 52.499291025527199 ], [ 16.910575818432292, 52.49929103209675 ], [ 16.910575810514839, 52.499291039157548 ], [ 16.908343733164287, 52.501500152802713 ], [ 16.908343731234439, 52.501500154523548 ], [ 16.908343727818046, 52.501500154562393 ], [ 16.90409262463556, 52.501424906474845 ], [ 16.90409262122861, 52.501424906315222 ], [ 16.904092619465462, 52.501424904529003 ], [ 16.902074107968183, 52.499140556381235 ], [ 16.90207410073462, 52.499140549052257 ], [ 16.902074092392287, 52.4991405421761 ], [ 16.902074083016736, 52.499140535815023 ], [ 16.902074072692873, 52.499140530026672 ], [ 16.902074061514192, 52.499140524863428 ], [ 16.90207404958193, 52.499140520372052 ], [ 16.902074037004155, 52.499140516593258 ], [ 16.902074023894759, 52.499140513561208 ], [ 16.902074010372473, 52.499140511303402 ], [ 16.902073996559754, 52.499140509840267 ], [ 16.90207398258169, 52.499140509185096 ], [ 16.897823287072097, 52.499065041127167 ], [ 16.897823273055302, 52.499065041285306 ], [ 16.897823259126614, 52.499065042255921 ], [ 16.897823245412159, 52.499065044030161 ], [ 16.897823232036156, 52.499065046591966 ], [ 16.897823219119729, 52.49906504991813 ], [ 16.897823206779858, 52.499065053978562 ], [ 16.897823195128293, 52.499065058736456 ], [ 16.897823184270546, 52.499065064148759 ], [ 16.897823174304957, 52.499065070166431 ], [ 16.897823165321768, 52.499065076734972 ], [ 16.897823157402339, 52.499065083794925 ], [ 16.895590459080722, 52.501273950259225 ], [ 16.895590457150394, 52.501273951979861 ], [ 16.895590453734016, 52.501273952018344 ], [ 16.89133940712389, 52.501198246025936 ], [ 16.891339403717019, 52.501198245865943 ], [ 16.891339401954397, 52.501198244079539 ], [ 16.88932156797955, 52.498913685290276 ], [ 16.889321560748161, 52.498913677960545 ], [ 16.889321552407882, 52.4989136710835 ], [ 16.889321543034253, 52.498913664721449 ], [ 16.889321532712152, 52.498913658931997 ], [ 16.889321521535052, 52.498913653767566 ], [ 16.889321509604191, 52.498913649274932 ], [ 16.889321497027609, 52.498913645494788 ], [ 16.889321483919201, 52.498913642461325 ], [ 16.889321470397679, 52.498913640202076 ], [ 16.889321456585492, 52.498913638737463 ], [ 16.889321442607734, 52.498913638080765 ], [ 16.885070722318702, 52.498837710721986 ], [ 16.88507071891204, 52.498837710561801 ], [ 16.885070717149762, 52.498837708775312 ], [ 16.883053277245821, 52.496553002952169 ], [ 16.883053275769942, 52.496553001071518 ], [ 16.883053277423855, 52.496552999246873 ], [ 16.885286351663229, 52.494344371903686 ], [ 16.885286358448553, 52.494344364417032 ], [ 16.885286364037189, 52.494344356570593 ], [ 16.885286368378541, 52.494344348435433 ], [ 16.885286371433281, 52.494344340085256 ], [ 16.885286373173749, 52.494344331595627 ], [ 16.885286373584194, 52.494344323043478 ], [ 16.885286372660882, 52.494344314506229 ], [ 16.885286370412182, 52.494344306061215 ], [ 16.885286366858466, 52.494344297784899 ], [ 16.885286362031902, 52.494344289752249 ], [ 16.885286355976213, 52.494344282035996 ], [ 16.883269142604373, 52.492059624128331 ], [ 16.883269141128633, 52.492059622247687 ], [ 16.883269142782357, 52.492059620423042 ], [ 16.885501972236447, 52.489850984917801 ], [ 16.885501979021015, 52.489850977431097 ], [ 16.885501984609022, 52.489850969584651 ], [ 16.885501988949869, 52.48985096144947 ], [ 16.885501992004233, 52.489850953099271 ], [ 16.885501993744459, 52.489850944609636 ], [ 16.885501994154794, 52.489850936057465 ], [ 16.885501993231511, 52.489850927520223 ], [ 16.885501990982977, 52.489850919075216 ], [ 16.885501987429553, 52.489850910798893 ], [ 16.885501982603426, 52.489850902766243 ], [ 16.885501976548287, 52.489850895050026 ], [ 16.883484950974339, 52.487566241246789 ], [ 16.883484949498726, 52.487566239366132 ], [ 16.883484951152273, 52.487566237541486 ], [ 16.885717535888077, 52.485357593875449 ], [ 16.885717542671898, 52.485357586388737 ], [ 16.885717548259276, 52.485357578542263 ], [ 16.885717552599612, 52.485357570407039 ], [ 16.885717555653603, 52.485357562056819 ], [ 16.88571755739359, 52.485357553567191 ], [ 16.885717557803815, 52.48535754501502 ], [ 16.885717556880557, 52.485357536477757 ], [ 16.885717554632187, 52.48535752803275 ], [ 16.885717551079061, 52.485357519756441 ], [ 16.88571754625336, 52.485357511723826 ], [ 16.885717540198787, 52.485357504007588 ], [ 16.883700702375762, 52.483072854307558 ], [ 16.883700700900292, 52.483072852426908 ], [ 16.88370070255365, 52.483072850602255 ], [ 16.885933042638154, 52.480864198776722 ], [ 16.885933049421219, 52.480864191289974 ], [ 16.885933055007964, 52.480864183443487 ], [ 16.885933059347799, 52.480864175308263 ], [ 16.885933062401417, 52.480864166958021 ], [ 16.885933064141156, 52.480864158468371 ], [ 16.885933064551271, 52.480864149916194 ], [ 16.885933063628045, 52.480864141378945 ], [ 16.885933061379834, 52.480864132933895 ], [ 16.885933057827014, 52.4808641246576 ], [ 16.885933053001736, 52.480864116624986 ], [ 16.885933046947716, 52.480864108908769 ], [ 16.883916396828688, 52.478579463310766 ], [ 16.883916395353353, 52.478579461430115 ], [ 16.883916397006534, 52.478579459605449 ], [ 16.886148535306699, 52.476370757268469 ], [ 16.886148537236281, 52.476370755547975 ], [ 16.886148540650726, 52.476370755509741 ], [ 16.890397098593496, 52.476446621640811 ], [ 16.890397112603104, 52.476446621483454 ], [ 16.890397126524768, 52.476446620513663 ], [ 16.890397140232434, 52.476446618740198 ], [ 16.890397153601945, 52.47644661617916 ], [ 16.890397166512233, 52.476446612853728 ], [ 16.890397178846371, 52.476446608793999 ], [ 16.890397190492678, 52.476446604036774 ], [ 16.89039720134566, 52.476446598625074 ], [ 16.890397211307047, 52.47644659260795 ], [ 16.890397220286619, 52.476446586039927 ], [ 16.890397228203067, 52.476446578980422 ], [ 16.892628848722648, 52.474237833729276 ], [ 16.892628855503538, 52.474237826242117 ], [ 16.892628861088234, 52.474237818395252 ], [ 16.89262886542615, 52.474237810259766 ], [ 16.89262886847801, 52.474237801909347 ], [ 16.892628870216164, 52.474237793419576 ], [ 16.892628870624883, 52.474237784867334 ], [ 16.892628869700459, 52.474237776330106 ], [ 16.892628867451272, 52.474237767885214 ], [ 16.892628863897677, 52.474237759609089 ], [ 16.89262885907187, 52.474237751576716 ], [ 16.892628853017545, 52.47423774386084 ], [ 16.890612146095076, 52.471953209590801 ], [ 16.890612144619659, 52.471953207710236 ], [ 16.890612146272307, 52.471953205885477 ], [ 16.892843565184354, 52.469744410143491 ], [ 16.892843571964498, 52.469744402656318 ], [ 16.892843577548561, 52.469744394809425 ], [ 16.89284358188597, 52.469744386673923 ], [ 16.892843584937452, 52.469744378323483 ], [ 16.892843586675369, 52.469744369833691 ], [ 16.892843587083981, 52.46974436128145 ], [ 16.892843586159586, 52.469744352744236 ], [ 16.892843583910558, 52.469744344299329 ], [ 16.892843580357262, 52.469744336023219 ], [ 16.892843575531884, 52.469744327990874 ], [ 16.892843569478117, 52.469744320274984 ], [ 16.890827088899055, 52.467459833895383 ], [ 16.890827081672427, 52.467459826565751 ], [ 16.890827073337721, 52.467459819688855 ], [ 16.890827063970431, 52.467459813326947 ], [ 16.890827053655364, 52.467459807537658 ], [ 16.890827042485959, 52.467459802373433 ], [ 16.890827030563365, 52.467459797880998 ], [ 16.890827017995544, 52.467459794101103 ], [ 16.890827004896313, 52.46745979106791 ], [ 16.890826991384309, 52.467459788808895 ], [ 16.890826977581892, 52.467459787344588 ], [ 16.890826963614064, 52.467459786688153 ], [ 16.886579351265357, 52.467383946486571 ], [ 16.886579337258627, 52.467383946643508 ], [ 16.886579323339749, 52.467383947612902 ], [ 16.886579309634776, 52.467383949385933 ], [ 16.886579296267815, 52.467383951946573 ], [ 16.886579283359929, 52.467383955271622 ], [ 16.886579271028005, 52.467383959330981 ], [ 16.886579259383723, 52.46738396408788 ], [ 16.886579248532541, 52.467383969499224 ], [ 16.886579238572722, 52.467383975516043 ], [ 16.886579229594471, 52.467383982083824 ], [ 16.886579221679096, 52.467383989143066 ], [ 16.884347615146904, 52.469592665439421 ], [ 16.88434761321756, 52.469592667159873 ], [ 16.884347609803644, 52.469592667198064 ], [ 16.880099646982309, 52.469516589284503 ], [ 16.880099643577932, 52.469516589124211 ], [ 16.88009964181699, 52.469516587337665 ], [ 16.878083798965022, 52.467231846858702 ], [ 16.878083791740568, 52.467231839528324 ], [ 16.878083783407924, 52.467231832650548 ], [ 16.87808377404254, 52.467231826287644 ], [ 16.87808376372924, 52.467231820497283 ], [ 16.878083752561416, 52.467231815331857 ], [ 16.878083740640214, 52.46723181083815 ], [ 16.878083728073587, 52.467231807056898 ], [ 16.878083714975343, 52.467231804022298 ], [ 16.878083701464099, 52.467231801761869 ], [ 16.878083687662215, 52.467231800296055 ], [ 16.878083673694693, 52.467231799638121 ], [ 16.873836118279026, 52.467155502122999 ], [ 16.873836104272375, 52.467155502278437 ], [ 16.873836090353329, 52.467155503246317 ], [ 16.873836076647958, 52.467155505017857 ], [ 16.873836063280368, 52.467155507577054 ], [ 16.873836050371626, 52.467155510900717 ], [ 16.873836038038625, 52.467155514958712 ], [ 16.873836026393072, 52.46715551971436 ], [ 16.873836015540412, 52.467155525124525 ], [ 16.873836005578941, 52.46715553114025 ], [ 16.873835996598867, 52.467155537707036 ], [ 16.87383598868152, 52.467155544765419 ], [ 16.871603762706066, 52.469363973957819 ], [ 16.871603760776239, 52.46936397567805 ], [ 16.871603757362337, 52.469363975715865 ], [ 16.8673558516569, 52.469287440441434 ], [ 16.867355848252597, 52.469287440280787 ], [ 16.867355846492195, 52.469287438494042 ], [ 16.865340680178203, 52.467002487840567 ], [ 16.865340672955924, 52.467002480509436 ], [ 16.865340664625332, 52.467002473630771 ], [ 16.865340655261868, 52.467002467266902 ], [ 16.865340644950322, 52.467002461475431 ], [ 16.865340633784086, 52.467002456308812 ], [ 16.865340621864281, 52.467002451813848 ], [ 16.865340609298844, 52.467002448031252 ], [ 16.865340596201587, 52.467002444995259 ], [ 16.865340582691108, 52.46700244273336 ], [ 16.865340568889771, 52.467002441266075 ], [ 16.865340554922547, 52.467002440606635 ], [ 16.861093056781161, 52.466925685792027 ], [ 16.861093042774577, 52.466925685945967 ], [ 16.861093028855375, 52.466925686912347 ], [ 16.861093015149603, 52.466925688682409 ], [ 16.861093001781388, 52.466925691240164 ], [ 16.861092988871793, 52.466925694562413 ], [ 16.861092976537723, 52.466925698619086 ], [ 16.861092964890886, 52.466925703373441 ], [ 16.86109295403676, 52.466925708782419 ], [ 16.861092944073636, 52.466925714797064 ], [ 16.86109293509174, 52.466925721362863 ], [ 16.861092927172415, 52.466925728420364 ], [ 16.858860124773233, 52.469133868062201 ], [ 16.858860117987476, 52.469133875547378 ], [ 16.858860112397487, 52.469133883392558 ], [ 16.858860108053911, 52.469133891526766 ], [ 16.858860104996062, 52.469133899876269 ], [ 16.858860103251651, 52.469133908365485 ], [ 16.858860102836463, 52.469133916917535 ], [ 16.858860103754257, 52.469133925454962 ], [ 16.858860105996733, 52.469133933900423 ], [ 16.858860109543571, 52.4691339421775 ], [ 16.85886011436266, 52.46913395021118 ], [ 16.858860120410352, 52.469133957928719 ], [ 16.860875042009496, 52.471419015707809 ], [ 16.860875043483617, 52.471419017588744 ], [ 16.860875041829765, 52.471419019413077 ], [ 16.85864195184444, 52.473627193162152 ], [ 16.858641945057933, 52.473627200647286 ], [ 16.858641939467319, 52.473627208492459 ], [ 16.858641935123227, 52.473627216626646 ], [ 16.858641932065005, 52.473627224976148 ], [ 16.858641930320349, 52.473627233465365 ], [ 16.858641929905051, 52.473627242017393 ], [ 16.858641930822873, 52.473627250554806 ], [ 16.858641933065506, 52.473627259000303 ], [ 16.858641936612642, 52.473627267277365 ], [ 16.858641941432161, 52.473627275311046 ], [ 16.858641947480404, 52.47362728302862 ], [ 16.860657056328204, 52.475912344973452 ], [ 16.860657057802456, 52.475912346854386 ], [ 16.860657056148426, 52.475912348678712 ], [ 16.858423678496234, 52.478120556532552 ], [ 16.858423676565508, 52.478120558252577 ], [ 16.858423673150927, 52.478120558290009 ], [ 16.854175042202229, 52.478043542302132 ], [ 16.854175028192113, 52.478043542455211 ], [ 16.854175014269259, 52.478043543420718 ], [ 16.854175000559767, 52.478043545189948 ], [ 16.854174987187776, 52.478043547746871 ], [ 16.854174974274404, 52.478043551068311 ], [ 16.854174961936586, 52.478043555124223 ], [ 16.854174950286055, 52.478043559877847 ], [ 16.854174939428319, 52.47804356528615 ], [ 16.85417492946171, 52.478043571300162 ], [ 16.854174920476485, 52.4780435778654 ], [ 16.854174912554015, 52.478043584922389 ], [ 16.851941145534539, 52.480251622619726 ], [ 16.851941143603469, 52.480251624339651 ], [ 16.851941140188721, 52.480251624376898 ], [ 16.847692240537398, 52.480174371937757 ], [ 16.847692237132335, 52.480174371776535 ], [ 16.847692235372318, 52.480174369989506 ], [ 16.845677616429651, 52.477889093796875 ], [ 16.845677609208948, 52.477889086464572 ], [ 16.845677600879451, 52.477889079584564 ], [ 16.845677591516601, 52.477889073219146 ], [ 16.845677581205184, 52.47788906742597 ], [ 16.845677570038585, 52.477889062257503 ], [ 16.845677558117927, 52.477889057760557 ], [ 16.845677545551172, 52.477889053975872 ], [ 16.845677532452115, 52.477889050937655 ], [ 16.845677518939393, 52.477889048673511 ], [ 16.84567750513537, 52.477889047203881 ], [ 16.84567749116507, 52.477889046542103 ], [ 16.841428918054763, 52.477811573080217 ], [ 16.84142891464991, 52.477811572918789 ], [ 16.841428912890237, 52.477811571131681 ], [ 16.839414726118317, 52.475526192051191 ], [ 16.83941471889904, 52.475526184718525 ], [ 16.839414710570974, 52.47552617783807 ], [ 16.839414701209535, 52.475526171472175 ], [ 16.839414690899499, 52.475526165678467 ], [ 16.83941467973424, 52.475526160509425 ], [ 16.839414667814875, 52.475526156011846 ], [ 16.839414655249339, 52.475526152226522 ], [ 16.839414642151429, 52.47552614918763 ], [ 16.839414628639773, 52.475526146922768 ], [ 16.839414614836723, 52.475526145452413 ], [ 16.839414600867276, 52.475526144789903 ], [ 16.835166272870065, 52.475448448865137 ], [ 16.835166269465429, 52.475448448703553 ], [ 16.835166267706104, 52.475448446916353 ], [ 16.833152513037803, 52.473162964993598 ], [ 16.833152505819957, 52.47316295766057 ], [ 16.833152497493312, 52.473162950779681 ], [ 16.833152488133287, 52.473162944413296 ], [ 16.833152477824637, 52.473162938619055 ], [ 16.833152466660721, 52.473162933449451 ], [ 16.833152454742638, 52.473162928951261 ], [ 16.833152442178335, 52.473162925165255 ], [ 16.833152429081569, 52.473162922125688 ], [ 16.833152415570975, 52.473162919860123 ], [ 16.833152401768892, 52.47316291838905 ], [ 16.833152387800318, 52.473162917725816 ], [ 16.828904304962869, 52.473084999377953 ], [ 16.828904301558445, 52.473084999216191 ], [ 16.828904299799468, 52.473084997428884 ], [ 16.826890977167647, 52.470799412709532 ], [ 16.826890969951233, 52.470799405376106 ], [ 16.826890961626017, 52.470799398494798 ], [ 16.826890952267394, 52.470799392127923 ], [ 16.826890941960123, 52.470799386333155 ], [ 16.82689093079755, 52.470799381162962 ], [ 16.826890918880764, 52.470799376664161 ], [ 16.826890906317676, 52.470799372877501 ], [ 16.826890893222064, 52.470799369837273 ], [ 16.826890879712536, 52.470799367570976 ], [ 16.826890865911416, 52.4707993660992 ], [ 16.826890851943705, 52.470799365435219 ], [ 16.822643095768111, 52.470721226203928 ], [ 16.822643081760322, 52.470721226353291 ], [ 16.822643067839213, 52.470721227315096 ], [ 16.822643054130836, 52.470721229080688 ], [ 16.822643040759363, 52.470721231634045 ], [ 16.822643027845878, 52.470721234952059 ], [ 16.822643015507321, 52.470721239004668 ], [ 16.822643003855436, 52.470721243755186 ], [ 16.822642992995746, 52.470721249160562 ], [ 16.822642983026601, 52.470721255171888 ], [ 16.822642974038274, 52.470721261734703 ], [ 16.822642966112173, 52.470721268789553 ], [ 16.820408061979368, 52.472928657844946 ], [ 16.82040805518654, 52.472928665327821 ], [ 16.820408049589268, 52.472928673171118 ], [ 16.820408045238246, 52.472928681303827 ], [ 16.820408042172865, 52.472928689652257 ], [ 16.82040804042089, 52.472928698140812 ], [ 16.820408039998192, 52.472928706692628 ], [ 16.820408040908593, 52.47292871523026 ], [ 16.820408043143853, 52.472928723676389 ], [ 16.820408046683728, 52.472928731954518 ], [ 16.820408051496159, 52.472928739989719 ], [ 16.820408057537566, 52.472928747709148 ], [ 16.822421134906094, 52.475214439444358 ], [ 16.822421136378683, 52.47521444132574 ], [ 16.822421134723111, 52.475214443149504 ], [ 16.820185899551689, 52.477421908503189 ], [ 16.82018589761952, 52.477421910222574 ], [ 16.820185894204993, 52.477421910258911 ], [ 16.81593743779472, 52.477343521900686 ], [ 16.815937423784828, 52.477343522049232 ], [ 16.815937409861494, 52.477343523010255 ], [ 16.815937396150812, 52.477343524775044 ], [ 16.815937382776951, 52.477343527327626 ], [ 16.815937369861025, 52.477343530644859 ], [ 16.815937357520003, 52.477343534696736 ], [ 16.815937345865642, 52.477343539446551 ], [ 16.815937335003504, 52.477343544851301 ], [ 16.815937325031928, 52.477343550862038 ], [ 16.815937316041243, 52.477343557424291 ], [ 16.815937308112861, 52.477343564478673 ], [ 16.813701683671148, 52.479550859474109 ], [ 16.813701681738635, 52.479550861193381 ], [ 16.813701678323941, 52.479550861229519 ], [ 16.809453035228255, 52.479472237813901 ], [ 16.809453021217692, 52.479472237961666 ], [ 16.809453007293563, 52.479472238921907 ], [ 16.809452993581978, 52.479472240685929 ], [ 16.809452980207116, 52.479472243237765 ], [ 16.809452967290095, 52.479472246554266 ], [ 16.809452954947893, 52.479472250605461 ], [ 16.809452943292285, 52.479472255354629 ], [ 16.80945293242883, 52.479472260758769 ], [ 16.8094529224559, 52.479472266768923 ], [ 16.809452913463822, 52.479472273330671 ], [ 16.809452905534023, 52.479472280384591 ], [ 16.807216848916042, 52.481679447304856 ], [ 16.807216846983181, 52.481679449024 ], [ 16.807216843568327, 52.481679449059946 ], [ 16.802968013854493, 52.481600590553072 ], [ 16.802967999843247, 52.481600590700054 ], [ 16.802967985918329, 52.481600591659515 ], [ 16.802967972205842, 52.481600593422755 ], [ 16.802967958829974, 52.481600595973866 ], [ 16.80296794591186, 52.481600599289671 ], [ 16.802967933568482, 52.481600603340148 ], [ 16.802967921911627, 52.481600608088669 ], [ 16.802967911046856, 52.481600613492191 ], [ 16.80296790107257, 52.481600619501791 ], [ 16.802967892079099, 52.481600626063006 ], [ 16.802967884147876, 52.481600633116493 ], [ 16.800731395307089, 52.483807671915052 ], [ 16.800731393373884, 52.483807673634082 ], [ 16.800731389958859, 52.483807673669858 ], [ 16.79648229221613, 52.483728578519717 ], [ 16.796482288811031, 52.483728578357002 ], [ 16.796482287052967, 52.483728576569241 ], [ 16.794470191875494, 52.481442456897021 ], [ 16.794470184662835, 52.481442449561683 ], [ 16.794470176340784, 52.481442442678144 ], [ 16.794470166984713, 52.481442436308747 ], [ 16.794470156679342, 52.481442430511166 ], [ 16.794470145518002, 52.481442425337939 ], [ 16.794470133601767, 52.481442420835876 ], [ 16.794470121038568, 52.481442417045784 ], [ 16.794470107942161, 52.481442414001933 ], [ 16.794470094431158, 52.48144241173194 ], [ 16.794470080627917, 52.481442410256356 ], [ 16.794470066657436, 52.48144240958851 ], [ 16.790221377641871, 52.481363095114048 ], [ 16.790221363630703, 52.481363095259532 ], [ 16.790221349705629, 52.481363096217478 ], [ 16.790221335992751, 52.481363097979262 ], [ 16.790221322616258, 52.481363100528903 ], [ 16.790221309697294, 52.481363103843307 ], [ 16.790221297352851, 52.481363107892463 ], [ 16.790221285694724, 52.481363112639691 ], [ 16.790221274828486, 52.481363118042026 ], [ 16.790221264852548, 52.481363124050532 ], [ 16.790221255857258, 52.481363130610774 ], [ 16.79022124792407, 52.481363137663379 ], [ 16.787984140387362, 52.483569928544128 ], [ 16.78798413845368, 52.483569930262988 ], [ 16.787984135038677, 52.483569930298366 ], [ 16.783735178179732, 52.483490379149778 ], [ 16.783735164167886, 52.483490379294473 ], [ 16.78373515024202, 52.483490380251673 ], [ 16.783735136528243, 52.483490382012668 ], [ 16.783735123150748, 52.483490384561577 ], [ 16.78373511023069, 52.483490387875236 ], [ 16.783735097885071, 52.483490391923702 ], [ 16.783735086225693, 52.483490396670305 ], [ 16.783735075358148, 52.483490402072007 ], [ 16.783735065380853, 52.483490408079952 ], [ 16.783735056384163, 52.483490414639689 ], [ 16.783735048449557, 52.483490421691819 ], [ 16.781497508664422, 52.485697084332436 ], [ 16.781497506730386, 52.485697086051168 ], [ 16.781497503315226, 52.485697086086368 ], [ 16.777248278673529, 52.48561729821791 ], [ 16.777248275268366, 52.485617298054642 ], [ 16.777248273511027, 52.485617296266597 ], [ 16.775237102406901, 52.483330860159086 ], [ 16.775237095197177, 52.483330852822611 ], [ 16.775237086877826, 52.483330845937758 ], [ 16.775237077524181, 52.483330839566854 ], [ 16.775237067220957, 52.483330833767639 ], [ 16.775237056061457, 52.483330828592607 ], [ 16.775237044146746, 52.483330824088625 ], [ 16.775237031584723, 52.483330820296494 ], [ 16.77523701848915, 52.483330817250526 ], [ 16.775237004978628, 52.483330814978331 ], [ 16.775236991175507, 52.483330813500515 ], [ 16.775236977204788, 52.483330812830388 ], [ 16.770988080093474, 52.483250804176983 ], [ 16.770988076688532, 52.483250804013537 ], [ 16.770988074931527, 52.483250802225413 ], [ 16.768977336054824, 52.480964263620756 ], [ 16.768977328846535, 52.48096425628389 ], [ 16.768977320528609, 52.480964249398603 ], [ 16.768977311176378, 52.480964243027231 ], [ 16.768977300874532, 52.480964237227489 ], [ 16.768977289716378, 52.480964232051875 ], [ 16.768977277802957, 52.480964227547261 ], [ 16.76897726524216, 52.480964223754498 ], [ 16.768977252147742, 52.480964220707847 ], [ 16.768977238638286, 52.480964218434963 ], [ 16.768977224836132, 52.480964216956416 ], [ 16.768977210866282, 52.480964216285578 ], [ 16.764728559850859, 52.480883985358538 ], [ 16.764728556446126, 52.480883985194929 ], [ 16.764728554689473, 52.480883983406706 ], [ 16.762718247972732, 52.478597342350518 ], [ 16.762718240765867, 52.478597335013291 ], [ 16.762718232449362, 52.478597328127591 ], [ 16.762718223098549, 52.478597321755721 ], [ 16.762718212798092, 52.478597315955426 ], [ 16.762718201641274, 52.478597310779243 ], [ 16.762718189729146, 52.47859730627404 ], [ 16.762718177169575, 52.478597302480594 ], [ 16.762718164076308, 52.478597299433275 ], [ 16.762718150567917, 52.478597297159673 ], [ 16.762718136766736, 52.478597295680395 ], [ 16.76271812279775, 52.478597295008839 ], [ 16.758469717924559, 52.478516841848098 ], [ 16.758469714520036, 52.478516841684282 ], [ 16.758469712763734, 52.478516839895988 ], [ 16.756459838139474, 52.476230096433852 ], [ 16.756459830934034, 52.476230089096276 ], [ 16.756459822618964, 52.476230082210108 ], [ 16.756459813269558, 52.476230075837776 ], [ 16.756459802970486, 52.476230070036962 ], [ 16.756459791815015, 52.476230064860211 ], [ 16.756459779904173, 52.476230060354375 ], [ 16.756459767345831, 52.47623005656029 ], [ 16.756459754253715, 52.476230053512289 ], [ 16.75645974074639, 52.476230051237984 ], [ 16.756459726946176, 52.476230049757973 ], [ 16.756459712978057, 52.476230049085679 ], [ 16.752211554293389, 52.476149373731083 ], [ 16.752211550889079, 52.476149373567104 ], [ 16.752211549133126, 52.476149371778725 ], [ 16.750202106533866, 52.473862525956221 ], [ 16.750202099329861, 52.473862518618276 ], [ 16.750202091016209, 52.47386251173171 ], [ 16.750202081668213, 52.473862505358881 ], [ 16.750202071370524, 52.473862499557555 ], [ 16.750202060216399, 52.473862494380207 ], [ 16.75020204830685, 52.473862489873746 ], [ 16.750202035749734, 52.473862486079007 ], [ 16.750202022658765, 52.473862483030331 ], [ 16.750202009152503, 52.473862480755315 ], [ 16.750201995353262, 52.473862479274601 ], [ 16.75020198138602, 52.473862478601568 ], [ 16.745954068936129, 52.473781581093 ], [ 16.745954065532025, 52.473781580928836 ], [ 16.745954063776423, 52.473781579140358 ], [ 16.743945053134652, 52.471494631003104 ], [ 16.743945045932072, 52.471494623664789 ], [ 16.743945037619856, 52.471494616777797 ], [ 16.743945028273263, 52.471494610404491 ], [ 16.743945017976959, 52.471494604602626 ], [ 16.743945006824177, 52.471494599424702 ], [ 16.743944994915918, 52.471494594917623 ], [ 16.743944982360027, 52.471494591122223 ], [ 16.743944969270217, 52.471494588072872 ], [ 16.743944955765024, 52.471494585797167 ], [ 16.743944941966756, 52.471494584315721 ], [ 16.743944928000371, 52.47149458364197 ], [ 16.739697261831484, 52.471413464019321 ], [ 16.739697258427594, 52.471413463854972 ], [ 16.739697256672336, 52.471413462066408 ], [ 16.737688677920545, 52.469126411659957 ], [ 16.737688670719393, 52.469126404321266 ], [ 16.737688662408598, 52.469126397433847 ], [ 16.737688653063419, 52.469126391060058 ], [ 16.737688642768493, 52.46912638525766 ], [ 16.737688631617054, 52.46912638007916 ], [ 16.737688619710088, 52.469126375571477 ], [ 16.73768860715543, 52.469126371775438 ], [ 16.737688594066761, 52.469126368725391 ], [ 16.737688580562637, 52.469126366448982 ], [ 16.737688566765339, 52.469126364966833 ], [ 16.73768855279982, 52.469126364292322 ], [ 16.733441132958109, 52.469045022595473 ], [ 16.733441129554432, 52.469045022430969 ], [ 16.733441127799523, 52.469045020642284 ], [ 16.731432942364343, 52.466757824153966 ], [ 16.731432940895942, 52.466757822271497 ], [ 16.73143294255491, 52.46675782044904 ], [ 16.733671969117228, 52.46455211621506 ], [ 16.733671975923279, 52.464552108737301 ], [ 16.733671981534741, 52.464552100898267 ], [ 16.733671985900795, 52.464552092768919 ], [ 16.733671988981893, 52.46455208442292 ], [ 16.733671990750139, 52.464552075935806 ], [ 16.733671991189521, 52.464552067384474 ], [ 16.733671990296049, 52.464552058846351 ], [ 16.73367198807783, 52.464552050398765 ], [ 16.733671984554938, 52.464552042118228 ], [ 16.73367197975929, 52.464552034079709 ], [ 16.733671973734303, 52.46455202635601 ], [ 16.73166401220119, 52.462264878219123 ], [ 16.731664010732931, 52.462264876336647 ], [ 16.731664012391711, 52.462264874514176 ], [ 16.733902792648237, 52.46005916163783 ], [ 16.733902799453539, 52.460059154160064 ], [ 16.733902805064371, 52.460059146320987 ], [ 16.733902809429903, 52.460059138191617 ], [ 16.733902812510625, 52.460059129845618 ], [ 16.733902814278618, 52.460059121358505 ], [ 16.733902814717879, 52.460059112807151 ], [ 16.733902813824436, 52.460059104269028 ], [ 16.733902811606363, 52.46005909582145 ], [ 16.733902808083766, 52.460059087540891 ], [ 16.73390280328854, 52.460059079502379 ], [ 16.733902797264104, 52.460059071778709 ], [ 16.731895021077186, 52.457771928134328 ], [ 16.731895019609052, 52.457771926251873 ], [ 16.731895021267654, 52.457771924429402 ] ] ] } }
]
}
