{
"type": "FeatureCollection",
"name": "szczecin_hex_mask",
"crs": { "type": "name", "properties": { "name": "urn:ogc:def:crs:OGC:1.3:CRS84" } },
"features": [
{ "type": "Feature", "properties": { "name": "szczecin" }, "geometry": { "type": "Polygon", "coordinates": [ [ [ 13.697987954189715, 52.873683283358694 ], [ 13.697987954189715, 53.978151430169177 ], [ 15.554140248344124, 53.978151430169177 ], [ 15.554140248344124, 52.873683283358694 ], [ 13.697987954189715, 52.873683283358694 ] ], [ [ 14.446220386512707, 53.440755755574834 ], [ 14.448627078197532, 53.438597734394612 ], [ 14.448627080267062, 53.438597732717639 ], [ 14.44862708375525, 53.438597732751496 ], [ 14.45296034749463, 53.438763093028847 ], [ 14.452960350961675, 53.438763093260405 ], [ 14.452960352656858, 53.43876309508105 ], [ 14.454887340829483, 53.441086458853263 ], [ 14.454887347785592, 53.441086466323341 ], [ 14.454887355899466, 53.441086473364791 ], [ 14.454887365097624, 53.441086479913885 ], [ 14.454887375296773, 53.441086485911264 ], [ 14.454887386404534, 53.441086491302634 ], [ 14.454887398320324, 53.441086496039162 ], [ 14.454887410936227, 53.441086500077944 ], [ 14.454887424137993, 53.441086503382422 ], [ 14.454887437806068, 53.441086505922655 ], [ 14.454887451816665, 53.441086507675678 ], [ 14.454887466042909, 53.441086508625567 ], [ 14.459220854475596, 53.441251640733249 ], [ 14.459220868788748, 53.44125164087091 ], [ 14.459220883059, 53.44125164019561 ], [ 14.459220897157126, 53.441251638713418 ], [ 14.459220910955448, 53.441251636437819 ], [ 14.459220924328999, 53.441251633389435 ], [ 14.459220937156685, 53.441251629595762 ], [ 14.459220949322317, 53.44125162509129 ], [ 14.459220960715731, 53.441251619916713 ], [ 14.459220971233746, 53.44125161411894 ], [ 14.459220980781103, 53.44125160775048 ], [ 14.459220989271349, 53.441251600869002 ], [ 14.461627019518701, 53.439093345540797 ], [ 14.461627021587757, 53.439093343863597 ], [ 14.461627025076018, 53.439093343897063 ], [ 14.465960334302864, 53.439258230503619 ], [ 14.465960348615413, 53.439258230640455 ], [ 14.465960362884937, 53.439258229964317 ], [ 14.465960376982208, 53.439258228481314 ], [ 14.465960390779555, 53.439258226204927 ], [ 14.465960404152042, 53.43925822315574 ], [ 14.46596041697855, 53.439258219361335 ], [ 14.465960429142926, 53.439258214856132 ], [ 14.465960440535008, 53.439258209680894 ], [ 14.465960451051627, 53.43925820388251 ], [ 14.46596046059754, 53.439258197513475 ], [ 14.465960469086303, 53.439258190631477 ], [ 14.468366046244546, 53.437099789296973 ], [ 14.468366048313236, 53.437099787619644 ], [ 14.46836605180135, 53.437099787652905 ], [ 14.472699198641683, 53.43726442562172 ], [ 14.472699212953627, 53.437264425757718 ], [ 14.472699227222421, 53.437264425080762 ], [ 14.472699241318837, 53.437264423596964 ], [ 14.472699255115225, 53.43726442131976 ], [ 14.472699268486627, 53.437264418269777 ], [ 14.472699281311963, 53.437264414474633 ], [ 14.472699293475081, 53.437264409968712 ], [ 14.472699304865836, 53.437264404792806 ], [ 14.472699315381062, 53.437264398993776 ], [ 14.47269932492553, 53.437264392624179 ], [ 14.472699333412816, 53.43726438574167 ], [ 14.475104411401251, 53.435105879841736 ], [ 14.475104418753681, 53.435105872508487 ], [ 14.47510442490551, 53.435105864791083 ], [ 14.475104429801011, 53.435105856759414 ], [ 14.475104433395863, 53.435105848486224 ], [ 14.475104435657508, 53.435105840046482 ], [ 14.475104436565461, 53.435105831516509 ], [ 14.475104436111501, 53.435105822973682 ], [ 14.475104434299736, 53.43510581449528 ], [ 14.475104431146582, 53.435105806158127 ], [ 14.475104426680589, 53.435105798037696 ], [ 14.475104420942202, 53.435105790207551 ], [ 14.473176560661765, 53.432782734353061 ], [ 14.473176559263351, 53.43278273244465 ], [ 14.473176561055276, 53.432782730657415 ], [ 14.475581394644241, 53.430624166835713 ], [ 14.475581401995768, 53.430624159502393 ], [ 14.475581408146814, 53.430624151784961 ], [ 14.475581413041663, 53.430624143753242 ], [ 14.475581416635992, 53.430624135480052 ], [ 14.475581418897251, 53.430624127040247 ], [ 14.475581419804959, 53.430624118510316 ], [ 14.475581419350901, 53.430624109967468 ], [ 14.475581417539184, 53.430624101489052 ], [ 14.475581414386212, 53.430624093151906 ], [ 14.475581409920546, 53.430624085031525 ], [ 14.475581404182629, 53.430624077201387 ], [ 14.473653743298044, 53.428301076087777 ], [ 14.47365373634053, 53.428301068618751 ], [ 14.473653728225793, 53.428301061578551 ], [ 14.473653719027311, 53.4283010550309 ], [ 14.473653708828389, 53.428301049035127 ], [ 14.473653697721385, 53.428301043645526 ], [ 14.473653685806902, 53.428301038910902 ], [ 14.473653673192821, 53.428301034874153 ], [ 14.473653659993385, 53.428301031571792 ], [ 14.473653646328133, 53.428301029033726 ], [ 14.473653632320817, 53.428301027283013 ], [ 14.473653618098286, 53.428301026335419 ], [ 14.469321377121215, 53.428136441853717 ], [ 14.469321373654912, 53.428136441622641 ], [ 14.46932137195941, 53.428136439802238 ], [ 14.467394089964531, 53.425813257162005 ], [ 14.467394088566591, 53.425813255253551 ], [ 14.467394090358443, 53.425813253466401 ], [ 14.469798795844053, 53.423654802477074 ], [ 14.469798803195282, 53.423654795144103 ], [ 14.469798809346271, 53.423654787426948 ], [ 14.469798814241322, 53.423654779395505 ], [ 14.4697988178361, 53.423654771122457 ], [ 14.469798820098047, 53.423654762682801 ], [ 14.469798821006687, 53.423654754152913 ], [ 14.469798820553777, 53.423654745610058 ], [ 14.469798818743437, 53.423654737131614 ], [ 14.469798815592048, 53.423654728794325 ], [ 14.469798811128156, 53.423654720673724 ], [ 14.46979880539218, 53.423654712843344 ], [ 14.467871722630969, 53.421331584956526 ], [ 14.467871721233147, 53.421331583048094 ], [ 14.467871723024778, 53.421331581260915 ], [ 14.470276138117747, 53.419173113726174 ], [ 14.470276145468075, 53.419173106393174 ], [ 14.470276151618286, 53.419173098675962 ], [ 14.470276156512679, 53.419173090644456 ], [ 14.470276160106938, 53.419173082371408 ], [ 14.470276162368497, 53.419173073931702 ], [ 14.470276163276893, 53.419173065401814 ], [ 14.470276162823888, 53.419173056858966 ], [ 14.470276161013581, 53.419173048380515 ], [ 14.470276157862386, 53.419173040043248 ], [ 14.470276153398814, 53.419173031922668 ], [ 14.470276147663311, 53.419173024092345 ], [ 14.468349227140299, 53.416849906408835 ], [ 14.468349225742589, 53.416849904500395 ], [ 14.468349227534002, 53.416849902713196 ], [ 14.470753398416136, 53.414691377245127 ], [ 14.470753400483595, 53.414691375567735 ], [ 14.470753403969878, 53.414691375600889 ], [ 14.475084287054409, 53.414855879893913 ], [ 14.475084301358846, 53.414855880029464 ], [ 14.475084315620077, 53.414855879352075 ], [ 14.475084329708952, 53.414855877867829 ], [ 14.475084343497887, 53.414855875590185 ], [ 14.475084356861995, 53.414855872539803 ], [ 14.475084369680264, 53.41485586874424 ], [ 14.475084381836595, 53.414855864237907 ], [ 14.475084393220907, 53.414855859061639 ], [ 14.475084403730106, 53.41485585326226 ], [ 14.475084413269, 53.414855846892351 ], [ 14.475084421751227, 53.414855840009537 ], [ 14.477488094079517, 53.412697210097626 ], [ 14.477488096146615, 53.412697208420099 ], [ 14.477488099632751, 53.412697208453054 ], [ 14.481818820433007, 53.412861464343202 ], [ 14.48181883473684, 53.412861464477949 ], [ 14.481818848997341, 53.412861463799715 ], [ 14.481818863085365, 53.412861462314652 ], [ 14.48181887687333, 53.412861460036211 ], [ 14.481818890236367, 53.412861456985041 ], [ 14.481818903053458, 53.412861453188739 ], [ 14.481818915208544, 53.412861448681703 ], [ 14.481818926591522, 53.412861443504752 ], [ 14.481818937099325, 53.412861437704763 ], [ 14.481818946636782, 53.412861431334257 ], [ 14.481818955117523, 53.412861424450952 ], [ 14.484222128951147, 53.410702690150238 ], [ 14.484222136297575, 53.410702682816286 ], [ 14.484222142443981, 53.410702675098271 ], [ 14.484222147334712, 53.410702667066118 ], [ 14.484222150925467, 53.410702658792552 ], [ 14.484222153183733, 53.410702650352533 ], [ 14.484222154089057, 53.410702641822446 ], [ 14.484222153633235, 53.410702633279591 ], [ 14.484222151820404, 53.410702624801289 ], [ 14.48422214866698, 53.410702616464334 ], [ 14.48422214420151, 53.410702608344238 ], [ 14.484222138464455, 53.410702600514547 ], [ 14.482294836886627, 53.408379742746092 ], [ 14.482294829930627, 53.408379735277578 ], [ 14.482294821818027, 53.408379728238003 ], [ 14.482294812622303, 53.40837972169107 ], [ 14.482294802426733, 53.408379715696107 ], [ 14.482294791323644, 53.408379710307379 ], [ 14.482294779413593, 53.408379705573701 ], [ 14.482294766804436, 53.408379701537946 ], [ 14.482294753610367, 53.408379698236658 ], [ 14.482294739950873, 53.408379695699729 ], [ 14.482294725949652, 53.408379693950138 ], [ 14.482294711733505, 53.408379693003717 ], [ 14.477964526322468, 53.40821546694206 ], [ 14.47796451202024, 53.40821546680688 ], [ 14.477964497761265, 53.408215467484681 ], [ 14.477964483674679, 53.40821546896931 ], [ 14.477964469888052, 53.408215471247338 ], [ 14.477964456526246, 53.408215474298103 ], [ 14.477964443710249, 53.408215478093993 ], [ 14.477964431556147, 53.408215482600667 ], [ 14.477964420173992, 53.408215487777269 ], [ 14.477964409666866, 53.408215493576947 ], [ 14.477964400129933, 53.408215499947154 ], [ 14.477964391649548, 53.408215506830203 ], [ 14.475561009422632, 53.410374153255255 ], [ 14.475561007355575, 53.410374154932732 ], [ 14.475561003869633, 53.410374154899721 ], [ 14.471230490135651, 53.410209674172641 ], [ 14.471230486670795, 53.410209673941644 ], [ 14.47123048497588, 53.410209672121248 ], [ 14.469303851872137, 53.40788653029044 ], [ 14.469303850474656, 53.407886528382008 ], [ 14.469303852265629, 53.407886526594808 ], [ 14.471707396679678, 53.405728009443358 ], [ 14.471707404027306, 53.40572800211018 ], [ 14.471707410175171, 53.405727994392848 ], [ 14.471707415067605, 53.405727986361249 ], [ 14.4717074186603, 53.405727978088116 ], [ 14.47170742092071, 53.405727969648353 ], [ 14.47170742182837, 53.405727961118423 ], [ 14.471707421375065, 53.405727952575539 ], [ 14.471707419564892, 53.405727944097109 ], [ 14.471707416414246, 53.405727935759877 ], [ 14.471707411951664, 53.40572792763939 ], [ 14.471707406217559, 53.405727919809117 ], [ 14.469781009125784, 53.403404877268926 ], [ 14.469781002172786, 53.403404869799758 ], [ 14.469780994063207, 53.403404862759338 ], [ 14.469780984870495, 53.40340485621153 ], [ 14.469780974677899, 53.403404850215537 ], [ 14.469780963577728, 53.403404844825715 ], [ 14.469780951670501, 53.403404840090857 ], [ 14.469780939064057, 53.403404836053824 ], [ 14.469780925872557, 53.403404832751193 ], [ 14.469780912215471, 53.403404830212864 ], [ 14.469780898216479, 53.403404828461852 ], [ 14.469780884002349, 53.403404827513981 ], [ 14.465451195638517, 53.403240155047072 ], [ 14.465451192174266, 53.403240154815919 ], [ 14.465451190479863, 53.40324015299548 ], [ 14.463525171642054, 53.400916929041465 ], [ 14.463525170245045, 53.400916927132997 ], [ 14.463525172035947, 53.400916925345854 ], [ 14.46592863450495, 53.398758479526656 ], [ 14.465928636571785, 53.39875847784932 ], [ 14.465928640056754, 53.398758477882602 ], [ 14.470257876353529, 53.398923123607211 ], [ 14.470257890652563, 53.398923123743245 ], [ 14.470257904908484, 53.398923123066318 ], [ 14.470257918992191, 53.398923121582541 ], [ 14.470257932776136, 53.39892311930533 ], [ 14.470257946135492, 53.398923116255361 ], [ 14.470257958949274, 53.398923112460253 ], [ 14.470257971101441, 53.398923107954325 ], [ 14.470257982481936, 53.398923102778419 ], [ 14.470257992987703, 53.398923096979402 ], [ 14.470258002523588, 53.398923090609792 ], [ 14.470258011003249, 53.398923083727261 ], [ 14.472660975375446, 53.396764533513256 ], [ 14.472660977441919, 53.396764531835785 ], [ 14.472660980926738, 53.396764531868875 ], [ 14.476990055170502, 53.396928929321774 ], [ 14.476990069468934, 53.396928929456969 ], [ 14.476990083724123, 53.396928928779204 ], [ 14.476990097806976, 53.396928927294617 ], [ 14.476990111589954, 53.396928925016638 ], [ 14.476990124948237, 53.396928921965902 ], [ 14.476990137760851, 53.396928918170012 ], [ 14.476990149911762, 53.39692891366338 ], [ 14.47699016129093, 53.396928908486814 ], [ 14.476990171795308, 53.396928902687172 ], [ 14.476990181329752, 53.396928896316972 ], [ 14.476990189807934, 53.396928889433923 ], [ 14.47939265614241, 53.394770234880156 ], [ 14.47939266348674, 53.394770227546438 ], [ 14.479392669631544, 53.394770219828622 ], [ 14.479392674521163, 53.394770211796633 ], [ 14.479392678111322, 53.394770203523201 ], [ 14.479392680369509, 53.394770195083268 ], [ 14.479392681275273, 53.394770186553203 ], [ 14.479392680820411, 53.394770178010333 ], [ 14.479392679009033, 53.394770169532002 ], [ 14.479392675857564, 53.394770161194934 ], [ 14.479392671394525, 53.394770153074688 ], [ 14.47939266566034, 53.394770145244813 ], [ 14.477466265938704, 53.39244718105607 ], [ 14.477466264541315, 53.392447179147744 ], [ 14.477466266331266, 53.392447177360374 ], [ 14.479868535026343, 53.390288423515713 ], [ 14.479868537092212, 53.390288421838115 ], [ 14.479868540576522, 53.39028842187097 ], [ 14.484197000811285, 53.390452544428079 ], [ 14.484197015107615, 53.390452544562386 ], [ 14.484197029360567, 53.390452543883711 ], [ 14.484197043441064, 53.390452542398215 ], [ 14.484197057221586, 53.390452540119341 ], [ 14.48419707057734, 53.390452537067731 ], [ 14.484197083387373, 53.390452533271024 ], [ 14.484197095535681, 53.390452528763603 ], [ 14.484197106912232, 53.390452523586269 ], [ 14.484197117414013, 53.390452517785938 ], [ 14.484197126945913, 53.39045251141512 ], [ 14.484197135421605, 53.39045250453151 ], [ 14.486598906236818, 53.388293646419442 ], [ 14.48659890830233, 53.388293644741708 ], [ 14.486598911786491, 53.388293644774379 ], [ 14.490927292838272, 53.388457522304158 ], [ 14.490927296301511, 53.388457522534537 ], [ 14.490927297996473, 53.388457524354664 ], [ 14.492854277026089, 53.39078028346642 ], [ 14.492854283981281, 53.390780290934295 ], [ 14.492854292092488, 53.390780297973158 ], [ 14.492854301286238, 53.390780304519232 ], [ 14.492854311479279, 53.390780310513264 ], [ 14.492854322579298, 53.390780315900948 ], [ 14.492854334485774, 53.39078032063351 ], [ 14.492854347090882, 53.390780324668057 ], [ 14.492854360280461, 53.390780327968102 ], [ 14.492854373935071, 53.390780330503709 ], [ 14.49285438793105, 53.390780332251936 ], [ 14.492854402141651, 53.390780333196993 ], [ 14.497182906724813, 53.390943982883599 ], [ 14.497182921021437, 53.390943983016356 ], [ 14.497182935274438, 53.390943982336147 ], [ 14.497182949354732, 53.390943980849094 ], [ 14.497182963134811, 53.3909439785687 ], [ 14.497182976489876, 53.390943975515633 ], [ 14.497182989298985, 53.390943971717512 ], [ 14.49718300144613, 53.390943967208742 ], [ 14.497183012821313, 53.390943962030136 ], [ 14.497183023321517, 53.390943956228625 ], [ 14.497183032851643, 53.390943949856705 ], [ 14.497183041325396, 53.39094394297215 ], [ 14.499584198039907, 53.388784810108419 ], [ 14.499584200104943, 53.388784808430451 ], [ 14.499584203589173, 53.388784808462731 ], [ 14.503912628791232, 53.388948213143038 ], [ 14.503912643087256, 53.388948213274979 ], [ 14.503912657339528, 53.388948212593924 ], [ 14.503912671418973, 53.388948211106076 ], [ 14.503912685198078, 53.3889482088249 ], [ 14.503912698552071, 53.388948205771037 ], [ 14.503912711360009, 53.388948201972156 ], [ 14.503912723505902, 53.388948197462661 ], [ 14.50391273487976, 53.388948192283401 ], [ 14.503912745378567, 53.388948186481237 ], [ 14.503912754907262, 53.388948180108798 ], [ 14.503912763379534, 53.388948173223717 ], [ 14.506313468272383, 53.386788894818494 ], [ 14.506313470337064, 53.386788893140412 ], [ 14.506313473821152, 53.386788893172493 ], [ 14.510641736555595, 53.386952049738284 ], [ 14.510641750851018, 53.386952049869386 ], [ 14.510641765102552, 53.386952049187521 ], [ 14.510641779181141, 53.386952047698855 ], [ 14.510641792959282, 53.386952045416876 ], [ 14.510641806312201, 53.386952042362239 ], [ 14.510641819118971, 53.386952038562605 ], [ 14.510641831263611, 53.386952034052406 ], [ 14.510641842636137, 53.386952028872479 ], [ 14.510641853133556, 53.386952023069718 ], [ 14.510641862660806, 53.386952016696661 ], [ 14.510641871131604, 53.38695200981109 ], [ 14.513042124239982, 53.384792585912763 ], [ 14.513042126304295, 53.384792584234546 ], [ 14.513042129788236, 53.384792584266414 ], [ 14.517370229972268, 53.384955492749178 ], [ 14.517370244267092, 53.38495549287947 ], [ 14.517370258517897, 53.384955492196774 ], [ 14.517370272595633, 53.384955490707291 ], [ 14.517370286372804, 53.384955488424509 ], [ 14.517370299724654, 53.384955485369098 ], [ 14.517370312530252, 53.384955481568717 ], [ 14.517370324673635, 53.384955477057794 ], [ 14.517370336044831, 53.384955471877191 ], [ 14.517370346540861, 53.384955466073819 ], [ 14.517370356066673, 53.384955459700208 ], [ 14.517370364535994, 53.384955452814104 ], [ 14.519770165897096, 53.382795883471026 ], [ 14.519770167961047, 53.38279588179271 ], [ 14.519770171444842, 53.382795881824357 ], [ 14.524098108995718, 53.382958542255551 ], [ 14.524098123289935, 53.382958542385026 ], [ 14.52409813754001, 53.382958541701534 ], [ 14.524098151616894, 53.382958540211227 ], [ 14.524098165393101, 53.382958537927628 ], [ 14.524098178743873, 53.382958534871456 ], [ 14.524098191548299, 53.382958531070308 ], [ 14.524098203690434, 53.38295852655871 ], [ 14.524098215060299, 53.382958521377404 ], [ 14.52409822555494, 53.382958515573392 ], [ 14.524098235079308, 53.382958509199206 ], [ 14.524098243547154, 53.382958502312611 ], [ 14.526497593198215, 53.380798787573184 ], [ 14.526497595261811, 53.380798785894712 ], [ 14.526497598745456, 53.380798785926189 ], [ 14.53082537358047, 53.380961198337275 ], [ 14.530825387874083, 53.38096119846594 ], [ 14.530825402123421, 53.380961197781623 ], [ 14.530825416199455, 53.380961196290485 ], [ 14.530825429974694, 53.380961194006105 ], [ 14.530825443324389, 53.380961190949144 ], [ 14.530825456127651, 53.380961187147271 ], [ 14.530825468268523, 53.380961182634913 ], [ 14.530825479637063, 53.38096117745296 ], [ 14.530825490130317, 53.380961171648337 ], [ 14.530825499653243, 53.380961165273597 ], [ 14.530825508119616, 53.380961158386476 ], [ 14.533224360099506, 53.378801339716581 ], [ 14.533224367431842, 53.378801332379282 ], [ 14.533224373564575, 53.37880132465844 ], [ 14.53322437844216, 53.378801316623985 ], [ 14.533224382020434, 53.378801308348656 ], [ 14.533224384266976, 53.378801299907437 ], [ 14.533224385161457, 53.378801291376753 ], [ 14.533224384695769, 53.378801282833848 ], [ 14.533224382874126, 53.378801274356078 ], [ 14.533224379713033, 53.378801266020247 ], [ 14.533224375241112, 53.378801257901856 ], [ 14.533224369498859, 53.378801250074375 ], [ 14.531295692407262, 53.376479151128663 ], [ 14.531295685447384, 53.376479143662927 ], [ 14.53129567733227, 53.376479136626614 ], [ 14.5312956681354, 53.37647913008341 ], [ 14.531295657940065, 53.376479124092626 ], [ 14.531295646838597, 53.376479118708495 ], [ 14.531295634931531, 53.376479113979777 ], [ 14.531295622326711, 53.376479109949294 ], [ 14.531295609138267, 53.376479106653534 ], [ 14.531295595485654, 53.376479104122346 ], [ 14.5312955814925, 53.376479102378703 ], [ 14.53129556728554, 53.376479101438328 ], [ 14.526968244063328, 53.376316715398524 ], [ 14.526968240600821, 53.376316715169196 ], [ 14.526968238904743, 53.376316713349581 ], [ 14.525039939405406, 53.373994432757911 ], [ 14.525039938006415, 53.373994430850118 ], [ 14.525039939793587, 53.373994429061973 ], [ 14.527438757659604, 53.371834640254669 ], [ 14.527438759722706, 53.371834638576189 ], [ 14.527438763205623, 53.371834638607616 ], [ 14.531765634934937, 53.371996998281659 ], [ 14.531765649225553, 53.371996998410118 ], [ 14.531765663471878, 53.371996997725624 ], [ 14.531765677544904, 53.37199699623433 ], [ 14.531765691317169, 53.371996993949786 ], [ 14.531765704663963, 53.37199699089264 ], [ 14.531765717464404, 53.371996987090604 ], [ 14.531765729602574, 53.371996982578111 ], [ 14.531765740968547, 53.371996977395995 ], [ 14.531765751459401, 53.37199697159123 ], [ 14.531765760980111, 53.371996965216361 ], [ 14.531765769444471, 53.371996958329127 ], [ 14.534164089876816, 53.369837065637434 ], [ 14.534164091939557, 53.369837063958833 ], [ 14.534164095422328, 53.369837063990083 ], [ 14.538490887396163, 53.369999178863779 ], [ 14.538490890858242, 53.369999179092751 ], [ 14.538490892554583, 53.369999180912188 ], [ 14.540419732539329, 53.372321211691705 ], [ 14.540419739500196, 53.37232121915693 ], [ 14.540419747616106, 53.372321226192646 ], [ 14.540419756813554, 53.372321232735146 ], [ 14.540419767009258, 53.372321238725156 ], [ 14.540419778110873, 53.372321244108441 ], [ 14.540419790017864, 53.372321248836251 ], [ 14.540419802622402, 53.372321252865767 ], [ 14.540419815810335, 53.37232125616049 ], [ 14.540419829462239, 53.372321258690612 ], [ 14.540419843454469, 53.372321260433189 ], [ 14.540419857660318, 53.372321261372434 ], [ 14.544746772304272, 53.372483148441844 ], [ 14.544746786595182, 53.372483148568762 ], [ 14.544746800841553, 53.372483147882711 ], [ 14.544746814914372, 53.372483146389889 ], [ 14.544746828686188, 53.372483144103811 ], [ 14.544746842032282, 53.372483141045215 ], [ 14.544746854831796, 53.372483137241773 ], [ 14.544746866968813, 53.372483132727901 ], [ 14.544746878333411, 53.372483127544555 ], [ 14.544746888822681, 53.372483121738583 ], [ 14.544746898341627, 53.372483115362655 ], [ 14.544746906804036, 53.372483108474448 ], [ 14.547144612974273, 53.370322941581598 ], [ 14.547144615036546, 53.370322939902742 ], [ 14.547144618519383, 53.370322939933608 ], [ 14.551471453210169, 53.370484582223881 ], [ 14.551471467500475, 53.370484582349953 ], [ 14.551471481746118, 53.370484581663092 ], [ 14.551471495818079, 53.370484580169453 ], [ 14.551471509588927, 53.370484577882586 ], [ 14.551471522933952, 53.370484574823209 ], [ 14.551471535732293, 53.370484571019006 ], [ 14.551471547868053, 53.370484566504437 ], [ 14.551471559231326, 53.370484561320403 ], [ 14.551471569719203, 53.370484555513826 ], [ 14.551471579236706, 53.370484549137316 ], [ 14.551471587697646, 53.370484542248604 ], [ 14.553868842427008, 53.368324230177429 ], [ 14.553868844488923, 53.368324228498459 ], [ 14.553868847971618, 53.368324228529119 ], [ 14.558195602621273, 53.368485626059247 ], [ 14.558195606083371, 53.368485626287644 ], [ 14.558195607780519, 53.368485628106832 ], [ 14.560125476152596, 53.370807360819825 ], [ 14.560125483116748, 53.370807368283955 ], [ 14.560125491235715, 53.370807375318407 ], [ 14.560125500435966, 53.370807381859436 ], [ 14.560125510634183, 53.370807387847819 ], [ 14.560125521738007, 53.370807393229299 ], [ 14.560125533646886, 53.370807397955183 ], [ 14.560125546252969, 53.370807401982631 ], [ 14.560125559442087, 53.370807405275208 ], [ 14.560125573094812, 53.370807407803078 ], [ 14.560125587087487, 53.370807409543325 ], [ 14.5601256012934, 53.370807410480246 ], [ 14.564452478337495, 53.370968580171379 ], [ 14.564452492628092, 53.370968580295923 ], [ 14.564452506873772, 53.370968579607492 ], [ 14.564452520945528, 53.370968578112311 ], [ 14.564452534715928, 53.370968575823944 ], [ 14.564452548060254, 53.370968572763076 ], [ 14.564452560857667, 53.370968568957473 ], [ 14.564452572992268, 53.370968564441554 ], [ 14.564452584354164, 53.370968559256255 ], [ 14.564452594840462, 53.370968553448513 ], [ 14.564452604356193, 53.370968547070923 ], [ 14.564452612815179, 53.370968540181245 ], [ 14.566849252989797, 53.368807954079081 ], [ 14.566849255051237, 53.368807952399877 ], [ 14.566849258534001, 53.368807952430153 ], [ 14.571176055339356, 53.368968877382422 ], [ 14.571176069629349, 53.36896887750612 ], [ 14.571176083874299, 53.368968876816872 ], [ 14.5711760979452, 53.368968875320881 ], [ 14.57117611171463, 53.368968873031704 ], [ 14.57117612505788, 53.368968869970068 ], [ 14.57117613785412, 53.368968866163733 ], [ 14.571176149987465, 53.368968861647097 ], [ 14.571176161348038, 53.368968856461109 ], [ 14.57117617183294, 53.368968850652756 ], [ 14.571176181347235, 53.368968844274583 ], [ 14.571176189804753, 53.368968837384422 ], [ 14.573572378530894, 53.366808106224354 ], [ 14.573572380591973, 53.366808104545008 ], [ 14.573572384074584, 53.366808104575092 ], [ 14.577899017586327, 53.366968781727898 ], [ 14.57789903187571, 53.366968781850794 ], [ 14.577899046119926, 53.366968781160729 ], [ 14.577899060189978, 53.366968779663907 ], [ 14.577899073958433, 53.366968777373934 ], [ 14.577899087300612, 53.366968774311545 ], [ 14.577899100095685, 53.366968770504428 ], [ 14.577899112227774, 53.366968765987096 ], [ 14.577899123587013, 53.366968760800454 ], [ 14.577899134070529, 53.36696875499144 ], [ 14.577899143583384, 53.366968748612742 ], [ 14.577899152039421, 53.36696874172204 ], [ 14.580294843416787, 53.364807906989419 ], [ 14.580294850738637, 53.364807899649001 ], [ 14.580294856860821, 53.364807891925523 ], [ 14.580294861727888, 53.364807883888894 ], [ 14.580294865295762, 53.364807875611952 ], [ 14.580294867532142, 53.36480786716961 ], [ 14.580294868416763, 53.364807858638343 ], [ 14.580294867941616, 53.364807850095424 ], [ 14.580294866111013, 53.364807841618202 ], [ 14.580294862941519, 53.364807833283436 ], [ 14.580294858461842, 53.36480782516665 ], [ 14.58029485271256, 53.364807817341287 ], [ 14.578364156897278, 53.362486437391695 ], [ 14.578364149931151, 53.362486429928573 ], [ 14.57836414181061, 53.362486422895337 ], [ 14.578364132609204, 53.362486416355708 ], [ 14.578364122410257, 53.362486410368867 ], [ 14.578364111306142, 53.362486404989063 ], [ 14.578364099397406, 53.36248640026502 ], [ 14.578364086791908, 53.362486396239504 ], [ 14.578364073603801, 53.362486392948952 ], [ 14.578364059952515, 53.362486390423214 ], [ 14.578364045961683, 53.362486388685134 ], [ 14.57836403175801, 53.362486387750444 ], [ 14.574037932554882, 53.362325739767115 ], [ 14.574037918267088, 53.362325739643786 ], [ 14.574037904024394, 53.362325740333425 ], [ 14.574037889955783, 53.362325741829807 ], [ 14.574037876188656, 53.36232574411936 ], [ 14.574037862847694, 53.362325747181352 ], [ 14.574037850053717, 53.362325750988091 ], [ 14.574037837922591, 53.362325755505033 ], [ 14.574037826564172, 53.362325760691341 ], [ 14.574037816081328, 53.362325766500014 ], [ 14.574037806568992, 53.362325772878421 ], [ 14.574037798113306, 53.362325779768859 ], [ 14.57164189747736, 53.364486527083997 ], [ 14.571641895416324, 53.364486528763287 ], [ 14.571641891933901, 53.36448652873316 ], [ 14.567315463555587, 53.364325626824964 ], [ 14.567315460093765, 53.36432562659683 ], [ 14.567315458396378, 53.364325624777756 ], [ 14.565385464919409, 53.362004004764216 ], [ 14.565385457955667, 53.362003997300398 ], [ 14.565385449837402, 53.362003990266309 ], [ 14.565385440638147, 53.362003983725707 ], [ 14.565385430441196, 53.3620039777378 ], [ 14.565385419338915, 53.362003972356824 ], [ 14.565385407431821, 53.362003967631509 ], [ 14.56538539482777, 53.36200396360465 ], [ 14.56538538164089, 53.362003960312698 ], [ 14.565385367990615, 53.362003957785483 ], [ 14.56538535400056, 53.362003956045882 ], [ 14.565385339797421, 53.362003955109657 ], [ 14.561059282512982, 53.361842834657914 ], [ 14.561059279051406, 53.361842834429588 ], [ 14.561059277354387, 53.361842832610442 ], [ 14.559129735123641, 53.359521119860368 ], [ 14.559129728161393, 53.359521112396216 ], [ 14.559129720044638, 53.359521105361722 ], [ 14.559129710846884, 53.359521098820672 ], [ 14.559129700651422, 53.35952109283226 ], [ 14.559129689550586, 53.359521087450737 ], [ 14.559129677644904, 53.359521082724832 ], [ 14.559129665042198, 53.35952107869732 ], [ 14.559129651856605, 53.359521075404707 ], [ 14.559129638207521, 53.359521072876788 ], [ 14.559129624218576, 53.359521071136477 ], [ 14.55912961001644, 53.359521070199527 ], [ 14.554803840901812, 53.359359728164399 ], [ 14.554803837440481, 53.359359727935932 ], [ 14.554803835743824, 53.359359726116701 ], [ 14.552874744676917, 53.357037920676532 ], [ 14.552874737716168, 53.357037913212018 ], [ 14.552874729600919, 53.357037906177148 ], [ 14.552874720404663, 53.357037899635621 ], [ 14.552874710210686, 53.357037893646719 ], [ 14.552874699111294, 53.357037888264628 ], [ 14.552874687207025, 53.357037883538119 ], [ 14.552874674605672, 53.357037879509988 ], [ 14.552874661421352, 53.357037876216708 ], [ 14.552874647773479, 53.357037873688093 ], [ 14.552874633785635, 53.357037871947078 ], [ 14.552874619584498, 53.357037871009403 ], [ 14.548549138677071, 53.356876307435009 ], [ 14.548549135215982, 53.356876307206356 ], [ 14.548549133519691, 53.356876305387026 ], [ 14.546620456552978, 53.354554362778678 ], [ 14.546620455153594, 53.354554360871113 ], [ 14.546620456939017, 53.354554359082613 ], [ 14.549017009641112, 53.352394127204789 ], [ 14.549017016965987, 53.352394119866361 ], [ 14.549017023091825, 53.352394112144545 ], [ 14.549017027963165, 53.352394104109287 ], [ 14.549017031535884, 53.352394095833375 ], [ 14.549017033777629, 53.35239408739173 ], [ 14.549017034668095, 53.352394078860826 ], [ 14.54901703419922, 53.352394070317892 ], [ 14.549017032375252, 53.3523940618403 ], [ 14.549017029212706, 53.352394053504838 ], [ 14.549017024740223, 53.35239404538698 ], [ 14.549017018998306, 53.352394037560259 ], [ 14.547088578771891, 53.350072194005264 ], [ 14.547088571813248, 53.350072186540459 ], [ 14.547088563700232, 53.35007217950524 ], [ 14.547088554506333, 53.350072172963316 ], [ 14.547088544314805, 53.350072166973952 ], [ 14.547088533217945, 53.350072161591363 ], [ 14.547088521316249, 53.350072156864329 ], [ 14.54708850871749, 53.350072152835637 ], [ 14.547088495535785, 53.350072149541774 ], [ 14.547088481890494, 53.350072147012533 ], [ 14.547088467905191, 53.350072145270907 ], [ 14.547088453706539, 53.350072144332572 ], [ 14.542763711982813, 53.349910385525774 ], [ 14.542763708522333, 53.349910385296944 ], [ 14.542763706826554, 53.34991038347755 ], [ 14.54083568049743, 53.347588402815113 ], [ 14.540835673540279, 53.347588395349973 ], [ 14.540835665428769, 53.347588388314371 ], [ 14.54083565623637, 53.347588381771992 ], [ 14.540835646046324, 53.347588375782109 ], [ 14.540835634950914, 53.347588370398967 ], [ 14.540835623050624, 53.347588365671335 ], [ 14.54083561045322, 53.347588361642003 ], [ 14.540835597272785, 53.347588358347465 ], [ 14.540835583628699, 53.347588355817571 ], [ 14.540835569644505, 53.347588354075199 ], [ 14.540835555446856, 53.347588353136153 ], [ 14.536511101922562, 53.347426372913318 ], [ 14.536511098462324, 53.347426372684303 ], [ 14.536511096766908, 53.347426370864845 ], [ 14.534583484273893, 53.345104253137272 ], [ 14.53458348287533, 53.345104251229579 ], [ 14.534583484660834, 53.345104249441263 ], [ 14.536980074440921, 53.342944259014622 ], [ 14.536980081766101, 53.342944251676926 ], [ 14.536980087892635, 53.342944243955749 ], [ 14.536980092765031, 53.342944235920996 ], [ 14.536980096339171, 53.342944227645461 ], [ 14.536980098582676, 53.342944219204064 ], [ 14.536980099475242, 53.342944210673288 ], [ 14.536980099008776, 53.342944202130333 ], [ 14.536980097187504, 53.34294419365262 ], [ 14.536980094027921, 53.342944185316888 ], [ 14.536980089558648, 53.34294417719866 ], [ 14.536980083820145, 53.342944169371428 ], [ 14.535052707750024, 53.340622150728898 ], [ 14.535052700794973, 53.340622143263452 ], [ 14.535052692685699, 53.340622136227495 ], [ 14.53505268349565, 53.340622129684711 ], [ 14.535052673308053, 53.340622123694409 ], [ 14.535052662215165, 53.340622118310769 ], [ 14.535052650317448, 53.340622113582604 ], [ 14.535052637722645, 53.340622109552712 ], [ 14.535052624544818, 53.340622106257584 ], [ 14.535052610903314, 53.340622103727064 ], [ 14.535052596921666, 53.340622101984074 ], [ 14.535052582726491, 53.340622101044396 ], [ 14.530728868093613, 53.340459925776941 ], [ 14.530728864633977, 53.340459925547776 ], [ 14.530728862939073, 53.340459923728226 ], [ 14.528801863553195, 53.338137723551867 ], [ 14.528801862155115, 53.338137721644117 ], [ 14.528801863940545, 53.338137719855872 ], [ 14.531198327969783, 53.335977841977957 ], [ 14.531198335294674, 53.335977834640616 ], [ 14.53119834142116, 53.335977826919738 ], [ 14.53119834629376, 53.335977818885205 ], [ 14.531198349868347, 53.335977810609876 ], [ 14.531198352112549, 53.335977802168593 ], [ 14.531198353006037, 53.335977793637866 ], [ 14.531198352540725, 53.335977785094926 ], [ 14.531198350720825, 53.335977776617128 ], [ 14.531198347562823, 53.335977768281282 ], [ 14.53119834309531, 53.335977760162869 ], [ 14.531198337358749, 53.335977752335381 ], [ 14.529271537269544, 53.333655606729309 ], [ 14.529271535871572, 53.333655604821544 ], [ 14.529271537656784, 53.333655603033307 ], [ 14.531667759523099, 53.331495667440862 ], [ 14.531667761584, 53.331495665762255 ], [ 14.531667765063638, 53.33149566579349 ], [ 14.535990578745716, 53.33165778842276 ], [ 14.53599059302287, 53.331657788550451 ], [ 14.535990607255645, 53.331657787865161 ], [ 14.535990621315159, 53.331657786373079 ], [ 14.53599063507408, 53.331657784087753 ], [ 14.535990648407802, 53.331657781029882 ], [ 14.535990661195582, 53.3316577772271 ], [ 14.535990673321608, 53.331657772713911 ], [ 14.535990684676062, 53.331657767531141 ], [ 14.535990695156119, 53.331657761725751 ], [ 14.535990704666869, 53.331657755350307 ], [ 14.53599071312218, 53.331657748462582 ], [ 14.538386438681675, 53.32949770921001 ], [ 14.538386440742213, 53.329497707531274 ], [ 14.538386444221706, 53.329497707562325 ], [ 14.542709095514962, 53.329659582648837 ], [ 14.542709109791511, 53.329659582775719 ], [ 14.542709124023558, 53.329659582089612 ], [ 14.542709138082218, 53.329659580596726 ], [ 14.542709151840178, 53.329659578310604 ], [ 14.542709165172834, 53.329659575251945 ], [ 14.542709177959447, 53.329659571448417 ], [ 14.542709190084221, 53.329659566934509 ], [ 14.542709201437347, 53.329659561751086 ], [ 14.542709211916018, 53.329659555945064 ], [ 14.54270922142533, 53.329659549569072 ], [ 14.542709229879165, 53.329659542680801 ], [ 14.545104505119969, 53.327499358399223 ], [ 14.545104507180151, 53.327499356720367 ], [ 14.545104510659494, 53.327499356751204 ], [ 14.549427082369197, 53.327660987424274 ], [ 14.549427085827929, 53.327660987652862 ], [ 14.549427087523169, 53.327660989472157 ], [ 14.551354751402013, 53.329982827560379 ], [ 14.551354758358347, 53.329982835024893 ], [ 14.551354766468449, 53.329982842059763 ], [ 14.551354775658872, 53.329982848601297 ], [ 14.551354785846383, 53.329982854590234 ], [ 14.551354796938726, 53.329982859972311 ], [ 14.551354808835441, 53.329982864698856 ], [ 14.551354821428804, 53.329982868726987 ], [ 14.551354834604751, 53.329982872020281 ], [ 14.551354848243967, 53.329982874548882 ], [ 14.551354862222929, 53.329982876289918 ], [ 14.551354876415051, 53.329982877227565 ], [ 14.5556775700956, 53.330144280421251 ], [ 14.555677584372443, 53.330144280546584 ], [ 14.555677598604531, 53.330144279858914 ], [ 14.55567761266299, 53.3301442783645 ], [ 14.555677626420495, 53.330144276076851 ], [ 14.555677639752455, 53.330144273016714 ], [ 14.555677652538142, 53.330144269211793 ], [ 14.555677664661754, 53.330144264696528 ], [ 14.555677676013513, 53.330144259511847 ], [ 14.555677686490608, 53.330144253704653 ], [ 14.555677695998156, 53.330144247327581 ], [ 14.555677704450055, 53.330144240438379 ], [ 14.558072366796324, 53.327983782441549 ], [ 14.558072368856037, 53.327983780762459 ], [ 14.558072372335449, 53.32798378079292 ], [ 14.562394986235468, 53.328144939594324 ], [ 14.562395000511705, 53.328144939718825 ], [ 14.562395014743069, 53.328144939030338 ], [ 14.562395028800669, 53.328144937535122 ], [ 14.562395042557208, 53.328144935246669 ], [ 14.562395055888098, 53.328144932185765 ], [ 14.562395068672618, 53.328144928380098 ], [ 14.562395080794984, 53.328144923864137 ], [ 14.562395092145417, 53.328144918678767 ], [ 14.562395102621121, 53.32814491287094 ], [ 14.562395112127232, 53.328144906493314 ], [ 14.56239512057766, 53.328144899603572 ], [ 14.564789286688983, 53.325984338129707 ], [ 14.564789294006401, 53.325984330790121 ], [ 14.564789300125371, 53.32598432306736 ], [ 14.564789304990477, 53.325984315031299 ], [ 14.564789308557657, 53.325984306754755 ], [ 14.564789310794611, 53.325984298312697 ], [ 14.564789311681077, 53.325984289781566 ], [ 14.564789311209024, 53.325984281238618 ], [ 14.56478930938273, 53.325984272761197 ], [ 14.564789306218744, 53.325984264426118 ], [ 14.564789301745707, 53.325984256308828 ], [ 14.564789296004133, 53.325984248482875 ], [ 14.56286105686295, 53.323662615490512 ], [ 14.562861055463756, 53.323662613583153 ], [ 14.562861057247151, 53.323662611794354 ], [ 14.565255027663072, 53.321501951284091 ], [ 14.565255029722183, 53.321501949604844 ], [ 14.56525503320108, 53.321501949635113 ], [ 14.569577034116799, 53.32166283486513 ], [ 14.569577048390942, 53.321662834988715 ], [ 14.569577062620068, 53.321662834299332 ], [ 14.569577076675321, 53.321662832803206 ], [ 14.569577090429414, 53.321662830513887 ], [ 14.569577103757782, 53.321662827452116 ], [ 14.569577116539726, 53.321662823645617 ], [ 14.569577128659496, 53.321662819128854 ], [ 14.569577140007324, 53.321662813942773 ], [ 14.569577150480448, 53.321662808134249 ], [ 14.569577159984023, 53.321662801755998 ], [ 14.569577168431977, 53.321662794865695 ], [ 14.571970642770529, 53.319502030950424 ], [ 14.571970644829277, 53.31950202927105 ], [ 14.57197064830803, 53.319502029301105 ], [ 14.576292569299072, 53.319662670224524 ], [ 14.576292572757348, 53.319662670452324 ], [ 14.576292574453454, 53.319662672271257 ], [ 14.578221388379143, 53.321984100100671 ], [ 14.578221395339039, 53.321984107563701 ], [ 14.578221403452236, 53.321984114596809 ], [ 14.578221412645238, 53.321984121136339 ], [ 14.578221422834806, 53.321984127122988 ], [ 14.578221433928661, 53.321984132502635 ], [ 14.578221445826328, 53.32198413722648 ], [ 14.578221458420067, 53.321984141251789 ], [ 14.578221471595823, 53.3219841445421 ], [ 14.578221485234284, 53.32198414706761 ], [ 14.578221499211923, 53.321984148805448 ], [ 14.578221513402161, 53.321984149739883 ], [ 14.582543555911178, 53.322144563185937 ], [ 14.582543570185608, 53.322144563307965 ], [ 14.58254358441477, 53.322144562617027 ], [ 14.582543598469822, 53.322144561119359 ], [ 14.582543612223461, 53.322144558828541 ], [ 14.582543625551136, 53.322144555765298 ], [ 14.582543638332155, 53.322144551957386 ], [ 14.582543650450761, 53.322144547439294 ], [ 14.582543661797217, 53.322144542251927 ], [ 14.582543672268764, 53.322144536442231 ], [ 14.58254368177057, 53.322144530062914 ], [ 14.582543690216584, 53.322144523171652 ], [ 14.584936551481361, 53.319983485828892 ], [ 14.584936553539638, 53.319983484149304 ], [ 14.584936557018462, 53.319983484178962 ], [ 14.589258602283467, 53.320143656409563 ], [ 14.589258605741872, 53.320143656636994 ], [ 14.589258607438564, 53.320143658455727 ], [ 14.59118819575686, 53.322464935464502 ], [ 14.591188197157303, 53.322464937371571 ], [ 14.591188195375125, 53.32246493916081 ], [ 14.588795497171301, 53.324626105140844 ], [ 14.588795489858173, 53.324626112481994 ], [ 14.588795483743686, 53.324626120206119 ], [ 14.588795478883213, 53.324626128243253 ], [ 14.588795475320776, 53.324626136520592 ], [ 14.588795473088634, 53.324626144963204 ], [ 14.588795472207, 53.324626153494599 ], [ 14.588795472683861, 53.324626162037568 ], [ 14.588795474514894, 53.324626170514712 ], [ 14.588795477683528, 53.32462617884925 ], [ 14.588795482161052, 53.32462618696573 ], [ 14.58879548790693, 53.324626194790625 ], [ 14.590725202347214, 53.326947437187961 ], [ 14.590725203747764, 53.326947439095051 ], [ 14.590725201965371, 53.326947440884275 ], [ 14.588332170673853, 53.329108632223786 ], [ 14.588332168615249, 53.329108633903424 ], [ 14.588332165135672, 53.329108633873844 ], [ 14.584009302154586, 53.328948412714659 ], [ 14.584009287877869, 53.328948412592759 ], [ 14.584009273646439, 53.328948413283811 ], [ 14.584009259589179, 53.328948414781607 ], [ 14.584009245833398, 53.328948417072567 ], [ 14.584009232503664, 53.328948420135916 ], [ 14.5840092197207, 53.32894842394392 ], [ 14.584009207600261, 53.328948428462148 ], [ 14.584009196252119, 53.328948433649622 ], [ 14.584009185779045, 53.328948439459381 ], [ 14.584009176275876, 53.328948445838833 ], [ 14.584009167828688, 53.328948452730145 ], [ 14.581615777904716, 53.331109416423999 ], [ 14.581615770589201, 53.331109423764666 ], [ 14.581615764472442, 53.33110943148835 ], [ 14.581615759609825, 53.331109439525115 ], [ 14.581615756045393, 53.33110944780222 ], [ 14.581615753811429, 53.331109456244654 ], [ 14.581615752928155, 53.331109464775984 ], [ 14.581615753403574, 53.331109473318925 ], [ 14.581615755233384, 53.331109481796133 ], [ 14.581615758401007, 53.331109490130871 ], [ 14.581615762877762, 53.331109498247585 ], [ 14.581615768623106, 53.331109506072814 ], [ 14.583545321878409, 53.333430816530331 ], [ 14.583545328841009, 53.333430823993083 ], [ 14.583545336957163, 53.3334308310259 ], [ 14.583545346153379, 53.333430837565061 ], [ 14.583545356346363, 53.333430843551355 ], [ 14.583545367443808, 53.33343084893054 ], [ 14.583545379345217, 53.333430853653937 ], [ 14.583545391942806, 53.333430857678763 ], [ 14.583545405122495, 53.333430860968555 ], [ 14.583545418764917, 53.333430863493533 ], [ 14.583545432746531, 53.333430865230817 ], [ 14.583545446940716, 53.333430866164697 ], [ 14.587868760397441, 53.333591113332744 ], [ 14.587868763856919, 53.333591113560217 ], [ 14.587868765554054, 53.333591115379015 ], [ 14.589798806344227, 53.335912377584293 ], [ 14.589798813308322, 53.335912385046747 ], [ 14.589798821425985, 53.335912392079145 ], [ 14.589798830623691, 53.335912398617843 ], [ 14.589798840818158, 53.335912404603619 ], [ 14.589798851917053, 53.335912409982257 ], [ 14.589798863819869, 53.335912414705057 ], [ 14.589798876418806, 53.33591241872923 ], [ 14.589798889599768, 53.33591242201836 ], [ 14.589798903243384, 53.335912424542663 ], [ 14.589798917226105, 53.335912426279222 ], [ 14.589798931421296, 53.335912427212371 ], [ 14.594122532240082, 53.336072452901412 ], [ 14.59412253569981, 53.336072453128722 ], [ 14.5941225373973, 53.336072454947427 ], [ 14.596053065825652, 53.338393668850038 ], [ 14.596053067226791, 53.338393670757057 ], [ 14.596053065444114, 53.33839367254636 ], [ 14.593659668693228, 53.340554918970682 ], [ 14.59365966137803, 53.340554926312088 ], [ 14.593659655261961, 53.34055493403639 ], [ 14.59365965040041, 53.340554942073673 ], [ 14.5936596468374, 53.340554950351148 ], [ 14.5936596446052, 53.340554958793838 ], [ 14.593659643724024, 53.340554967325296 ], [ 14.593659644201859, 53.34055497586823 ], [ 14.593659646034366, 53.34055498434531 ], [ 14.593659649204957, 53.340554992679756 ], [ 14.593659653684924, 53.34055500079608 ], [ 14.593659659433687, 53.340555008620797 ], [ 14.59559027717426, 53.342876143396126 ], [ 14.59559028414046, 53.342876150858245 ], [ 14.59559029226036, 53.342876157890302 ], [ 14.595590301460422, 53.34287616442861 ], [ 14.595590311657334, 53.34287617041393 ], [ 14.595590322758754, 53.342876175792092 ], [ 14.595590334664143, 53.342876180514338 ], [ 14.595590347265679, 53.342876184537964 ], [ 14.595590360449251, 53.342876187826505 ], [ 14.595590374095455, 53.342876190350175 ], [ 14.595590388080714, 53.342876192086131 ], [ 14.595590402278376, 53.34287619301864 ], [ 14.599914741181138, 53.343036023128796 ], [ 14.599914744641463, 53.34303602335595 ], [ 14.599914746339472, 53.343036025174584 ], [ 14.601845851919171, 53.345357111587845 ], [ 14.601845858886859, 53.345357119049631 ], [ 14.601845867008262, 53.345357126081296 ], [ 14.601845876209829, 53.345357132619142 ], [ 14.601845886408228, 53.345357138603944 ], [ 14.601845897511092, 53.345357143981531 ], [ 14.601845909417886, 53.345357148703208 ], [ 14.601845922020772, 53.345357152726194 ], [ 14.601845935205617, 53.345357156014074 ], [ 14.601845948853015, 53.345357158537048 ], [ 14.601845962839381, 53.345357160272286 ], [ 14.601845977038044, 53.345357161204078 ], [ 14.606170603309899, 53.345516769712127 ], [ 14.606170606770469, 53.345516769939096 ], [ 14.60617060846884, 53.345516771757644 ], [ 14.608102201990977, 53.34783780975836 ], [ 14.608102203392956, 53.347837811665258 ], [ 14.608102201610354, 53.347837813454731 ], [ 14.605708844472842, 53.349999301242882 ], [ 14.605708837157962, 53.349999308585005 ], [ 14.605708831042589, 53.349999316309962 ], [ 14.6057088261821, 53.349999324347763 ], [ 14.605708822620516, 53.3499993326256 ], [ 14.605708820390092, 53.349999341068539 ], [ 14.605708819511021, 53.349999349600111 ], [ 14.605708819991269, 53.349999358143066 ], [ 14.605708821826481, 53.349999366620004 ], [ 14.605708825000045, 53.349999374954187 ], [ 14.605708829483218, 53.34999938307012 ], [ 14.605708835235397, 53.349999390894297 ], [ 14.607640518305896, 53.352320349749341 ], [ 14.607640525275686, 53.352320357210843 ], [ 14.607640533399332, 53.352320364242139 ], [ 14.607640542603249, 53.352320370779587 ], [ 14.607640552804098, 53.352320376763942 ], [ 14.607640563909486, 53.352320382141052 ], [ 14.607640575818857, 53.352320386862182 ], [ 14.607640588424347, 53.3523203908846 ], [ 14.607640601611795, 53.35232039417189 ], [ 14.607640615261785, 53.352320396694232 ], [ 14.607640629250687, 53.352320398428851 ], [ 14.607640643451827, 53.352320399359989 ], [ 14.611965925155806, 53.352479809045924 ], [ 14.611965939440669, 53.352479809164628 ], [ 14.611965953679704, 53.352479808470399 ], [ 14.611965967743973, 53.352479806969441 ], [ 14.611965981506103, 53.35247980467539 ], [ 14.611965994841457, 53.352479801609029 ], [ 14.61196600762927, 53.352479797798097 ], [ 14.611966019753735, 53.352479793277141 ], [ 14.611966031105057, 53.352479788087059 ], [ 14.611966041580423, 53.352479782274898 ], [ 14.611966051084977, 53.352479775893279 ], [ 14.611966059532641, 53.352479768999977 ], [ 14.614359252980538, 53.350318152498609 ], [ 14.61435925503921, 53.350318150818538 ], [ 14.614359258520581, 53.350318150847372 ], [ 14.618684542356483, 53.350477319072823 ], [ 14.618684545817542, 53.350477319299465 ], [ 14.618684547516644, 53.350477321117829 ], [ 14.620617006046682, 53.352798128634326 ], [ 14.620617013018864, 53.35279813609511 ], [ 14.620617021144783, 53.352798143125561 ], [ 14.620617030350845, 53.35279814966205 ], [ 14.620617040553691, 53.352798155645353 ], [ 14.62061705166091, 53.352798161021255 ], [ 14.620617063571917, 53.352798165741142 ], [ 14.620617076178846, 53.35279816976221 ], [ 14.620617089367524, 53.352798173048072 ], [ 14.620617103018514, 53.352798175568985 ], [ 14.620617117008189, 53.352798177302063 ], [ 14.620617131209858, 53.352798178231659 ], [ 14.624942619363143, 53.352957121669348 ], [ 14.624942622824449, 53.352957121895791 ], [ 14.624942624523914, 53.352957123714084 ], [ 14.626875571268599, 53.355277882673413 ], [ 14.626875572671652, 53.355277884580111 ], [ 14.626875570889496, 53.355277886369883 ], [ 14.624482705180208, 53.357439760290468 ], [ 14.624482697867153, 53.357439767633792 ], [ 14.624482691753981, 53.35743977535973 ], [ 14.624482686896064, 53.357439783398341 ], [ 14.624482683337391, 53.357439791676811 ], [ 14.624482681110187, 53.357439800120169 ], [ 14.624482680234625, 53.357439808651954 ], [ 14.624482680718643, 53.357439817194873 ], [ 14.624482682557838, 53.357439825671619 ], [ 14.624482685735575, 53.357439834005369 ], [ 14.624482690223061, 53.357439842120669 ], [ 14.624482695979665, 53.357439849944043 ], [ 14.626415769650373, 53.359760574228652 ], [ 14.626415771053543, 53.359760576135365 ], [ 14.626415769271166, 53.359760577925115 ], [ 14.624022616261403, 53.361922435879656 ], [ 14.624022608947454, 53.361922443222937 ], [ 14.624022602833515, 53.361922450948832 ], [ 14.624022597974948, 53.361922458987415 ], [ 14.624022594415766, 53.361922467265849 ], [ 14.624022592188188, 53.361922475709186 ], [ 14.624022591312395, 53.361922484240949 ], [ 14.624022591796313, 53.361922492783883 ], [ 14.624022593635567, 53.361922501260615 ], [ 14.624022596813491, 53.361922509594386 ], [ 14.624022601301318, 53.361922517709715 ], [ 14.624022607058393, 53.361922525533103 ], [ 14.625955807682665, 53.364243215145429 ], [ 14.625955814657564, 53.364243222605943 ], [ 14.625955822786457, 53.364243229636095 ], [ 14.625955831995737, 53.364243236172229 ], [ 14.625955842202004, 53.364243242155126 ], [ 14.625955853312826, 53.364243247530602 ], [ 14.625955865227574, 53.36424325225002 ], [ 14.625955877838368, 53.364243256270612 ], [ 14.625955891030985, 53.364243259555948 ], [ 14.625955904685952, 53.364243262076307 ], [ 14.625955918679612, 53.364243263808852 ], [ 14.625955932885235, 53.364243264737908 ], [ 14.630282527988127, 53.364402034907719 ], [ 14.630282542277158, 53.364402035024312 ], [ 14.630282556520015, 53.364402034327938 ], [ 14.630282570587717, 53.364402032824898 ], [ 14.630282584352864, 53.364402030528801 ], [ 14.630282597690798, 53.36440202746045 ], [ 14.630282610480721, 53.364402023647578 ], [ 14.630282622606812, 53.364402019124796 ], [ 14.630282633959254, 53.364402013933017 ], [ 14.630282644435239, 53.364402008119249 ], [ 14.630282653939894, 53.36440200173616 ], [ 14.630282662387142, 53.364401994841579 ], [ 14.632675651310057, 53.362240008159688 ], [ 14.632675653368633, 53.36224000647929 ], [ 14.632675656851021, 53.362240006507619 ], [ 14.637002170774196, 53.362398532086864 ], [ 14.637002185062618, 53.362398532202661 ], [ 14.637002199304739, 53.362398531505491 ], [ 14.637002213371588, 53.362398530001606 ], [ 14.637002227135762, 53.362398527704713 ], [ 14.637002240472613, 53.362398524635587 ], [ 14.637002253261366, 53.362398520821976 ], [ 14.637002265386201, 53.362398516298477 ], [ 14.637002276737316, 53.362398511106022 ], [ 14.63700228721191, 53.362398505291623 ], [ 14.637002296715124, 53.362398498907993 ], [ 14.637002305160895, 53.362398492012893 ], [ 14.639394842652194, 53.360236360682833 ], [ 14.639394844710411, 53.360236359002307 ], [ 14.639394848192648, 53.360236359030438 ], [ 14.643721280848514, 53.360394640038294 ], [ 14.643721284310551, 53.360394640264204 ], [ 14.643721286011115, 53.360394642082241 ], [ 14.645655549623932, 53.362715077086328 ], [ 14.645655556602106, 53.362715084545755 ], [ 14.645655564734051, 53.362715091574621 ], [ 14.64565557394612, 53.362715098109277 ], [ 14.645655584154886, 53.36271510409054 ], [ 14.645655595267913, 53.362715109464233 ], [ 14.645655607184542, 53.362715114181711 ], [ 14.645655619796866, 53.362715118200235 ], [ 14.645655632990653, 53.362715121483426 ], [ 14.645655646646428, 53.362715124001561 ], [ 14.645655660640518, 53.362715125731775 ], [ 14.645655674846196, 53.362715126658465 ], [ 14.649982228679141, 53.362873179690204 ], [ 14.649982242967846, 53.362873179804417 ], [ 14.64998225721, 53.362873179105684 ], [ 14.649982271276633, 53.362873177600285 ], [ 14.649982285040346, 53.362873175301885 ], [ 14.649982298376498, 53.362873172231275 ], [ 14.649982311164313, 53.362873168416264 ], [ 14.649982323287983, 53.362873163891429 ], [ 14.649982334637713, 53.362873158697695 ], [ 14.64998234511072, 53.362873152882123 ], [ 14.64998235461216, 53.362873146497421 ], [ 14.64998236305598, 53.362873139601362 ], [ 14.652374284782642, 53.360710734994228 ], [ 14.652374286840381, 53.360710733313482 ], [ 14.652374290322685, 53.36071073334125 ], [ 14.656700762691093, 53.360868541823109 ], [ 14.656700776979187, 53.360868541936533 ], [ 14.656700791220608, 53.360868541236975 ], [ 14.656700805286375, 53.360868539730767 ], [ 14.656700819049123, 53.36086853743155 ], [ 14.656700832384196, 53.360868534360158 ], [ 14.656700845170837, 53.360868530544408 ], [ 14.65670085729325, 53.360868526018862 ], [ 14.656700868641652, 53.360868520824475 ], [ 14.656700879113268, 53.360868515008278 ], [ 14.656700888613264, 53.360868508623021 ], [ 14.656700897055607, 53.360868501726451 ], [ 14.659092321488414, 53.35870599406077 ], [ 14.659092328795859, 53.358705986715201 ], [ 14.659092334903052, 53.358705978987352 ], [ 14.659092339754677, 53.358705970947213 ], [ 14.65909234330681, 53.358705962667578 ], [ 14.659092345527268, 53.358705954223439 ], [ 14.659092346395958, 53.35870594569127 ], [ 14.659092345905002, 53.358705937148336 ], [ 14.659092344058848, 53.358705928672016 ], [ 14.659092340874219, 53.358705920339041 ], [ 14.659092336379949, 53.358705912224899 ], [ 14.659092330616742, 53.358705904403074 ], [ 14.65715749303388, 53.356385675443697 ], [ 14.657157491629418, 53.356385673537325 ], [ 14.657157493410383, 53.356385671747084 ], [ 14.659548722689236, 53.354223065294093 ], [ 14.65954872474637, 53.354223063613212 ], [ 14.659548728228163, 53.35422306364076 ], [ 14.663874584743777, 53.354380598989941 ], [ 14.66387459902977, 53.354380599102434 ], [ 14.663874613268945, 53.354380598401981 ], [ 14.663874627332351, 53.354380596894877 ], [ 14.663874641092644, 53.354380594594787 ], [ 14.663874654425195, 53.354380591522535 ], [ 14.663874667209257, 53.354380587705975 ], [ 14.663874679329066, 53.354380583179626 ], [ 14.663874690674861, 53.354380577984472 ], [ 14.663874701143888, 53.354380572167628 ], [ 14.663874710641343, 53.354380565781717 ], [ 14.663874719081218, 53.354380558884571 ], [ 14.66626545122484, 53.352217849445118 ], [ 14.666265453281619, 53.352217847764102 ], [ 14.666265456763261, 53.35221784779143 ], [ 14.670591148722103, 53.352375135662292 ], [ 14.670591163007485, 53.352375135773976 ], [ 14.670591177245925, 53.352375135072698 ], [ 14.670591191308478, 53.352375133564777 ], [ 14.670591205067792, 53.352375131263898 ], [ 14.670591218399265, 53.352375128190879 ], [ 14.670591231182156, 53.352375124373573 ], [ 14.670591243300706, 53.352375119846485 ], [ 14.670591254645172, 53.352375114650691 ], [ 14.670591265112813, 53.352375108833222 ], [ 14.67059127460883, 53.352375102446743 ], [ 14.670591283047223, 53.3523750955491 ], [ 14.672981563948793, 53.350212241703083 ], [ 14.672981566005207, 53.350212240021946 ], [ 14.672981569486703, 53.350212240049096 ], [ 14.677307179752695, 53.35036928348319 ], [ 14.677307183214154, 53.350369283708098 ], [ 14.677307184915799, 53.350369285525687 ], [ 14.679242882554519, 53.35268920529321 ], [ 14.679242889537131, 53.352689212750761 ], [ 14.679242897672919, 53.352689219777417 ], [ 14.679242906888206, 53.352689226309529 ], [ 14.679242917099529, 53.352689232287965 ], [ 14.679242928214412, 53.352689237658566 ], [ 14.679242940132205, 53.352689242372726 ], [ 14.679242952744975, 53.352689246387691 ], [ 14.679242965938501, 53.352689249667165 ], [ 14.679242979593296, 53.352689252181399 ], [ 14.679242993585705, 53.352689253907641 ], [ 14.679243007789006, 53.352689254830288 ], [ 14.683568821615447, 53.352846073297265 ], [ 14.683568825077151, 53.352846073522024 ], [ 14.683568826779162, 53.352846075339535 ], [ 14.685504975703751, 53.355165901699436 ], [ 14.685504982687865, 53.355165909156653 ], [ 14.685504990825155, 53.355165916182905 ], [ 14.685505000041937, 53.355165922714569 ], [ 14.685505010254744, 53.3551659286925 ], [ 14.68550502137108, 53.355165934062548 ], [ 14.685505033290276, 53.355165938776082 ], [ 14.685505045904394, 53.355165942790421 ], [ 14.685505059099196, 53.355165946069221 ], [ 14.685505072755184, 53.355165948582766 ], [ 14.685505086748696, 53.355165950308297 ], [ 14.685505100952993, 53.355165951230227 ], [ 14.689831118290062, 53.355322544697685 ], [ 14.689831132576609, 53.355322544807073 ], [ 14.689831146815846, 53.355322544103501 ], [ 14.689831160878825, 53.355322542593335 ], [ 14.689831174638188, 53.355322540290224 ], [ 14.689831187969324, 53.355322537215045 ], [ 14.689831200751509, 53.355322533395643 ], [ 14.689831212868979, 53.355322528866601 ], [ 14.689831224212009, 53.355322523668939 ], [ 14.689831234677859, 53.35532251784975 ], [ 14.689831244171758, 53.355322511461694 ], [ 14.68983125260773, 53.355322504562636 ], [ 14.692220752624573, 53.353159249245117 ], [ 14.692220754680404, 53.353159247563617 ], [ 14.692220758162183, 53.353159247590206 ], [ 14.696546776448645, 53.3533155996262 ], [ 14.696546779910475, 53.353315599850568 ], [ 14.696546781613064, 53.353315601667887 ], [ 14.698483668274669, 53.355635231411256 ], [ 14.698483675261166, 53.355635238867741 ], [ 14.698483683400733, 53.355635245893161 ], [ 14.698483692619659, 53.355635252423873 ], [ 14.698483702834453, 53.355635258400717 ], [ 14.69848371395261, 53.355635263769592 ], [ 14.698483725873443, 53.355635268481862 ], [ 14.698483738488996, 53.355635272494837 ], [ 14.698483751685018, 53.355635275772229 ], [ 14.698483765342003, 53.355635278284318 ], [ 14.698483779336271, 53.355635280008329 ], [ 14.698483793541099, 53.355635280928702 ], [ 14.702810015184088, 53.355791407914225 ], [ 14.70281001864616, 53.355791408138408 ], [ 14.702810020349116, 53.355791409955664 ], [ 14.704747358422035, 53.358110946165795 ], [ 14.704747365410027, 53.358110953621974 ], [ 14.704747373551102, 53.358110960646975 ], [ 14.70474738277152, 53.358110967177232 ], [ 14.704747392987803, 53.358110973153572 ], [ 14.70474740410741, 53.358110978521886 ], [ 14.704747416029646, 53.358110983233551 ], [ 14.704747428646543, 53.358110987245894 ], [ 14.704747441843839, 53.358110990522626 ], [ 14.704747455502019, 53.358110993034003 ], [ 14.704747469497395, 53.358110994757304 ], [ 14.704747483703212, 53.358110995676931 ], [ 14.709073991617387, 53.358266900567678 ], [ 14.709073995079704, 53.358266900791691 ], [ 14.709073996783028, 53.358266902608868 ], [ 14.711011786349005, 53.360586345239319 ], [ 14.711011793338496, 53.360586352695137 ], [ 14.711011801481076, 53.36058635971974 ], [ 14.711011810703001, 53.360586366249535 ], [ 14.711011820920756, 53.360586372225384 ], [ 14.711011832041816, 53.36058637759313 ], [ 14.711011843965453, 53.360586382304206 ], [ 14.711011856583703, 53.360586386315909 ], [ 14.711011869782272, 53.360586389591944 ], [ 14.711011883441648, 53.360586392102618 ], [ 14.711011897438125, 53.36058639382523 ], [ 14.711011911644944, 53.360586394744125 ], [ 14.715338622821996, 53.360742074512338 ], [ 14.715338637110593, 53.36074207461872 ], [ 14.715338651351392, 53.360742073912128 ], [ 14.71533866541543, 53.360742072398949 ], [ 14.715338679175346, 53.360742070092883 ], [ 14.715338692506517, 53.360742067014868 ], [ 14.715338705288218, 53.360742063192717 ], [ 14.715338717404695, 53.360742058661074 ], [ 14.715338728746222, 53.360742053460939 ], [ 14.715338739210093, 53.360742047639455 ], [ 14.71533874870153, 53.360742041249338 ], [ 14.715338757134596, 53.360742034348419 ], [ 14.717727264356208, 53.358578290682452 ], [ 14.717727271653724, 53.358578283333109 ], [ 14.717727277750434, 53.358578275602021 ], [ 14.71772728259112, 53.358578267559281 ], [ 14.717727286131943, 53.358578259277678 ], [ 14.717727288340845, 53.358578250832224 ], [ 14.717727289197816, 53.358578242299387 ], [ 14.717727288695098, 53.358578233756468 ], [ 14.71772728683724, 53.358578225280809 ], [ 14.717727283641073, 53.358578216949176 ], [ 14.717727279135531, 53.358578208837038 ], [ 14.717727273361424, 53.358578201017842 ], [ 14.715789234784644, 53.356258906107172 ], [ 14.715789227794968, 53.356258898651625 ], [ 14.71578921965237, 53.356258891627341 ], [ 14.715789210430589, 53.356258885097915 ], [ 14.715789200213145, 53.3562588791225 ], [ 14.715789189092561, 53.356258873755181 ], [ 14.715789177169547, 53.356258869044602 ], [ 14.715789164552085, 53.356258865033425 ], [ 14.715789151354436, 53.356258861757944 ], [ 14.71578913769612, 53.356258859247816 ], [ 14.715789123700837, 53.356258857525802 ], [ 14.715789109495319, 53.356258856607475 ], [ 14.711462766863757, 53.356103199131915 ], [ 14.711462763401601, 53.356103198907974 ], [ 14.711462761698257, 53.356103197090853 ], [ 14.709525137410184, 53.353783764092931 ], [ 14.709525130422008, 53.353783756637057 ], [ 14.709525122280915, 53.353783749612369 ], [ 14.709525113060639, 53.353783743082481 ], [ 14.709525102844673, 53.353783737106546 ], [ 14.709525091725538, 53.353783731738694 ], [ 14.70952507980393, 53.353783727027526 ], [ 14.709525067187808, 53.353783723015681 ], [ 14.709525053991435, 53.353783719739511 ], [ 14.709525040334318, 53.353783717228715 ], [ 14.709525026340129, 53.353783715505969 ], [ 14.709525012135613, 53.353783714586946 ], [ 14.705198955655291, 53.35362783500787 ], [ 14.705198952193381, 53.353627834783744 ], [ 14.705198950490404, 53.353627832966545 ], [ 14.703261740430593, 53.351308261923741 ], [ 14.703261739024194, 53.351308260017902 ], [ 14.703261740803036, 53.351308258226901 ], [ 14.705650384004528, 53.34914467294626 ], [ 14.705650386059638, 53.349144671264519 ], [ 14.705650389541114, 53.349144671290716 ], [ 14.709975994708277, 53.34930052556038 ], [ 14.709976008992998, 53.349300525667324 ], [ 14.70997602323002, 53.349300524961308 ], [ 14.709976037290421, 53.34930052344869 ], [ 14.709976051046858, 53.349300521143185 ], [ 14.709976064374763, 53.349300518065697 ], [ 14.709976077153426, 53.349300514244064 ], [ 14.709976089267128, 53.34930050971289 ], [ 14.709976100606156, 53.349300504513245 ], [ 14.70997611106784, 53.349300498692159 ], [ 14.709976120557419, 53.349300492302405 ], [ 14.709976128988957, 53.349300485401848 ], [ 14.712364229339411, 53.347136838933771 ], [ 14.712364236635766, 53.34713683158472 ], [ 14.712364242731677, 53.347136823853901 ], [ 14.71236424757195, 53.347136815811346 ], [ 14.712364251112735, 53.347136807529893 ], [ 14.712364253321971, 53.347136799084531 ], [ 14.712364254179658, 53.347136790551737 ], [ 14.712364253678023, 53.347136782008818 ], [ 14.712364251821606, 53.347136773533101 ], [ 14.712364248627226, 53.347136765201356 ], [ 14.712364244123808, 53.347136757089046 ], [ 14.71236423835213, 53.347136749269616 ], [ 14.710426944516996, 53.344817335528489 ], [ 14.710426943110471, 53.3448173336227 ], [ 14.710426944888729, 53.344817331831614 ], [ 14.712814850834974, 53.342653586724936 ], [ 14.712814852889485, 53.34265358504306 ], [ 14.71281485637045, 53.342653585069016 ], [ 14.71713984517717, 53.342809166737844 ], [ 14.717139859459783, 53.342809166843871 ], [ 14.717139873694558, 53.342809166136952 ], [ 14.717139887752598, 53.342809164623439 ], [ 14.717139901506588, 53.34280916231706 ], [ 14.717139914831961, 53.342809159238719 ], [ 14.717139927608052, 53.342809155416248 ], [ 14.71713993971915, 53.342809150884293 ], [ 14.717139951055579, 53.342809145683901 ], [ 14.71713996151467, 53.342809139862133 ], [ 14.717139971001714, 53.342809133471761 ], [ 14.71713997943078, 53.342809126570657 ], [ 14.719527342712331, 53.340645320355371 ], [ 14.719527350006301, 53.340645313005815 ], [ 14.719527356099947, 53.340645305274592 ], [ 14.719527360938073, 53.340645297231696 ], [ 14.719527364476873, 53.340645288949986 ], [ 14.719527366684295, 53.34064528050444 ], [ 14.719527367540344, 53.340645271971582 ], [ 14.719527367037276, 53.340645263428634 ], [ 14.719527365179644, 53.340645254952996 ], [ 14.719527361984271, 53.340645246621413 ], [ 14.719527357480091, 53.340645238509367 ], [ 14.719527351707894, 53.340645230690285 ], [ 14.717589937193559, 53.338325929754483 ], [ 14.717589935786908, 53.338325927848786 ], [ 14.717589937564586, 53.338325926057578 ], [ 14.719977106615099, 53.336162021224979 ], [ 14.719977108669003, 53.336162019542968 ], [ 14.719977112149454, 53.336162019568718 ], [ 14.724301484710415, 53.336317328754575 ], [ 14.724301498990913, 53.336317328859728 ], [ 14.72430151322345, 53.336317328151928 ], [ 14.724301527279129, 53.336317326637506 ], [ 14.724301541030668, 53.336317324330246 ], [ 14.724301554353517, 53.336317321251052 ], [ 14.72430156712703, 53.336317317427749 ], [ 14.724301579235522, 53.336317312895034 ], [ 14.72430159056935, 53.336317307693889 ], [ 14.724301601025859, 53.336317301871453 ], [ 14.724301610510363, 53.336317295480448 ], [ 14.724301618936964, 53.336317288578755 ], [ 14.726688291273049, 53.334153281219301 ], [ 14.726688293326594, 53.334153279537169 ], [ 14.726688296806897, 53.334153279562706 ], [ 14.731012504075798, 53.334308341555797 ], [ 14.731012518355683, 53.334308341660133 ], [ 14.731012532587481, 53.334308340951488 ], [ 14.731012546642299, 53.334308339436269 ], [ 14.731012560392864, 53.334308337128206 ], [ 14.731012573714636, 53.334308334048231 ], [ 14.731012586486974, 53.334308330224196 ], [ 14.731012598594214, 53.33430832569077 ], [ 14.731012609926708, 53.334308320488972 ], [ 14.731012620381831, 53.334308314665897 ], [ 14.731012629864892, 53.334308308274352 ], [ 14.731012638290018, 53.334308301372154 ], [ 14.733398859727266, 53.332144150040833 ], [ 14.733398861780453, 53.332144148358566 ], [ 14.733398865260609, 53.332144148383911 ], [ 14.737722907155964, 53.332298963215976 ], [ 14.737722921435243, 53.332298963319488 ], [ 14.7377229356663, 53.332298962610018 ], [ 14.737722949720258, 53.33229896109399 ], [ 14.737722963469841, 53.332298958785145 ], [ 14.737722976790538, 53.332298955704402 ], [ 14.737722989561703, 53.332298951879615 ], [ 14.737723001667685, 53.332298947345485 ], [ 14.737723012998854, 53.332298942143012 ], [ 14.737723023452583, 53.332298936319333 ], [ 14.737723032934205, 53.332298929927191 ], [ 14.737723041357862, 53.332298923024496 ], [ 14.740108811934569, 53.330134627769588 ], [ 14.740108813987394, 53.330134626087229 ], [ 14.740108817467398, 53.330134626112383 ], [ 14.744432693907768, 53.33028919381519 ], [ 14.744432708186432, 53.330289193917864 ], [ 14.744432722416752, 53.330289193207584 ], [ 14.744432736469852, 53.330289191690767 ], [ 14.744432750218465, 53.330289189381126 ], [ 14.744432763538081, 53.330289186299595 ], [ 14.74443277630807, 53.33028918247409 ], [ 14.744432788412798, 53.330289177939228 ], [ 14.744432799742633, 53.33028917273608 ], [ 14.744432810194972, 53.330289166911797 ], [ 14.74443281967516, 53.330289160519108 ], [ 14.744432828097338, 53.330289153615887 ], [ 14.746818147851833, 53.328124714485668 ], [ 14.7468181499043, 53.328124712803174 ], [ 14.746818153384151, 53.328124712828121 ], [ 14.751141864288131, 53.328279033433496 ], [ 14.751141878566187, 53.328279033535367 ], [ 14.751141892795767, 53.328279032824263 ], [ 14.751141906848005, 53.328279031306629 ], [ 14.751141920595643, 53.328279028996185 ], [ 14.751141933914178, 53.328279025913886 ], [ 14.751141946682996, 53.328279022087628 ], [ 14.751141958786469, 53.328279017552063 ], [ 14.751141970114972, 53.328279012348261 ], [ 14.751141980565924, 53.328279006523346 ], [ 14.751141990044667, 53.328279000130088 ], [ 14.751141998465373, 53.32827899322637 ], [ 14.753526867436012, 53.32611441026912 ], [ 14.753526869488125, 53.326114408586477 ], [ 14.753526872967829, 53.326114408611254 ], [ 14.757850418254055, 53.326268482150972 ], [ 14.757850432531502, 53.326268482252019 ], [ 14.757850446760342, 53.326268481540083 ], [ 14.757850460811715, 53.326268480021646 ], [ 14.757850474558385, 53.326268477710428 ], [ 14.757850487875837, 53.326268474627334 ], [ 14.757850500643487, 53.326268470800336 ], [ 14.757850512745698, 53.326268466264061 ], [ 14.757850524072875, 53.326268461059598 ], [ 14.757850534522435, 53.326268455234072 ], [ 14.757850543999742, 53.326268448840231 ], [ 14.75785055241897, 53.32626844193603 ], [ 14.760234970644147, 53.324103715199989 ], [ 14.760234972695898, 53.324103713517239 ], [ 14.760234976175456, 53.324103713541788 ], [ 14.764558438667221, 53.324257542995895 ], [ 14.764558442127166, 53.324257543218252 ], [ 14.764558443831612, 53.324257545034655 ], [ 14.766497855916658, 53.326576123248074 ], [ 14.766497862910777, 53.326576130700744 ], [ 14.766497871056513, 53.326576137721631 ], [ 14.766497880280104, 53.326576144247191 ], [ 14.766497890498007, 53.326576150218258 ], [ 14.766497901617701, 53.326576155580831 ], [ 14.766497913538476, 53.326576160286294 ], [ 14.766497926152375, 53.326576164292057 ], [ 14.766497939345166, 53.326576167561832 ], [ 14.766497952997373, 53.326576170066026 ], [ 14.766497966985364, 53.326576171781937 ], [ 14.766497981182457, 53.326576172694033 ], [ 14.770821645718485, 53.326729777129806 ], [ 14.770821649178677, 53.326729777351986 ], [ 14.770821650883489, 53.326729779168296 ], [ 14.772761550957222, 53.329048308008765 ], [ 14.77276155236609, 53.32904830991388 ], [ 14.77276155059109, 53.329048311705968 ], [ 14.770377464003523, 53.33121329498104 ], [ 14.77037745671984, 53.331213302333914 ], [ 14.770377450636708, 53.331213310067966 ], [ 14.770377445809221, 53.331213318113143 ], [ 14.770377442281088, 53.331213326396593 ], [ 14.770377440084273, 53.33121333484327 ], [ 14.77037743923866, 53.331213343376724 ], [ 14.770377439751911, 53.331213351919651 ], [ 14.770377441619384, 53.331213360394699 ], [ 14.770377444824152, 53.331213368725102 ], [ 14.770377449337209, 53.331213376835422 ], [ 14.770377455117671, 53.331213384652202 ], [ 14.772317446729982, 53.333531834057631 ], [ 14.772317453726206, 53.333531841510009 ], [ 14.772317461874193, 53.333531848530541 ], [ 14.772317471100139, 53.333531855055682 ], [ 14.772317481320496, 53.333531861026316 ], [ 14.772317492442717, 53.33353186638837 ], [ 14.772317504366059, 53.333531871093321 ], [ 14.772317516982566, 53.333531875098501 ], [ 14.772317530177959, 53.333531878367673 ], [ 14.772317543832749, 53.333531880871256 ], [ 14.772317557823273, 53.333531882586527 ], [ 14.772317572022832, 53.333531883497976 ], [ 14.776641972397957, 53.333685290727814 ], [ 14.776641975858745, 53.33368529094983 ], [ 14.77664197756407, 53.333685292766049 ], [ 14.778582457365356, 53.336003692738899 ], [ 14.778582464363083, 53.336003700190929 ], [ 14.778582472512571, 53.336003707211063 ], [ 14.778582481740012, 53.336003713735742 ], [ 14.778582491961853, 53.336003719705865 ], [ 14.778582503085518, 53.336003725067357 ], [ 14.778582515010262, 53.336003729771697 ], [ 14.778582527628107, 53.336003733776252 ], [ 14.778582540824772, 53.336003737044763 ], [ 14.778582554480755, 53.336003739547635 ], [ 14.778582568472377, 53.336003741262182 ], [ 14.77858258267293, 53.336003742172913 ], [ 14.782907185070783, 53.336156924276885 ], [ 14.782907199351756, 53.336156924375018 ], [ 14.782907213583645, 53.336156923660155 ], [ 14.782907227637565, 53.336156922138791 ], [ 14.782907241386244, 53.336156919824717 ], [ 14.782907254705174, 53.336156916738879 ], [ 14.782907267473727, 53.336156912909182 ], [ 14.782907279576275, 53.336156908370377 ], [ 14.782907290903216, 53.33615690316352 ], [ 14.782907301351967, 53.336156897335776 ], [ 14.782907310827909, 53.336156890939947 ], [ 14.782907319245219, 53.33615688403394 ], [ 14.785291073716051, 53.333991644230458 ], [ 14.785291075767331, 53.333991642547275 ], [ 14.785291079247752, 53.333991642571107 ], [ 14.789615598396297, 53.334144580545853 ], [ 14.789615612676654, 53.334144580643162 ], [ 14.789615626907802, 53.334144579927489 ], [ 14.789615640960863, 53.334144578405329 ], [ 14.789615654708568, 53.334144576090438 ], [ 14.789615668026411, 53.334144573003819 ], [ 14.789615680793792, 53.334144569173404 ], [ 14.789615692895074, 53.334144564633881 ], [ 14.78961570422069, 53.334144559426356 ], [ 14.789615714668052, 53.334144553598009 ], [ 14.789615724142552, 53.334144547201589 ], [ 14.789615732558385, 53.334144540295078 ], [ 14.791998990297794, 53.331979198380452 ], [ 14.791998997577959, 53.3319791910262 ], [ 14.791999003657351, 53.331979183290976 ], [ 14.791999008480904, 53.331979175244847 ], [ 14.791999012004945, 53.3319791669607 ], [ 14.79199901419755, 53.331979158513519 ], [ 14.791999015038867, 53.331979149979816 ], [ 14.791999014521283, 53.331979141436911 ], [ 14.791999012649478, 53.331979132962104 ], [ 14.791999009440405, 53.331979124632213 ], [ 14.791999004923126, 53.331979116522625 ], [ 14.791998999138546, 53.331979108706818 ], [ 14.790057949672171, 53.329660915536707 ], [ 14.790057948262504, 53.329660913631805 ], [ 14.790057950036818, 53.329660911839447 ], [ 14.792441014461497, 53.327495471507198 ], [ 14.792441016512171, 53.327495469823866 ], [ 14.792441019992077, 53.327495469847491 ], [ 14.79676492194768, 53.327648135997073 ], [ 14.796764936225932, 53.32764813609348 ], [ 14.796764950454836, 53.327648135376904 ], [ 14.796764964505538, 53.327648133853842 ], [ 14.796764978250781, 53.327648131538091 ], [ 14.796764991566103, 53.327648128450626 ], [ 14.796765004330906, 53.327648124619387 ], [ 14.796765016429596, 53.327648120079076 ], [ 14.796765027752597, 53.327648114870833 ], [ 14.796765038197384, 53.327648109041796 ], [ 14.796765047669348, 53.327648102644751 ], [ 14.79676505608272, 53.327648095737672 ], [ 14.799147623935156, 53.325482553366129 ], [ 14.799147625985475, 53.32548255168269 ], [ 14.799147629465224, 53.325482551706124 ], [ 14.803471448030301, 53.325634973812932 ], [ 14.803471451490623, 53.325634974034166 ], [ 14.80347145319681, 53.325634975850022 ], [ 14.805413071849019, 53.327952962151755 ], [ 14.805413078850266, 53.327952969602293 ], [ 14.805413087002798, 53.327952976620672 ], [ 14.80541309623279, 53.327952983143312 ], [ 14.805413106456639, 53.327952989111161 ], [ 14.805413117581766, 53.327952994470209 ], [ 14.805413129507416, 53.32795299917187 ], [ 14.805413142125591, 53.327953003173562 ], [ 14.805413155322018, 53.32795300643911 ], [ 14.805413168977189, 53.327953008938898 ], [ 14.805413182967438, 53.327953010650269 ], [ 14.805413197166066, 53.327953011557753 ], [ 14.809737217293586, 53.328105208516249 ], [ 14.809737220754149, 53.328105208737291 ], [ 14.809737222460699, 53.328105210553083 ], [ 14.811679329271687, 53.330423147233518 ], [ 14.811679330682358, 53.330423149138184 ], [ 14.811679328908907, 53.330423150930883 ], [ 14.809297093899987, 53.332588949681394 ], [ 14.809297086622633, 53.332588957036776 ], [ 14.809297080546239, 53.332588964772945 ], [ 14.809297075725832, 53.332588972819828 ], [ 14.809297072205066, 53.332588981104578 ], [ 14.809297070015825, 53.332588989552129 ], [ 14.809297069177941, 53.33258899808601 ], [ 14.809297069698992, 53.332589006628922 ], [ 14.809297071574266, 53.332589015103508 ], [ 14.809297074786786, 53.332589023432995 ], [ 14.809297079307447, 53.332589031542 ], [ 14.809297085095313, 53.332589039357032 ], [ 14.811239321209143, 53.334906940982243 ], [ 14.811239322619929, 53.334906942886938 ], [ 14.811239320846255, 53.334906944679616 ], [ 14.808856755632757, 53.337072769655656 ], [ 14.80885675358223, 53.337072771339265 ], [ 14.808856750101508, 53.337072771316116 ], [ 14.804531827902144, 53.336920524926043 ], [ 14.804531813620729, 53.336920524830525 ], [ 14.804531799388805, 53.336920525547946 ], [ 14.804531785335261, 53.336920527071868 ], [ 14.804531771587374, 53.336920529388472 ], [ 14.804531758269638, 53.336920532476761 ], [ 14.804531745502668, 53.336920536308789 ], [ 14.804531733402079, 53.336920540849853 ], [ 14.80453172207746, 53.336920546058806 ], [ 14.804531711631364, 53.336920551888475 ], [ 14.804531702158393, 53.336920558286096 ], [ 14.804531693744341, 53.336920565193729 ], [ 14.802148723059403, 53.339086205100358 ], [ 14.802148721008518, 53.339086206783847 ], [ 14.802148717527649, 53.339086206760498 ], [ 14.797823628829136, 53.338933713317068 ], [ 14.797823614547104, 53.338933713220705 ], [ 14.797823600314436, 53.338933713937344 ], [ 14.79782358626003, 53.338933715460442 ], [ 14.797823572511167, 53.33893371777625 ], [ 14.797823559192352, 53.338933720863771 ], [ 14.797823546424205, 53.338933724695053 ], [ 14.797823534322351, 53.3389337292354 ], [ 14.797823522996405, 53.338933734443685 ], [ 14.797823512548916, 53.338933740272758 ], [ 14.797823503074508, 53.338933746669824 ], [ 14.79782349465898, 53.338933753576931 ], [ 14.795440118485899, 53.341099208372405 ], [ 14.795440111204677, 53.341099215726878 ], [ 14.795440105124513, 53.341099223462244 ], [ 14.795440100300473, 53.341099231508501 ], [ 14.795440096776247, 53.341099239792754 ], [ 14.795440094583748, 53.341099248239985 ], [ 14.795440093742835, 53.341099256773695 ], [ 14.795440094261124, 53.341099265316601 ], [ 14.795440096133921, 53.341099273791343 ], [ 14.795440099344258, 53.341099282121185 ], [ 14.79544010386307, 53.341099290230645 ], [ 14.795440109649437, 53.341099298046323 ], [ 14.797381942910395, 53.343417416064248 ], [ 14.797381944320819, 53.343417417969079 ], [ 14.797381942546203, 53.34341741976155 ], [ 14.794998235834962, 53.345582900726548 ], [ 14.794998228552853, 53.345582908080949 ], [ 14.794998222471921, 53.345582915816287 ], [ 14.794998217647253, 53.345582923862523 ], [ 14.79499821412252, 53.345582932146726 ], [ 14.794998211929659, 53.345582940593964 ], [ 14.794998211088522, 53.345582949127653 ], [ 14.794998211606728, 53.345582957670565 ], [ 14.794998213479584, 53.345582966145294 ], [ 14.794998216690121, 53.345582974475143 ], [ 14.794998221209283, 53.345582982584617 ], [ 14.794998226996128, 53.345582990400331 ], [ 14.796940226713712, 53.347901117847421 ], [ 14.796940228124249, 53.347901119752279 ], [ 14.79694022634942, 53.347901121544737 ], [ 14.794556189003124, 53.350066628674675 ], [ 14.794556186951393, 53.350066630358015 ], [ 14.794556183469643, 53.35006663033441 ], [ 14.790230025646974, 53.349913840191803 ], [ 14.790230011361329, 53.349913840094473 ], [ 14.790229997124914, 53.349913840810103 ], [ 14.790229983066643, 53.349913842332235 ], [ 14.790229969313842, 53.349913844647084 ], [ 14.790229955991052, 53.34991384773366 ], [ 14.790229943218927, 53.349913851564075 ], [ 14.790229931113132, 53.349913856103548 ], [ 14.790229919783306, 53.349913861311038 ], [ 14.790229909332041, 53.34991386713935 ], [ 14.790229899854005, 53.349913873535726 ], [ 14.790229891435009, 53.349913880442223 ], [ 14.787845448328207, 53.352079202363683 ], [ 14.787845446276119, 53.352079204046909 ], [ 14.78784544279422, 53.352079204023113 ], [ 14.783519118557548, 53.351926166682439 ], [ 14.78351910427129, 53.351926166584306 ], [ 14.78351909003413, 53.351926167299105 ], [ 14.783519075974999, 53.351926168820434 ], [ 14.783519062221222, 53.351926171134501 ], [ 14.783519048897347, 53.35192617422031 ], [ 14.783519036124046, 53.351926178049951 ], [ 14.783519024016991, 53.351926182588727 ], [ 14.783519012685833, 53.351926187795556 ], [ 14.783519002233181, 53.351926193623264 ], [ 14.783518992753697, 53.351926200019079 ], [ 14.783518984333229, 53.351926206925064 ], [ 14.781134089714682, 53.354091385114735 ], [ 14.781134087662231, 53.354091386797819 ], [ 14.781134084180183, 53.354091386773838 ], [ 14.776807510647371, 53.353938099262393 ], [ 14.776807507184946, 53.353938099040342 ], [ 14.776807505478846, 53.353938097224095 ], [ 14.774866361054508, 53.351619659354661 ], [ 14.77486635405503, 53.351619651902389 ], [ 14.774866345903325, 53.351619644881978 ], [ 14.774866336673218, 53.351619638356951 ], [ 14.774866326448292, 53.351619632386466 ], [ 14.77486631532115, 53.351619627024562 ], [ 14.774866303392558, 53.351619622319774 ], [ 14.774866290770547, 53.351619618314764 ], [ 14.774866277569423, 53.351619615045756 ], [ 14.774866263908734, 53.351619612542372 ], [ 14.774866249912197, 53.351619610827278 ], [ 14.774866235706565, 53.351619609916028 ], [ 14.770540113373773, 53.351466105956646 ], [ 14.770540099087782, 53.351466105856936 ], [ 14.770540084850646, 53.351466106570207 ], [ 14.770540070791286, 53.351466108089994 ], [ 14.770540057037032, 53.351466110402548 ], [ 14.770540043712444, 53.351466113486886 ], [ 14.770540030938195, 53.351466117315127 ], [ 14.770540018829969, 53.351466121852553 ], [ 14.770540007497415, 53.351466127058117 ], [ 14.770539997043167, 53.351466132884653 ], [ 14.770539987561902, 53.351466139279403 ], [ 14.770539979139475, 53.351466146184436 ], [ 14.768154466779313, 53.35363105222185 ], [ 14.768154464726383, 53.353631053904685 ], [ 14.7681544612444, 53.353631053880335 ], [ 14.763828089821587, 53.353477299725611 ], [ 14.763828075534985, 53.353477299625091 ], [ 14.763828061297104, 53.353477300337552 ], [ 14.763828047236879, 53.353477301856529 ], [ 14.763828033481651, 53.353477304168273 ], [ 14.763828020155991, 53.353477307251843 ], [ 14.763828007380564, 53.353477311079338 ], [ 14.763827995271075, 53.353477315616068 ], [ 14.763827983937189, 53.353477320820943 ], [ 14.763827973481547, 53.353477326646882 ], [ 14.763827963998837, 53.35347733304107 ], [ 14.763827955574941, 53.353477339945584 ], [ 14.761442037462338, 53.355642060620021 ], [ 14.76144203017274, 53.355642067972205 ], [ 14.761442024084285, 53.355642075705667 ], [ 14.761442019252113, 53.355642083750396 ], [ 14.761442015719981, 53.355642092033449 ], [ 14.761442013519883, 53.355642100479898 ], [ 14.761442012671735, 53.355642109013225 ], [ 14.761442013183219, 53.355642117556137 ], [ 14.76144201504971, 53.35564212603127 ], [ 14.761442018254298, 53.355642134361894 ], [ 14.761442022767962, 53.355642142472547 ], [ 14.761442028549833, 53.355642150289775 ], [ 14.763382602178677, 53.357960795025193 ], [ 14.763382603588004, 53.357960796930406 ], [ 14.763382601811351, 53.357960798722317 ], [ 14.76099635243059, 53.360125545427614 ], [ 14.760996345140107, 53.36012555277977 ], [ 14.760996339050891, 53.360125560513183 ], [ 14.760996334218079, 53.360125568557855 ], [ 14.760996330685442, 53.360125576840915 ], [ 14.760996328484973, 53.360125585287335 ], [ 14.760996327636597, 53.360125593820641 ], [ 14.760996328148, 53.360125602363546 ], [ 14.760996330014546, 53.360125610838693 ], [ 14.760996333219333, 53.360125619169331 ], [ 14.760996337733342, 53.36012562728002 ], [ 14.760996343515693, 53.360125635097255 ], [ 14.762937083232856, 53.362444289344737 ], [ 14.762937084642303, 53.362444291249936 ], [ 14.762937082865429, 53.362444293041868 ], [ 14.76055050211934, 53.364609065773429 ], [ 14.760550500065566, 53.364609067456122 ], [ 14.760550496582702, 53.364609067431516 ], [ 14.756223055777905, 53.364455015962811 ], [ 14.756223041487688, 53.36445501586131 ], [ 14.756223027246056, 53.364455016572776 ], [ 14.756223013181973, 53.36445501809078 ], [ 14.756222999422805, 53.364455020401586 ], [ 14.75622298609316, 53.364455023484211 ], [ 14.756222973313756, 53.36445502731079 ], [ 14.756222961200317, 53.364455031846674 ], [ 14.756222949862551, 53.36445503705076 ], [ 14.756222939403131, 53.364455042875925 ], [ 14.756222929916783, 53.364455049269424 ], [ 14.75622292148941, 53.364455056173334 ], [ 14.753835934718499, 53.36661964344448 ], [ 14.753835932664364, 53.366619645127052 ], [ 14.753835929181351, 53.36661964510224 ], [ 14.749508322331247, 53.366465346235636 ], [ 14.749508308040422, 53.366465346133317 ], [ 14.749508293798046, 53.36646534684396 ], [ 14.749508279733098, 53.36646534836116 ], [ 14.749508265972956, 53.366465350671149 ], [ 14.749508252642228, 53.366465353753021 ], [ 14.749508239861646, 53.366465357578875 ], [ 14.749508227746947, 53.366465362114027 ], [ 14.749508216407854, 53.366465367317431 ], [ 14.749508205947038, 53.366465373141999 ], [ 14.749508196459246, 53.36646537953493 ], [ 14.749508188030401, 53.366465386438328 ], [ 14.747120749434798, 53.368629829711608 ], [ 14.747120747380304, 53.368629831394081 ], [ 14.747120743897137, 53.368629831369049 ], [ 14.742792971083338, 53.368475285072726 ], [ 14.742792956791904, 53.368475284969563 ], [ 14.742792942548785, 53.368475285679402 ], [ 14.742792928482976, 53.368475287195785 ], [ 14.742792914721855, 53.368475289504978 ], [ 14.742792901390047, 53.368475292586069 ], [ 14.742792888608292, 53.368475296411162 ], [ 14.742792876492331, 53.368475300945626 ], [ 14.742792865151898, 53.368475306148383 ], [ 14.742792854689689, 53.368475311972297 ], [ 14.742792845200464, 53.368475318364666 ], [ 14.742792836770139, 53.368475325267561 ], [ 14.740404992103405, 53.370639582993007 ], [ 14.74040498480754, 53.370639590343778 ], [ 14.740404978713041, 53.370639598076018 ], [ 14.740404973875087, 53.370639606119745 ], [ 14.740404970337496, 53.370639614402073 ], [ 14.740404968132308, 53.37063962284801 ], [ 14.740404967279494, 53.370639631381088 ], [ 14.74040496778677, 53.370639639923994 ], [ 14.740404969649555, 53.370639648399376 ], [ 14.740404972850968, 53.370639656730496 ], [ 14.740404977362019, 53.370639664841875 ], [ 14.740404983141852, 53.370639672660076 ], [ 14.742344994198968, 53.372958602226021 ], [ 14.742345001195952, 53.372958609680147 ], [ 14.742345009346064, 53.372958616702739 ], [ 14.742345018575499, 53.372958623230254 ], [ 14.742345028800667, 53.372958629203524 ], [ 14.742345039928976, 53.372958634568484 ], [ 14.74234505185964, 53.372958639276554 ], [ 14.74234506448461, 53.372958643285074 ], [ 14.742345077689567, 53.372958646557763 ], [ 14.74234509135491, 53.372958649064962 ], [ 14.742345105356888, 53.372958650783971 ], [ 14.742345119568695, 53.372958651699243 ], [ 14.746673344305735, 53.373113223098876 ], [ 14.746673347769512, 53.373113223321823 ], [ 14.746673349475024, 53.373113225138489 ], [ 14.748613849715435, 53.375432105314076 ], [ 14.748613856713916, 53.375432112767847 ], [ 14.748613864865538, 53.375432119790055 ], [ 14.748613874096472, 53.375432126317094 ], [ 14.748613884323126, 53.37543213228988 ], [ 14.748613895452879, 53.375432137654272 ], [ 14.748613907384952, 53.375432142361717 ], [ 14.748613920011275, 53.375432146369604 ], [ 14.7486139332175, 53.375432149641632 ], [ 14.748613946884038, 53.375432152148129 ], [ 14.748613960887118, 53.375432153866427 ], [ 14.748613975099925, 53.375432154780981 ], [ 14.75294248583967, 53.375586503778358 ], [ 14.752942489303692, 53.37558650400112 ], [ 14.75294249100957, 53.375586505817722 ], [ 14.754883443314963, 53.377905292087952 ], [ 14.754883450314948, 53.377905299541389 ], [ 14.754883458468074, 53.377905306563186 ], [ 14.754883467700513, 53.377905313089776 ], [ 14.754883477928651, 53.377905319062023 ], [ 14.754883489059857, 53.377905324425882 ], [ 14.75488350099333, 53.377905329132744 ], [ 14.754883513620998, 53.377905333139978 ], [ 14.754883526828499, 53.377905336411317 ], [ 14.754883540496234, 53.377905338917124 ], [ 14.75488355450041, 53.377905340634712 ], [ 14.754883568714217, 53.377905341548527 ], [ 14.759212282409667, 53.378059465145768 ], [ 14.759212296704467, 53.378059465246984 ], [ 14.759212310950627, 53.378059464535255 ], [ 14.759212325019146, 53.378059463016996 ], [ 14.759212338782602, 53.378059460705941 ], [ 14.759212352116359, 53.378059457623053 ], [ 14.759212364899662, 53.378059453796226 ], [ 14.759212377016748, 53.378059449260128 ], [ 14.759212388357875, 53.378059444055822 ], [ 14.759212398820338, 53.378059438230451 ], [ 14.759212408309397, 53.378059431836803 ], [ 14.7592124167391, 53.378059424932722 ], [ 14.761599809006315, 53.375894740180129 ], [ 14.761599811060616, 53.375894738497401 ], [ 14.761599814544406, 53.375894738522007 ], [ 14.765928445005011, 53.376048617588722 ], [ 14.765928459299197, 53.376048617689129 ], [ 14.765928473544619, 53.37604861697659 ], [ 14.765928487612262, 53.376048615457506 ], [ 14.765928501374749, 53.376048613145663 ], [ 14.765928514707424, 53.376048610062 ], [ 14.765928527489546, 53.376048606234434 ], [ 14.765928539605373, 53.376048601697619 ], [ 14.765928550945162, 53.376048596492645 ], [ 14.765928561406236, 53.37604859066667 ], [ 14.76592857089385, 53.376048584272432 ], [ 14.765928579322079, 53.376048577367847 ], [ 14.768315519481229, 53.373883748641056 ], [ 14.76831552153517, 53.373883746958214 ], [ 14.768315525018807, 53.3738837469826 ], [ 14.772644072157343, 53.374037381538194 ], [ 14.772644075621368, 53.374037381760388 ], [ 14.772644077328041, 53.37403738357672 ], [ 14.774586053390854, 53.376355868867698 ], [ 14.77458606039411, 53.376355876320048 ], [ 14.774586068550274, 53.376355883340558 ], [ 14.774586077785488, 53.376355889865678 ], [ 14.774586088016118, 53.376355895836284 ], [ 14.774586099149516, 53.376355901198323 ], [ 14.774586111084849, 53.376355905903253 ], [ 14.774586123714027, 53.376355909908426 ], [ 14.774586136922693, 53.376355913177605 ], [ 14.774586150591212, 53.376355915681167 ], [ 14.774586164595805, 53.376355917396431 ], [ 14.774586178809649, 53.376355918307901 ], [ 14.778914928632005, 53.376509327408698 ], [ 14.778914932096271, 53.376509327630707 ], [ 14.778914933803312, 53.376509329446947 ], [ 14.78085739926671, 53.378827765130929 ], [ 14.780857400677469, 53.378827767035943 ], [ 14.780857398900618, 53.37882776882811 ], [ 14.778470791630273, 53.380992854509984 ], [ 14.778470784338976, 53.380992861863163 ], [ 14.778470778249693, 53.38099286959747 ], [ 14.778470773417565, 53.380992877642846 ], [ 14.778470769886342, 53.380992885926425 ], [ 14.778470767688018, 53.380992894373186 ], [ 14.77847076684249, 53.380992902906669 ], [ 14.778470767357419, 53.380992911449553 ], [ 14.778470769228148, 53.380992919924481 ], [ 14.778470772437721, 53.380992928254727 ], [ 14.778470776957089, 53.380992936364819 ], [ 14.778470782745314, 53.380992944181322 ], [ 14.780413377527749, 53.383311344884923 ], [ 14.78041337893862, 53.383311346789945 ], [ 14.780413377161555, 53.383311348582112 ], [ 14.778026484163149, 53.38547641883536 ], [ 14.778026476870966, 53.385476426188504 ], [ 14.778026470780921, 53.385476433922761 ], [ 14.77802646594815, 53.385476441968088 ], [ 14.778026462416427, 53.385476450251659 ], [ 14.778026460217735, 53.38547645869842 ], [ 14.778026459371981, 53.385476467231875 ], [ 14.778026459886828, 53.385476475774738 ], [ 14.77802646175761, 53.3854764842497 ], [ 14.778026464967391, 53.385476492579947 ], [ 14.778026469487095, 53.385476500690061 ], [ 14.778026475275803, 53.385476508506592 ], [ 14.779969199405635, 53.387794874232185 ], [ 14.779969206411616, 53.38779488168425 ], [ 14.779969214570777, 53.387794888704441 ], [ 14.779969223809225, 53.387794895229192 ], [ 14.7799692340433, 53.387794901199413 ], [ 14.779969245180308, 53.387794906561034 ], [ 14.779969257119401, 53.387794911265473 ], [ 14.779969269752456, 53.387794915270149 ], [ 14.779969282965062, 53.387794918538795 ], [ 14.779969296637564, 53.387794921041809 ], [ 14.779969310646148, 53.387794922756541 ], [ 14.779969324863943, 53.387794923667435 ], [ 14.784299265038504, 53.387948159994906 ], [ 14.784299268503734, 53.387948160216787 ], [ 14.784299270211442, 53.38794816203297 ], [ 14.786242484066456, 53.390266478077983 ], [ 14.78624249107394, 53.390266485529693 ], [ 14.786242499234611, 53.3902664925495 ], [ 14.786242508474563, 53.390266499073768 ], [ 14.786242518710115, 53.390266505043492 ], [ 14.786242529848579, 53.39026651040453 ], [ 14.786242541789077, 53.39026651510838 ], [ 14.786242554423477, 53.390266519112402 ], [ 14.786242567637359, 53.390266522380394 ], [ 14.786242581311058, 53.390266524882719 ], [ 14.786242595320742, 53.390266526596719 ], [ 14.786242609539535, 53.390266527506881 ], [ 14.790572835485008, 53.390419541168647 ], [ 14.790572838950487, 53.390419541390358 ], [ 14.790572840658559, 53.390419543206448 ], [ 14.79251650706836, 53.392737765066634 ], [ 14.792516514077345, 53.392737772518004 ], [ 14.792516522239524, 53.392737779537406 ], [ 14.792516531480977, 53.392737786061254 ], [ 14.792516541718017, 53.392737792030445 ], [ 14.792516552857935, 53.392737797390915 ], [ 14.792516564799836, 53.392737802094153 ], [ 14.792516577435581, 53.392737806097557 ], [ 14.792516590650742, 53.392737809364867 ], [ 14.792516604325632, 53.392737811866503 ], [ 14.792516618336414, 53.392737813579785 ], [ 14.792516632556204, 53.392737814489202 ], [ 14.796847144233819, 53.392890605441366 ], [ 14.796847147699543, 53.392890605662899 ], [ 14.796847149407977, 53.392890607478897 ], [ 14.798791305736161, 53.39520877955934 ], [ 14.798791307148237, 53.395208781464177 ], [ 14.798791305371402, 53.395208783256621 ], [ 14.796404581262493, 53.397374265142375 ], [ 14.796404579208453, 53.397374266825707 ], [ 14.796404575722832, 53.397374266802089 ], [ 14.79207361134862, 53.397221451023874 ], [ 14.792073597047096, 53.397221450926459 ], [ 14.79207358279484, 53.397221451641997 ], [ 14.792073568720919, 53.397221453164036 ], [ 14.792073554952788, 53.397221455478807 ], [ 14.792073541615135, 53.397221458565291 ], [ 14.792073528828743, 53.397221462395585 ], [ 14.792073516709417, 53.39722146693498 ], [ 14.792073505366901, 53.397221472142363 ], [ 14.792073494903923, 53.397221477970596 ], [ 14.792073485415234, 53.39722148436686 ], [ 14.79207347698677, 53.397221491273278 ], [ 14.789686391662613, 53.399386746211057 ], [ 14.789686384369901, 53.399386753564883 ], [ 14.789686378279807, 53.399386761299724 ], [ 14.789686373447495, 53.39938676934554 ], [ 14.789686369916716, 53.399386777629452 ], [ 14.789686367719456, 53.399386786076441 ], [ 14.789686366875607, 53.39938679461001 ], [ 14.789686367392813, 53.399386803152865 ], [ 14.789686369266391, 53.399386811627643 ], [ 14.789686372479368, 53.399386819957648 ], [ 14.789686377002651, 53.399386828067385 ], [ 14.789686382795285, 53.399386835883412 ], [ 14.791630383013558, 53.401705076652007 ], [ 14.79163038442551, 53.401705078556915 ], [ 14.791630382648094, 53.401705080349245 ], [ 14.7892429198728, 53.403870402934409 ], [ 14.789242917818159, 53.403870404617571 ], [ 14.789242914332025, 53.403870404593739 ], [ 14.784911330180272, 53.403717316332191 ], [ 14.784911315876629, 53.40371731623388 ], [ 14.784911301622122, 53.403717316948509 ], [ 14.784911287545826, 53.403717318469674 ], [ 14.784911273775233, 53.403717320783549 ], [ 14.784911260435042, 53.403717323869181 ], [ 14.784911247646063, 53.403717327698651 ], [ 14.784911235524129, 53.403717332237257 ], [ 14.784911224179002, 53.403717337443915 ], [ 14.784911213713436, 53.403717343271445 ], [ 14.784911204222199, 53.403717349667119 ], [ 14.784911195791247, 53.403717356572976 ], [ 14.782523325878085, 53.405882493661132 ], [ 14.782523323823078, 53.405882495344201 ], [ 14.782523320336793, 53.405882495320157 ], [ 14.778191569306252, 53.405729159374538 ], [ 14.778191555001992, 53.405729159275388 ], [ 14.778191540746739, 53.405729159989214 ], [ 14.778191526669582, 53.405729161509555 ], [ 14.778191512898006, 53.405729163822627 ], [ 14.778191499556732, 53.405729166907484 ], [ 14.778191486766579, 53.405729170736222 ], [ 14.778191474643377, 53.405729175274118 ], [ 14.778191463296913, 53.405729180480108 ], [ 14.778191452829946, 53.405729186307028 ], [ 14.778191443337263, 53.40572919270214 ], [ 14.778191434904839, 53.405729199607471 ], [ 14.775803112036748, 53.407894192671684 ], [ 14.77580310998138, 53.407894194354618 ], [ 14.775803106494946, 53.407894194330396 ], [ 14.771471188667357, 53.407740610668725 ], [ 14.771471174362485, 53.407740610568766 ], [ 14.771471160106486, 53.407740611281774 ], [ 14.77147114602846, 53.407740612801305 ], [ 14.771471132255904, 53.407740615113582 ], [ 14.771471118913547, 53.407740618197678 ], [ 14.771471106122215, 53.407740622025649 ], [ 14.771471093997746, 53.407740626562841 ], [ 14.771471082649947, 53.407740631768156 ], [ 14.771471072181582, 53.407740637594458 ], [ 14.771471062687457, 53.407740643989008 ], [ 14.771471054253542, 53.407740650893835 ], [ 14.769082278391769, 53.409905499885632 ], [ 14.769082276336043, 53.409905501568446 ], [ 14.769082272849456, 53.40990550154401 ], [ 14.764750105235837, 53.409751667183016 ], [ 14.764750101768973, 53.409751666960538 ], [ 14.764750100061296, 53.409751665144093 ], [ 14.76280724438859, 53.407433009736479 ], [ 14.762807237382619, 53.407433002283419 ], [ 14.762807229222767, 53.407432995262042 ], [ 14.762807219982925, 53.407432988735948 ], [ 14.76280720974677, 53.407432982764234 ], [ 14.762807198607005, 53.40743297740098 ], [ 14.762807186664512, 53.407432972694743 ], [ 14.762807174027445, 53.40743296868817 ], [ 14.762807160810251, 53.407432965417541 ], [ 14.762807147132618, 53.407432962912445 ], [ 14.762807133118416, 53.407432961195596 ], [ 14.762807118894566, 53.407432960282534 ], [ 14.758475403795158, 53.407278909079594 ], [ 14.758475389490563, 53.407278908978071 ], [ 14.758475375234582, 53.407278909689531 ], [ 14.758475361156334, 53.407278911207506 ], [ 14.758475347383303, 53.407278913518276 ], [ 14.758475334040231, 53.407278916600887 ], [ 14.758475321247948, 53.407278920427459 ], [ 14.758475309122304, 53.407278924963308 ], [ 14.758475297773108, 53.407278930167365 ], [ 14.758475287303142, 53.407278935992494 ], [ 14.758475277807227, 53.407278942385958 ], [ 14.758475269371353, 53.407278949289832 ], [ 14.756085873903983, 53.409443525508237 ], [ 14.756085871847775, 53.409443527190803 ], [ 14.756085868361255, 53.409443527166005 ], [ 14.751753820614448, 53.409289222278794 ], [ 14.751753817147707, 53.409289222055932 ], [ 14.751753815440612, 53.409289220239309 ], [ 14.749811699194842, 53.406970367163794 ], [ 14.74981169219126, 53.406970359710023 ], [ 14.749811684033684, 53.406970352687814 ], [ 14.749811674795987, 53.406970346160726 ], [ 14.749811664561824, 53.406970340187947 ], [ 14.749811653423883, 53.406970334823505 ], [ 14.749811641483028, 53.40697033011601 ], [ 14.749811628847395, 53.40697032610808 ], [ 14.749811615631414, 53.406970322836038 ], [ 14.749811601954777, 53.406970320329457 ], [ 14.749811587941336, 53.406970318611123 ], [ 14.749811573718004, 53.406970317696505 ], [ 14.745479978639981, 53.406815796037996 ], [ 14.745479964335649, 53.406815795934925 ], [ 14.7454799500797, 53.406815796644821 ], [ 14.745479936001223, 53.406815798161276 ], [ 14.745479922227723, 53.406815800470525 ], [ 14.745479908883935, 53.406815803551673 ], [ 14.745479896090702, 53.406815807376823 ], [ 14.745479883963876, 53.406815811911322 ], [ 14.74547987261329, 53.406815817114094 ], [ 14.745479862141726, 53.406815822938064 ], [ 14.745479852644023, 53.406815829330462 ], [ 14.745479844206191, 53.406815836233378 ], [ 14.743089829378794, 53.408980139579192 ], [ 14.743089827322114, 53.40898014126153 ], [ 14.743089823835657, 53.408980141236349 ], [ 14.73875789631723, 53.408825365852259 ], [ 14.738757892850614, 53.408825365629028 ], [ 14.738757891144102, 53.408825363812234 ], [ 14.736816514441131, 53.406506313197376 ], [ 14.736816507439942, 53.406506305742873 ], [ 14.736816499284643, 53.406506298719798 ], [ 14.736816490049089, 53.406506292191786 ], [ 14.736816479816921, 53.406506286217898 ], [ 14.736816468680798, 53.406506280852291 ], [ 14.736816456741581, 53.406506276143517 ], [ 14.736816444107385, 53.406506272134251 ], [ 14.736816430892626, 53.40650626886076 ], [ 14.73681641721698, 53.406506266352714 ], [ 14.736816403204303, 53.406506264632853 ], [ 14.736816388981486, 53.406506263716707 ], [ 14.732484914286314, 53.406351271632062 ], [ 14.732484899982259, 53.40635127152742 ], [ 14.732484885726333, 53.406351272235774 ], [ 14.732484871647632, 53.406351273750673 ], [ 14.732484857873654, 53.406351276058416 ], [ 14.732484844529154, 53.406351279138086 ], [ 14.732484831734972, 53.406351282961815 ], [ 14.732484819606974, 53.406351287494957 ], [ 14.732484808254988, 53.406351292696485 ], [ 14.732484797781826, 53.406351298519283 ], [ 14.732484788282338, 53.406351304910586 ], [ 14.732484779842546, 53.406351311812557 ], [ 14.730094145900866, 53.408515342186654 ], [ 14.730094143843704, 53.408515343868764 ], [ 14.730094140357322, 53.408515343843192 ], [ 14.72576241649262, 53.408360100970114 ], [ 14.72576240218795, 53.408360100864662 ], [ 14.72576238793128, 53.408360101572171 ], [ 14.725762373851717, 53.408360103086267 ], [ 14.72576236007677, 53.408360105393228 ], [ 14.725762346731182, 53.408360108472117 ], [ 14.725762333935823, 53.408360112295107 ], [ 14.725762321806561, 53.408360116827552 ], [ 14.725762310453241, 53.408360122028398 ], [ 14.725762299978685, 53.408360127850571 ], [ 14.725762290477748, 53.40836013424132 ], [ 14.725762282036476, 53.408360141142779 ], [ 14.723371241045619, 53.41052398568484 ], [ 14.723371233739659, 53.410523993034317 ], [ 14.723371227636001, 53.410524000765491 ], [ 14.723371222789913, 53.410524008808345 ], [ 14.723371219245299, 53.410524017090005 ], [ 14.723371217034249, 53.41052402553548 ], [ 14.723371216176783, 53.410524034068288 ], [ 14.723371216680675, 53.410524042611179 ], [ 14.723371218541354, 53.410524051086753 ], [ 14.723371221741978, 53.410524059418279 ], [ 14.723371226253557, 53.410524067530282 ], [ 14.723371232035229, 53.410524075349315 ], [ 14.725311997887463, 53.412843288514317 ], [ 14.725312004887584, 53.412843295969466 ], [ 14.725312013042096, 53.412843302993302 ], [ 14.725312022277155, 53.412843309522223 ], [ 14.725312032509127, 53.412843315497071 ], [ 14.725312043645353, 53.41284332086375 ], [ 14.725312055584974, 53.412843325573697 ], [ 14.725312068219869, 53.412843329584184 ], [ 14.725312081435609, 53.412843332858962 ], [ 14.725312095112521, 53.412843335368343 ], [ 14.725312109126733, 53.412843337089591 ], [ 14.725312123351337, 53.412843338007157 ], [ 14.7296443001788, 53.412998606106648 ], [ 14.729644303645692, 53.412998606330149 ], [ 14.729644305351968, 53.412998608147085 ], [ 14.731585561441678, 53.415317771881277 ], [ 14.7315855684433, 53.415317779336078 ], [ 14.731585576599324, 53.415317786359516 ], [ 14.731585585835891, 53.415317792887976 ], [ 14.731585596069351, 53.415317798862326 ], [ 14.73158560720703, 53.415317804228444 ], [ 14.73158561914806, 53.415317808937779 ], [ 14.731585631784302, 53.415317812947642 ], [ 14.73158564500133, 53.415317816221737 ], [ 14.731585658679428, 53.415317818730436 ], [ 14.731585672694749, 53.415317820450952 ], [ 14.731585686920353, 53.415317821367779 ], [ 14.73591815064597, 53.415472866800044 ], [ 14.73591815411311, 53.415472867023354 ], [ 14.73591815581975, 53.415472868840205 ], [ 14.737859865014496, 53.417791938623104 ], [ 14.737859872017619, 53.417791946077557 ], [ 14.737859880175158, 53.41779195310059 ], [ 14.737859889413228, 53.417791959628595 ], [ 14.737859899648173, 53.417791965602433 ], [ 14.737859910787305, 53.417791970967983 ], [ 14.737859922729745, 53.417791975676728 ], [ 14.737859935367339, 53.417791979685937 ], [ 14.737859948585641, 53.417791982959358 ], [ 14.737859962264944, 53.41779198546736 ], [ 14.737859976281364, 53.417791987187179 ], [ 14.737859990507969, 53.417791988103261 ], [ 14.742192741093197, 53.417946810824247 ], [ 14.74219274456058, 53.417946811047408 ], [ 14.742192746267586, 53.417946812864159 ], [ 14.744134908649368, 53.420265788649132 ], [ 14.744134915653996, 53.420265796103259 ], [ 14.744134923813041, 53.420265803125908 ], [ 14.744134933052621, 53.420265809653436 ], [ 14.744134943289055, 53.420265815626742 ], [ 14.74413495442964, 53.420265820991759 ], [ 14.744134966373489, 53.420265825699879 ], [ 14.744134979012433, 53.420265829708455 ], [ 14.744134992232011, 53.420265832981208 ], [ 14.744135005912511, 53.4202658354885 ], [ 14.744135019930038, 53.420265837207616 ], [ 14.744135034157644, 53.420265838122965 ], [ 14.748468071563892, 53.420420438088669 ], [ 14.748468075031511, 53.420420438311645 ], [ 14.74846807673889, 53.420420440128318 ], [ 14.750410692389698, 53.422739321868718 ], [ 14.750410699395827, 53.422739329322518 ], [ 14.750410707556389, 53.422739336344719 ], [ 14.750410716797472, 53.422739342871814 ], [ 14.750410727035394, 53.422739348844615 ], [ 14.750410738177434, 53.422739354209071 ], [ 14.75041075012269, 53.42273935891658 ], [ 14.750410762762987, 53.422739362924531 ], [ 14.750410775983847, 53.422739366196616 ], [ 14.750410789665544, 53.422739368703212 ], [ 14.750410803684172, 53.422739370421588 ], [ 14.750410817912774, 53.42273937133622 ], [ 14.75474414210141, 53.422893748502645 ], [ 14.754744145569278, 53.422893748725443 ], [ 14.754744147277016, 53.422893750542016 ], [ 14.756687253540704, 53.42521258265554 ], [ 14.756687254951789, 53.425212584560839 ], [ 14.75668725317189, 53.425212586352579 ], [ 14.75429671122598, 53.427377100486666 ], [ 14.754296703922199, 53.427377107838112 ], [ 14.75429669782149, 53.427377115570906 ], [ 14.754296692979093, 53.427377123615059 ], [ 14.754296689438862, 53.427377131897721 ], [ 14.754296687232861, 53.42737714034385 ], [ 14.754296686381061, 53.427377148876992 ], [ 14.754296686891184, 53.427377157419841 ], [ 14.754296688758608, 53.427377165895052 ], [ 14.75429669196642, 53.427377174225867 ], [ 14.754296696485564, 53.427377182336848 ], [ 14.754296702275132, 53.427377190154516 ], [ 14.756239937948548, 53.42969598734846 ], [ 14.756239939359752, 53.42969598925378 ], [ 14.75623993757964, 53.429695991045506 ], [ 14.753849108808021, 53.431860489650724 ], [ 14.753849101503356, 53.431860497002084 ], [ 14.753849095401872, 53.431860504734857 ], [ 14.753849090558834, 53.431860512778997 ], [ 14.753849087018098, 53.431860521061616 ], [ 14.753849084811725, 53.431860529507723 ], [ 14.753849083959699, 53.43186053804083 ], [ 14.753849084469733, 53.431860546583714 ], [ 14.753849086337217, 53.431860555058918 ], [ 14.753849089545231, 53.431860563389755 ], [ 14.753849094064725, 53.431860571500749 ], [ 14.753849099854769, 53.431860579318453 ], [ 14.755792464966262, 53.434179341595218 ], [ 14.755792471975131, 53.434179349048748 ], [ 14.755792480138687, 53.434179356070636 ], [ 14.755792489383008, 53.434179362597334 ], [ 14.755792499624379, 53.434179368569758 ], [ 14.755792510770045, 53.43417937393378 ], [ 14.755792522719073, 53.43417937864082 ], [ 14.755792535363247, 53.43417938264826 ], [ 14.75579254858806, 53.434179385919833 ], [ 14.755792562273756, 53.434179388425861 ], [ 14.755792576296379, 53.43417939014369 ], [ 14.755792590528953, 53.434179391057768 ], [ 14.76012710856868, 53.434333595496064 ], [ 14.760127112037511, 53.434333595718741 ], [ 14.76012711374592, 53.43433359753525 ], [ 14.762070969796136, 53.436652310111469 ], [ 14.762070976806507, 53.436652317564644 ], [ 14.762070984971583, 53.436652324586127 ], [ 14.762070994217412, 53.436652331112398 ], [ 14.762071004460269, 53.436652337084297 ], [ 14.762071015607386, 53.436652342447751 ], [ 14.762071027557827, 53.436652347154187 ], [ 14.762071040203352, 53.43665235116098 ], [ 14.762071053429452, 53.436652354431878 ], [ 14.762071067116334, 53.436652356937216 ], [ 14.762071081140069, 53.436652358654342 ], [ 14.762071095373642, 53.43665235956766 ], [ 14.766405900282344, 53.436806341047912 ], [ 14.766405903751419, 53.436806341270398 ], [ 14.766405905460195, 53.436806343086808 ], [ 14.768350252552526, 53.439125005911649 ], [ 14.768350253964568, 53.439125007816841 ], [ 14.76835025218454, 53.439125009608745 ], [ 14.765959470236904, 53.441289750241367 ], [ 14.765959462932585, 53.441289757593481 ], [ 14.765959456831826, 53.441289765326871 ], [ 14.765959451989881, 53.441289773371508 ], [ 14.765959448450594, 53.441289781654504 ], [ 14.765959446246024, 53.441289790100889 ], [ 14.765959445396133, 53.441289798634131 ], [ 14.765959445908619, 53.441289807176943 ], [ 14.765959447778835, 53.441289815652034 ], [ 14.76595945098985, 53.441289823982586 ], [ 14.765959455512583, 53.441289832093176 ], [ 14.765959461306078, 53.441289839910347 ], [ 14.767903938103382, 53.443608467795372 ], [ 14.767903939515543, 53.443608469700564 ], [ 14.7679039377353, 53.443608471492475 ], [ 14.765512823022434, 53.44577323814282 ], [ 14.765512820964755, 53.445773239825513 ], [ 14.765512817475235, 53.445773239800914 ], [ 14.761177021671637, 53.445619205300076 ], [ 14.761177018201877, 53.445619205077442 ], [ 14.761177016492997, 53.445619203260925 ], [ 14.759232826668347, 53.443300471611472 ], [ 14.759232819657454, 53.443300464158114 ], [ 14.759232811491644, 53.443300457136409 ], [ 14.759232802244869, 53.443300450609925 ], [ 14.759232792000871, 53.443300444637757 ], [ 14.759232780852425, 53.443300439274019 ], [ 14.759232768900489, 53.44330043456727 ], [ 14.759232756253306, 53.443300430560143 ], [ 14.759232743025404, 53.443300427288904 ], [ 14.759232729336583, 53.44330042478321 ], [ 14.759232715310809, 53.443300423065693 ], [ 14.759232701075094, 53.443300422152006 ], [ 14.754897358580511, 53.44314617053395 ], [ 14.754897344263876, 53.443146170431774 ], [ 14.754897329995806, 53.443146171142565 ], [ 14.754897315905504, 53.443146172659866 ], [ 14.754897302120575, 53.443146174969982 ], [ 14.754897288765866, 53.443146178051983 ], [ 14.75489727596231, 53.443146181877914 ], [ 14.75489726382586, 53.443146186413159 ], [ 14.754897252466433, 53.443146191616648 ], [ 14.754897241986891, 53.443146197441287 ], [ 14.754897232482149, 53.443146203834253 ], [ 14.75489722403827, 53.443146210737716 ], [ 14.752505534292579, 53.445310662737072 ], [ 14.752505532234423, 53.445310664419551 ], [ 14.752505528744971, 53.445310664394576 ], [ 14.748169936292269, 53.445156161723936 ], [ 14.74816992197502, 53.445156161620936 ], [ 14.748169907706201, 53.445156162330903 ], [ 14.748169893615032, 53.445156163847408 ], [ 14.748169879829122, 53.445156166156721 ], [ 14.748169866473326, 53.445156169237919 ], [ 14.748169853668587, 53.445156173063111 ], [ 14.748169841530874, 53.445156177597653 ], [ 14.748169830170106, 53.445156182800496 ], [ 14.748169819689169, 53.44515618862448 ], [ 14.748169810182972, 53.445156195016892 ], [ 14.748169801737616, 53.445156201919829 ], [ 14.745777658037126, 53.447320509530307 ], [ 14.745777655978603, 53.447320511212666 ], [ 14.745777652489004, 53.447320511187471 ], [ 14.74144181015469, 53.447165757419754 ], [ 14.741441806684939, 53.447165757196537 ], [ 14.741441804976862, 53.447165755379764 ], [ 14.73949860619398, 53.444846677653345 ], [ 14.739498604783073, 53.444846675747847 ], [ 14.739498606564542, 53.444846673956391 ], [ 14.741890916944991, 53.442682495196472 ], [ 14.741890924253648, 53.442682487845914 ], [ 14.741890930358929, 53.442682480113845 ], [ 14.741890935205554, 53.442682472070274 ], [ 14.741890938749622, 53.442682463788103 ], [ 14.741890940959035, 53.442682455342265 ], [ 14.741890941813796, 53.442682446809286 ], [ 14.741890941306151, 53.442682438266431 ], [ 14.741890939440708, 53.442682429791077 ], [ 14.741890936234356, 53.44268242145997 ], [ 14.741890931716133, 53.442682413348564 ], [ 14.741890925926954, 53.442682405530299 ], [ 14.739947968283731, 53.440363426326606 ], [ 14.739947961276734, 53.440363418872224 ], [ 14.739947953114722, 53.440363411849241 ], [ 14.7399479438716, 53.440363405321335 ], [ 14.739947933631091, 53.440363399347575 ], [ 14.739947922485927, 53.440363393982103 ], [ 14.739947910537044, 53.440363389273458 ], [ 14.739947897892646, 53.440363385264355 ], [ 14.73994788466725, 53.440363381991006 ], [ 14.739947870980625, 53.440363379483131 ], [ 14.739947856956713, 53.440363377763411 ], [ 14.739947842722522, 53.440363376847422 ], [ 14.735612824694664, 53.440208428265599 ], [ 14.735612821225516, 53.440208428042226 ], [ 14.735612819517955, 53.440208426225368 ], [ 14.733670278404793, 53.437889308485261 ], [ 14.7336702713993, 53.437889301030523 ], [ 14.733670263238798, 53.437889294007157 ], [ 14.73367025399719, 53.437889287478782 ], [ 14.733670243758169, 53.437889281504511 ], [ 14.733670232614461, 53.437889276138485 ], [ 14.733670220666987, 53.437889271429256 ], [ 14.733670208023941, 53.437889267419472 ], [ 14.733670194799823, 53.437889264145475 ], [ 14.733670181114391, 53.43788926163689 ], [ 14.73367016709159, 53.43788925991646 ], [ 14.733670152858398, 53.437889258999746 ], [ 14.72933542210056, 53.437734087529911 ], [ 14.729335418631662, 53.43773408730636 ], [ 14.729335416924467, 53.437734085489438 ], [ 14.727393329519646, 53.435414873728426 ], [ 14.727393322515658, 53.435414866273348 ], [ 14.72739331435667, 53.43541485924959 ], [ 14.727393305116571, 53.435414852720747 ], [ 14.72739329487904, 53.435414846745978 ], [ 14.727393283736786, 53.435414841379377 ], [ 14.727393271790723, 53.435414836669537 ], [ 14.727393259149025, 53.435414832659141 ], [ 14.727393245926191, 53.435414829384463 ], [ 14.727393232241962, 53.435414826875174 ], [ 14.727393218220264, 53.435414825154012 ], [ 14.727393203988077, 53.435414824236567 ], [ 14.723058760538862, 53.435259429922823 ], [ 14.723058757070204, 53.435259429699087 ], [ 14.723058755363375, 53.435259427882073 ], [ 14.72111708435434, 53.432940077672058 ], [ 14.721117082944636, 53.432940075766368 ], [ 14.721117084726338, 53.432940073975189 ], [ 14.723509607074583, 53.430776266134458 ], [ 14.72350961438419, 53.430776258785052 ], [ 14.723509620490939, 53.430776251053935 ], [ 14.723509625339512, 53.430776243011152 ], [ 14.723509628886008, 53.430776234729549 ], [ 14.72350963109831, 53.430776226284102 ], [ 14.723509631956379, 53.430776217751323 ], [ 14.723509631452446, 53.430776209208467 ], [ 14.723509629591071, 53.430776200732893 ], [ 14.723509626389115, 53.43077619240136 ], [ 14.72350962187558, 53.430776184289321 ], [ 14.723509616091331, 53.430776176470268 ], [ 14.721568185762461, 53.428456924832965 ], [ 14.721568178760597, 53.428456917377567 ], [ 14.721568170603863, 53.428456910353432 ], [ 14.721568161366132, 53.428456903824205 ], [ 14.72156815113107, 53.428456897848974 ], [ 14.721568139991358, 53.428456892481883 ], [ 14.721568128047887, 53.428456887771482 ], [ 14.721568115408804, 53.428456883760518 ], [ 14.72156810218859, 53.428456880485264 ], [ 14.721568088506956, 53.428456877975336 ], [ 14.721568074487806, 53.42845687625357 ], [ 14.721568060258107, 53.428456875335463 ], [ 14.717234440741496, 53.428301286495099 ], [ 14.717234426430196, 53.428301286388518 ], [ 14.717234412166738, 53.428301287094854 ], [ 14.71723439808029, 53.42830128860782 ], [ 14.717234384298415, 53.428301290913637 ], [ 14.717234370945928, 53.428301293991417 ], [ 14.717234358143751, 53.428301297813363 ], [ 14.717234346007823, 53.428301302344806 ], [ 14.717234334648046, 53.428301307544686 ], [ 14.717234324167302, 53.428301313365978 ], [ 14.717234314660502, 53.42830131975591 ], [ 14.71723430621374, 53.428301326656637 ], [ 14.714841617707219, 53.430465005657823 ], [ 14.714841615648359, 53.430465007339627 ], [ 14.714841612160207, 53.430465007313572 ], [ 14.710507743443085, 53.430309167447191 ], [ 14.71050772913118, 53.430309167339765 ], [ 14.710507714866974, 53.430309168045312 ], [ 14.710507700779658, 53.430309169557439 ], [ 14.710507686996808, 53.430309171862454 ], [ 14.710507673643235, 53.430309174939474 ], [ 14.710507660839882, 53.430309178760645 ], [ 14.710507648702691, 53.430309183291385 ], [ 14.710507637341575, 53.430309188490625 ], [ 14.710507626859437, 53.430309194311292 ], [ 14.71050761735119, 53.430309200700648 ], [ 14.710507608902947, 53.430309207600878 ], [ 14.708114466934633, 53.432472742068882 ], [ 14.708114464875409, 53.43247274375058 ], [ 14.70811446138711, 53.432472743724318 ], [ 14.703780426654244, 53.43231665578211 ], [ 14.703780412341725, 53.432316655673851 ], [ 14.703780398076779, 53.432316656378582 ], [ 14.703780383988596, 53.432316657889913 ], [ 14.703780370204768, 53.432316660194132 ], [ 14.703780356850114, 53.432316663270385 ], [ 14.70378034404558, 53.432316667090809 ], [ 14.703780331907126, 53.432316671620818 ], [ 14.703780320544677, 53.43231667681939 ], [ 14.703780310061136, 53.432316682639431 ], [ 14.70378030055144, 53.432316689028234 ], [ 14.703780292101719, 53.432316695927945 ], [ 14.701386742534613, 53.43448004433008 ], [ 14.701386735220581, 53.434480051678065 ], [ 14.701386729109307, 53.434480059407939 ], [ 14.701386724256141, 53.434480067449734 ], [ 14.701386720705019, 53.434480075730598 ], [ 14.701386718488115, 53.434480084175519 ], [ 14.701386717625498, 53.434480092708043 ], [ 14.701386718124981, 53.434480101250934 ], [ 14.70138671998205, 53.434480109726749 ], [ 14.701386723179876, 53.434480118058794 ], [ 14.701386727689497, 53.434480126171579 ], [ 14.701386733470086, 53.434480133991627 ], [ 14.70332730147735, 53.436799696227339 ], [ 14.703327308477254, 53.436799703683754 ], [ 14.703327316632429, 53.436799710709096 ], [ 14.703327325869017, 53.436799717239744 ], [ 14.703327336103374, 53.436799723216517 ], [ 14.703327347242819, 53.436799728585292 ], [ 14.703327359186463, 53.436799733297512 ], [ 14.70332737182615, 53.436799737310437 ], [ 14.703327385047404, 53.436799740587745 ], [ 14.703327398730506, 53.436799743099783 ], [ 14.703327412751527, 53.436799744823752 ], [ 14.703327426983495, 53.436799745744068 ], [ 14.707661915276949, 53.436955859055679 ], [ 14.707661918745638, 53.436955859279863 ], [ 14.707661920451859, 53.436955861097104 ], [ 14.709603016514054, 53.439275418429546 ], [ 14.709603017923428, 53.439275420335385 ], [ 14.709603016140967, 53.439275422126379 ], [ 14.707209299082354, 53.441438925204153 ], [ 14.707209291768043, 53.441438932552487 ], [ 14.707209285656743, 53.441438940282659 ], [ 14.707209280803793, 53.441438948324674 ], [ 14.707209277253142, 53.441438956605708 ], [ 14.707209275036945, 53.441438965050757 ], [ 14.707209274175282, 53.441438973583352 ], [ 14.707209274675941, 53.441438982126208 ], [ 14.707209276534401, 53.441438990601966 ], [ 14.707209279733823, 53.441438998933883 ], [ 14.70720928424524, 53.441439007046483 ], [ 14.707209290027786, 53.44143901486629 ], [ 14.709150477736799, 53.443758492899939 ], [ 14.709150484738815, 53.443758500356033 ], [ 14.709150492896248, 53.44375850738102 ], [ 14.709150502135209, 53.443758513911234 ], [ 14.709150512372034, 53.443758519887552 ], [ 14.709150523514017, 53.443758525255866 ], [ 14.709150535460253, 53.443758529967532 ], [ 14.709150548102556, 53.443758533979882 ], [ 14.709150561326439, 53.443758537256599 ], [ 14.709150575012133, 53.443758539767998 ], [ 14.709150589035707, 53.443758541491349 ], [ 14.709150603270166, 53.443758542411011 ], [ 14.713485832915861, 53.443914458279622 ], [ 14.713485836385155, 53.443914458503649 ], [ 14.713485838091898, 53.443914460320819 ], [ 14.715427554082654, 53.446233933387418 ], [ 14.715427555492511, 53.446233935293179 ], [ 14.715427553709977, 53.446233937084251 ], [ 14.713033715172003, 53.448397553389718 ], [ 14.713033707857415, 53.448397560738393 ], [ 14.713033701746086, 53.448397568468856 ], [ 14.713033696893358, 53.448397576511113 ], [ 14.713033693343176, 53.448397584792318 ], [ 14.713033691127697, 53.448397593237495 ], [ 14.713033690266975, 53.448397601770147 ], [ 14.713033690768816, 53.448397610312988 ], [ 14.71303369262867, 53.448397618788682 ], [ 14.713033695829688, 53.448397627120457 ], [ 14.713033700342892, 53.448397635232851 ], [ 14.713033706127407, 53.448397643052417 ], [ 14.714975551138904, 53.450717081288566 ], [ 14.714975552548875, 53.450717083194348 ], [ 14.714975550766127, 53.450717084985392 ], [ 14.712581424513411, 53.452880685609067 ], [ 14.712581417197937, 53.452880692957677 ], [ 14.712581411085838, 53.452880700688098 ], [ 14.712581406232463, 53.452880708730333 ], [ 14.712581402681774, 53.452880717011503 ], [ 14.71258140046592, 53.452880725456644 ], [ 14.712581399604966, 53.452880733989282 ], [ 14.712581400106721, 53.45288074253213 ], [ 14.712581401966631, 53.452880751007825 ], [ 14.712581405167851, 53.452880759339614 ], [ 14.712581409681396, 53.452880767452051 ], [ 14.712581415466387, 53.452880775271616 ], [ 14.714523426768409, 53.455200223156723 ], [ 14.714523428178492, 53.455200225062519 ], [ 14.714523426395534, 53.455200226853556 ], [ 14.712129012345747, 53.45736381179232 ], [ 14.712129005029377, 53.45736381914088 ], [ 14.7121289989165, 53.457363826871259 ], [ 14.712128994062484, 53.457363834913451 ], [ 14.712128990511284, 53.457363843194614 ], [ 14.71212898829506, 53.457363851639727 ], [ 14.712128987433877, 53.45736386017235 ], [ 14.712128987935539, 53.457363868715206 ], [ 14.712128989795506, 53.457363877190886 ], [ 14.712128992996927, 53.45736388552271 ], [ 14.712128997510812, 53.457363893635154 ], [ 14.712129003296285, 53.457363901454777 ], [ 14.714071180927371, 53.45968335899105 ], [ 14.714071182337578, 53.459683360896847 ], [ 14.714071180554397, 53.459683362687869 ], [ 14.711676478625163, 53.46184693193868 ], [ 14.7116764713079, 53.461846939287199 ], [ 14.711676465194257, 53.461846947017541 ], [ 14.711676460339598, 53.461846955059691 ], [ 14.711676456787885, 53.461846963340811 ], [ 14.711676454571286, 53.461846971785924 ], [ 14.711676453709869, 53.461846980318541 ], [ 14.711676454211448, 53.461846988861389 ], [ 14.711676456071469, 53.461846997337084 ], [ 14.711676459273091, 53.461847005668901 ], [ 14.711676463787319, 53.461847013781373 ], [ 14.711676469573273, 53.461847021600995 ], [ 14.713618813571983, 53.464166488790724 ], [ 14.713618814982308, 53.46416649069652 ], [ 14.713618813198909, 53.464166492487543 ], [ 14.711223823307819, 53.466330046047304 ], [ 14.711223815989671, 53.466330053395772 ], [ 14.711223809875255, 53.466330061126087 ], [ 14.71122380501995, 53.466330069168208 ], [ 14.711223801467725, 53.4663300774493 ], [ 14.711223799250751, 53.466330085894377 ], [ 14.71122379838911, 53.466330094427001 ], [ 14.711223798890595, 53.466330102969835 ], [ 14.711223800750675, 53.466330111445544 ], [ 14.711223803952493, 53.466330119777375 ], [ 14.711223808467064, 53.46633012788984 ], [ 14.711223814253501, 53.466330135709526 ], [ 14.713166324658399, 53.468649612554927 ], [ 14.713166326068844, 53.468649614460716 ], [ 14.713166324285227, 53.468649616251717 ], [ 14.710771000416131, 53.47081319560445 ], [ 14.71077099835507, 53.470813197286141 ], [ 14.710770994863614, 53.470813197259915 ], [ 14.706433040097965, 53.470657129243591 ], [ 14.706433025772496, 53.470657129135397 ], [ 14.706433011494671, 53.470657129840198 ], [ 14.706432997393771, 53.470657131351565 ], [ 14.70643298359751, 53.470657133655827 ], [ 14.706432970230816, 53.47065713673215 ], [ 14.706432957414759, 53.470657140552618 ], [ 14.706432945265385, 53.470657145082662 ], [ 14.70643293389273, 53.470657150281248 ], [ 14.706432923399781, 53.470657156101339 ], [ 14.706432913881574, 53.470657162490163 ], [ 14.706432905424295, 53.470657169389881 ], [ 14.704037172934596, 53.472820562500729 ], [ 14.704037170873173, 53.472820564182285 ], [ 14.70403716738157, 53.472820564155839 ], [ 14.69969904625364, 53.472664247697693 ], [ 14.699699031927564, 53.472664247588696 ], [ 14.699699017648989, 53.472664248292666 ], [ 14.699699003547222, 53.472664249803223 ], [ 14.699698989749979, 53.472664252106696 ], [ 14.699698976382207, 53.47266425518221 ], [ 14.699698963564963, 53.472664259001938 ], [ 14.699698951414321, 53.472664263531293 ], [ 14.699698940040328, 53.472664268729197 ], [ 14.699698929545979, 53.472664274548656 ], [ 14.699698920026318, 53.472664280936911 ], [ 14.699698911567557, 53.472664287836132 ], [ 14.697302770440885, 53.474827494663074 ], [ 14.697302763118822, 53.474827502010591 ], [ 14.697302757000603, 53.474827509740102 ], [ 14.697302752141631, 53.474827517781577 ], [ 14.69730274858591, 53.474827526062192 ], [ 14.697302746365651, 53.47482753450695 ], [ 14.697302745500947, 53.474827543039375 ], [ 14.697302745999636, 53.474827551582216 ], [ 14.697302747857201, 53.474827560058081 ], [ 14.697302751056819, 53.474827568390232 ], [ 14.697302755569511, 53.474827576503216 ], [ 14.697302761354413, 53.474827584323521 ], [ 14.699244824465117, 53.477147233688711 ], [ 14.699244831470553, 53.477147241145438 ], [ 14.699244839632412, 53.477147248171171 ], [ 14.699244848876793, 53.477147254702246 ], [ 14.699244859119966, 53.477147260679523 ], [ 14.699244870269176, 53.477147266048867 ], [ 14.699244882223446, 53.477147270761677 ], [ 14.699244894874521, 53.477147274775234 ], [ 14.699244908107831, 53.477147278053238 ], [ 14.699244921803531, 53.477147280565966 ], [ 14.699244935837593, 53.477147282290666 ], [ 14.699244950082921, 53.477147283211735 ], [ 14.703583525859523, 53.47730362508716 ], [ 14.703583529331464, 53.477303625311507 ], [ 14.703583531039039, 53.477303627128819 ], [ 14.705526123350301, 53.479623271468988 ], [ 14.705526124760729, 53.479623273374891 ], [ 14.705526122976313, 53.479623275165764 ], [ 14.703129813913142, 53.481786636831153 ], [ 14.703129806590804, 53.481786644179024 ], [ 14.703129800472555, 53.48178665190882 ], [ 14.703129795613801, 53.481786659950536 ], [ 14.703129792058553, 53.481786668231322 ], [ 14.703129789839002, 53.481786676676201 ], [ 14.70312978897525, 53.481786685208668 ], [ 14.703129789475112, 53.481786693751516 ], [ 14.703129791334076, 53.481786702227311 ], [ 14.703129794535295, 53.481786710559355 ], [ 14.703129799049782, 53.481786718672119 ], [ 14.703129804836651, 53.481786726492182 ], [ 14.705072526339283, 53.484106336030486 ], [ 14.705072527749829, 53.484106337936389 ], [ 14.705072525965189, 53.484106339727248 ], [ 14.702675882530034, 53.486269727148141 ], [ 14.70267588046787, 53.486269728829669 ], [ 14.702675876975166, 53.48626972880318 ], [ 14.698336391537842, 53.486113336077295 ], [ 14.698336377207236, 53.486113335968007 ], [ 14.698336362924111, 53.486113336671721 ], [ 14.698336348817815, 53.48611333818203 ], [ 14.698336335016087, 53.486113340485268 ], [ 14.698336321643938, 53.48611334356054 ], [ 14.698336308822451, 53.486113347380041 ], [ 14.698336296667746, 53.486113351909118 ], [ 14.698336285289889, 53.486113357106845 ], [ 14.698336274791934, 53.486113362926105 ], [ 14.698336265268944, 53.486113369314189 ], [ 14.698336256807167, 53.48611337621324 ], [ 14.695939250342505, 53.488276535793041 ], [ 14.695939243017762, 53.488276543140429 ], [ 14.695939236897219, 53.488276550869806 ], [ 14.695939232036316, 53.488276558911181 ], [ 14.695939228479061, 53.488276567191718 ], [ 14.695939226257671, 53.488276575636391 ], [ 14.695939225392269, 53.488276584168801 ], [ 14.695939225890697, 53.488276592711635 ], [ 14.695939227748427, 53.488276601187515 ], [ 14.695939230948644, 53.488276609519716 ], [ 14.69593923546236, 53.488276617632728 ], [ 14.695939241248704, 53.488276625453139 ], [ 14.697881803420275, 53.490596303901938 ], [ 14.697881810427557, 53.490596311358786 ], [ 14.697881818591652, 53.490596318384654 ], [ 14.697881827838629, 53.49059632491587 ], [ 14.697881838084747, 53.490596330893325 ], [ 14.697881849237213, 53.490596336262854 ], [ 14.697881861195029, 53.490596340975856 ], [ 14.697881873849912, 53.490596344989626 ], [ 14.697881887087242, 53.490596348267864 ], [ 14.69788190078715, 53.49059635078082 ], [ 14.697881914825567, 53.490596352505797 ], [ 14.697881929075352, 53.490596353427094 ], [ 14.702221869524815, 53.490752771586259 ], [ 14.702221872997846, 53.490752771810669 ], [ 14.702221874705868, 53.490752773628003 ], [ 14.704164966460683, 53.493072447011201 ], [ 14.704164967871465, 53.493072448917097 ], [ 14.704164966086392, 53.493072450707949 ], [ 14.701767791536483, 53.495235765180546 ], [ 14.701767784211462, 53.495235772528275 ], [ 14.701767778090895, 53.49523578025795 ], [ 14.701767773230205, 53.495235788299553 ], [ 14.701767769673424, 53.495235796580253 ], [ 14.701767767452747, 53.495235805025082 ], [ 14.701767766588297, 53.495235813557535 ], [ 14.701767767087899, 53.495235822100348 ], [ 14.701767768947029, 53.495235830576156 ], [ 14.701767772148843, 53.495235838908222 ], [ 14.701767776664356, 53.495235847021078 ], [ 14.701767782452672, 53.495235854841226 ], [ 14.703711003505042, 53.497555493428735 ], [ 14.703711004915942, 53.497555495334637 ], [ 14.703711003130651, 53.497555497125497 ], [ 14.701313539919855, 53.499718795861 ], [ 14.701313532593938, 53.49971880320868 ], [ 14.701313526472598, 53.499718810938305 ], [ 14.701313521611267, 53.499718818979886 ], [ 14.701313518053972, 53.499718827260558 ], [ 14.70131351583292, 53.49971883570538 ], [ 14.701313514968239, 53.499718844237805 ], [ 14.701313515467751, 53.499718852780632 ], [ 14.701313517326936, 53.49971886125644 ], [ 14.701313520528952, 53.499718869588513 ], [ 14.701313525044801, 53.499718877701383 ], [ 14.701313530833602, 53.499718885521538 ], [ 14.703256881211777, 53.502038489315815 ], [ 14.703256888221796, 53.502038496772393 ], [ 14.703256896388901, 53.502038503797905 ], [ 14.703256905639124, 53.502038510328774 ], [ 14.703256915888703, 53.502038516305824 ], [ 14.703256927044807, 53.502038521674919 ], [ 14.703256939006407, 53.502038526387459 ], [ 14.703256951665182, 53.502038530400739 ], [ 14.703256964906483, 53.502038533678451 ], [ 14.703256978610407, 53.502038536190867 ], [ 14.703256992652834, 53.502038537915261 ], [ 14.703257006906606, 53.502038538836011 ], [ 14.707598146487705, 53.502194784599872 ], [ 14.707598149961706, 53.502194784824141 ], [ 14.707598151670393, 53.502194786641425 ], [ 14.709542031987342, 53.504514385292545 ], [ 14.709542033398721, 53.504514387198419 ], [ 14.709542031613358, 53.504514388989342 ], [ 14.707144400374098, 53.506677842676439 ], [ 14.707144398311078, 53.506677844358023 ], [ 14.707144394816678, 53.50667784433162 ], [ 14.702802799776851, 53.506521573153954 ], [ 14.702802785439308, 53.506521573045106 ], [ 14.702802771149337, 53.506521573749211 ], [ 14.702802757036338, 53.506521575259903 ], [ 14.702802743228128, 53.506521577563532 ], [ 14.702802729849749, 53.506521580639173 ], [ 14.702802717022367, 53.506521584459023 ], [ 14.702802704862144, 53.506521588988477 ], [ 14.702802693479201, 53.506521594186509 ], [ 14.702802682976632, 53.50652160000606 ], [ 14.702802673449538, 53.506521606394394 ], [ 14.702802664984215, 53.506521613293678 ], [ 14.700404670185446, 53.508684839062909 ], [ 14.700404662857743, 53.508684846410489 ], [ 14.700404656734854, 53.508684854140029 ], [ 14.700404651872228, 53.508684862181539 ], [ 14.700404648313903, 53.508684870462147 ], [ 14.70040464609211, 53.508684878906919 ], [ 14.700404645226966, 53.508684887439337 ], [ 14.7004046457263, 53.508684895982149 ], [ 14.700404647585591, 53.508684904457979 ], [ 14.700404650788013, 53.508684912790081 ], [ 14.700404655304549, 53.508684920902958 ], [ 14.700404661094307, 53.508684928723198 ], [ 14.702348382043921, 53.511004596380204 ], [ 14.702348383455167, 53.511004598286128 ], [ 14.702348381669225, 53.511004600076923 ], [ 14.699950005987164, 53.513167893064242 ], [ 14.699950003923524, 53.513167894745685 ], [ 14.699950000428613, 53.513167894719075 ], [ 14.695607783098955, 53.513011349313679 ], [ 14.695607768759293, 53.513011349203929 ], [ 14.695607754467055, 53.51301134990711 ], [ 14.695607740351671, 53.513011351416935 ], [ 14.695607726540983, 53.513011353719669 ], [ 14.695607713160056, 53.513011356794451 ], [ 14.695607700330074, 53.513011360613476 ], [ 14.695607688167215, 53.513011365142141 ], [ 14.69560767678165, 53.51301137033942 ], [ 14.695607666276466, 53.513011376158268 ], [ 14.695607656746812, 53.513011382546004 ], [ 14.695607648278989, 53.513011389444692 ], [ 14.693208862904903, 53.515174495925784 ], [ 14.693208860840915, 53.515174497607099 ], [ 14.693208857345844, 53.515174497580283 ], [ 14.688866390121078, 53.515017700326176 ], [ 14.688866386646161, 53.515017700101339 ], [ 14.6888663849378, 53.515017698283813 ], [ 14.686923242049268, 53.512697823057927 ], [ 14.686923235040515, 53.512697815600411 ], [ 14.686923226874224, 53.512697808573797 ], [ 14.686923217624351, 53.512697802041679 ], [ 14.686923207374663, 53.512697796063215 ], [ 14.686923196217977, 53.512697790692599 ], [ 14.686923184255345, 53.512697785978403 ], [ 14.686923171595087, 53.512697781963368 ], [ 14.686923158351862, 53.512697778683808 ], [ 14.686923144645601, 53.51269777616946 ], [ 14.686923130600441, 53.512697774443104 ], [ 14.686923116343559, 53.512697773520344 ], [ 14.682581104802519, 53.512540758952809 ], [ 14.682581090463135, 53.512540758841489 ], [ 14.682581076170925, 53.512540759543114 ], [ 14.682581062055323, 53.512540761051383 ], [ 14.682581048244167, 53.512540763352597 ], [ 14.682581034862523, 53.512540766425907 ], [ 14.682581022031586, 53.512540770243518 ], [ 14.682581009867555, 53.512540774770812 ], [ 14.682580998480583, 53.512540779966834 ], [ 14.6825809879738, 53.512540785784516 ], [ 14.682580978442351, 53.512540792171137 ], [ 14.682580969972557, 53.512540799068901 ], [ 14.680181608410017, 53.514703589703238 ], [ 14.680181601077775, 53.51470359704949 ], [ 14.680181594950325, 53.514703604777907 ], [ 14.680181590083157, 53.514703612818479 ], [ 14.680181586520352, 53.514703621098413 ], [ 14.680181584294166, 53.514703629542694 ], [ 14.680181583424766, 53.514703638074884 ], [ 14.680181583920024, 53.51470364661769 ], [ 14.680181585775452, 53.514703655093761 ], [ 14.680181588974257, 53.51470366342631 ], [ 14.680181593487458, 53.514703671539905 ], [ 14.68018159927419, 53.514703679361084 ], [ 14.682124452950017, 53.517023658346325 ], [ 14.682124454360526, 53.517023660252491 ], [ 14.682124452573481, 53.517023662042952 ], [ 14.679724755729339, 53.519186478331648 ], [ 14.679724748396204, 53.519186485677857 ], [ 14.679724742267979, 53.519186493406224 ], [ 14.679724737400162, 53.519186501446761 ], [ 14.67972473383684, 53.519186509726659 ], [ 14.679724731610277, 53.519186518170933 ], [ 14.67972473074064, 53.519186526703116 ], [ 14.679724731235812, 53.519186535245908 ], [ 14.679724733091296, 53.519186543721972 ], [ 14.679724736290295, 53.519186552054549 ], [ 14.679724740803842, 53.519186560168173 ], [ 14.679724746591058, 53.519186567989351 ], [ 14.681667729467026, 53.521506512230111 ], [ 14.681667736476205, 53.521506519687918 ], [ 14.681667744643221, 53.521506526714916 ], [ 14.681667753894109, 53.521506533247468 ], [ 14.681667764145091, 53.521506539226387 ], [ 14.681667775303335, 53.521506544597521 ], [ 14.681667787267793, 53.521506549312278 ], [ 14.681667799930107, 53.52150655332791 ], [ 14.681667813175602, 53.521506556608088 ], [ 14.681667826884338, 53.52150655912309 ], [ 14.681667840932155, 53.521506560850128 ], [ 14.68166785519184, 53.521506561773577 ], [ 14.686010861509793, 53.521663630438908 ], [ 14.686010864985237, 53.521663630663845 ], [ 14.686010866693719, 53.52166363248142 ], [ 14.687954379974533, 53.523983571649012 ], [ 14.687954381385529, 53.523983573555114 ], [ 14.687954379598407, 53.523983575345667 ], [ 14.685554559958296, 53.526146505155012 ], [ 14.685554552624879, 53.526146512501576 ], [ 14.685554546496622, 53.526146520230242 ], [ 14.685554541629028, 53.52614652827102 ], [ 14.685554538066173, 53.526146536551103 ], [ 14.685554535840327, 53.526146544995477 ], [ 14.68555453497164, 53.52614655352771 ], [ 14.685554535467991, 53.526146562070508 ], [ 14.685554537324878, 53.526146570546501 ], [ 14.68555454052548, 53.526146578878965 ], [ 14.685554545040821, 53.526146586992375 ], [ 14.685554550830007, 53.526146594813312 ], [ 14.687498193466304, 53.528466499226035 ], [ 14.687498194877413, 53.528466501132144 ], [ 14.687498193090077, 53.528466502922697 ], [ 14.68509808404921, 53.530629416927198 ], [ 14.685098076714896, 53.530629424273705 ], [ 14.685098070585868, 53.530629432002307 ], [ 14.685098065717618, 53.530629440043064 ], [ 14.685098062154255, 53.530629448323111 ], [ 14.685098059928029, 53.530629456767485 ], [ 14.685098059059115, 53.53062946529969 ], [ 14.685098059555367, 53.530629473842495 ], [ 14.685098061412315, 53.530629482318481 ], [ 14.685098064613117, 53.530629490650959 ], [ 14.685098069128795, 53.530629498764398 ], [ 14.685098074918464, 53.530629506585363 ], [ 14.687041884214555, 53.532949420731555 ], [ 14.68704188562578, 53.532949422637664 ], [ 14.687041883838225, 53.532949424428196 ], [ 14.684641439281691, 53.535112364099518 ], [ 14.684641437216351, 53.53511236578067 ], [ 14.684641433719658, 53.535112365753577 ], [ 14.680297059220036, 53.534955220415455 ], [ 14.680297044873084, 53.534955220303708 ], [ 14.680297030573277, 53.534955221004914 ], [ 14.680297016450096, 53.534955222512764 ], [ 14.680297002631448, 53.534955224813551 ], [ 14.680296989242489, 53.534955227886442 ], [ 14.680296976404462, 53.53495523170367 ], [ 14.68029696423363, 53.534955236230587 ], [ 14.680296952840211, 53.534955241426253 ], [ 14.680296942327393, 53.534955247243595 ], [ 14.680296932790382, 53.534955253629917 ], [ 14.680296924315536, 53.534955260527404 ], [ 14.677896069543188, 53.53711801350331 ], [ 14.677896067477487, 53.537118015184333 ], [ 14.677896063980647, 53.537118015157013 ], [ 14.673551522865651, 53.536960620751138 ], [ 14.673551508518086, 53.536960620638567 ], [ 14.673551494217529, 53.536960621338949 ], [ 14.673551480093478, 53.536960622845974 ], [ 14.673551466273853, 53.536960625145952 ], [ 14.673551452883805, 53.536960628218083 ], [ 14.673551440044585, 53.536960632034543 ], [ 14.673551427872482, 53.53696063656075 ], [ 14.673551416477725, 53.536960641755755 ], [ 14.673551405963495, 53.536960647572464 ], [ 14.673551396425031, 53.536960653958211 ], [ 14.673551387948701, 53.5369606608552 ], [ 14.671150076894785, 53.539123268562726 ], [ 14.671150074828718, 53.539123270243621 ], [ 14.671150071331724, 53.539123270216116 ], [ 14.666805280371637, 53.538965623686018 ], [ 14.666805276894918, 53.538965623460484 ], [ 14.666805275186613, 53.538965621642632 ], [ 14.664862334889113, 53.536645396074526 ], [ 14.664862327880586, 53.536645388615753 ], [ 14.664862319713643, 53.536645381587618 ], [ 14.664862310462249, 53.536645375053773 ], [ 14.664862300210169, 53.536645369073383 ], [ 14.664862289050262, 53.53664536370065 ], [ 14.664862277083591, 53.536645358984167 ], [ 14.664862264418522, 53.536645354966701 ], [ 14.664862251169763, 53.536645351684598 ], [ 14.664862237457285, 53.536645349167607 ], [ 14.664862223405276, 53.536645347438501 ], [ 14.664862209140997, 53.536645346512955 ], [ 14.660517874650418, 53.536487482586786 ], [ 14.660517860303141, 53.536487482472644 ], [ 14.660517846002612, 53.536487483171463 ], [ 14.660517831878344, 53.536487484676933 ], [ 14.660517818058249, 53.53648748697541 ], [ 14.660517804667489, 53.536487490046056 ], [ 14.660517791827322, 53.536487493861088 ], [ 14.660517779654038, 53.536487498385938 ], [ 14.660517768257881, 53.536487503579679 ], [ 14.660517757742053, 53.536487509395208 ], [ 14.660517748201787, 53.536487515779882 ], [ 14.660517739723481, 53.536487522675884 ], [ 14.658115805961124, 53.538649855607062 ], [ 14.658115803894569, 53.538649857287716 ], [ 14.658115800397647, 53.538649857259848 ], [ 14.653771132961108, 53.538491738151613 ], [ 14.653771129484515, 53.538491737925689 ], [ 14.653771127776798, 53.53849173610768 ], [ 14.651828896423154, 53.536171268326939 ], [ 14.651828895013434, 53.536171266420446 ], [ 14.651828896802591, 53.536171264630461 ], [ 14.654230996831625, 53.534009061161029 ], [ 14.654231004171802, 53.534009053816561 ], [ 14.6542310103069, 53.53400904608965 ], [ 14.654231015181358, 53.534009038050272 ], [ 14.654231018751029, 53.534009029771283 ], [ 14.654231020983588, 53.534009021327606 ], [ 14.654231021858818, 53.53400901279575 ], [ 14.654231021368791, 53.534009004252972 ], [ 14.654231019517939, 53.534008995776595 ], [ 14.654231016323036, 53.534008987443436 ], [ 14.654231011813005, 53.534008979328938 ], [ 14.654231006028699, 53.534008971506587 ], [ 14.652289015363946, 53.531688602529591 ], [ 14.65228900835845, 53.53168859507015 ], [ 14.652289000194552, 53.531688588041199 ], [ 14.652288990946186, 53.531688581506444 ], [ 14.65228898069711, 53.531688575525031 ], [ 14.652288969540127, 53.531688570151168 ], [ 14.6522889575763, 53.531688565433491 ], [ 14.652288944913954, 53.531688561414747 ], [ 14.652288931667771, 53.531688558131286 ], [ 14.652288917957714, 53.531688555612867 ], [ 14.65228890390793, 53.531688553882354 ], [ 14.652288889645668, 53.531688552955323 ], [ 14.647945051660646, 53.531530239240993 ], [ 14.647945048184662, 53.531530239014927 ], [ 14.647945046477467, 53.531530237196819 ], [ 14.646003474641498, 53.529209729842435 ], [ 14.646003467637509, 53.529209722382646 ], [ 14.646003459475137, 53.529209715353275 ], [ 14.646003450228283, 53.529209708818065 ], [ 14.646003439980701, 53.529209702836148 ], [ 14.646003428825194, 53.529209697461717 ], [ 14.646003416862781, 53.529209692743443 ], [ 14.646003404201798, 53.529209688724052 ], [ 14.646003390956903, 53.529209685439923 ], [ 14.646003377248054, 53.529209682920822 ], [ 14.646003363199391, 53.529209681189563 ], [ 14.646003348938144, 53.529209680261815 ], [ 14.641659884207723, 53.529051146275854 ], [ 14.641659869863137, 53.52905114615951 ], [ 14.641659855564944, 53.529051146856112 ], [ 14.641659841442623, 53.529051148359393 ], [ 14.641659827624077, 53.529051150655718 ], [ 14.641659814234444, 53.529051153724275 ], [ 14.64165980139499, 53.529051157537289 ], [ 14.641659789221977, 53.529051162060242 ], [ 14.641659777825662, 53.529051167252142 ], [ 14.641659767309241, 53.529051173066023 ], [ 14.641659757767954, 53.529051179449169 ], [ 14.641659749288211, 53.529051186343821 ], [ 14.639257363161564, 53.531213089425812 ], [ 14.639257355819352, 53.531213096769335 ], [ 14.639257349682001, 53.531213104495421 ], [ 14.639257344805088, 53.531213112534147 ], [ 14.639257341232781, 53.531213120812637 ], [ 14.639257338997433, 53.531213129255974 ], [ 14.639257338119283, 53.53121313778766 ], [ 14.639257338606285, 53.531213146330472 ], [ 14.639257340454035, 53.531213154806998 ], [ 14.639257343645788, 53.531213163140507 ], [ 14.63925734815265, 53.531213171255509 ], [ 14.639257353933804, 53.531213179078527 ], [ 14.641198635744944, 53.533533790107811 ], [ 14.641198637154098, 53.533533792014438 ], [ 14.641198635364619, 53.533533793804224 ], [ 14.638795867009721, 53.535695763828649 ], [ 14.638795864942573, 53.535695765508947 ], [ 14.638795861445931, 53.535695765480511 ], [ 14.634451691374796, 53.535536953527242 ], [ 14.634451677028084, 53.535536953409981 ], [ 14.634451662727622, 53.535536954105666 ], [ 14.634451648602919, 53.535536955608038 ], [ 14.634451634781895, 53.535536957903489 ], [ 14.634451621389708, 53.535536960971164 ], [ 14.63445160854765, 53.535536964783361 ], [ 14.634451596372006, 53.535536969305497 ], [ 14.634451584973053, 53.535536974496686 ], [ 14.634451574454017, 53.535536980309857 ], [ 14.634451564910165, 53.535536986692378 ], [ 14.634451556427919, 53.535536993586447 ], [ 14.632048377997279, 53.537698776666893 ], [ 14.63204837592977, 53.537698778347085 ], [ 14.632048372432985, 53.537698778318429 ], [ 14.627703953138354, 53.5375397141447 ], [ 14.62770394966202, 53.537539713918036 ], [ 14.627703947955482, 53.537539712099679 ], [ 14.625763246558712, 53.535218893771074 ], [ 14.625763239557424, 53.535218886310155 ], [ 14.625763231397384, 53.535218879279455 ], [ 14.625763222152488, 53.535218872742718 ], [ 14.625763211906454, 53.535218866759074 ], [ 14.625763200752077, 53.535218861382802 ], [ 14.625763188790378, 53.535218856662503 ], [ 14.62576317612967, 53.535218852640966 ], [ 14.625763162884622, 53.535218849354585 ], [ 14.625763149175182, 53.535218846833146 ], [ 14.625763135125498, 53.535218845099486 ], [ 14.62576312086281, 53.535218844169286 ], [ 14.621419158503535, 53.535059562813728 ], [ 14.621419144157109, 53.535059562694883 ], [ 14.621419129856685, 53.535059563389034 ], [ 14.621419115731767, 53.535059564889856 ], [ 14.621419101910277, 53.535059567183772 ], [ 14.621419088517385, 53.535059570249956 ], [ 14.621419075674378, 53.535059574060739 ], [ 14.621419063497559, 53.535059578581546 ], [ 14.621419052097213, 53.535059583771449 ], [ 14.621419041576575, 53.535059589583433 ], [ 14.621419032030929, 53.535059595964881 ], [ 14.621419023546709, 53.535059602857984 ], [ 14.619015223156563, 53.537221110864195 ], [ 14.619015221088572, 53.537221112544131 ], [ 14.619015217591855, 53.537221112515105 ], [ 14.614671006218755, 53.537061578914873 ], [ 14.614670991871712, 53.537061578795218 ], [ 14.614670977570544, 53.53706157948853 ], [ 14.614670963444762, 53.537061580988542 ], [ 14.614670949622289, 53.537061583281648 ], [ 14.614670936228311, 53.537061586347093 ], [ 14.614670923384118, 53.537061590157109 ], [ 14.614670911206032, 53.537061594677184 ], [ 14.614670899804342, 53.537061599866419 ], [ 14.614670889282296, 53.537061605677771 ], [ 14.614670879735193, 53.53706161205865 ], [ 14.614670871249491, 53.537061618951249 ], [ 14.612266614718587, 53.539222981349212 ], [ 14.612266612650238, 53.539222983029049 ], [ 14.61226660915337, 53.539222982999817 ], [ 14.607922148844228, 53.539063197110472 ], [ 14.607922145367906, 53.539063196883241 ], [ 14.607922143662178, 53.5390631950646 ], [ 14.60598247934513, 53.536742075833857 ], [ 14.605982472347156, 53.536742068371829 ], [ 14.605982464190191, 53.536742061339858 ], [ 14.605982454948114, 53.536742054801643 ], [ 14.605982444704619, 53.536742048816343 ], [ 14.605982433552464, 53.536742043438252 ], [ 14.60598242159266, 53.536742038716014 ], [ 14.605982408933508, 53.536742034692409 ], [ 14.605982395689647, 53.536742031403854 ], [ 14.605982381981027, 53.536742028880163 ], [ 14.605982367931782, 53.536742027144172 ], [ 14.605982353669154, 53.53674202621162 ], [ 14.601638267277457, 53.536582020160736 ], [ 14.601638263801384, 53.536582019933313 ], [ 14.601638262096023, 53.536582018114593 ], [ 14.599699053874557, 53.534260805260431 ], [ 14.599699046878097, 53.534260797798062 ], [ 14.59969903872266, 53.534260790765707 ], [ 14.599699029482098, 53.534260784227023 ], [ 14.599699019240102, 53.534260778241233 ], [ 14.599699008089415, 53.534260772862574 ], [ 14.59969899613103, 53.534260768139717 ], [ 14.599698983473237, 53.534260764115487 ], [ 14.599698970230671, 53.534260760826264 ], [ 14.599698956523255, 53.534260758301862 ], [ 14.599698942475134, 53.534260756565146 ], [ 14.599698928213513, 53.534260755631863 ], [ 14.595355215765483, 53.534100529475424 ], [ 14.595355201419633, 53.534100529353474 ], [ 14.595355187119283, 53.534100530044483 ], [ 14.595355172993941, 53.534100531542215 ], [ 14.595355159171524, 53.534100533833083 ], [ 14.595355145777219, 53.534100536896332 ], [ 14.595355132932319, 53.534100540704266 ], [ 14.595355120753155, 53.534100545222344 ], [ 14.595355109350017, 53.53410055040969 ], [ 14.595355098826179, 53.534100556219329 ], [ 14.595355089276945, 53.534100562598617 ], [ 14.595355080788792, 53.534100569489773 ], [ 14.592950037229704, 53.53626152705003 ], [ 14.592950035160753, 53.536261528729518 ], [ 14.592950031664175, 53.536261528699725 ], [ 14.588606070616978, 53.536101050234784 ], [ 14.588606056270516, 53.53610105011203 ], [ 14.588606041969422, 53.536101050802202 ], [ 14.588606027843211, 53.536101052299124 ], [ 14.588606014019817, 53.536101054589182 ], [ 14.588606000624425, 53.536101057651663 ], [ 14.588605987778346, 53.53610106145883 ], [ 14.588605975597909, 53.536101065976197 ], [ 14.588605964193432, 53.536101071162882 ], [ 14.588605953668191, 53.536101076971882 ], [ 14.588605944117504, 53.536101083350594 ], [ 14.588605935627863, 53.53610109024126 ], [ 14.586200436018483, 53.53826190204785 ], [ 14.58620043394917, 53.538261903727197 ], [ 14.586200430452447, 53.538261903697212 ], [ 14.581856220884001, 53.538101172879394 ], [ 14.581856217407939, 53.538101172651395 ], [ 14.581856215703388, 53.538101170832419 ], [ 14.579918045110096, 53.535779657435214 ], [ 14.579918038116954, 53.535779649971751 ], [ 14.57991802996459, 53.535779642938117 ], [ 14.579918020726858, 53.535779636397962 ], [ 14.579918010487399, 53.535779630410502 ], [ 14.579917999338941, 53.535779625030038 ], [ 14.579917987382453, 53.535779620305242 ], [ 14.579917974726214, 53.53577961627893 ], [ 14.57991796148484, 53.535779612987554 ], [ 14.579917947778251, 53.535779610460892 ], [ 14.579917933730567, 53.535779608721846 ], [ 14.579917919469013, 53.535779607786196 ], [ 14.575574167428615, 53.535618660019743 ], [ 14.575574153082442, 53.535618659895405 ], [ 14.57557413878139, 53.535618660584049 ], [ 14.575574124654972, 53.535618662079393 ], [ 14.575574110831118, 53.535618664367945 ], [ 14.575574097435021, 53.535618667428942 ], [ 14.575574084587998, 53.535618671234687 ], [ 14.575574072406388, 53.535618675750719 ], [ 14.575574061000518, 53.535618680936103 ], [ 14.575574050473675, 53.535618686743931 ], [ 14.5755740409212, 53.535618693121549 ], [ 14.575574032429589, 53.535618700011256 ], [ 14.57316791165653, 53.537779236373567 ], [ 14.57316790958674, 53.537779238052671 ], [ 14.573167906090083, 53.537779238022317 ], [ 14.568823822439015, 53.537618034786306 ], [ 14.568823818963086, 53.537618034557923 ], [ 14.568823817259123, 53.537618032738763 ], [ 14.566886393698978, 53.535296322452957 ], [ 14.56688638670825, 53.535296314988777 ], [ 14.566886378558195, 53.535296307954276 ], [ 14.566886369322631, 53.535296301413148 ], [ 14.566886359085188, 53.535296295424644 ], [ 14.566886347938581, 53.535296290042979 ], [ 14.566886335983755, 53.535296285316925 ], [ 14.566886323328973, 53.535296281289249 ], [ 14.566886310088842, 53.535296277996423 ], [ 14.566886296383274, 53.535296275468305 ], [ 14.566886282336371, 53.535296273727759 ], [ 14.566886268075354, 53.535296272790561 ], [ 14.562542642107028, 53.535134852677515 ], [ 14.562542627761141, 53.535134852551622 ], [ 14.562542613460131, 53.535134853238674 ], [ 14.562542599333501, 53.535134854732497 ], [ 14.56254258550919, 53.535134857019514 ], [ 14.562542572112392, 53.535134860079047 ], [ 14.562542559264427, 53.535134863883357 ], [ 14.56254254708165, 53.535134868398011 ], [ 14.562542535674387, 53.535134873582145 ], [ 14.562542525145945, 53.535134879388785 ], [ 14.56254251559168, 53.535134885765338 ], [ 14.562542507098108, 53.53513489265405 ], [ 14.560135765411941, 53.537295153473131 ], [ 14.56013576334167, 53.537295155152009 ], [ 14.560135759845089, 53.537295155121271 ], [ 14.555791802475992, 53.537133479497847 ], [ 14.555791799000197, 53.537133479269094 ], [ 14.555791797296818, 53.537133477449778 ], [ 14.553855120883702, 53.534811570405111 ], [ 14.553855113895386, 53.534811562940199 ], [ 14.553855105747639, 53.534811555904874 ], [ 14.553855096514241, 53.534811549362772 ], [ 14.553855086278821, 53.534811543373181 ], [ 14.553855075134058, 53.534811537990358 ], [ 14.553855063180901, 53.53481153326301 ], [ 14.553855050527583, 53.534811529233991 ], [ 14.553855037288695, 53.534811525939745 ], [ 14.553855023584143, 53.534811523410134 ], [ 14.553855009538026, 53.534811521668075 ], [ 14.553854995277547, 53.534811520729335 ], [ 14.549511412454539, 53.534649625194568 ], [ 14.549511408978995, 53.534649624965652 ], [ 14.549511407275986, 53.534649623146244 ], [ 14.547575149649905, 53.532327578270944 ], [ 14.547575148245064, 53.532327576363329 ], [ 14.547575150038366, 53.532327574574992 ], [ 14.549982221100557, 53.530167573099263 ], [ 14.549982228457736, 53.530167565761538 ], [ 14.549982234610942, 53.530167558040375 ], [ 14.549982239504454, 53.53016755000565 ], [ 14.549982243093952, 53.530167541730179 ], [ 14.549982245346929, 53.530167533288896 ], [ 14.54998224624299, 53.530167524758205 ], [ 14.549982245774007, 53.530167516215421 ], [ 14.549982243944237, 53.530167507737865 ], [ 14.549982240770245, 53.530167499402324 ], [ 14.549982236280783, 53.530167491284303 ], [ 14.549982230516498, 53.530167483457305 ], [ 14.548046174587514, 53.527845493159383 ], [ 14.54804617318279, 53.527845491251774 ], [ 14.548046174975873, 53.527845489463431 ], [ 14.550452954835334, 53.525685471692093 ], [ 14.550452962191606, 53.525685464354318 ], [ 14.550452968344031, 53.525685456633106 ], [ 14.55045297323689, 53.525685448598352 ], [ 14.550452976825866, 53.52568544032286 ], [ 14.550452979078463, 53.525685431881534 ], [ 14.550452979974281, 53.525685423350858 ], [ 14.5504529795052, 53.525685414808052 ], [ 14.550452977675478, 53.525685406330524 ], [ 14.550452974501679, 53.525685397994991 ], [ 14.550452970012548, 53.525685389876998 ], [ 14.550452964248741, 53.525685382050035 ], [ 14.548517072848483, 53.52336340180122 ], [ 14.548517071443873, 53.52336339989359 ], [ 14.548517073236736, 53.523363398105253 ], [ 14.550923608120977, 53.521203322620657 ], [ 14.550923610190781, 53.521203320941929 ], [ 14.550923613686011, 53.521203320972923 ], [ 14.55526582931463, 53.521365137531298 ], [ 14.555265843655782, 53.521365137657966 ], [ 14.5552658579522, 53.521365136971681 ], [ 14.555265872074417, 53.521365135478639 ], [ 14.555265885894542, 53.521365133192369 ], [ 14.555265899287409, 53.521365130133589 ], [ 14.555265912131738, 53.521365126329968 ], [ 14.555265924311206, 53.521365121815975 ], [ 14.555265935715511, 53.521365116632481 ], [ 14.555265946241384, 53.521365110826437 ], [ 14.555265955793489, 53.521365104450418 ], [ 14.555265964285329, 53.521365097562146 ], [ 14.557671997471479, 53.519204917600142 ], [ 14.557671999540919, 53.519204915921279 ], [ 14.557672003036002, 53.519204915952081 ], [ 14.562014054090202, 53.519366483327367 ], [ 14.562014068430742, 53.519366483453219 ], [ 14.562014082726417, 53.519366482766117 ], [ 14.562014096847779, 53.519366481272264 ], [ 14.562014110666922, 53.519366478985184 ], [ 14.562014124058706, 53.519366475925636 ], [ 14.562014136901855, 53.519366472121256 ], [ 14.562014149080056, 53.519366467606538 ], [ 14.562014160483022, 53.519366462422376 ], [ 14.56201417100749, 53.5193664566157 ], [ 14.562014180558146, 53.519366450239112 ], [ 14.562014189048497, 53.519366443350329 ], [ 14.564419766723111, 53.51720611753975 ], [ 14.564419768792188, 53.517206115860773 ], [ 14.564419772287126, 53.517206115891369 ], [ 14.56876165868343, 53.517367434115329 ], [ 14.568761673023362, 53.517367434240356 ], [ 14.568761687318306, 53.51736743355243 ], [ 14.568761701438797, 53.517367432057753 ], [ 14.568761715256962, 53.517367429769891 ], [ 14.568761728647663, 53.517367426709534 ], [ 14.568761741489633, 53.517367422904414 ], [ 14.568761753666568, 53.517367418388993 ], [ 14.568761765068194, 53.517367413204134 ], [ 14.568761775591261, 53.51736740739684 ], [ 14.56876178514046, 53.517367401019676 ], [ 14.568761793629321, 53.517367394130396 ], [ 14.571166915830284, 53.515206922519944 ], [ 14.571166917898999, 53.515206920840825 ], [ 14.571166921393786, 53.515206920871215 ], [ 14.575508643048774, 53.515367989975616 ], [ 14.575508657388092, 53.515367990099818 ], [ 14.575508671682293, 53.515367989411068 ], [ 14.575508685801923, 53.51536798791556 ], [ 14.575508699619112, 53.515367985626895 ], [ 14.575508713008725, 53.51536798256577 ], [ 14.575508725849518, 53.515367978759883 ], [ 14.575508738025187, 53.515367974243738 ], [ 14.575508749425472, 53.515367969058232 ], [ 14.575508759947136, 53.515367963250313 ], [ 14.575508769494887, 53.515367956872545 ], [ 14.575508777982254, 53.515367949982775 ], [ 14.57791339863847, 53.513207374053174 ], [ 14.5779134059878, 53.513207366713551 ], [ 14.577913412133363, 53.513207358990783 ], [ 14.577913417019504, 53.51320735095473 ], [ 14.577913420601966, 53.513207342678278 ], [ 14.57791342284832, 53.513207334236313 ], [ 14.577913423738211, 53.513207325705288 ], [ 14.57791342326359, 53.513207317162482 ], [ 14.577913421428747, 53.513207308685246 ], [ 14.577913418250299, 53.513207300350338 ], [ 14.577913413757033, 53.51320729223329 ], [ 14.577913407989644, 53.513207284407564 ], [ 14.575976517908328, 53.510885727481856 ], [ 14.575976516502852, 53.510885725574532 ], [ 14.57597651829402, 53.510885723785734 ], [ 14.578380894513616, 53.508725090235011 ], [ 14.578380901862042, 53.508725082895346 ], [ 14.578380908006826, 53.508725075172507 ], [ 14.57838091289231, 53.50872506713646 ], [ 14.578380916474256, 53.508725058859973 ], [ 14.578380918720226, 53.508725050417972 ], [ 14.578380919609884, 53.508725041886933 ], [ 14.578380919135164, 53.508725033344128 ], [ 14.578380917300368, 53.508725024866898 ], [ 14.578380914122119, 53.508725016532011 ], [ 14.578380909629189, 53.508725008414963 ], [ 14.578380903862275, 53.508725000589273 ], [ 14.576444178567726, 53.506403453643813 ], [ 14.576444177162363, 53.506403451736496 ], [ 14.576444178953311, 53.50640344994769 ], [ 14.578848264705842, 53.504242800210072 ], [ 14.578848272053374, 53.50424279287035 ], [ 14.578848278197377, 53.504242785147461 ], [ 14.578848283082213, 53.504242777111394 ], [ 14.578848286663638, 53.504242768834864 ], [ 14.578848288909226, 53.504242760392842 ], [ 14.578848289798646, 53.504242751861796 ], [ 14.578848289323831, 53.504242743318969 ], [ 14.578848287489087, 53.50424273484176 ], [ 14.578848284311029, 53.504242726506881 ], [ 14.578848279818436, 53.504242718389868 ], [ 14.578848274051994, 53.504242710564199 ], [ 14.57691175063939, 53.501921218114262 ], [ 14.576911743652028, 53.501921210650728 ], [ 14.576911735506373, 53.501921203616973 ], [ 14.576911726276194, 53.501921197076697 ], [ 14.576911716045075, 53.50192119108916 ], [ 14.576911704905678, 53.501921185708589 ], [ 14.576911692958879, 53.501921180983679 ], [ 14.576911680312866, 53.501921176957239 ], [ 14.576911667082172, 53.501921173665714 ], [ 14.576911653386611, 53.501921171138918 ], [ 14.576911639350209, 53.501921169399772 ], [ 14.576911625100093, 53.50192116846398 ], [ 14.572571352435967, 53.501760181007462 ], [ 14.572571338101277, 53.501760180883004 ], [ 14.572571323811649, 53.501760181571505 ], [ 14.572571309696491, 53.501760183066743 ], [ 14.572571295883641, 53.501760185355188 ], [ 14.572571282498185, 53.501760188416064 ], [ 14.572571269661342, 53.501760192221688 ], [ 14.572571257489365, 53.501760196737607 ], [ 14.57257124609249, 53.50176020192292 ], [ 14.572571235573921, 53.501760207730655 ], [ 14.572571226028925, 53.501760214108231 ], [ 14.572571217543937, 53.501760220997866 ], [ 14.570166967103169, 53.503920741242261 ], [ 14.570166965034991, 53.503920742921373 ], [ 14.570166961541135, 53.503920742890948 ], [ 14.565826357786715, 53.503759500258326 ], [ 14.565826354313575, 53.503759500029915 ], [ 14.565826352611017, 53.503759498210727 ], [ 14.56389053761559, 53.501437764643832 ], [ 14.563890530630642, 53.501437757179573 ], [ 14.563890522487281, 53.501437750144966 ], [ 14.56389051325927, 53.501437743603731 ], [ 14.563890503030171, 53.501437737615134 ], [ 14.56389049189262, 53.501437732233356 ], [ 14.563890479947476, 53.501437727507181 ], [ 14.563890467302917, 53.501437723479391 ], [ 14.563890454073471, 53.501437720186452 ], [ 14.563890440378925, 53.50143771765817 ], [ 14.563890426343303, 53.501437715917504 ], [ 14.563890412093723, 53.501437714980177 ], [ 14.559550182115444, 53.501276252666123 ], [ 14.559550178642546, 53.501276252437556 ], [ 14.559550176940363, 53.501276250618282 ], [ 14.557614816971476, 53.498954423810453 ], [ 14.557614809988035, 53.49895441634586 ], [ 14.557614801846199, 53.498954409310855 ], [ 14.557614792619701, 53.498954402769165 ], [ 14.557614782392092, 53.49895439678005 ], [ 14.557614771256006, 53.498954391397731 ], [ 14.557614759312282, 53.498954386670931 ], [ 14.557614746669088, 53.498954382642516 ], [ 14.557614733440925, 53.498954379348902 ], [ 14.557614719747585, 53.498954376819938 ], [ 14.557614705713089, 53.49895437507854 ], [ 14.557614691464519, 53.498954374140467 ], [ 14.553274752066889, 53.498792689098998 ], [ 14.553274748594241, 53.498792688870246 ], [ 14.553274746892422, 53.498792687050887 ], [ 14.551339841866731, 53.496470767048883 ], [ 14.5513398348848, 53.49647075958395 ], [ 14.551339826744485, 53.496470752548539 ], [ 14.5513398175195, 53.496470746006402 ], [ 14.55133980729339, 53.496470740016775 ], [ 14.551339796158761, 53.496470734633895 ], [ 14.551339784216458, 53.496470729906498 ], [ 14.551339771574625, 53.49647072587743 ], [ 14.551339758347757, 53.49647072258314 ], [ 14.551339744655625, 53.496470720053487 ], [ 14.551339730622239, 53.496470718311372 ], [ 14.551339716374683, 53.496470717372574 ], [ 14.547000150811273, 53.496308812754279 ], [ 14.547000136478669, 53.496308812626793 ], [ 14.547000122190646, 53.496308813312254 ], [ 14.54700010807659, 53.496308814804479 ], [ 14.54700009426432, 53.496308817089961 ], [ 14.547000080878922, 53.496308820147974 ], [ 14.547000068041624, 53.496308823950855 ], [ 14.547000055868672, 53.496308828464144 ], [ 14.547000044470312, 53.496308833646978 ], [ 14.547000033949764, 53.496308839452432 ], [ 14.547000024402319, 53.496308845827897 ], [ 14.547000015914424, 53.49630885271565 ], [ 14.544594863400087, 53.498468797250098 ], [ 14.544594856047812, 53.49846880458761 ], [ 14.544594849898573, 53.498468812308609 ], [ 14.544594845008053, 53.498468820343192 ], [ 14.544594841420549, 53.49846882861857 ], [ 14.544594839168552, 53.498468837059804 ], [ 14.544594838272445, 53.498468845590445 ], [ 14.544594838740354, 53.498468854133272 ], [ 14.54459484056804, 53.498468862610878 ], [ 14.544594843738942, 53.498468870946525 ], [ 14.544594848224357, 53.498468879064667 ], [ 14.544594853983657, 53.498468886891878 ], [ 14.546529468330361, 53.500790910090394 ], [ 14.546529469734185, 53.500790911998031 ], [ 14.546529467942252, 53.500790913786354 ], [ 14.544123932439623, 53.50295092486148 ], [ 14.544123930370487, 53.502950926540109 ], [ 14.544123926876775, 53.502950926508952 ], [ 14.539783575730134, 53.502788740305924 ], [ 14.539783572257258, 53.502788740076767 ], [ 14.539783570555878, 53.502788738257244 ], [ 14.537849247009285, 53.500466611879183 ], [ 14.537849240029157, 53.500466604413504 ], [ 14.537849231890402, 53.500466597377219 ], [ 14.537849222666724, 53.500466590834058 ], [ 14.537849212441657, 53.500466584843302 ], [ 14.537849201307791, 53.500466579459165 ], [ 14.537849189365971, 53.500466574730446 ], [ 14.537849176724333, 53.500466570699942 ], [ 14.537849163497366, 53.50046656740416 ], [ 14.537849149804856, 53.500466564872944 ], [ 14.5378491357708, 53.500466563129237 ], [ 14.537849121522298, 53.500466562188798 ], [ 14.533509144464805, 53.500304156429465 ], [ 14.533509140992173, 53.50030415620013 ], [ 14.533509139291162, 53.500304154380515 ], [ 14.531575270679815, 53.497981934920908 ], [ 14.531575263701194, 53.497981927454887 ], [ 14.531575255563958, 53.497981920418219 ], [ 14.531575246341793, 53.497981913874597 ], [ 14.531575236118222, 53.497981907883329 ], [ 14.531575224985826, 53.49798190249863 ], [ 14.531575213045421, 53.497981897769314 ], [ 14.531575200405147, 53.497981893738171 ], [ 14.531575187179472, 53.497981890441721 ], [ 14.53157517348817, 53.49798188790983 ], [ 14.531575159455231, 53.497981886165384 ], [ 14.531575145207746, 53.497981885224213 ], [ 14.527235542265096, 53.497819259964494 ], [ 14.527235527932184, 53.497819259834621 ], [ 14.527235513643459, 53.497819260517709 ], [ 14.527235499528336, 53.49781926200756 ], [ 14.527235485714641, 53.497819264290705 ], [ 14.527235472327467, 53.497819267346472 ], [ 14.52723545948805, 53.497819271147179 ], [ 14.527235447312668, 53.497819275658401 ], [ 14.527235435911589, 53.497819280839273 ], [ 14.527235425388049, 53.49781928664293 ], [ 14.527235415837367, 53.497819293016747 ], [ 14.527235407346025, 53.497819299903028 ], [ 14.524829134921481, 53.499978864541823 ], [ 14.524829132851755, 53.499978866220111 ], [ 14.524829129358334, 53.499978866188393 ], [ 14.520489196085833, 53.499815985631024 ], [ 14.520489192613333, 53.499815985401327 ], [ 14.520489190912906, 53.499815983581534 ], [ 14.518556068149856, 53.497493567990489 ], [ 14.518556061173649, 53.49749356052375 ], [ 14.518556053038717, 53.497493553486201 ], [ 14.518556043818721, 53.497493546941648 ], [ 14.518556033597159, 53.4974935409493 ], [ 14.518556022466614, 53.497493535563443 ], [ 14.51855601052787, 53.497493530832827 ], [ 14.518555997889056, 53.497493526800355 ], [ 14.518555984664628, 53.497493523502477 ], [ 14.518555970974347, 53.497493520969094 ], [ 14.518555956942194, 53.497493519223141 ], [ 14.518555942695244, 53.497493518280443 ], [ 14.514216466914313, 53.497330421407113 ], [ 14.514216452581692, 53.497330421275677 ], [ 14.514216438293023, 53.497330421957194 ], [ 14.514216424177691, 53.497330423445518 ], [ 14.514216410363542, 53.497330425727156 ], [ 14.514216396975664, 53.497330428781424 ], [ 14.514216384135313, 53.497330432580725 ], [ 14.514216371958772, 53.497330437090596 ], [ 14.514216360556306, 53.497330442270197 ], [ 14.514216350031178, 53.497330448072653 ], [ 14.514216340478711, 53.49733045444539 ], [ 14.514216331985409, 53.497330461330698 ], [ 14.511809440922621, 53.49948975040224 ], [ 14.511809438852421, 53.499489752080279 ], [ 14.511809435359067, 53.499489752048191 ], [ 14.507469629457747, 53.499326399836654 ], [ 14.507469625985379, 53.499326399606559 ], [ 14.507469624285545, 53.499326397786611 ], [ 14.505537210430628, 53.49700374165559 ], [ 14.505537209028789, 53.49700373974752 ], [ 14.505537210822245, 53.497003737959822 ], [ 14.507944265512814, 53.494844578490785 ], [ 14.507944272870638, 53.494844571155639 ], [ 14.507944279025878, 53.494844563436651 ], [ 14.507944283922793, 53.494844555403709 ], [ 14.507944287517036, 53.494844547129574 ], [ 14.507944289776058, 53.494844538689179 ], [ 14.507944290679395, 53.494844530158943 ], [ 14.507944290218878, 53.49484452161613 ], [ 14.507944288398667, 53.494844513138091 ], [ 14.507944285235249, 53.494844504801634 ], [ 14.507944280757275, 53.494844496682234 ], [ 14.50794427500529, 53.494844488853431 ], [ 14.506012098824211, 53.492521931936174 ], [ 14.506012091851023, 53.492521924468754 ], [ 14.506012083719121, 53.492521917430423 ], [ 14.506012074502154, 53.492521910884946 ], [ 14.506012064283588, 53.492521904891582 ], [ 14.506012053155972, 53.492521899504602 ], [ 14.506012041220069, 53.492521894772807 ], [ 14.506012028583976, 53.492521890739035 ], [ 14.506012015362128, 53.492521887439821 ], [ 14.506012001674268, 53.492521884905052 ], [ 14.506011987644348, 53.492521883157671 ], [ 14.506011973399435, 53.492521882213495 ], [ 14.501673079834029, 53.492358340348297 ], [ 14.501673065503216, 53.492358340215389 ], [ 14.501673051216104, 53.492358340895436 ], [ 14.501673037102087, 53.492358342382303 ], [ 14.501673023288983, 53.492358344662513 ], [ 14.501673009901872, 53.492358347715395 ], [ 14.501672997062011, 53.492358351513346 ], [ 14.501672984885662, 53.492358356021917 ], [ 14.501672973483103, 53.492358361200338 ], [ 14.501672962957604, 53.492358367001678 ], [ 14.501672953404467, 53.492358373373406 ], [ 14.501672944910231, 53.492358380257805 ], [ 14.499265726712915, 53.494517410122093 ], [ 14.499265724642482, 53.494517411799933 ], [ 14.499265721149571, 53.494517411767461 ], [ 14.494926580934214, 53.494353617707752 ], [ 14.494926566602794, 53.494353617574014 ], [ 14.494926552314951, 53.49435361825325 ], [ 14.494926538200074, 53.494353619739293 ], [ 14.494926524385994, 53.494353622018679 ], [ 14.494926510997809, 53.494353625070794 ], [ 14.494926498156767, 53.494353628868005 ], [ 14.494926485979159, 53.494353633375873 ], [ 14.494926474575266, 53.494353638553584 ], [ 14.494926464048358, 53.494353644354312 ], [ 14.494926454493783, 53.494353650725472 ], [ 14.494926445998056, 53.494353657609345 ], [ 14.49251877312444, 53.496512541386558 ], [ 14.492518771053646, 53.49651254306427 ], [ 14.49251876756059, 53.496512543031606 ], [ 14.488179463982567, 53.496348499880384 ], [ 14.488179449650541, 53.496348499745821 ], [ 14.488179435361957, 53.496348500424219 ], [ 14.48817942124623, 53.496348501909431 ], [ 14.488179407431176, 53.496348504188028 ], [ 14.488179394041913, 53.496348507239361 ], [ 14.488179381199691, 53.496348511035798 ], [ 14.488179369020822, 53.496348515542955 ], [ 14.488179357615591, 53.496348520720026 ], [ 14.488179347087287, 53.496348526520116 ], [ 14.48817933753126, 53.496348532890693 ], [ 14.488179329034049, 53.496348539774068 ], [ 14.485771201446722, 53.498507277415577 ], [ 14.485771199375565, 53.498507279093154 ], [ 14.485771195882361, 53.498507279060284 ], [ 14.481431645812995, 53.498342983633989 ], [ 14.481431642340892, 53.498342983403155 ], [ 14.481431640642231, 53.498342981582852 ], [ 14.479500756099458, 53.4960199783755 ], [ 14.479500749130484, 53.496019970906623 ], [ 14.479500741002459, 53.496019963866587 ], [ 14.479500731788974, 53.496019957319106 ], [ 14.479500721573475, 53.496019951323525 ], [ 14.47950071044847, 53.49601994593413 ], [ 14.479500698514723, 53.496019941199727 ], [ 14.479500685880291, 53.496019937163183 ], [ 14.479500672659604, 53.496019933861049 ], [ 14.479500658972389, 53.496019931323239 ], [ 14.479500644942593, 53.496019929572746 ], [ 14.479500630697283, 53.496019928625401 ], [ 14.475161538580286, 53.495855417098348 ], [ 14.475161524248565, 53.495855416962229 ], [ 14.47516150996003, 53.495855417639078 ], [ 14.475161495844098, 53.495855419122748 ], [ 14.475161482028593, 53.495855421399838 ], [ 14.475161468638639, 53.495855424449665 ], [ 14.475161455795487, 53.495855428244681 ], [ 14.47516144361545, 53.495855432750503 ], [ 14.475161432208843, 53.495855437926274 ], [ 14.475161421678955, 53.495855443725183 ], [ 14.475161412121146, 53.495855450094695 ], [ 14.475161403621975, 53.49585545697709 ], [ 14.472752658148682, 53.498013918755923 ], [ 14.472752656077047, 53.498013920433259 ], [ 14.472752652583917, 53.49801392040002 ], [ 14.468413314185026, 53.497849156574333 ], [ 14.468413299852692, 53.497849156437383 ], [ 14.468413285563434, 53.497849157113393 ], [ 14.468413271446641, 53.497849158596253 ], [ 14.468413257630164, 53.497849160872541 ], [ 14.468413244239127, 53.4978491639216 ], [ 14.4684132313948, 53.497849167715849 ], [ 14.468413219213508, 53.497849172220938 ], [ 14.468413207805561, 53.49784917739607 ], [ 14.46841319727427, 53.497849183194347 ], [ 14.468413187715015, 53.497849189563269 ], [ 14.468413179214359, 53.497849196445159 ], [ 14.466003979036328, 53.500007511967254 ], [ 14.46600397696433, 53.500007513644476 ], [ 14.466003973471055, 53.500007513611031 ], [ 14.461664388868549, 53.49984249744255 ], [ 14.461664385396471, 53.499842497211134 ], [ 14.461664383698619, 53.499842495390567 ], [ 14.459734537204994, 53.497519193691105 ], [ 14.459734530239343, 53.497519186221133 ], [ 14.459734522114397, 53.497519179179797 ], [ 14.459734512903744, 53.497519172630859 ], [ 14.459734502690788, 53.497519166633651 ], [ 14.459734491568026, 53.497519161242451 ], [ 14.459734479636184, 53.497519156506115 ], [ 14.459734467003321, 53.497519152467504 ], [ 14.459734453783838, 53.497519149163196 ], [ 14.459734440097462, 53.497519146623127 ], [ 14.459734426068122, 53.497519144870317 ], [ 14.459734411822891, 53.497519143920627 ], [ 14.455395285453378, 53.497353911742003 ], [ 14.45539527112135, 53.497353911603497 ], [ 14.455395256832139, 53.49735391227793 ], [ 14.455395242715145, 53.497353913759277 ], [ 14.455395228898221, 53.497353916034044 ], [ 14.455395215506492, 53.497353919081604 ], [ 14.455395202661236, 53.49735392287446 ], [ 14.455395190478784, 53.497353927378185 ], [ 14.455395179069454, 53.497353932552024 ], [ 14.455395168536583, 53.497353938349121 ], [ 14.455395158975545, 53.49735394471697 ], [ 14.45539515047294, 53.497353951597873 ], [ 14.452985332706501, 53.499511991086592 ], [ 14.452985330634029, 53.499511992763573 ], [ 14.452985327140825, 53.499511992729744 ], [ 14.44864587156675, 53.499346505010024 ], [ 14.448645868094799, 53.499346504778231 ], [ 14.448645866397534, 53.499346502957508 ], [ 14.44671676647171, 53.49702300582527 ], [ 14.446716759508471, 53.497022998354602 ], [ 14.446716751385834, 53.49702299131242 ], [ 14.446716742177349, 53.49702298476253 ], [ 14.446716731966417, 53.497022978764228 ], [ 14.446716720845505, 53.49702297337187 ], [ 14.44671670891533, 53.497022968634241 ], [ 14.446716696283932, 53.497022964594294 ], [ 14.446716683065702, 53.497022961288579 ], [ 14.446716669380352, 53.49702295874701 ], [ 14.446716655351809, 53.497022956992694 ], [ 14.44671664110712, 53.497022956041455 ], [ 14.442377560714386, 53.496857249204403 ], [ 14.442377557242686, 53.496857248972425 ], [ 14.442377555545789, 53.496857247151603 ], [ 14.440448873250267, 53.494533612938717 ], [ 14.440448871851478, 53.494533611029922 ], [ 14.44044887364751, 53.494533609243284 ], [ 14.442859016743814, 53.49237582921711 ], [ 14.442859024112199, 53.492375821886206 ], [ 14.442859030278703, 53.492375814170813 ], [ 14.442859035187475, 53.492375806140799 ], [ 14.442859038794062, 53.492375797868888 ], [ 14.442859041065802, 53.492375789429985 ], [ 14.442859041982119, 53.492375780900517 ], [ 14.442859041534723, 53.492375772357718 ], [ 14.442859039727656, 53.492375763878975 ], [ 14.442859036577286, 53.492375755541055 ], [ 14.442859032112148, 53.492375747419473 ], [ 14.442859026372675, 53.492375739587786 ], [ 14.440930543606417, 53.490052160217452 ], [ 14.440930542207743, 53.490052158308657 ], [ 14.440930544003555, 53.490052156521998 ], [ 14.443340395176488, 53.487894359830008 ], [ 14.443340402543971, 53.487894352499062 ], [ 14.443340408709689, 53.487894344783619 ], [ 14.443340413617801, 53.48789433675357 ], [ 14.443340417223862, 53.487894328481616 ], [ 14.443340419495216, 53.487894320042713 ], [ 14.443340420411287, 53.487894311513209 ], [ 14.443340419963789, 53.487894302970417 ], [ 14.443340418156764, 53.487894294491689 ], [ 14.443340415006579, 53.487894286153789 ], [ 14.443340410541774, 53.487894278032208 ], [ 14.443340404802765, 53.487894270200549 ], [ 14.441412084543392, 53.485570701114014 ], [ 14.441412083144829, 53.485570699205269 ], [ 14.441412084940419, 53.485570697418574 ], [ 14.443821644273765, 53.48341288406403 ], [ 14.443821651640343, 53.483412876733048 ], [ 14.443821657805277, 53.48341286901757 ], [ 14.443821662712732, 53.483412860987471 ], [ 14.44382166631827, 53.483412852715489 ], [ 14.443821668589234, 53.483412844276558 ], [ 14.443821669505061, 53.48341283574706 ], [ 14.443821669057453, 53.483412827204255 ], [ 14.443821667250475, 53.483412818725526 ], [ 14.443821664100476, 53.48341281038762 ], [ 14.443821659635994, 53.483412802266088 ], [ 14.443821653897457, 53.483412794434457 ], [ 14.441893496107872, 53.481089235629383 ], [ 14.441893494709422, 53.481089233720617 ], [ 14.441893496504791, 53.481089231933936 ], [ 14.444302810279522, 53.478931360541544 ], [ 14.444302812351271, 53.478931358864699 ], [ 14.444302815842764, 53.478931358898755 ], [ 14.448640078756185, 53.479096958025458 ], [ 14.448640093081982, 53.479096958164668 ], [ 14.448640107365087, 53.479096957490874 ], [ 14.448640121476158, 53.479096956010252 ], [ 14.448640135287395, 53.479096953736146 ], [ 14.448640148673723, 53.479096950689204 ], [ 14.448640161513916, 53.479096946896981 ], [ 14.448640173691697, 53.479096942393831 ], [ 14.448640185096771, 53.479096937220547 ], [ 14.448640195625854, 53.47909693142396 ], [ 14.448640205183596, 53.479096925056567 ], [ 14.44864021368344, 53.479096918176069 ], [ 14.451049027128027, 53.476938941859288 ], [ 14.451049029199421, 53.476938940182322 ], [ 14.451049032690767, 53.476938940216165 ], [ 14.455386133087801, 53.477104290316142 ], [ 14.455386147412995, 53.477104290454513 ], [ 14.455386161695371, 53.477104289779909 ], [ 14.455386175805584, 53.477104288298456 ], [ 14.455386189615847, 53.477104286023547 ], [ 14.455386203001106, 53.477104282975823 ], [ 14.455386215840125, 53.477104279182839 ], [ 14.455386228016641, 53.477104274678993 ], [ 14.455386239420376, 53.477104269505013 ], [ 14.455386249948063, 53.477104263707815 ], [ 14.45538625950436, 53.477104257339853 ], [ 14.455386268002723, 53.477104250458837 ], [ 14.457794581176474, 53.474946169272869 ], [ 14.457794588539134, 53.47494616194092 ], [ 14.457794594700248, 53.474946154224639 ], [ 14.45779459960402, 53.474946146193901 ], [ 14.45779460320604, 53.474946137921428 ], [ 14.457794605473692, 53.47494612948212 ], [ 14.457794606386436, 53.47494612095246 ], [ 14.457794605936002, 53.474946112409654 ], [ 14.457794604126477, 53.474946103931075 ], [ 14.457794600974248, 53.474946095593481 ], [ 14.457794596507854, 53.474946087472432 ], [ 14.457794590767753, 53.474946079641434 ], [ 14.455866012308126, 53.472622736597636 ], [ 14.455866010909295, 53.472622734689054 ], [ 14.45586601270371, 53.47262273290211 ], [ 14.458274080631423, 53.470464593726739 ], [ 14.45827408799318, 53.470464586394726 ], [ 14.458274094153509, 53.470464578678396 ], [ 14.458274099056625, 53.470464570647628 ], [ 14.458274102658116, 53.47046456237512 ], [ 14.458274104925387, 53.47046455393582 ], [ 14.458274105837885, 53.470464545406131 ], [ 14.45827410538735, 53.470464536863318 ], [ 14.458274103577869, 53.470464528384738 ], [ 14.458274100425825, 53.470464520047166 ], [ 14.45827409595976, 53.47046451192616 ], [ 14.458274090220124, 53.470464504095183 ], [ 14.456345674323391, 53.468141171296267 ], [ 14.456345672924675, 53.468141169387685 ], [ 14.456345674718873, 53.468141167600749 ], [ 14.458753497468198, 53.465982970437565 ], [ 14.458753499538735, 53.465982968760422 ], [ 14.458753503029197, 53.46598296879403 ], [ 14.46308953295992, 53.466148016240574 ], [ 14.463089547281493, 53.466148016377922 ], [ 14.463089561560107, 53.466148015702331 ], [ 14.463089575666439, 53.466148014219883 ], [ 14.463089589472746, 53.466148011944 ], [ 14.463089602853998, 53.466148008895317 ], [ 14.463089615689009, 53.466148005101424 ], [ 14.463089627861542, 53.466148000596689 ], [ 14.463089639261362, 53.466147995421899 ], [ 14.463089649785234, 53.466147989623913 ], [ 14.463089659337848, 53.466147983255269 ], [ 14.463089667832692, 53.466147976373627 ], [ 14.46549694443625, 53.46398971582677 ], [ 14.465496951795595, 53.463989708494282 ], [ 14.465496957953624, 53.463989700777503 ], [ 14.465496962854573, 53.46398969274636 ], [ 14.465496966454053, 53.46398968447361 ], [ 14.465496968719467, 53.463989676034103 ], [ 14.465496969630301, 53.463989667504336 ], [ 14.465496969178307, 53.463989658961509 ], [ 14.465496967367576, 53.463989650483036 ], [ 14.465496964214507, 53.463989642145627 ], [ 14.465496959747657, 53.463989634024834 ], [ 14.465496954007477, 53.463989626194213 ], [ 14.463568446412763, 53.461666450922543 ], [ 14.463568439451938, 53.461666443452856 ], [ 14.463568431332856, 53.461666436411896 ], [ 14.46356842212905, 53.461666429863378 ], [ 14.463568411923863, 53.461666423866639 ], [ 14.463568400809722, 53.46166641847595 ], [ 14.463568388887273, 53.461666413740161 ], [ 14.46356837626449, 53.461666409702161 ], [ 14.463568363055689, 53.4616664063985 ], [ 14.463568349380484, 53.46166640385912 ], [ 14.463568335362726, 53.461666402106985 ], [ 14.463568321129365, 53.461666401157977 ], [ 14.459232744950739, 53.461501380532134 ], [ 14.459232741481799, 53.46150138030071 ], [ 14.459232739785492, 53.461501378480143 ], [ 14.457304611928516, 53.459178021612971 ], [ 14.457304610530029, 53.459178019704375 ], [ 14.457304612323783, 53.459178017917417 ], [ 14.459711806461064, 53.457019828943039 ], [ 14.45971181382011, 53.457019821610892 ], [ 14.459711819978089, 53.457019813894419 ], [ 14.459711824879236, 53.457019805863531 ], [ 14.459711828479163, 53.457019797590938 ], [ 14.459711830745267, 53.457019789151573 ], [ 14.45971183165703, 53.457019780621849 ], [ 14.459711831206192, 53.457019772079008 ], [ 14.459711829396838, 53.457019763600442 ], [ 14.459711826245353, 53.457019755262927 ], [ 14.459711821780274, 53.457019747141949 ], [ 14.459711816042041, 53.457019739311079 ], [ 14.457783887611233, 53.45469643723289 ], [ 14.457783886212859, 53.454696435324308 ], [ 14.457783888006393, 53.454696433537343 ], [ 14.460190791047221, 53.452538227969846 ], [ 14.460190798405359, 53.452538220637635 ], [ 14.46019080456256, 53.45253821292112 ], [ 14.46019080946305, 53.452538204890203 ], [ 14.460190813062452, 53.452538196617581 ], [ 14.460190815328174, 53.452538188178195 ], [ 14.460190816239693, 53.452538179648457 ], [ 14.460190815788748, 53.452538171105623 ], [ 14.460190813979441, 53.452538162627071 ], [ 14.460190810828141, 53.452538154289563 ], [ 14.460190806363387, 53.452538146168607 ], [ 14.460190800625627, 53.452538138337772 ], [ 14.458263071573707, 53.450214891046336 ], [ 14.458263064615595, 53.450214883576429 ], [ 14.458263056499487, 53.450214876535135 ], [ 14.4582630472989, 53.450214869986276 ], [ 14.458263037097149, 53.450214863989117 ], [ 14.45826302598662, 53.450214858598024 ], [ 14.458263014067933, 53.450214853861794 ], [ 14.458263001449028, 53.450214849823311 ], [ 14.458262988244179, 53.450214846519145 ], [ 14.458262974572978, 53.450214843979211 ], [ 14.458262960559232, 53.450214842226536 ], [ 14.458262946329844, 53.450214841276988 ], [ 14.453928651421242, 53.450049655497992 ], [ 14.453928637105186, 53.450049655359628 ], [ 14.453928622831919, 53.450049656034253 ], [ 14.453928608730708, 53.450049657515734 ], [ 14.453928594929254, 53.450049659790658 ], [ 14.453928581552542, 53.450049662838403 ], [ 14.453928568721722, 53.450049666631401 ], [ 14.453928556552988, 53.450049671135282 ], [ 14.453928545156533, 53.450049676309263 ], [ 14.45392853463558, 53.450049682106503 ], [ 14.453928525085395, 53.450049688474493 ], [ 14.453928516592477, 53.450049695355531 ], [ 14.451521451197499, 53.452207771408453 ], [ 14.451521449127387, 53.452207773085469 ], [ 14.451521445638077, 53.452207773051676 ], [ 14.447186822202235, 53.452042332150519 ], [ 14.447186818734149, 53.452042331918747 ], [ 14.44718681703872, 53.452042330098017 ], [ 14.445259758545653, 53.449718798643104 ], [ 14.445259757148003, 53.449718796734402 ], [ 14.445259758941832, 53.449718794947614 ], [ 14.447666986570432, 53.447560848411406 ], [ 14.447666993929781, 53.447560841079984 ], [ 14.447667000088432, 53.447560833364165 ], [ 14.447667004990635, 53.447560825333788 ], [ 14.447667008591973, 53.447560817061586 ], [ 14.447667010859849, 53.447560808622455 ], [ 14.44766701177371, 53.447560800092866 ], [ 14.447667011325285, 53.44756079155006 ], [ 14.447667009518637, 53.447560783071367 ], [ 14.447667006370127, 53.447560774733574 ], [ 14.447667001908266, 53.447560766612213 ], [ 14.447666996173465, 53.447560758780803 ], [ 14.445740136807901, 53.445237282143026 ], [ 14.445740135410357, 53.445237280234338 ], [ 14.445740137203972, 53.445237278447543 ], [ 14.448147073745481, 53.443079315278446 ], [ 14.448147081103928, 53.443079307946981 ], [ 14.448147087261802, 53.443079300231112 ], [ 14.448147092163346, 53.443079292200679 ], [ 14.448147095764163, 53.443079283928462 ], [ 14.448147098031647, 53.443079275489318 ], [ 14.448147098945265, 53.443079266959714 ], [ 14.44814709849674, 53.44307925841688 ], [ 14.44814709669013, 53.443079249938187 ], [ 14.448147093541808, 53.443079241600415 ], [ 14.448147089080274, 53.443079233479075 ], [ 14.448147083345935, 53.443079225647722 ], [ 14.446220386116741, 53.440755759270324 ], [ 14.446220384719316, 53.440755757361643 ], [ 14.446220386512707, 53.440755755574834 ] ] ] } }
]
}
