{
"type": "FeatureCollection",
"name": "gdansk_hex_mask",
"crs": { "type": "name", "properties": { "name": "urn:ogc:def:crs:OGC:1.3:CRS84" } },
"features": [
{ "type": "Feature", "properties": { "name": "gdansk" }, "geometry": { "type": "Polygon", "coordinates": [ [ [ 17.384441530803723, 53.657789042356193 ], [ 17.384441530803723, 55.050396389588251 ], [ 19.997032685435087, 55.050396389588251 ], [ 19.997032685435087, 53.657789042356193 ], [ 17.384441530803723, 53.657789042356193 ] ], [ [ 18.429540329783659, 54.38192755744199 ], [ 18.431794277105102, 54.379690642629299 ], [ 18.431794279060398, 54.379690640884377 ], [ 18.431794282629507, 54.37969064080194 ], [ 18.436239773763923, 54.379711479475425 ], [ 18.436239788408098, 54.379711479136716 ], [ 18.436239802930807, 54.379711477986959 ], [ 18.43623981720053, 54.37971147603659 ], [ 18.436239831088042, 54.379711473303225 ], [ 18.436239844467568, 54.379711469811653 ], [ 18.436239857217956, 54.379711465593502 ], [ 18.436239869223719, 54.379711460686934 ], [ 18.436239880376139, 54.379711455136409 ], [ 18.436239890574221, 54.379711448992182 ], [ 18.436239899725607, 54.379711442309919 ], [ 18.436239907747414, 54.379711435150099 ], [ 18.438493326246473, 54.377474436192813 ], [ 18.438493328201375, 54.377474434447755 ], [ 18.438493331770285, 54.377474434365141 ], [ 18.442938588562377, 54.377495025838385 ], [ 18.442938603205711, 54.377495025498874 ], [ 18.442938617727457, 54.377495024348313 ], [ 18.442938631996103, 54.377495022397135 ], [ 18.442938645882428, 54.377495019663002 ], [ 18.442938659260669, 54.377495016170684 ], [ 18.442938672009685, 54.377495011951822 ], [ 18.442938684014006, 54.377495007044558 ], [ 18.442938695164923, 54.377495001493415 ], [ 18.44293870536146, 54.377494995348634 ], [ 18.442938714511261, 54.377494988665831 ], [ 18.442938722531476, 54.377494981505585 ], [ 18.445191612295023, 54.375257898460013 ], [ 18.445191619112226, 54.375257890886999 ], [ 18.445191624665508, 54.375257882969962 ], [ 18.445191628904588, 54.375257874780573 ], [ 18.445191631791065, 54.375257866393042 ], [ 18.445191633298801, 54.375257857883284 ], [ 18.445191633414144, 54.375257849328435 ], [ 18.445191632136044, 54.375257840805887 ], [ 18.445191629476085, 54.375257832392855 ], [ 18.445191625458353, 54.375257824165544 ], [ 18.445191620119228, 54.375257816198456 ], [ 18.445191613507063, 54.375257808563724 ], [ 18.442999566105179, 54.373000258013406 ], [ 18.442999558280665, 54.373000250780024 ], [ 18.44299954931391, 54.37300024401366 ], [ 18.442999539286106, 54.37300023777555 ], [ 18.442999528288066, 54.373000232122216 ], [ 18.442999516419395, 54.373000227104811 ], [ 18.442999503787576, 54.373000222768823 ], [ 18.442999490506992, 54.373000219153525 ], [ 18.442999476697938, 54.373000216291615 ], [ 18.442999462485453, 54.373000214209029 ], [ 18.442999447998258, 54.37300021292463 ], [ 18.442999433367536, 54.373000212450044 ], [ 18.438554662044876, 54.37297962436778 ], [ 18.438554658479067, 54.372979624251983 ], [ 18.438554656572244, 54.372979622488977 ], [ 18.436363010512352, 54.370721865168896 ], [ 18.436363008901399, 54.37072186330802 ], [ 18.436363010563113, 54.370721861462435 ], [ 18.438615926755386, 54.368484855679888 ], [ 18.438615933572663, 54.368484848107244 ], [ 18.43861593912629, 54.368484840190483 ], [ 18.43861594336596, 54.368484832001322 ], [ 18.438615946253293, 54.368484823613933 ], [ 18.438615947762131, 54.368484815104289 ], [ 18.438615947878809, 54.368484806549397 ], [ 18.438615946602276, 54.368484798026785 ], [ 18.438615943944086, 54.368484789613625 ], [ 18.438615939928326, 54.368484781386073 ], [ 18.438615934591347, 54.368484773418686 ], [ 18.438615927981484, 54.368484765783585 ], [ 18.436424558164909, 54.36622705175408 ], [ 18.436424556554133, 54.366227049893219 ], [ 18.436424558215656, 54.366227048047627 ], [ 18.438677223356844, 54.363990038852492 ], [ 18.438677230173358, 54.363990031279819 ], [ 18.43867723572636, 54.363990023363058 ], [ 18.438677239965553, 54.363990015173918 ], [ 18.438677242852552, 54.363990006786516 ], [ 18.438677244361205, 54.363989998276836 ], [ 18.438677244477855, 54.363989989721958 ], [ 18.43867724320144, 54.363989981199325 ], [ 18.43867724054352, 54.36398997278615 ], [ 18.438677236528179, 54.363989964558606 ], [ 18.438677231191757, 54.363989956591219 ], [ 18.438677224582605, 54.363989948956124 ], [ 18.436486088917846, 54.3617322349237 ], [ 18.436486087307237, 54.361732233062845 ], [ 18.436486088968582, 54.361732231217239 ], [ 18.43873850312842, 54.359495218609794 ], [ 18.438738509944177, 54.359495211037121 ], [ 18.438738515496549, 54.359495203120339 ], [ 18.438738519735271, 54.359495194931171 ], [ 18.438738522621929, 54.359495186543768 ], [ 18.438738524130393, 54.359495178034081 ], [ 18.438738524247015, 54.359495169479203 ], [ 18.43873852297072, 54.359495160956563 ], [ 18.43873852031307, 54.359495152543396 ], [ 18.438738516298148, 54.359495144315844 ], [ 18.438738510962299, 54.359495136348443 ], [ 18.438738504353847, 54.359495128713341 ], [ 18.436547602777441, 54.357237414677563 ], [ 18.436547601167003, 54.357237412816694 ], [ 18.436547602828153, 54.357237410971095 ], [ 18.438799809261013, 54.355000352054667 ], [ 18.438799811214832, 54.355000350309595 ], [ 18.438799814781792, 54.355000350226966 ], [ 18.443242645559195, 54.35502092475263 ], [ 18.443242660194535, 54.355020924413061 ], [ 18.44324267470834, 54.35502092326243 ], [ 18.443242688969175, 54.355020921311173 ], [ 18.443242702847886, 54.355020918576997 ], [ 18.443242716218791, 54.355020915084609 ], [ 18.443242728960797, 54.355020910865662 ], [ 18.443242740958514, 54.355020905958376 ], [ 18.443242752103281, 54.355020900407141 ], [ 18.443242762294187, 54.355020894262282 ], [ 18.443242771438918, 54.35502088757945 ], [ 18.443242779454671, 54.355020880419133 ], [ 18.445494457828186, 54.352783737515999 ], [ 18.445494459781617, 54.352783735770821 ], [ 18.445494463348371, 54.352783735687986 ], [ 18.449937060031193, 54.352804063256869 ], [ 18.449937074665698, 54.352804062916462 ], [ 18.449937089178537, 54.352804061765056 ], [ 18.449937103438291, 54.352804059813003 ], [ 18.44993711731582, 54.352804057078039 ], [ 18.449937130685438, 54.352804053584904 ], [ 18.449937143426073, 54.352804049365268 ], [ 18.449937155422351, 54.352804044457287 ], [ 18.449937166565622, 54.352804038905454 ], [ 18.449937176754972, 54.352804032760012 ], [ 18.449937185898136, 54.352804026076662 ], [ 18.449937193912294, 54.352804018915904 ], [ 18.452188387479278, 54.350566749180516 ], [ 18.452188389432315, 54.350566747435224 ], [ 18.452188392998867, 54.350566747352197 ], [ 18.456630755517491, 54.350586828003827 ], [ 18.456630770151158, 54.350586827662617 ], [ 18.456630784663034, 54.350586826510387 ], [ 18.456630798921708, 54.350586824557553 ], [ 18.456630812798046, 54.350586821821821 ], [ 18.456630826166382, 54.350586818327955 ], [ 18.456630838905649, 54.350586814107579 ], [ 18.456630850900488, 54.350586809198944 ], [ 18.456630862042257, 54.350586803646479 ], [ 18.456630872230065, 54.350586797500483 ], [ 18.456630881371645, 54.350586790816614 ], [ 18.456630889384211, 54.350586783655402 ], [ 18.458881598208134, 54.348349387138349 ], [ 18.458881600160787, 54.348349385392943 ], [ 18.458881603727132, 54.34834938530971 ], [ 18.46332373201199, 54.348369219083665 ], [ 18.463323746644814, 54.348369218741659 ], [ 18.463323761155731, 54.348369217588605 ], [ 18.463323775413325, 54.348369215634975 ], [ 18.463323789288477, 54.348369212898476 ], [ 18.46332380265553, 54.348369209403863 ], [ 18.463323815393434, 54.348369205182777 ], [ 18.463323827386827, 54.348369200273467 ], [ 18.463323838527099, 54.348369194720384 ], [ 18.463323848713355, 54.34836918857382 ], [ 18.463323857853357, 54.348369181889424 ], [ 18.463323865864329, 54.348369174727758 ], [ 18.465574046861228, 54.346131694386294 ], [ 18.465574053669844, 54.346131686812058 ], [ 18.465574059215246, 54.346131678894025 ], [ 18.465574063447235, 54.346131670703855 ], [ 18.465574066327484, 54.34613166231582 ], [ 18.465574067829905, 54.346131653805756 ], [ 18.465574067940885, 54.346131645250814 ], [ 18.465574066659439, 54.346131636728423 ], [ 18.465574063997149, 54.34613162831581 ], [ 18.465574059978142, 54.346131620089132 ], [ 18.465574054638807, 54.34613161212291 ], [ 18.465574048027495, 54.346131604489258 ], [ 18.463382420197433, 54.343874414135612 ], [ 18.463382412374838, 54.343874406903531 ], [ 18.463382403411028, 54.343874400138652 ], [ 18.463382393387185, 54.343874393902233 ], [ 18.463382382394087, 54.343874388250725 ], [ 18.463382370531285, 54.343874383235324 ], [ 18.463382357906216, 54.343874378901468 ], [ 18.46338234463321, 54.343874375288394 ], [ 18.463382330832466, 54.343874372428829 ], [ 18.463382316628977, 54.343874370348637 ], [ 18.463382302151366, 54.343874369066711 ], [ 18.463382287530738, 54.343874368594626 ], [ 18.458940643858934, 54.343854538085765 ], [ 18.458940640295577, 54.343854537970579 ], [ 18.458940638389215, 54.343854536207864 ], [ 18.456749411061004, 54.341597139102753 ], [ 18.456749409450257, 54.341597137242132 ], [ 18.456749411109875, 54.341597135396256 ], [ 18.458999619122466, 54.339359732182082 ], [ 18.458999625931149, 54.339359724608208 ], [ 18.458999631476903, 54.339359716690467 ], [ 18.458999635709493, 54.339359708500538 ], [ 18.458999638590594, 54.339359700112617 ], [ 18.458999640094117, 54.339359691602638 ], [ 18.458999640206439, 54.339359683047697 ], [ 18.458999638926549, 54.339359674525234 ], [ 18.458999636266036, 54.339359666112472 ], [ 18.458999632248986, 54.339359657885559 ], [ 18.458999626911798, 54.339359649919032 ], [ 18.458999620302787, 54.339359642285032 ], [ 18.456808711112302, 54.337102331688648 ], [ 18.456808703292143, 54.337102324456161 ], [ 18.456808694330881, 54.337102317690764 ], [ 18.456808684309678, 54.337102311453791 ], [ 18.456808673319287, 54.337102305801693 ], [ 18.456808661459235, 54.337102300785659 ], [ 18.456808648836926, 54.337102296451107 ], [ 18.456808635566681, 54.337102292837322 ], [ 18.456808621768669, 54.337102289976997 ], [ 18.456808607567847, 54.337102287896059 ], [ 18.456808593092823, 54.337102286613337 ], [ 18.456808578474682, 54.337102286140436 ], [ 18.452367669586717, 54.337082215404152 ], [ 18.452367666023964, 54.337082215288767 ], [ 18.452367664118199, 54.33708221352596 ], [ 18.450177155254689, 54.334824696243196 ], [ 18.450177153644507, 54.334824694382498 ], [ 18.450177155304139, 54.334824692536706 ], [ 18.452427346989893, 54.332587409323907 ], [ 18.452427353798647, 54.332587401750402 ], [ 18.452427359344739, 54.332587393832945 ], [ 18.452427363577925, 54.332587385643251 ], [ 18.452427366459883, 54.332587377255471 ], [ 18.452427367964503, 54.332587368745564 ], [ 18.452427368078165, 54.332587360190637 ], [ 18.452427366799832, 54.332587351668103 ], [ 18.452427364141091, 54.33258734325517 ], [ 18.452427360126009, 54.332587335028066 ], [ 18.452427354790959, 54.332587327061226 ], [ 18.452427348184244, 54.332587319426857 ], [ 18.450237115237442, 54.330329845387197 ], [ 18.450237113627431, 54.330329843526521 ], [ 18.450237115286882, 54.330329841680701 ], [ 18.452487099816967, 54.328092512196903 ], [ 18.452487101768916, 54.328092510451604 ], [ 18.452487105333525, 54.328092510368563 ], [ 18.456927045799002, 54.328112574498235 ], [ 18.456927060424686, 54.328112574156961 ], [ 18.45692707492864, 54.328112573004681 ], [ 18.456927089179519, 54.328112571051783 ], [ 18.456927103048258, 54.32811256831598 ], [ 18.456927116409268, 54.32811256482205 ], [ 18.456927129141548, 54.328112560601618 ], [ 18.456927141129782, 54.328112555692918 ], [ 18.456927152265418, 54.328112550140403 ], [ 18.456927162447602, 54.328112543994344 ], [ 18.45692717158413, 54.328112537310403 ], [ 18.456927179592249, 54.32811253014912 ], [ 18.459176636897176, 54.32587511688925 ], [ 18.459176638848742, 54.325875115143845 ], [ 18.459176642413141, 54.325875115060597 ], [ 18.46361634896207, 54.325894932516121 ], [ 18.463616363586908, 54.325894932174052 ], [ 18.463616378089906, 54.325894931020954 ], [ 18.463616392339699, 54.32589492906726 ], [ 18.463616406207258, 54.325894926330697 ], [ 18.463616419566989, 54.325894922836014 ], [ 18.463616432297897, 54.325894918614864 ], [ 18.4636164442847, 54.32589491370549 ], [ 18.463616455418837, 54.325894908152335 ], [ 18.463616465599475, 54.325894902005714 ], [ 18.463616474734422, 54.325894895321277 ], [ 18.463616482740953, 54.325894888159553 ], [ 18.465865456030862, 54.323657348272789 ], [ 18.465865457982034, 54.323657346527263 ], [ 18.465865461546233, 54.323657346443838 ], [ 18.470304934109226, 54.323676917264734 ], [ 18.470304948733226, 54.323676916921841 ], [ 18.470304963235257, 54.323676915767933 ], [ 18.470304977483977, 54.323676913813458 ], [ 18.470304991350346, 54.323676911076113 ], [ 18.470305004708791, 54.323676907580676 ], [ 18.470305017438339, 54.323676903358837 ], [ 18.470305029423702, 54.323676898448788 ], [ 18.470305040556337, 54.32367689289503 ], [ 18.470305050735437, 54.323676886747826 ], [ 18.47030505986881, 54.32367688006287 ], [ 18.470305067873745, 54.323676872900691 ], [ 18.472553557212038, 54.321439206437582 ], [ 18.472553559162829, 54.321439204691949 ], [ 18.472553562726823, 54.321439204608311 ], [ 18.476992801234545, 54.321458528834107 ], [ 18.476992815857713, 54.321458528490403 ], [ 18.476992830358778, 54.321458527335679 ], [ 18.476992844606421, 54.321458525380415 ], [ 18.476992858471604, 54.321458522642317 ], [ 18.476992871828767, 54.321458519146127 ], [ 18.476992884556942, 54.321458514923577 ], [ 18.476992896540871, 54.321458510012874 ], [ 18.476992907672013, 54.321458504458469 ], [ 18.476992917849564, 54.321458498310712 ], [ 18.47699292698136, 54.321458491625236 ], [ 18.4769929349847, 54.321458484462596 ], [ 18.479240940434831, 54.31922069147361 ], [ 18.479240942385232, 54.319220689727871 ], [ 18.479240945949019, 54.319220689644041 ], [ 18.483679950332181, 54.319239767314286 ], [ 18.483679964954508, 54.319239766969766 ], [ 18.483679979454617, 54.319239765814238 ], [ 18.483679993701177, 54.319239763858185 ], [ 18.483680007565173, 54.319239761119299 ], [ 18.483680020921057, 54.319239757622384 ], [ 18.483680033647865, 54.31923975339911 ], [ 18.483680045630354, 54.319239748487732 ], [ 18.483680056759997, 54.31923974293273 ], [ 18.48368006693601, 54.319239736784382 ], [ 18.483680076066232, 54.319239730098403 ], [ 18.483680084067977, 54.319239722935329 ], [ 18.485927605693394, 54.317001803470966 ], [ 18.485927607643415, 54.317001801725119 ], [ 18.485927611206996, 54.317001801641084 ], [ 18.490366381396356, 54.317020632795298 ], [ 18.490366396017851, 54.317020632449989 ], [ 18.490366410516994, 54.317020631293651 ], [ 18.490366424762474, 54.317020629336795 ], [ 18.49036643862528, 54.317020626597127 ], [ 18.490366451979881, 54.317020623099481 ], [ 18.490366464705328, 54.317020618875496 ], [ 18.490366476686372, 54.317020613963443 ], [ 18.490366487814519, 54.317020608407823 ], [ 18.490366497988987, 54.317020602258907 ], [ 18.490366507117638, 54.317020595572394 ], [ 18.490366515117792, 54.317020588408894 ], [ 18.492613552981993, 54.314782542519673 ], [ 18.492613554931616, 54.31478254077372 ], [ 18.492613558495002, 54.314782540689471 ], [ 18.49705217953386, 54.314801125722013 ], [ 18.497052183094812, 54.314801125836091 ], [ 18.497052185001472, 54.31480112759818 ], [ 18.49924420881413, 54.317057804494567 ], [ 18.499244210425847, 54.317057806354605 ], [ 18.499244208769124, 54.317057808201085 ], [ 18.496997405234243, 54.319295977241552 ], [ 18.496997398435866, 54.3192959848176 ], [ 18.496997392900127, 54.319295992737139 ], [ 18.496997388677162, 54.319296000928432 ], [ 18.496997385805212, 54.319296009317313 ], [ 18.496997384310294, 54.319296017827803 ], [ 18.496997384205937, 54.319296026382837 ], [ 18.496997385493088, 54.319296034904909 ], [ 18.496997388160089, 54.319296043316882 ], [ 18.496997392182799, 54.31929605154258 ], [ 18.496997397524769, 54.319296059507458 ], [ 18.496997404137634, 54.319296067139412 ], [ 18.499189620315303, 54.321552700578344 ], [ 18.499189621927194, 54.32155270243841 ], [ 18.499189620270283, 54.321552704284898 ], [ 18.496942567297896, 54.323790870101895 ], [ 18.496942560498763, 54.323790877677936 ], [ 18.496942554962398, 54.323790885597454 ], [ 18.496942550738961, 54.323790893788754 ], [ 18.496942547866684, 54.323790902177635 ], [ 18.496942546371582, 54.323790910688118 ], [ 18.496942546267196, 54.32379091924313 ], [ 18.496942547554468, 54.323790927765231 ], [ 18.496942550221746, 54.32379093617719 ], [ 18.496942554244875, 54.323790944402866 ], [ 18.496942559587417, 54.323790952367744 ], [ 18.496942566200985, 54.323790959999712 ], [ 18.499135016837915, 54.3260475932547 ], [ 18.499135018449973, 54.326047595114765 ], [ 18.499135016792884, 54.326047596961232 ], [ 18.496887714313814, 54.328285759554575 ], [ 18.49688770751392, 54.328285767130588 ], [ 18.496887701976949, 54.328285775050105 ], [ 18.496887697753024, 54.328285783241412 ], [ 18.496887694880421, 54.328285791630272 ], [ 18.496887693385137, 54.328285800140755 ], [ 18.496887693280723, 54.32828580869576 ], [ 18.496887694568123, 54.328285817217854 ], [ 18.496887697235678, 54.328285825629798 ], [ 18.496887701259226, 54.328285833855475 ], [ 18.49688770660233, 54.328285841820367 ], [ 18.496887713216609, 54.328285849452321 ], [ 18.499080356327628, 54.330542439251474 ], [ 18.499080364153983, 54.330542446481267 ], [ 18.499080373120783, 54.33054245324351 ], [ 18.499080383146818, 54.330542459477002 ], [ 18.499080394141284, 54.330542465125269 ], [ 18.499080406004627, 54.330542470137168 ], [ 18.499080418629397, 54.330542474467286 ], [ 18.49908043190127, 54.330542478076445 ], [ 18.499080445700052, 54.330542480931946 ], [ 18.499080459900778, 54.33054248300791 ], [ 18.49908047437485, 54.330542484285566 ], [ 18.499080488991183, 54.33054248475333 ], [ 18.503520726183861, 54.330560835068177 ], [ 18.503520729746196, 54.330560835182048 ], [ 18.50352073165385, 54.330560836944038 ], [ 18.505713900974172, 54.332817349650512 ], [ 18.505713908802129, 54.332817356879865 ], [ 18.50571391777051, 54.33281736364161 ], [ 18.505713927798102, 54.332817369874569 ], [ 18.505713938794088, 54.332817375522232 ], [ 18.505713950658887, 54.332817380533463 ], [ 18.505713963285057, 54.332817384862906 ], [ 18.505713976558244, 54.332817388471327 ], [ 18.505713990358256, 54.332817391326074 ], [ 18.505714004560112, 54.332817393401271 ], [ 18.505714019035182, 54.332817394678123 ], [ 18.505714033652403, 54.332817395145071 ], [ 18.510154435207415, 54.332835501534618 ], [ 18.510154449834364, 54.332835501186892 ], [ 18.510154464338534, 54.33283550002821 ], [ 18.510154478588561, 54.332835498069045 ], [ 18.510154492455392, 54.332835495327117 ], [ 18.51015450581346, 54.332835491827289 ], [ 18.510154518541778, 54.332835487601223 ], [ 18.510154530525092, 54.332835482687244 ], [ 18.51015454165486, 54.332835477129791 ], [ 18.510154551830311, 54.332835470979234 ], [ 18.510154560959275, 54.332835464291264 ], [ 18.510154568959088, 54.332835457126443 ], [ 18.512401402126784, 54.330597048176173 ], [ 18.512401404076325, 54.330597046429901 ], [ 18.512401407641033, 54.330597046345083 ], [ 18.516841744702706, 54.330614906863325 ], [ 18.51684174826509, 54.33061490697682 ], [ 18.51684175017332, 54.330614908738603 ], [ 18.519035653110041, 54.332871180804588 ], [ 18.51903566094035, 54.332871188033081 ], [ 18.519035669910938, 54.33287119479386 ], [ 18.519035679940558, 54.332871201025682 ], [ 18.519035690938395, 54.332871206672138 ], [ 18.519035702804839, 54.33287121168209 ], [ 18.519035715432434, 54.332871216010133 ], [ 18.519035728706818, 54.33287121961709 ], [ 18.519035742507771, 54.33287122247031 ], [ 18.519035756710323, 54.332871224543936 ], [ 18.519035771185841, 54.332871225819197 ], [ 18.519035785803236, 54.332871226284539 ], [ 18.523476201885103, 54.332888842500672 ], [ 18.523476216511977, 54.332888842151355 ], [ 18.523476231015795, 54.332888840991075 ], [ 18.523476245265218, 54.332888839030325 ], [ 18.523476259131193, 54.33288883628687 ], [ 18.52347627248815, 54.332888832785557 ], [ 18.523476285215132, 54.332888828558104 ], [ 18.523476297196879, 54.332888823642783 ], [ 18.523476308324877, 54.332888818084086 ], [ 18.52347631849835, 54.332888811932406 ], [ 18.523476327625175, 54.332888805243435 ], [ 18.523476335622689, 54.332888798077711 ], [ 18.52572244969571, 54.330650139665799 ], [ 18.52572245164469, 54.330650137919314 ], [ 18.525722455209383, 54.330650137834112 ], [ 18.530162721450846, 54.330667507867211 ], [ 18.530162736076875, 54.33066750751707 ], [ 18.530162750579724, 54.330667506355979 ], [ 18.530162764828066, 54.330667504394441 ], [ 18.530162778692851, 54.330667501650225 ], [ 18.530162792048525, 54.330667498148159 ], [ 18.530162804774143, 54.330667493919989 ], [ 18.530162816754444, 54.330667489004007 ], [ 18.530162827880943, 54.330667483444699 ], [ 18.530162838052874, 54.330667477292451 ], [ 18.530162847178122, 54.330667470602954 ], [ 18.530162855174037, 54.330667463436804 ], [ 18.532408442011754, 54.328428721709294 ], [ 18.532408448805157, 54.328428714131228 ], [ 18.532408454335339, 54.328428706210076 ], [ 18.532408458552219, 54.328428698017518 ], [ 18.532408461417617, 54.328428689627806 ], [ 18.532408462905572, 54.328428681116876 ], [ 18.532408463002614, 54.328428672561806 ], [ 18.532408461707867, 54.328428664040104 ], [ 18.532408459033054, 54.328428655628919 ], [ 18.532408455002397, 54.328428647404401 ], [ 18.532408449652394, 54.328428639441086 ], [ 18.53240844303151, 54.32842863181105 ], [ 18.530214041729145, 54.326172600226549 ], [ 18.530214040115677, 54.326172598366924 ], [ 18.530214041771387, 54.326172596519996 ], [ 18.532459422623191, 54.323933808741863 ], [ 18.532459429415834, 54.323933801163804 ], [ 18.532459434945398, 54.323933793242645 ], [ 18.532459439161808, 54.323933785050087 ], [ 18.532459442026866, 54.323933776660354 ], [ 18.532459443514647, 54.323933768149409 ], [ 18.532459443611664, 54.323933759594347 ], [ 18.532459442317045, 54.323933751072623 ], [ 18.532459439642505, 54.323933742661453 ], [ 18.532459435612274, 54.32393373443692 ], [ 18.532459430262836, 54.323933726473612 ], [ 18.53245942364266, 54.32393371884357 ], [ 18.530265257336033, 54.321677686976919 ], [ 18.530265255722739, 54.321677685117272 ], [ 18.530265257378261, 54.321677683270373 ], [ 18.532510389249072, 54.319438892371892 ], [ 18.532510396040966, 54.319438884793811 ], [ 18.532510401569908, 54.319438876872631 ], [ 18.532510405785839, 54.319438868680081 ], [ 18.532510408650577, 54.319438860290347 ], [ 18.53251041013818, 54.319438851779388 ], [ 18.532510410235165, 54.319438843224326 ], [ 18.53251040894067, 54.319438834702595 ], [ 18.532510406266411, 54.319438826291396 ], [ 18.532510402236596, 54.319438818066885 ], [ 18.532510396887741, 54.319438810103556 ], [ 18.532510390268264, 54.319438802473528 ], [ 18.530316458893594, 54.317182770324344 ], [ 18.530316457280474, 54.317182768464711 ], [ 18.530316458935811, 54.317182766617783 ], [ 18.532561384939655, 54.314943929668125 ], [ 18.532561386887604, 54.314943927921519 ], [ 18.532561390450926, 54.314943927836111 ], [ 18.536999969893969, 54.314961042933319 ], [ 18.536999984514377, 54.314961042582361 ], [ 18.536999999011513, 54.314961041420425 ], [ 18.537000013254104, 54.314961039458055 ], [ 18.537000027113155, 54.314961036713015 ], [ 18.537000040463155, 54.314961033210189 ], [ 18.537000053183217, 54.314961028981273 ], [ 18.537000065158136, 54.31496102406458 ], [ 18.537000076279469, 54.31496101850464 ], [ 18.537000086446497, 54.314961012351773 ], [ 18.537000095567141, 54.314961005661729 ], [ 18.537000103558817, 54.314960998495103 ], [ 18.53924450279904, 54.312722078341899 ], [ 18.539244504746598, 54.3127220765952 ], [ 18.539244508309718, 54.312722076509566 ], [ 18.543682852815635, 54.31273894528551 ], [ 18.543682867435201, 54.312738944933727 ], [ 18.543682881931375, 54.312738943770988 ], [ 18.543682896172879, 54.312738941807822 ], [ 18.543682910030743, 54.312738939062022 ], [ 18.543682923379464, 54.312738935558457 ], [ 18.543682936098158, 54.312738931328838 ], [ 18.543682948071634, 54.312738926411463 ], [ 18.543682959191464, 54.312738920850904 ], [ 18.543682969356951, 54.312738914697483 ], [ 18.543682978476024, 54.312738908006921 ], [ 18.543682986466106, 54.312738900839847 ], [ 18.54592690205623, 54.31049985460335 ], [ 18.545926904003398, 54.310499852856516 ], [ 18.545926907566312, 54.310499852770732 ], [ 18.550365102170534, 54.310516475582176 ], [ 18.55036510573127, 54.310516475694662 ], [ 18.550365107640015, 54.310516477455941 ], [ 18.552559785153619, 54.312772148920736 ], [ 18.552559792986017, 54.312772156147084 ], [ 18.552559801957759, 54.312772162905389 ], [ 18.552559811987592, 54.312772169134462 ], [ 18.552559822984691, 54.312772174777869 ], [ 18.552559834849458, 54.312772179784517 ], [ 18.552559847474448, 54.312772184109086 ], [ 18.552559860745323, 54.312772187712348 ], [ 18.552559874541899, 54.312772190561731 ], [ 18.552559888739243, 54.3127721926314 ], [ 18.552559903208763, 54.312772193902646 ], [ 18.552559917819437, 54.312772194363916 ], [ 18.556998275833433, 54.312788573308268 ], [ 18.556998279394389, 54.312788573420583 ], [ 18.556998281303521, 54.312788575181727 ], [ 18.559193442472239, 54.315044126034607 ], [ 18.559193450306235, 54.315044133260521 ], [ 18.559193459279559, 54.315044140018323 ], [ 18.559193469310951, 54.315044146246841 ], [ 18.559193480309563, 54.315044151889659 ], [ 18.559193492175794, 54.315044156895659 ], [ 18.559193504802167, 54.315044161219518 ], [ 18.559193518074363, 54.315044164822062 ], [ 18.559193531872161, 54.315044167670699 ], [ 18.55919354607062, 54.315044169739593 ], [ 18.55919356054115, 54.315044171010037 ], [ 18.559193575152712, 54.31504417147049 ], [ 18.563632096503, 54.315060306519285 ], [ 18.563632111123233, 54.315060306165094 ], [ 18.563632125619666, 54.315060304999953 ], [ 18.563632139861042, 54.315060303034436 ], [ 18.56363215371837, 54.315060300286333 ], [ 18.563632167066157, 54.315060296780558 ], [ 18.563632179783532, 54.315060292548836 ], [ 18.563632191755318, 54.315060287629493 ], [ 18.563632202873098, 54.315060282067073 ], [ 18.56363221303619, 54.315060275911961 ], [ 18.563632222152549, 54.31506026921992 ], [ 18.563632230139621, 54.315060262051503 ], [ 18.565875148720309, 54.312820886844349 ], [ 18.565875155504983, 54.312820879264386 ], [ 18.565875161026632, 54.31282087134165 ], [ 18.565875165235258, 54.312820863147877 ], [ 18.565875168092745, 54.312820854757341 ], [ 18.565875169573214, 54.312820846245963 ], [ 18.565875169663265, 54.312820837690836 ], [ 18.565875168362069, 54.312820829169453 ], [ 18.565875165681422, 54.312820820758965 ], [ 18.565875161645589, 54.312820812535556 ], [ 18.565875156291131, 54.312820804573676 ], [ 18.565875149666535, 54.312820796945466 ], [ 18.563679740114001, 54.310565366373112 ], [ 18.56367973849963, 54.310565364513927 ], [ 18.563679740153205, 54.310565362666551 ], [ 18.565922453429319, 54.308325941500378 ], [ 18.565922460213237, 54.308325933920401 ], [ 18.565922465734278, 54.30832592599765 ], [ 18.565922469942439, 54.308325917803899 ], [ 18.565922472799592, 54.308325909413341 ], [ 18.565922474279891, 54.308325900901956 ], [ 18.565922474369913, 54.308325892346829 ], [ 18.565922473068845, 54.308325883825439 ], [ 18.565922470388468, 54.308325875414937 ], [ 18.565922466353069, 54.30832586719152 ], [ 18.565922460999179, 54.308325859229654 ], [ 18.565922454375283, 54.308325851601431 ], [ 18.563727280098963, 54.306070420647053 ], [ 18.563727278484759, 54.306070418787861 ], [ 18.563727280138156, 54.306070416940486 ], [ 18.56596978816421, 54.303830949814575 ], [ 18.56596979011022, 54.303830948067407 ], [ 18.565969793672512, 54.303830947981027 ], [ 18.570407197741702, 54.303846831868064 ], [ 18.57040721235791, 54.303846831513034 ], [ 18.570407226850222, 54.303846830347076 ], [ 18.570407241087398, 54.303846828380749 ], [ 18.570407254940505, 54.303846825631858 ], [ 18.570407268284089, 54.303846822125315 ], [ 18.570407280997316, 54.303846817892868 ], [ 18.570407292965037, 54.303846812972843 ], [ 18.570407304078877, 54.303846807409791 ], [ 18.570407314238189, 54.303846801254082 ], [ 18.57040732335096, 54.303846794561501 ], [ 18.570407331334689, 54.303846787392615 ], [ 18.572649312962582, 54.301607237327545 ], [ 18.572649314908205, 54.301607235580285 ], [ 18.572649318470294, 54.301607235493691 ], [ 18.577086487258491, 54.3016228732576 ], [ 18.577086501873847, 54.30162287290176 ], [ 18.577086516365195, 54.301622871734985 ], [ 18.577086530601292, 54.30162286976789 ], [ 18.577086544453213, 54.30162286701821 ], [ 18.577086557795514, 54.301622863510936 ], [ 18.577086570507365, 54.301622859277778 ], [ 18.577086582473644, 54.301622854357078 ], [ 18.577086593585989, 54.301622848793407 ], [ 18.577086603743762, 54.30162284263713 ], [ 18.577086612854963, 54.301622835944023 ], [ 18.57708662083709, 54.30162282877469 ], [ 18.579328119134111, 54.299383152878598 ], [ 18.579328121079346, 54.299383151131231 ], [ 18.579328124641236, 54.299383151044445 ], [ 18.583765143161553, 54.299398543018462 ], [ 18.583765146721429, 54.299398543129961 ], [ 18.583765148631088, 54.2993985448907 ], [ 18.58596106705706, 54.301653614998401 ], [ 18.58596107489322, 54.301653622222602 ], [ 18.585961083868042, 54.301653628978443 ], [ 18.585961093900238, 54.301653635204758 ], [ 18.585961104898967, 54.301653640845139 ], [ 18.585961116764611, 54.301653645848511 ], [ 18.585961129389723, 54.301653650169584 ], [ 18.585961142659961, 54.301653653769172 ], [ 18.585961156455156, 54.301653656614739 ], [ 18.585961170650364, 54.301653658680493 ], [ 18.585961185117043, 54.301653659947718 ], [ 18.585961199724171, 54.301653660404924 ], [ 18.590398381013891, 54.301668808530835 ], [ 18.590398384573984, 54.301668808642141 ], [ 18.590398386484033, 54.301668810402774 ], [ 18.592594788245524, 54.303923759745025 ], [ 18.592594796083279, 54.303923766968801 ], [ 18.592594805059676, 54.303923773724165 ], [ 18.592594815093435, 54.303923779949919 ], [ 18.59259482609367, 54.303923785589681 ], [ 18.592594837960778, 54.303923790592421 ], [ 18.592594850587279, 54.303923794912762 ], [ 18.592594863858828, 54.303923798511661 ], [ 18.592594877655241, 54.303923801356468 ], [ 18.592594891851565, 54.303923803421426 ], [ 18.592594906319249, 54.303923804687855 ], [ 18.592594920927262, 54.303923805144279 ], [ 18.597032264912809, 54.303938709393641 ], [ 18.597032279528833, 54.30393870903535 ], [ 18.597032294020433, 54.303938707866202 ], [ 18.597032308256399, 54.303938705896741 ], [ 18.597032322107776, 54.303938703144794 ], [ 18.597032335449143, 54.303938699635296 ], [ 18.597032348159676, 54.303938695400028 ], [ 18.59703236012426, 54.303938690477338 ], [ 18.597032371234548, 54.303938684911856 ], [ 18.597032381389919, 54.303938678753902 ], [ 18.597032390498406, 54.303938672059274 ], [ 18.597032398477527, 54.303938664888634 ], [ 18.599272899444305, 54.301698660583952 ], [ 18.59927290622101, 54.301698653002106 ], [ 18.599272911734754, 54.301698645077799 ], [ 18.599272915935607, 54.30169863688284 ], [ 18.59927291878553, 54.301698628491486 ], [ 18.599272920258699, 54.301698619979675 ], [ 18.599272920341782, 54.301698611424499 ], [ 18.599272919034032, 54.301698602903436 ], [ 18.599272916347278, 54.301698594493686 ], [ 18.599272912305864, 54.301698586271364 ], [ 18.599272906946382, 54.301698578310926 ], [ 18.599272900317377, 54.301698570684529 ], [ 18.597076250835059, 54.299443741676711 ], [ 18.597076249219615, 54.299443739817953 ], [ 18.597076250871247, 54.29944373797013 ], [ 18.599316547150025, 54.297203687797634 ], [ 18.599316553925981, 54.297203680215745 ], [ 18.59931655943911, 54.297203672291452 ], [ 18.599316563639498, 54.2972036640965 ], [ 18.599316566489094, 54.297203655705125 ], [ 18.599316567962088, 54.297203647193292 ], [ 18.599316568045147, 54.297203638638109 ], [ 18.599316566737528, 54.29720363011706 ], [ 18.599316564051055, 54.297203621707311 ], [ 18.599316560010067, 54.297203613484953 ], [ 18.599316554651153, 54.297203605524558 ], [ 18.599316548022859, 54.297203597898147 ], [ 18.597120134159763, 54.294948768408737 ], [ 18.597120132544489, 54.294948766549979 ], [ 18.597120134195944, 54.294948764702127 ], [ 18.599360225841011, 54.292708668661099 ], [ 18.59936022778508, 54.292708666913406 ], [ 18.599360231346353, 54.292708666826002 ], [ 18.603796458324801, 54.292723320493963 ], [ 18.603796472936793, 54.292723320134854 ], [ 18.603796487424276, 54.292723318964875 ], [ 18.603796501656042, 54.292723316994611 ], [ 18.603796515503209, 54.292723314241869 ], [ 18.603796528840373, 54.292723310731617 ], [ 18.603796541546757, 54.292723306495624 ], [ 18.603796553507276, 54.292723301572252 ], [ 18.603796564613631, 54.292723296006109 ], [ 18.60379657476523, 54.292723289847572 ], [ 18.603796583870139, 54.292723283152434 ], [ 18.603796591845907, 54.292723275981317 ], [ 18.606036114515806, 54.290483140222889 ], [ 18.606036121289421, 54.290483132640624 ], [ 18.606036126800362, 54.290483124716005 ], [ 18.606036130998721, 54.290483116520811 ], [ 18.606036133846477, 54.290483108129266 ], [ 18.606036135317844, 54.290483099617347 ], [ 18.606036135399492, 54.29048309106215 ], [ 18.606036134090687, 54.290483082541144 ], [ 18.606036131403272, 54.290483074131515 ], [ 18.606036127361598, 54.290483065909406 ], [ 18.606036122002259, 54.290483057949288 ], [ 18.60603611537379, 54.290483050323246 ], [ 18.60383973173041, 54.288228383893461 ], [ 18.603839723893653, 54.288228376670396 ], [ 18.603839714918813, 54.288228369915871 ], [ 18.603839704887161, 54.288228363691047 ], [ 18.603839693889547, 54.28822835805228 ], [ 18.603839682025576, 54.288228353050656 ], [ 18.603839669402685, 54.288228348731472 ], [ 18.60383965613519, 54.28822834513381 ], [ 18.603839642343239, 54.288228342290289 ], [ 18.603839628151739, 54.288228340226645 ], [ 18.6038396136892, 54.288228338961567 ], [ 18.603839599086616, 54.288228338506535 ], [ 18.599403855116982, 54.28821368724941 ], [ 18.599403851558023, 54.288213687138381 ], [ 18.599403849648212, 54.288213685377862 ], [ 18.597207864720321, 54.28595881168647 ], [ 18.597207863105389, 54.285958809827726 ], [ 18.597207864756477, 54.285958807979881 ], [ 18.599447418482402, 54.28371874906783 ], [ 18.599447425256109, 54.28371874148592 ], [ 18.599447430767402, 54.283718733561606 ], [ 18.599447434966372, 54.283718725366619 ], [ 18.599447437814998, 54.283718716975208 ], [ 18.59944743928747, 54.283718708463383 ], [ 18.599447439370469, 54.283718699908171 ], [ 18.599447438063226, 54.28371869138708 ], [ 18.599447435377591, 54.283718682977295 ], [ 18.599447431337889, 54.283718674754979 ], [ 18.599447425980685, 54.283718666794549 ], [ 18.599447419354515, 54.28371865916813 ], [ 18.5972517119651, 54.281463828231864 ], [ 18.597251710350349, 54.281463826373106 ], [ 18.597251712001256, 54.281463824525261 ], [ 18.599491061284521, 54.279223719745026 ], [ 18.599491063227951, 54.279223717997333 ], [ 18.599491066788055, 54.279223717909929 ], [ 18.603925845137166, 54.279238364347009 ], [ 18.603925859744393, 54.279238363987901 ], [ 18.603925874227134, 54.279238362817857 ], [ 18.603925888454246, 54.279238360847579 ], [ 18.603925902296879, 54.279238358094823 ], [ 18.60392591562967, 54.279238354584514 ], [ 18.603925928331879, 54.2792383503485 ], [ 18.603925940288473, 54.279238345425114 ], [ 18.603925951391172, 54.279238339858928 ], [ 18.603925961539428, 54.279238333700363 ], [ 18.603925970641338, 54.279238327005181 ], [ 18.603925978614459, 54.27923831983405 ], [ 18.606164802276997, 54.276998132440823 ], [ 18.606164804220036, 54.276998130693016 ], [ 18.606164807779937, 54.276998130605428 ], [ 18.610599350697388, 54.27701253123918 ], [ 18.610599365303766, 54.277012530879269 ], [ 18.610599379785548, 54.277012529708465 ], [ 18.610599394011572, 54.277012527737362 ], [ 18.610599407853019, 54.277012524983839 ], [ 18.610599421184531, 54.277012521472798 ], [ 18.610599433885373, 54.277012517236081 ], [ 18.610599445840531, 54.277012512312012 ], [ 18.610599456941731, 54.27701250674523 ], [ 18.610599467088441, 54.277012500586082 ], [ 18.610599476188774, 54.277012493890396 ], [ 18.610599484160314, 54.277012486718803 ], [ 18.612837825208878, 54.274772173808429 ], [ 18.61283782715153, 54.274772172060509 ], [ 18.612837830711229, 54.274772171972721 ], [ 18.617272138128715, 54.274786326842843 ], [ 18.617272152734252, 54.274786326482108 ], [ 18.617272167215059, 54.274786325310501 ], [ 18.617272181440011, 54.274786323338617 ], [ 18.617272195280268, 54.274786320584298 ], [ 18.617272208610494, 54.27478631707254 ], [ 18.617272221309968, 54.274786312835111 ], [ 18.617272233263687, 54.274786307910382 ], [ 18.617272244363392, 54.274786302342974 ], [ 18.617272254508563, 54.274786296183265 ], [ 18.61727226360733, 54.274786289487082 ], [ 18.617272271577281, 54.274786282315034 ], [ 18.619510130075849, 54.272545843937856 ], [ 18.619510132018114, 54.272545842189835 ], [ 18.619510135577602, 54.272545842101849 ], [ 18.623944292453736, 54.272559751513128 ], [ 18.623944296011416, 54.272559751623433 ], [ 18.623944297921557, 54.272559753383568 ], [ 18.626140993775657, 54.274814103193371 ], [ 18.626141001613792, 54.274814110415001 ], [ 18.626141010589386, 54.274814117167892 ], [ 18.626141020621159, 54.274814123390883 ], [ 18.626141031618257, 54.274814129027632 ], [ 18.626141043481098, 54.274814134027068 ], [ 18.626141056102234, 54.274814138343928 ], [ 18.626141069367378, 54.274814141939117 ], [ 18.626141083156405, 54.274814144780095 ], [ 18.626141097344433, 54.274814146841109 ], [ 18.626141111802966, 54.274814148103516 ], [ 18.626141126401073, 54.274814148555855 ], [ 18.630575360070445, 54.274827814001853 ], [ 18.630575374675889, 54.274827813639526 ], [ 18.630575389156345, 54.274827812466299 ], [ 18.630575403380682, 54.274827810492852 ], [ 18.630575417220069, 54.274827807737019 ], [ 18.630575430549182, 54.274827804223783 ], [ 18.630575443247317, 54.274827799984941 ], [ 18.630575455199466, 54.274827795058904 ], [ 18.630575466297397, 54.274827789490232 ], [ 18.630575476440598, 54.274827783329435 ], [ 18.630575485537221, 54.274827776632229 ], [ 18.630575493504871, 54.2748277694593 ], [ 18.632812633814918, 54.272587083109528 ], [ 18.632812635756622, 54.27258708136128 ], [ 18.632812639316089, 54.272587081272896 ], [ 18.637246807275417, 54.272600501553171 ], [ 18.63724681083314, 54.272600501663085 ], [ 18.63724681274385, 54.272600503423 ], [ 18.639444237873576, 54.274854612003324 ], [ 18.639444245714046, 54.274854619224087 ], [ 18.639444254691828, 54.274854625975991 ], [ 18.639444264725618, 54.274854632197894 ], [ 18.63944427572455, 54.274854637833421 ], [ 18.639444287589011, 54.274854642831542 ], [ 18.639444300211565, 54.274854647147023 ], [ 18.639444313477895, 54.274854650740757 ], [ 18.639444327267849, 54.274854653580213 ], [ 18.63944434145656, 54.274854655639658 ], [ 18.639444355915522, 54.274854656900473 ], [ 18.639444370513797, 54.274854657351199 ], [ 18.643878700101432, 54.27486783389449 ], [ 18.643878703659368, 54.274867834004205 ], [ 18.643878705570462, 54.274867835763999 ], [ 18.646076655407324, 54.277121866594626 ], [ 18.646076657024111, 54.277121868452731 ], [ 18.646076655375563, 54.277121870301251 ], [ 18.643839986867324, 54.279362801735161 ], [ 18.643839980102477, 54.279362809319601 ], [ 18.643839974600272, 54.279362817245982 ], [ 18.643839970410554, 54.279362825442526 ], [ 18.643839967571253, 54.279362833834981 ], [ 18.643839966108082, 54.279362842347389 ], [ 18.643839966034296, 54.279362850902643 ], [ 18.643839967350566, 54.279362859423266 ], [ 18.643839970044969, 54.27936286783207 ], [ 18.643839974093098, 54.279362876052943 ], [ 18.643839979458296, 54.279362884011405 ], [ 18.643839986091987, 54.279362891635394 ], [ 18.646038129817718, 54.281616878622273 ], [ 18.646038131434679, 54.281616880480371 ], [ 18.64603812978595, 54.28161688232889 ], [ 18.643801214618421, 54.283857810993531 ], [ 18.643801207852825, 54.283857818577943 ], [ 18.643801202350012, 54.28385782650431 ], [ 18.643801198159824, 54.283857834700846 ], [ 18.643801195320204, 54.283857843093294 ], [ 18.643801193856866, 54.283857851605696 ], [ 18.643801193783059, 54.283857860160957 ], [ 18.643801195099453, 54.283857868681551 ], [ 18.64380119779414, 54.283857877090348 ], [ 18.643801201842699, 54.283857885311228 ], [ 18.643801207208472, 54.28385789326969 ], [ 18.643801213842867, 54.283857900893679 ], [ 18.64599959366598, 54.286111887259487 ], [ 18.645999595283111, 54.286111889117571 ], [ 18.645999593634201, 54.286111890966097 ], [ 18.643762431739244, 54.288352816861298 ], [ 18.643762424972902, 54.288352824445703 ], [ 18.643762419469482, 54.288352832372063 ], [ 18.643762415278825, 54.288352840568585 ], [ 18.643762412438878, 54.28835284896104 ], [ 18.643762410975366, 54.288352857473434 ], [ 18.643762410901545, 54.288352866028681 ], [ 18.643762412218074, 54.288352874549261 ], [ 18.643762414913034, 54.288352882958087 ], [ 18.643762418962027, 54.288352891178953 ], [ 18.643762424328372, 54.288352899137422 ], [ 18.643762430963477, 54.288352906761396 ], [ 18.645961004785683, 54.290606849284863 ], [ 18.645961012630274, 54.290606856505192 ], [ 18.645961021612536, 54.290606863256599 ], [ 18.64596103165113, 54.290606869477948 ], [ 18.645961042655138, 54.290606875112857 ], [ 18.645961054524914, 54.290606880110353 ], [ 18.645961067152957, 54.290606884425145 ], [ 18.645961080424904, 54.290606888018146 ], [ 18.645961094220578, 54.290606890856893 ], [ 18.645961108415019, 54.290606892915562 ], [ 18.645961122879704, 54.290606894175603 ], [ 18.645961137483617, 54.290606894625526 ], [ 18.650397162136855, 54.290619834034821 ], [ 18.650397165696162, 54.290619834144344 ], [ 18.650397167608265, 54.290619835904046 ], [ 18.652596266611724, 54.292873700569494 ], [ 18.65259627445791, 54.29287370778939 ], [ 18.652596283441753, 54.292873714540299 ], [ 18.652596293481892, 54.292873720761072 ], [ 18.652596304487417, 54.292873726395406 ], [ 18.652596316358643, 54.292873731392241 ], [ 18.652596328988082, 54.292873735706351 ], [ 18.652596342261344, 54.292873739298628 ], [ 18.652596356058226, 54.292873742136578 ], [ 18.652596370253786, 54.292873744194495 ], [ 18.652596384719466, 54.292873745453726 ], [ 18.652596399324267, 54.292873745902881 ], [ 18.657032585639776, 54.292886441390579 ], [ 18.657032600251384, 54.292886441025047 ], [ 18.657032614737439, 54.292886439848672 ], [ 18.65703262896675, 54.292886437872106 ], [ 18.657032642810446, 54.292886435113253 ], [ 18.657032656143159, 54.292886431597104 ], [ 18.657032668844145, 54.292886427355477 ], [ 18.657032680798391, 54.292886422426832 ], [ 18.657032691897626, 54.292886416855765 ], [ 18.657032702041338, 54.292886410692759 ], [ 18.657032711137663, 54.292886403993577 ], [ 18.657032719104233, 54.29288639681895 ], [ 18.659269408411191, 54.290645225795735 ], [ 18.659269410352632, 54.290645224047061 ], [ 18.659269413913602, 54.290645223957902 ], [ 18.663705533936191, 54.290657674158659 ], [ 18.663705537495538, 54.290657674267791 ], [ 18.663705539408209, 54.29065767602728 ], [ 18.665905368103971, 54.292911299060982 ], [ 18.665905375952487, 54.292911306280004 ], [ 18.665905384938522, 54.292911313029926 ], [ 18.665905394980687, 54.292911319249612 ], [ 18.665905405988042, 54.292911324882731 ], [ 18.665905417860902, 54.292911329878258 ], [ 18.665905430491744, 54.292911334190983 ], [ 18.665905443766178, 54.292911337781788 ], [ 18.665905457563994, 54.292911340618225 ], [ 18.665905471760244, 54.292911342674572 ], [ 18.665905486226347, 54.292911343932197 ], [ 18.665905500831308, 54.292911344379732 ], [ 18.670341782324005, 54.292923550618987 ], [ 18.670341785883569, 54.29292355072792 ], [ 18.670341787796627, 54.292923552487323 ], [ 18.672542099587666, 54.295177054309619 ], [ 18.672542107437774, 54.295177061528229 ], [ 18.672542116425383, 54.295177068277638 ], [ 18.672542126469104, 54.295177074496777 ], [ 18.672542137477965, 54.295177080129278 ], [ 18.672542149352282, 54.295177085124159 ], [ 18.672542161984513, 54.295177089436166 ], [ 18.672542175260258, 54.295177093026261 ], [ 18.672542189059293, 54.295177095861938 ], [ 18.672542203256647, 54.295177097917495 ], [ 18.672542217723752, 54.295177099174339 ], [ 18.67254223232959, 54.295177099621064 ], [ 18.67697876029246, 54.295189062098373 ], [ 18.676978763852233, 54.295189062207122 ], [ 18.676978765765682, 54.295189063966397 ], [ 18.679179560720041, 54.297442444527064 ], [ 18.679179568571744, 54.297442451745205 ], [ 18.679179577560934, 54.297442458494153 ], [ 18.679179587606207, 54.297442464712724 ], [ 18.679179598616578, 54.297442470344635 ], [ 18.679179610492355, 54.29744247533884 ], [ 18.679179623125975, 54.297442479650165 ], [ 18.679179636403024, 54.297442483239536 ], [ 18.679179650203274, 54.297442486074445 ], [ 18.679179664401747, 54.297442488129228 ], [ 18.679179678869854, 54.297442489385276 ], [ 18.679179693476559, 54.297442489831212 ], [ 18.683616467845159, 54.297454208505805 ], [ 18.683616471405156, 54.29745420861434 ], [ 18.683616473318992, 54.297454210373523 ], [ 18.685817751504707, 54.299707469622298 ], [ 18.685817759358002, 54.29970747684002 ], [ 18.685817768348773, 54.299707483588463 ], [ 18.685817778395595, 54.29970748980648 ], [ 18.685817789407484, 54.299707495437772 ], [ 18.68581780128471, 54.299707500431339 ], [ 18.685817813919719, 54.29970750474196 ], [ 18.685817827198083, 54.299707508330577 ], [ 18.685817840999547, 54.299707511164748 ], [ 18.685817855199126, 54.299707513218749 ], [ 18.685817869668234, 54.299707514474008 ], [ 18.685817884275824, 54.299707514919128 ], [ 18.690254904985668, 54.299718989750261 ], [ 18.690254908545874, 54.299718989858597 ], [ 18.690254910460098, 54.299718991617674 ], [ 18.692456714168006, 54.301972172709611 ], [ 18.692456715787852, 54.301972174567098 ], [ 18.692456714140377, 54.301972176416236 ], [ 18.690221208621484, 54.304213960093868 ], [ 18.690221201861057, 54.304213967680866 ], [ 18.690221196364426, 54.304213975609343 ], [ 18.690221192181365, 54.304213983807472 ], [ 18.690221189349764, 54.304213992200999 ], [ 18.690221187895258, 54.30421400071392 ], [ 18.690221187831025, 54.304214009269195 ], [ 18.69022118915764, 54.304214017789285 ], [ 18.690221191863099, 54.304214026197052 ], [ 18.690221195922895, 54.304214034416319 ], [ 18.690221201300258, 54.304214042372713 ], [ 18.690221207946493, 54.304214049994144 ], [ 18.692423206525124, 54.306467187121662 ], [ 18.692423208145147, 54.306467188979141 ], [ 18.692423206497494, 54.3064671908283 ], [ 18.690187454633882, 54.308708971879149 ], [ 18.690187447872709, 54.308708979466132 ], [ 18.690187442375468, 54.308708987394581 ], [ 18.690187438191941, 54.308708995592703 ], [ 18.69018743536002, 54.308709003986237 ], [ 18.690187433905351, 54.308709012499186 ], [ 18.690187433841093, 54.308709021054419 ], [ 18.690187435167854, 54.308709029574509 ], [ 18.69018743787359, 54.308709037982261 ], [ 18.690187441933816, 54.308709046201542 ], [ 18.690187447311757, 54.30870905415793 ], [ 18.690187453958711, 54.308709061779354 ], [ 18.692389647458931, 54.310962154943532 ], [ 18.692389655315512, 54.310962162160834 ], [ 18.692389664309804, 54.310962168908773 ], [ 18.692389674360356, 54.310962175126235 ], [ 18.692389685376138, 54.310962180756931 ], [ 18.692389697257404, 54.310962185749858 ], [ 18.692389709896542, 54.310962190059769 ], [ 18.692389723179097, 54.31096219364769 ], [ 18.692389736984776, 54.310962196481093 ], [ 18.692389751188564, 54.31096219853432 ], [ 18.692389765661812, 54.310962199788804 ], [ 18.692389780273462, 54.310962200233121 ], [ 18.696827929153226, 54.310973434663211 ], [ 18.696827943770913, 54.310973434292862 ], [ 18.696827958262205, 54.31097343311172 ], [ 18.696827972495861, 54.310973431130478 ], [ 18.696827986342985, 54.310973428367078 ], [ 18.696827999678174, 54.310973424846544 ], [ 18.696828012380664, 54.310973420600753 ], [ 18.696828024335421, 54.31097341566818 ], [ 18.696828035434169, 54.31097341009346 ], [ 18.696828045576407, 54.3109734039271 ], [ 18.696828054670284, 54.310973397224956 ], [ 18.696828062633443, 54.310973390047714 ], [ 18.699063577277219, 54.30873148647408 ], [ 18.699063579217828, 54.308731484724795 ], [ 18.69906358278028, 54.308731484634443 ], [ 18.703501664582639, 54.308742473676908 ], [ 18.703501668143662, 54.308742473784882 ], [ 18.70350167005887, 54.308742475543731 ], [ 18.705704635700716, 54.310995369757556 ], [ 18.705704643559638, 54.310995376973985 ], [ 18.705704652556118, 54.310995383720929 ], [ 18.705704662608682, 54.310995389937304 ], [ 18.7057046736263, 54.310995395566785 ], [ 18.70570468550919, 54.310995400558376 ], [ 18.705704698149734, 54.310995404866915 ], [ 18.705704711433466, 54.310995408453365 ], [ 18.705704725240079, 54.310995411285241 ], [ 18.705704739444542, 54.310995413336904 ], [ 18.705704753918216, 54.310995414589783 ], [ 18.705704768530023, 54.310995415032487 ], [ 18.710143011445773, 54.311006159856873 ], [ 18.710143015007006, 54.311006159964641 ], [ 18.710143016922597, 54.311006161723405 ], [ 18.712346508455507, 54.313258977602857 ], [ 18.712346510076689, 54.313258979460066 ], [ 18.712346508429658, 54.313258981309481 ], [ 18.710111468623449, 54.315501129900071 ], [ 18.710111461864816, 54.315501137488177 ], [ 18.710111456370495, 54.315501145417535 ], [ 18.710111452190237, 54.315501153616331 ], [ 18.710111449361897, 54.315501162010328 ], [ 18.710111447911093, 54.315501170523504 ], [ 18.710111447850952, 54.315501179078751 ], [ 18.710111449182037, 54.315501187598613 ], [ 18.710111451892278, 54.315501196005911 ], [ 18.710111455957144, 54.315501204224525 ], [ 18.710111461339814, 54.315501212180031 ], [ 18.710111467991542, 54.315501219800332 ], [ 18.712315112565609, 54.317753948465239 ], [ 18.712315120426968, 54.317753955681226 ], [ 18.712315129426003, 54.317753962427687 ], [ 18.712315139481213, 54.317753968643487 ], [ 18.712315150501535, 54.31775397427235 ], [ 18.712315162387178, 54.317753979263308 ], [ 18.712315175030479, 54.317753983571158 ], [ 18.712315188316964, 54.317753987156877 ], [ 18.712315202126291, 54.317753989987992 ], [ 18.712315216333415, 54.317753992038895 ], [ 18.712315230809665, 54.317753993290957 ], [ 18.712315245423945, 54.317753993732879 ], [ 18.716754218260586, 54.317764496239114 ], [ 18.716754221822416, 54.317764496346712 ], [ 18.716754223738612, 54.317764498105326 ], [ 18.718958436673333, 54.320017191562556 ], [ 18.718958438295079, 54.320017193419694 ], [ 18.718958436648069, 54.32001719526918 ], [ 18.716723388305766, 54.322259463808614 ], [ 18.71672338154724, 54.322259471397089 ], [ 18.716723376053285, 54.322259479326725 ], [ 18.716723371873648, 54.322259487525749 ], [ 18.716723369046182, 54.322259495919894 ], [ 18.716723367596494, 54.322259504433141 ], [ 18.716723367537718, 54.322259512988381 ], [ 18.716723368870376, 54.322259521508165 ], [ 18.716723371582411, 54.3222595299153 ], [ 18.716723375649259, 54.322259538133686 ], [ 18.716723381034079, 54.322259546088894 ], [ 18.716723387688113, 54.322259553708825 ], [ 18.718927796107415, 54.32451220313267 ], [ 18.718927797729339, 54.324512204989794 ], [ 18.718927796082149, 54.324512206839294 ], [ 18.716692501517979, 54.326754472833322 ], [ 18.716692494758711, 54.326754480421769 ], [ 18.716692489264144, 54.326754488351398 ], [ 18.716692485084039, 54.326754496550429 ], [ 18.71669248225626, 54.326754504944553 ], [ 18.716692480806405, 54.326754513457779 ], [ 18.716692480747618, 54.326754522013026 ], [ 18.716692482080408, 54.326754530532803 ], [ 18.716692484792727, 54.32675453893993 ], [ 18.716692488860001, 54.326754547158309 ], [ 18.716692494245404, 54.326754555113503 ], [ 18.716692500900162, 54.32675456273347 ], [ 18.718897104855127, 54.329007168124988 ], [ 18.718897112719784, 54.329007175340557 ], [ 18.718897121722346, 54.329007182086507 ], [ 18.71889713178129, 54.329007188301745 ], [ 18.718897142805513, 54.329007193930018 ], [ 18.718897154695188, 54.329007198920323 ], [ 18.718897167342636, 54.329007203227455 ], [ 18.718897180633309, 54.329007206812456 ], [ 18.718897194446864, 54.329007209642818 ], [ 18.718897208658195, 54.329007211692932 ], [ 18.718897223138597, 54.329007212944212 ], [ 18.718897237756934, 54.32900721338536 ], [ 18.723337424821967, 54.329017475141832 ], [ 18.723337428384792, 54.329017475249209 ], [ 18.723337430301786, 54.329017477007724 ], [ 18.725542602987758, 54.33127004709705 ], [ 18.725542604610236, 54.331270048954082 ], [ 18.725542602963078, 54.33127005080366 ], [ 18.723307300054149, 54.333512436797939 ], [ 18.723307293294983, 54.333512444386749 ], [ 18.723307287800782, 54.333512452316683 ], [ 18.723307283621306, 54.333512460515919 ], [ 18.723307280794405, 54.333512468910207 ], [ 18.723307279345672, 54.333512477423511 ], [ 18.723307279288242, 54.333512485978751 ], [ 18.723307280622613, 54.333512494498443 ], [ 18.723307283336723, 54.333512502905421 ], [ 18.723307287405984, 54.33351251112358 ], [ 18.723307292793542, 54.333512519078461 ], [ 18.723307299450607, 54.33351252669803 ], [ 18.725512625573316, 54.335765009543543 ], [ 18.72551263344042, 54.335765016758657 ], [ 18.725512642445537, 54.335765023504102 ], [ 18.725512652507128, 54.335765029718821 ], [ 18.725512663534062, 54.335765035346469 ], [ 18.72551267542649, 54.335765040336113 ], [ 18.725512688076705, 54.335765044642564 ], [ 18.725512701370135, 54.335765048226818 ], [ 18.725512715186404, 54.335765051056434 ], [ 18.725512729400396, 54.335765053105781 ], [ 18.725512743883375, 54.335765054356273 ], [ 18.725512758504188, 54.335765054796617 ], [ 18.72995367609866, 54.335775073953812 ], [ 18.729953679662081, 54.335775074061004 ], [ 18.729953681579669, 54.335775075819427 ], [ 18.732159534360672, 54.33802748009667 ], [ 18.732159542229368, 54.338027487311344 ], [ 18.732159551236077, 54.33802749405632 ], [ 18.73215956129922, 54.338027500270449 ], [ 18.732159572327667, 54.3380275058975 ], [ 18.732159584221549, 54.338027510886505 ], [ 18.732159596873153, 54.338027515192252 ], [ 18.732159610167898, 54.338027518775782 ], [ 18.732159623985385, 54.338027521604637 ], [ 18.732159638200489, 54.338027523653182 ], [ 18.732159652684469, 54.338027524902891 ], [ 18.732159667306156, 54.338027525342405 ], [ 18.736600831128616, 54.338037300170249 ], [ 18.736600834692258, 54.338037300277236 ], [ 18.736600836610233, 54.338037302035566 ], [ 18.738807173830129, 54.340289584499821 ], [ 18.738807181700423, 54.340289591714068 ], [ 18.738807190708712, 54.340289598458533 ], [ 18.738807200773408, 54.34028960467213 ], [ 18.738807211803376, 54.340289610298576 ], [ 18.738807223698718, 54.340289615286878 ], [ 18.738807236351711, 54.340289619591964 ], [ 18.738807249647767, 54.340289623174755 ], [ 18.73880726346647, 54.34028962600285 ], [ 18.738807277682689, 54.340289628050627 ], [ 18.738807292167667, 54.340289629299527 ], [ 18.738807306790228, 54.340289629738251 ], [ 18.743248631608115, 54.340299160014766 ], [ 18.743248646235802, 54.340299159638796 ], [ 18.743248660736096, 54.340299158452105 ], [ 18.743248674977671, 54.340299156465392 ], [ 18.74324868883156, 54.340299153696684 ], [ 18.743248702172298, 54.340299150171049 ], [ 18.743248714879066, 54.340299145920405 ], [ 18.743248726836793, 54.340299140983255 ], [ 18.74324873793719, 54.340299135404287 ], [ 18.743248748079729, 54.340299129234069 ], [ 18.743248757172552, 54.340299122528464 ], [ 18.743248765133323, 54.340299115348174 ], [ 18.745483310561859, 54.338056404781163 ], [ 18.745483317317689, 54.338056397191103 ], [ 18.745483322808237, 54.338056389260167 ], [ 18.745483326983766, 54.338056381060149 ], [ 18.745483329806472, 54.338056372665363 ], [ 18.745483331250782, 54.338056364151797 ], [ 18.745483331303625, 54.338056355596535 ], [ 18.745483329964514, 54.338056347077099 ], [ 18.745483327245587, 54.338056338670619 ], [ 18.745483323171456, 54.338056330453213 ], [ 18.745483317779026, 54.338056322499327 ], [ 18.745483311117127, 54.338056314880966 ], [ 18.743276727800691, 54.335804153364819 ], [ 18.743276726177236, 54.335804151508029 ], [ 18.743276727823783, 54.335804149658195 ], [ 18.745511112917548, 54.333561350614083 ], [ 18.745511114857365, 54.333561348864031 ], [ 18.745511118421863, 54.333561348772335 ], [ 18.749951805621642, 54.333570631765348 ], [ 18.749951820246881, 54.333570631388561 ], [ 18.749951834744618, 54.333570630201038 ], [ 18.749951848983546, 54.333570628213558 ], [ 18.749951862834724, 54.333570625444047 ], [ 18.749951876172705, 54.333570621917673 ], [ 18.749951888876716, 54.333570617666311 ], [ 18.749951900831686, 54.333570612728487 ], [ 18.749951911929365, 54.333570607148921 ], [ 18.749951922069236, 54.333570600978106 ], [ 18.749951931159487, 54.333570594271976 ], [ 18.749951939117782, 54.333570587091231 ], [ 18.75218579705508, 54.331327706122927 ], [ 18.752185798994507, 54.331327704372775 ], [ 18.752185802558802, 54.331327704280874 ], [ 18.756626251345455, 54.331336741414844 ], [ 18.756626265969849, 54.331336741037248 ], [ 18.756626280466605, 54.331336739848936 ], [ 18.756626294704446, 54.331336737860639 ], [ 18.756626308554424, 54.331336735090375 ], [ 18.756626321891119, 54.331336731563248 ], [ 18.756626334593744, 54.331336727311189 ], [ 18.756626346547275, 54.33133672237269 ], [ 18.756626357643444, 54.331336716792507 ], [ 18.756626367781774, 54.331336710621144 ], [ 18.756626376870443, 54.331336703914495 ], [ 18.756626384827143, 54.33133669673331 ], [ 18.758859758520657, 54.32909369088506 ], [ 18.758859760459696, 54.329093689134808 ], [ 18.758859764023775, 54.329093689042715 ], [ 18.763300059474069, 54.329102480524632 ], [ 18.763300063037008, 54.329102480630844 ], [ 18.763300064955711, 54.329102482388748 ], [ 18.765507385764121, 54.331354280997495 ], [ 18.765507393637392, 54.331354288210022 ], [ 18.765507402648105, 54.331354294952497 ], [ 18.765507412714658, 54.331354301163863 ], [ 18.765507423745884, 54.331354306787873 ], [ 18.76550743564189, 54.331354311773595 ], [ 18.765507448294937, 54.331354316075853 ], [ 18.765507461590442, 54.331354319655709 ], [ 18.765507475408, 54.331354322480763 ], [ 18.765507489622468, 54.331354324525385 ], [ 18.765507504105123, 54.331354325771073 ], [ 18.765507518724807, 54.331354326206586 ], [ 18.769947974661903, 54.331362873146077 ], [ 18.769947978225055, 54.331362873252068 ], [ 18.769947980144149, 54.331362875009873 ], [ 18.772155785198997, 54.333614551633069 ], [ 18.772155793073864, 54.333614558845156 ], [ 18.772155802086161, 54.333614565587148 ], [ 18.772155812154271, 54.333614571797966 ], [ 18.772155823187006, 54.333614577421351 ], [ 18.772155835084472, 54.333614582406426 ], [ 18.772155847738905, 54.333614586708002 ], [ 18.772155861035717, 54.333614590287112 ], [ 18.772155874854487, 54.333614593111406 ], [ 18.772155889070071, 54.33361459515524 ], [ 18.772155903553724, 54.333614596400132 ], [ 18.772155918174292, 54.333614596834821 ], [ 18.776596619677552, 54.333622899361359 ], [ 18.776596623240909, 54.33362289946718 ], [ 18.776596625160394, 54.333622901224849 ], [ 18.778804914529413, 54.335874455812146 ], [ 18.778804922405872, 54.335874463023814 ], [ 18.778804931419753, 54.335874469765294 ], [ 18.778804941489412, 54.335874475975558 ], [ 18.778804952523672, 54.335874481598353 ], [ 18.778804964422591, 54.335874486582746 ], [ 18.778804977078416, 54.335874490883633 ], [ 18.778804990376535, 54.335874494462011 ], [ 18.778805004196521, 54.335874497285538 ], [ 18.778805018413212, 54.33587449932859 ], [ 18.778805032897857, 54.3358745005727 ], [ 18.778805047519295, 54.335874501006579 ], [ 18.783245994523529, 54.335882559079458 ], [ 18.783245998087107, 54.335882559185066 ], [ 18.783246000006979, 54.335882560942679 ], [ 18.785454773757856, 54.338133993443691 ], [ 18.785454781635913, 54.338134000654897 ], [ 18.785454790651372, 54.338134007395901 ], [ 18.78545480072259, 54.338134013605597 ], [ 18.785454811758356, 54.338134019227795 ], [ 18.785454823658736, 54.338134024211541 ], [ 18.785454836315949, 54.33813402851171 ], [ 18.785454849615377, 54.338134032089364 ], [ 18.785454863436577, 54.338134034912123 ], [ 18.785454877654381, 54.338134036954408 ], [ 18.785454892140031, 54.338134038197694 ], [ 18.785454906762336, 54.338134038630777 ], [ 18.789896099202295, 54.338141852209326 ], [ 18.78989610276609, 54.338141852314756 ], [ 18.789896104686346, 54.338141854072212 ], [ 18.792105405253345, 54.340393207606887 ], [ 18.792105406879188, 54.340393209462988 ], [ 18.792105405234643, 54.340393211313504 ], [ 18.789873225607188, 54.342636829199648 ], [ 18.789873218858769, 54.342636836792202 ], [ 18.789873213376151, 54.342636844725156 ], [ 18.789873209208984, 54.342636852926688 ], [ 18.789873206395004, 54.342636861322525 ], [ 18.789873204959704, 54.342636869836639 ], [ 18.78987320491607, 54.342636878391907 ], [ 18.789873206264502, 54.342636886910846 ], [ 18.789873208992795, 54.342636895316325 ], [ 18.789873213076223, 54.342636903532245 ], [ 18.78987321847783, 54.342636911484149 ], [ 18.789873225148686, 54.342636919100066 ], [ 18.792082680128161, 54.344888185238666 ], [ 18.792082688008669, 54.344888192449432 ], [ 18.792082697026689, 54.344888199189917 ], [ 18.792082707100558, 54.344888205399073 ], [ 18.792082718139039, 54.344888211020653 ], [ 18.792082730042168, 54.344888216003731 ], [ 18.792082742702149, 54.344888220303211 ], [ 18.792082756004337, 54.34488822388014 ], [ 18.792082769828255, 54.344888226702139 ], [ 18.79208278404872, 54.344888228743649 ], [ 18.792082798536939, 54.344888229986154 ], [ 18.792082813161723, 54.344888230418412 ], [ 18.796524650378398, 54.344895800564608 ], [ 18.796524665007247, 54.344895800182194 ], [ 18.796524679507634, 54.3448957989891 ], [ 18.796524693748246, 54.344895796996099 ], [ 18.796524707600117, 54.344895794221266 ], [ 18.796524720937796, 54.344895790689748 ], [ 18.796524733640506, 54.344895786433483 ], [ 18.796524745593196, 54.344895781491068 ], [ 18.796524756687628, 54.344895775907212 ], [ 18.796524766823332, 54.344895769732489 ], [ 18.796524775908509, 54.344895763022869 ], [ 18.796524783860885, 54.344895755839076 ], [ 18.798756724276231, 54.342652015574423 ], [ 18.798756726214215, 54.342652013823503 ], [ 18.798756729779385, 54.342652013730252 ], [ 18.803198498067616, 54.342659338340141 ], [ 18.803198501631829, 54.342659338445159 ], [ 18.803198503552867, 54.342659340202431 ], [ 18.80540873085527, 54.344910406142397 ], [ 18.805408738738112, 54.344910413352295 ], [ 18.805408747758321, 54.344910420091786 ], [ 18.805408757834208, 54.344910426299833 ], [ 18.805408768874518, 54.344910431920198 ], [ 18.80540878077927, 54.344910436901955 ], [ 18.805408793440652, 54.344910441200042 ], [ 18.805408806744005, 54.3449104447755 ], [ 18.805408820568847, 54.344910447595964 ], [ 18.805408834789983, 54.344910449635904 ], [ 18.805408849278617, 54.34491045087681 ], [ 18.805408863903548, 54.344910451307463 ], [ 18.809850707081186, 54.344917531024784 ], [ 18.809850721709925, 54.344917530640757 ], [ 18.809850736209938, 54.344917529446057 ], [ 18.809850750449922, 54.344917527451493 ], [ 18.809850764300897, 54.344917524675111 ], [ 18.809850777637447, 54.344917521142136 ], [ 18.809850790338782, 54.344917516884458 ], [ 18.80985080228989, 54.344917511940707 ], [ 18.809850813382518, 54.344917506355642 ], [ 18.809850823516236, 54.344917500179825 ], [ 18.809850832599253, 54.344917493469168 ], [ 18.809850840549309, 54.34491748628448 ], [ 18.812082056967125, 54.342673499031989 ], [ 18.812082058904544, 54.342673497280892 ], [ 18.812082062469685, 54.342673497187214 ], [ 18.816523751345564, 54.342680331259579 ], [ 18.816523765973447, 54.342680330874742 ], [ 18.816523780472483, 54.342680329679261 ], [ 18.816523794711362, 54.342680327683901 ], [ 18.816523808561143, 54.342680324906773 ], [ 18.8165238218964, 54.342680321373038 ], [ 18.81652383459636, 54.342680317114656 ], [ 18.816523846546012, 54.342680312170259 ], [ 18.816523857637144, 54.342680306584569 ], [ 18.816523867769302, 54.342680300408148 ], [ 18.816523876850738, 54.342680293697022 ], [ 18.816523884799203, 54.342680286511893 ], [ 18.818754616630066, 54.340436174690822 ], [ 18.818754618567095, 54.340436172939597 ], [ 18.818754622132033, 54.34043617284572 ], [ 18.82319607146114, 54.340442761175929 ], [ 18.823196086088171, 54.340442760790282 ], [ 18.823196100586227, 54.340442759593969 ], [ 18.823196114824015, 54.340442757597813 ], [ 18.823196128672596, 54.340442754819939 ], [ 18.823196142006552, 54.340442751285458 ], [ 18.823196154705133, 54.340442747026387 ], [ 18.823196166653336, 54.340442742081301 ], [ 18.823196177742958, 54.340442736495 ], [ 18.82319618787357, 54.340442730318024 ], [ 18.823196196953429, 54.34044272360638 ], [ 18.823196204900302, 54.340442716420831 ], [ 18.825426452209694, 54.338198480081651 ], [ 18.825426454146335, 54.338198478330305 ], [ 18.82542645771106, 54.338198478236251 ], [ 18.829867667425916, 54.338204820864362 ], [ 18.829867682052086, 54.338204820477912 ], [ 18.829867696549165, 54.338204819280783 ], [ 18.829867710785855, 54.338204817283859 ], [ 18.829867724633235, 54.33820481450519 ], [ 18.829867737965898, 54.33820481096997 ], [ 18.829867750663098, 54.338204806710202 ], [ 18.829867762609865, 54.338204801764476 ], [ 18.829867773697973, 54.338204796177529 ], [ 18.829867783827034, 54.33820479 ], [ 18.829867792905311, 54.338204783287871 ], [ 18.829867800850593, 54.338204776101854 ], [ 18.832097520948899, 54.335960458332821 ], [ 18.83209752768845, 54.335960450737915 ], [ 18.832097533162052, 54.335960442803 ], [ 18.832097537320141, 54.335960434599997 ], [ 18.832097540125051, 54.335960426203158 ], [ 18.832097541551402, 54.33596041768854 ], [ 18.832097541586258, 54.335960409133236 ], [ 18.832097540229306, 54.335960400614759 ], [ 18.832097537492842, 54.335960392210204 ], [ 18.832097533401644, 54.335960383995726 ], [ 18.832097527992758, 54.335960376045669 ], [ 18.832097521315177, 54.335960368432104 ], [ 18.82988631411795, 54.333709787247223 ], [ 18.829886312490657, 54.333709785391598 ], [ 18.829886314133244, 54.333709783540591 ], [ 18.832115875033995, 54.33146537749785 ], [ 18.832115876970036, 54.331465375746419 ], [ 18.832115880534165, 54.331465375652172 ], [ 18.836556366243357, 54.331471471614705 ], [ 18.836556380867084, 54.331471471227417 ], [ 18.83655639536159, 54.331471470029506 ], [ 18.836556409595641, 54.331471468031786 ], [ 18.8365564234403, 54.331471465252356 ], [ 18.836556436770216, 54.331471461716376 ], [ 18.836556449464656, 54.331471457455912 ], [ 18.836556461408655, 54.331471452509483 ], [ 18.836556472494053, 54.331471446921917 ], [ 18.836556482620459, 54.331471440743854 ], [ 18.836556491696157, 54.331471434031187 ], [ 18.836556499638966, 54.331471426844729 ], [ 18.838785490785959, 54.329226982482417 ], [ 18.838785497523169, 54.329226974887128 ], [ 18.83878550299459, 54.329226966951921 ], [ 18.838785507150664, 54.329226958748656 ], [ 18.838785509953762, 54.329226950351661 ], [ 18.838785511378486, 54.329226941836957 ], [ 18.838785511411945, 54.329226933281632 ], [ 18.838785510053835, 54.329226924763212 ], [ 18.838785507316448, 54.329226916358806 ], [ 18.838785503224582, 54.32922690814452 ], [ 18.838785497815291, 54.32922690019479 ], [ 18.838785491137557, 54.329226892581573 ], [ 18.836574278982543, 54.326976431416135 ], [ 18.836574277355218, 54.326976429560617 ], [ 18.836574278997237, 54.326976427709496 ], [ 18.838803111118963, 54.324731895089023 ], [ 18.838803113054407, 54.324731893337486 ], [ 18.838803116617939, 54.324731893243026 ], [ 18.843242878518041, 54.324737742661206 ], [ 18.843242893139312, 54.324737742273129 ], [ 18.843242907631261, 54.324737741074387 ], [ 18.843242921862661, 54.324737739075871 ], [ 18.843242935704616, 54.324737736295667 ], [ 18.843242949031776, 54.324737732758976 ], [ 18.843242961723451, 54.32473772849778 ], [ 18.843242973664701, 54.324737723550697 ], [ 18.843242984747377, 54.32473771796252 ], [ 18.843242994871126, 54.324737711783882 ], [ 18.843243003944256, 54.324737705070696 ], [ 18.843243011884603, 54.324737697883776 ], [ 18.845471317206069, 54.322493083976724 ], [ 18.845471319141122, 54.322493082225058 ], [ 18.845471322704448, 54.322493082130414 ], [ 18.849910844919236, 54.32249868604773 ], [ 18.849910859539651, 54.322498685658829 ], [ 18.849910874030627, 54.322498684459305 ], [ 18.849910888260926, 54.322498682459994 ], [ 18.849910902101684, 54.322498679679029 ], [ 18.84991091542755, 54.322498676141585 ], [ 18.849910928117843, 54.322498671879686 ], [ 18.849910940057644, 54.322498666931949 ], [ 18.849910951138817, 54.322498661343161 ], [ 18.849910961261013, 54.322498655163947 ], [ 18.849910970332566, 54.322498648450242 ], [ 18.849910978271321, 54.322498641262897 ], [ 18.852138799599192, 54.320253903080243 ], [ 18.852138801533854, 54.320253901328471 ], [ 18.85213880509697, 54.320253901233627 ], [ 18.856578087559207, 54.320259259690161 ], [ 18.856578102178766, 54.32025925930045 ], [ 18.856578116668771, 54.320259258100137 ], [ 18.856578130897969, 54.32025925610003 ], [ 18.856578144737526, 54.320259253318312 ], [ 18.856578158062096, 54.320259249780122 ], [ 18.856578170751014, 54.320259245517526 ], [ 18.856578182689365, 54.320259240569115 ], [ 18.856578193769042, 54.320259234979709 ], [ 18.85657820388969, 54.320259228799927 ], [ 18.856578212959665, 54.320259222085738 ], [ 18.856578220896825, 54.320259214897945 ], [ 18.858805515588035, 54.318014395537503 ], [ 18.858805522319727, 54.318014387941062 ], [ 18.858805527785805, 54.318014380004932 ], [ 18.858805531936756, 54.318014371800963 ], [ 18.858805534735009, 54.318014363403485 ], [ 18.858805536155216, 54.318014354888518 ], [ 18.858805536184505, 54.318014346333186 ], [ 18.858805534822622, 54.318014337814965 ], [ 18.858805532081895, 54.318014329410985 ], [ 18.858805527987148, 54.318014321197381 ], [ 18.858805522575462, 54.318014313248518 ], [ 18.858805515895845, 54.318014305636396 ], [ 18.856593810635701, 54.315764206860997 ], [ 18.856593809007922, 54.315764205005721 ], [ 18.856593810648587, 54.315764203154345 ], [ 18.858820946715102, 54.313519295582303 ], [ 18.858820948649175, 54.313519293830431 ], [ 18.858820952211691, 54.313519293735375 ], [ 18.863259511058093, 54.313524405929797 ], [ 18.863259525675208, 54.313524405539283 ], [ 18.863259540162645, 54.31352440433816 ], [ 18.863259554389199, 54.313524402337251 ], [ 18.863259568226045, 54.313524399554751 ], [ 18.863259581547869, 54.313524396015836 ], [ 18.863259594234027, 54.313524391752502 ], [ 18.863259606169628, 54.313524386803444 ], [ 18.86325961724658, 54.313524381213419 ], [ 18.863259627364574, 54.313524375033069 ], [ 18.863259636431977, 54.313524368318376 ], [ 18.863259644366678, 54.313524361130121 ], [ 18.86548625399486, 54.311279372450279 ], [ 18.865486255928534, 54.311279370698301 ], [ 18.86548625949084, 54.311279370603039 ], [ 18.869924578515963, 54.311284237457308 ], [ 18.869924593132218, 54.311284237065991 ], [ 18.869924607618671, 54.311284235864065 ], [ 18.869924621844142, 54.311284233862381 ], [ 18.86992463567978, 54.3112842310791 ], [ 18.869924649000307, 54.311284227539446 ], [ 18.869924661685086, 54.311284223275422 ], [ 18.869924673619241, 54.311284218325689 ], [ 18.869924684694691, 54.311284212735046 ], [ 18.869924694811136, 54.311284206554134 ], [ 18.869924703876968, 54.311284199838923 ], [ 18.869924711810071, 54.311284192650241 ], [ 18.872150837774104, 54.309039079866324 ], [ 18.872150839707395, 54.309039078114246 ], [ 18.872150843269498, 54.309039078018778 ], [ 18.87658892240626, 54.30904369957301 ], [ 18.876588937021658, 54.309043699180869 ], [ 18.876588951507134, 54.309043697978154 ], [ 18.876588965731504, 54.309043695975703 ], [ 18.876588979565948, 54.309043693191654 ], [ 18.876588992885178, 54.30904368965124 ], [ 18.876589005568579, 54.309043685386548 ], [ 18.876589017501288, 54.309043680436112 ], [ 18.876589028575236, 54.309043674844865 ], [ 18.876589038690135, 54.309043668663378 ], [ 18.87658904775439, 54.30904366194769 ], [ 18.876589055685901, 54.309043654758561 ], [ 18.8788146980514, 54.306798417920952 ], [ 18.878814699984297, 54.306798416168753 ], [ 18.878814703546194, 54.306798416073129 ], [ 18.883252627826661, 54.306802792449773 ], [ 18.883252631387986, 54.306802792552439 ], [ 18.883252633310768, 54.306802794308439 ], [ 18.885465313677006, 54.309052408158998 ], [ 18.885465321567004, 54.309052415363745 ], [ 18.885465330592471, 54.309052422097281 ], [ 18.885465340671661, 54.309052428298664 ], [ 18.885465351713293, 54.309052433911724 ], [ 18.885465363617381, 54.309052438885651 ], [ 18.885465376276112, 54.309052443175361 ], [ 18.885465389574858, 54.309052446742015 ], [ 18.885465403393169, 54.309052449553327 ], [ 18.885465417605914, 54.309052451583817 ], [ 18.885465432084374, 54.309052452815116 ], [ 18.885465446697431, 54.309052453236063 ], [ 18.889903529390033, 54.309056584987353 ], [ 18.889903532951568, 54.309056585089834 ], [ 18.889903534874733, 54.309056586845713 ], [ 18.89211669884082, 54.311306078083035 ], [ 18.89211670673242, 54.311306085287328 ], [ 18.892116715759464, 54.311306092020395 ], [ 18.8921167258402, 54.311306098221223 ], [ 18.892116736883345, 54.31130610383368 ], [ 18.892116748788887, 54.311306108806924 ], [ 18.892116761449003, 54.311306113095924 ], [ 18.892116774749049, 54.311306116661854 ], [ 18.892116788568572, 54.311306119472405 ], [ 18.892116802782414, 54.31130612150212 ], [ 18.892116817261869, 54.311306122732631 ], [ 18.892116831875796, 54.311306123152761 ], [ 18.896555158013882, 54.311310010323666 ], [ 18.896555161575634, 54.311310010425942 ], [ 18.89655516349919, 54.311310012181728 ], [ 18.898768811132065, 54.313559380755478 ], [ 18.89876881902525, 54.313559387959344 ], [ 18.898768828053882, 54.313559394691893 ], [ 18.898768838136167, 54.313559400892181 ], [ 18.898768849180822, 54.313559406504027 ], [ 18.898768861087813, 54.313559411476596 ], [ 18.898768873749315, 54.313559415764921 ], [ 18.898768887050661, 54.313559419330097 ], [ 18.898768900871389, 54.313559422139882 ], [ 18.898768915086347, 54.31355942416883 ], [ 18.898768929566788, 54.313559425398545 ], [ 18.89876894418158, 54.313559425817864 ], [ 18.903207428586327, 54.313563068299665 ], [ 18.903207443203083, 54.31356306790429 ], [ 18.903207457689366, 54.313563066698364 ], [ 18.903207471914008, 54.313563064692779 ], [ 18.903207485748176, 54.313563061905676 ], [ 18.903207499066585, 54.313563058362355 ], [ 18.903207511748633, 54.313563054094828 ], [ 18.903207523679455, 54.313563049141798 ], [ 18.903207534751008, 54.313563043548115 ], [ 18.903207544863029, 54.313563037364396 ], [ 18.903207553923941, 54.313563030646698 ], [ 18.903207561851691, 54.313563023455835 ], [ 18.905432000020401, 54.311317296834197 ], [ 18.905432001952381, 54.311317295081579 ], [ 18.905432005514605, 54.311317294985137 ], [ 18.90987033461214, 54.311320692317864 ], [ 18.909870349228033, 54.311320691921708 ], [ 18.909870363713338, 54.311320690714986 ], [ 18.909870377936883, 54.311320688708598 ], [ 18.90987039176985, 54.311320685920727 ], [ 18.909870405086966, 54.31132068237666 ], [ 18.909870417767632, 54.311320678108444 ], [ 18.909870429697005, 54.311320673154761 ], [ 18.909870440767051, 54.311320667560452 ], [ 18.909870450877531, 54.311320661376179 ], [ 18.909870459936865, 54.311320654657969 ], [ 18.909870467863019, 54.311320647466658 ], [ 18.912094379720084, 54.309074840048879 ], [ 18.912094386440504, 54.309074832449454 ], [ 18.912094391895145, 54.309074824510901 ], [ 18.912094396034604, 54.309074816305078 ], [ 18.912094398821395, 54.309074807906356 ], [ 18.912094400230291, 54.309074799390743 ], [ 18.912094400248517, 54.309074790835375 ], [ 18.912094398875926, 54.309074782317737 ], [ 18.912094396124935, 54.309074773914972 ], [ 18.912094392020457, 54.309074765703144 ], [ 18.912094386599673, 54.309074757756669 ], [ 18.912094379911661, 54.309074750147474 ], [ 18.909880245784613, 54.306825624219101 ], [ 18.909880244154792, 54.306825622364549 ], [ 18.909880245792717, 54.306825620512427 ], [ 18.912103957183763, 54.30457976807368 ], [ 18.912103963903444, 54.304579760474255 ], [ 18.912103969357485, 54.304579752535687 ], [ 18.912103973496489, 54.304579744329871 ], [ 18.912103976282982, 54.304579735931114 ], [ 18.912103977691718, 54.304579727415515 ], [ 18.91210397770994, 54.304579718860126 ], [ 18.912103976337498, 54.304579710342487 ], [ 18.912103973586795, 54.304579701939709 ], [ 18.912103969482768, 54.304579693727881 ], [ 18.91210396406257, 54.304579685781384 ], [ 18.912103957375287, 54.304579678172203 ], [ 18.90989006366955, 54.302330550827243 ], [ 18.909890062039903, 54.302330548972691 ], [ 18.909890063677643, 54.302330547120562 ], [ 18.912113574655493, 54.300084649659965 ], [ 18.912113576586663, 54.300084647907212 ], [ 18.912113580147899, 54.3000846478106 ], [ 18.916550701819421, 54.300087798925716 ], [ 18.916550716431271, 54.30008779852875 ], [ 18.916550730912441, 54.300087797321197 ], [ 18.916550745131794, 54.300087795314028 ], [ 18.916550758960543, 54.300087792525403 ], [ 18.916550772273457, 54.300087788980569 ], [ 18.91655078494998, 54.300087784711643 ], [ 18.916550796875303, 54.300087779757277 ], [ 18.91655080794143, 54.300087774162364 ], [ 18.916550818048147, 54.300087767977509 ], [ 18.916550827103926, 54.300087761258794 ], [ 18.916550835026761, 54.300087754067022 ], [ 18.918773777403494, 54.297841818969133 ], [ 18.918773784120848, 54.297841811369331 ], [ 18.918773789572718, 54.297841803430472 ], [ 18.918773793709722, 54.297841795224407 ], [ 18.918773796494396, 54.297841786825479 ], [ 18.918773797901526, 54.297841778309781 ], [ 18.918773797918362, 54.297841769754406 ], [ 18.918773796544759, 54.297841761236818 ], [ 18.918773793793154, 54.297841752834195 ], [ 18.918773789688466, 54.297841744622573 ], [ 18.918773784267859, 54.297841736676389 ], [ 18.918773777580441, 54.297841729067557 ], [ 18.916559881315628, 54.29559272160359 ], [ 18.916559879685941, 54.295592719749116 ], [ 18.916559881323121, 54.295592717896902 ], [ 18.918782623481338, 54.293346737795758 ], [ 18.91878263019796, 54.293346730195942 ], [ 18.918782635649222, 54.293346722257041 ], [ 18.918782639785778, 54.29334671405099 ], [ 18.91878264257015, 54.293346705652084 ], [ 18.918782643977114, 54.293346697136364 ], [ 18.918782643993953, 54.293346688580982 ], [ 18.918782642620496, 54.293346680063401 ], [ 18.918782639869185, 54.293346671660757 ], [ 18.918782635764941, 54.293346663449142 ], [ 18.918782630344932, 54.293346655502944 ], [ 18.918782623658238, 54.293346647894118 ], [ 18.916568967749885, 54.291097638993101 ], [ 18.916568966120376, 54.291097637138641 ], [ 18.916568967757378, 54.291097635286427 ], [ 18.918791467133957, 54.288851653249978 ], [ 18.91879147384984, 54.288851645650169 ], [ 18.918791479300516, 54.288851637711268 ], [ 18.918791483436607, 54.288851629505189 ], [ 18.918791486220673, 54.288851621106275 ], [ 18.918791487627491, 54.28885161259057 ], [ 18.918791487644317, 54.288851604035166 ], [ 18.918791486271012, 54.288851595517571 ], [ 18.91879148352, 54.288851587114927 ], [ 18.918791479416196, 54.288851578903319 ], [ 18.918791473996773, 54.2888515709571 ], [ 18.918791467310804, 54.288851563348253 ], [ 18.916578051693136, 54.286602553010084 ], [ 18.916578050063809, 54.28660255115561 ], [ 18.916578051700633, 54.286602549303424 ], [ 18.918800350973441, 54.284356522262719 ], [ 18.918800352903592, 54.284356520509881 ], [ 18.918800356463461, 54.284356520413056 ], [ 18.923235788495717, 54.284359425034616 ], [ 18.923235803101942, 54.284359424636811 ], [ 18.923235817577396, 54.284359423428484 ], [ 18.923235831791001, 54.284359421420497 ], [ 18.92323584561403, 54.284359418631098 ], [ 18.923235858921302, 54.284359415085547 ], [ 18.923235871592301, 54.284359410815895 ], [ 18.923235883512277, 54.284359405860855 ], [ 18.923235894573285, 54.284359400265281 ], [ 18.923235904675145, 54.284359394079857 ], [ 18.923235913726387, 54.284359387360631 ], [ 18.923235921645031, 54.284359380168404 ], [ 18.9254576954283, 54.282113272535071 ], [ 18.925457697358055, 54.282113270782112 ], [ 18.925457700917715, 54.282113270685102 ], [ 18.929892892658415, 54.28211593040831 ], [ 18.929892907263778, 54.282115930009731 ], [ 18.929892921738258, 54.282115928800593 ], [ 18.929892935950765, 54.282115926791832 ], [ 18.929892949772594, 54.282115924001651 ], [ 18.929892963078572, 54.28211592045534 ], [ 18.929892975748192, 54.28211591618502 ], [ 18.929892987666726, 54.282115911229312 ], [ 18.929892998726224, 54.282115905633134 ], [ 18.929893008826546, 54.282115899447149 ], [ 18.929893017876211, 54.282115892727404 ], [ 18.929893025793262, 54.282115885534722 ], [ 18.932114316768601, 54.279869654290955 ], [ 18.932114318697973, 54.27986965253789 ], [ 18.932114322257419, 54.279869652440674 ], [ 18.936549273639983, 54.279872067305725 ], [ 18.936549288244485, 54.279872066906321 ], [ 18.936549302717985, 54.279872065696367 ], [ 18.936549316929401, 54.279872063686838 ], [ 18.936549330750029, 54.27987206089589 ], [ 18.936549344054711, 54.279872057348847 ], [ 18.936549356722956, 54.27987205307781 ], [ 18.936549368640037, 54.279872048121447 ], [ 18.936549379698043, 54.279872042524673 ], [ 18.936549389796813, 54.279872036338134 ], [ 18.936549398844903, 54.279872029617877 ], [ 18.936549406760371, 54.279872022424769 ], [ 18.938770214993554, 54.277625667620818 ], [ 18.938770216922538, 54.277625665867667 ], [ 18.938770220481778, 54.277625665770245 ], [ 18.943205016478771, 54.277627835857317 ], [ 18.943205020037723, 54.277627835958207 ], [ 18.943205021961703, 54.277627837713247 ], [ 18.945419449845058, 54.2798764060365 ], [ 18.945419451475413, 54.279876407890605 ], [ 18.945419449840159, 54.279876409743189 ], [ 18.943198882097786, 54.282122886202359 ], [ 18.943198875387484, 54.282122893803553 ], [ 18.943198869942396, 54.282122901743563 ], [ 18.943198865811823, 54.282122909950473 ], [ 18.943198863033182, 54.28212291834997 ], [ 18.943198861631629, 54.282122926865981 ], [ 18.943198861619862, 54.282122935421405 ], [ 18.943198862997981, 54.28212294393871 ], [ 18.943198865753512, 54.282122952340828 ], [ 18.943198869861504, 54.282122960551611 ], [ 18.94319887528474, 54.282122968496736 ], [ 18.943198881974123, 54.282122976104233 ], [ 18.945413507954203, 54.284371499792186 ], [ 18.945413509584739, 54.284371501646255 ], [ 18.945413507949304, 54.284371503498861 ], [ 18.943192697954959, 54.286617978103436 ], [ 18.943192691243919, 54.28661798570463 ], [ 18.943192685798234, 54.286617993644619 ], [ 18.943192681667213, 54.286618001851544 ], [ 18.943192678888263, 54.286618010251011 ], [ 18.943192677486554, 54.286618018767044 ], [ 18.943192677474784, 54.286618027322447 ], [ 18.943192678853052, 54.286618035839737 ], [ 18.943192681608885, 54.286618044241841 ], [ 18.943192685717317, 54.286618052452631 ], [ 18.943192691141146, 54.286618060397743 ], [ 18.94319269783125, 54.286618068005247 ], [ 18.945407564434209, 54.288866590175623 ], [ 18.945407566064919, 54.288866592029713 ], [ 18.945407564429303, 54.288866593882297 ], [ 18.943186469523724, 54.291113109709819 ], [ 18.943186467594291, 54.291113111463062 ], [ 18.9431864640339, 54.291113111560591 ], [ 18.9387503044514, 54.291110940445357 ], [ 18.938750289842936, 54.291110940845037 ], [ 18.938750275365567, 54.291110942055255 ], [ 18.938750261150389, 54.291110944065046 ], [ 18.938750247326144, 54.291110946856222 ], [ 18.938750234018034, 54.2911109504035 ], [ 18.938750221346559, 54.291110954674757 ], [ 18.938750209426495, 54.291110959631347 ], [ 18.938750198365785, 54.291110965228306 ], [ 18.938750188264592, 54.291110971415023 ], [ 18.938750179214392, 54.291110978135421 ], [ 18.938750171297151, 54.29111098532865 ], [ 18.936528678508225, 54.293357291432443 ], [ 18.936528671794871, 54.293357299033246 ], [ 18.936528666347012, 54.293357306972929 ], [ 18.936528662213988, 54.293357315179612 ], [ 18.936528659433229, 54.293357323578952 ], [ 18.936528658029921, 54.29335733209485 ], [ 18.936528658016762, 54.293357340650239 ], [ 18.936528659393879, 54.293357349167636 ], [ 18.936528662148802, 54.29335735756986 ], [ 18.936528666256585, 54.293357365780871 ], [ 18.936528671680016, 54.29335737372628 ], [ 18.936528678369982, 54.293357381334125 ], [ 18.938743543210457, 54.295606023345648 ], [ 18.938743544841138, 54.295606025199824 ], [ 18.938743543204957, 54.295606027052344 ], [ 18.936521765301158, 54.297852374357397 ], [ 18.93652175858707, 54.297852381958201 ], [ 18.936521753138614, 54.297852389897884 ], [ 18.936521749005141, 54.297852398104553 ], [ 18.936521746224077, 54.297852406503857 ], [ 18.936521744820613, 54.297852415019769 ], [ 18.936521744807447, 54.297852423575137 ], [ 18.936521746184717, 54.297852432092533 ], [ 18.936521748939935, 54.297852440494758 ], [ 18.936521753048158, 54.297852448705761 ], [ 18.936521758472175, 54.297852456651157 ], [ 18.936521765162876, 54.297852464259023 ], [ 18.938736870691464, 54.300101104773383 ], [ 18.93873687232232, 54.300101106627551 ], [ 18.938736870685961, 54.300101108480071 ], [ 18.936514850198069, 54.302347453910521 ], [ 18.936514843483248, 54.30234746151131 ], [ 18.936514838034199, 54.302347469450986 ], [ 18.936514833900269, 54.302347477657655 ], [ 18.936514831118902, 54.302347486056945 ], [ 18.936514829715282, 54.302347494572857 ], [ 18.936514829702116, 54.302347503128239 ], [ 18.936514831079531, 54.302347511645607 ], [ 18.936514833835052, 54.302347520047825 ], [ 18.936514837943715, 54.302347528258821 ], [ 18.936514843368325, 54.302347536204223 ], [ 18.936514850059748, 54.302347543812076 ], [ 18.938730196342373, 54.3045961828294 ], [ 18.938730197973406, 54.304596184683582 ], [ 18.938730196336866, 54.304596186536088 ], [ 18.936507933198257, 54.306842530091991 ], [ 18.936507926482705, 54.306842537692781 ], [ 18.936507921033062, 54.306842545632435 ], [ 18.936507916898677, 54.306842553839097 ], [ 18.936507914117005, 54.306842562238394 ], [ 18.936507912713232, 54.306842570754291 ], [ 18.936507912700062, 54.306842579309674 ], [ 18.936507914077627, 54.30684258782702 ], [ 18.936507916833438, 54.306842596229245 ], [ 18.936507920942557, 54.306842604440241 ], [ 18.936507926367753, 54.30684261238563 ], [ 18.936507933059904, 54.306842619993475 ], [ 18.938723520162508, 54.309091257513913 ], [ 18.938723521793719, 54.309091259368074 ], [ 18.938723520156998, 54.309091261220587 ], [ 18.936501014301022, 54.311337602901986 ], [ 18.936501007584731, 54.311337610502768 ], [ 18.936501002134495, 54.311337618442444 ], [ 18.936500997999662, 54.31133762664907 ], [ 18.936500995217678, 54.311337635048361 ], [ 18.936500993813752, 54.311337643564258 ], [ 18.936500993800578, 54.311337652119626 ], [ 18.936500995178292, 54.311337660636987 ], [ 18.936500997934406, 54.31133766903919 ], [ 18.936501002043968, 54.311337677250194 ], [ 18.936501007469751, 54.311337685195582 ], [ 18.936501014162623, 54.311337692803406 ], [ 18.938716842151184, 54.313586328827071 ], [ 18.938716843782576, 54.313586330681247 ], [ 18.938716842145677, 54.313586332533745 ], [ 18.936494093505658, 54.315832672340697 ], [ 18.936494086788635, 54.315832679941465 ], [ 18.936494081337795, 54.315832687881134 ], [ 18.936494077202514, 54.315832696087753 ], [ 18.936494074420224, 54.315832704487057 ], [ 18.936494073016139, 54.315832713002941 ], [ 18.936494073002962, 54.315832721558309 ], [ 18.936494074380821, 54.315832730075655 ], [ 18.93649407713724, 54.315832738477852 ], [ 18.936494081247243, 54.315832746688834 ], [ 18.936494086673612, 54.315832754634215 ], [ 18.936494093367223, 54.315832762242046 ], [ 18.938710162307729, 54.318081396769088 ], [ 18.938710163939298, 54.318081398623242 ], [ 18.938710162302218, 54.318081400475755 ], [ 18.936487170811453, 54.320327738408309 ], [ 18.936487164093695, 54.320327746009049 ], [ 18.936487158642262, 54.320327753948703 ], [ 18.936487154506526, 54.320327762155344 ], [ 18.936487151723934, 54.320327770554634 ], [ 18.936487150319696, 54.32032777907051 ], [ 18.936487150306515, 54.320327787625864 ], [ 18.936487151684521, 54.320327796143204 ], [ 18.936487154441227, 54.320327804545407 ], [ 18.936487158551685, 54.320327812756375 ], [ 18.936487163978651, 54.320327820701742 ], [ 18.936487170672979, 54.320327828309573 ], [ 18.938703438129643, 54.322576418221189 ], [ 18.938703446031536, 54.32257642542244 ], [ 18.938703455068655, 54.322576432151983 ], [ 18.938703465159154, 54.322576438348918 ], [ 18.938703476211661, 54.322576443957118 ], [ 18.938703488126073, 54.322576448925737 ], [ 18.938703500794503, 54.322576453209862 ], [ 18.938703514102208, 54.322576456770641 ], [ 18.938703527928681, 54.322576459575849 ], [ 18.938703542148708, 54.322576461600072 ], [ 18.938703556633516, 54.322576462824976 ], [ 18.93870357125191, 54.322576463239479 ], [ 18.943143115596509, 54.322578636857223 ], [ 18.943143119159345, 54.32257863695812 ], [ 18.943143121085416, 54.322578638713182 ], [ 18.94535995755216, 54.324827191864991 ], [ 18.945359959184291, 54.324827193719067 ], [ 18.94535995754725, 54.324827195571658 ], [ 18.943136964289426, 54.327073653487339 ], [ 18.943136957571792, 54.327073661088448 ], [ 18.943136952120746, 54.327073669028408 ], [ 18.943136947985657, 54.327073677235276 ], [ 18.94313694520396, 54.327073685634687 ], [ 18.943136943800862, 54.327073694150634 ], [ 18.943136943789064, 54.327073702705988 ], [ 18.943136945168675, 54.327073711223242 ], [ 18.943136947927183, 54.327073719625275 ], [ 18.943136952039634, 54.327073727836016 ], [ 18.943136957468774, 54.327073735781099 ], [ 18.943136964165422, 54.327073743388546 ], [ 18.945353999342554, 54.329322251906603 ], [ 18.945354000974863, 54.329322253760694 ], [ 18.945353999337637, 54.329322255613278 ], [ 18.943130763161687, 54.331568711674898 ], [ 18.943130756443324, 54.331568719276035 ], [ 18.943130750991685, 54.331568727215952 ], [ 18.943130746856134, 54.331568735422806 ], [ 18.943130744074136, 54.331568743822231 ], [ 18.943130742670888, 54.331568752338157 ], [ 18.943130742659079, 54.331568760893504 ], [ 18.943130744038836, 54.331568769410751 ], [ 18.94313074679765, 54.331568777812784 ], [ 18.943130750910544, 54.331568786023517 ], [ 18.943130756340267, 54.331568793968593 ], [ 18.943130763037651, 54.331568801576026 ], [ 18.945348039497738, 54.3338173085778 ], [ 18.945348041130224, 54.333817310431883 ], [ 18.945348039492824, 54.333817312284467 ], [ 18.943124560331988, 54.336063766492103 ], [ 18.943124553612886, 54.336063774093226 ], [ 18.943124548160654, 54.336063782033143 ], [ 18.943124544024656, 54.33606379023999 ], [ 18.943124541242351, 54.336063798639415 ], [ 18.943124539838944, 54.336063807155341 ], [ 18.943124539827135, 54.336063815710681 ], [ 18.943124541207037, 54.336063824227914 ], [ 18.94312454396615, 54.336063832629947 ], [ 18.943124548079492, 54.336063840840687 ], [ 18.943124553509808, 54.336063848785734 ], [ 18.94312456020792, 54.336063856393181 ], [ 18.945342078017099, 54.338312361878778 ], [ 18.94534207964977, 54.33831236373284 ], [ 18.945342078012182, 54.338312365585438 ], [ 18.943118355799694, 54.34055881793914 ], [ 18.94311834907986, 54.340558825540256 ], [ 18.943118343627024, 54.340558833480181 ], [ 18.943118339490574, 54.340558841686992 ], [ 18.943118336707965, 54.34055885008641 ], [ 18.943118335304398, 54.340558858602336 ], [ 18.943118335292588, 54.340558867157675 ], [ 18.943118336672637, 54.340558875674908 ], [ 18.943118339432051, 54.340558884076934 ], [ 18.943118343545841, 54.340558892287646 ], [ 18.943118348976746, 54.340558900232715 ], [ 18.943118355675587, 54.340558907840133 ], [ 18.94533607237042, 54.342807368693286 ], [ 18.94533608027735, 54.342807375894047 ], [ 18.945336089319987, 54.342807382623086 ], [ 18.945336099416441, 54.342807388819445 ], [ 18.945336110475274, 54.342807394427012 ], [ 18.945336122396334, 54.342807399394985 ], [ 18.945336135071667, 54.342807403678385 ], [ 18.945336148386485, 54.342807407238425 ], [ 18.945336162220194, 54.342807410042866 ], [ 18.945336176447533, 54.342807412066307 ], [ 18.945336190939638, 54.342807413290416 ], [ 18.945336205565287, 54.342807413704122 ], [ 18.949777930098513, 54.342809343728689 ], [ 18.94977793366311, 54.342809343829387 ], [ 18.949777935590404, 54.342809345584321 ], [ 18.951996221949305, 54.345057769542088 ], [ 18.951996223582544, 54.345057771396043 ], [ 18.951996221944988, 54.34505777324874 ], [ 18.949772498162012, 54.347304345677117 ], [ 18.949772491442307, 54.347304353278595 ], [ 18.949772485989858, 54.347304361218804 ], [ 18.949772481854055, 54.347304369425856 ], [ 18.949772479072355, 54.347304377825395 ], [ 18.949772477669928, 54.347304386341413 ], [ 18.949772477659497, 54.34730439489671 ], [ 18.949772479041147, 54.347304403413887 ], [ 18.94977248180237, 54.347304411815742 ], [ 18.949772485918153, 54.347304420026219 ], [ 18.949772491351229, 54.347304427970961 ], [ 18.949772498052397, 54.347304435578017 ], [ 18.951990983491548, 54.349552814884937 ], [ 18.951990985124961, 54.349552816738921 ], [ 18.951990983487232, 54.349552818591619 ], [ 18.949767016585216, 54.351799389186418 ], [ 18.949767009864768, 54.351799396787882 ], [ 18.949767004411729, 54.351799404728098 ], [ 18.949767000275472, 54.351799412935122 ], [ 18.949766997493462, 54.35179942133469 ], [ 18.949766996090883, 54.351799429850651 ], [ 18.949766996080449, 54.351799438405976 ], [ 18.949766997462252, 54.351799446923117 ], [ 18.949767000223769, 54.351799455324972 ], [ 18.949767004340007, 54.351799463535464 ], [ 18.949767009773677, 54.351799471480199 ], [ 18.949767016475572, 54.351799479087241 ], [ 18.951985743595479, 54.354047856858323 ], [ 18.951985745229074, 54.354047858712306 ], [ 18.951985743591163, 54.354047860564975 ], [ 18.949761533503281, 54.356294429326269 ], [ 18.949761526782105, 54.356294436927733 ], [ 18.949761521328462, 54.356294444867927 ], [ 18.949761517191753, 54.356294453074995 ], [ 18.949761514409431, 54.356294461474512 ], [ 18.949761513006703, 54.356294469990495 ], [ 18.949761512996268, 54.356294478545792 ], [ 18.949761514378217, 54.356294487062947 ], [ 18.94976151714004, 54.356294495464795 ], [ 18.949761521256718, 54.356294503675251 ], [ 18.949761526690978, 54.356294511620014 ], [ 18.949761533393605, 54.356294519227056 ], [ 18.951980502260575, 54.358542895462392 ], [ 18.951980503894337, 54.358542897316369 ], [ 18.951980502256248, 54.358542899169031 ], [ 18.949756048915653, 54.360789466096904 ], [ 18.949756042193741, 54.360789473698354 ], [ 18.949756036739508, 54.360789481638541 ], [ 18.949756032602341, 54.360789489845565 ], [ 18.949756029819714, 54.360789498245126 ], [ 18.949756028416832, 54.360789506761094 ], [ 18.949756028406394, 54.360789515316398 ], [ 18.949756029788485, 54.36078952383351 ], [ 18.949756032550606, 54.360789532235358 ], [ 18.94975603666774, 54.360789540445836 ], [ 18.949756042102589, 54.360789548390557 ], [ 18.949756048805948, 54.360789555997606 ], [ 18.951975259486286, 54.363037930697338 ], [ 18.951975261120225, 54.363037932551315 ], [ 18.951975259481955, 54.363037934403977 ], [ 18.949750520159139, 54.365284542577697 ], [ 18.949750518226505, 54.365284544331011 ], [ 18.949750514659723, 54.365284544428754 ], [ 18.945306280241624, 54.365282612775921 ], [ 18.94530627667509, 54.365282612675109 ], [ 18.945306274746933, 54.365282610920104 ], [ 18.943087307452824, 54.363034114528766 ], [ 18.943087299542409, 54.363034107327863 ], [ 18.943087290495697, 54.363034100598675 ], [ 18.943087280394625, 54.363034094402138 ], [ 18.943087269330668, 54.363034088794407 ], [ 18.94308725740402, 54.363034083826221 ], [ 18.943087244722701, 54.363034079542601 ], [ 18.943087231401538, 54.363034075982334 ], [ 18.943087217561185, 54.363034073177637 ], [ 18.943087203326971, 54.36303407115394 ], [ 18.943087188827807, 54.363034069929547 ], [ 18.943087174195004, 54.363034069515571 ], [ 18.938643268449823, 54.363031892671565 ], [ 18.938643264883499, 54.363031892570525 ], [ 18.938643262955729, 54.363031890815435 ], [ 18.936424780860598, 54.360783271247485 ], [ 18.936424772951774, 54.360783264046148 ], [ 18.936424763906654, 54.360783257316477 ], [ 18.936424753807135, 54.360783251119386 ], [ 18.936424742744695, 54.36078324551103 ], [ 18.936424730819503, 54.360783240542176 ], [ 18.936424718139566, 54.360783236257866 ], [ 18.936424704819707, 54.360783232696846 ], [ 18.936424690980569, 54.360783229891396 ], [ 18.936424676747457, 54.360783227866904 ], [ 18.936424662249287, 54.360783226641729 ], [ 18.936424647617351, 54.360783226226943 ], [ 18.931980985391284, 54.360780804196764 ], [ 18.931980981825173, 54.360780804095533 ], [ 18.931980979897794, 54.360780802340329 ], [ 18.929762940405151, 54.358532016524428 ], [ 18.929762938772392, 54.358532014670146 ], [ 18.929762940411479, 54.358532012817776 ], [ 18.931988404787791, 54.356285770710038 ], [ 18.931988406720752, 54.356285768957029 ], [ 18.931988410286806, 54.356285768859813 ], [ 18.936431587447451, 54.356288190491178 ], [ 18.936431602079054, 54.35628819009181 ], [ 18.936431616579405, 54.356288188881891 ], [ 18.936431630817179, 54.356288186872412 ], [ 18.936431644663454, 54.356288184081528 ], [ 18.936431657992831, 54.356288180534541 ], [ 18.936431670684588, 54.356288176263575 ], [ 18.936431682623798, 54.356288171307298 ], [ 18.936431693702332, 54.356288165710595 ], [ 18.936431703819864, 54.356288159524169 ], [ 18.936431712884769, 54.356288152803998 ], [ 18.936431720814944, 54.356288145611003 ], [ 18.938656614853304, 54.354041865747327 ], [ 18.938656621576165, 54.354041858146495 ], [ 18.938656627031644, 54.354041850206784 ], [ 18.938656631170339, 54.354041842000129 ], [ 18.938656633954775, 54.354041833600832 ], [ 18.93865663535972, 54.354041825084977 ], [ 18.93865663537246, 54.354041816529666 ], [ 18.938656633992885, 54.354041808012404 ], [ 18.938656631233478, 54.3540417996103 ], [ 18.93865662711924, 54.354041791399446 ], [ 18.938656621687421, 54.354041783454207 ], [ 18.938656614987213, 54.354041775846561 ], [ 18.936438658586535, 54.351793196406547 ], [ 18.936438650679442, 54.351793189205203 ], [ 18.93643864163629, 54.35179318247549 ], [ 18.936438631538973, 54.351793176278413 ], [ 18.936438620478945, 54.351793170670064 ], [ 18.936438608556355, 54.351793165701203 ], [ 18.936438595879181, 54.351793161416865 ], [ 18.936438582562229, 54.351793157855845 ], [ 18.936438568726107, 54.351793155050395 ], [ 18.9364385544961, 54.351793153025909 ], [ 18.936438540001099, 54.351793151800734 ], [ 18.936438525372356, 54.351793151385962 ], [ 18.931995833143958, 54.351790730153283 ], [ 18.931995829578618, 54.351790730052073 ], [ 18.931995827651669, 54.351790728296855 ], [ 18.929778313582485, 54.349541982652127 ], [ 18.929778305676979, 54.34954197545035 ], [ 18.929778296635416, 54.349541968720146 ], [ 18.929778286539655, 54.349541962522501 ], [ 18.929778275481134, 54.349541956913519 ], [ 18.929778263559996, 54.349541951944019 ], [ 18.929778250884215, 54.349541947658984 ], [ 18.92977823756857, 54.349541944097226 ], [ 18.929778223733653, 54.349541941291008 ], [ 18.929778209504757, 54.349541939265741 ], [ 18.929778195010744, 54.349541938039756 ], [ 18.929778180382868, 54.349541937624174 ], [ 18.925335731605905, 54.349539271326535 ], [ 18.925335728040782, 54.349539271225119 ], [ 18.925335726114213, 54.349539269469808 ], [ 18.923118696843783, 54.347290400789518 ], [ 18.92311868893988, 54.347290393587294 ], [ 18.92311867989989, 54.347290386856621 ], [ 18.923118669805685, 54.347290380658393 ], [ 18.923118658748677, 54.3472903750488 ], [ 18.923118646829, 54.347290370078653 ], [ 18.923118634154605, 54.347290365792894 ], [ 18.92311862084026, 54.347290362230424 ], [ 18.923118607006554, 54.347290359423432 ], [ 18.92311859277876, 54.347290357397384 ], [ 18.923118578285742, 54.347290356170603 ], [ 18.923118563658733, 54.34729035575419 ], [ 18.918676443582136, 54.347287444489503 ], [ 18.918676428953567, 54.347287444886732 ], [ 18.918676414455874, 54.347287446094512 ], [ 18.918676400220342, 54.347287448101902 ], [ 18.918676386375889, 54.347287450890754 ], [ 18.918676373047905, 54.347287454435758 ], [ 18.918676360357079, 54.347287458704876 ], [ 18.918676348418341, 54.347287463659406 ], [ 18.918676337339821, 54.347287469254496 ], [ 18.918676327221831, 54.347287475439451 ], [ 18.91867631815602, 54.347287482158265 ], [ 18.918676310224473, 54.34728748935013 ], [ 18.916450649476928, 54.34953344623051 ], [ 18.916450647543623, 54.349533447983319 ], [ 18.916450643978123, 54.349533448080052 ], [ 18.912008112383653, 54.3495302911953 ], [ 18.912008108818565, 54.349530291093473 ], [ 18.912008106892571, 54.349530289337942 ], [ 18.909791806004126, 54.347281176153075 ], [ 18.909791798102557, 54.347281168949976 ], [ 18.909791789064752, 54.347281162218295 ], [ 18.909791778972551, 54.34728115601898 ], [ 18.909791767917358, 54.347281150408165 ], [ 18.909791755999297, 54.347281145436689 ], [ 18.909791743326288, 54.347281141149544 ], [ 18.909791730013104, 54.34728113758559 ], [ 18.909791716180315, 54.347281134777084 ], [ 18.909791701953182, 54.347281132749465 ], [ 18.909791687460562, 54.347281131521079 ], [ 18.909791672833688, 54.347281131103074 ], [ 18.905349555326126, 54.347277729360272 ], [ 18.905349540697433, 54.347277729755874 ], [ 18.905349526199352, 54.347277730962077 ], [ 18.905349511963177, 54.347277732967896 ], [ 18.905349498117825, 54.347277735755206 ], [ 18.905349484788701, 54.347277739298747 ], [ 18.905349472096493, 54.347277743566465 ], [ 18.90534946015616, 54.34727774851968 ], [ 18.905349449075835, 54.347277754113541 ], [ 18.905349438955856, 54.347277760297366 ], [ 18.905349429887867, 54.3472777670152 ], [ 18.905349421954003, 54.347277774206184 ], [ 18.903123035394501, 54.349523485022907 ], [ 18.903123033460624, 54.349523486775496 ], [ 18.903123029895095, 54.349523486871831 ], [ 18.898680501069872, 54.349519839450146 ], [ 18.898680497504813, 54.34951983934792 ], [ 18.898680495579384, 54.34951983759219 ], [ 18.896464923271065, 54.347270480024186 ], [ 18.896464915371826, 54.34727047282022 ], [ 18.896464906336199, 54.347270466087544 ], [ 18.896464896246012, 54.347270459887106 ], [ 18.896464885192643, 54.347270454275076 ], [ 18.896464873276191, 54.347270449302286 ], [ 18.896464860604578, 54.347270445013741 ], [ 18.896464847292545, 54.347270441448323 ], [ 18.896464833460669, 54.34727043863829 ], [ 18.896464819234204, 54.347270436609087 ], [ 18.896464804741989, 54.347270435379109 ], [ 18.896464790115257, 54.347270434959498 ], [ 18.892022675575909, 54.347266542739284 ], [ 18.892022660947095, 54.347266543133287 ], [ 18.892022646448627, 54.347266544337842 ], [ 18.892022632211805, 54.347266546342112 ], [ 18.892022618365569, 54.347266549127916 ], [ 18.892022605035297, 54.347266552669979 ], [ 18.892022592341718, 54.347266556936297 ], [ 18.892022580399789, 54.347266561888183 ], [ 18.892022569317657, 54.347266567480816 ], [ 18.892022559195677, 54.347266573663518 ], [ 18.892022550125521, 54.347266580380371 ], [ 18.892022542189331, 54.347266587570452 ], [ 18.889795430019088, 54.349512052202748 ], [ 18.889795428084653, 54.349512053955102 ], [ 18.88979542451909, 54.349512054051068 ], [ 18.885352984049682, 54.349507916174034 ], [ 18.885352969420012, 54.349507916567227 ], [ 18.88535295492056, 54.349507917770993 ], [ 18.88535294068264, 54.349507919774474 ], [ 18.8853529268352, 54.349507922559482 ], [ 18.885352913503631, 54.34950792610082 ], [ 18.885352900808673, 54.349507930366428 ], [ 18.885352888865288, 54.349507935317675 ], [ 18.885352877781646, 54.349507940909668 ], [ 18.885352867658117, 54.349507947091837 ], [ 18.885352858586383, 54.349507953808157 ], [ 18.885352850648598, 54.349507960997826 ], [ 18.883125253682696, 54.351753301474446 ], [ 18.883125251747867, 54.351753303226715 ], [ 18.883125248182093, 54.351753303322475 ], [ 18.878682481840588, 54.351748919735847 ], [ 18.878682478275397, 54.35174891963306 ], [ 18.878682476350708, 54.351748917876982 ], [ 18.87646787700179, 54.349499194619526 ], [ 18.876467869105625, 54.349499187414267 ], [ 18.876467860072783, 54.349499180680084 ], [ 18.876467849985065, 54.349499174477977 ], [ 18.87646783893382, 54.349499168864128 ], [ 18.876467827019138, 54.349499163889355 ], [ 18.876467814348928, 54.349499159598722 ], [ 18.876467801037915, 54.349499156031115 ], [ 18.876467787206654, 54.34949915321878 ], [ 18.876467772980408, 54.349499151187224 ], [ 18.876467758488008, 54.349499149954838 ], [ 18.876467743860694, 54.349499149532797 ], [ 18.872025392146266, 54.349494521216975 ], [ 18.872025377516476, 54.349494521608541 ], [ 18.872025363016647, 54.349494522810701 ], [ 18.872025348778084, 54.349494524812606 ], [ 18.872025334929745, 54.349494527596107 ], [ 18.872025321597039, 54.349494531135953 ], [ 18.872025308900703, 54.349494535400169 ], [ 18.872025296955727, 54.349494540350072 ], [ 18.872025285870286, 54.349494545940857 ], [ 18.872025275744758, 54.349494552121918 ], [ 18.872025266670857, 54.349494558837222 ], [ 18.872025258730744, 54.349494566025982 ], [ 18.869796936356867, 54.35173966011677 ], [ 18.869796934421476, 54.351739661868798 ], [ 18.869796930855674, 54.351739661964167 ], [ 18.865354253474141, 54.35173478789725 ], [ 18.865354238843494, 54.35173478828802 ], [ 18.865354224342685, 54.351734789489377 ], [ 18.865354210103018, 54.351734791490493 ], [ 18.865354196253481, 54.351734794273192 ], [ 18.865354182919472, 54.351734797812341 ], [ 18.865354170221764, 54.351734802075839 ], [ 18.865354158275338, 54.351734807025096 ], [ 18.865354147188377, 54.351734812615277 ], [ 18.865354137061306, 54.351734818795748 ], [ 18.865354127985821, 54.351734825510555 ], [ 18.865354120044113, 54.351734832698888 ], [ 18.86312531281007, 54.353979802502863 ], [ 18.863125310874292, 54.353979804254791 ], [ 18.86312530730828, 54.353979804349962 ], [ 18.85868238951419, 54.353974684578951 ], [ 18.85868237488268, 54.353974684968883 ], [ 18.858682360380886, 54.353974686169465 ], [ 18.858682346140139, 54.353974688169778 ], [ 18.858682332289384, 54.353974690951716 ], [ 18.858682318954084, 54.353974694490127 ], [ 18.858682306254988, 54.353974698752936 ], [ 18.858682294307112, 54.353974703701503 ], [ 18.858682283218652, 54.353974709291059 ], [ 18.858682273090025, 54.353974715470969 ], [ 18.858682264012959, 54.353974722185292 ], [ 18.85868225606966, 54.353974729373171 ], [ 18.856452963909639, 54.356219574839827 ], [ 18.856452961973474, 54.356219576591663 ], [ 18.85645295840726, 54.356219576686634 ], [ 18.852009715066895, 54.356214211066877 ], [ 18.852009711501378, 54.356214210963294 ], [ 18.852009709577622, 54.35621420920679 ], [ 18.849796328563279, 54.35396399910676 ], [ 18.849796320670929, 54.353963991899732 ], [ 18.849796311641477, 54.353963985163581 ], [ 18.84979630155668, 54.353963978959257 ], [ 18.849796290507889, 54.353963973342964 ], [ 18.849796278595147, 54.353963968365548 ], [ 18.84979626592634, 54.353963964072136 ], [ 18.849796252616205, 54.353963960501581 ], [ 18.849796238785274, 54.35396395768619 ], [ 18.849796224558808, 54.353963955651494 ], [ 18.849796210065641, 54.353963954415896 ], [ 18.84979619543703, 54.353963953990643 ], [ 18.845353367207206, 54.353958343720791 ], [ 18.845353352575579, 54.353958344109124 ], [ 18.845353338073402, 54.353958345308087 ], [ 18.845353323832015, 54.353958347306829 ], [ 18.845353309980378, 54.353958350087268 ], [ 18.845353296643932, 54.353958353624172 ], [ 18.845353283943471, 54.353958357885567 ], [ 18.845353271994004, 54.353958362832827 ], [ 18.845353260903735, 54.353958368421175 ], [ 18.845353250773112, 54.353958374599969 ], [ 18.845353241693882, 54.353958381313262 ], [ 18.845353233748263, 54.353958388500267 ], [ 18.843123216385255, 54.356202987299078 ], [ 18.843123214448514, 54.356202989050686 ], [ 18.843123210882268, 54.356202989145267 ], [ 18.838680057311407, 54.356197132985301 ], [ 18.838680042678924, 54.35619713337281 ], [ 18.838680028175762, 54.356197134570984 ], [ 18.838680013933278, 54.35619713656893 ], [ 18.838680000080434, 54.356197139348588 ], [ 18.838679986742701, 54.35619714288476 ], [ 18.838679974040854, 54.356197147145444 ], [ 18.838679962089934, 54.356197152092058 ], [ 18.838679950998159, 54.35619715767978 ], [ 18.838679940865987, 54.356197163858006 ], [ 18.838679931785169, 54.356197170570809 ], [ 18.838679923837955, 54.356197177757373 ], [ 18.8364494214849, 54.358441652087706 ], [ 18.836449419547769, 54.358441653839201 ], [ 18.836449415981317, 54.358441653933589 ], [ 18.83200602233326, 54.358435551949334 ], [ 18.832006007699917, 54.358435552336047 ], [ 18.832005993195782, 54.35843555353339 ], [ 18.832005978952196, 54.358435555530569 ], [ 18.832005965098155, 54.358435558309466 ], [ 18.832005951759118, 54.358435561844907 ], [ 18.832005939055897, 54.35843556610488 ], [ 18.832005927103523, 54.358435571050812 ], [ 18.832005916010239, 54.358435576637923 ], [ 18.832005905876517, 54.358435582815588 ], [ 18.832005896794122, 54.358435589527879 ], [ 18.832005888845309, 54.358435596714003 ], [ 18.829774901436515, 54.360679946525359 ], [ 18.829774899499, 54.360679948276761 ], [ 18.829774895932339, 54.360679948370951 ], [ 18.825331262274602, 54.360673600522247 ], [ 18.82533124764041, 54.360673600908136 ], [ 18.825331233135291, 54.360673602104704 ], [ 18.825331218890607, 54.360673604101081 ], [ 18.825331205035361, 54.360673606879203 ], [ 18.825331191695035, 54.360673610413897 ], [ 18.825331178990428, 54.360673614673161 ], [ 18.825331167036605, 54.360673619618439 ], [ 18.825331155941814, 54.360673625204925 ], [ 18.82533114580654, 54.360673631382042 ], [ 18.825331136722561, 54.360673638093836 ], [ 18.825331128772149, 54.360673645279505 ], [ 18.823099656241972, 54.362917870521358 ], [ 18.823099654304066, 54.362917872272632 ], [ 18.823099650737191, 54.362917872366623 ], [ 18.818655777137348, 54.362911278613325 ], [ 18.818655762502303, 54.362911278998439 ], [ 18.818655747996203, 54.362911280194204 ], [ 18.818655733750425, 54.362911282189792 ], [ 18.818655719893975, 54.362911284967154 ], [ 18.818655706552349, 54.362911288501117 ], [ 18.818655693846367, 54.362911292759655 ], [ 18.818655681891091, 54.362911297704287 ], [ 18.818655670794797, 54.362911303290147 ], [ 18.818655660657967, 54.362911309466682 ], [ 18.818655651572406, 54.362911316177971 ], [ 18.818655643620396, 54.362911323363207 ], [ 18.816423685903196, 54.365155423985037 ], [ 18.816423683964906, 54.365155425736212 ], [ 18.816423680397826, 54.365155425830004 ], [ 18.81197956692349, 54.365148586132001 ], [ 18.811979552287578, 54.36514858651627 ], [ 18.811979537780502, 54.365148587711239 ], [ 18.811979523533626, 54.365148589706038 ], [ 18.811979509675979, 54.365148592482612 ], [ 18.811979496333052, 54.365148596015842 ], [ 18.811979483625688, 54.365148600273706 ], [ 18.811979471668963, 54.365148605217641 ], [ 18.811979460571155, 54.365148610802898 ], [ 18.81197945043278, 54.365148616978871 ], [ 18.811979441345638, 54.365148623689642 ], [ 18.811979433392032, 54.365148630874451 ], [ 18.809746990422209, 54.36739260682571 ], [ 18.809746988483528, 54.367392608576779 ], [ 18.809746984916238, 54.367392608670379 ], [ 18.805302631635076, 54.367385522987497 ], [ 18.805302616998311, 54.367385523370984 ], [ 18.805302602490251, 54.367385524565123 ], [ 18.805302588242277, 54.367385526559147 ], [ 18.805302574383429, 54.367385529334967 ], [ 18.805302561039209, 54.367385532867438 ], [ 18.805302548330463, 54.367385537124591 ], [ 18.805302536372292, 54.367385542067872 ], [ 18.805302525272975, 54.367385547652511 ], [ 18.805302515133047, 54.36738555382793 ], [ 18.805302506044317, 54.367385560538196 ], [ 18.805302498089116, 54.36738556772255 ], [ 18.803069569801089, 54.369629418952712 ], [ 18.803069567862018, 54.369629420703674 ], [ 18.803069564294518, 54.369629420797061 ], [ 18.798624886045676, 54.369622088947061 ], [ 18.798624882479139, 54.369622088841901 ], [ 18.798624880557046, 54.369622087084572 ], [ 18.796413701181731, 54.367370905352402 ], [ 18.796413693296167, 54.367370898141928 ], [ 18.796413684272519, 54.367370891401791 ], [ 18.796413674192515, 54.367370885193012 ], [ 18.796413663147415, 54.367370879571851 ], [ 18.796413651237263, 54.367370874589213 ], [ 18.796413638569923, 54.367370870290181 ], [ 18.796413625260097, 54.367370866713742 ], [ 18.796413611428342, 54.367370863892255 ], [ 18.796413597199898, 54.367370861851256 ], [ 18.796413582703629, 54.367370860609263 ], [ 18.796413568070818, 54.367370860177509 ], [ 18.79196930598572, 54.367363283796152 ], [ 18.791969291348845, 54.367363284178012 ], [ 18.791969276840412, 54.367363285370551 ], [ 18.791969262591806, 54.367363287362998 ], [ 18.791969248732066, 54.367363290137277 ], [ 18.791969235386716, 54.367363293668291 ], [ 18.791969222676602, 54.367363297924044 ], [ 18.791969210716832, 54.367363302865989 ], [ 18.791969199615714, 54.367363308449391 ], [ 18.791969189473797, 54.367363314623688 ], [ 18.791969180382903, 54.367363321332945 ], [ 18.791969172425379, 54.367363328516419 ], [ 18.789735519148905, 54.36960693247417 ], [ 18.789735517209266, 54.369606934224912 ], [ 18.789735513641737, 54.369606934317908 ], [ 18.785290926794708, 54.369599111728164 ], [ 18.785290912156974, 54.369599112109206 ], [ 18.785290897647563, 54.369599113300957 ], [ 18.785290883397863, 54.369599115292601 ], [ 18.785290869536926, 54.369599118066127 ], [ 18.785290856190272, 54.369599121596394 ], [ 18.78529084347878, 54.36959912585143 ], [ 18.785290831517564, 54.369599130792729 ], [ 18.785290820414939, 54.369599136375506 ], [ 18.785290810271466, 54.369599142549241 ], [ 18.785290801178995, 54.369599149257994 ], [ 18.785290793219875, 54.369599156441005 ], [ 18.78305669740563, 54.37184259252637 ], [ 18.783056690651154, 54.371842600118498 ], [ 18.78305668516332, 54.371842608051089 ], [ 18.783056680991827, 54.371842616252366 ], [ 18.783056678174447, 54.371842624647975 ], [ 18.783056676736695, 54.371842633161982 ], [ 18.783056676691601, 54.371842641717208 ], [ 18.783056678039564, 54.371842650236189 ], [ 18.783056680768379, 54.371842658641775 ], [ 18.783056684853339, 54.37184266685788 ], [ 18.783056690257435, 54.371842674810054 ], [ 18.783056696931748, 54.371842682426305 ], [ 18.785267384617882, 54.374094106653843 ], [ 18.785267386244751, 54.374094108510064 ], [ 18.785267384598541, 54.37409411036046 ], [ 18.783032957118916, 54.376337630144832 ], [ 18.78303295517868, 54.376337631895495 ], [ 18.783032951610551, 54.376337631988271 ], [ 18.778587554537388, 54.376329561808447 ], [ 18.778587550970315, 54.376329561702697 ], [ 18.778587549048769, 54.376329559945042 ], [ 18.776377107407246, 54.374078014485526 ], [ 18.77637709952392, 54.374078007273766 ], [ 18.776377090502091, 54.37407800053213 ], [ 18.776377080423462, 54.374077994321688 ], [ 18.776377069379315, 54.374077988698701 ], [ 18.776377057469659, 54.374077983714095 ], [ 18.776377044802352, 54.374077979412966 ], [ 18.776377031492107, 54.374077975834325 ], [ 18.776377017659474, 54.374077973010536 ], [ 18.776377003429708, 54.374077970967193 ], [ 18.776376988931698, 54.374077969722798 ], [ 18.776376974296717, 54.374077969288599 ], [ 18.771931908577216, 54.374069654446089 ], [ 18.771931905010362, 54.374069654340154 ], [ 18.771931903089197, 54.374069652582406 ], [ 18.769721946960018, 54.371817984908283 ], [ 18.769721939078291, 54.371817977696082 ], [ 18.769721930058051, 54.371817970953956 ], [ 18.769721919980984, 54.371817964742959 ], [ 18.769721908938351, 54.371817959119376 ], [ 18.769721897030156, 54.371817954134094 ], [ 18.769721884364241, 54.371817949832291 ], [ 18.769721871055307, 54.371817946252897 ], [ 18.769721857223889, 54.37181794342834 ], [ 18.769721842995249, 54.371817941384222 ], [ 18.769721828498231, 54.371817940139039 ], [ 18.76972181386413, 54.37181793970403 ], [ 18.765277079554217, 54.371809380252131 ], [ 18.76527706491553, 54.371809380630765 ], [ 18.765277050404762, 54.371809381820093 ], [ 18.765277036153336, 54.371809383809371 ], [ 18.765277022290309, 54.371809386580601 ], [ 18.765277008941229, 54.371809390108638 ], [ 18.765276996226987, 54.37180939436157 ], [ 18.765276984262734, 54.371809399300879 ], [ 18.765276973156805, 54.371809404881816 ], [ 18.765276963009789, 54.371809411053853 ], [ 18.765276953913574, 54.371809417761099 ], [ 18.765276945950532, 54.371809424942803 ], [ 18.76304159706563, 54.374052531591126 ], [ 18.763041595124648, 54.374052533341434 ], [ 18.763041591556679, 54.374052533433627 ], [ 18.758596532812803, 54.374043727634721 ], [ 18.758596518173256, 54.374043728012538 ], [ 18.758596503661508, 54.374043729201048 ], [ 18.758596489408983, 54.374043731189538 ], [ 18.75859647554476, 54.374043733960015 ], [ 18.75859646219439, 54.374043737487291 ], [ 18.75859644947877, 54.374043741739534 ], [ 18.758596437513063, 54.374043746678176 ], [ 18.758596426405628, 54.374043752258494 ], [ 18.758596416257053, 54.374043758429984 ], [ 18.758596407159256, 54.374043765136697 ], [ 18.758596399194619, 54.374043772317961 ], [ 18.756360564799969, 54.376286753932163 ], [ 18.756360562858593, 54.376286755682386 ], [ 18.756360559290417, 54.37628675577438 ], [ 18.751915176171451, 54.376277703575788 ], [ 18.751915172604463, 54.376277703469256 ], [ 18.75191517068405, 54.376277701711182 ], [ 18.749706192750057, 54.374025669562798 ], [ 18.749706184871421, 54.374025662349304 ], [ 18.74970617585398, 54.374025655605671 ], [ 18.749706165779401, 54.374025649393033 ], [ 18.749706154738913, 54.374025643767617 ], [ 18.749706142832512, 54.37402563878036 ], [ 18.749706130168015, 54.374025634476446 ], [ 18.749706116860125, 54.374025630894863 ], [ 18.749706103029347, 54.374025628068011 ], [ 18.749706088800941, 54.374025626021535 ], [ 18.749706074303752, 54.37402562477395 ], [ 18.749706059669091, 54.374025624336511 ], [ 18.745261093538335, 54.374016327756514 ], [ 18.745261078898679, 54.374016328132704 ], [ 18.745261064386568, 54.374016329319637 ], [ 18.745261050133415, 54.374016331306557 ], [ 18.745261036268303, 54.374016334075463 ], [ 18.745261022916804, 54.374016337601283 ], [ 18.745261010199815, 54.374016341852119 ], [ 18.745260998232524, 54.374016346789432 ], [ 18.745260987123288, 54.374016352368521 ], [ 18.74526097697273, 54.374016358538874 ], [ 18.745260967872767, 54.374016365244593 ], [ 18.74526095990581, 54.374016372424968 ], [ 18.743024400937824, 54.376259106283889 ], [ 18.743024398995885, 54.376259108033878 ], [ 18.743024395427682, 54.376259108125481 ], [ 18.738579105127958, 54.376249565104736 ], [ 18.738579090487452, 54.376249565480123 ], [ 18.738579075974357, 54.376249566666246 ], [ 18.738579061720113, 54.376249568652355 ], [ 18.738579047853801, 54.376249571420523 ], [ 18.738579034501008, 54.376249574945589 ], [ 18.738579021782641, 54.376249579195715 ], [ 18.738579009813893, 54.37624958413236 ], [ 18.738578998703158, 54.376249589710838 ], [ 18.738578988551048, 54.376249595880637 ], [ 18.738578979449496, 54.37624960258583 ], [ 18.738578971480944, 54.376249609765757 ], [ 18.736341926940696, 54.378492218459343 ], [ 18.736341924998374, 54.37849222020921 ], [ 18.736341921429958, 54.378492220300636 ], [ 18.731896392266801, 54.378482430975808 ], [ 18.731896377625436, 54.378482431350356 ], [ 18.731896363111371, 54.378482432535684 ], [ 18.731896348856033, 54.378482434521032 ], [ 18.731896334988519, 54.378482437288383 ], [ 18.731896321634423, 54.378482440812739 ], [ 18.731896308914688, 54.37848244506214 ], [ 18.731896296944491, 54.378482449998131 ], [ 18.731896285832242, 54.378482455575998 ], [ 18.731896275678579, 54.378482461745222 ], [ 18.731896266575447, 54.37848246844991 ], [ 18.7318962586053, 54.378482475629397 ], [ 18.729658728427573, 54.380724959107049 ], [ 18.729658726484853, 54.38072496085681 ], [ 18.729658722916234, 54.380724960948044 ], [ 18.725212954957815, 54.380714925279072 ], [ 18.725212940315604, 54.380714925652818 ], [ 18.725212925800555, 54.380714926837342 ], [ 18.725212911544123, 54.380714928821888 ], [ 18.725212897675416, 54.3807149315885 ], [ 18.725212884320023, 54.380714935112096 ], [ 18.725212871598906, 54.3807149393608 ], [ 18.725212859627263, 54.380714944296116 ], [ 18.725212848513511, 54.380714949873365 ], [ 18.725212838358296, 54.380714956042013 ], [ 18.725212829253575, 54.380714962746218 ], [ 18.725212821281829, 54.380714969925243 ], [ 18.722974848319467, 54.382957285137813 ], [ 18.722974841552084, 54.382957292726537 ], [ 18.722974836051183, 54.382957300656379 ], [ 18.722974831866587, 54.382957308855538 ], [ 18.722974829036179, 54.382957317249733 ], [ 18.72297482758561, 54.382957325762959 ], [ 18.722974827527999, 54.382957334318135 ], [ 18.722974828863876, 54.38295734283777 ], [ 18.722974831581141, 54.382957351244663 ], [ 18.72297483565519, 54.382957359462779 ], [ 18.722974841049119, 54.382957367417625 ], [ 18.722974847714095, 54.382957375037165 ], [ 18.725182796203683, 54.385209848486134 ], [ 18.725182804080148, 54.385209855701248 ], [ 18.725182813096009, 54.385209862446672 ], [ 18.725182823169607, 54.385209868661363 ], [ 18.725182834209729, 54.385209874289018 ], [ 18.72518284611639, 54.385209879278676 ], [ 18.725182858781746, 54.385209883585141 ], [ 18.725182872091111, 54.385209887169424 ], [ 18.725182885923946, 54.385209889999082 ], [ 18.725182900154991, 54.385209892048458 ], [ 18.725182914655356, 54.385209893298999 ], [ 18.725182929293734, 54.385209893739393 ], [ 18.729629183021554, 54.385219931061506 ], [ 18.729629186589257, 54.385219931168706 ], [ 18.729629188509133, 54.385219932927129 ], [ 18.7318377075241, 54.387472370780955 ], [ 18.73183770914908, 54.387472372637873 ], [ 18.731837707499935, 54.387472374487537 ], [ 18.729599683440757, 54.389714852954562 ], [ 18.729599676673477, 54.389714860543641 ], [ 18.729599671172949, 54.389714868473781 ], [ 18.729599666988978, 54.38971487667316 ], [ 18.729599664159458, 54.389714885067498 ], [ 18.729599662710005, 54.389714893580809 ], [ 18.729599662653762, 54.389714902135964 ], [ 18.729599663991227, 54.389714910655506 ], [ 18.729599666710286, 54.389714919062278 ], [ 18.729599670786328, 54.389714927280146 ], [ 18.729599676182421, 54.3897149352347 ], [ 18.72959968284971, 54.389714942853864 ], [ 18.731808356087249, 54.391967293452382 ], [ 18.73180836396617, 54.391967300667034 ], [ 18.731808372984592, 54.391967307411967 ], [ 18.731808383060851, 54.39196731362609 ], [ 18.731808394103691, 54.391967319253155 ], [ 18.731808406013098, 54.391967324242145 ], [ 18.731808418681236, 54.391967328547906 ], [ 18.731808431993368, 54.391967332131479 ], [ 18.731808445828936, 54.391967334960363 ], [ 18.731808460062648, 54.391967337008971 ], [ 18.731808474565604, 54.391967338258716 ], [ 18.731808489206458, 54.391967338698301 ], [ 18.73625547588259, 54.391977132861797 ], [ 18.7362554794509, 54.391977132968805 ], [ 18.736255481371373, 54.391977134727099 ], [ 18.738464725363858, 54.394229449655448 ], [ 18.738464726989399, 54.394229451512295 ], [ 18.738464725340286, 54.394229453362037 ], [ 18.736226650375045, 54.396472095118462 ], [ 18.736226648431867, 54.396472096868351 ], [ 18.73622664486189, 54.396472096959762 ], [ 18.731779172081069, 54.396462301182687 ], [ 18.731779157433309, 54.396462301557236 ], [ 18.731779142912885, 54.396462302742535 ], [ 18.731779128651304, 54.396462304727834 ], [ 18.731779114777719, 54.396462307495177 ], [ 18.731779101417771, 54.396462311019505 ], [ 18.731779088692452, 54.396462315268884 ], [ 18.731779076717004, 54.396462320204826 ], [ 18.73177906559987, 54.396462325782636 ], [ 18.731779055441738, 54.396462331951838 ], [ 18.731779046334605, 54.396462338656512 ], [ 18.731779038360937, 54.396462345835957 ], [ 18.729540563065605, 54.398704776289563 ], [ 18.729540556296829, 54.398704783878635 ], [ 18.729540550795083, 54.398704791808761 ], [ 18.729540546610174, 54.398704800008119 ], [ 18.729540543780018, 54.398704808402442 ], [ 18.729540542330234, 54.398704816915725 ], [ 18.729540542273963, 54.398704825470887 ], [ 18.729540543611698, 54.398704833990394 ], [ 18.729540546331336, 54.398704842397152 ], [ 18.729540550408245, 54.398704850615033 ], [ 18.729540555805507, 54.398704858569552 ], [ 18.729540562474234, 54.39870486618873 ], [ 18.731749713749835, 54.400957215043199 ], [ 18.731749721630461, 54.400957222257851 ], [ 18.731749730650844, 54.400957229002771 ], [ 18.731749740729292, 54.400957235216907 ], [ 18.731749751774533, 54.400957240843951 ], [ 18.731749763686537, 54.400957245832949 ], [ 18.731749776357429, 54.400957250138745 ], [ 18.731749789672467, 54.400957253722289 ], [ 18.73174980351105, 54.400957256551187 ], [ 18.731749817747875, 54.400957258599789 ], [ 18.731749832253993, 54.400957259849541 ], [ 18.731749846898051, 54.400957260289161 ], [ 18.736197805917161, 54.400967057680184 ], [ 18.736197809486249, 54.40096705778717 ], [ 18.736197811407134, 54.400967059545501 ], [ 18.738407533723223, 54.403219372690025 ], [ 18.738407535349115, 54.403219374546858 ], [ 18.738407533699636, 54.403219376396613 ], [ 18.736168964559806, 54.405462013181882 ], [ 18.736168962616194, 54.405462014931764 ], [ 18.73616895904544, 54.40546201502319 ], [ 18.731720513654398, 54.405452216017864 ], [ 18.73172049900343, 54.405452216392412 ], [ 18.731720484479826, 54.40545221757769 ], [ 18.731720470215127, 54.405452219562981 ], [ 18.731720456338497, 54.405452222330304 ], [ 18.731720442975625, 54.405452225854617 ], [ 18.731720430247513, 54.405452230103968 ], [ 18.731720418269433, 54.405452235039903 ], [ 18.731720407149858, 54.405452240617727 ], [ 18.731720396989491, 54.405452246786886 ], [ 18.731720387880348, 54.405452253491546 ], [ 18.731720379904921, 54.40545226067097 ], [ 18.729481367249484, 54.407694729113182 ], [ 18.729481365305485, 54.407694730862943 ], [ 18.729481361734525, 54.407694730954169 ], [ 18.725032677156577, 54.407684685360877 ], [ 18.725032662504752, 54.407684685734594 ], [ 18.725032647980175, 54.407684686919062 ], [ 18.725032633714378, 54.407684688903572 ], [ 18.725032619836547, 54.407684691670134 ], [ 18.725032606472375, 54.407684695193694 ], [ 18.725032593742881, 54.407684699442335 ], [ 18.725032581763351, 54.407684704377608 ], [ 18.725032570642266, 54.4076847099548 ], [ 18.725032560480344, 54.407684716123399 ], [ 18.725032551369619, 54.407684722827554 ], [ 18.725032543392587, 54.407684730006537 ], [ 18.722793044233025, 54.409927073058945 ], [ 18.722793042288636, 54.409927074808593 ], [ 18.722793038717473, 54.40992707489962 ], [ 18.718344115021011, 54.409916782678245 ], [ 18.718344100368334, 54.409916783051152 ], [ 18.71834408584278, 54.409916784234817 ], [ 18.718344071575885, 54.409916786218545 ], [ 18.718344057696857, 54.409916788984312 ], [ 18.718344044331385, 54.409916792507126 ], [ 18.718344031600505, 54.409916796755077 ], [ 18.718344019619526, 54.409916801689654 ], [ 18.718344008496931, 54.409916807266235 ], [ 18.718343998333456, 54.4099168134343 ], [ 18.71834398922114, 54.40991682013793 ], [ 18.718343981242516, 54.409916827316465 ], [ 18.716103995513503, 54.412159044928373 ], [ 18.716103993568726, 54.412159046677928 ], [ 18.716103989997343, 54.412159046768757 ], [ 18.711654741934634, 54.412148507675575 ], [ 18.711654738364636, 54.412148507567828 ], [ 18.711654736444284, 54.412148505809149 ], [ 18.709446046034593, 54.409895751042576 ], [ 18.709446038156177, 54.409895743826496 ], [ 18.709446029137506, 54.409895737079886 ], [ 18.709446019060248, 54.409895730863909 ], [ 18.709446008015671, 54.409895725234826 ], [ 18.709445996103796, 54.40989572024364 ], [ 18.709445983432492, 54.409895715935527 ], [ 18.709445970116519, 54.409895712349524 ], [ 18.709445956276472, 54.409895709518082 ], [ 18.709445942037675, 54.409895707466852 ], [ 18.709445927529089, 54.409895706214385 ], [ 18.709445912882099, 54.409895705772087 ], [ 18.704996997787163, 54.409884921948212 ], [ 18.704996994217385, 54.409884921840273 ], [ 18.704996992297421, 54.40988492008146 ], [ 18.702788746112226, 54.407632000146208 ], [ 18.702788744487773, 54.407631998288906 ], [ 18.702788746139031, 54.407631996439648 ], [ 18.705029209700715, 54.405390024683911 ], [ 18.705029216475111, 54.405390017096238 ], [ 18.705029221982485, 54.405390009167256 ], [ 18.705029226172957, 54.405390000968758 ], [ 18.705029229008588, 54.405389992575017 ], [ 18.705029230463687, 54.405389984062033 ], [ 18.705029230525078, 54.405389975506914 ], [ 18.705029229192206, 54.40538996698713 ], [ 18.705029226477144, 54.405389958579832 ], [ 18.70502922240448, 54.40538995036114 ], [ 18.705029217011099, 54.405389942405542 ], [ 18.705029210345831, 54.405389934785056 ], [ 18.702821287626776, 54.403137100459674 ], [ 18.702821279750811, 54.403137093243146 ], [ 18.702821270734709, 54.403137086496052 ], [ 18.702821260660112, 54.403137080279514 ], [ 18.702821249618257, 54.403137074649848 ], [ 18.702821237709138, 54.40313706965798 ], [ 18.702821225040619, 54.403137065349163 ], [ 18.702821211727411, 54.403137061762443 ], [ 18.702821197890092, 54.403137058930234 ], [ 18.702821183653967, 54.403137056878215 ], [ 18.702821169147974, 54.403137055624981 ], [ 18.702821154503464, 54.40313705518188 ], [ 18.698373058853516, 54.403126028497653 ], [ 18.698373044203098, 54.403126028868151 ], [ 18.698373029679367, 54.403126030049414 ], [ 18.698373015413878, 54.403126032030755 ], [ 18.69837300153581, 54.403126034794269 ], [ 18.698372988170846, 54.403126038314873 ], [ 18.698372975440023, 54.4031260425607 ], [ 18.698372963458628, 54.403126047493338 ], [ 18.698372952335173, 54.403126053068078 ], [ 18.698372942170394, 54.403126059234438 ], [ 18.698372933056337, 54.403126065936583 ], [ 18.698372925075553, 54.403126073113796 ], [ 18.69613222279812, 54.405367921927017 ], [ 18.696132220852807, 54.405367923676238 ], [ 18.696132217281978, 54.405367923766484 ], [ 18.691683797685702, 54.405356650206116 ], [ 18.691683783034428, 54.405356650575811 ], [ 18.691683768509719, 54.405356651756257 ], [ 18.69168375424314, 54.405356653736831 ], [ 18.691683740363871, 54.405356656499556 ], [ 18.69168372699761, 54.405356660019422 ], [ 18.691683714265402, 54.405356664264559 ], [ 18.69168370228256, 54.405356669196522 ], [ 18.691683691157596, 54.405356674770637 ], [ 18.691683680991257, 54.405356680936436 ], [ 18.691683671875619, 54.405356687638054 ], [ 18.69168366389323, 54.405356694814841 ], [ 18.689442475186631, 54.407598418046703 ], [ 18.689442473240934, 54.407598419795811 ], [ 18.689442469669899, 54.407598419885844 ], [ 18.684993811493271, 54.407586899619204 ], [ 18.684993796841137, 54.407586899988068 ], [ 18.684993782315463, 54.407586901167733 ], [ 18.684993768047779, 54.407586903147504 ], [ 18.684993754167309, 54.407586905909447 ], [ 18.684993740799758, 54.407586909428588 ], [ 18.684993728066168, 54.407586913673001 ], [ 18.684993716081873, 54.407586918604288 ], [ 18.684993704955403, 54.407586924177792 ], [ 18.684993694787515, 54.407586930343022 ], [ 18.684993685670289, 54.407586937044137 ], [ 18.684993677686293, 54.407586944220469 ], [ 18.682752002485408, 54.409828541820282 ], [ 18.68275200053932, 54.409828543569304 ], [ 18.682751996968076, 54.409828543659131 ], [ 18.678303100279702, 54.409816776646188 ], [ 18.678303085626723, 54.409816777014235 ], [ 18.678303071100064, 54.40981677819309 ], [ 18.678303056831293, 54.409816780172086 ], [ 18.678303042949626, 54.409816782933255 ], [ 18.678303029580775, 54.409816786451628 ], [ 18.678303016845806, 54.409816790695345 ], [ 18.678303004860059, 54.409816795625972 ], [ 18.678302993732078, 54.409816801198851 ], [ 18.678302983562631, 54.409816807363512 ], [ 18.67830297444382, 54.409816814064129 ], [ 18.678302966458229, 54.409816821240007 ], [ 18.676060804697965, 54.412058293157124 ], [ 18.676060802751483, 54.412058294906004 ], [ 18.676060799180028, 54.412058294995646 ], [ 18.671611664048577, 54.412046281196375 ], [ 18.671611649394741, 54.412046281563605 ], [ 18.671611634867109, 54.412046282741656 ], [ 18.671611620597247, 54.412046284719857 ], [ 18.671611606714375, 54.412046287480258 ], [ 18.671611593344231, 54.4120462909979 ], [ 18.67161158060788, 54.412046295240906 ], [ 18.671611568620683, 54.412046300170864 ], [ 18.671611557491193, 54.412046305743104 ], [ 18.671611547320193, 54.412046311907211 ], [ 18.671611538199794, 54.412046318607302 ], [ 18.671611530212598, 54.412046325782754 ], [ 18.669368881827889, 54.414287671966463 ], [ 18.669368879881016, 54.414287673715251 ], [ 18.669368876309353, 54.414287673804701 ], [ 18.664919502803524, 54.414275413179084 ], [ 18.664919488148843, 54.414275413545496 ], [ 18.66491947362023, 54.414275414722745 ], [ 18.664919459349278, 54.414275416700129 ], [ 18.664919445465209, 54.414275419459798 ], [ 18.664919432093761, 54.414275422976679 ], [ 18.664919419356035, 54.414275427218961 ], [ 18.664919407367389, 54.414275432148237 ], [ 18.664919396236382, 54.414275437719894 ], [ 18.664919386063826, 54.414275443883426 ], [ 18.66491937694185, 54.414275450583013 ], [ 18.664919368953051, 54.414275457758002 ], [ 18.662676276895073, 54.416516635180898 ], [ 18.662676270111017, 54.416516642766176 ], [ 18.662676264593983, 54.416516650693197 ], [ 18.662676260393919, 54.416516658890188 ], [ 18.66267625754887, 54.416516667282899 ], [ 18.662676256084598, 54.416516675795357 ], [ 18.662676256014361, 54.416516684350412 ], [ 18.662676257338795, 54.416516692870637 ], [ 18.66267626004592, 54.416516701278873 ], [ 18.662676264111195, 54.41651670949895 ], [ 18.66267626949783, 54.41651671745641 ], [ 18.662676276157022, 54.416516725079219 ], [ 18.664882752921184, 54.418770329198686 ], [ 18.664882754544362, 54.418770331056493 ], [ 18.664882752890946, 54.418770332905225 ], [ 18.662639326349652, 54.421011593570434 ], [ 18.662639324402175, 54.421011595319115 ], [ 18.662639320829918, 54.421011595408359 ], [ 18.658189136862923, 54.420999085613744 ], [ 18.658189133292311, 54.420999085504434 ], [ 18.658189131373831, 54.420999083744888 ], [ 18.655982860823535, 54.418745315346499 ], [ 18.655982859200762, 54.418745313488564 ], [ 18.655982860854568, 54.418745311639967 ], [ 18.6582264826833, 54.416504217075072 ], [ 18.658226489468163, 54.416504209490036 ], [ 18.65822649498606, 54.416504201563221 ], [ 18.658226499187009, 54.416504193366386 ], [ 18.658226502032967, 54.416504184973782 ], [ 18.658226503498163, 54.416504176461387 ], [ 18.65822650356932, 54.416504167906318 ], [ 18.65822650224581, 54.416504159386029 ], [ 18.658226499539602, 54.416504150977715 ], [ 18.658226495475212, 54.41650414275751 ], [ 18.658226490089447, 54.416504134799823 ], [ 18.658226483431079, 54.416504127176772 ], [ 18.656020493426066, 54.414250401343701 ], [ 18.656020491803464, 54.414250399485773 ], [ 18.656020493457092, 54.414250397637147 ], [ 18.658263866770032, 54.412009300339783 ], [ 18.658263873554152, 54.412009292754746 ], [ 18.658263879071431, 54.412009284827917 ], [ 18.658263883271907, 54.412009276631089 ], [ 18.658263886117542, 54.41200926823845 ], [ 18.658263887582567, 54.412009259726062 ], [ 18.65826388765371, 54.412009251170979 ], [ 18.658263886330325, 54.412009242650726 ], [ 18.6582638836244, 54.412009234242383 ], [ 18.658263879560447, 54.412009226022157 ], [ 18.658263874175262, 54.412009218064483 ], [ 18.658263867517615, 54.412009210441404 ], [ 18.65605815797915, 54.409755527174198 ], [ 18.656058150110148, 54.409755519954651 ], [ 18.656058141100289, 54.409755513204082 ], [ 18.656058131031159, 54.40975550698365 ], [ 18.656058119993954, 54.4097555013497 ], [ 18.656058108088626, 54.409755496353263 ], [ 18.656058095422992, 54.409755492039558 ], [ 18.656058082111748, 54.409755488447665 ], [ 18.65605806827546, 54.409755485610098 ], [ 18.656058054039399, 54.409755483552573 ], [ 18.656058039532518, 54.40975548229374 ], [ 18.656058024886189, 54.409755481844947 ], [ 18.651609233520087, 54.409742731892088 ], [ 18.651609218866913, 54.409742732256881 ], [ 18.651609204339529, 54.40974273343253 ], [ 18.651609190069507, 54.409742735408351 ], [ 18.651609176186092, 54.409742738166472 ], [ 18.651609162814985, 54.409742741681882 ], [ 18.651609150077302, 54.409742745922806 ], [ 18.651609138088386, 54.409742750850754 ], [ 18.65160912695681, 54.409742756421181 ], [ 18.651609116783391, 54.409742762583576 ], [ 18.651609107660256, 54.409742769282168 ], [ 18.651609099670022, 54.409742776456284 ], [ 18.649365488252151, 54.411983750641852 ], [ 18.649365486304543, 54.411983752390313 ], [ 18.649365482733039, 54.411983752479166 ], [ 18.644916282702866, 54.411970755167722 ], [ 18.644916279133071, 54.411970755058007 ], [ 18.644916277215586, 54.411970753298242 ], [ 18.642711260508477, 54.409716784191893 ], [ 18.642711252641831, 54.40971677697145 ], [ 18.642711243634182, 54.409716770219909 ], [ 18.642711233567088, 54.409716763998382 ], [ 18.64271122253173, 54.409716758363224 ], [ 18.64271121062804, 54.409716753365451 ], [ 18.642711197963827, 54.409716749050361 ], [ 18.64271118465377, 54.409716745457004 ], [ 18.642711170818412, 54.409716742617924 ], [ 18.642711156583047, 54.409716740558821 ], [ 18.6427111420766, 54.409716739298354 ], [ 18.642711127430431, 54.409716738847976 ], [ 18.638262346671709, 54.409703497316848 ], [ 18.638262332018432, 54.409703497680034 ], [ 18.638262317490689, 54.409703498854086 ], [ 18.638262303220053, 54.409703500828336 ], [ 18.638262289335753, 54.409703503584907 ], [ 18.638262275963534, 54.409703507098854 ], [ 18.63826226322449, 54.409703511338328 ], [ 18.638262251233989, 54.409703516264983 ], [ 18.638262240100627, 54.409703521834146 ], [ 18.638262229925218, 54.409703527995447 ], [ 18.638262220799916, 54.409703534693001 ], [ 18.638262212807369, 54.409703541866229 ], [ 18.63601787687033, 54.411944267005694 ], [ 18.636017874922153, 54.411944268753942 ], [ 18.636017871350624, 54.41194426884239 ], [ 18.631568767445902, 54.411930780154869 ], [ 18.631568752791772, 54.411930780517245 ], [ 18.631568738263059, 54.411930781690486 ], [ 18.631568723991329, 54.411930783663948 ], [ 18.631568710105832, 54.411930786419759 ], [ 18.631568696732312, 54.411930789932931 ], [ 18.631568683991894, 54.411930794171717 ], [ 18.631568671999947, 54.411930799097682 ], [ 18.631568660865071, 54.411930804666234 ], [ 18.631568650688106, 54.411930810826973 ], [ 18.631568641561223, 54.411930817524045 ], [ 18.63156863356707, 54.41193082469681 ], [ 18.629323811017219, 54.414171423860736 ], [ 18.629323809068651, 54.414171425608878 ], [ 18.62932380549692, 54.414171425697127 ], [ 18.624874463825677, 54.414157690065608 ], [ 18.624874449170704, 54.414157690427167 ], [ 18.624874434641015, 54.414157691599591 ], [ 18.62487442036819, 54.414157693572264 ], [ 18.624874406481496, 54.414157696327287 ], [ 18.624874393106687, 54.414157699839741 ], [ 18.62487438036489, 54.414157704077809 ], [ 18.624874368371483, 54.414157709003113 ], [ 18.6248743572351, 54.414157714571033 ], [ 18.624874347056586, 54.414157720731197 ], [ 18.624874337928123, 54.414157727427742 ], [ 18.624874329932364, 54.414157734600074 ], [ 18.622629020704878, 54.416398207737785 ], [ 18.622629018755926, 54.416398209485813 ], [ 18.622629015183982, 54.416398209573877 ], [ 18.618179435815211, 54.416384226958378 ], [ 18.618179421159383, 54.416384227319142 ], [ 18.61817940662872, 54.416384228490756 ], [ 18.618179392354808, 54.416384230462633 ], [ 18.618179378466913, 54.41638423321691 ], [ 18.618179365090807, 54.416384236728604 ], [ 18.618179352347628, 54.416384240965954 ], [ 18.618179340352771, 54.416384245890576 ], [ 18.618179329214883, 54.416384251457899 ], [ 18.618179319034812, 54.416384257617466 ], [ 18.618179309904761, 54.416384264313521 ], [ 18.618179301907407, 54.416384271485398 ], [ 18.615933549004755, 54.418624575586186 ], [ 18.615933542211739, 54.418624583168835 ], [ 18.615933536685411, 54.418624591093703 ], [ 18.615933532475808, 54.418624599289039 ], [ 18.615933529621067, 54.418624607680648 ], [ 18.615933528147032, 54.418624616192496 ], [ 18.615933528067064, 54.418624624747522 ], [ 18.61593352938187, 54.41862463326823 ], [ 18.615933532079556, 54.418624641677489 ], [ 18.615933536135682, 54.41862464989913 ], [ 18.615933541513524, 54.418624657858665 ], [ 18.615933548164371, 54.418624665484039 ], [ 18.618137569218671, 54.420879118403029 ], [ 18.618137570839814, 54.420879120261453 ], [ 18.618137569184217, 54.420879122109547 ], [ 18.615891480966141, 54.423119509274777 ], [ 18.615891479016582, 54.423119511022684 ], [ 18.615891475444037, 54.423119511110542 ], [ 18.611441171572654, 54.423105279126119 ], [ 18.611441156914378, 54.423105279486073 ], [ 18.611441142381146, 54.423105280656856 ], [ 18.61144112810457, 54.423105282627908 ], [ 18.61144111421396, 54.423105285381403 ], [ 18.611441100835091, 54.423105288892366 ], [ 18.611441088089126, 54.423105293129012 ], [ 18.611441076091506, 54.423105298052945 ], [ 18.611441064950878, 54.423105303619614 ], [ 18.611441054768132, 54.423105309778627 ], [ 18.611441045635484, 54.42310531647415 ], [ 18.611441037635647, 54.423105323645565 ], [ 18.609194505543861, 54.425345541701653 ], [ 18.609194503593915, 54.42534554344946 ], [ 18.609194500021164, 54.425345543537127 ], [ 18.60474395852561, 54.425331064448116 ], [ 18.604743943866481, 54.425331064807231 ], [ 18.604743929332273, 54.42533106597724 ], [ 18.604743915054613, 54.425331067947489 ], [ 18.604743901162795, 54.425331070700203 ], [ 18.604743887782632, 54.425331074210405 ], [ 18.604743875035297, 54.42533107844632 ], [ 18.604743863036227, 54.425331083369628 ], [ 18.604743851894085, 54.425331088935678 ], [ 18.604743841709784, 54.425331095094094 ], [ 18.604743832575551, 54.425331101789105 ], [ 18.604743824574104, 54.425331108960073 ], [ 18.60249680547653, 54.427571200817098 ], [ 18.602496803526186, 54.427571202564778 ], [ 18.602496799953233, 54.427571202652246 ], [ 18.598046020902665, 54.427556476418694 ], [ 18.598046006242686, 54.427556476777006 ], [ 18.598045991707497, 54.42755647794619 ], [ 18.59804597742875, 54.427556479915658 ], [ 18.598045963535732, 54.427556482667597 ], [ 18.598045950154273, 54.427556486177068 ], [ 18.598045937405558, 54.427556490412272 ], [ 18.598045925405032, 54.427556495334905 ], [ 18.598045914261384, 54.42755650090033 ], [ 18.59804590407553, 54.427556507058185 ], [ 18.598045894939705, 54.427556513752677 ], [ 18.598045886936664, 54.427556520923211 ], [ 18.595798423868604, 54.429796443577708 ], [ 18.595798417070014, 54.429796451159184 ], [ 18.595798411538293, 54.429796459083114 ], [ 18.595798407323521, 54.429796467277747 ], [ 18.595798404463885, 54.429796475668844 ], [ 18.595798402985267, 54.429796484180414 ], [ 18.595798402901064, 54.429796492735406 ], [ 18.59579840421204, 54.429796501256305 ], [ 18.595798406906326, 54.429796509665991 ], [ 18.59579841095951, 54.429796517888278 ], [ 18.595798416334894, 54.429796525848687 ], [ 18.595798422983798, 54.429796533475177 ], [ 18.59800193337902, 54.432051348669148 ], [ 18.598001934999694, 54.432051350527843 ], [ 18.598001933342733, 54.432051352375652 ], [ 18.595754134422783, 54.434291358017553 ], [ 18.595754132471829, 54.43429135976514 ], [ 18.595754128898285, 54.434291359852409 ], [ 18.591302539798605, 54.434276383677698 ], [ 18.591302536227026, 54.434276383566406 ], [ 18.591302534310806, 54.434276381805802 ], [ 18.589099273634282, 54.43202144569797 ], [ 18.589099265772827, 54.432021438474102 ], [ 18.589099256769138, 54.43202143171856 ], [ 18.589099246704741, 54.432021425492607 ], [ 18.589099235670783, 54.432021419852575 ], [ 18.589099223767196, 54.432021414849544 ], [ 18.589099211101775, 54.432021410528833 ], [ 18.589099197789224, 54.432021406929579 ], [ 18.589099183950104, 54.432021404084374 ], [ 18.589099169709733, 54.43202140201894 ], [ 18.58909915519709, 54.432021400752049 ], [ 18.589099140543592, 54.432021400295127 ], [ 18.584647886590737, 54.432006179649576 ], [ 18.584647883019372, 54.432006179538099 ], [ 18.584647881103542, 54.432006177777396 ], [ 18.582445107626942, 54.429751120335212 ], [ 18.582445099767092, 54.429751113110896 ], [ 18.582445090764999, 54.429751106354878 ], [ 18.582445080702165, 54.429751100128343 ], [ 18.582445069669735, 54.42975109448772 ], [ 18.582445057767622, 54.429751089484029 ], [ 18.582445045103601, 54.429751085162628 ], [ 18.582445031792375, 54.429751081562628 ], [ 18.582445017954477, 54.429751078716663 ], [ 18.58244500371524, 54.429751076650462 ], [ 18.582444989203601, 54.429751075382775 ], [ 18.582444974550992, 54.429751074925036 ], [ 18.577993970448478, 54.429735609564204 ], [ 18.57799396687733, 54.429735609452536 ], [ 18.577993964961891, 54.429735607691711 ], [ 18.575791678615904, 54.42748042896573 ], [ 18.575791670757663, 54.427480421740981 ], [ 18.575791661757155, 54.427480414984487 ], [ 18.575791651695887, 54.427480408757397 ], [ 18.575791640664988, 54.427480403116142 ], [ 18.575791628764343, 54.427480398111804 ], [ 18.575791616101728, 54.427480393789693 ], [ 18.575791602791817, 54.427480390188975 ], [ 18.575791588955152, 54.427480387342236 ], [ 18.575791574717037, 54.42748038527526 ], [ 18.575791560206419, 54.427480384006749 ], [ 18.575791545554697, 54.427480383548229 ], [ 18.571340791367142, 54.427464673513285 ], [ 18.571340787796213, 54.427464673401381 ], [ 18.571340785881166, 54.427464671640486 ], [ 18.569138986596446, 54.425209371681241 ], [ 18.569138978739808, 54.425209364456066 ], [ 18.569138969740887, 54.42520935769906 ], [ 18.569138959681194, 54.425209351471416 ], [ 18.569138948651812, 54.425209345829558 ], [ 18.569138936752644, 54.425209340824573 ], [ 18.569138924091426, 54.425209336501766 ], [ 18.569138910782836, 54.42520933290033 ], [ 18.569138896947404, 54.425209330052816 ], [ 18.569138882710416, 54.425209327985051 ], [ 18.569138868200806, 54.425209326715759 ], [ 18.569138853549976, 54.425209326256436 ], [ 18.564688434683848, 54.425193371896036 ], [ 18.564688420024446, 54.425193372250277 ], [ 18.564688405489179, 54.425193373415468 ], [ 18.564688391209668, 54.425193375380992 ], [ 18.564688377315242, 54.425193378129087 ], [ 18.564688363931726, 54.425193381634834 ], [ 18.564688351180322, 54.42519338586655 ], [ 18.564688339176509, 54.425193390785843 ], [ 18.564688328029, 54.425193396348199 ], [ 18.564688317838748, 54.425193402503233 ], [ 18.564688308698027, 54.425193409195209 ], [ 18.564688300689635, 54.425193416363506 ], [ 18.562439108747441, 54.42743275902712 ], [ 18.562439106795399, 54.42743276077416 ], [ 18.562439103222381, 54.42743276086042 ], [ 18.55798827672244, 54.427416558621879 ], [ 18.557988273151558, 54.427416558509599 ], [ 18.557988271237083, 54.427416556748476 ], [ 18.555787209055268, 54.425161014826962 ], [ 18.555787201200992, 54.425161007600913 ], [ 18.555787192204289, 54.42516100084292 ], [ 18.555787182146631, 54.425160994614174 ], [ 18.55578717111911, 54.425160988971122 ], [ 18.555787159221584, 54.425160983964815 ], [ 18.555787146561801, 54.425160979640609 ], [ 18.555787133254405, 54.425160976037702 ], [ 18.555787119419922, 54.42516097318866 ], [ 18.555787105183629, 54.425160971119332 ], [ 18.555787090674457, 54.425160969848442 ], [ 18.555787076023801, 54.425160969387477 ], [ 18.551336585048332, 54.425144522867193 ], [ 18.55133658147766, 54.425144522754728 ], [ 18.551336579563579, 54.425144520993506 ], [ 18.549136004368734, 54.422888857970676 ], [ 18.549135996516064, 54.422888850744201 ], [ 18.549135987520955, 54.422888843985703 ], [ 18.549135977464864, 54.42288883775641 ], [ 18.549135966438868, 54.422888832112726 ], [ 18.549135954542809, 54.422888827105794 ], [ 18.54913594188443, 54.422888822780891 ], [ 18.549135928578359, 54.422888819177238 ], [ 18.549135914745104, 54.422888816327443 ], [ 18.549135900509938, 54.422888814257327 ], [ 18.549135886001782, 54.422888812985633 ], [ 18.549135871352011, 54.422888812523894 ], [ 18.544685715955776, 54.422872121775612 ], [ 18.544685701297045, 54.422872122127451 ], [ 18.54468568676204, 54.422872123290212 ], [ 18.544685672482402, 54.42287212525337 ], [ 18.544685658587433, 54.422872127999156 ], [ 18.544685645202982, 54.422872131502722 ], [ 18.544685632450246, 54.422872135732305 ], [ 18.544685620444739, 54.422872140649602 ], [ 18.544685609295161, 54.422872146210096 ], [ 18.544685599102497, 54.422872152363446 ], [ 18.544685589959048, 54.422872159053902 ], [ 18.544685581947626, 54.422872166220891 ], [ 18.542435429464895, 54.425111135424785 ], [ 18.542435427512121, 54.425111137171506 ], [ 18.542435423939267, 54.425111137257197 ], [ 18.537984946597948, 54.425094198890967 ], [ 18.537984931938375, 54.425094199241983 ], [ 18.537984917402397, 54.425094200403933 ], [ 18.537984903121661, 54.42509420236631 ], [ 18.537984889225502, 54.425094205111314 ], [ 18.537984875839758, 54.425094208614119 ], [ 18.537984863085651, 54.425094212843007 ], [ 18.537984851078686, 54.425094217759643 ], [ 18.537984839927603, 54.425094223319519 ], [ 18.537984829733386, 54.4250942294723 ], [ 18.537984820588349, 54.425094236162252 ], [ 18.537984812575328, 54.425094243328765 ], [ 18.535734173110708, 54.427333085930137 ], [ 18.535734171157547, 54.427333087676736 ], [ 18.53573416758449, 54.427333087762207 ], [ 18.531283368358622, 54.427315901725585 ], [ 18.531283364787818, 54.427315901612523 ], [ 18.531283362874497, 54.427315899850967 ], [ 18.529083775478476, 54.425059874374597 ], [ 18.529083767628929, 54.425059867146835 ], [ 18.529083758636652, 54.425059860386867 ], [ 18.529083748583087, 54.425059854155904 ], [ 18.529083737559276, 54.425059848510401 ], [ 18.529083725665046, 54.425059843501479 ], [ 18.52908371300812, 54.42505983917448 ], [ 18.529083699703122, 54.425059835568625 ], [ 18.529083685870543, 54.425059832716542 ], [ 18.529083671635647, 54.425059830644059 ], [ 18.529083657127355, 54.425059829369964 ], [ 18.529083642477058, 54.425059828905773 ], [ 18.524633179171737, 54.425042398690678 ], [ 18.524633175601153, 54.425042398577396 ], [ 18.524633173688223, 54.425042396815762 ], [ 18.522434073268858, 54.422786250400939 ], [ 18.522434065420914, 54.422786243172737 ], [ 18.522434056430235, 54.422786236412271 ], [ 18.522434046378233, 54.422786230180762 ], [ 18.522434035355946, 54.422786224534661 ], [ 18.522434023463187, 54.422786219525072 ], [ 18.522434010807668, 54.422786215197405 ], [ 18.522433997503988, 54.42278621159079 ], [ 18.522433983672641, 54.422786208737953 ], [ 18.522433969438875, 54.422786206664696 ], [ 18.5224339549316, 54.422786205389798 ], [ 18.522433940282191, 54.422786204924812 ], [ 18.517983812952007, 54.42276853058501 ], [ 18.517983798293109, 54.422768530933588 ], [ 18.517983783757401, 54.422768532093166 ], [ 18.517983769476533, 54.422768534053148 ], [ 18.517983755579834, 54.422768536795871 ], [ 18.517983742193159, 54.422768540296467 ], [ 18.517983729437731, 54.42276854452323 ], [ 18.517983717429065, 54.422768549437869 ], [ 18.51798370627592, 54.422768554995912 ], [ 18.517983696079298, 54.422768561146995 ], [ 18.517983686931537, 54.422768567835412 ], [ 18.517983678915485, 54.42276857500061 ], [ 18.51573207973432, 54.425007043824046 ], [ 18.515732077780417, 54.425007045570325 ], [ 18.515732074207524, 54.425007045655214 ], [ 18.511281625339699, 54.42498912360103 ], [ 18.511281610679944, 54.424989123948798 ], [ 18.511281596143274, 54.424989125107544 ], [ 18.511281581861322, 54.424989127066752 ], [ 18.511281567963426, 54.424989129808694 ], [ 18.511281554575458, 54.424989133308529 ], [ 18.511281541818651, 54.424989137534574 ], [ 18.511281529808542, 54.42498914244856 ], [ 18.511281518653892, 54.42498914800597 ], [ 18.51128150845571, 54.424989154156471 ], [ 18.51128149930636, 54.424989160844405 ], [ 18.511281491288706, 54.424989168009134 ], [ 18.509029405136275, 54.427227510068732 ], [ 18.50902940318198, 54.427227511814912 ], [ 18.509029399608877, 54.427227511899602 ], [ 18.504578714609465, 54.427209342428554 ], [ 18.504578699948869, 54.427209342775512 ], [ 18.504578685411222, 54.427209343933455 ], [ 18.504578671128183, 54.427209345891846 ], [ 18.5045786572291, 54.427209348633028 ], [ 18.504578643839835, 54.427209352132131 ], [ 18.50457863108165, 54.427209356357473 ], [ 18.504578619070092, 54.427209361270776 ], [ 18.504578607913931, 54.427209366827533 ], [ 18.5045785977142, 54.427209372977494 ], [ 18.504578588563266, 54.427209379664902 ], [ 18.504578580544013, 54.427209386829183 ], [ 18.502326007356103, 54.42944760207417 ], [ 18.502326005401418, 54.42944760382025 ], [ 18.502326001828113, 54.429447603904741 ], [ 18.497875080766825, 54.429429186977067 ], [ 18.49787506610539, 54.429429187323201 ], [ 18.497875051566776, 54.429429188480334 ], [ 18.49787503728265, 54.429429190437958 ], [ 18.497875023382367, 54.42942919317835 ], [ 18.497875009991816, 54.429429196676693 ], [ 18.497874997232259, 54.429429200901318 ], [ 18.497874985219244, 54.429429205813946 ], [ 18.497874974061578, 54.429429211370106 ], [ 18.497874963860291, 54.429429217519498 ], [ 18.497874954707775, 54.429429224206366 ], [ 18.497874946686917, 54.429429231370214 ], [ 18.495621886399356, 54.431667319749849 ], [ 18.495621884444283, 54.431667321495823 ], [ 18.495621880870772, 54.431667321580115 ], [ 18.49117072381739, 54.431648657156025 ], [ 18.491170709155114, 54.431648657501341 ], [ 18.49117069461553, 54.43164865865765 ], [ 18.491170680330313, 54.431648660614478 ], [ 18.491170666428836, 54.431648663354103 ], [ 18.491170653036992, 54.431648666851707 ], [ 18.49117064027606, 54.4316486710756 ], [ 18.4911706282616, 54.431648675987567 ], [ 18.491170617102423, 54.431648681543109 ], [ 18.49117060689958, 54.431648687691904 ], [ 18.49117059774548, 54.431648694378282 ], [ 18.491170589723023, 54.431648701541668 ], [ 18.488917085487564, 54.433886620090952 ], [ 18.488917078668603, 54.433886627666354 ], [ 18.488917073115733, 54.433886635585345 ], [ 18.488917068879239, 54.433886643776191 ], [ 18.488917065997484, 54.433886652164702 ], [ 18.488917064496569, 54.433886660674901 ], [ 18.488917064390083, 54.433886669229757 ], [ 18.488917065678997, 54.433886677751779 ], [ 18.488917068351636, 54.433886686163788 ], [ 18.488917072383799, 54.433886694389599 ], [ 18.488917077738957, 54.433886702354719 ], [ 18.488917084368623, 54.433886709987007 ], [ 18.491114929919856, 54.43614345956248 ], [ 18.491114931535844, 54.43614346142261 ], [ 18.49111492987392, 54.436143463268934 ], [ 18.488861087898023, 54.438381464396969 ], [ 18.488861085942343, 54.438381466142822 ], [ 18.488861082368228, 54.438381466226929 ], [ 18.484409116729385, 54.438362550785151 ], [ 18.48440911315776, 54.438362550670703 ], [ 18.484409111245945, 54.438362548908408 ], [ 18.482211517070247, 54.436105678733789 ], [ 18.482211509226872, 54.436105671502993 ], [ 18.482211500239927, 54.436105664739564 ], [ 18.482211490190807, 54.436105658504729 ], [ 18.482211479170509, 54.436105652854955 ], [ 18.482211467278837, 54.436105647841451 ], [ 18.482211454623489, 54.436105643509563 ], [ 18.48221144131907, 54.436105639898543 ], [ 18.482211427486064, 54.436105637041088 ], [ 18.482211413249747, 54.436105634963091 ], [ 18.48221139873905, 54.436105633683354 ], [ 18.482211384085375, 54.436105633213494 ], [ 18.477759840620873, 54.436086474043066 ], [ 18.477759825956905, 54.436086474386755 ], [ 18.477759811415382, 54.436086475541458 ], [ 18.477759797127991, 54.436086477496701 ], [ 18.477759783224126, 54.436086480234771 ], [ 18.477759769829699, 54.436086483730868 ], [ 18.477759757066014, 54.436086487953354 ], [ 18.477759745048658, 54.436086492863971 ], [ 18.477759733886462, 54.436086498418256 ], [ 18.477759723680517, 54.4360865045659 ], [ 18.477759714523245, 54.436086511251254 ], [ 18.477759706497576, 54.436086518413745 ], [ 18.47550518452627, 54.438324225892693 ], [ 18.475505182570025, 54.438324227638333 ], [ 18.475505178995896, 54.438324227722042 ], [ 18.471053314385362, 54.438304820570089 ], [ 18.471053299720548, 54.438304820912954 ], [ 18.471053285178055, 54.438304822066847 ], [ 18.47105327088958, 54.438304824021287 ], [ 18.471053256984526, 54.438304826758582 ], [ 18.471053243588806, 54.438304830253941 ], [ 18.471053230823742, 54.438304834475701 ], [ 18.471053218804936, 54.438304839385637 ], [ 18.471053207641233, 54.438304844939324 ], [ 18.471053197433733, 54.438304851086414 ], [ 18.471053188274873, 54.438304857771236 ], [ 18.471053180247605, 54.438304864933251 ], [ 18.468798214164146, 54.440542402436826 ], [ 18.468798207340367, 54.440542410011069 ], [ 18.468798201782715, 54.440542417929123 ], [ 18.46879819754151, 54.440542426119222 ], [ 18.468798194655175, 54.440542434507236 ], [ 18.468798193149841, 54.440542443017186 ], [ 18.468798193039145, 54.440542451571993 ], [ 18.468798194324076, 54.440542460094214 ], [ 18.468798196993014, 54.440542468506642 ], [ 18.468798201021784, 54.440542476733114 ], [ 18.46879820637389, 54.440542484699108 ], [ 18.468798213000881, 54.440542492332497 ], [ 18.470995304023479, 54.442799603672405 ], [ 18.470995305638812, 54.442799605532791 ], [ 18.470995303975709, 54.442799607378831 ], [ 18.468739999693653, 54.445037227383779 ], [ 18.468739997736797, 54.445037229129319 ], [ 18.468739994162071, 54.445037229212815 ], [ 18.464287406351861, 54.445017571165472 ], [ 18.464287391684596, 54.445017571507542 ], [ 18.464287377139541, 54.445017572660618 ], [ 18.46428736284841, 54.445017574614219 ], [ 18.464287348940626, 54.445017577350754 ], [ 18.464287335542146, 54.445017580845345 ], [ 18.4642873227743, 54.445017585066374 ], [ 18.46428731075272, 54.445017589975642 ], [ 18.464287299586271, 54.445017595528668 ], [ 18.464287289376088, 54.445017601675183 ], [ 18.464287280214624, 54.445017608359457 ], [ 18.464287272184851, 54.445017615521039 ], [ 18.462031523592639, 54.447255065478068 ], [ 18.462031521635392, 54.44725506722348 ], [ 18.46203151806046, 54.447255067306777 ], [ 18.457578609157373, 54.447235161140036 ], [ 18.457578605585056, 54.4472351610248 ], [ 18.457578603673991, 54.4472351592621 ], [ 18.455382016340778, 54.444977806801106 ], [ 18.455382008500454, 54.444977799568598 ], [ 18.455381999516014, 54.444977792803165 ], [ 18.455381989468822, 54.44497778656612 ], [ 18.455381978449861, 54.444977780913923 ], [ 18.455381966558924, 54.444977775897762 ], [ 18.455381953903689, 54.444977771563074 ], [ 18.455381940598784, 54.444977767949119 ], [ 18.45538192676468, 54.444977765088581 ], [ 18.455381912526676, 54.444977763007429 ], [ 18.455381898013695, 54.444977761724481 ], [ 18.455381883357184, 54.444977761251337 ], [ 18.45092931181934, 54.444957611010587 ], [ 18.450929308247247, 54.444957610895131 ], [ 18.450929306336565, 54.444957609132317 ], [ 18.448733206551495, 54.442700136093201 ], [ 18.448733198712787, 54.44270012886026 ], [ 18.448733189729936, 54.442700122094358 ], [ 18.448733179684311, 54.442700115856759 ], [ 18.448733168666884, 54.442700110203951 ], [ 18.448733156777418, 54.44270010518715 ], [ 18.448733144123597, 54.442700100851766 ], [ 18.448733130820013, 54.442700097237079 ], [ 18.44873311698715, 54.442700094375788 ], [ 18.448733102750268, 54.442700092293855 ], [ 18.448733088238313, 54.442700091010089 ], [ 18.448733073582698, 54.44270009053615 ], [ 18.444280754087618, 54.442679695882596 ], [ 18.444280750515738, 54.442679695766962 ], [ 18.444280748605447, 54.442679694004063 ], [ 18.442085136298392, 54.440422100437353 ], [ 18.442085128461287, 54.440422093203971 ], [ 18.442085119480033, 54.440422086437565 ], [ 18.442085109435975, 54.440422080199411 ], [ 18.442085098420076, 54.440422074546007 ], [ 18.442085086532085, 54.440422069528537 ], [ 18.442085073879671, 54.440422065192458 ], [ 18.442085060577419, 54.440422061577046 ], [ 18.442085046745788, 54.440422058715001 ], [ 18.442085032510036, 54.440422056632279 ], [ 18.442085017999101, 54.440422055347732 ], [ 18.442085003344385, 54.440422054872968 ], [ 18.437632935955993, 54.440401415848051 ], [ 18.437632932384325, 54.440401415732218 ], [ 18.437632930474429, 54.440401413969205 ], [ 18.435437763484277, 54.438143656631581 ], [ 18.435437761870741, 54.438143654770727 ], [ 18.435437763535244, 54.438143652925184 ], [ 18.437694497152368, 54.435906655470632 ], [ 18.437694499110108, 54.435906653725603 ], [ 18.437694502684092, 54.435906653643009 ], [ 18.442146082731647, 54.435927289266587 ], [ 18.442146097395828, 54.435927288927196 ], [ 18.442146111938264, 54.435927287776813 ], [ 18.442146126227264, 54.435927285825791 ], [ 18.442146140133417, 54.435927283091821 ], [ 18.4421461535308, 54.435927279599674 ], [ 18.442146166298073, 54.435927275380955 ], [ 18.442146178319611, 54.435927270473904 ], [ 18.442146189486561, 54.43592726492291 ], [ 18.442146199697781, 54.435927258778271 ], [ 18.442146208860791, 54.435927252095659 ], [ 18.442146216892624, 54.435927244935534 ], [ 18.444402419959733, 54.433690163116381 ], [ 18.444402421917079, 54.433690161371239 ], [ 18.444402425490861, 54.433690161288482 ], [ 18.448853770298005, 54.433710549220372 ], [ 18.448853784961337, 54.433710548880171 ], [ 18.44885379950281, 54.433710547728957 ], [ 18.448853813790723, 54.433710545777153 ], [ 18.448853827695686, 54.433710543042409 ], [ 18.448853841091772, 54.433710539549516 ], [ 18.448853853857671, 54.433710535330071 ], [ 18.448853865877766, 54.433710530422346 ], [ 18.448853877043206, 54.43371052487074 ], [ 18.44885388725287, 54.433710518725526 ], [ 18.448853896414299, 54.433710512042381 ], [ 18.44885390444453, 54.433710504881809 ], [ 18.451109577048911, 54.431473338754536 ], [ 18.451109583874427, 54.43147333118128 ], [ 18.451109589434246, 54.431473323264065 ], [ 18.451109593678023, 54.431473315074562 ], [ 18.451109596567321, 54.431473306686982 ], [ 18.45110959807597, 54.431473298177238 ], [ 18.451109598190325, 54.43147328962241 ], [ 18.451109596909326, 54.431473281100011 ], [ 18.451109594244599, 54.431473272687199 ], [ 18.451109590220256, 54.431473264460138 ], [ 18.45110958487275, 54.431473256493341 ], [ 18.451109578250509, 54.431473248858993 ], [ 18.448914184593324, 54.42921577571385 ], [ 18.448914182979522, 54.429215773853166 ], [ 18.448914184643058, 54.429215772007431 ], [ 18.451169648672455, 54.426978559605281 ], [ 18.451169655497203, 54.426978552032011 ], [ 18.451169661056401, 54.426978544114789 ], [ 18.451169665299691, 54.426978535925272 ], [ 18.451169668188658, 54.426978527537671 ], [ 18.451169669697126, 54.426978519027934 ], [ 18.451169669811442, 54.426978510473134 ], [ 18.451169668530575, 54.426978501950714 ], [ 18.451169665866114, 54.426978493537902 ], [ 18.451169661842194, 54.426978485310826 ], [ 18.451169656495257, 54.426978477344051 ], [ 18.451169649873723, 54.426978469709688 ], [ 18.448974533554757, 54.42472103981779 ], [ 18.448974525719411, 54.424721032584834 ], [ 18.448974516740439, 54.424721025818947 ], [ 18.448974506699152, 54.424721019581348 ], [ 18.448974495686496, 54.424721013928547 ], [ 18.448974483802189, 54.424721008911774 ], [ 18.448974471153868, 54.424721004576405 ], [ 18.448974457856082, 54.424721000961753 ], [ 18.448974444029243, 54.424720998100504 ], [ 18.448974429798579, 54.4247209960186 ], [ 18.448974415292962, 54.424720994734884 ], [ 18.448974400643756, 54.424720994260987 ], [ 18.444524029988671, 54.424700613047804 ], [ 18.44452402641835, 54.424700612932163 ], [ 18.444524024508887, 54.42470061116925 ], [ 18.442329353035849, 54.422443017539308 ], [ 18.442329345202104, 54.422443010305933 ], [ 18.44232933622472, 54.422443003539534 ], [ 18.442329326185003, 54.422442997301388 ], [ 18.442329315173872, 54.422442991647998 ], [ 18.442329303291043, 54.422442986630557 ], [ 18.442329290644132, 54.42244298229452 ], [ 18.442329277347664, 54.422442978679115 ], [ 18.442329263522065, 54.422442975817127 ], [ 18.442329249292531, 54.42244297373442 ], [ 18.44232923478793, 54.422442972449922 ], [ 18.442329220139623, 54.422442971975222 ], [ 18.437879101310806, 54.422422346551301 ], [ 18.437879097740705, 54.422422346435482 ], [ 18.437879095831633, 54.422422344672469 ], [ 18.435684869157743, 54.420164587349532 ], [ 18.435684867544897, 54.420164585488678 ], [ 18.435684869208654, 54.420164583643128 ], [ 18.437940594825584, 54.41792757252226 ], [ 18.437940596782447, 54.417927570777223 ], [ 18.437940600354867, 54.417927570694616 ], [ 18.442390232378532, 54.417948192720146 ], [ 18.442390247036286, 54.417948192380734 ], [ 18.442390261572346, 54.41794819123028 ], [ 18.442390275855075, 54.417948189279187 ], [ 18.442390289755121, 54.417948186545189 ], [ 18.442390303146603, 54.417948183052999 ], [ 18.442390315908252, 54.41794817883423 ], [ 18.442390327924493, 54.417948173927101 ], [ 18.442390339086501, 54.417948168376071 ], [ 18.442390349293195, 54.417948162231383 ], [ 18.442390358452137, 54.417948155548714 ], [ 18.442390366480389, 54.417948148388547 ], [ 18.444645518859421, 54.415711095885669 ], [ 18.444645525683494, 54.41571108831274 ], [ 18.444645531242397, 54.415711080395809 ], [ 18.444645535485812, 54.415711072206513 ], [ 18.444645538375298, 54.415711063819053 ], [ 18.444645539884693, 54.415711055309366 ], [ 18.444645540000316, 54.415711046754566 ], [ 18.444645538721133, 54.415711038232061 ], [ 18.444645536058729, 54.415711029819072 ], [ 18.4446455320372, 54.41571102159179 ], [ 18.444645526692984, 54.415711013624723 ], [ 18.444645520074463, 54.415711005989976 ], [ 18.442451360713331, 54.413453455616448 ], [ 18.442451352881275, 54.413453448383073 ], [ 18.442451343905827, 54.413453441616696 ], [ 18.442451333868274, 54.41345343537855 ], [ 18.442451322859529, 54.413453429725159 ], [ 18.442451310979276, 54.413453424707747 ], [ 18.442451298335111, 54.413453420371695 ], [ 18.442451285041543, 54.413453416756312 ], [ 18.44245127121895, 54.413453413894331 ], [ 18.442451256992523, 54.413453411811673 ], [ 18.442451242491089, 54.413453410527183 ], [ 18.442451227845982, 54.413453410052497 ], [ 18.438002082493675, 54.41343279142464 ], [ 18.438002078924359, 54.413432791308821 ], [ 18.438002077015696, 54.413432789545787 ], [ 18.435808320117289, 54.411175032227483 ], [ 18.435808318504787, 54.411175030366635 ], [ 18.435808320168171, 54.411175028521058 ], [ 18.438063498963004, 54.408938053464944 ], [ 18.438063505787149, 54.408938045892391 ], [ 18.4380635113464, 54.408938037975723 ], [ 18.438063515590414, 54.408938029786668 ], [ 18.438063518480753, 54.408938021399365 ], [ 18.438063519991253, 54.408938012889763 ], [ 18.438063520108219, 54.408938004334928 ], [ 18.438063518830603, 54.40893799581238 ], [ 18.438063516169976, 54.408937987399241 ], [ 18.438063512150421, 54.408937979171725 ], [ 18.438063506808351, 54.408937971204359 ], [ 18.43806350019214, 54.408937963569265 ], [ 18.435870020149899, 54.406680249545623 ], [ 18.435870018537571, 54.406680247684747 ], [ 18.435870020200767, 54.406680245839198 ], [ 18.438124990553284, 54.404443224471635 ], [ 18.43812499250949, 54.404443222726613 ], [ 18.438124996080745, 54.404443222643998 ], [ 18.442573253788787, 54.404463834872459 ], [ 18.442573257357338, 54.404463834988142 ], [ 18.442573259265789, 54.404463836751084 ], [ 18.444766990921142, 54.406721430452265 ], [ 18.444766998752335, 54.406721437685484 ], [ 18.4447670077267, 54.406721444451712 ], [ 18.444767017762967, 54.406721450689652 ], [ 18.444767028770233, 54.406721456342837 ], [ 18.444767040648838, 54.406721461360036 ], [ 18.44476705329118, 54.406721465695838 ], [ 18.444767066582788, 54.406721469310966 ], [ 18.444767080403281, 54.406721472172677 ], [ 18.444767094627498, 54.406721474255079 ], [ 18.444767109126634, 54.406721475539278 ], [ 18.44476712376937, 54.406721476013672 ], [ 18.44921546242443, 54.406741843406103 ], [ 18.449215477078141, 54.406741843065838 ], [ 18.449215491610051, 54.40674184191456 ], [ 18.44921550588856, 54.406741839962677 ], [ 18.449215519784367, 54.406741837227841 ], [ 18.449215533171618, 54.406741833734884 ], [ 18.449215545929079, 54.406741829515383 ], [ 18.449215557941223, 54.40674182460755 ], [ 18.449215569099259, 54.406741819055867 ], [ 18.449215579302145, 54.406741812910582 ], [ 18.449215588457474, 54.406741806227373 ], [ 18.449215596482336, 54.406741799066729 ], [ 18.451469802394652, 54.404504569792905 ], [ 18.4514698043503, 54.404504568047642 ], [ 18.451469807921526, 54.404504567964651 ], [ 18.455918082248612, 54.404524688726724 ], [ 18.45591808581721, 54.404524688842017 ], [ 18.455918087726232, 54.404524690604759 ], [ 18.458112557204327, 54.406782043569734 ], [ 18.458112565037883, 54.406782050802107 ], [ 18.458112574014468, 54.406782057567334 ], [ 18.458112584052781, 54.406782063804187 ], [ 18.458112595061912, 54.406782069456149 ], [ 18.458112606942166, 54.406782074472041 ], [ 18.458112619585943, 54.406782078806437 ], [ 18.458112632878755, 54.406782082420108 ], [ 18.458112646700201, 54.406782085280298 ], [ 18.458112660925138, 54.40678208736113 ], [ 18.458112675424712, 54.406782088643737 ], [ 18.45811269006764, 54.406782089116511 ], [ 18.462561045143691, 54.406801965018929 ], [ 18.46256105979732, 54.406801964677044 ], [ 18.462561074328892, 54.406801963524146 ], [ 18.462561088606797, 54.406801961570679 ], [ 18.462561102501745, 54.406801958834336 ], [ 18.46256111588789, 54.406801955339873 ], [ 18.462561128644015, 54.406801951118958 ], [ 18.462561140654589, 54.406801946209811 ], [ 18.462561151810849, 54.406801940656884 ], [ 18.46256116201176, 54.406801934510469 ], [ 18.462561171164932, 54.406801927826244 ], [ 18.462561179187492, 54.406801920664712 ], [ 18.464814620482279, 54.404564483614436 ], [ 18.464814627300772, 54.404564476040356 ], [ 18.464814632854281, 54.404564468122459 ], [ 18.46481463709252, 54.404564459932423 ], [ 18.464814639977089, 54.404564451544452 ], [ 18.46481464148188, 54.404564443034502 ], [ 18.464814641593268, 54.404564434479632 ], [ 18.464814640310227, 54.404564425957354 ], [ 18.464814637644395, 54.404564417544783 ], [ 18.464814633619905, 54.404564409318127 ], [ 18.464814628273206, 54.404564401351905 ], [ 18.464814621652717, 54.40456439371831 ], [ 18.462619942975774, 54.402307204413425 ], [ 18.462619935142268, 54.402307197181337 ], [ 18.462619926165907, 54.402307190416437 ], [ 18.462619916128002, 54.402307184179975 ], [ 18.462619905119439, 54.40230717852841 ], [ 18.462619893239928, 54.402307173512959 ], [ 18.462619880597039, 54.402307169179025 ], [ 18.462619867305271, 54.402307165565865 ], [ 18.462619853485009, 54.40230716270618 ], [ 18.462619839261396, 54.402307160625909 ], [ 18.462619824763244, 54.402307159343835 ], [ 18.462619810121861, 54.402307158871587 ], [ 18.45817185608982, 54.402287285860858 ], [ 18.45817185252141, 54.402287285745622 ], [ 18.458171850612388, 54.402287283982922 ], [ 18.455977616127143, 54.400029930960585 ], [ 18.455977608295239, 54.400029923728077 ], [ 18.455977599320473, 54.40002991696268 ], [ 18.455977589284128, 54.400029910725657 ], [ 18.455977578277089, 54.400029905073488 ], [ 18.455977566399053, 54.400029900057376 ], [ 18.455977553757567, 54.400029895722746 ], [ 18.455977540467128, 54.400029892108876 ], [ 18.455977526648088, 54.400029889248444 ], [ 18.455977512425601, 54.400029887167342 ], [ 18.455977497928473, 54.400029885884507 ], [ 18.455977483287981, 54.400029885411463 ], [ 18.451529780534955, 54.400009768348134 ], [ 18.451529776966758, 54.400009768232707 ], [ 18.451529775058127, 54.400009766469893 ], [ 18.449336026782532, 54.397752293064343 ], [ 18.449336018952231, 54.397752285831388 ], [ 18.449336009979056, 54.397752279065514 ], [ 18.449335999944278, 54.397752272827937 ], [ 18.44933598893877, 54.397752267175157 ], [ 18.449335977062194, 54.397752262158427 ], [ 18.449335964422119, 54.397752257823086 ], [ 18.449335951133001, 54.397752254208477 ], [ 18.449335937315197, 54.397752251347285 ], [ 18.449335923093841, 54.397752249265416 ], [ 18.449335908597721, 54.397752247981785 ], [ 18.449335893958125, 54.397752247507931 ], [ 18.44488844254785, 54.397731886433284 ], [ 18.44488843897987, 54.397731886317665 ], [ 18.444888437071636, 54.39773188455478 ], [ 18.442695132880591, 54.395474247524895 ], [ 18.442695131268398, 54.395474245664118 ], [ 18.442695132930826, 54.395474243818448 ], [ 18.4449490708258, 54.393237131446568 ], [ 18.444949077646054, 54.39323712387359 ], [ 18.444949083201834, 54.393237115956602 ], [ 18.444949087442836, 54.393237107767241 ], [ 18.444949090330653, 54.393237099379753 ], [ 18.444949091839121, 54.393237090870031 ], [ 18.444949091954594, 54.39323708231521 ], [ 18.444949090676015, 54.393237073792662 ], [ 18.444949088014965, 54.393237065379672 ], [ 18.444949083995553, 54.393237057152348 ], [ 18.444949078654158, 54.393237049185274 ], [ 18.444949072039179, 54.393237041550542 ], [ 18.442756086625256, 54.390979491083293 ], [ 18.442756078797391, 54.390979483849932 ], [ 18.442756069826775, 54.39097947708354 ], [ 18.442756059794643, 54.390979470845423 ], [ 18.44275604879185, 54.390979465192068 ], [ 18.442756036918034, 54.39097946017467 ], [ 18.442756024280733, 54.390979455838654 ], [ 18.442756010994376, 54.39097945222332 ], [ 18.442755997179312, 54.390979449361375 ], [ 18.442755982960634, 54.390979447278738 ], [ 18.442755968467115, 54.390979445994319 ], [ 18.442755953830005, 54.390979445519676 ], [ 18.438309239829312, 54.390958843868987 ], [ 18.438309236261944, 54.390958843753182 ], [ 18.4383092343543, 54.390958841990162 ], [ 18.436116692821425, 54.388701127969256 ], [ 18.436116684995159, 54.388701120735462 ], [ 18.436116676026138, 54.388701113968587 ], [ 18.43611666599557, 54.388701107729922 ], [ 18.436116654994301, 54.388701102075956 ], [ 18.436116643121952, 54.38870109705789 ], [ 18.436116630486051, 54.388701092721192 ], [ 18.436116617201023, 54.38870108910514 ], [ 18.436116603387191, 54.388701086242428 ], [ 18.436116589169643, 54.388701084159031 ], [ 18.436116574677133, 54.388701082873787 ], [ 18.436116560040919, 54.388701082398349 ], [ 18.431670097440421, 54.388680236859038 ], [ 18.431670093873269, 54.388680236743035 ], [ 18.431670091966019, 54.388680234979923 ], [ 18.429477994267515, 54.386422357450364 ], [ 18.42947799265627, 54.386422355589417 ], [ 18.429477994318926, 54.386422353743917 ], [ 18.43173214981622, 54.38418548525982 ], [ 18.431732156637384, 54.384185477687581 ], [ 18.431732162194475, 54.384185469771182 ], [ 18.431732166437158, 54.384185461582291 ], [ 18.431732169327017, 54.384185453195101 ], [ 18.431732170837876, 54.384185444685542 ], [ 18.431732170956053, 54.384185436130707 ], [ 18.431732169680483, 54.384185427608053 ], [ 18.431732167022709, 54.384185419194736 ], [ 18.43173216300681, 54.384185410966992 ], [ 18.431732157669149, 54.384185402999307 ], [ 18.431732151058068, 54.384185395363851 ], [ 18.429540329732262, 54.38192756114843 ], [ 18.429540328121181, 54.381927559287476 ], [ 18.429540329783659, 54.38192755744199 ] ] ] } }
]
}
