hex_id,population,single_par,income_idx,hh_single,hh_size,osiedle
0,21.99,13.5,3124.9,15.4,2.73,
1,100.96,13.5851,3124.9,15.6288,2.7291,
2,709.29,15.5454,3124.9,19.8503,2.6757,Bałuty Zachodnie
3,0.33,19.2,3124.9,10.8,2.95,
4,434.69,16.2565,3124.9,23.0981,2.7044,Bałuty Zachodnie
5,173.15,13.82,3124.9,21.0956,2.8027,Bałuty Zachodnie
6,19.73,19.1998,3124.9,10.8008,2.95,Bałuty Zachodnie
7,1.53,19.2,3124.9,10.8,2.95,
8,1.41,15.6,3124.9,25.8,2.73,
9,24.43,15.6,3124.9,25.8,2.73,Bałuty Zachodnie
10,23.39,17.4293,3124.9,18.1779,2.8418,Bałuty Zachodnie
11,16.47,19.2,3124.9,10.8,2.95,Bałuty Zachodnie
12,3.01,19.2,3124.9,10.8,2.95,
13,5.92,19.2,3124.9,10.8,2.95,
14,1.6,19.2,3124.9,10.8,2.95,
15,15.72,15.6,3124.9,25.8,2.73,Bałuty Zachodnie
16,24.34,15.7437,3124.9,25.2014,2.7388,Bałuty Zachodnie
17,22.47,19.2,3124.9,10.8,2.95,Bałuty Zachodnie
18,22.05,19.2,3124.9,10.8,2.95,Bałuty Zachodnie
19,22.47,19.2,3124.9,10.8,2.95,Bałuty Zachodnie
20,17.06,19.2,3124.9,10.8,2.95,Bałuty Zachodnie
21,0.53,15.3,3056.4,17.2,2.98,
22,0.59,15.3,3056.4,17.2,2.98,
23,7.09,15.6,3124.9,25.8,2.73,
24,24.43,15.6,3124.9,25.8,2.73,Bałuty Zachodnie
25,23.21,17.7554,3124.9,16.8191,2.8617,Bałuty Zachodnie
26,22.47,19.2,3124.9,10.8,2.95,Bałuty Zachodnie
27,22.47,19.2,3124.9,10.8,2.95,Bałuty Zachodnie
28,22.47,19.2,3124.9,10.8,2.95,Bałuty Zachodnie
29,2.44,19.2,3124.9,10.8,2.95,
30,1.47,12.5,3102.4,16.7,3.05,
31,0.24,12.5,3102.4,16.7,3.05,
32,0.23,21.7,3020.4,10.5,3.68,
33,0.41,21.7,3020.4,10.5,3.68,
34,0.84,15.3,3056.4,17.2,2.98,
35,14.11,15.3,3056.4,17.2,2.98,Bałuty Zachodnie
36,8.26,15.3,3056.4,17.2,2.98,Bałuty Zachodnie
37,11.54,15.531,3109.15,23.8226,2.7875,Bałuty Zachodnie
38,23.18,15.6,3124.9,25.8,2.73,Bałuty Zachodnie
39,24.43,15.6,3124.9,25.8,2.73,Bałuty Zachodnie
40,24.24,15.9247,3124.9,24.4472,2.7498,Bałuty Zachodnie
41,22.47,19.2,3124.9,10.8,2.95,Bałuty Zachodnie
42,22.47,19.2,3124.9,10.8,2.95,Bałuty Zachodnie
43,21.2,19.2,3124.9,10.8,2.95,Bałuty Zachodnie
44,11.6,19.2,3124.9,10.8,2.95,Bałuty Zachodnie
45,1.17,12.5,3102.4,16.7,3.05,
46,13.07,12.5,3102.4,16.7,3.05,Złotno
47,12.06,12.5,3102.4,16.7,3.05,Złotno
48,1.43,14.1969,3062.6915,16.5303,3.033,
49,6.85,14.5,3055.6,16.5,3.03,
50,0.0,14.5,3055.6,16.5,3.03,Złotno
51,0.54,25.0,3020.4,5.9,3.74,
52,0.03,21.7,3020.4,10.5,3.68,
53,2.17,21.7,3020.4,10.5,3.68,Lublinek-Pienista
54,0.76,21.7,3020.4,10.5,3.68,
55,1.4,21.7,3020.4,10.5,3.68,Lublinek-Pienista
56,0.02,21.7,3020.4,10.5,3.68,
57,9.46,15.3,3056.4,17.2,2.98,Bałuty Zachodnie
58,14.66,15.3,3056.4,17.2,2.98,Bałuty Zachodnie
59,8.45,15.3,3056.4,17.2,2.98,Bałuty Zachodnie
60,10.91,15.3,3056.4,17.2,2.98,Bałuty Zachodnie
61,24.79,16.1144,3102.2631,21.0246,2.8831,Bałuty Zachodnie
62,32.42,17.1479,3082.4872,15.0265,3.0829,Bałuty Zachodnie
63,34.22,17.3968,3075.6673,13.2942,3.1397,Bałuty Zachodnie
64,33.62,18.0561,3075.1698,10.4963,3.183,Bałuty Zachodnie
65,30.5,18.5509,3084.4759,9.3837,3.1565,Bałuty Zachodnie
66,4.65,18.6553,3090.98,9.6116,3.1233,
67,0.23,19.2,3124.9,10.8,2.95,
68,13.06,12.5,3102.4,16.7,3.05,Złotno
69,15.15,12.5,3102.4,16.7,3.05,Złotno
70,7.48,12.5,3102.4,16.7,3.05,
71,4.78,12.5,3102.4,16.7,3.05,
72,9.08,12.5,3102.4,16.7,3.05,Złotno
73,13.13,12.5054,3102.2727,16.6995,3.0499,Złotno
74,21.71,14.4716,3056.2654,16.5028,3.0303,Złotno
75,21.85,14.5,3055.6,16.5,3.03,Złotno
76,6.28,14.5,3055.6,16.5,3.03,
77,7.92,25.0,3020.4,5.9,3.74,Lublinek-Pienista
78,5.07,25.0,3020.4,5.9,3.74,
79,0.1,21.7,3020.4,10.5,3.68,
80,2.38,21.7,3020.4,10.5,3.68,Lublinek-Pienista
81,2.77,21.7,3020.4,10.5,3.68,Lublinek-Pienista
82,2.45,21.7,3020.4,10.5,3.68,Lublinek-Pienista
83,0.07,21.7,3020.4,10.5,3.68,
84,0.11,16.7,2991.5,9.7,3.63,
85,2.72,14.3,3056.4,10.3,3.0,Bałuty Zachodnie
86,4.38,14.3,3056.4,10.3,3.0,Bałuty Zachodnie
87,4.25,14.3,3056.4,10.3,3.0,Bałuty Zachodnie
88,4.13,14.3,3056.4,10.3,3.0,Bałuty Zachodnie
89,5.24,14.6254,3056.4,12.5451,2.9935,Bałuty Zachodnie
90,14.66,15.3,3056.4,17.2,2.98,Bałuty Zachodnie
91,14.66,15.3,3056.4,17.2,2.98,Bałuty Zachodnie
92,14.66,15.3,3056.4,17.2,2.98,Bałuty Zachodnie
93,18.65,14.5199,3056.772,17.3478,3.0464,Bałuty Zachodnie
94,39.36,17.3602,3056.4,9.7739,3.2789,Bałuty Zachodnie
95,40.58,18.1,3056.4,8.4,3.3,Bałuty Zachodnie
96,41.77,19.8849,3056.4,11.3748,3.2039,Bałuty Zachodnie
97,40.79,18.4242,3056.4,8.9403,3.2825,Bałuty Zachodnie
98,40.58,18.1,3056.4,8.4,3.3,Bałuty Zachodnie
99,21.33,18.1,3056.4,8.4,3.3,
100,4.58,12.5,3102.4,16.7,3.05,
101,15.15,12.5,3102.4,16.7,3.05,Złotno
102,15.15,12.5,3102.4,16.7,3.05,Złotno
103,15.15,12.5,3102.4,16.7,3.05,Złotno
104,15.15,12.5,3102.4,16.7,3.05,Złotno
105,15.17,12.5073,3102.2301,16.6993,3.0499,Złotno
106,17.66,13.4281,3080.6815,16.6072,3.0407,Złotno
107,21.85,14.5,3055.6,16.5,3.03,Złotno
108,21.85,14.5,3055.6,16.5,3.03,Złotno
109,1.96,14.5,3055.6,16.5,3.03,
110,6.49,25.0,3020.4,5.9,3.74,Lublinek-Pienista
111,10.48,25.0,3020.4,5.9,3.74,Lublinek-Pienista
112,9.64,25.0,3020.4,5.9,3.74,Lublinek-Pienista
113,3.29,23.2094,3020.4,8.3959,3.7074,Lublinek-Pienista
114,2.77,21.7,3020.4,10.5,3.68,Lublinek-Pienista
115,1.03,21.7,3020.4,10.5,3.68,
116,1.89,16.6864,2991.7189,9.7371,3.6268,Nad Nerem
117,3.22,16.7,2991.5,9.7,3.63,Nad Nerem
118,3.35,16.7,2991.5,9.7,3.63,Nad Nerem
119,0.1,16.7,2991.5,9.7,3.63,
120,0.05,14.3,3056.4,10.3,3.0,
121,0.07,14.3,3056.4,10.3,3.0,
122,5.38,14.3,3056.4,10.3,3.0,Bałuty Zachodnie
123,5.38,14.3,3056.4,10.3,3.0,Bałuty Zachodnie
124,5.38,14.3,3056.4,10.3,3.0,Bałuty Zachodnie
125,5.38,14.3,3056.4,10.3,3.0,Bałuty Zachodnie
126,10.14,15.1596,3056.4,16.231,2.9828,Bałuty Zachodnie
127,14.66,15.3,3056.4,17.2,2.98,Bałuty Zachodnie
128,14.66,15.3,3056.4,17.2,2.98,Bałuty Zachodnie
129,16.53,14.88,3056.4,17.26,3.016,Bałuty Zachodnie
130,33.67,13.2,3056.4,17.5,3.16,Bałuty Zachodnie
131,39.7,19.2866,3056.4,15.9834,3.105,Bałuty Zachodnie
132,44.78,23.9671,3056.4,18.1786,2.9841,Bałuty Zachodnie
133,45.19,24.4747,3056.4,19.0246,2.9567,Bałuty Zachodnie
134,40.58,18.1,3056.4,8.4,3.3,Bałuty Zachodnie
135,40.58,18.1,3056.4,8.4,3.3,Bałuty Zachodnie
136,35.2,18.1,3056.4,8.4,3.3,Bałuty Zachodnie
137,0.97,18.1,3056.4,8.4,3.3,
138,12.36,12.5,3102.4,16.7,3.05,Złotno
139,15.15,12.5,3102.4,16.7,3.05,Złotno
140,15.15,12.5,3102.4,16.7,3.05,Złotno
141,15.15,12.5,3102.4,16.7,3.05,Złotno
142,19.42,13.9346,3068.8297,16.5565,3.0357,Złotno
143,21.05,14.327,3059.6476,16.5173,3.0317,Złotno
144,21.85,14.4998,3055.6049,16.5,3.03,Złotno
145,21.85,14.5,3055.6,16.5,3.03,Złotno
146,20.18,14.5,3055.6,16.5,3.03,Złotno
147,0.0,14.5,3055.6,16.5,3.03,
148,1.43,25.0,3020.4,5.9,3.74,
149,10.48,25.0,3020.4,5.9,3.74,Lublinek-Pienista
150,10.48,25.0,3020.4,5.9,3.74,Lublinek-Pienista
151,6.62,24.3074,3020.4,6.8654,3.7274,Lublinek-Pienista
152,2.77,21.7,3020.4,10.5,3.68,Lublinek-Pienista
153,2.62,21.7,3020.4,10.5,3.68,Lublinek-Pienista
154,2.45,17.2049,3020.4,13.2103,3.3693,Lublinek-Pienista
155,10.85,14.9,3020.4,14.6,3.21,Lublinek-Pienista
156,12.04,15.0027,3018.7506,14.3203,3.234,Lublinek-Pienista
157,4.15,16.7,2991.5,9.7,3.63,Nad Nerem
158,4.15,16.7,2991.5,9.7,3.63,Nad Nerem
159,4.15,16.7,2991.5,9.7,3.63,Nad Nerem
160,2.59,16.7,2991.5,9.7,3.63,Nad Nerem
161,0.23,16.7,2991.5,9.7,3.63,
162,0.26,14.3,3056.4,10.3,3.0,
163,4.16,14.3,3056.4,10.3,3.0,Bałuty Zachodnie
164,1.31,14.3,3056.4,10.3,3.0,
165,1.39,14.3,3056.4,10.3,3.0,
166,3.26,14.3,3056.4,10.3,3.0,
167,5.38,14.3,3056.4,10.3,3.0,Bałuty Zachodnie
168,5.38,14.3,3056.4,10.3,3.0,Bałuty Zachodnie
169,5.38,14.3,3056.4,10.3,3.0,Bałuty Zachodnie
170,6.14,14.4953,3056.4,11.6475,2.9961,Bałuty Zachodnie
171,14.66,15.3,3056.4,17.2,2.98,Bałuty Zachodnie
172,14.66,15.3,3056.4,17.2,2.98,Bałuty Zachodnie
173,14.79,15.2682,3056.4,17.2045,2.9827,Bałuty Zachodnie
174,32.67,13.2495,3056.4,17.4929,3.1558,Bałuty Zachodnie
175,33.57,13.2,3056.4,17.4988,3.1599,Bałuty Zachodnie
176,38.8,19.3329,3056.4,19.3833,3.0248,Bałuty Zachodnie
177,46.37,25.9,3056.4,21.4,2.88,Bałuty Zachodnie
178,39.6,18.6961,3056.4,16.8139,3.0643,Bałuty Zachodnie
179,36.21,14.1989,3056.4,14.4767,3.165,Bałuty Zachodnie
180,36.11,14.0974,3056.4,14.6348,3.1614,Bałuty Zachodnie
181,36.93,16.6217,3056.4,10.7027,3.2488,Bałuty Zachodnie
182,1.79,14.131,3056.4,14.5825,3.1626,
183,8.61,25.6,3102.4,16.3,2.97,
184,26.39,23.4306,3102.4,16.3662,2.9832,Złotno
185,15.15,12.5,3102.4,16.7,3.05,Złotno
186,15.15,12.5,3102.4,16.7,3.05,Złotno
187,15.15,12.5,3102.4,16.7,3.05,Złotno
188,16.96,13.1965,3086.1028,16.6304,3.043,Złotno
189,21.85,14.5,3055.6,16.5,3.03,Złotno
190,21.85,14.5,3055.6,16.5,3.03,Złotno
191,21.85,14.5,3055.6,16.5,3.03,Złotno
192,21.07,14.5491,3055.6,16.4491,3.0398,Złotno
193,12.66,14.838,3055.6,16.1494,3.0976,Złotno
194,8.69,25.0,3020.4,5.9,3.74,Lublinek-Pienista
195,10.48,25.0,3020.4,5.9,3.74,Lublinek-Pienista
196,7.98,24.6282,3020.4,6.4183,3.7332,Lublinek-Pienista
197,2.77,21.7,3020.4,10.5,3.68,Lublinek-Pienista
198,2.77,21.7,3020.4,10.5,3.68,Lublinek-Pienista
199,3.81,19.4239,3020.4,11.8723,3.5227,Lublinek-Pienista
200,14.66,14.9029,3020.4,14.5982,3.2102,Lublinek-Pienista
201,14.69,14.9,3020.4,14.6,3.21,Lublinek-Pienista
202,6.8,15.723,3007.1869,12.3597,3.402,Nad Nerem
203,4.15,16.7,2991.5,9.7,3.63,Nad Nerem
204,4.15,16.7,2991.5,9.7,3.63,Nad Nerem
205,4.15,16.7,2991.5,9.7,3.63,Nad Nerem
206,4.15,16.7,2991.5,9.7,3.63,Nad Nerem
207,2.5,16.7,2991.5,9.7,3.63,Nad Nerem
208,0.59,16.7,2991.5,9.7,3.63,
209,0.04,14.3,3056.4,10.3,3.0,
210,3.78,14.5782,3056.4,10.1557,3.0629,Bałuty Zachodnie
211,5.1,15.0646,3056.4,9.9036,3.1727,Bałuty Zachodnie
212,5.05,15.2236,3056.4,9.8211,3.2087,Bałuty Zachodnie
213,4.99,15.3923,3056.4,9.7336,3.2468,Bałuty Zachodnie
214,4.98,15.4332,3056.4,9.7124,3.256,Bałuty Zachodnie
215,5.38,14.3012,3056.4,10.2994,3.0003,Bałuty Zachodnie
216,5.12,15.0188,3056.4,9.9273,3.1624,Bałuty Zachodnie
217,9.71,15.0041,3056.4,15.1586,2.9859,Bałuty Zachodnie
218,14.66,15.3,3056.4,17.2,2.98,Bałuty Zachodnie
219,14.66,15.3,3056.4,17.2,2.98,Bałuty Zachodnie
220,29.81,13.4096,3056.4,17.4701,3.142,Bałuty Zachodnie
221,28.52,13.2,3056.4,17.4267,3.1551,Bałuty Zachodnie
222,5.69,13.2,3056.4,15.4983,3.0273,Bałuty Zachodnie
223,12.75,22.7129,3056.4,19.549,2.9097,Bałuty Zachodnie
224,46.08,25.9,3056.4,21.3978,2.8799,Bałuty Zachodnie
225,37.25,16.148,3056.4,17.7243,3.06,Bałuty Zachodnie
226,34.96,12.9,3056.4,16.5,3.12,Bałuty Zachodnie
227,34.96,12.9,3056.4,16.5,3.12,Bałuty Zachodnie
228,33.87,12.9,3056.4,16.5,3.12,Bałuty Zachodnie
229,1.52,12.9,3056.4,16.5,3.12,
230,6.79,25.6,3102.4,16.3,2.97,
231,31.93,25.6,3102.4,16.3,2.97,Złotno
232,41.42,25.6,3102.4,16.3,2.97,Złotno
233,18.77,16.4855,3102.4,16.5783,3.0257,Złotno
234,15.15,12.5,3102.4,16.7,3.05,Złotno
235,15.15,12.5,3102.4,16.7,3.05,Złotno
236,15.15,12.4999,3102.4,16.6999,3.05,Złotno
237,20.64,15.0624,3057.7047,16.5683,3.047,Złotno
238,19.4,16.62,3055.6,16.6927,3.0823,Złotno
239,13.79,16.1458,3055.6,15.8559,3.194,Złotno
240,9.4,16.2648,3055.6,14.6698,3.383,Złotno
241,7.23,17.1952,3055.6,13.705,3.569,Złotno
242,5.17,17.2,3055.6,13.7,3.57,
243,4.87,17.2,3055.6,13.7,3.57,Złotno
244,2.0,17.2,3055.6,13.7,3.57,
245,5.02,25.0,3020.4,5.9,3.74,
246,10.48,25.0,3020.4,5.9,3.74,Lublinek-Pienista
247,5.82,24.049,3020.4,7.2256,3.7227,Lublinek-Pienista
248,2.77,21.7,3020.4,10.5,3.68,Lublinek-Pienista
249,2.77,21.7,3020.4,10.5,3.68,Lublinek-Pienista
250,3.0,21.0719,3020.4,10.8787,3.6366,Lublinek-Pienista
251,14.16,14.9596,3020.4,14.5641,3.2141,Lublinek-Pienista
252,14.69,14.9,3020.4,14.6,3.21,Lublinek-Pienista
253,12.39,15.0314,3018.2911,14.2424,3.2406,Lublinek-Pienista
254,4.15,16.7,2991.5,9.7,3.63,Nad Nerem
255,4.15,16.7,2991.5,9.7,3.63,Nad Nerem
256,4.15,16.7,2991.5,9.7,3.63,Nad Nerem
257,4.15,16.7,2991.5,9.7,3.63,Nad Nerem
258,4.15,16.7,2991.5,9.7,3.63,Nad Nerem
259,4.15,16.7,2991.5,9.7,3.63,Nad Nerem
260,3.59,16.7,2991.5,9.7,3.63,Nad Nerem
261,2.08,16.7,2991.5,9.7,3.63,Nad Nerem
262,0.8,16.7,2991.5,9.7,3.63,
263,4.25,17.0,3056.4,8.9,3.61,Bałuty Zachodnie
264,4.52,17.0,3056.4,8.9,3.61,Bałuty Zachodnie
265,4.52,17.0,3056.4,8.9,3.61,Bałuty Zachodnie
266,4.52,17.0,3056.4,8.9,3.61,Bałuty Zachodnie
267,4.88,15.7485,3056.4,9.5489,3.3273,Bałuty Zachodnie
268,4.54,16.9323,3056.4,8.9351,3.5947,Bałuty Zachodnie
269,4.86,15.7988,3056.4,9.5228,3.3386,Bałuty Zachodnie
270,11.23,15.1228,3056.4,15.9775,2.9835,Bałuty Zachodnie
271,14.66,15.3,3056.4,17.2,2.98,Bałuty Zachodnie
272,25.73,13.6998,3056.4,17.4286,3.1172,Bałuty Zachodnie
273,33.67,13.2,3056.4,17.5,3.16,Bałuty Zachodnie
274,23.72,13.2054,3056.4,17.3024,3.1471,Bałuty Zachodnie
275,0.76,,3056.4,0.0,2.0,Bałuty Zachodnie
276,51.91,20.1263,3056.4,22.2714,2.7778,Bałuty Zachodnie
277,46.43,24.2715,3056.4,20.6919,2.8952,Bałuty Zachodnie
278,44.34,15.1331,3056.4,16.841,2.9997,Bałuty Zachodnie
279,44.74,14.7913,3056.4,16.6719,2.9996,Bałuty Zachodnie
280,40.01,13.9909,3056.4,16.5992,3.0506,Bałuty Zachodnie
281,42.77,12.4506,3054.4528,15.9907,3.105,Bałuty Zachodnie
282,31.8,23.817,3095.8102,16.1152,2.9827,Złotno
283,41.42,25.6,3102.4,16.3,2.97,Złotno
284,41.42,25.6,3102.4,16.3,2.97,Złotno
285,27.18,21.4908,3102.4,16.4972,2.9891,Złotno
286,21.65,12.739,3102.4,19.1515,2.8382,Złotno
287,18.94,11.1646,3102.4,15.5248,3.0981,Złotno
288,21.42,10.5444,3102.4,14.9791,3.1204,Złotno
289,21.55,13.5045,3088.9815,15.3628,3.1563,Złotno
290,14.98,22.2,3055.6,17.2,3.22,Złotno
291,14.38,22.0063,3055.6,17.0644,3.2336,Złotno
292,7.22,17.2,3055.6,13.7,3.57,Złotno
293,7.22,17.2,3055.6,13.7,3.57,Złotno
294,7.22,17.2,3055.6,13.7,3.57,Złotno
295,7.22,17.2,3055.6,13.7,3.57,Złotno
296,7.22,17.2,3055.6,13.7,3.57,Złotno
297,0.45,17.2,3055.6,13.7,3.57,
298,1.37,25.0,3020.4,5.9,3.74,
299,10.48,24.9998,3020.4,5.9003,3.74,Lublinek-Pienista
300,4.49,23.4159,3020.4,8.1081,3.7112,Lublinek-Pienista
301,2.77,21.7,3020.4,10.5,3.68,Lublinek-Pienista
302,2.77,21.7,3020.4,10.5,3.68,Lublinek-Pienista
303,3.09,20.8353,3020.4,11.0214,3.6202,Lublinek-Pienista
304,14.33,14.9396,3020.4,14.5762,3.2127,Lublinek-Pienista
305,14.69,14.9,3020.4,14.6,3.21,Lublinek-Pienista
306,14.69,14.9,3020.4,14.6,3.21,Lublinek-Pienista
307,11.82,15.0719,3017.6395,14.132,3.2501,Lublinek-Pienista
308,5.25,16.8667,3000.1008,11.0718,3.4996,Nad Nerem
309,4.15,16.7,2991.5,9.7,3.63,Nad Nerem
310,4.15,16.7,2991.5,9.7,3.63,Nad Nerem
311,4.15,16.7,2991.5,9.7,3.63,Nad Nerem
312,4.15,16.7,2991.5,9.7,3.63,Nad Nerem
313,4.15,16.7,2991.5,9.7,3.63,Nad Nerem
314,4.15,16.7,2991.5,9.7,3.63,Nad Nerem
315,4.15,16.7,2991.5,9.7,3.63,Nad Nerem
316,1.07,16.7,2991.5,9.7,3.63,
317,1.8,17.0,3056.4,8.9,3.61,
318,4.52,17.0,3056.4,8.9,3.61,Bałuty Zachodnie
319,4.52,17.0,3056.4,8.9,3.61,Bałuty Zachodnie
320,4.52,17.0,3056.4,8.9,3.61,Bałuty Zachodnie
321,4.52,17.0,3056.4,8.9,3.61,Bałuty Zachodnie
322,4.52,17.0,3056.4,8.9,3.61,Bałuty Zachodnie
323,4.52,17.0,3056.4,8.9,3.61,Bałuty Zachodnie
324,5.27,15.0001,3056.4,10.2475,3.1479,Bałuty Zachodnie
325,14.73,15.267,3056.4,17.1913,2.9827,Bałuty Zachodnie
326,28.39,13.5012,3056.4,17.457,3.1342,Bałuty Zachodnie
327,35.77,13.3098,3056.4,16.9669,3.1294,Bałuty Zachodnie
328,86.2,14.2274,3056.4,12.2712,2.9161,Bałuty Zachodnie
329,105.29,16.1473,3056.4,16.1996,2.8835,Bałuty Zachodnie
330,133.59,19.0248,3056.4,22.3254,2.8227,Bałuty Zachodnie
331,90.41,18.9639,3056.4,20.3443,2.9828,Bałuty Zachodnie
332,46.88,15.1,3056.4,16.7,2.98,Bałuty Zachodnie
333,46.88,15.1,3056.4,16.7,2.98,Bałuty Zachodnie
334,50.31,16.2507,3055.7469,17.0421,2.9448,Bałuty Zachodnie
335,98.5,13.6986,3050.91,15.7534,3.0132,Teofilów-Wielkopolska
336,124.15,11.788,3051.8459,14.8652,3.0653,Teofilów-Wielkopolska
337,36.53,20.349,3102.4,16.6432,2.9328,Złotno
338,83.43,16.071,3102.4,14.7462,2.8327,Złotno
339,64.7,15.2394,3102.4,21.5109,2.5716,Złotno
340,67.28,13.4899,3102.4,23.728,2.4561,Złotno
341,35.9,11.7452,3102.4,19.1373,2.7959,Złotno
342,24.21,10.0,3102.4,14.5,3.14,Złotno
343,24.21,10.0,3102.4,14.5,3.14,Złotno
344,15.79,20.5563,3061.9053,16.8362,3.2092,Złotno
345,14.61,22.0842,3055.6,17.1189,3.2281,Złotno
346,7.69,17.789,3055.6,14.1123,3.5288,Złotno
347,7.22,17.2,3055.6,13.7,3.57,Złotno
348,7.22,17.2,3055.6,13.7,3.57,Złotno
349,7.22,17.2,3055.6,13.7,3.57,Złotno
350,7.22,17.2,3055.6,13.7,3.57,Złotno
351,6.18,17.2,3055.6,13.7,3.57,Złotno
352,8.86,25.0,3020.4,5.9,3.74,Lublinek-Pienista
353,8.23,19.243,3020.4,19.7458,3.1468,Lublinek-Pienista
354,5.57,12.9451,3020.4,34.4979,2.5309,Lublinek-Pienista
355,3.45,18.2647,3020.4,19.9163,3.2291,Lublinek-Pienista
356,2.77,21.7,3020.4,10.5,3.68,Lublinek-Pienista
357,13.35,15.0583,3020.4,14.5046,3.2209,Lublinek-Pienista
358,14.69,14.9,3020.4,14.6,3.21,Lublinek-Pienista
359,14.69,14.9,3020.4,14.6,3.21,Lublinek-Pienista
360,14.68,14.9523,3020.4,14.5936,3.2096,Lublinek-Pienista
361,11.88,18.8749,3018.6303,14.1381,3.2073,Lublinek-Pienista
362,4.47,17.374,2995.1081,12.4357,3.58,Nad Nerem
363,4.15,16.7,2991.5,9.7,3.63,Nad Nerem
364,4.15,16.7,2991.5,9.7,3.63,Nad Nerem
365,4.15,16.7,2991.5,9.7,3.63,Nad Nerem
366,4.15,16.7,2991.5,9.7,3.63,Nad Nerem
367,4.15,16.7,2991.5,9.7,3.63,Nad Nerem
368,4.15,16.7,2991.5,9.7,3.63,Nad Nerem
369,3.69,16.7,2991.5,9.7,3.63,Nad Nerem
370,2.06,16.7,2991.5,9.7,3.63,
371,0.45,16.7,2991.5,9.7,3.63,
372,0.61,17.0,3056.4,8.9,3.61,
373,4.52,17.0,3056.4,8.9,3.61,Bałuty Zachodnie
374,4.52,17.0,3056.4,8.9,3.61,Bałuty Zachodnie
375,4.52,17.0,3056.4,8.9,3.61,Bałuty Zachodnie
376,4.52,17.0,3056.4,8.9,3.61,Bałuty Zachodnie
377,4.52,17.0,3056.4,8.9,3.61,Bałuty Zachodnie
378,4.52,17.0,3056.4,8.9,3.61,Bałuty Zachodnie
379,4.54,16.9116,3056.4,8.9459,3.59,Bałuty Zachodnie
380,9.13,14.9504,3056.4,14.7783,2.9873,Bałuty Zachodnie
381,16.22,16.3027,3052.3116,15.8452,3.08,Bałuty Zachodnie
382,56.67,15.1544,3053.8744,12.0032,2.9738,Bałuty Zachodnie
383,133.93,14.1723,3056.4,11.8404,3.0551,Bałuty Zachodnie
384,139.44,16.8266,3056.4,17.6265,3.0021,Bałuty Zachodnie
385,127.63,20.0783,3056.4,21.1721,3.0265,Bałuty Zachodnie
386,69.77,21.2035,3056.4,20.3092,3.0756,Bałuty Zachodnie
387,40.84,16.4305,3056.4,16.9404,2.9701,Bałuty Zachodnie
388,46.88,15.1,3056.4,16.7,2.98,Bałuty Zachodnie
389,93.55,23.5245,3051.6185,19.2046,2.722,Bałuty Zachodnie
390,186.5,19.5156,3050.0993,16.1015,2.8348,Teofilów-Wielkopolska
391,153.94,13.3667,3049.9133,14.205,3.0352,Teofilów-Wielkopolska
392,105.69,14.7139,3057.2183,14.4386,3.0018,Teofilów-Wielkopolska
393,57.07,16.389,3102.4,15.4174,2.8572,Złotno
394,84.94,14.7471,3102.4,17.0512,2.7214,Złotno
395,69.73,13.5,3102.4,23.8,2.45,Złotno
396,64.69,13.3549,3102.4,23.4144,2.4786,Złotno
397,24.21,10.0,3102.4,14.5,3.14,Złotno
398,24.21,10.0,3102.4,14.5,3.14,Złotno
399,21.27,12.7347,3091.9096,15.1052,3.1579,Złotno
400,14.98,22.2,3055.6,17.2,3.22,Złotno
401,8.18,18.3331,3055.6,14.4932,3.4907,Złotno
402,7.22,17.2,3055.6,13.7,3.57,Złotno
403,7.22,17.2,3055.6,13.7,3.57,Złotno
404,7.22,17.2,3055.6,13.7,3.57,Złotno
405,7.22,17.2,3055.6,13.7,3.57,Złotno
406,7.22,17.2,3055.6,13.7,3.57,Złotno
407,4.21,17.2,3055.6,13.7,3.57,Złotno
408,0.02,25.0,3020.4,5.9,3.74,
409,4.61,13.9882,3020.4,32.708,2.5781,
410,7.75,10.5,3020.4,41.2,2.21,Lublinek-Pienista
411,6.27,11.9788,3020.4,37.1464,2.4041,Lublinek-Pienista
412,2.77,21.7,3020.4,10.5,3.68,Lublinek-Pienista
413,12.03,15.2506,3020.4,14.3886,3.2342,Lublinek-Pienista
414,14.69,14.9,3020.4,14.6,3.21,Lublinek-Pienista
415,14.69,14.9,3020.4,14.6,3.21,Lublinek-Pienista
416,14.1,17.0456,3020.4,14.3359,3.1935,Lublinek-Pienista
417,8.36,20.1987,3013.1484,14.0598,3.2835,Nad Nerem
418,4.03,16.9,2991.5,14.8,3.65,Nad Nerem
419,4.03,16.8874,2991.5,14.4797,3.6487,Nad Nerem
420,4.12,16.7497,2991.5,10.9664,3.635,Nad Nerem
421,4.15,16.7,2991.5,9.7,3.63,Nad Nerem
422,4.15,16.7,2991.5,9.7,3.63,Nad Nerem
423,4.15,16.7,2991.5,9.7,3.63,Nad Nerem
424,4.15,16.7,2991.5,9.7,3.63,Nad Nerem
425,4.15,16.7,2991.5,9.7,3.63,Nad Nerem
426,4.15,16.7,2991.5,9.7,3.63,Nad Nerem
427,3.86,16.7,2991.5,9.7,3.63,Nad Nerem
428,4.52,17.0,3056.4,8.9,3.61,Bałuty Zachodnie
429,4.52,17.0,3056.4,8.9,3.61,Bałuty Zachodnie
430,4.52,17.0,3056.4,8.9,3.61,Bałuty Zachodnie
431,4.52,17.0,3056.4,8.9,3.61,Bałuty Zachodnie
432,4.52,17.0,3056.4,8.9,3.61,Bałuty Zachodnie
433,4.52,17.0,3056.4,8.9,3.61,Bałuty Zachodnie
434,4.52,17.0,3056.4,8.9,3.61,Bałuty Zachodnie
435,4.82,15.936,3056.4,9.4517,3.3696,Bałuty Zachodnie
436,11.7,16.8619,3051.5484,14.5965,3.058,Bałuty Zachodnie
437,12.87,26.1,3025.5,6.5,3.46,Bałuty Zachodnie
438,59.16,15.6199,3052.2633,11.5235,3.2088,Bałuty Zachodnie
439,128.47,14.0769,3056.4,12.3412,3.168,Bałuty Zachodnie
440,67.58,20.2915,3056.4,19.0084,3.0814,Bałuty Zachodnie
441,21.15,25.0,3056.4,18.2,2.89,Bałuty Zachodnie
442,20.81,24.9691,3056.4,18.2053,2.8912,Bałuty Zachodnie
443,106.36,20.0514,3051.5389,16.9341,2.8172,Bałuty Zachodnie
444,321.68,26.3355,3050.1151,21.823,2.5702,Teofilów-Wielkopolska
445,170.24,18.4203,3050.1,16.257,2.7122,Teofilów-Wielkopolska
446,230.16,17.1002,3050.0544,16.6133,2.7928,Teofilów-Wielkopolska
447,291.33,15.4825,3049.9,14.5364,2.9546,Teofilów-Wielkopolska
448,94.9,14.9479,3064.3751,16.8524,2.8893,Złotno
449,84.28,15.6712,3102.4,15.6908,2.7919,Złotno
450,72.81,13.673,3102.4,22.6229,2.5199,Złotno
451,74.47,12.3517,3102.4,20.3977,2.6584,Złotno
452,49.27,11.2782,3102.4,17.4949,2.8674,Złotno
453,24.21,10.0,3102.4,14.5,3.14,Złotno
454,24.21,10.0,3102.4,14.5,3.14,Złotno
455,17.88,17.0025,3075.538,16.0497,3.1859,Złotno
456,13.69,20.4869,3059.0298,16.2121,3.2231,Złotno
457,10.24,18.3384,3055.6,13.0169,3.1602,Złotno
458,10.91,18.5045,3055.6,12.9173,3.1004,Złotno
459,10.42,18.3855,3055.6,12.9887,3.1432,Złotno
460,8.91,17.932,3055.6,13.2608,3.3065,Złotno
461,7.62,17.4029,3055.6,13.5783,3.497,Złotno
462,7.24,17.2108,3055.6,13.6935,3.5661,Złotno
463,2.15,17.2486,3055.6,13.6708,3.5525,
464,2.89,10.5,3020.4,41.2,2.21,
465,7.75,10.5,3020.4,41.2,2.21,Lublinek-Pienista
466,7.21,11.1013,3021.3731,39.3831,2.2886,Lublinek-Pienista
467,2.77,21.7,3020.4,10.5,3.68,Lublinek-Pienista
468,11.83,15.283,3020.4,14.3691,3.2365,Lublinek-Pienista
469,14.69,14.9,3020.4,14.6,3.21,Lublinek-Pienista
470,14.48,15.6512,3020.4,14.5075,3.2042,Lublinek-Pienista
471,13.36,19.9927,3020.4,13.9748,3.1708,Lublinek-Pienista
472,12.81,21.363,3020.1623,13.8082,3.164,Lublinek-Pienista
473,4.06,16.9513,2991.8295,14.7886,3.6444,Nad Nerem
474,4.03,16.9,2991.5,14.8,3.65,Nad Nerem
475,4.03,16.9,2991.5,14.8,3.65,Nad Nerem
476,4.06,16.841,2991.5,13.2959,3.6441,Nad Nerem
477,4.11,16.7579,2991.5,11.1769,3.6358,Nad Nerem
478,4.15,16.7,2991.5,9.7,3.63,Nad Nerem
479,4.15,16.7,2991.5,9.7,3.63,Nad Nerem
480,4.15,16.7,2991.5,9.7,3.63,Nad Nerem
481,4.15,16.7,2991.5,9.7,3.63,Nad Nerem
482,4.15,16.7,2991.5,9.7,3.63,Nad Nerem
483,2.58,16.7,2991.5,9.7,3.63,Nad Nerem
484,2.59,17.0,3056.4,8.9,3.61,Bałuty Zachodnie
485,4.52,17.0,3056.4,8.9,3.61,Bałuty Zachodnie
486,4.52,17.0,3056.4,8.9,3.61,Bałuty Zachodnie
487,4.52,17.0,3056.4,8.9,3.61,Bałuty Zachodnie
488,4.52,17.0,3056.4,8.9,3.61,Bałuty Zachodnie
489,4.52,17.0,3056.4,8.9,3.61,Bałuty Zachodnie
490,4.52,17.0,3056.4,8.9,3.61,Bałuty Zachodnie
491,4.52,16.9993,3056.4,8.9004,3.6098,Bałuty Zachodnie
492,5.37,17.2789,3051.9377,9.1326,3.353,Bałuty Zachodnie
493,12.79,26.0077,3025.7816,6.5677,3.4579,Bałuty Zachodnie
494,12.87,26.1,3025.5,6.5,3.46,Bałuty Zachodnie
495,22.61,20.6922,3041.7606,10.0668,3.283,Bałuty Zachodnie
496,21.15,25.0,3056.4,18.2,2.89,Bałuty Zachodnie
497,21.15,25.0,3056.4,18.2,2.89,Bałuty Zachodnie
498,14.46,25.9909,3056.4,18.5764,2.9027,Bałuty Zachodnie
499,20.0,22.8691,3050.8715,13.6798,2.9912,Bałuty Zachodnie
500,739.61,24.6582,3050.1,25.9321,2.5028,Teofilów-Wielkopolska
501,252.0,24.7042,3046.2645,26.6643,2.4554,Teofilów-Wielkopolska
502,347.81,22.5398,3042.5523,32.8292,2.2812,Teofilów-Wielkopolska
503,285.25,18.0764,3048.8193,16.7784,2.8631,Teofilów-Wielkopolska
504,229.48,13.5888,3051.0107,15.4489,2.9311,Teofilów-Wielkopolska
505,46.9,18.0004,3102.4,18.5617,2.7867,Złotno
506,90.19,17.4844,3102.4,21.1105,2.5994,Złotno
507,83.46,12.0817,3102.4,16.8139,2.875,Złotno
508,81.99,10.8,3102.4,15.8,2.94,Złotno
509,32.82,10.2976,3102.4,14.9836,3.0656,Złotno
510,24.21,10.0,3102.4,14.5,3.14,Złotno
511,24.21,10.0,3102.4,14.5,3.14,Złotno
512,22.31,11.6905,3095.9152,14.8741,3.1511,Złotno
513,13.11,20.3423,3055.6,14.8646,3.1192,Złotno
514,11.81,18.7,3055.6,12.8,3.03,Złotno
515,11.81,18.7,3055.6,12.8,3.03,Złotno
516,11.81,18.7,3055.6,12.8,3.03,Złotno
517,11.81,18.7,3055.6,12.8,3.03,Złotno
518,11.4,18.6149,3055.6,12.8511,3.0606,Złotno
519,11.29,18.5912,3055.6,12.8653,3.0692,Złotno
520,0.65,18.7,3055.6,12.8,3.03,
521,0.31,17.6,3065.3,12.2,2.92,
522,1.84,17.6,3065.3,12.2,2.92,
523,2.49,17.6,3065.3,12.2,2.92,
524,0.49,17.6,3065.3,12.2,2.92,
525,1.16,10.5,3020.4,41.2,2.21,
526,7.75,10.5,3020.4,41.2,2.21,Retkinia Zachód-Smulsko
527,7.77,10.5105,3020.5901,41.1384,2.2113,Retkinia Zachód-Smulsko
528,51.93,14.1233,3084.906,20.0911,2.6634,Retkinia Zachód-Smulsko
529,25.26,15.576,3066.2022,18.1582,2.8267,Lublinek-Pienista
530,13.69,18.6806,3020.4,14.1347,3.1809,Lublinek-Pienista
531,11.98,19.7832,3020.4,14.2409,3.1634,Lublinek-Pienista
532,5.91,17.6172,3020.4,16.895,3.0912,Lublinek-Pienista
533,12.41,21.24,3020.4,13.9309,3.1571,Lublinek-Pienista
534,10.2,20.8389,3016.7965,13.9247,3.2211,Lublinek-Pienista
535,4.03,16.9,2991.5,14.8,3.65,Nad Nerem
536,4.03,16.9,2991.5,14.8,3.65,Nad Nerem
537,4.03,16.9,2991.5,14.8,3.65,Nad Nerem
538,4.03,16.9,2991.5,14.8,3.65,Nad Nerem
539,4.05,16.8528,2991.5,13.5955,3.6453,Nad Nerem
540,4.15,16.7007,2991.5,9.7176,3.6301,Nad Nerem
541,4.15,16.7,2991.5,9.7,3.63,Nad Nerem
542,4.15,16.7,2991.5,9.7,3.63,Nad Nerem
543,4.15,16.7,2991.5,9.7,3.63,Nad Nerem
544,4.15,16.7,2991.5,9.7,3.63,Nad Nerem
545,1.06,16.7,2991.5,9.7,3.63,
546,0.04,17.0,3056.4,8.9,3.61,
547,4.48,17.0,3056.4,8.9,3.61,Bałuty Zachodnie
548,4.52,17.0,3056.4,8.9,3.61,Bałuty Zachodnie
549,4.52,17.0,3056.4,8.9,3.61,Bałuty Zachodnie
550,4.52,17.0,3056.4,8.9,3.61,Bałuty Zachodnie
551,4.52,17.0,3056.4,8.9,3.61,Bałuty Zachodnie
552,4.52,17.0,3056.4,8.9,3.61,Bałuty Zachodnie
553,4.52,17.0,3056.4,8.9,3.61,Bałuty Zachodnie
554,4.55,17.0944,3056.0793,8.8751,3.6084,Bałuty Zachodnie
555,12.41,25.9167,3026.1223,6.5483,3.463,Bałuty Zachodnie
556,12.87,26.1,3025.5,6.5,3.46,Bałuty Zachodnie
557,12.87,26.1,3025.5,6.5,3.46,Bałuty Zachodnie
558,18.95,25.1981,3050.8357,16.0931,2.9926,Bałuty Zachodnie
559,16.35,25.6288,3056.4,18.4389,2.8981,Bałuty Zachodnie
560,4.72,32.4482,3056.4,21.0295,2.9857,Bałuty Zachodnie
561,2.26,42.9,3056.4,25.0,3.12,Bałuty Zachodnie
562,62.43,23.9555,3050.2537,14.6465,2.8993,Bałuty Zachodnie
563,951.84,27.0567,3047.0242,29.1446,2.3546,Teofilów-Wielkopolska
564,840.6,26.7151,3037.8,36.9007,2.0839,Teofilów-Wielkopolska
565,1204.95,30.3494,3040.6215,34.2602,2.1582,Teofilów-Wielkopolska
566,744.62,32.308,3049.9,33.6639,2.1602,Teofilów-Wielkopolska
567,70.56,22.0927,3069.0284,43.0393,2.1648,Złotno
568,59.4,17.7921,3102.4,19.7042,2.7039,Złotno
569,90.0,17.2848,3102.4,20.9297,2.6109,Złotno
570,82.03,10.829,3102.4,15.823,2.9385,Złotno
571,77.6,10.8807,3101.4778,15.7429,2.9441,Złotno
572,24.21,10.0,3102.4,14.5,3.14,Złotno
573,24.21,10.0,3102.4,14.5,3.14,Złotno
574,24.21,10.0,3102.4,14.5,3.14,Złotno
575,22.37,17.1337,3075.0346,16.0788,3.1868,Złotno
576,15.1,19.6193,3055.6,13.9557,3.0799,Złotno
577,11.81,18.7,3055.6,12.8,3.03,Złotno
578,11.81,18.7,3055.6,12.8,3.03,Złotno
579,11.81,18.7,3055.6,12.8,3.03,Złotno
580,11.81,18.7,3055.6,12.8,3.03,Złotno
581,11.81,18.7,3055.6,12.8,3.03,Złotno
582,9.96,18.7,3055.6,12.8,3.03,Złotno
583,0.61,19.1,3065.3,14.3,3.18,
584,4.14,18.605,3065.3,13.607,3.0942,
585,10.31,17.6,3065.3,12.2,2.92,Retkinia Zachód-Smulsko
586,10.37,17.6,3065.3,12.2,2.92,Retkinia Zachód-Smulsko
587,10.27,17.6,3065.3,12.2,2.92,Retkinia Zachód-Smulsko
588,102.21,16.538,3085.0922,11.2345,3.0648,Retkinia Zachód-Smulsko
589,147.34,17.2201,3084.2884,14.0795,2.8393,Retkinia Zachód-Smulsko
590,10.69,11.6759,3040.8963,34.4743,2.3529,Retkinia Zachód-Smulsko
591,44.67,13.9031,3082.2223,21.1597,2.6354,Retkinia Zachód-Smulsko
592,43.76,14.9094,3078.6091,19.3057,2.7156,Retkinia Zachód-Smulsko
593,13.05,21.4,3020.4,13.8,3.16,Retkinia Zachód-Smulsko
594,13.03,21.3957,3020.4,13.8035,3.1599,Lublinek-Pienista
595,4.64,15.7315,3020.4,18.4379,3.0569,Lublinek-Pienista
596,6.14,17.8807,3020.4,16.6794,3.096,Lublinek-Pienista
597,13.05,21.4,3020.4,13.8,3.16,Lublinek-Pienista
598,6.88,19.6018,3008.8516,14.1996,3.3558,Nad Nerem
599,4.03,16.9,2991.5,14.8,3.65,Nad Nerem
600,4.03,16.9,2991.5,14.8,3.65,Nad Nerem
601,4.03,16.9,2991.5,14.8,3.65,Nad Nerem
602,4.03,16.9,2991.5,14.8,3.65,Nad Nerem
603,4.03,16.8934,2991.5,14.6318,3.6493,Nad Nerem
604,4.05,16.8593,2991.5,13.7621,3.6459,Nad Nerem
605,4.05,16.861,2991.5,13.805,3.6461,Nad Nerem
606,4.05,16.8632,2991.5,13.8616,3.6463,Nad Nerem
607,4.05,16.864,2991.5,13.8809,3.6464,Nad Nerem
608,3.93,16.8634,2991.5,13.8655,3.6463,Nad Nerem
609,0.01,16.9,2991.5,14.8,3.65,
610,2.55,17.0,3056.4,8.9,3.61,Bałuty Zachodnie
611,4.52,17.0,3056.4,8.9,3.61,Bałuty Zachodnie
612,4.52,17.0,3056.4,8.9,3.61,Bałuty Zachodnie
613,4.52,17.0,3056.4,8.9,3.61,Bałuty Zachodnie
614,4.52,17.0,3056.4,8.9,3.61,Bałuty Zachodnie
615,4.52,17.0,3056.4,8.9,3.61,Bałuty Zachodnie
616,4.52,17.0,3056.4,8.9,3.61,Bałuty Zachodnie
617,4.52,17.0,3056.4,8.9,3.61,Bałuty Zachodnie
618,7.94,30.4086,3028.0515,15.0612,3.2405,Bałuty Zachodnie
619,12.54,26.3866,3025.5,6.9736,3.4469,Bałuty Zachodnie
620,12.87,26.1,3025.5,6.5,3.46,Bałuty Zachodnie
621,12.99,24.7229,3033.96,9.8659,3.2997,Bałuty Zachodnie
622,6.22,29.0892,3054.8354,19.5569,2.9777,Bałuty Zachodnie
623,2.26,42.9,3056.4,25.0,3.12,Bałuty Zachodnie
624,2.26,42.9,3056.4,25.0,3.12,Bałuty Zachodnie
625,2.26,42.9,3056.4,25.0,3.12,Bałuty Zachodnie
626,104.23,30.2288,3043.9498,28.1766,2.4024,Teofilów-Wielkopolska
627,1170.75,25.3723,3040.3774,35.3323,2.2367,Teofilów-Wielkopolska
628,590.14,29.3997,3036.766,39.12,2.044,Teofilów-Wielkopolska
629,816.3,28.6354,3044.9813,38.5809,2.0911,Teofilów-Wielkopolska
630,591.46,26.7512,3048.7069,42.5241,1.9331,Teofilów-Wielkopolska
631,34.7,18.4,3102.4,16.8,2.92,Złotno
632,66.29,17.7034,3102.4,20.1284,2.6723,Złotno
633,97.07,16.5402,3087.6258,20.4315,2.6429,Złotno
634,130.45,15.354,3061.4137,14.8366,2.8787,Złotno
635,100.16,15.5116,3060.2542,15.0538,2.8924,Złotno
636,60.49,16.0653,3068.2007,20.8576,2.9208,Złotno
637,33.12,14.6709,3082.8486,15.3168,3.1291,Złotno
638,30.26,11.9953,3094.8476,14.4587,3.1542,Złotno
639,17.55,22.1831,3055.6,17.1788,3.2191,Złotno
640,11.95,18.8944,3055.6,13.0444,3.0406,Złotno
641,11.81,18.7,3055.6,12.8,3.03,Złotno
642,11.56,18.6377,3055.6,13.0516,3.0177,Złotno
643,10.65,18.3918,3055.6,14.0447,2.969,Złotno
644,9.93,18.1636,3055.6,14.9661,2.9238,Złotno
645,7.59,17.1301,3055.7185,19.1779,2.7199,Złotno
646,9.81,19.0141,3063.4612,14.0565,3.1496,Złotno
647,10.7,19.0911,3065.3,14.2875,3.1785,Złotno
648,10.83,17.6676,3065.3,12.2947,2.9317,Retkinia Zachód-Smulsko
649,10.37,17.6,3065.3,12.2,2.92,Retkinia Zachód-Smulsko
650,17.08,16.0502,3073.6609,11.0988,3.0056,Retkinia Zachód-Smulsko
651,53.58,16.6707,3082.6192,11.3552,3.0467,Retkinia Zachód-Smulsko
652,257.17,17.0841,3085.8,12.6867,2.9266,Retkinia Zachód-Smulsko
653,298.33,14.6557,3085.5816,13.7547,2.8991,Retkinia Zachód-Smulsko
654,217.73,12.4539,3085.7643,11.1773,3.0606,Retkinia Zachód-Smulsko
655,62.73,16.4565,3084.1259,15.8058,2.8724,Retkinia Zachód-Smulsko
656,44.45,19.4728,3075.1989,11.2025,3.1265,Retkinia Zachód-Smulsko
657,27.33,19.4155,3068.3368,11.7721,3.1253,Lublinek-Pienista
658,6.14,17.8819,3020.4,16.6784,3.096,Lublinek-Pienista
659,4.2,14.8,3020.4,19.2,3.04,Lublinek-Pienista
660,9.8,20.3617,3020.4,14.6495,3.1411,Lublinek-Pienista
661,13.03,21.3967,3020.3789,13.8007,3.1604,Lublinek-Pienista
662,4.28,17.2933,2994.0256,14.7126,3.6072,Nad Nerem
663,4.03,16.9,2991.5,14.8,3.65,Nad Nerem
664,4.03,16.9,2991.5,14.8,3.65,Nad Nerem
665,4.03,16.9,2991.5,14.8,3.65,Nad Nerem
666,4.03,16.9,2991.5,14.8,3.65,Nad Nerem
667,4.03,16.9,2991.5,14.8,3.65,Nad Nerem
668,4.03,16.9,2991.5,14.8,3.65,Nad Nerem
669,4.03,16.9,2991.5,14.8,3.65,Nad Nerem
670,4.03,16.9,2991.5,14.8,3.65,Nad Nerem
671,4.03,16.9,2991.5,14.8,3.65,Nad Nerem
672,2.74,16.9,2991.5,14.8,3.65,Nad Nerem
673,0.38,17.0,3056.4,8.9,3.61,
674,4.52,17.0,3056.4,8.9,3.61,Bałuty Zachodnie
675,4.52,17.0,3056.4,8.9,3.61,Bałuty Zachodnie
676,4.52,17.0,3056.4,8.9,3.61,Bałuty Zachodnie
677,4.52,17.0,3056.4,8.9,3.61,Bałuty Zachodnie
678,4.52,17.0,3056.4,8.9,3.61,Bałuty Zachodnie
679,4.52,17.0,3056.4,8.9,3.61,Bałuty Zachodnie
680,4.45,17.0165,3056.3686,8.9096,3.6095,Bałuty Zachodnie
681,7.23,31.7558,3028.4274,17.5,3.1755,Bałuty Zachodnie
682,7.83,33.0518,3025.5,17.9898,3.1414,Bałuty Zachodnie
683,12.12,26.2318,3025.3581,7.1407,3.4433,Bałuty Zachodnie
684,7.29,17.9663,3021.1441,6.0374,3.5063,Bałuty Zachodnie
685,4.31,5.0,3014.2,5.3,3.58,Bałuty Zachodnie
686,3.04,22.4766,3033.6595,14.3842,3.3679,Bałuty Zachodnie
687,2.26,42.9,3056.4,25.0,3.12,Bałuty Zachodnie
688,2.26,42.9,3056.4,25.0,3.12,Bałuty Zachodnie
689,2.26,42.9,3056.4,25.0,3.12,Bałuty Zachodnie
690,515.86,33.3388,3041.2106,40.6418,2.123,Teofilów-Wielkopolska
691,882.15,27.1872,3037.0606,43.8441,1.9616,Teofilów-Wielkopolska
692,862.73,30.4063,3034.0766,48.4708,1.8589,Teofilów-Wielkopolska
693,517.93,26.7042,3041.8764,36.4365,2.1298,Teofilów-Wielkopolska
694,136.43,25.9917,3052.9488,31.7085,2.3246,Złotno
695,34.7,18.4,3102.4,16.8,2.92,Złotno
696,72.14,17.6694,3067.1636,27.368,2.3817,Złotno
697,109.22,16.9642,3055.6,24.8563,2.4586,Złotno
698,114.17,16.7847,3055.6,22.9654,2.5352,Złotno
699,127.63,18.0776,3055.6,23.9313,2.749,Złotno
700,91.22,19.7,3055.6,19.9219,2.9732,Złotno
701,55.91,22.3632,3055.739,13.6027,3.2297,Złotno
702,36.2,22.1932,3056.2343,14.31,3.2268,Złotno
703,14.38,21.689,3055.6,16.5947,3.1913,Złotno
704,8.94,17.7882,3055.6,16.4824,2.8494,Złotno
705,6.13,16.0663,3055.6,23.4362,2.5083,Złotno
706,4.22,13.5903,3055.6,33.4354,2.0179,Złotno
707,6.15,16.0901,3055.6,23.3398,2.513,Złotno
708,4.17,13.5,3055.6,33.8,2.0,Złotno
709,9.31,18.568,3064.3784,16.1526,3.0679,Złotno
710,10.7,19.1,3065.3,14.3,3.18,Złotno
711,10.44,17.9608,3065.3,12.7051,2.9825,Retkinia Zachód-Smulsko
712,10.37,17.6,3065.3,12.2,2.92,Retkinia Zachód-Smulsko
713,14.3,15.8713,3071.4126,14.82,2.8456,Retkinia Zachód-Smulsko
714,181.57,13.0389,3085.698,13.9982,2.9496,Retkinia Zachód-Smulsko
715,234.63,14.0657,3085.7917,11.4715,3.0492,Retkinia Zachód-Smulsko
716,188.95,15.778,3085.8,13.0644,2.9024,Retkinia Zachód-Smulsko
717,344.31,12.2563,3085.8,11.2235,3.0631,Retkinia Zachód-Smulsko
718,130.93,15.3155,3085.8,10.1162,3.1155,Retkinia Zachód-Smulsko
719,83.18,19.1,3085.8,10.7,3.12,Retkinia Zachód-Smulsko
720,56.95,18.9948,3084.1997,10.908,3.118,Retkinia Zachód-Smulsko
721,4.2,14.8,3020.4,19.2,3.04,Lublinek-Pienista
722,4.2,14.8,3020.4,19.2,3.04,Lublinek-Pienista
723,4.2,14.8,3020.4,19.2,3.04,Lublinek-Pienista
724,6.37,18.1249,3020.4,16.4796,3.1005,Lublinek-Pienista
725,5.56,17.6338,3015.2617,16.4047,3.1932,Lublinek-Pienista
726,4.03,16.9,2991.5,14.8,3.65,Nad Nerem
727,4.03,16.9,2991.5,14.8,3.65,Nad Nerem
728,4.03,16.9,2991.5,14.8,3.65,Nad Nerem
729,4.03,16.9,2991.5,14.8,3.65,Nad Nerem
730,4.03,16.9,2991.5,14.8,3.65,Nad Nerem
731,4.03,16.9,2991.5,14.8,3.65,Nad Nerem
732,4.03,16.9,2991.5,14.8,3.65,Nad Nerem
733,4.03,16.9,2991.5,14.8,3.65,Nad Nerem
734,4.03,16.9,2991.5,14.8,3.65,Nad Nerem
735,4.03,16.9,2991.5,14.8,3.65,Nad Nerem
736,1.29,16.9,2991.5,14.8,3.65,
737,2.15,17.0,3056.4,8.9,3.61,
738,4.25,17.0,3056.4,8.9,3.61,Bałuty Zachodnie
739,3.7,17.0,3056.4,8.9,3.61,Bałuty Zachodnie
740,3.41,17.0,3056.4,8.9,3.61,Bałuty Zachodnie
741,2.73,17.0,3056.4,8.9,3.61,Bałuty Zachodnie
742,1.84,17.0,3056.4,8.9,3.61,
743,1.46,20.7872,3043.8168,17.4924,3.2801,
744,5.77,31.958,3026.1241,19.8865,3.0919,Bałuty Zachodnie
745,7.72,33.3,3025.5,18.4,3.13,Bałuty Zachodnie
746,7.72,33.2411,3025.4839,18.3506,3.1315,Bałuty Zachodnie
747,4.82,11.8053,3016.9173,8.4502,3.4718,Bałuty Zachodnie
748,4.31,5.0,3014.2,5.3,3.58,Bałuty Zachodnie
749,4.31,5.0,3014.2,5.3,3.58,Bałuty Zachodnie
750,3.91,9.2891,3018.9757,7.5294,3.5279,Bałuty Zachodnie
751,2.37,39.3459,3052.4427,23.1526,3.1631,Bałuty Zachodnie
752,2.26,42.9,3056.4,25.0,3.12,Bałuty Zachodnie
753,8.05,40.05,3045.2922,28.8,2.4623,Bałuty Zachodnie
754,726.25,29.9729,3041.2005,38.6267,2.0796,Teofilów-Wielkopolska
755,928.69,29.9535,3034.6414,41.3291,2.0263,Teofilów-Wielkopolska
756,584.22,19.4377,3034.997,36.6069,2.1225,Teofilów-Wielkopolska
757,67.09,26.9081,3041.3876,43.0505,1.9179,Teofilów-Wielkopolska
758,34.74,18.4205,3102.251,16.8687,2.9174,Złotno
759,34.7,18.4,3102.4,16.8,2.92,Złotno
760,81.29,17.0441,3064.0793,24.0789,2.5041,Złotno
761,138.93,16.0982,3055.6,21.5791,2.5677,Złotno
762,155.5,15.7784,3055.6,19.4306,2.657,Złotno
763,130.48,12.49,3055.6,21.7676,2.88,Złotno
764,56.13,22.4,3055.6,13.6,3.23,Złotno
765,56.13,22.4,3055.6,13.6,3.23,Złotno
766,17.01,21.8526,3055.6,16.7967,3.1653,Złotno
767,4.21,13.6031,3055.6,33.5436,2.0161,Złotno
768,4.17,13.5,3055.6,33.8,2.0,Złotno
769,4.17,13.5,3055.6,33.8,2.0,Złotno
770,4.17,13.5,3055.6,33.8,2.0,Złotno
771,4.17,13.5,3055.6,33.8,2.0,Złotno
772,8.91,18.3834,3064.0588,16.7952,3.029,Złotno
773,10.7,19.1,3065.3,14.3,3.18,Złotno
774,10.53,18.3299,3065.3,13.2218,3.0465,Złotno
775,10.37,17.6,3065.3,12.2,2.92,Złotno
776,10.37,17.6,3065.3,12.2,2.92,Złotno
777,258.84,29.3249,3068.547,30.8929,2.2624,Złotno
778,335.1,24.3809,3070.5267,17.7373,2.5227,Retkinia Zachód-Smulsko
779,122.06,14.0032,3078.4689,15.7279,2.7065,Retkinia Zachód-Smulsko
780,89.1,15.4,3085.8,11.1,3.02,Retkinia Zachód-Smulsko
781,99.83,14.9081,3085.8,10.847,3.0369,Retkinia Zachód-Smulsko
782,77.51,18.6305,3085.8,17.5401,2.855,Retkinia Zachód-Smulsko
783,62.17,19.1087,3085.3472,13.7866,3.0078,Retkinia Zachód-Smulsko
784,3.41,14.8,3020.4,19.2,3.04,Lublinek-Pienista
785,4.19,14.8,3020.4,19.2,3.04,Lublinek-Pienista
786,4.2,14.8,3020.4,19.2,3.04,Lublinek-Pienista
787,4.2,14.8,3020.4,19.2,3.04,Lublinek-Pienista
788,4.2,14.8,3020.4,19.2,3.04,Lublinek-Pienista
789,4.12,15.7623,3007.1564,17.1837,3.3195,Nad Nerem
790,3.43,16.3679,2996.8942,15.9132,3.5225,Nad Nerem
791,2.46,15.6154,2991.6929,16.4492,3.5238,Nad Nerem
792,4.4,13.2879,2991.5,17.4799,3.3063,Nad Nerem
793,4.41,13.2546,2991.5,17.5047,3.3031,Nad Nerem
794,4.38,13.4856,2991.5,17.3333,3.3251,Nad Nerem
795,4.37,13.5542,2991.5,17.2823,3.3316,Nad Nerem
796,4.37,13.5242,2991.5,17.3046,3.3288,Nad Nerem
797,4.38,13.4988,2991.5,17.3235,3.3263,Nad Nerem
798,4.38,13.46,2991.5,17.3522,3.3226,Nad Nerem
799,4.38,13.4232,2991.5,17.3796,3.3191,Nad Nerem
800,0.19,11.5075,2991.5,18.8009,3.1368,
801,0.41,17.0,3056.4,8.9,3.61,
802,0.01,17.0,3056.4,8.9,3.61,
803,0.02,17.0,3056.4,8.9,3.61,
804,1.85,26.3,3025.5,30.0,2.8,Bałuty Zachodnie
805,3.22,26.3,3025.5,30.0,2.8,Bałuty Zachodnie
806,8.35,32.6483,3025.5,19.4799,3.0993,Bałuty Zachodnie
807,7.72,33.3,3025.5,18.4,3.13,Bałuty Zachodnie
808,7.72,33.3,3025.5,18.4,3.13,Bałuty Zachodnie
809,5.06,9.5742,3016.0265,7.4174,3.5073,Bałuty Zachodnie
810,4.31,5.0,3014.2,5.3,3.58,Bałuty Zachodnie
811,4.31,5.0,3014.2,5.3,3.58,Bałuty Zachodnie
812,4.73,13.2918,3015.8929,11.2742,3.2589,Bałuty Zachodnie
813,2.27,42.8457,3056.1838,25.0061,3.1161,Bałuty Zachodnie
814,2.26,42.9,3056.4,25.0,3.12,Bałuty Zachodnie
815,52.06,32.7862,3041.722,35.5448,2.1437,Bałuty Zachodnie
816,326.19,29.7188,3040.7047,35.6091,2.1498,Teofilów-Wielkopolska
817,779.01,25.2743,3038.1088,38.664,2.1251,Teofilów-Wielkopolska
818,756.09,26.8571,3030.6015,47.6598,1.9467,Teofilów-Wielkopolska
819,468.85,31.5462,3030.1912,38.6944,2.0397,Teofilów-Wielkopolska
820,34.7,18.4,3102.4,16.8,2.92,Złotno
821,34.7,18.4,3102.4,16.8,2.92,Złotno
822,112.39,21.3781,3061.9049,15.9845,2.918,Złotno
823,171.7,23.0388,3055.6,16.2029,2.9422,Złotno
824,168.91,20.2943,3055.6,19.2502,2.9379,Złotno
825,124.28,20.5298,3055.6,19.8297,3.0573,Złotno
826,110.77,23.1055,3055.6,19.0393,3.0827,Złotno
827,57.36,23.6449,3055.6,17.8912,3.0913,Złotno
828,4.18,13.5291,3055.6,33.7446,2.0041,Złotno
829,4.17,13.5,3055.6,33.8,2.0,Złotno
830,4.17,13.5,3055.6,33.8,2.0,Złotno
831,4.17,13.5,3055.6,33.8,2.0,Złotno
832,4.17,13.5,3055.6,33.8,2.0,Złotno
833,8.53,18.1884,3063.721,17.4743,2.9879,Złotno
834,10.7,19.1,3065.3,14.3,3.18,Złotno
835,10.55,18.4588,3065.3,13.4023,3.0689,Złotno
836,10.37,17.6,3065.3,12.2,2.92,Złotno
837,10.37,17.6,3065.3,12.2,2.92,Złotno
838,465.91,21.7463,3054.7389,29.3575,2.3971,Złotno
839,1340.69,26.2078,3062.2021,28.4061,2.3815,Retkinia Zachód-Smulsko
840,974.07,25.8147,3062.4424,27.3079,2.3655,Retkinia Zachód-Smulsko
841,669.46,23.7099,3045.3304,33.9424,2.3358,Retkinia Zachód-Smulsko
842,351.71,23.9061,3039.0335,29.6204,2.3878,Retkinia Zachód-Smulsko
843,92.99,20.3572,3075.0523,23.4786,2.589,Retkinia Zachód-Smulsko
844,56.6,19.4,3085.8,34.3,2.25,Retkinia Zachód-Smulsko
845,0.06,19.4,3085.8,34.3,2.25,Lublinek-Pienista
846,0.14,14.8,3020.4,19.2,3.04,Lublinek-Pienista
847,2.84,14.8,3020.4,19.2,3.04,Lublinek-Pienista
848,4.2,14.8,3020.4,19.2,3.04,Lublinek-Pienista
849,4.2,14.8,3020.4,19.2,3.04,Lublinek-Pienista
850,2.12,14.1672,3019.1644,20.5169,2.9955,Nad Nerem
851,0.52,10.2449,3011.5053,28.6795,2.7199,Nad Nerem
852,0.17,0.0,2991.5,50.0,2.0,Nad Nerem
853,0.99,9.1454,2991.5,23.8458,2.906,Nad Nerem
854,4.43,10.6732,2991.5,19.4765,3.0573,Nad Nerem
855,4.72,10.7,2991.5,19.4,3.06,Nad Nerem
856,4.72,10.7,2991.5,19.4,3.06,Nad Nerem
857,4.72,10.7,2991.5,19.4,3.06,Nad Nerem
858,4.72,10.7,2991.5,19.4,3.06,Nad Nerem
859,4.72,10.7,2991.5,19.4,3.06,Nad Nerem
860,4.72,10.7,2991.5,19.4,3.06,Nad Nerem
861,3.65,10.7,2991.5,19.4,3.06,Nad Nerem
862,2.25,26.3,3025.5,30.0,2.8,Bałuty Zachodnie
863,3.22,26.3,3025.5,30.0,2.8,Bałuty Zachodnie
864,4.29,29.2929,3025.5,25.0403,2.9411,Bałuty Zachodnie
865,7.72,33.3,3025.5,18.4,3.13,Bałuty Zachodnie
866,7.72,33.3,3025.5,18.4,3.13,Bałuty Zachodnie
867,7.53,32.3822,3025.1335,17.9751,3.1446,Bałuty Zachodnie
868,4.33,5.2357,3014.2941,5.4091,3.5763,Bałuty Zachodnie
869,4.51,7.4258,3014.2,7.1571,3.4716,Bałuty Zachodnie
870,7.31,27.2474,3014.2,22.3319,2.5858,Bałuty Zachodnie
871,7.25,33.033,3017.1181,26.117,2.4126,Bałuty Zachodnie
872,4.39,35.9538,3028.7464,25.7864,2.622,Bałuty Zachodnie
873,5.69,34.2617,3022.0099,25.9779,2.5007,Bałuty Zachodnie
874,126.97,19.3048,3040.7237,34.4659,2.2846,Teofilów-Wielkopolska
875,844.88,20.3757,3041.7,37.2709,2.1378,Teofilów-Wielkopolska
876,606.2,26.2785,3036.7805,44.0713,2.0795,Teofilów-Wielkopolska
877,766.32,27.6562,3040.2088,45.1001,1.9773,Teofilów-Wielkopolska
878,246.93,23.4277,3048.235,36.4201,2.2272,Złotno
879,83.06,10.5835,3081.0824,21.9873,2.721,Złotno
880,155.85,12.1482,3101.7711,21.572,2.4192,Złotno
881,193.25,16.6133,3082.1244,23.673,2.5373,Złotno
882,151.92,25.3042,3055.6,25.2612,2.8202,Złotno
883,135.95,20.692,3060.095,22.4988,2.8694,Złotno
884,104.97,19.4541,3061.4026,19.9698,3.0177,Złotno
885,30.61,17.2806,3055.6,21.3119,3.0181,Złotno
886,4.17,13.5,3055.6,33.8,2.0,Złotno
887,4.17,13.5,3055.6,33.8,2.0,Złotno
888,4.17,13.5,3055.6,33.8,2.0,Złotno
889,4.17,13.5,3055.6,33.8,2.0,Złotno
890,4.17,13.5,3055.6,33.8,2.0,Złotno
891,6.96,17.1801,3061.9745,20.9853,2.7755,Złotno
892,10.7,19.1,3065.3,14.3,3.18,Złotno
893,10.56,18.4943,3065.3,13.452,3.075,Złotno
894,10.37,17.6,3065.3,12.2,2.92,Złotno
895,10.37,17.6,3065.3,12.2,2.92,Złotno
896,235.01,24.5405,3052.8542,30.1136,2.311,Złotno
897,787.36,22.5999,3053.4676,24.9268,2.5195,Retkinia Zachód-Smulsko
898,621.92,22.5332,3056.8004,26.8493,2.4553,Retkinia Zachód-Smulsko
899,743.24,22.2278,3052.5241,37.8872,2.0712,Retkinia Zachód-Smulsko
900,780.48,23.2299,3033.7523,33.0564,2.2106,Retkinia Zachód-Smulsko
901,517.01,29.8338,3035.7165,33.6418,2.19,Retkinia Zachód-Smulsko
902,59.9,19.4,3085.8,34.3,2.25,Retkinia Zachód-Smulsko
903,0.5,19.4,3085.8,34.3,2.25,Lublinek-Pienista
904,0.0,,,,,Lublinek-Pienista
905,0.0,,,,,Lublinek-Pienista
906,2.06,14.8,3020.4,19.2,3.04,Lublinek-Pienista
907,3.41,14.652,3020.1111,19.5079,3.0296,Lublinek-Pienista
908,0.49,9.9165,3010.864,29.3629,2.6968,Nad Nerem
909,0.17,0.0,2991.5,50.0,2.0,Nad Nerem
910,0.17,0.0,2991.5,50.0,2.0,Nad Nerem
911,0.17,0.0,2991.5,50.0,2.0,Nad Nerem
912,1.75,10.0024,2991.5,21.3949,2.9909,Nad Nerem
913,4.75,10.9009,2991.5,19.3069,3.0661,Nad Nerem
914,4.78,11.1365,2991.5,19.1977,3.0733,Nad Nerem
915,4.83,11.4695,2991.5,19.0434,3.0835,Nad Nerem
916,4.84,11.5365,2991.5,19.0124,3.0855,Nad Nerem
917,4.85,11.5925,2991.5,18.9864,3.0872,Nad Nerem
918,4.86,11.6206,2991.5,18.9734,3.0881,Nad Nerem
919,4.87,11.6782,2991.5,18.9467,3.0898,Nad Nerem
920,2.01,11.7235,2991.5,18.9257,3.0912,
921,0.6,26.3,3025.5,30.0,2.8,
922,3.22,26.3,3025.5,30.0,2.8,Bałuty Zachodnie
923,3.22,26.3,3025.5,30.0,2.8,Bałuty Zachodnie
924,5.32,31.0394,3025.5,22.1461,3.0234,Bałuty Zachodnie
925,7.72,33.3,3025.5,18.4,3.13,Bałuty Zachodnie
926,7.66,33.0381,3025.3954,18.2788,3.1342,Bałuty Zachodnie
927,4.85,12.0929,3017.0321,8.5833,3.4672,Bałuty Zachodnie
928,4.31,5.0,3014.2,5.3,3.58,Bałuty Zachodnie
929,7.4,27.628,3014.2,22.6233,2.5688,Bałuty Zachodnie
930,8.68,32.3,3014.2,26.2,2.36,Bałuty Zachodnie
931,8.68,32.3,3014.2,26.2,2.36,Bałuty Zachodnie
932,8.68,32.3,3014.2,26.2,2.36,Bałuty Zachodnie
933,8.68,32.3,3014.2,26.2,2.36,Bałuty Zachodnie
934,760.61,26.1352,3041.6305,39.4997,2.0192,Teofilów-Wielkopolska
935,930.76,27.6057,3039.359,39.3918,2.1078,Teofilów-Wielkopolska
936,1224.02,32.3056,3038.7499,41.4217,2.1283,Teofilów-Wielkopolska
937,1052.9,30.6515,3042.7709,39.8394,2.1043,Teofilów-Wielkopolska
938,187.66,9.0555,3070.7846,24.3246,2.6669,Złotno
939,338.83,13.91,3074.3561,26.144,2.5197,Złotno
940,446.61,11.4736,3094.7781,26.0241,2.4052,Złotno
941,123.18,15.6414,3069.5549,22.1112,2.604,Złotno
942,142.36,20.8296,3070.7808,24.093,2.5431,Złotno
943,140.43,24.3081,3072.4,21.0227,2.7537,Złotno
944,43.48,18.4995,3071.7095,20.2793,2.8455,Złotno
945,23.74,15.1419,3067.1848,20.4368,2.8262,Złotno
946,4.45,13.9865,3056.221,33.4415,2.0294,Złotno
947,4.17,13.5,3055.6,33.8,2.0,Złotno
948,4.17,13.5,3055.6,33.8,2.0,Złotno
949,4.17,13.5,3055.6,33.8,2.0,Złotno
950,5.43,15.6331,3059.2948,26.3723,2.4495,Złotno
951,10.7,19.1,3065.3,14.3,3.18,Złotno
952,10.56,18.4998,3065.3,13.4598,3.076,Złotno
953,10.37,17.6,3065.3,12.2,2.92,Złotno
954,10.37,17.6,3065.3,12.2,2.92,Złotno
955,471.11,30.3766,3059.8281,31.4759,2.2873,Złotno
956,604.04,20.2754,3057.1658,22.9539,2.6275,Retkinia Zachód-Smulsko
957,1197.67,26.1088,3048.0815,37.2402,2.1368,Retkinia Zachód-Smulsko
958,763.37,24.4659,3051.7982,36.0345,2.1648,Retkinia Zachód-Smulsko
959,552.31,22.8928,3048.2904,28.4921,2.3091,Retkinia Zachód-Smulsko
960,987.73,26.43,3045.0552,30.4148,2.296,Retkinia Zachód-Smulsko
961,228.59,23.3533,3040.89,26.5411,2.4984,Retkinia Zachód-Smulsko
962,3.21,19.9686,3075.0365,31.9645,2.3272,Lublinek-Pienista
963,0.0,,,,,Lublinek-Pienista
964,0.0,,,,,Lublinek-Pienista
965,0.0,,,,,Lublinek-Pienista
966,0.53,13.9667,3018.7728,20.9342,2.9814,Lublinek-Pienista
967,0.17,0.0,2991.5,50.0,2.0,Nad Nerem
968,0.17,0.0,2991.5,50.0,2.0,Nad Nerem
969,0.17,0.0,2991.5,50.0,2.0,Nad Nerem
970,0.17,0.0,2991.5,50.0,2.0,Nad Nerem
971,0.52,12.5679,2991.5,26.7153,2.8828,Nad Nerem
972,6.08,17.9428,2991.5,16.0441,3.2808,Nad Nerem
973,6.21,18.4501,2991.5,15.8085,3.2963,Nad Nerem
974,6.29,18.7691,2991.5,15.6606,3.306,Nad Nerem
975,6.29,18.7881,2991.5,15.6519,3.3066,Nad Nerem
976,6.3,18.8086,2991.5,15.6423,3.3072,Nad Nerem
977,6.3,18.8142,2991.5,15.6398,3.3074,Nad Nerem
978,6.3,18.8251,2991.5,15.6347,3.3077,Nad Nerem
979,6.3,18.8199,2991.5,15.6371,3.3076,Nad Nerem
980,0.54,18.9,2991.5,15.6,3.31,
981,2.62,26.3,3025.5,30.0,2.8,Bałuty Zachodnie
982,3.22,26.3,3025.5,30.0,2.8,Bałuty Zachodnie
983,3.22,26.3,3025.5,30.0,2.8,Bałuty Zachodnie
984,9.92,27.3261,3025.5,17.3978,3.0483,Bałuty Zachodnie
985,13.97,25.1385,3025.0238,14.9709,3.085,Bałuty Zachodnie
986,4.73,6.7644,3015.2138,6.1555,3.5325,Bałuty Zachodnie
987,4.31,5.0,3014.2,5.3,3.58,Bałuty Zachodnie
988,4.33,5.0861,3014.2,5.4313,3.5758,Bałuty Zachodnie
989,8.28,30.1414,3014.2,25.0687,2.454,Bałuty Zachodnie
990,8.87,30.5587,3014.2,26.2792,2.4312,Bałuty Zachodnie
991,9.09,28.6699,3014.2,26.365,2.5085,Bałuty Zachodnie
992,9.33,26.7345,3014.2,26.453,2.5877,Bałuty Zachodnie
993,9.53,25.341,3014.2916,26.5657,2.6418,Bałuty Zachodnie
994,904.4,24.2871,3039.435,49.6222,1.8345,Teofilów-Wielkopolska
995,1220.67,27.3979,3038.4633,43.92,2.028,Teofilów-Wielkopolska
996,1266.5,28.5419,3035.9899,44.6578,1.9529,Teofilów-Wielkopolska
997,546.53,21.8722,3035.0276,38.7593,2.0831,Teofilów-Wielkopolska
998,122.2,16.3607,3071.0455,15.235,3.1928,Złotno
999,124.07,16.0112,3072.4,16.9356,3.1565,Złotno
1000,130.37,17.7394,3072.4,23.7556,2.993,Złotno
1001,140.78,23.0416,3072.4,21.603,2.663,Złotno
1002,141.12,26.0746,3072.4,24.8765,2.5926,Złotno
1003,87.6,20.5343,3072.4,19.8788,2.8489,Zdrowie-Mania
1004,81.75,16.0116,3070.0024,18.6207,2.9439,Zdrowie-Mania
1005,151.92,18.2909,3065.2911,22.1283,2.7806,Zdrowie-Mania
1006,110.6,25.2013,3065.1823,27.2398,2.5653,Zdrowie-Mania
1007,58.36,21.536,3064.8261,28.1378,2.4654,Złotno
1008,5.69,16.156,3058.4004,29.3252,2.2743,Złotno
1009,5.68,15.9389,3059.8246,25.3073,2.5139,Złotno
1010,10.59,19.0633,3065.2364,14.4279,3.1723,Złotno
1011,10.56,18.5011,3065.3,13.4616,3.0762,Złotno
1012,10.37,17.6,3065.3,12.2,2.92,Złotno
1013,10.37,17.6,3065.3,12.2,2.92,Złotno
1014,134.31,31.2294,3054.537,30.8453,2.2395,Złotno
1015,1309.49,25.4272,3061.5097,34.8373,2.1819,Retkinia Zachód-Smulsko
1016,935.5,19.9981,3055.4819,29.3196,2.4001,Retkinia Zachód-Smulsko
1017,1215.54,24.3379,3047.2516,35.4652,2.1837,Retkinia Zachód-Smulsko
1018,433.63,18.6211,3048.0028,26.7266,2.3749,Retkinia Zachód-Smulsko
1019,577.28,17.1012,3046.7717,24.1681,2.3712,Retkinia Zachód-Smulsko
1020,386.66,27.9454,3046.5832,31.7045,2.2819,Retkinia Zachód-Smulsko
1021,27.09,25.9042,3047.1038,31.5094,2.3201,Lublinek-Pienista
1022,0.04,11.6,3116.0,29.9,2.61,Lublinek-Pienista
1023,0.16,11.6,3116.0,29.9,2.61,Lublinek-Pienista
1024,0.0,,,,,Lublinek-Pienista
1025,0.0,,,,,Lublinek-Pienista
1026,0.08,0.0,2991.5,50.0,2.0,Lublinek-Pienista
1027,0.17,0.0,2991.5,50.0,2.0,Nad Nerem
1028,0.17,0.0,2991.5,50.0,2.0,Nad Nerem
1029,0.17,0.0,2991.5,50.0,2.0,Nad Nerem
1030,0.17,0.0,2991.5,50.0,2.0,Nad Nerem
1031,2.26,17.9341,2991.5,17.358,3.2431,Nad Nerem
1032,6.32,18.9,2991.5,15.6,3.31,Nad Nerem
1033,6.32,18.9,2991.5,15.6,3.31,Nad Nerem
1034,6.32,18.9,2991.5,15.6,3.31,Nad Nerem
1035,6.32,18.9,2991.5,15.6,3.31,Nad Nerem
1036,6.32,18.9,2991.5,15.6,3.31,Nad Nerem
1037,6.32,18.9,2991.5,15.6,3.31,Nad Nerem
1038,6.32,18.9,2991.5,15.6,3.31,Nad Nerem
1039,5.27,18.9,2991.5,15.6,3.31,Nad Nerem
1040,1.09,26.3,3025.5,30.0,2.8,
1041,2.74,26.3,3025.5,30.0,2.8,Bałuty Zachodnie
1042,3.22,26.3,3025.5,30.0,2.8,Bałuty Zachodnie
1043,3.22,26.3,3025.5,30.0,2.8,Bałuty Zachodnie
1044,20.11,22.5114,3025.5,14.9205,3.014,Bałuty Zachodnie
1045,31.12,22.4,3025.5,13.9,3.03,Bałuty Zachodnie
1046,30.12,22.3069,3025.4395,13.854,3.0329,Bałuty Zachodnie
1047,14.86,20.2027,3020.5883,18.3438,3.0103,Bałuty Zachodnie
1048,9.23,17.8296,3014.2,24.8628,2.9613,Bałuty Zachodnie
1049,9.85,18.5389,3014.2,25.9442,2.9271,Bałuty Zachodnie
1050,10.36,19.3855,3014.2,26.787,2.8883,Bałuty Zachodnie
1051,10.4,19.1,3014.2,26.8,2.9,Bałuty Zachodnie
1052,10.4,19.1,3014.2,26.8,2.9,Bałuty Zachodnie
1053,10.4,19.1,3014.2,26.8,2.9,Bałuty Zachodnie
1054,126.82,27.4943,3036.5377,38.7558,2.1688,Bałuty Zachodnie
1055,1096.17,31.4848,3038.9425,46.9221,1.9195,Teofilów-Wielkopolska
1056,839.74,29.7814,3038.2625,43.1123,1.9772,Teofilów-Wielkopolska
1057,458.58,24.4953,3034.7288,36.4244,2.2264,Teofilów-Wielkopolska
1058,89.44,24.1193,3040.9904,26.1359,2.5349,Teofilów-Wielkopolska
1059,156.64,16.5741,3072.4,15.8746,2.9736,Złotno
1060,161.42,18.9341,3072.4,25.2342,2.8391,Złotno
1061,146.85,20.666,3072.4,18.8199,3.0831,Złotno
1062,156.86,25.9035,3072.4,24.2603,2.6688,Złotno
1063,63.94,17.9802,3072.4,19.7743,2.8928,Złotno
1064,64.17,18.2378,3070.9421,18.8191,2.944,Zdrowie-Mania
1065,139.4,15.5576,3065.3026,15.1589,3.1156,Zdrowie-Mania
1066,149.73,21.9305,3065.3,19.7396,2.945,Zdrowie-Mania
1067,144.15,27.2266,3065.3,22.5601,2.8541,Zdrowie-Mania
1068,61.05,24.5447,3065.2985,19.4461,2.9248,Zdrowie-Mania
1069,42.95,22.4894,3065.0944,18.6088,2.9309,Zdrowie-Mania
1070,46.7,14.846,3065.3,19.6149,2.983,Złotno
1071,21.78,21.7889,3065.3,28.077,2.5554,Złotno
1072,10.96,21.118,3065.3,19.5033,2.7775,Złotno
1073,10.98,21.2372,3065.3,19.7507,2.7727,Złotno
1074,113.43,30.8603,3044.5444,30.9263,2.1942,Zdrowie-Mania
1075,676.99,28.1189,3042.4655,29.8824,2.147,Karolew-Retkinia Wschód
1076,623.74,25.4237,3051.6886,32.6557,2.2022,Karolew-Retkinia Wschód
1077,770.33,23.3065,3045.6397,41.6687,2.0586,Retkinia Zachód-Smulsko
1078,876.9,28.3021,3038.9702,28.1373,2.2998,Retkinia Zachód-Smulsko
1079,1040.31,22.7983,3044.0289,28.4262,2.3199,Retkinia Zachód-Smulsko
1080,441.49,26.4185,3045.8,30.6082,2.3249,Retkinia Zachód-Smulsko
1081,93.22,20.3499,3073.5171,32.9991,2.4049,Lublinek-Pienista
1082,45.06,11.6,3116.0,29.9,2.61,Lublinek-Pienista
1083,45.46,11.6,3116.0,29.9,2.61,Lublinek-Pienista
1084,10.6,11.6,3116.0,29.9,2.61,Lublinek-Pienista
1085,0.0,,,,,Lublinek-Pienista
1086,0.0,0.0,2991.5,50.0,2.0,Lublinek-Pienista
1087,0.17,0.0,2991.5,50.0,2.0,Nad Nerem
1088,0.17,0.0,2991.5,50.0,2.0,Nad Nerem
1089,0.17,0.0,2991.5,50.0,2.0,Nad Nerem
1090,0.17,0.0,2991.5,50.0,2.0,Nad Nerem
1091,0.17,0.0,2991.5,50.0,2.0,Nad Nerem
1092,4.35,21.0955,2991.5,16.4657,3.3137,Nad Nerem
1093,6.65,21.3428,2991.5,15.9701,3.3322,Nad Nerem
1094,6.66,21.3725,2991.5,15.9746,3.3325,Nad Nerem
1095,6.66,21.3894,2991.5,15.9772,3.3326,Nad Nerem
1096,6.66,21.4161,2991.5,15.9812,3.3329,Nad Nerem
1097,6.66,21.4351,2991.5,15.9841,3.333,Nad Nerem
1098,6.67,21.4546,2991.5,15.9871,3.3332,Nad Nerem
1099,6.67,21.4781,2991.5,15.9906,3.3334,Nad Nerem
1100,3.27,21.6977,2991.5,16.0239,3.3354,
1101,0.31,26.3,3025.5,30.0,2.8,
1102,3.22,26.3,3025.5,30.0,2.8,Bałuty Zachodnie
1103,4.01,27.0146,3025.5,27.0184,2.8148,Bałuty Zachodnie
1104,11.43,16.6343,3025.5,17.4935,2.8905,Bałuty Zachodnie
1105,16.64,13.672,3025.5,15.7192,2.9069,Bałuty Zachodnie
1106,25.53,19.2927,3025.5,14.378,2.989,Bałuty Zachodnie
1107,31.12,22.4,3025.5,13.9,3.03,Bałuty Zachodnie
1108,30.49,22.3657,3025.3827,14.0339,3.0287,Bałuty Zachodnie
1109,10.4,19.1004,3014.2014,26.7985,2.9,Bałuty Zachodnie
1110,10.4,19.1,3014.2,26.8,2.9,Bałuty Zachodnie
1111,10.4,19.1,3014.2,26.8,2.9,Bałuty Zachodnie
1112,10.4,19.1,3014.2,26.8,2.9,Bałuty Zachodnie
1113,10.4,19.1,3014.2,26.8,2.9,Bałuty Zachodnie
1114,10.4,19.1,3014.2,26.8,2.9,Bałuty Zachodnie
1115,10.4,19.1,3014.2,26.8,2.9,Bałuty Zachodnie
1116,497.68,29.0413,3041.7358,45.7391,1.9662,Teofilów-Wielkopolska
1117,770.15,33.6911,3041.5468,58.5793,1.6464,Teofilów-Wielkopolska
1118,864.46,27.5489,3032.8714,45.739,1.9634,Teofilów-Wielkopolska
1119,40.44,25.0,3032.3,33.3,2.3,Teofilów-Wielkopolska
1120,73.1,20.2175,3056.2722,22.3601,2.7065,Teofilów-Wielkopolska
1121,163.65,16.0665,3072.4,17.5177,2.898,Złotno
1122,114.39,21.0484,3072.4,25.8119,2.871,Złotno
1123,42.63,25.704,3072.4,25.463,2.8989,Zdrowie-Mania
1124,14.74,34.4924,3072.4,29.7311,2.5162,Zdrowie-Mania
1125,10.1,40.2089,3072.5898,32.9341,2.4308,Zdrowie-Mania
1126,63.31,18.1884,3066.8587,15.2173,3.1205,Zdrowie-Mania
1127,111.51,17.7622,3065.6034,14.2155,3.1692,Zdrowie-Mania
1128,137.97,21.5895,3065.3688,19.9677,2.9179,Zdrowie-Mania
1129,57.46,22.6862,3065.3,18.5279,2.9431,Zdrowie-Mania
1130,54.76,22.7,3065.3,18.3,2.95,Zdrowie-Mania
1131,90.69,14.7452,3065.3,20.4138,2.9535,Zdrowie-Mania
1132,105.3,22.8618,3065.3,29.9387,2.3975,Zdrowie-Mania
1133,32.59,23.7503,3065.3,38.6943,2.1895,Zdrowie-Mania
1134,11.81,25.5,3065.3,28.6,2.6,Zdrowie-Mania
1135,23.46,21.9018,3056.0988,29.7309,2.4509,Zdrowie-Mania
1136,997.17,27.4507,3046.9091,36.1162,2.1219,Karolew-Retkinia Wschód
1137,1454.62,25.2949,3051.0772,40.1348,2.0509,Karolew-Retkinia Wschód
1138,490.54,21.6547,3047.1139,33.8957,2.2593,Karolew-Retkinia Wschód
1139,581.4,26.3862,3026.6479,38.1645,2.0762,Karolew-Retkinia Wschód
1140,1183.8,24.2662,3031.9441,35.3135,2.1756,Retkinia Zachód-Smulsko
1141,496.15,26.4567,3040.9221,34.3498,2.271,Retkinia Zachód-Smulsko
1142,112.6,17.0028,3070.2634,30.5805,2.4611,Lublinek-Pienista
1143,53.13,11.6,3116.0,29.9,2.61,Lublinek-Pienista
1144,45.5,11.6,3116.0,29.9,2.61,Lublinek-Pienista
1145,1.59,11.6,3116.0,29.9,2.61,Lublinek-Pienista
1146,0.0,,,,,Lublinek-Pienista
1147,0.0,,,,,Lublinek-Pienista
1148,0.13,0.0,2991.5,50.0,2.0,Nad Nerem
1149,0.17,0.0,2991.5,50.0,2.0,Nad Nerem
1150,0.17,0.0,2991.5,50.0,2.0,Nad Nerem
1151,0.17,0.0,2991.5,50.0,2.0,Nad Nerem
1152,0.17,0.0,2991.5,50.0,2.0,Nad Nerem
1153,3.12,21.5112,2991.5,17.1519,3.2984,Nad Nerem
1154,6.77,22.2,2991.5,16.1,3.34,Nad Nerem
1155,6.77,22.2,2991.5,16.1,3.34,Nad Nerem
1156,6.77,22.2,2991.5,16.1,3.34,Nad Nerem
1157,6.77,22.2,2991.5,16.1,3.34,Nad Nerem
1158,6.77,22.2,2991.5,16.1,3.34,Nad Nerem
1159,6.77,22.2,2991.5,16.1,3.34,Nad Nerem
1160,6.77,22.2,2991.5,16.1,3.34,Nad Nerem
1161,5.69,22.2,2991.5,16.1,3.34,Nad Nerem
1162,0.55,22.2,2991.5,16.1,3.34,
1163,1.5,26.3,3025.5,30.0,2.8,
1164,3.24,26.3255,3025.5,29.8936,2.8005,Bałuty Zachodnie
1165,15.89,23.5994,3025.5,17.1791,2.8765,Bałuty Zachodnie
1166,18.97,13.3,3025.5,15.3,2.91,Bałuty Zachodnie
1167,18.97,13.3,3025.5,15.3,2.91,Bałuty Zachodnie
1168,26.06,19.6439,3025.5,14.324,2.9937,Bałuty Zachodnie
1169,31.12,22.4,3025.5,13.9,3.03,Bałuty Zachodnie
1170,22.92,21.8072,3023.47,16.2175,3.0066,Bałuty Zachodnie
1171,10.4,19.1,3014.2,26.8,2.9,Bałuty Zachodnie
1172,10.4,19.1,3014.2,26.8,2.9,Bałuty Zachodnie
1173,9.76,20.6178,3014.2,27.2066,2.8654,Bałuty Zachodnie
1174,7.91,26.3998,3014.2,28.7553,2.7338,Bałuty Zachodnie
1175,7.28,29.0279,3014.2,29.4593,2.674,Bałuty Zachodnie
1176,7.9,26.4284,3014.2,28.763,2.7331,Bałuty Zachodnie
1177,9.31,21.8217,3014.2,27.529,2.838,Bałuty Zachodnie
1178,109.19,20.9951,3040.9418,41.4825,2.1309,Teofilów-Wielkopolska
1179,540.31,32.4844,3032.8695,41.9056,2.0385,Teofilów-Wielkopolska
1180,345.17,26.8942,3032.3,43.8229,1.9591,Teofilów-Wielkopolska
1181,40.44,25.0,3032.3,33.3,2.3,Teofilów-Wielkopolska
1182,63.46,20.4054,3060.3735,21.2556,2.7526,Teofilów-Wielkopolska
1183,19.03,27.6615,3072.4,27.0165,2.6063,Zdrowie-Mania
1184,9.91,41.0,3072.4,33.3,2.42,Zdrowie-Mania
1185,9.91,41.0,3072.4,33.3,2.42,Zdrowie-Mania
1186,9.91,41.0,3072.4,33.3,2.42,Zdrowie-Mania
1187,62.22,8.0553,3093.0968,41.4764,1.9175,Zdrowie-Mania
1188,6.61,23.5,3093.6,34.1,2.17,Zdrowie-Mania
1189,6.67,23.4437,3093.3254,33.905,2.1798,Zdrowie-Mania
1190,15.46,22.9775,3075.2092,23.8749,2.6756,Zdrowie-Mania
1191,34.67,22.7636,3067.55,19.5562,2.888,Zdrowie-Mania
1192,83.29,16.724,3065.3103,19.0429,2.9464,Zdrowie-Mania
1193,105.58,22.7689,3065.3,29.949,2.3997,Zdrowie-Mania
1194,73.63,23.1218,3065.3,42.3207,2.042,Zdrowie-Mania
1195,11.81,25.5,3065.3,28.6,2.6,Zdrowie-Mania
1196,11.81,25.5,3065.3,28.6,2.6,Zdrowie-Mania
1197,693.22,20.2241,3048.0782,41.7236,2.0207,Karolew-Retkinia Wschód
1198,1083.04,27.2837,3050.4361,38.6502,2.0796,Karolew-Retkinia Wschód
1199,885.08,27.3123,3047.6131,31.1449,2.2065,Karolew-Retkinia Wschód
1200,889.03,24.9037,3029.189,30.6844,2.2175,Karolew-Retkinia Wschód
1201,873.51,28.257,3030.2483,31.4923,2.2051,Karolew-Retkinia Wschód
1202,522.25,31.1048,3032.4179,34.3458,2.1459,Karolew-Retkinia Wschód
1203,382.52,17.5122,3105.2494,29.4012,2.3303,Lublinek-Pienista
1204,309.57,16.1798,3110.0311,28.8179,2.3817,Lublinek-Pienista
1205,62.49,14.9807,3092.5645,29.6135,2.5011,Lublinek-Pienista
1206,0.0,,,,,Lublinek-Pienista
1207,0.0,,,,,Lublinek-Pienista
1208,0.0,,,,,Lublinek-Pienista
1209,0.1,0.0,2991.5,50.0,2.0,Nad Nerem
1210,0.17,0.0,2991.5,50.0,2.0,Nad Nerem
1211,0.17,0.0,2991.5,50.0,2.0,Nad Nerem
1212,0.17,0.0,2991.5,50.0,2.0,Nad Nerem
1213,0.17,0.0,2991.5,50.0,2.0,Nad Nerem
1214,0.48,14.3984,2991.5,28.0132,2.8691,Nad Nerem
1215,6.75,22.1981,2991.5,16.1029,3.3399,Nad Nerem
1216,6.77,22.2,2991.5,16.1,3.34,Nad Nerem
1217,6.77,22.2,2991.5,16.1,3.34,Nad Nerem
1218,6.77,22.2,2991.5,16.1,3.34,Nad Nerem
1219,6.77,22.2,2991.5,16.1,3.34,Nad Nerem
1220,6.77,22.2,2991.5,16.1,3.34,Nad Nerem
1221,6.77,22.2,2991.5,16.1,3.34,Nad Nerem
1222,2.03,22.2,2991.5,16.1,3.34,
1223,3.22,27.0707,3025.5,26.7841,2.8159,Bałuty Zachodnie
1224,13.25,29.0486,3025.5,18.5317,2.8569,Bałuty Zachodnie
1225,18.57,15.1267,3025.5,15.5987,2.9043,Bałuty Zachodnie
1226,18.97,13.3,3025.5,15.3,2.91,Bałuty Zachodnie
1227,18.97,13.3,3025.5,15.3,2.91,Bałuty Zachodnie
1228,25.08,18.9784,3025.5,14.4264,2.9849,Bałuty Zachodnie
1229,31.12,22.4,3025.5,13.9,3.03,Bałuty Zachodnie
1230,22.7,22.3076,3023.7104,16.0582,2.9996,Bałuty Zachodnie
1231,8.18,25.3987,3014.2,28.4871,2.7566,Bałuty Zachodnie
1232,6.14,35.1748,3014.2,31.1057,2.534,Bałuty Zachodnie
1233,5.29,41.5,3014.2,32.8,2.39,Bałuty Zachodnie
1234,5.29,41.5,3014.2,32.8,2.39,Bałuty Zachodnie
1235,5.29,41.5,3014.2,32.8,2.39,Bałuty Zachodnie
1236,5.29,41.5,3014.2,32.8,2.39,Bałuty Zachodnie
1237,13.51,37.5993,3022.8275,40.4288,2.0788,Bałuty Zachodnie
1238,145.87,33.3944,3030.3654,39.7834,1.9855,Teofilów-Wielkopolska
1239,205.12,34.7901,3030.9942,37.7585,2.1425,Teofilów-Wielkopolska
1240,51.09,26.8273,3032.126,35.3956,2.2603,Teofilów-Wielkopolska
1241,34.08,25.9556,3034.8861,33.2418,2.3095,Teofilów-Wielkopolska
1242,9.91,41.0,3072.4,33.3,2.42,Zdrowie-Mania
1243,9.91,41.0,3072.4,33.3,2.42,Zdrowie-Mania
1244,10.59,39.5991,3073.863,33.1827,2.4545,Zdrowie-Mania
1245,10.43,40.1213,3073.529,33.0018,2.4248,Zdrowie-Mania
1246,133.68,27.6683,3093.38,33.0958,2.3339,Zdrowie-Mania
1247,81.59,7.9591,3093.6,41.701,1.9096,Zdrowie-Mania
1248,6.61,23.5,3093.6,34.1,2.17,Zdrowie-Mania
1249,6.61,23.5,3093.6,34.1,2.17,Zdrowie-Mania
1250,6.61,23.5,3093.6,34.1,2.17,Zdrowie-Mania
1251,17.35,23.226,3074.4441,19.5264,2.6712,Zdrowie-Mania
1252,59.3,23.1292,3066.0002,23.501,2.5878,Zdrowie-Mania
1253,51.48,23.3171,3065.3,41.1935,2.0879,Zdrowie-Mania
1254,11.81,25.5,3065.3,28.6,2.6,Zdrowie-Mania
1255,11.81,25.5,3065.3,28.6,2.6,Zdrowie-Mania
1256,38.92,23.5197,3060.6322,29.6609,2.4373,Zdrowie-Mania
1257,1140.09,27.6037,3036.7359,35.3826,2.2236,Karolew-Retkinia Wschód
1258,641.64,25.2622,3042.2963,32.2382,2.209,Karolew-Retkinia Wschód
1259,939.09,22.2456,3052.9437,34.1561,2.187,Karolew-Retkinia Wschód
1260,591.37,28.3984,3055.0094,34.9396,2.1144,Karolew-Retkinia Wschód
1261,601.44,27.1247,3055.0,34.5721,2.1291,Karolew-Retkinia Wschód
1262,207.5,20.0772,3066.3771,28.8158,2.3424,Lublinek-Pienista
1263,710.12,21.307,3086.7394,23.657,2.5331,Lublinek-Pienista
1264,410.81,18.4507,3092.9605,24.915,2.5627,Lublinek-Pienista
1265,0.37,8.9,3116.0,13.6,3.24,Lublinek-Pienista
1266,0.39,8.9,3116.0,13.6,3.24,Lublinek-Pienista
1267,0.51,8.9,3116.0,13.6,3.24,Lublinek-Pienista
1268,0.75,8.3236,3107.9365,15.9575,3.1597,Lublinek-Pienista
1269,0.37,4.7316,3057.6898,30.6481,2.6592,Nad Nerem
1270,0.17,0.0,2991.5,50.0,2.0,Nad Nerem
1271,0.17,0.0,2991.5,50.0,2.0,Nad Nerem
1272,0.17,0.0,2991.5,50.0,2.0,Nad Nerem
1273,0.17,0.0,2991.5,50.0,2.0,Nad Nerem
1274,4.56,21.7413,2991.5,17.7762,3.2895,Nad Nerem
1275,6.58,21.807,2991.5,18.8249,3.2666,Nad Nerem
1276,6.57,21.5583,2991.5,19.9099,3.2452,Nad Nerem
1277,8.58,19.473,2991.5,19.4039,3.4396,Nad Nerem
1278,8.6,19.4517,2991.5,19.4297,3.4404,Nad Nerem
1279,8.61,19.4367,2991.5,19.4479,3.441,Nad Nerem
1280,8.63,19.4084,2991.5,19.4821,3.442,Nad Nerem
1281,8.64,19.3522,2991.5,19.5502,3.4441,Nad Nerem
1282,0.53,17.6535,2991.5,21.6083,3.5061,
1283,2.28,29.1851,3025.5,17.9621,2.8597,
1284,15.84,29.1931,3025.5,17.9288,2.8599,Bałuty Zachodnie
1285,18.45,15.7037,3025.5,15.6931,2.9024,Bałuty Zachodnie
1286,18.97,13.3,3025.5,15.3,2.91,Bałuty Zachodnie
1287,18.97,13.3,3025.5,15.3,2.91,Bałuty Zachodnie
1288,19.55,13.6018,3027.5476,15.0801,2.9091,Bałuty Zachodnie
1289,56.15,14.6191,3059.7883,12.3573,3.0459,Bałuty Zachodnie
1290,28.83,17.8933,3057.1274,14.5019,2.9833,Bałuty Zachodnie
1291,5.29,41.5,3014.2,32.8,2.39,Bałuty Zachodnie
1292,5.24,41.5058,3014.2,32.7776,2.3901,Bałuty Zachodnie
1293,5.06,41.5296,3014.2,32.6857,2.3904,Bałuty Zachodnie
1294,4.92,41.549,3014.2,32.6111,2.3906,Bałuty Zachodnie
1295,4.55,41.6038,3014.2,32.3994,2.3913,Bałuty Zachodnie
1296,5.29,41.5011,3014.2,32.7958,2.39,Bałuty Zachodnie
1297,5.29,41.5,3014.2,32.8,2.39,Bałuty Zachodnie
1298,88.27,41.6558,3019.3979,39.1846,2.2228,Bałuty Zachodnie
1299,1117.15,31.0534,3027.9,35.9985,2.0706,Teofilów-Wielkopolska
1300,786.68,30.9472,3028.1243,38.3639,2.0569,Teofilów-Wielkopolska
1301,133.97,28.709,3037.5405,50.3526,2.0045,Teofilów-Wielkopolska
1302,47.31,30.244,3052.5203,42.1279,2.0563,Zdrowie-Mania
1303,11.32,39.1948,3069.1944,35.6302,2.3334,Zdrowie-Mania
1304,85.62,21.0301,3092.5513,31.2123,2.8531,Zdrowie-Mania
1305,96.23,18.6965,3092.6817,29.0762,2.6752,Zdrowie-Mania
1306,157.83,19.4989,3093.4407,33.6195,2.3831,Zdrowie-Mania
1307,199.35,26.9906,3076.2978,39.1248,2.143,imienia Józefa Montwiłła-Mireckiego
1308,6.61,23.5,3093.6,34.1,2.17,Zdrowie-Mania
1309,6.61,23.5,3093.6,34.1,2.17,Zdrowie-Mania
1310,6.61,23.5,3093.6,34.1,2.17,Zdrowie-Mania
1311,6.61,23.5,3093.6,34.1,2.17,Zdrowie-Mania
1312,6.61,23.5,3093.6,34.1,2.17,Zdrowie-Mania
1313,7.65,24.117,3084.8699,32.4033,2.3026,Zdrowie-Mania
1314,10.96,25.3037,3068.0775,29.1398,2.5578,Zdrowie-Mania
1315,11.81,25.5,3065.3,28.6,2.6,Zdrowie-Mania
1316,11.81,25.5,3065.3,28.6,2.6,Zdrowie-Mania
1317,129.0,24.2391,3042.3175,35.0387,2.3072,Karolew-Retkinia Wschód
1318,382.36,26.2064,3056.3412,34.4474,2.2141,Karolew-Retkinia Wschód
1319,952.07,26.6032,3063.973,36.9148,2.1304,Karolew-Retkinia Wschód
1320,931.07,24.4181,3053.3637,36.9735,2.1032,Karolew-Retkinia Wschód
1321,1112.81,26.4821,3052.2586,33.3641,2.2465,Karolew-Retkinia Wschód
1322,419.49,23.816,3061.4117,30.3019,2.4228,Lublinek-Pienista
1323,461.99,22.9316,3075.1,24.8333,2.5036,Lublinek-Pienista
1324,232.47,21.0851,3076.1864,22.0794,2.5521,Lublinek-Pienista
1325,8.46,8.9,3116.0,13.6,3.24,Lublinek-Pienista
1326,8.42,8.9,3116.0,13.6,3.24,Lublinek-Pienista
1327,8.51,8.9,3116.0,13.6,3.24,Lublinek-Pienista
1328,8.62,8.9,3116.0,13.6,3.24,Lublinek-Pienista
1329,8.7,8.8988,3115.9827,13.605,3.2398,Lublinek-Pienista
1330,61.08,32.242,3038.9442,10.4966,3.1611,Rokicie
1331,7.19,32.0613,3036.1708,11.2918,3.1339,Nad Nerem
1332,1.6,17.3467,3047.3849,20.314,2.7869,Nad Nerem
1333,0.17,0.0,2991.5,50.0,2.0,Nad Nerem
1334,1.77,19.2052,2991.5,28.197,2.9835,Nad Nerem
1335,6.1,20.7,2991.5,26.5,3.06,Nad Nerem
1336,6.1,20.7,2991.5,26.5,3.06,Nad Nerem
1337,8.62,18.3511,2991.5,23.8971,3.3584,Nad Nerem
1338,11.31,17.0,2991.5,22.4,3.53,Nad Nerem
1339,11.31,17.0,2991.5,22.4,3.53,Nad Nerem
1340,11.31,17.0,2991.5,22.4,3.53,Nad Nerem
1341,11.31,17.0,2991.5,22.4,3.53,Nad Nerem
1342,11.21,16.5974,3016.093,19.6552,3.3507,Nad Nerem
1343,14.21,29.2,3025.5,17.9,2.86,Bałuty Zachodnie
1344,17.97,18.0197,3025.5,16.0718,2.8952,Bałuty Zachodnie
1345,19.24,13.696,3025.576,15.5247,2.8985,Bałuty Zachodnie
1346,38.13,23.835,3040.6668,18.6934,2.6568,Bałuty Zachodnie
1347,47.94,19.4129,3066.9803,10.8463,2.8925,Radogoszcz
1348,63.56,19.6608,3072.9305,10.3233,2.9049,Radogoszcz
1349,103.28,12.8816,3073.0,11.5665,3.0657,Radogoszcz
1350,51.99,14.4013,3069.9332,12.7111,3.0271,Radogoszcz
1351,4.23,40.0848,3018.8708,30.3383,2.4217,Bałuty Zachodnie
1352,0.64,46.1594,3014.2,14.8201,2.4503,Bałuty Zachodnie
1353,0.48,47.8749,3014.2,8.2004,2.4725,Bałuty Zachodnie
1354,0.46,48.364,3014.2,6.313,2.4788,Bałuty Zachodnie
1355,2.13,42.4612,3014.2,29.0907,2.4024,Bałuty Zachodnie
1356,5.29,41.5,3014.2,32.8,2.39,Bałuty Zachodnie
1357,5.29,41.5,3014.2,32.8,2.39,Bałuty Zachodnie
1358,528.06,34.3562,3022.5036,37.1327,2.1516,Bałuty Zachodnie
1359,747.55,30.4873,3029.5405,41.2401,2.1504,Teofilów-Wielkopolska
1360,760.41,30.6278,3034.4031,36.8837,2.0789,Teofilów-Wielkopolska
1361,348.87,27.4463,3049.1859,39.6315,2.0259,Teofilów-Wielkopolska
1362,366.32,24.8777,3049.5001,41.3285,2.0132,Teofilów-Wielkopolska
1363,78.35,25.453,3070.8756,40.3759,2.3481,Zdrowie-Mania
1364,140.6,18.2572,3092.5249,29.2786,2.6739,Zdrowie-Mania
1365,81.22,25.6107,3083.406,31.3199,2.6479,Zdrowie-Mania
1366,438.23,27.1799,3054.3102,43.1037,2.0205,imienia Józefa Montwiłła-Mireckiego
1367,665.04,25.3093,3052.8065,42.8916,1.9957,imienia Józefa Montwiłła-Mireckiego
1368,6.61,23.5,3093.6,34.1,2.17,Zdrowie-Mania
1369,6.61,23.5,3093.6,34.1,2.17,Zdrowie-Mania
1370,6.61,23.5,3093.6,34.1,2.17,Zdrowie-Mania
1371,6.61,23.5,3093.6,34.1,2.17,Zdrowie-Mania
1372,6.61,23.5,3093.6,34.1,2.17,Zdrowie-Mania
1373,6.61,23.5,3093.6,34.1,2.17,Zdrowie-Mania
1374,43.15,31.0813,3053.8538,39.1901,2.0488,Karolew-Retkinia Wschód
1375,437.59,20.0573,3048.7516,45.8875,1.9663,Karolew-Retkinia Wschód
1376,51.98,25.6926,3065.2037,16.2742,2.9081,Karolew-Retkinia Wschód
1377,852.45,25.4184,3063.8879,37.5293,2.1389,Karolew-Retkinia Wschód
1378,1108.89,25.0184,3058.6463,45.3865,1.8906,Karolew-Retkinia Wschód
1379,1072.59,25.0164,3043.7578,40.6084,2.0436,Karolew-Retkinia Wschód
1380,1245.85,24.3091,3037.4525,34.9291,2.1756,Karolew-Retkinia Wschód
1381,390.37,22.1057,3058.2825,28.8298,2.4976,Karolew-Retkinia Wschód
1382,280.44,14.8943,3075.1505,23.8671,2.6604,Lublinek-Pienista
1383,46.17,21.4375,3081.962,21.5437,2.832,Lublinek-Pienista
1384,8.8,8.9,3116.0,13.6,3.24,Lublinek-Pienista
1385,8.8,8.9,3116.0,13.6,3.24,Lublinek-Pienista
1386,8.8,8.9,3116.0,13.6,3.24,Lublinek-Pienista
1387,8.8,8.9,3116.0,13.6,3.24,Lublinek-Pienista
1388,8.8,8.9,3116.0,13.6,3.24,Lublinek-Pienista
1389,30.03,25.5233,3054.8813,13.1391,3.1244,Lublinek-Pienista
1390,79.9,32.6781,3037.1837,10.5305,3.1565,Rokicie
1391,20.05,26.5333,3044.5444,13.5343,3.0263,Rokicie
1392,37.61,19.388,3053.9614,16.8205,2.8795,Rokicie
1393,12.19,19.6203,3038.9262,19.2452,2.9186,Nad Nerem
1394,6.1,20.7,2991.5,26.5,3.06,Nad Nerem
1395,6.1,20.7,2991.5,26.5,3.06,Nad Nerem
1396,6.1,20.7,2991.5,26.5,3.06,Nad Nerem
1397,10.95,17.1416,2991.5,22.5569,3.512,Nad Nerem
1398,11.31,17.0,2991.5,22.4,3.53,Nad Nerem
1399,11.31,17.0,2991.5,22.4,3.53,Nad Nerem
1400,11.8,16.8439,3001.0359,21.3357,3.4605,Nad Nerem
1401,14.93,16.0842,3047.449,16.1557,3.122,Ruda
1402,11.0,15.9,3058.7,14.9,3.04,Ruda
1403,13.08,32.0035,3028.7138,24.6694,2.6138,Bałuty Zachodnie
1404,24.21,23.4799,3028.7422,19.49,2.7225,Bałuty Zachodnie
1405,31.58,20.0455,3029.4382,18.2923,2.7158,Radogoszcz
1406,181.6,34.4919,3030.1836,27.0308,2.3387,Radogoszcz
1407,267.8,25.8971,3049.4941,21.6615,2.4423,Radogoszcz
1408,65.03,19.8543,3073.0,10.4616,2.9123,Radogoszcz
1409,100.32,16.8942,3073.0,12.084,3.0528,Radogoszcz
1410,105.51,12.8849,3073.0,11.662,3.0692,Radogoszcz
1411,80.95,18.1334,3075.8583,10.825,2.8515,Radogoszcz
1412,59.95,20.0454,3076.8382,17.2346,2.5921,Radogoszcz
1413,0.69,36.0697,3043.3608,8.4046,2.5325,Bałuty Zachodnie
1414,0.37,50.0,3014.2,0.0,2.5,Bałuty Zachodnie
1415,0.37,50.0,3014.2,0.0,2.5,Bałuty Zachodnie
1416,4.23,41.6615,3014.2,32.177,2.3921,Bałuty Zachodnie
1417,5.29,41.5,3014.2,32.8,2.39,Bałuty Zachodnie
1418,138.73,41.9894,3014.2,39.4814,2.3663,Bałuty Zachodnie
1419,878.72,31.098,3032.6549,40.2815,2.029,Teofilów-Wielkopolska
1420,700.52,30.4388,3037.6892,41.2128,2.0182,Teofilów-Wielkopolska
1421,725.79,24.0829,3049.5,44.0454,1.9026,Teofilów-Wielkopolska
1422,847.07,25.9972,3049.5,42.2141,1.9911,Teofilów-Wielkopolska
1423,91.98,30.1684,3049.5,44.7846,1.8469,Teofilów-Wielkopolska
1424,27.28,37.8,3049.5,42.6,1.91,Teofilów-Wielkopolska
1425,39.75,31.5954,3064.5307,35.5078,2.3781,Teofilów-Wielkopolska
1426,72.7,26.836,3054.2489,42.2338,2.0309,imienia Józefa Montwiłła-Mireckiego
1427,384.39,30.0569,3052.6856,41.402,2.0306,imienia Józefa Montwiłła-Mireckiego
1428,88.34,29.0457,3054.9747,30.7332,2.4697,Zdrowie-Mania
1429,6.61,23.5,3093.6,34.1,2.17,Zdrowie-Mania
1430,6.61,23.5,3093.6,34.1,2.17,Zdrowie-Mania
1431,6.61,23.5,3093.6,34.1,2.17,Zdrowie-Mania
1432,6.61,23.5,3093.6,34.1,2.17,Zdrowie-Mania
1433,6.61,23.5,3093.6,34.1,2.17,Zdrowie-Mania
1434,6.61,23.5,3093.6,34.1,2.17,Zdrowie-Mania
1435,924.66,31.1531,3048.4956,45.6523,1.9326,Karolew-Retkinia Wschód
1436,654.0,23.2532,3048.9405,49.3172,1.8399,Karolew-Retkinia Wschód
1437,326.45,24.2438,3051.4377,28.8908,2.2982,Karolew-Retkinia Wschód
1438,713.63,26.8053,3049.6855,26.4868,2.4139,Karolew-Retkinia Wschód
1439,935.14,22.89,3052.7696,33.7824,2.265,Karolew-Retkinia Wschód
1440,702.84,25.4586,3036.8454,34.544,2.1985,Karolew-Retkinia Wschód
1441,221.39,31.44,3046.0172,26.1715,2.5482,Karolew-Retkinia Wschód
1442,234.86,17.0927,3090.8932,18.7522,2.8033,Lublinek-Pienista
1443,9.59,13.5777,3102.9881,20.8159,2.9168,Lublinek-Pienista
1444,7.04,13.9066,3116.0,16.1849,3.142,Lublinek-Pienista
1445,8.8,8.9,3116.0,13.6,3.24,Lublinek-Pienista
1446,8.8,8.9,3116.0,13.6,3.24,Lublinek-Pienista
1447,8.8,8.9,3116.0,13.6,3.24,Lublinek-Pienista
1448,8.8,8.9,3116.0,13.6,3.24,Lublinek-Pienista
1449,8.8,8.9,3116.0,13.6,3.24,Lublinek-Pienista
1450,102.92,18.4162,3038.5191,25.2196,2.7702,Rokicie
1451,99.74,22.9332,3038.6537,20.1483,2.8922,Rokicie
1452,43.35,19.4,3054.0,16.8,2.88,Rokicie
1453,43.26,19.4005,3053.9769,16.8036,2.8801,Rokicie
1454,8.35,20.2923,3011.1019,23.4578,3.0035,Rokicie
1455,6.1,20.7,2991.5,26.5,3.06,Nad Nerem
1456,6.1,20.7,2991.5,26.5,3.06,Nad Nerem
1457,7.6,19.1105,2991.5,24.7386,3.2619,Nad Nerem
1458,11.31,17.0,2991.5,22.4,3.53,Nad Nerem
1459,11.31,17.0,2991.5,22.4,3.53,Nad Nerem
1460,13.84,16.3105,3033.624,17.6987,3.2228,Ruda
1461,15.96,15.9,3058.7,14.9,3.04,Ruda
1462,15.96,15.9,3058.7,14.9,3.04,Ruda
1463,7.66,15.9,3058.7,14.9,3.04,
1464,11.66,33.3,3030.2,27.8,2.5,Radogoszcz
1465,25.69,27.0536,3030.2,23.1767,2.5984,Radogoszcz
1466,35.02,20.6,3030.2,18.4,2.7,Radogoszcz
1467,133.82,34.0518,3030.2,22.3039,2.8038,Radogoszcz
1468,1017.04,23.3066,3040.0859,24.9255,2.4763,Radogoszcz
1469,904.85,25.1282,3073.0,19.3907,2.7475,Radogoszcz
1470,242.08,19.9125,3073.9365,15.9208,2.8699,Radogoszcz
1471,112.35,17.7481,3073.0,13.1743,3.0223,Radogoszcz
1472,88.28,19.8195,3074.3268,12.4507,2.8752,Radogoszcz
1473,87.93,19.8386,3077.0,13.9573,2.683,Radogoszcz
1474,119.02,19.4194,3076.9972,16.8839,2.5544,Radogoszcz
1475,13.17,19.4954,3075.3567,14.1723,2.5423,Bałuty Zachodnie
1476,0.37,50.0,3014.2,0.0,2.5,Bałuty Zachodnie
1477,1.24,43.6002,3014.2,24.6957,2.4172,Bałuty Zachodnie
1478,5.29,41.5,3014.2,32.8,2.39,Bałuty Zachodnie
1479,5.29,41.5,3014.2,32.8,2.39,Bałuty Zachodnie
1480,94.35,38.7517,3015.4478,46.8449,1.9388,Bałuty Zachodnie
1481,303.6,22.0381,3037.2,41.0488,2.0558,Teofilów-Wielkopolska
1482,432.03,29.1042,3048.7103,44.7709,2.0247,Teofilów-Wielkopolska
1483,315.88,19.9049,3049.5223,44.3413,1.9502,Teofilów-Wielkopolska
1484,84.3,29.8202,3049.5006,42.0351,1.8624,Teofilów-Wielkopolska
1485,27.28,37.8,3049.5,42.6,1.91,Teofilów-Wielkopolska
1486,35.97,34.6235,3047.5254,36.762,2.2277,Teofilów-Wielkopolska
1487,51.37,28.6123,3046.4303,31.5028,2.5799,Koziny
1488,30.24,20.7499,3055.6,45.2438,2.1402,Koziny
1489,54.15,16.1548,3055.6287,47.829,1.9039,imienia Józefa Montwiłła-Mireckiego
1490,11.37,38.0643,3070.4746,27.5572,2.5419,Zdrowie-Mania
1491,8.23,30.5296,3082.718,30.8831,2.3487,Zdrowie-Mania
1492,6.61,23.5,3093.6,34.1,2.17,Zdrowie-Mania
1493,6.61,23.5,3093.6,34.1,2.17,Zdrowie-Mania
1494,6.61,23.5,3093.6,34.1,2.17,Zdrowie-Mania
1495,6.61,23.5,3093.6,34.1,2.17,Zdrowie-Mania
1496,6.61,23.5,3093.6,34.1,2.17,Zdrowie-Mania
1497,954.11,30.5927,3048.8871,46.4454,1.9541,Karolew-Retkinia Wschód
1498,754.64,25.6293,3049.1881,36.7922,2.0791,Karolew-Retkinia Wschód
1499,208.42,22.538,3052.2556,32.5037,2.228,Karolew-Retkinia Wschód
1500,516.4,27.8079,3056.4128,37.1376,2.1669,Karolew-Retkinia Wschód
1501,323.27,25.2867,3053.7414,36.9023,2.1266,Karolew-Retkinia Wschód
1502,125.17,22.7972,3057.2903,37.9148,2.2668,Karolew-Retkinia Wschód
1503,45.86,29.1451,3078.2673,19.3175,3.166,Lublinek-Pienista
1504,4.58,27.3,3116.0,23.1,2.88,Lublinek-Pienista
1505,4.58,27.3,3116.0,23.1,2.88,Lublinek-Pienista
1506,4.92,24.6608,3116.0,21.7374,2.9316,Lublinek-Pienista
1507,32.0,23.7943,3053.0801,18.0039,3.0303,Lublinek-Pienista
1508,40.08,24.2322,3049.7686,18.057,3.0261,Lublinek-Pienista
1509,41.36,23.8339,3049.6352,18.5051,3.0031,Rokicie
1510,62.16,13.6205,3053.189,27.6742,2.5345,Lublinek-Pienista
1511,33.33,15.9817,3056.009,20.268,2.9895,Lublinek-Pienista
1512,106.1,18.5812,3037.2,25.5609,2.7722,Rokicie
1513,68.28,20.9017,3043.4272,21.6821,2.8553,Rokicie
1514,43.35,19.4,3054.0,16.8,2.88,Rokicie
1515,45.03,20.3652,3053.9786,17.9069,2.8433,Rokicie
1516,48.67,18.5505,3048.1462,35.3307,2.3659,Rokicie
1517,6.1,20.7,2991.5,26.5,3.06,Nad Nerem
1518,6.1,20.7,2991.5,26.5,3.06,Nad Nerem
1519,10.17,17.4863,2991.5,22.9388,3.4682,Nad Nerem
1520,47.4,13.9557,3047.4161,19.0684,3.0951,Nad Nerem
1521,66.35,15.281,3058.1663,16.6524,3.0518,Ruda
1522,48.93,17.8363,3058.7,14.5773,3.0965,Ruda
1523,15.96,15.9,3058.7,14.9,3.04,Ruda
1524,15.96,15.9,3058.7,14.9,3.04,Ruda
1525,12.1,13.5026,3058.7,11.6421,3.4273,Ruda
1526,13.35,12.0,3058.7,9.6,3.67,Ruda
1527,4.95,12.0,3058.7,9.6,3.67,
1528,9.12,31.5001,3032.0781,26.3914,2.547,
1529,23.63,29.1661,3030.2,24.7403,2.5651,Radogoszcz
1530,35.02,20.6,3030.2,18.4,2.7,Radogoszcz
1531,96.84,27.9993,3030.2,18.7374,2.8736,Radogoszcz
1532,223.35,29.5514,3030.2,27.5486,2.6157,Radogoszcz
1533,533.49,25.3197,3048.6106,25.4264,2.5818,Radogoszcz
1534,785.48,24.8762,3067.2441,24.3977,2.6121,Radogoszcz
1535,368.82,26.0134,3076.3874,31.2569,2.3686,Radogoszcz
1536,88.37,18.877,3069.1899,14.8224,2.8539,Radogoszcz
1537,64.99,17.6777,3077.0,17.068,2.6707,Radogoszcz
1538,165.19,20.7123,3077.0,17.1443,2.7034,Radogoszcz
1539,145.86,20.285,3076.9584,16.3149,2.7283,Radogoszcz
1540,0.37,50.0,3014.2,0.0,2.5,Bałuty Zachodnie
1541,1.96,21.6764,3044.7339,15.0623,2.8438,Bałuty Zachodnie
1542,12.54,21.1459,3041.8424,22.7954,2.7723,Bałuty Zachodnie
1543,27.32,20.1737,3042.5057,23.5943,2.7684,Bałuty Zachodnie
1544,37.67,19.6991,3044.7166,22.9902,2.7771,Bałuty Zachodnie
1545,95.62,17.8691,3046.7125,27.6959,2.4175,Bałuty-Centrum
1546,602.91,26.441,3050.6471,33.3376,2.2174,Bałuty-Centrum
1547,530.36,27.679,3050.8994,43.6817,1.9603,Bałuty-Centrum
1548,847.51,29.7231,3049.9905,40.3148,2.0272,Bałuty-Centrum
1549,193.35,21.1991,3031.0247,46.1639,2.0069,Bałuty-Centrum
1550,75.49,21.8306,3038.3578,44.2336,2.1996,Bałuty-Centrum
1551,572.32,27.0842,3044.9,33.5311,2.3274,Koziny
1552,630.45,28.4701,3052.1476,38.9709,2.1691,Koziny
1553,645.87,29.2195,3055.6,40.3055,2.0322,Koziny
1554,368.0,32.8574,3055.8488,45.1913,1.9778,Stare Polesie
1555,13.1,41.2,3066.2,26.0,2.62,Stare Polesie
1556,9.8,37.6145,3075.051,25.809,2.5048,Zdrowie-Mania
1557,6.7,26.8972,3091.2732,30.3305,2.2468,Zdrowie-Mania
1558,6.61,23.5,3093.6,34.1,2.17,Zdrowie-Mania
1559,6.61,23.5,3093.6,34.1,2.17,Zdrowie-Mania
1560,6.61,23.5,3093.6,34.1,2.17,Zdrowie-Mania
1561,20.61,29.9279,3062.9176,48.1077,1.962,Zdrowie-Mania
1562,218.36,27.1939,3049.3004,48.2642,1.9078,Karolew-Retkinia Wschód
1563,56.85,18.7155,3049.6195,28.0697,2.4957,Karolew-Retkinia Wschód
1564,901.22,29.4872,3055.9086,46.3132,1.8628,Karolew-Retkinia Wschód
1565,997.88,26.1154,3059.5178,37.6181,2.1025,Karolew-Retkinia Wschód
1566,297.61,25.4054,3060.5065,38.4003,2.1333,Karolew-Retkinia Wschód
1567,4.63,27.223,3115.3887,23.2858,2.8721,Lublinek-Pienista
1568,4.58,27.3,3116.0,23.1,2.88,Lublinek-Pienista
1569,4.58,27.3,3116.0,23.1,2.88,Lublinek-Pienista
1570,4.58,27.3,3116.0,23.1,2.88,Lublinek-Pienista
1571,44.64,26.0932,3044.7855,18.5745,3.007,Rokicie
1572,72.28,26.022,3041.7,18.3074,3.0166,Rokicie
1573,73.73,25.9537,3041.7,18.0515,3.0311,Rokicie
1574,150.08,17.5802,3044.3596,26.2041,2.6112,Rokicie
1575,115.01,15.816,3045.6702,22.1967,2.8681,Rokicie
1576,79.48,17.5928,3042.6901,20.8328,3.003,Rokicie
1577,74.64,22.4249,3037.2,24.5704,2.8801,Rokicie
1578,95.59,30.047,3039.575,20.6638,3.0174,Rokicie
1579,101.45,22.135,3054.0,21.9804,2.7638,Rokicie
1580,236.36,21.5435,3054.0,38.1825,2.2242,Rokicie
1581,131.6,24.276,3052.545,35.1549,2.3201,Rokicie
1582,6.1,20.7,2991.5,26.5,3.06,Nad Nerem
1583,15.24,26.9746,3032.4371,29.9461,2.829,Nad Nerem
1584,91.13,21.2987,3056.9091,24.693,2.8569,Ruda
1585,136.27,13.2,3058.7,18.3,3.01,Ruda
1586,96.64,18.2957,3058.7,14.3579,3.1071,Ruda
1587,33.72,17.4135,3058.7,14.6477,3.0841,Ruda
1588,15.96,15.9,3058.7,14.9,3.04,Ruda
1589,17.26,14.8897,3058.7,13.5271,3.2032,Ruda
1590,22.52,12.0,3058.7,9.6,3.67,Ruda
1591,22.52,12.0,3058.7,9.6,3.67,Ruda
1592,9.77,12.0,3058.7,9.6,3.67,
1593,1.87,19.5,3044.6,17.0,2.86,
1594,53.82,20.6471,3043.3276,17.9008,2.8293,Radogoszcz
1595,49.16,19.009,3038.1684,19.9129,2.7452,Radogoszcz
1596,73.39,26.4774,3030.5414,18.5522,2.8445,Radogoszcz
1597,518.03,20.324,3030.2,40.5602,2.1453,Radogoszcz
1598,471.84,21.0582,3034.4728,19.4202,2.6436,Radogoszcz
1599,666.33,21.9668,3041.2015,27.1363,2.5227,Radogoszcz
1600,367.37,21.1696,3055.1246,28.1005,2.5027,Radogoszcz
1601,91.0,15.2834,3047.7516,21.2292,2.6441,Radogoszcz
1602,55.91,16.5209,3070.2815,19.128,2.8736,Radogoszcz
1603,86.67,17.317,3075.2762,21.5383,2.8143,Radogoszcz
1604,287.59,19.0582,3075.3512,22.2723,2.5395,Radogoszcz
1605,63.26,16.46,3072.1103,18.6875,2.6939,Radogoszcz
1606,32.59,15.4471,3051.4492,18.375,2.9194,Bałuty-Centrum
1607,36.65,15.403,3051.4968,18.3984,2.92,Bałuty-Centrum
1608,81.8,20.1401,3047.0098,20.269,3.1077,Bałuty-Centrum
1609,86.68,21.2612,3046.7,20.2372,3.1458,Bałuty-Centrum
1610,32.03,28.1063,3046.7,23.3076,2.6298,Bałuty-Centrum
1611,239.63,30.9168,3050.3549,35.3765,2.2234,Bałuty-Centrum
1612,718.35,23.3564,3050.8139,42.6295,2.0162,Bałuty-Centrum
1613,731.62,26.1442,3050.5096,48.9339,1.9692,Bałuty-Centrum
1614,808.2,29.0837,3044.8644,38.8966,2.0729,Bałuty-Centrum
1615,106.12,30.9965,3040.6417,45.5645,1.9876,Bałuty-Centrum
1616,736.77,33.4261,3044.795,45.907,1.9409,Koziny
1617,774.47,32.8245,3044.9847,41.028,2.0212,Koziny
1618,949.26,25.4725,3053.2722,41.8067,2.0479,Koziny
1619,638.84,26.0399,3054.6304,38.3044,2.0668,Koziny
1620,13.1,41.2,3066.2,26.0,2.62,Stare Polesie
1621,34.56,39.0027,3080.2468,39.076,2.1262,Stare Polesie
1622,8.42,38.1711,3083.6,22.4679,2.4076,Stare Polesie
1623,6.99,36.5889,3084.635,19.5767,2.4658,Stare Polesie
1624,6.8,30.1759,3089.0275,26.6925,2.3209,Zdrowie-Mania
1625,6.62,24.0739,3093.2069,33.4632,2.183,Zdrowie-Mania
1626,6.61,23.5,3093.6,34.1,2.17,Zdrowie-Mania
1627,19.55,18.0567,3059.0171,26.2599,2.5777,Karolew-Retkinia Wschód
1628,150.24,21.6372,3049.5968,30.2989,2.2707,Karolew-Retkinia Wschód
1629,523.96,28.2341,3060.2473,47.6309,1.9391,Karolew-Retkinia Wschód
1630,696.77,30.661,3060.4,46.3338,1.9837,Karolew-Retkinia Wschód
1631,592.66,27.782,3060.4314,35.2745,2.1206,Karolew-Retkinia Wschód
1632,10.54,28.4973,3084.299,28.2315,2.5094,Lublinek-Pienista
1633,4.58,27.3,3116.0,23.1,2.88,Lublinek-Pienista
1634,4.58,27.3,3116.0,23.1,2.88,Lublinek-Pienista
1635,4.58,27.3,3116.0,23.1,2.88,Lublinek-Pienista
1636,32.24,25.2458,3048.7654,16.3007,3.1366,Lublinek-Pienista
1637,82.88,24.479,3041.7,15.5689,3.1498,Rokicie
1638,81.52,24.214,3041.7,15.4515,3.1502,Rokicie
1639,79.73,23.9736,3041.7,15.4105,3.1463,Rokicie
1640,195.55,15.0458,3045.4081,27.1564,2.5849,Rokicie
1641,100.54,17.3465,3045.6,18.8829,3.0869,Rokicie
1642,78.47,18.2733,3037.7444,25.0336,2.7893,Rokicie
1643,102.54,20.2835,3037.2,21.0624,2.8408,Rokicie
1644,138.04,24.5254,3044.6826,23.4909,2.8371,Rokicie
1645,153.74,23.4901,3054.0,24.1274,2.7478,Rokicie
1646,163.38,21.1312,3054.0,23.0388,2.9893,Rokicie
1647,106.42,17.5201,3052.3502,19.613,2.8196,Rokicie
1648,51.82,27.2451,3044.1635,30.4733,2.6818,Nad Nerem
1649,99.32,27.1839,3058.6617,28.0618,2.7787,Ruda
1650,110.37,21.2746,3058.7,22.6993,2.9376,Ruda
1651,97.66,20.3144,3058.7,16.9034,3.0009,Ruda
1652,74.42,19.0497,3058.7,11.7049,3.0809,Ruda
1653,15.96,15.9,3058.7,14.9,3.04,Ruda
1654,15.96,15.8968,3058.7,14.8957,3.0405,Ruda
1655,22.19,12.142,3058.7,9.793,3.6471,Ruda
1656,22.52,12.0,3058.7,9.6,3.67,Ruda
1657,21.69,12.0,3058.7,9.6,3.67,Ruda
1658,2.85,12.0,3058.7,9.6,3.67,
1659,40.25,19.5,3044.6,17.0,2.86,Radogoszcz
1660,70.08,18.2381,3044.6,19.7324,2.8082,Radogoszcz
1661,130.97,21.3589,3044.5995,28.1164,2.5111,Radogoszcz
1662,513.72,21.5328,3040.3738,38.1937,2.12,Radogoszcz
1663,564.54,24.5154,3036.0266,36.3934,2.1348,Radogoszcz
1664,558.9,25.2473,3041.9,23.5621,2.5873,Radogoszcz
1665,1048.14,23.759,3042.1021,31.6394,2.3026,Radogoszcz
1666,87.74,16.2751,3058.4411,25.2651,2.4548,Radogoszcz
1667,64.23,16.4814,3074.9,24.6552,2.5343,Radogoszcz
1668,42.31,17.9,3074.9,11.1,3.48,Radogoszcz
1669,325.99,23.287,3074.9,19.9645,2.7092,Radogoszcz
1670,268.25,24.2958,3074.9,16.4153,2.6197,Radogoszcz
1671,46.14,12.9402,3062.786,20.8115,2.8235,Bałuty-Centrum
1672,36.96,15.4,3051.5,18.4,2.92,Bałuty-Centrum
1673,52.07,17.706,3049.6585,19.4675,3.0269,Bałuty-Centrum
1674,118.57,24.2726,3046.7,23.7486,3.0414,Bałuty-Centrum
1675,57.08,34.8689,3046.7,32.8167,2.4368,Bałuty-Centrum
1676,97.83,20.9856,3046.7004,29.6768,2.593,Bałuty-Centrum
1677,479.57,28.3706,3047.0917,35.3082,2.2129,Bałuty-Centrum
1678,714.34,39.019,3047.5669,44.7912,2.0352,Bałuty-Centrum
1679,1041.64,30.864,3062.8098,43.3282,2.0482,Bałuty-Centrum
1680,930.8,29.2485,3055.9856,42.5473,2.0902,Bałuty-Centrum
1681,503.15,32.9293,3041.35,38.8747,2.1597,Bałuty-Centrum
1682,1043.99,32.0045,3040.2839,34.4043,2.2311,Koziny
1683,1124.44,29.7628,3038.4625,36.1025,2.1849,Koziny
1684,1235.65,31.1947,3028.6575,38.109,2.1177,Koziny
1685,13.1,41.2,3066.2,26.0,2.62,Stare Polesie
1686,253.09,22.2623,3068.152,51.5294,1.9034,Stare Polesie
1687,42.8,38.4607,3083.6,41.0757,2.0311,Stare Polesie
1688,7.04,38.1,3083.6,17.9,2.5,Stare Polesie
1689,7.04,38.1,3083.6,17.9,2.5,Stare Polesie
1690,7.04,38.1,3083.6,17.9,2.5,Stare Polesie
1691,6.9,33.6853,3086.6238,22.7985,2.4002,Zdrowie-Mania
1692,6.7,26.7283,3091.3891,30.5181,2.243,Zdrowie-Mania
1693,323.83,22.9719,3049.533,33.9762,2.1957,Karolew-Retkinia Wschód
1694,900.79,21.3253,3050.1896,37.7111,2.1076,Karolew-Retkinia Wschód
1695,643.81,30.1375,3060.41,43.47,2.0158,Karolew-Retkinia Wschód
1696,167.22,22.5836,3062.7023,44.217,2.1666,Karolew-Retkinia Wschód
1697,7.56,25.2628,3099.1593,27.0988,2.5756,Lublinek-Pienista
1698,4.58,27.3,3116.0,23.1,2.88,Lublinek-Pienista
1699,4.58,27.3,3116.0,23.1,2.88,Lublinek-Pienista
1700,4.58,27.3,3116.0,23.1,2.88,Lublinek-Pienista
1701,446.08,9.1735,3116.0,26.3879,2.5431,Lublinek-Pienista
1702,137.63,11.4603,3099.7219,20.0135,2.7105,Rokicie
1703,36.22,11.3002,3041.7,13.6,2.92,Rokicie
1704,36.22,11.3,3041.7,13.6,2.92,Rokicie
1705,69.45,15.5055,3044.1568,18.2178,2.9869,Rokicie
1706,147.73,17.4136,3045.6,21.0319,3.005,Rokicie
1707,247.09,19.5159,3040.2736,23.0131,2.6888,Rokicie
1708,122.31,12.5021,3037.2,19.8868,2.6788,Rokicie
1709,107.6,14.047,3037.2,19.6956,2.7364,Rokicie
1710,174.86,25.5883,3043.1574,32.9564,2.6863,Rokicie
1711,154.11,20.6357,3054.0,20.0819,3.2489,Rokicie
1712,131.89,28.2743,3043.9711,24.024,2.8723,Rokicie
1713,117.71,23.9805,3035.0,23.1541,2.9291,Ruda
1714,87.18,24.0726,3037.0369,28.7062,2.6987,Ruda
1715,76.0,27.3884,3056.2186,25.9396,2.8628,Ruda
1716,95.42,27.4335,3058.7,25.7214,2.8864,Ruda
1717,83.72,19.7548,3058.7,12.5669,3.0744,Ruda
1718,35.72,19.8313,3058.7,13.8557,3.0572,Ruda
1719,21.57,19.7257,3058.7,15.9434,3.04,Ruda
1720,25.49,17.702,3058.7,13.4795,3.3243,Ruda
1721,26.65,16.5366,3058.7,12.3505,3.445,Ruda
1722,22.52,12.0,3058.7,9.6,3.67,Ruda
1723,19.63,12.0,3058.7,9.6,3.67,Ruda
1724,23.03,19.5,3044.6,17.0,2.86,
1725,80.33,17.4882,3044.6,19.0334,2.8205,Radogoszcz
1726,430.61,19.0564,3044.6,25.1704,2.4958,Radogoszcz
1727,904.3,23.3155,3044.6,29.2903,2.2803,Radogoszcz
1728,505.59,13.3559,3048.6452,28.3226,2.3758,Radogoszcz
1729,456.47,20.0169,3053.6924,26.4153,2.3905,Radogoszcz
1730,298.79,29.938,3032.6722,30.9397,2.3718,Radogoszcz
1731,337.79,25.2172,3042.5965,30.2613,2.3293,Radogoszcz
1732,69.23,16.3772,3074.5991,26.6691,2.3988,Radogoszcz
1733,70.88,16.3486,3074.9,15.1222,3.2099,Radogoszcz
1734,79.81,16.0915,3074.9,15.7888,3.1652,Radogoszcz
1735,442.28,29.0976,3074.9,12.7588,2.7923,Radogoszcz
1736,206.51,20.2891,3074.9,13.2083,2.6613,Radogoszcz
1737,96.4,29.1216,3055.764,18.5681,3.013,Bałuty-Centrum
1738,226.31,32.9002,3051.5,26.4008,2.5708,Bałuty-Centrum
1739,176.63,21.8696,3055.9277,30.13,2.3246,Bałuty-Centrum
1740,782.39,26.7628,3058.2121,45.2533,1.9364,Bałuty-Centrum
1741,506.27,37.2248,3058.0654,41.4114,2.0536,Bałuty-Centrum
1742,111.16,34.0207,3052.7363,38.6698,2.2521,Bałuty-Centrum
1743,799.95,29.5324,3046.2565,40.3006,2.1241,Bałuty-Centrum
1744,701.16,31.3324,3049.043,40.7348,2.0728,Bałuty-Centrum
1745,639.33,22.5322,3067.2065,43.4617,1.96,Bałuty-Centrum
1746,261.24,31.1894,3047.5967,41.8816,2.1041,Bałuty-Centrum
1747,489.63,30.4655,3034.8546,38.9734,2.0625,Koziny
1748,254.02,27.9216,3034.7,33.0573,2.2934,Koziny
1749,316.23,34.6882,3029.366,33.2482,2.3676,Koziny
1750,20.91,36.6422,3051.3495,31.5134,2.4461,Stare Polesie
1751,113.7,26.251,3066.2,39.5279,2.1621,Stare Polesie
1752,329.84,24.1052,3066.9934,46.0379,1.9134,Stare Polesie
1753,7.04,38.1,3083.6,17.9,2.5,Stare Polesie
1754,20.39,45.0643,3083.6,38.7114,2.1642,Stare Polesie
1755,12.55,30.1007,3089.6105,32.0866,2.2172,Stare Polesie
1756,443.18,28.8642,3097.036,45.8913,1.8851,Stare Polesie
1757,7.0,38.0755,3083.7354,18.0001,2.5,Stare Polesie
1758,3.82,32.4023,3105.1886,35.0978,2.4539,Karolew-Retkinia Wschód
1759,95.99,24.3181,3050.8866,35.0727,2.3732,Karolew-Retkinia Wschód
1760,84.82,25.9961,3052.9457,37.1522,2.2144,Karolew-Retkinia Wschód
1761,3.36,33.3,3110.1,37.5,2.5,Karolew-Retkinia Wschód
1762,9.29,25.38,3115.544,33.0775,2.4409,Karolew-Retkinia Wschód
1763,4.82,27.0765,3116.0,23.9313,2.8416,Lublinek-Pienista
1764,5.52,26.5424,3116.0,25.9175,2.7498,Lublinek-Pienista
1765,4.83,27.0723,3116.0,23.9468,2.8409,Lublinek-Pienista
1766,121.23,11.2373,3116.0,28.3085,2.5859,Lublinek-Pienista
1767,629.83,8.2675,3114.95,24.8285,2.568,Lublinek-Pienista
1768,116.51,15.2157,3041.7,17.0734,3.0387,Rokicie
1769,120.61,15.2609,3041.7,17.1836,3.0415,Rokicie
1770,124.04,15.2909,3041.7,17.2917,3.0441,Rokicie
1771,130.79,12.8966,3044.9109,21.1365,2.8419,Rokicie
1772,137.51,17.7728,3045.6,20.4031,2.8371,Rokicie
1773,233.47,16.6405,3037.623,22.1247,2.6628,Rokicie
1774,138.72,15.3764,3037.2,16.0515,2.9172,Rokicie
1775,65.24,29.5107,3037.2,30.0057,2.5472,Rokicie
1776,206.53,25.7727,3039.5599,49.0407,2.2275,Rokicie
1777,153.04,31.2284,3036.3367,29.271,2.5991,Ruda
1778,256.52,34.7338,3035.0,30.1974,2.7171,Ruda
1779,138.06,30.1542,3034.9999,20.9832,2.7974,Ruda
1780,33.32,22.1619,3034.5366,20.6602,2.851,Ruda
1781,25.52,25.7809,3041.4281,21.7932,2.7947,Ruda
1782,67.67,22.2604,3057.0453,22.0136,3.021,Ruda
1783,72.04,20.7263,3058.7,20.5512,3.0852,Ruda
1784,39.77,24.7,3058.7,17.3,3.04,Ruda
1785,39.77,24.7,3058.7,17.3,3.04,Ruda
1786,39.77,24.7,3058.7,17.3,3.04,Ruda
1787,23.98,13.7876,3058.7,10.6838,3.5813,Ruda
1788,22.52,12.0,3058.7,9.6,3.67,Ruda
1789,3.56,12.0,3058.7,9.6,3.67,
1790,3.71,19.6,3049.1,16.0,2.96,
1791,41.41,19.2123,3045.2462,17.555,2.8611,Łagiewniki
1792,83.27,16.261,3044.6,24.3129,2.7216,Radogoszcz
1793,340.3,23.2913,3044.6,25.5163,2.375,Radogoszcz
1794,199.14,21.5422,3052.1758,32.7717,2.3018,Radogoszcz
1795,457.39,16.7318,3056.1,28.126,2.4813,Radogoszcz
1796,915.38,23.2063,3027.0988,21.0972,2.5879,Radogoszcz
1797,233.59,13.5655,3024.1,23.806,2.4811,Radogoszcz
1798,68.53,22.6943,3039.845,30.2698,2.4699,Radogoszcz
1799,97.99,19.7558,3067.2095,19.9812,2.9373,Radogoszcz
1800,117.34,15.6785,3073.9088,17.6062,2.9984,Radogoszcz
1801,42.35,17.8969,3074.9,11.1081,3.4795,Radogoszcz
1802,564.12,19.0455,3074.9,28.0782,2.3245,Radogoszcz
1803,319.77,12.1671,3074.9,24.3676,2.4912,Radogoszcz
1804,356.94,20.7299,3062.4745,27.5014,2.4178,Bałuty-Centrum
1805,311.96,27.6024,3051.5,36.4977,2.1025,Bałuty-Centrum
1806,839.1,25.6952,3057.2428,43.9864,1.9357,Bałuty-Centrum
1807,880.19,28.0798,3058.6116,42.0579,1.9914,Bałuty-Centrum
1808,538.69,23.8476,3057.73,35.8507,2.2211,Bałuty-Centrum
1809,266.93,42.9498,3048.4407,39.8997,2.3256,Bałuty-Centrum
1810,946.12,34.2478,3045.1922,42.3331,2.0658,Bałuty-Centrum
1811,854.21,28.6514,3044.0636,49.3169,1.8737,Bałuty-Centrum
1812,601.07,28.82,3060.6441,42.3644,2.043,Bałuty-Centrum
1813,54.91,39.6211,3044.262,40.6448,2.0008,Bałuty-Centrum
1814,18.76,43.5,3034.7,42.9,2.1,Koziny
1815,18.76,43.5,3034.7,42.9,2.1,Koziny
1816,13.92,41.6498,3060.04,29.3049,2.5183,Stare Polesie
1817,97.45,33.4334,3066.2,39.0361,1.9763,Stare Polesie
1818,472.0,28.9416,3066.2,38.7372,2.0881,Stare Polesie
1819,57.29,34.5259,3068.1784,40.6334,2.014,Stare Polesie
1820,224.37,43.5119,3083.6,47.3989,2.0248,Stare Polesie
1821,120.49,18.6533,3084.7812,36.6315,2.2149,Stare Polesie
1822,368.33,25.8389,3097.1509,45.8016,1.9487,Stare Polesie
1823,639.86,24.0096,3097.188,33.349,2.1894,Stare Polesie
1824,147.88,5.7792,3097.2602,48.6854,2.0773,Stare Polesie
1825,3.36,33.3,3110.1,37.5,2.5,Stare Polesie
1826,3.36,33.3,3110.1,37.5,2.5,Stare Polesie
1827,5.19,31.0784,3110.1,40.6253,2.3306,Stare Polesie
1828,3.94,32.3555,3110.1313,38.7466,2.4308,Karolew-Retkinia Wschód
1829,13.67,24.6034,3114.5105,34.5836,2.3503,Karolew-Retkinia Wschód
1830,14.25,24.3888,3114.7977,34.1532,2.3614,Lublinek-Pienista
1831,15.24,24.183,3116.0,34.6912,2.3443,Lublinek-Pienista
1832,15.63,24.1499,3116.0,34.8142,2.3386,Lublinek-Pienista
1833,102.89,8.7253,3116.0,38.4159,2.1497,Lublinek-Pienista
1834,100.56,10.288,3082.8151,30.1515,2.5557,Rokicie
1835,68.3,12.9217,3041.7,19.9995,3.0736,Rokicie
1836,68.41,14.3971,3041.7,20.5244,3.0389,Rokicie
1837,82.45,16.9423,3043.0537,19.6489,3.0316,Rokicie
1838,133.57,20.5087,3045.6,16.2766,3.1096,Rokicie
1839,143.37,20.7514,3041.7904,18.1974,2.8725,Rokicie
1840,119.8,17.887,3037.2,19.5337,2.8489,Rokicie
1841,68.85,25.3015,3038.0299,33.0247,2.4813,Rokicie
1842,54.45,34.4304,3035.7501,39.0579,2.307,Ruda
1843,57.71,34.2618,3035.0,45.4061,2.1628,Ruda
1844,142.29,32.363,3035.0,31.4525,2.5461,Ruda
1845,196.87,32.146,3035.0,24.3566,2.7731,Ruda
1846,145.02,21.1155,3034.6577,15.7866,3.0314,Ruda
1847,81.24,16.423,3034.4,16.6174,3.1116,Ruda
1848,34.76,26.7434,3035.4763,28.2257,2.406,Ruda
1849,77.42,21.4892,3055.3955,22.7815,2.952,Ruda
1850,40.41,24.1248,3058.7,17.7109,3.0461,Ruda
1851,36.92,24.6329,3058.7,17.2515,3.04,Ruda
1852,39.93,24.6925,3058.7,17.2946,3.04,Ruda
1853,30.22,19.4617,3058.7,14.124,3.2999,Ruda
1854,22.52,12.0,3058.7,9.6,3.67,Ruda
1855,10.21,12.0,3058.7,9.6,3.67,
1856,6.18,19.6,3049.1,16.0,2.96,
1857,13.07,19.6,3049.1,16.0,2.96,Łagiewniki
1858,33.77,17.1971,3045.8234,22.1164,2.7852,Łagiewniki
1859,68.2,19.0606,3044.6,35.8277,2.3412,Radogoszcz
1860,103.07,17.6161,3049.7427,34.6237,2.2929,Radogoszcz
1861,426.83,19.5083,3055.071,28.6066,2.4295,Radogoszcz
1862,660.96,19.5779,3053.4605,17.8748,2.694,Radogoszcz
1863,849.66,20.0689,3044.4607,23.9226,2.416,Radogoszcz
1864,301.88,19.543,3027.6581,29.2983,2.4565,Radogoszcz
1865,65.77,25.8448,3052.9713,26.2467,2.6999,Radogoszcz
1866,59.73,21.5965,3062.2,15.9411,2.7522,Julianów-Marysin-Rogi
1867,40.45,19.6361,3064.9962,14.592,2.8333,Julianów-Marysin-Rogi
1868,61.48,22.607,3074.3264,25.9773,2.6989,Radogoszcz
1869,470.36,19.1058,3074.8848,29.3379,2.276,Radogoszcz
1870,146.24,21.0567,3074.7603,39.0203,2.193,Radogoszcz
1871,72.49,30.036,3051.5,33.8486,2.1173,Bałuty-Centrum
1872,1056.78,28.0142,3052.133,39.3456,2.0285,Bałuty-Centrum
1873,960.14,26.6915,3059.821,38.3109,2.1291,Bałuty-Centrum
1874,1228.64,25.5608,3059.1128,37.3344,2.1596,Bałuty-Centrum
1875,177.74,34.3137,3055.1988,34.6887,2.2226,Bałuty-Centrum
1876,494.1,32.5991,3050.429,39.7094,2.055,Bałuty-Centrum
1877,962.76,32.5993,3033.9652,42.5385,2.0172,Bałuty-Centrum
1878,562.99,29.5414,3046.7825,39.397,2.091,Bałuty-Centrum
1879,67.46,38.3555,3048.4895,41.3562,1.9735,Bałuty-Centrum
1880,32.72,38.5303,3053.4296,43.1903,1.9521,Bałuty-Centrum
1881,15.64,38.0385,3065.6762,48.3198,1.9041,Koziny
1882,170.0,23.8264,3049.1241,24.3763,3.3331,Stare Polesie
1883,464.55,28.7916,3059.4225,38.2928,2.3961,Stare Polesie
1884,571.46,36.3756,3066.2,41.3843,2.0604,Stare Polesie
1885,727.75,30.4106,3067.4682,41.0816,2.0547,Stare Polesie
1886,384.22,28.318,3083.6,35.1545,2.2424,Stare Polesie
1887,622.19,17.2903,3083.973,38.0885,2.1373,Stare Polesie
1888,158.51,26.9506,3096.9442,35.8705,2.197,Stare Polesie
1889,707.95,19.9162,3097.2,32.7432,2.256,Stare Polesie
1890,512.48,25.9294,3097.2,43.9915,1.9672,Stare Polesie
1891,56.91,15.3423,3097.8298,47.1473,1.9954,Stare Polesie
1892,3.36,33.3,3110.1,37.5,2.5,Stare Polesie
1893,34.51,27.5901,3110.1,45.5325,2.0645,Stare Polesie
1894,48.05,27.4163,3110.1,45.7771,2.0512,Stare Polesie
1895,40.92,27.6136,3107.4082,44.8931,2.0661,Stare Polesie
1896,24.11,30.8006,3040.2661,24.5507,2.3279,Rokicie
1897,19.69,31.6917,3046.7927,25.3017,2.4193,Rokicie
1898,10.7,37.4928,3067.2162,27.7885,2.8754,Rokicie
1899,14.42,28.9335,3084.7274,31.2109,2.6356,Rokicie
1900,91.99,11.8512,3101.8188,37.2069,2.2142,Lublinek-Pienista
1901,61.0,15.7724,3042.0894,23.7645,2.9107,Rokicie
1902,77.86,18.3621,3041.7,21.1638,2.9541,Rokicie
1903,92.22,21.5,3041.7,21.4,2.89,Rokicie
1904,127.88,18.9831,3044.9151,13.1541,3.2321,Rokicie
1905,127.72,17.6439,3044.1596,15.8141,3.0663,Rokicie
1906,96.77,23.0495,3037.2,23.2043,2.6905,Rokicie
1907,84.27,25.1235,3055.5167,25.9607,2.5224,Rokicie
1908,33.94,25.4974,3070.4332,29.6949,2.551,Ruda
1909,29.71,43.4578,3035.0,31.4317,2.5775,Ruda
1910,107.04,30.3623,3033.2302,24.1092,2.805,Ruda
1911,198.15,32.0709,3033.7598,25.4,2.784,Ruda
1912,171.81,24.9103,3034.5477,25.9402,2.8182,Ruda
1913,130.15,14.8953,3034.3688,15.476,3.169,Ruda
1914,141.37,19.4312,3034.4,22.9755,2.946,Ruda
1915,74.64,26.9768,3034.4,29.7665,2.3902,Ruda
1916,74.26,30.2388,3039.0199,32.4466,2.3501,Ruda
1917,14.51,24.2954,3055.9654,18.2732,2.9522,Ruda
1918,14.15,23.1247,3058.7,16.1623,3.04,Ruda
1919,17.02,23.3062,3058.7,16.3217,3.0521,Ruda
1920,16.05,17.948,3058.7,13.0924,3.3262,Ruda
1921,18.65,13.9949,3058.7,10.7713,3.5547,Ruda
1922,1.42,19.6,3049.1,16.0,2.96,
1923,13.07,19.6,3049.1,16.0,2.96,Łagiewniki
1924,13.07,19.6,3049.1,16.0,2.96,Łagiewniki
1925,17.44,19.7898,3047.6812,23.7409,2.7155,Łagiewniki
1926,65.29,20.778,3043.5499,41.4738,2.1454,Radogoszcz
1927,315.63,17.6515,3023.5458,24.8834,2.491,Radogoszcz
1928,1114.19,25.8616,3034.9045,25.9113,2.5008,Radogoszcz
1929,885.71,23.4593,3036.8881,23.8681,2.4248,Radogoszcz
1930,505.44,22.6225,3035.6965,32.8893,2.2478,Radogoszcz
1931,135.01,25.3953,3046.1367,26.164,2.5515,Radogoszcz
1932,86.66,35.2202,3062.2,23.4643,2.5925,Julianów-Marysin-Rogi
1933,64.97,27.374,3062.2,16.8023,2.7316,Julianów-Marysin-Rogi
1934,38.27,30.1724,3062.2,18.6686,3.0316,Julianów-Marysin-Rogi
1935,5.42,23.5,3062.2,41.7,2.67,Julianów-Marysin-Rogi
1936,33.99,18.6465,3073.1027,27.9674,2.4545,Julianów-Marysin-Rogi
1937,17.26,21.63,3070.1682,39.7521,2.296,Julianów-Marysin-Rogi
1938,640.76,29.4132,3051.6524,44.09,1.9414,Bałuty-Centrum
1939,486.73,22.4167,3052.2927,35.1944,2.2263,Bałuty-Centrum
1940,478.12,25.4783,3051.7383,35.3184,2.2235,Bałuty-Centrum
1941,239.84,26.2386,3053.7,27.7229,2.3731,Bałuty-Centrum
1942,942.47,29.4007,3053.7,33.9998,2.1724,Bałuty-Centrum
1943,822.28,36.2183,3045.7061,39.4152,2.1385,Bałuty-Centrum
1944,703.99,33.5653,3037.0889,42.4877,2.0375,Bałuty-Centrum
1945,79.15,29.2409,3069.5832,41.2778,2.1877,Bałuty-Centrum
1946,19.54,34.18,3081.6378,49.242,1.7846,Bałuty-Centrum
1947,12.68,30.4,3109.0,55.9,1.63,Bałuty-Centrum
1948,238.93,38.138,3049.8084,40.2385,2.2315,Stare Polesie
1949,655.15,31.0187,3051.3111,40.812,2.1616,Stare Polesie
1950,1250.78,35.0581,3054.8698,33.9975,2.336,Stare Polesie
1951,1291.07,37.3009,3049.7351,40.2667,2.1813,Stare Polesie
1952,586.77,36.3006,3063.967,36.4275,2.2666,Stare Polesie
1953,586.46,46.6448,3083.5074,45.5057,2.0647,Stare Polesie
1954,227.84,37.4666,3079.5149,47.9443,2.0232,Stare Polesie
1955,171.5,25.1314,3087.0219,46.6924,2.0066,Stare Polesie
1956,356.33,16.5562,3097.2,47.5977,1.8681,Stare Polesie
1957,155.98,17.9425,3097.3284,46.6375,1.8396,Stare Polesie
1958,3.36,33.3,3110.1,37.5,2.5,Stare Polesie
1959,24.39,28.6185,3110.1,34.1402,2.4312,Stare Polesie
1960,53.57,27.023,3110.1,44.2797,2.0756,Stare Polesie
1961,81.88,34.761,3110.1,37.4964,2.0775,Stare Polesie
1962,69.72,33.6388,3096.6672,41.4805,2.0299,Stare Polesie
1963,172.74,43.9693,3035.5,44.3584,2.2108,Rokicie
1964,48.42,40.7383,3035.5,40.5959,2.4895,Rokicie
1965,36.36,32.1512,3035.5,41.0084,2.35,Rokicie
1966,29.07,38.0231,3035.5,43.9995,2.1937,Rokicie
1967,62.59,33.447,3043.8448,38.6082,2.0963,Rokicie
1968,150.28,29.2754,3043.8959,41.3251,2.1068,Rokicie
1969,55.79,22.3223,3041.9944,22.2509,2.8535,Rokicie
1970,92.75,19.8369,3042.1914,21.2866,2.8812,Rokicie
1971,421.58,9.6943,3045.6,29.4633,2.3007,Rokicie
1972,205.17,14.5349,3049.264,25.5965,2.3273,Rokicie
1973,107.02,25.9787,3075.0793,25.8915,2.3511,Ruda
1974,84.61,24.6141,3081.6,28.1418,2.3287,Ruda
1975,33.32,25.6028,3070.8997,29.1526,2.5661,Ruda
1976,52.2,35.6957,3033.8012,24.7879,2.7816,Ruda
1977,221.57,28.8575,3032.7,19.9263,2.8523,Ruda
1978,108.57,20.9942,3032.7,21.7584,2.8162,Ruda
1979,93.59,16.8543,3033.1134,19.695,2.8908,Ruda
1980,95.73,14.1196,3034.4,15.457,3.0731,Ruda
1981,79.15,20.3746,3034.4,16.6373,3.1184,Ruda
1982,66.87,23.4404,3034.4,17.6027,3.1057,Ruda
1983,113.85,35.6483,3034.4708,34.1759,2.3449,Ruda
1984,33.31,24.0272,3036.8407,25.1219,2.6635,Ruda
1985,25.22,18.782,3041.4472,24.0229,2.6921,Ruda
1986,12.96,22.9,3058.7,16.0,3.04,Ruda
1987,12.96,22.9,3058.7,16.0,3.04,Ruda
1988,5.05,22.9,3058.7,16.0,3.04,
1989,3.48,18.0,2981.9,18.7,2.8,Łagiewniki
1990,0.4,18.0,2981.9,18.7,2.8,
1991,10.92,19.6,3049.1,16.0,2.96,Łagiewniki
1992,13.07,19.6,3049.1,16.0,2.96,Łagiewniki
1993,13.07,19.6,3049.1,16.0,2.96,Łagiewniki
1994,13.14,19.6064,3049.071,16.1687,2.9547,Łagiewniki
1995,44.52,24.9123,3019.5636,33.2619,2.2414,Radogoszcz
1996,569.34,21.353,3015.1,26.6406,2.2863,Radogoszcz
1997,1123.95,21.2132,3033.9741,24.6618,2.5576,Radogoszcz
1998,515.57,24.1231,3042.3878,26.4036,2.4188,Radogoszcz
1999,202.6,23.3953,3044.8168,27.0947,2.4859,Radogoszcz
2000,157.11,25.2171,3060.8755,21.538,2.7735,Julianów-Marysin-Rogi
2001,104.04,36.8654,3062.2,21.0464,2.7683,Julianów-Marysin-Rogi
2002,87.38,31.8548,3062.2,17.0456,3.038,Julianów-Marysin-Rogi
2003,5.42,23.5,3062.2,41.7,2.67,Julianów-Marysin-Rogi
2004,5.42,23.5,3062.2,41.7,2.67,Julianów-Marysin-Rogi
2005,20.46,26.3858,3056.1246,27.5746,2.6852,Julianów-Marysin-Rogi
2006,122.56,23.7712,3054.2837,36.0879,2.3233,Julianów-Marysin-Rogi
2007,197.41,26.8549,3051.4537,26.0793,2.4576,Julianów-Marysin-Rogi
2008,1136.9,27.6667,3046.6614,40.4524,1.9813,Bałuty-Centrum
2009,854.2,27.0523,3045.3581,34.2297,2.2099,Bałuty-Centrum
2010,366.83,30.5254,3041.7124,35.1415,2.2373,Bałuty-Centrum
2011,940.65,33.4053,3027.8757,45.0246,1.9798,Bałuty-Centrum
2012,897.1,32.795,3034.3586,43.1861,2.0841,Bałuty-Centrum
2013,822.62,34.016,3039.177,39.8295,2.0975,Bałuty-Centrum
2014,301.83,32.1441,3109.0,40.595,2.1521,Bałuty-Centrum
2015,13.7,30.1873,3109.0,56.5244,1.6382,Bałuty-Centrum
2016,230.51,41.1336,3050.7756,41.7454,2.1626,Bałuty-Centrum
2017,1396.49,32.3157,3049.581,37.129,2.2855,Stare Polesie
2018,1313.86,35.5914,3050.0061,32.8411,2.3839,Stare Polesie
2019,1274.99,27.1822,3041.6429,33.3057,2.3858,Stare Polesie
2020,1258.92,35.4171,3045.3145,34.172,2.358,Stare Polesie
2021,868.71,34.9423,3047.7931,40.5641,2.098,Stare Polesie
2022,1164.88,36.8501,3059.487,38.6067,2.176,Stare Polesie
2023,389.95,35.3441,3078.5,44.843,2.0601,Stare Polesie
2024,191.85,36.8212,3079.2273,39.3006,2.2298,Stare Polesie
2025,79.4,18.5426,3091.5953,47.853,1.9103,Stare Polesie
2026,3.36,33.3,3110.1,37.5,2.5,Stare Polesie
2027,3.36,33.3,3110.1,37.5,2.5,Stare Polesie
2028,596.62,28.583,3110.1,34.7216,2.3353,Stare Polesie
2029,93.98,24.2615,3110.1,37.5306,2.0301,Stare Polesie
2030,83.42,13.1051,3110.1,45.7587,1.7716,Stare Polesie
2031,233.52,31.5704,3044.8943,40.1753,2.1022,Stare Polesie
2032,228.07,32.8164,3024.3952,42.2216,2.2618,Rokicie
2033,491.81,27.4546,3024.183,42.7779,2.1588,Rokicie
2034,995.41,29.1308,3035.5,42.1858,1.9599,Rokicie
2035,132.01,23.0031,3036.5618,46.2942,2.0057,Rokicie
2036,714.38,31.3913,3044.0,43.6648,1.9482,Rokicie
2037,626.43,27.704,3044.0,33.1109,2.2221,Rokicie
2038,122.01,27.913,3043.9601,35.6518,2.2886,Rokicie
2039,66.25,11.8893,3045.3366,20.8485,2.8341,Rokicie
2040,159.59,17.0336,3073.5668,25.8382,2.5441,Rokicie
2041,191.09,19.9914,3081.6,26.3048,2.5186,Ruda
2042,134.65,24.228,3081.6,25.2608,2.6814,Ruda
2043,66.68,24.9794,3081.6,26.007,2.7445,Ruda
2044,33.97,30.3324,3064.5528,28.9341,2.6426,Ruda
2045,197.64,26.7198,3032.7438,21.2636,2.802,Ruda
2046,98.9,19.0248,3032.7,20.9906,2.8318,Ruda
2047,94.56,17.8906,3032.7037,21.2856,2.8305,Ruda
2048,90.79,13.7249,3034.3506,14.8918,3.0727,Ruda
2049,85.21,14.6077,3034.4,14.6661,3.0942,Ruda
2050,56.56,23.7106,3034.4,14.63,3.2149,Ruda
2051,31.52,23.8986,3034.4,17.6992,3.0699,Ruda
2052,32.69,57.5719,3034.4,20.3706,2.9778,Ruda
2053,23.7,28.6567,3034.4,24.1541,2.7467,Ruda
2054,36.18,17.562,3035.4309,26.7082,2.5779,Ruda
2055,13.87,22.3438,3056.3697,17.0836,2.993,Ruda
2056,12.19,22.9,3058.7,16.0,3.04,Ruda
2057,0.08,18.0,2981.9,18.7,2.8,
2058,9.77,18.0,2981.9,18.7,2.8,Łagiewniki
2059,0.35,18.0,2981.9,18.7,2.8,
2060,6.24,19.6,3049.1,16.0,2.96,
2061,13.07,19.6,3049.1,16.0,2.96,Łagiewniki
2062,13.07,19.6,3049.1,16.0,2.96,Łagiewniki
2063,13.07,19.6,3049.1,16.0,2.96,Łagiewniki
2064,13.07,19.6,3049.1,16.0,2.96,Łagiewniki
2065,105.54,24.7126,3017.3408,32.2508,2.0942,Łagiewniki
2066,411.72,25.9198,3018.2565,28.6657,2.2563,Radogoszcz
2067,776.3,22.6939,3044.1246,26.2889,2.4444,Radogoszcz
2068,215.53,21.7546,3044.8,20.5741,2.6072,Radogoszcz
2069,171.03,18.8579,3057.4147,20.5074,2.7196,Julianów-Marysin-Rogi
2070,159.63,17.8084,3062.2,18.0218,2.8173,Julianów-Marysin-Rogi
2071,105.99,27.5491,3062.2,16.8671,2.9796,Julianów-Marysin-Rogi
2072,16.97,28.8394,3062.2,23.4449,2.9586,Julianów-Marysin-Rogi
2073,5.52,23.3986,3062.0377,41.282,2.6775,Julianów-Marysin-Rogi
2074,57.32,22.3006,3054.6888,22.5464,2.8702,Julianów-Marysin-Rogi
2075,162.64,25.173,3054.2075,26.2186,2.6168,Julianów-Marysin-Rogi
2076,168.72,28.3728,3053.551,30.0752,2.4604,Julianów-Marysin-Rogi
2077,1058.73,26.8178,3048.9342,37.9463,2.0335,Bałuty-Centrum
2078,1100.35,25.2365,3049.704,40.4865,2.0583,Bałuty-Centrum
2079,464.73,22.2311,3043.5105,38.249,2.1547,Bałuty-Centrum
2080,314.73,29.4011,3027.8962,50.3133,1.8804,Bałuty-Centrum
2081,685.84,34.3433,3019.6482,43.0647,2.112,Bałuty-Centrum
2082,1351.3,39.1488,3004.7719,42.204,2.1049,Bałuty-Centrum
2083,655.49,34.2078,3022.2068,40.9081,2.1944,Bałuty-Centrum
2084,75.28,22.3739,3109.0,55.4725,1.6412,Bałuty-Centrum
2085,17.51,37.7171,3088.9948,53.0913,1.7831,Bałuty-Centrum
2086,1118.38,34.5027,3051.2233,35.4092,2.3385,Katedralna
2087,1586.3,30.3715,3052.0539,30.6995,2.5162,Stare Polesie
2088,1175.83,32.1843,3044.1352,28.4012,2.5649,Stare Polesie
2089,500.6,29.7801,3040.8256,30.7141,2.4442,Stare Polesie
2090,1096.37,33.0598,3041.8867,38.1146,2.3247,Stare Polesie
2091,859.18,30.462,3044.7553,39.4553,2.2861,Stare Polesie
2092,518.57,38.7023,3069.8625,36.2476,2.2371,Stare Polesie
2093,422.21,35.813,3067.4658,36.5269,2.2362,Stare Polesie
2094,73.16,32.6295,3072.0049,43.4541,2.1137,Stare Polesie
2095,22.14,15.5897,3084.3834,46.2442,1.8343,Stare Polesie
2096,3.94,30.7482,3105.064,39.3927,2.3902,Stare Polesie
2097,336.79,42.6554,3110.1,29.687,2.5437,Stare Polesie
2098,84.21,22.4659,3110.1,34.8961,2.1855,Stare Polesie
2099,77.57,6.3,3110.1,49.4,1.69,Stare Polesie
2100,186.18,20.6324,3110.1,46.9259,1.7928,Stare Polesie
2101,154.27,34.0025,3015.351,42.7142,2.2044,Rokicie
2102,143.08,30.9422,2998.6,44.8355,2.1132,Rokicie
2103,498.05,31.6554,3028.0211,42.9149,1.9912,Rokicie
2104,386.2,23.8068,3035.5,42.3938,2.022,Rokicie
2105,578.14,28.4549,3044.2947,45.0514,1.9074,Rokicie
2106,713.66,25.5812,3048.0082,45.0198,1.9367,Rokicie
2107,639.28,30.9993,3044.0,43.5142,1.9979,Rokicie
2108,115.75,25.2722,3038.7073,35.2575,1.976,Rokicie
2109,76.83,25.9722,3057.6564,28.7633,2.5166,Piastów-Kurak
2110,192.0,23.221,3081.1102,27.0844,2.5613,Ruda
2111,262.23,25.876,3081.6,37.3801,2.1098,Ruda
2112,149.47,27.3,3081.6,21.604,2.7886,Ruda
2113,64.46,25.6842,3080.9994,24.2691,2.7652,Ruda
2114,123.51,22.6555,3035.1042,25.1702,2.583,Ruda
2115,128.45,25.5941,3032.7,21.9955,2.72,Ruda
2116,44.69,17.3023,3032.7,20.9514,2.9595,Ruda
2117,95.91,18.3087,3033.2852,16.3739,3.1511,Ruda
2118,106.72,16.4143,3033.8166,15.2148,3.1383,Ruda
2119,57.38,20.9543,3034.053,12.7242,3.2506,Ruda
2120,38.11,25.3,3034.4,10.0,3.36,Ruda
2121,18.7,25.759,3034.4,21.0155,2.8969,Ruda
2122,16.5,24.4,3034.4,23.5,2.79,Ruda
2123,16.5,24.4,3034.4,23.5,2.79,Ruda
2124,28.48,18.895,3036.287,25.7226,2.6323,Ruda
2125,13.13,22.7876,3058.2293,16.2189,3.0305,Ruda
2126,5.17,22.9,3058.7,16.0,3.04,
2127,2.53,18.0,2981.9,18.7,2.8,
2128,9.98,18.0,2981.9,18.7,2.8,Łagiewniki
2129,0.28,18.0,2981.9,18.7,2.8,
2130,3.09,19.6,3049.1,16.0,2.96,
2131,13.07,19.6,3049.1,16.0,2.96,Łagiewniki
2132,13.07,19.6,3049.1,16.0,2.96,Łagiewniki
2133,13.07,19.6,3049.1,16.0,2.96,Łagiewniki
2134,13.07,19.6,3049.1,16.0,2.96,Łagiewniki
2135,13.07,19.6,3049.1,16.0,2.96,Łagiewniki
2136,21.66,18.6464,3046.8256,17.5276,2.8555,Łagiewniki
2137,65.37,17.529,3045.0522,18.824,2.7623,Radogoszcz
2138,73.14,17.4,3044.8,19.0,2.75,Radogoszcz
2139,97.11,23.1358,3056.1225,20.1128,2.5774,Julianów-Marysin-Rogi
2140,117.69,22.2398,3062.2,19.2823,2.6121,Julianów-Marysin-Rogi
2141,138.33,17.0404,3062.2,14.6337,2.8806,Julianów-Marysin-Rogi
2142,53.14,23.0396,3062.2,15.8488,3.0031,Julianów-Marysin-Rogi
2143,18.37,23.5,3056.3536,24.1609,2.9404,Julianów-Marysin-Rogi
2144,126.56,19.4879,3054.232,20.5243,3.0385,Julianów-Marysin-Rogi
2145,154.07,22.0012,3054.2,20.4616,3.0094,Julianów-Marysin-Rogi
2146,166.57,25.8415,3053.8491,20.9687,2.9401,Julianów-Marysin-Rogi
2147,1164.51,26.9711,3044.5854,43.2134,1.9985,Bałuty-Centrum
2148,1070.93,24.9721,3055.2933,33.6333,2.2534,Bałuty-Centrum
2149,675.78,19.2109,3045.8431,30.6654,2.3949,Bałuty-Centrum
2150,166.79,23.0764,3042.9,23.8283,2.516,Bałuty-Centrum
2151,371.04,50.5499,3042.1582,34.4859,2.3819,Bałuty-Centrum
2152,390.17,46.5438,3036.0365,39.522,2.287,Bałuty-Centrum
2153,951.92,37.1604,3021.878,39.2248,2.1543,Bałuty-Doły
2154,787.69,30.6559,3058.8339,41.7593,2.0427,Bałuty-Doły
2155,195.05,30.1515,3077.0294,34.934,2.2163,Bałuty-Centrum
2156,287.19,36.6679,3048.5347,36.4285,2.2323,Katedralna
2157,801.93,37.7661,3052.8607,30.8231,2.5239,Katedralna
2158,1124.18,32.8476,3047.2181,32.3639,2.481,Katedralna
2159,822.19,36.036,3040.2199,36.6473,2.3896,Stare Polesie
2160,465.46,27.8618,3045.4619,30.0803,2.5593,Stare Polesie
2161,353.77,35.2779,3044.9179,39.3549,2.1851,Stare Polesie
2162,415.63,34.6616,3056.6436,34.8073,2.2814,Stare Polesie
2163,745.38,35.5147,3062.4,40.7486,2.2256,Stare Polesie
2164,212.09,33.0596,3062.4896,39.3609,2.1151,Stare Polesie
2165,392.67,19.0358,3080.2094,46.4257,1.8875,Stare Polesie
2166,169.75,25.0902,3080.3147,45.3717,1.9038,Stare Polesie
2167,20.24,18.6633,3081.1728,48.3677,1.8694,Stare Polesie
2168,85.31,18.3434,3104.842,20.2396,3.0061,Stare Polesie
2169,39.27,20.7647,3094.2963,44.1311,1.9577,Stare Polesie
2170,173.48,26.9906,3106.1508,40.9967,2.0023,Stare Polesie
2171,101.05,38.834,3081.2632,33.6928,2.2464,Stare Polesie
2172,59.63,36.9495,3027.2738,36.9489,2.275,Rokicie
2173,340.6,41.6088,3004.839,45.145,2.0408,Rokicie
2174,1036.13,30.0286,3035.6491,41.4399,2.0928,Rokicie
2175,138.27,27.284,3050.9532,40.7896,2.1758,Rokicie
2176,273.31,26.9533,3056.7472,44.296,1.9175,Rokicie
2177,532.32,27.646,3052.3016,41.2464,2.0496,Rokicie
2178,745.66,27.3029,3028.14,37.9047,2.235,Piastów-Kurak
2179,1004.23,26.7178,3036.7,32.3105,2.3434,Piastów-Kurak
2180,99.02,25.4109,3040.2129,28.1777,2.4971,Piastów-Kurak
2181,95.48,22.7272,3081.4049,26.4002,2.7608,Ruda
2182,142.55,24.7437,3081.6,27.0944,2.7726,Ruda
2183,46.66,19.807,3072.1408,23.1871,2.8702,Ruda
2184,49.57,23.7915,3067.212,26.2711,2.7251,Ruda
2185,137.75,25.3099,3032.7,21.0704,2.7264,Ruda
2186,57.76,25.9859,3032.7,18.0206,3.0212,Ruda
2187,65.85,19.1408,3032.7,18.5522,3.1558,Ruda
2188,161.46,21.4544,3032.7,16.5177,3.2355,Ruda
2189,118.64,22.1541,3032.8945,15.5093,3.2615,Ruda
2190,38.11,25.3,3034.4,10.0,3.36,Ruda
2191,32.95,25.1922,3034.4,11.6173,3.2917,Ruda
2192,16.5,24.4,3034.4,23.5,2.79,Ruda
2193,16.5,24.4,3034.4,23.5,2.79,Ruda
2194,16.5,24.4,3034.4,23.5,2.79,Ruda
2195,25.07,21.0605,3034.6746,25.1656,2.6675,Ruda
2196,20.41,18.6593,3040.9328,24.2621,2.6817,Ruda
2197,6.08,18.0,2981.9,18.7,2.8,Łagiewniki
2198,10.09,18.0,2981.9,18.7,2.8,Łagiewniki
2199,5.61,18.0,2981.9,18.7,2.8,Łagiewniki
2200,8.5,21.603,3022.2535,17.6191,2.9381,Łagiewniki
2201,0.28,24.0,3049.1,16.9,3.03,
2202,1.36,21.8,3049.1,12.2,3.3,
2203,14.5,18.083,3049.1,15.3316,3.1361,Łagiewniki
2204,15.6,18.2112,3049.1,15.3889,3.1211,Łagiewniki
2205,15.39,18.3104,3049.1,15.4326,3.1096,Łagiewniki
2206,15.07,18.4622,3049.1,15.4994,3.092,Łagiewniki
2207,13.9,19.0865,3049.1,15.774,3.0196,Łagiewniki
2208,13.07,19.6,3049.1,16.0,2.96,Łagiewniki
2209,13.25,19.684,3049.1,16.1634,2.9575,Łagiewniki
2210,98.58,24.1068,3048.6529,25.5199,2.7979,Łagiewniki
2211,89.9,22.5112,3049.2749,21.6724,2.725,Radogoszcz
2212,90.67,26.2524,3059.0125,19.9808,2.5172,Julianów-Marysin-Rogi
2213,111.66,19.6219,3060.0929,15.7197,2.7389,Julianów-Marysin-Rogi
2214,143.95,16.0919,3060.7455,12.5323,3.0023,Julianów-Marysin-Rogi
2215,101.22,21.8762,3059.7514,18.4302,3.0972,Julianów-Marysin-Rogi
2216,161.39,20.9951,3054.2003,21.2051,2.9381,Julianów-Marysin-Rogi
2217,141.6,21.2532,3054.2,19.7002,2.9757,Julianów-Marysin-Rogi
2218,130.59,17.9657,3053.8695,29.0114,2.6223,Julianów-Marysin-Rogi
2219,819.71,27.7871,3046.4868,44.1117,2.0055,Bałuty-Centrum
2220,1096.76,24.6238,3057.6864,39.4786,2.0975,Bałuty-Centrum
2221,928.72,26.1595,3055.4661,37.2302,2.1632,Bałuty-Centrum
2222,267.37,26.4551,3044.0213,29.823,2.42,Bałuty-Centrum
2223,544.35,34.59,3047.6377,42.644,2.0751,Bałuty-Centrum
2224,814.02,38.8328,3045.3658,37.5249,2.209,Bałuty-Centrum
2225,981.27,44.8318,3029.7463,38.2509,2.2985,Bałuty-Doły
2226,855.07,39.8301,3032.9991,39.9533,2.1889,Bałuty-Doły
2227,519.19,31.5771,3073.1421,41.2674,2.0432,Bałuty-Doły
2228,415.76,30.5735,3042.753,36.347,2.1607,Bałuty-Doły
2229,733.22,32.9115,3032.2005,34.5686,2.3094,Katedralna
2230,1006.91,33.7909,3034.6211,33.9125,2.3196,Katedralna
2231,929.57,35.4867,3037.8742,32.6864,2.3981,Katedralna
2232,344.65,40.614,3045.3458,40.7237,2.2116,Katedralna
2233,309.87,35.5887,3048.7245,40.9962,2.2534,Katedralna
2234,532.91,37.5448,3050.8321,37.2667,2.3604,Katedralna
2235,579.71,33.0728,3064.712,37.3996,2.2216,Katedralna
2236,388.46,31.5708,3064.2704,36.3827,2.2472,Katedralna
2237,226.32,31.038,3072.5482,41.5921,2.0721,Stare Polesie
2238,789.61,34.4034,3079.1545,39.8277,2.1648,Stare Polesie
2239,298.88,32.0072,3072.2923,33.1004,2.2514,Stare Polesie
2240,54.23,25.5284,3074.8085,37.3448,2.1856,Stare Polesie
2241,48.58,10.4421,3080.0103,24.1819,2.3184,Stare Polesie
2242,59.97,23.3,3080.3,45.9,1.93,Stare Polesie
2243,67.73,23.9024,3075.0925,44.1428,1.966,Stare Polesie
2244,123.52,28.9254,3055.9,37.1028,2.1537,Górniak
2245,270.15,32.456,3055.9,39.2871,2.1653,Górniak
2246,467.41,31.7544,3055.7065,41.4542,2.0117,Górniak
2247,216.21,25.482,3053.0355,44.7824,2.0066,Górniak
2248,105.45,38.8432,3056.087,38.6597,2.2288,Górniak
2249,75.95,27.8886,3056.5972,36.5834,2.0625,Górniak
2250,1018.11,28.1212,3022.9008,37.9345,2.1154,Piastów-Kurak
2251,1038.43,30.582,3024.4229,32.5206,2.4041,Piastów-Kurak
2252,299.38,22.2531,3036.7,25.9266,2.5969,Piastów-Kurak
2253,32.37,14.8791,3043.6345,21.3641,2.7725,Piastów-Kurak
2254,74.86,23.8221,3081.6,26.3771,2.9397,Ruda
2255,97.79,12.5956,3078.7603,21.8097,2.7742,Ruda
2256,29.65,15.1831,3065.7611,23.8498,2.7549,Ruda
2257,69.0,23.0292,3039.2527,23.2631,2.6838,Chojny
2258,97.8,32.2201,3032.7198,16.3496,2.9684,Ruda
2259,49.72,25.6998,3032.7406,17.8041,3.0262,Ruda
2260,165.73,19.7876,3033.4567,14.7739,3.0615,Ruda
2261,145.48,17.4362,3032.8222,19.6497,3.064,Ruda
2262,39.17,21.99,3034.4,10.8852,3.283,Ruda
2263,38.11,25.3,3034.4,10.0,3.36,Ruda
2264,29.05,24.1875,3034.4,13.5313,3.2002,Ruda
2265,16.5,24.4,3034.4,23.5,2.79,Ruda
2266,16.23,24.9549,3034.4,23.2194,2.8018,Ruda
2267,13.56,31.5888,3034.4,19.8652,2.9435,Ruda
2268,15.66,24.3921,3034.4,19.4976,2.9609,Ruda
2269,0.53,18.0,2981.9,18.7,2.8,
2270,10.36,18.0,2981.9,18.7,2.8,Łagiewniki
2271,10.53,18.0,2981.9,18.7,2.8,Łagiewniki
2272,10.87,18.2429,2984.6208,18.6271,2.8093,Łagiewniki
2273,45.12,23.9689,3049.0973,16.8343,3.0338,Łagiewniki
2274,38.45,22.2758,3049.1,13.2165,3.2416,Łagiewniki
2275,36.86,21.3907,3049.1,12.4352,3.2956,Łagiewniki
2276,18.45,17.1,3049.1,14.9,3.25,Łagiewniki
2277,18.45,17.1,3049.1,14.9,3.25,Łagiewniki
2278,18.45,17.1,3049.1,14.9,3.25,Łagiewniki
2279,18.45,17.1,3049.1,14.9,3.25,Łagiewniki
2280,17.09,17.5851,3049.1,15.1134,3.1937,Łagiewniki
2281,11.88,18.1754,3039.2921,15.9628,2.9945,Łagiewniki
2282,10.77,16.995,3023.4399,17.3603,2.9754,Łagiewniki
2283,17.16,19.7748,3023.9893,22.628,2.8943,Łagiewniki
2284,10.89,12.9442,3000.2192,13.1443,3.1115,Łagiewniki
2285,38.53,15.5703,3025.3632,9.0308,3.1857,Julianów-Marysin-Rogi
2286,143.75,23.3062,3026.7846,21.4501,2.8038,Julianów-Marysin-Rogi
2287,162.42,24.1514,3034.7335,21.6155,2.8415,Julianów-Marysin-Rogi
2288,167.53,18.0608,3050.8906,25.1427,2.8035,Julianów-Marysin-Rogi
2289,165.87,19.3656,3054.0033,27.9392,2.7384,Julianów-Marysin-Rogi
2290,149.63,30.1439,3050.1028,24.006,2.7045,Julianów-Marysin-Rogi
2291,395.8,32.817,3035.0667,33.9709,2.1551,Bałuty-Doły
2292,642.45,32.302,3033.6047,31.7397,2.1625,Bałuty-Doły
2293,541.51,28.7291,3033.4251,32.3289,2.3292,Bałuty-Doły
2294,10.88,1.5198,3033.3,53.5442,2.1357,Bałuty-Doły
2295,327.99,23.7936,3047.9812,43.6033,2.0836,Bałuty-Doły
2296,727.76,35.216,3048.3,39.634,2.097,Bałuty-Doły
2297,1119.26,32.5509,3033.4619,32.5376,2.2576,Bałuty-Doły
2298,1312.9,43.5834,3032.8959,36.634,2.2489,Bałuty-Doły
2299,849.08,31.1029,3045.8118,40.5352,2.1147,Bałuty-Doły
2300,289.58,27.5077,3049.3199,44.1746,1.9829,Bałuty-Doły
2301,1367.54,36.9987,3032.7292,34.8012,2.4196,Katedralna
2302,1265.36,36.1543,3063.765,31.8201,2.4391,Katedralna
2303,1395.98,38.037,3048.2556,33.4319,2.4266,Katedralna
2304,982.33,33.6347,3057.0949,35.3032,2.3668,Katedralna
2305,473.36,32.3077,3048.1978,34.5928,2.2851,Katedralna
2306,717.41,32.9569,3047.8474,36.2356,2.373,Katedralna
2307,445.57,34.1725,3066.749,42.1449,2.1632,Katedralna
2308,656.08,30.3774,3068.7613,45.8362,2.0626,Katedralna
2309,262.73,25.5086,3067.6448,44.595,1.982,Katedralna
2310,481.85,28.6261,3075.2986,54.3764,1.7575,Katedralna
2311,922.62,28.6988,3056.0516,42.1954,2.151,Katedralna
2312,310.53,37.9515,3042.2293,37.0187,2.1897,Katedralna
2313,258.54,23.1691,3047.8772,37.5239,2.0759,Katedralna
2314,165.95,27.4675,3072.3302,46.7532,2.2848,Katedralna
2315,276.2,30.853,3056.1558,36.8083,2.3377,Katedralna
2316,97.24,20.7669,3053.7218,38.5003,1.9717,Górniak
2317,117.94,26.4541,3053.7499,35.7833,2.1085,Górniak
2318,209.56,32.9602,3054.5537,39.5722,2.1129,Górniak
2319,261.63,36.6791,3055.7969,42.5581,2.0413,Górniak
2320,955.53,27.4191,3053.887,31.1473,2.3934,Górniak
2321,209.26,31.4585,3041.8131,39.5475,2.1281,Piastów-Kurak
2322,0.15,20.7,3030.3,50.0,1.85,Piastów-Kurak
2323,428.79,25.7884,3045.222,45.1344,2.0091,Piastów-Kurak
2324,163.51,22.9498,3050.6108,39.3781,2.3904,Piastów-Kurak
2325,100.14,17.8373,3036.7,11.8807,3.3592,Piastów-Kurak
2326,28.82,14.7323,3043.5667,21.7354,2.7789,Piastów-Kurak
2327,40.88,26.2059,3070.5919,26.5582,2.8751,Chojny
2328,11.26,15.9,3026.7,25.5,2.75,Chojny
2329,11.26,15.9,3026.7,25.5,2.75,Chojny
2330,19.3,24.0661,3048.6096,17.8305,2.9672,Chojny
2331,36.74,29.9882,3041.875,15.7741,3.0207,Chojny
2332,96.1,24.1923,3035.5394,7.1857,3.1481,Ruda
2333,175.09,24.9778,3034.396,5.9378,3.1496,Ruda
2334,46.79,17.9152,3034.3761,11.4862,3.1561,Ruda
2335,40.83,17.1337,3034.4,12.184,3.1701,Ruda
2336,40.2,18.9355,3034.4,11.7021,3.212,Ruda
2337,30.44,19.0621,3034.4,14.7188,3.0886,Ruda
2338,15.63,26.2556,3034.4,22.5618,2.8296,Ruda
2339,13.01,33.3,3034.4,19.0,2.98,Ruda
2340,13.01,33.3,3034.4,19.0,2.98,Ruda
2341,9.95,14.4356,3034.4,15.735,3.1705,
2342,0.2,18.0,2981.9,18.7,2.8,
2343,10.06,18.0,2981.9,18.7,2.8,Łagiewniki
2344,10.53,18.0,2981.9,18.7,2.8,Łagiewniki
2345,10.53,18.0,2981.9,18.7,2.8,Łagiewniki
2346,26.59,22.6825,3034.3438,17.2953,2.9795,Łagiewniki
2347,43.34,22.7037,3049.1,14.1307,3.1891,Łagiewniki
2348,41.33,21.8,3049.1,12.2,3.3,Łagiewniki
2349,35.05,21.1212,3049.1,12.5899,3.2928,Łagiewniki
2350,18.46,17.1021,3049.1,14.8988,3.25,Łagiewniki
2351,18.45,17.1,3049.1,14.9,3.25,Łagiewniki
2352,18.45,17.1,3049.1,14.9,3.25,Łagiewniki
2353,11.52,17.1527,3047.8793,15.1743,3.2509,Łagiewniki
2354,5.0,12.8958,2997.3942,16.6121,3.1077,Łagiewniki
2355,7.12,11.1,2981.9,16.3,3.05,Łagiewniki
2356,7.12,11.1,2981.9,16.3,3.05,Łagiewniki
2357,7.12,11.1,2981.9,16.3,3.05,Łagiewniki
2358,7.12,11.1,2981.9,16.3,3.05,Łagiewniki
2359,37.84,17.1481,3023.4906,12.2303,3.0943,Julianów-Marysin-Rogi
2360,121.16,22.1405,3026.6,21.4675,2.8929,Julianów-Marysin-Rogi
2361,146.52,22.3974,3025.4733,24.7717,2.8103,Julianów-Marysin-Rogi
2362,165.7,18.6393,3024.3387,16.9984,3.0797,Julianów-Marysin-Rogi
2363,160.13,21.0301,3023.2131,18.6066,2.9665,Julianów-Marysin-Rogi
2364,79.12,21.5622,3021.7018,22.1834,2.8912,Julianów-Marysin-Rogi
2365,906.9,31.413,3044.0477,27.0039,2.3625,Bałuty-Doły
2366,822.87,32.6269,3037.7785,31.6986,2.2524,Bałuty-Doły
2367,636.21,29.5341,3050.5528,31.8166,2.2808,Bałuty-Doły
2368,693.62,30.8965,3051.6065,31.1925,2.2218,Bałuty-Doły
2369,756.14,28.777,3047.0071,37.0678,2.1492,Bałuty-Doły
2370,1012.84,30.4462,3046.4921,39.9809,2.0408,Bałuty-Doły
2371,1124.63,40.5954,3034.4362,40.8082,2.1279,Bałuty-Doły
2372,639.57,36.4271,3037.2488,40.0564,2.2741,Bałuty-Doły
2373,656.86,30.1985,3037.3025,40.1758,2.1214,Bałuty-Doły
2374,464.92,42.8918,3032.7446,47.0973,2.086,Bałuty-Doły
2375,886.1,39.6528,3029.9118,30.974,2.389,Katedralna
2376,642.41,36.8438,3050.3526,37.4564,2.2366,Katedralna
2377,1279.62,33.2516,3037.7342,29.4146,2.6506,Katedralna
2378,491.58,31.5517,3045.3225,34.0082,2.3425,Katedralna
2379,719.38,36.5449,3047.7,34.2633,2.4204,Katedralna
2380,461.31,31.7799,3053.5234,28.7147,2.6226,Katedralna
2381,634.42,26.302,3083.2,37.9524,2.152,Katedralna
2382,413.41,30.0051,3083.0599,32.3266,2.3553,Katedralna
2383,751.62,27.2389,3068.8676,45.1046,1.8819,Katedralna
2384,1157.69,24.4971,3075.9442,47.1541,1.9335,Katedralna
2385,921.62,27.3513,3094.3059,37.9383,2.1231,Katedralna
2386,474.45,27.6637,3065.3595,36.5351,2.1711,Katedralna
2387,471.96,35.7101,3070.0403,37.1214,2.2064,Katedralna
2388,553.43,25.956,3057.3269,31.4353,2.4499,Katedralna
2389,110.52,41.0804,3062.116,40.2852,2.1494,Górniak
2390,42.9,33.2766,3033.8566,31.7686,2.163,Górniak
2391,109.71,27.6597,3033.0737,33.6729,2.129,Górniak
2392,86.44,47.8238,3021.7161,42.2086,2.0962,Górniak
2393,360.6,37.5152,3027.6189,42.0731,2.1387,Górniak
2394,461.52,36.2673,3041.5,38.5201,2.1785,Piastów-Kurak
2395,902.38,25.7433,3031.5289,32.1278,2.2458,Piastów-Kurak
2396,948.49,28.7129,3030.2481,43.9587,1.9454,Piastów-Kurak
2397,746.63,25.7979,3047.653,41.1645,2.0366,Piastów-Kurak
2398,153.54,26.7679,3053.6208,36.7219,2.2643,Piastów-Kurak
2399,32.38,16.3,3036.7,20.7,2.72,Piastów-Kurak
2400,35.13,20.3901,3017.1029,27.9369,2.6878,Chojny
2401,23.21,20.2382,3014.8301,29.0549,2.6958,Chojny
2402,11.26,15.9,3026.7,25.5,2.75,Chojny
2403,11.2,15.9214,3027.7509,25.2994,2.7586,Chojny
2404,8.57,17.1678,3089.0167,13.6023,3.2571,Chojny
2405,8.52,17.2,3090.6,13.3,3.27,Chojny
2406,19.1,21.7414,3057.8783,8.9914,3.2001,Chojny
2407,37.43,20.7602,3041.2431,9.3379,3.1686,Ruda
2408,83.74,19.5121,3066.6981,13.2156,3.0055,Ruda
2409,125.49,20.3705,3076.4989,13.4985,2.9577,Ruda
2410,40.98,16.7,3034.4,12.3,3.16,Ruda
2411,23.1,20.7194,3034.4,18.1465,2.9669,Ruda
2412,14.14,29.9355,3034.4,20.7011,2.9082,Ruda
2413,14.57,29.3934,3034.4,18.3239,3.0194,Ruda
2414,26.28,13.6153,3034.4,15.593,3.1787,Ruda
2415,0.04,18.0,2981.9,18.7,2.8,
2416,9.52,18.0,2981.9,18.7,2.8,Łagiewniki
2417,10.53,18.0,2981.9,18.7,2.8,Łagiewniki
2418,10.53,18.0,2981.9,18.7,2.8,Łagiewniki
2419,10.53,18.0,2981.9,18.7,2.8,Łagiewniki
2420,47.35,23.8966,3047.9425,16.9308,3.026,Łagiewniki
2421,41.95,22.0882,3049.1,12.8158,3.2646,Łagiewniki
2422,41.33,21.8,3049.1,12.2,3.3,Łagiewniki
2423,32.43,21.4659,3048.9333,12.4335,3.2965,Łagiewniki
2424,12.6,17.5307,3048.0652,14.9108,3.2549,Łagiewniki
2425,7.27,17.2346,3045.9805,15.601,3.2523,Łagiewniki
2426,1.29,18.2623,3022.1667,20.952,3.27,Łagiewniki
2427,0.54,20.0,2981.9,30.0,3.3,Łagiewniki
2428,4.5,11.526,2981.9,16.9557,3.062,Łagiewniki
2429,7.12,11.1,2981.9,16.3,3.05,Łagiewniki
2430,7.12,11.1,2981.9,16.3,3.05,Łagiewniki
2431,7.12,11.1,2981.9,16.3,3.05,Łagiewniki
2432,7.12,11.1,2981.9,16.3,3.05,Łagiewniki
2433,75.95,19.5022,3025.46,22.5689,3.1005,Julianów-Marysin-Rogi
2434,109.58,19.0071,3026.6,25.5631,2.9885,Julianów-Marysin-Rogi
2435,155.22,18.7781,3022.777,22.9858,3.1005,Julianów-Marysin-Rogi
2436,176.95,23.3512,3021.3,18.6298,3.0609,Julianów-Marysin-Rogi
2437,110.25,29.632,3021.3,25.5255,2.8531,Julianów-Marysin-Rogi
2438,804.29,26.8407,3065.7912,30.544,2.3106,Bałuty-Doły
2439,630.12,27.1269,3068.2,31.6591,2.3222,Bałuty-Doły
2440,1109.34,27.1891,3054.4842,34.8652,2.2207,Bałuty-Doły
2441,1021.49,29.7606,3056.4194,32.5238,2.2691,Bałuty-Doły
2442,1262.96,27.3737,3057.0364,30.2857,2.3527,Bałuty-Doły
2443,656.3,32.612,3049.0169,37.7429,2.1056,Bałuty-Doły
2444,1245.1,27.6886,3047.7604,42.7029,2.0253,Bałuty-Doły
2445,330.46,42.3837,3041.9935,40.3488,2.0998,Bałuty-Doły
2446,76.95,35.7649,3037.3,31.7039,2.3187,Bałuty-Doły
2447,68.41,34.9245,3037.3326,32.9755,2.4867,Bałuty-Doły
2448,281.0,29.2087,3037.2511,32.5842,2.5004,Śródmieście-Wschód
2449,655.87,37.0341,3038.3844,37.5868,2.2916,Śródmieście-Wschód
2450,985.83,34.7458,3059.5693,37.6668,2.2847,Śródmieście-Wschód
2451,822.4,36.8995,3055.518,33.6302,2.3785,Śródmieście-Wschód
2452,281.42,35.8146,3053.9166,32.3917,2.352,Katedralna
2453,343.65,25.531,3055.0771,35.4719,2.3879,Katedralna
2454,202.95,19.1905,3083.2,30.8443,2.3083,Katedralna
2455,675.51,31.1467,3083.2,35.2181,2.2219,Katedralna
2456,116.59,36.0283,3076.6122,40.985,2.1444,Katedralna
2457,500.03,34.8657,3070.4838,40.8758,2.067,Katedralna
2458,553.1,25.7616,3102.1695,35.2949,2.3417,Katedralna
2459,513.6,32.2065,3096.9538,38.0745,2.0504,Katedralna
2460,78.24,36.0,3072.0,29.8,2.49,Katedralna
2461,50.74,35.0851,3068.7901,29.6091,2.5023,Stary Widzew
2462,40.44,32.1399,3049.4422,29.6595,2.5716,Górniak
2463,35.95,28.7196,3042.4366,27.2798,2.617,Górniak
2464,719.82,34.2765,3033.7596,38.2684,2.1867,Górniak
2465,58.53,47.6626,3021.3663,45.065,2.1083,Górniak
2466,71.95,34.1414,3018.8,38.6134,2.1973,Górniak
2467,167.3,34.0186,3036.6107,41.1862,2.044,Górniak
2468,588.03,27.9726,3035.8791,35.0682,2.1214,Piastów-Kurak
2469,1072.13,24.0532,3029.0834,32.289,2.1983,Piastów-Kurak
2470,597.9,28.6048,3031.6588,42.5492,2.0249,Piastów-Kurak
2471,274.72,25.3013,3038.049,39.7979,2.0606,Piastów-Kurak
2472,43.58,30.3641,3014.0464,46.3741,2.0687,Piastów-Kurak
2473,52.32,22.4225,3015.7725,31.672,2.5592,Piastów-Kurak
2474,41.68,22.0491,3009.8754,30.5388,2.6731,Chojny
2475,11.26,15.9,3026.7,25.5,2.75,Chojny
2476,11.26,15.9,3026.7,25.5,2.75,Chojny
2477,34.37,27.7004,3028.2887,25.5577,2.6907,Chojny
2478,8.52,17.2,3090.6,13.3,3.27,Chojny
2479,8.52,17.2,3090.6,13.3,3.27,Chojny
2480,8.52,17.2,3090.6,13.3,3.27,Chojny
2481,10.94,19.3975,3090.6,11.1619,3.2819,Chojny
2482,215.05,21.5785,3090.6,13.771,2.9023,Ruda
2483,40.79,17.9651,3049.5922,12.3757,3.121,Ruda
2484,29.55,18.7075,3034.4,15.22,3.0635,Ruda
2485,16.5,24.4,3034.4,23.5,2.79,Ruda
2486,13.23,32.5951,3034.4,19.3564,2.965,Ruda
2487,18.59,22.3284,3034.4,17.1011,3.0908,Ruda
2488,11.61,12.5,3034.4,15.4,3.19,
2489,0.0,18.0,2981.9,18.7,2.8,
2490,8.99,18.0,2981.9,18.7,2.8,Łagiewniki
2491,10.53,18.0,2981.9,18.7,2.8,Łagiewniki
2492,10.53,18.0,2981.9,18.7,2.8,Łagiewniki
2493,10.53,18.0,2981.9,18.7,2.8,Łagiewniki
2494,16.46,20.7939,3013.1913,17.8618,2.9071,Łagiewniki
2495,28.98,22.9105,3037.285,17.1429,2.9938,Łagiewniki
2496,15.74,21.759,3047.6129,12.5871,3.2997,Łagiewniki
2497,3.13,21.5089,3038.2325,15.0786,3.3,Łagiewniki
2498,0.54,20.0,2981.9,30.0,3.3,Łagiewniki
2499,0.54,20.0,2981.9,30.0,3.3,Łagiewniki
2500,0.54,20.0,2981.9,30.0,3.3,Łagiewniki
2501,0.54,20.0,2981.9,30.0,3.3,Łagiewniki
2502,0.54,20.0,2981.9,30.0,3.3,Łagiewniki
2503,2.88,14.4566,2981.9,24.9672,3.0176,Łagiewniki
2504,5.36,14.3669,2981.9,25.9735,2.9736,Łagiewniki
2505,5.05,15.1592,2981.9,28.3195,2.9551,Łagiewniki
2506,4.84,15.7739,2981.9,30.1395,2.9407,Łagiewniki
2507,6.81,11.551,2981.9,17.6355,3.0395,Julianów-Marysin-Rogi
2508,67.42,16.9142,3025.2666,17.2102,3.0664,Julianów-Marysin-Rogi
2509,146.84,16.163,3026.6,30.9358,2.6535,Julianów-Marysin-Rogi
2510,178.98,22.5362,3024.1466,23.6635,2.7189,Julianów-Marysin-Rogi
2511,154.81,17.3417,3021.3,19.7099,2.8613,Julianów-Marysin-Rogi
2512,142.31,15.7961,3021.3,19.7691,2.9129,Julianów-Marysin-Rogi
2513,287.32,27.1738,3066.6074,35.0877,2.2377,Bałuty-Doły
2514,132.62,24.3063,3063.6315,30.7684,2.3486,Bałuty-Doły
2515,160.51,20.0408,3055.3168,29.96,2.3825,Bałuty-Doły
2516,501.07,23.2313,3058.1,34.0465,2.3387,Bałuty-Doły
2517,467.32,28.6451,3057.6542,41.8553,2.1666,Bałuty-Doły
2518,874.19,29.5678,3056.6656,41.507,2.1109,Bałuty-Doły
2519,556.07,29.0575,3055.975,39.5423,2.2459,Bałuty-Doły
2520,39.21,41.1364,3037.6749,29.4386,2.4577,Bałuty-Doły
2521,32.11,34.1154,3037.3,23.7124,2.5398,Bałuty-Doły
2522,195.89,26.7842,3037.3978,33.1804,2.4719,Śródmieście-Wschód
2523,212.78,37.9885,3037.4,42.7535,2.2462,Śródmieście-Wschód
2524,241.54,26.9018,3062.8803,42.1589,2.2397,Śródmieście-Wschód
2525,714.26,27.3695,3064.2,39.6511,2.3178,Śródmieście-Wschód
2526,177.47,35.121,3064.1759,37.9076,2.1461,Śródmieście-Wschód
2527,56.63,20.5699,3058.7,24.4535,2.7687,Katedralna
2528,643.95,37.2843,3061.1925,35.2106,2.2731,Katedralna
2529,670.02,35.2598,3075.143,43.783,2.1642,Katedralna
2530,453.04,20.649,3082.4924,49.4019,1.8287,Katedralna
2531,259.44,41.4635,3072.3,39.4356,2.3223,Katedralna
2532,220.9,37.4181,3065.6441,41.4507,2.1148,Katedralna
2533,848.03,35.7119,3051.6774,39.5233,2.1674,Katedralna
2534,492.98,10.938,3102.0595,42.8909,1.995,Katedralna
2535,133.56,23.1467,3072.3373,41.9511,2.0919,Stary Widzew
2536,87.64,30.6372,3044.8661,34.5627,2.2123,Stary Widzew
2537,583.01,34.8654,3043.7,43.3631,2.088,Górniak
2538,689.79,30.3487,3034.5812,42.306,2.0714,Górniak
2539,549.35,38.2817,3033.6583,36.3174,2.2553,Górniak
2540,97.04,49.0886,3022.9189,47.6354,2.0919,Górniak
2541,268.4,41.7786,3018.8,45.6916,2.1276,Górniak
2542,730.39,26.9331,3032.4586,35.0834,2.2693,Piastów-Kurak
2543,880.22,25.9686,3027.2437,33.1994,2.1633,Piastów-Kurak
2544,995.48,25.8443,3031.9171,36.7569,2.0313,Piastów-Kurak
2545,564.25,28.0757,3020.3318,40.7912,2.0193,Piastów-Kurak
2546,388.42,29.4693,3012.7,46.6136,1.9473,Piastów-Kurak
2547,66.67,23.4708,3009.311,35.3549,2.4997,Piastów-Kurak
2548,52.79,17.1058,3008.2788,24.0456,2.9922,Chojny
2549,11.99,16.289,3026.3613,25.0867,2.7775,Chojny
2550,108.41,28.9953,3026.7,25.1939,2.7193,Chojny
2551,143.15,27.3611,3026.7,23.2724,2.7746,Chojny
2552,80.52,25.2737,3059.172,17.4091,2.8681,Chojny
2553,32.97,21.7364,3090.6,11.7083,3.0153,Chojny
2554,8.52,17.2,3090.6,13.3,3.27,Chojny
2555,11.29,19.6355,3090.6,10.9303,3.2832,Chojny
2556,13.59,20.9,3090.6,9.7,3.29,Chojny
2557,13.59,20.9,3090.6,9.7,3.29,Chojny
2558,17.37,20.3174,3065.2266,12.7845,3.1682,Ruda
2559,16.32,24.4,3034.4,23.5,2.79,Ruda
2560,13.98,29.0194,3034.4,21.1643,2.8886,Ruda
2561,13.01,33.3,3034.4,19.0,2.98,Ruda
2562,21.42,17.5114,3034.4,16.2674,3.1394,Ruda
2563,8.57,18.0,2981.9,18.7,2.8,Łagiewniki
2564,10.53,18.0,2981.9,18.7,2.8,Łagiewniki
2565,10.53,18.0,2981.9,18.7,2.8,Łagiewniki
2566,10.23,18.0032,2981.9,18.7179,2.8008,Łagiewniki
2567,9.05,18.0177,2981.9,18.8001,2.8044,Łagiewniki
2568,6.69,18.0621,2981.9,19.051,2.8155,Łagiewniki
2569,3.64,18.2052,2981.9,19.8596,2.8513,Łagiewniki
2570,0.54,20.0,2981.9,30.0,3.3,Łagiewniki
2571,0.54,20.0,2981.9,30.0,3.3,Łagiewniki
2572,0.54,20.0,2981.9,30.0,3.3,Łagiewniki
2573,0.54,20.0,2981.9,30.0,3.3,Łagiewniki
2574,0.54,20.0,2981.9,30.0,3.3,Łagiewniki
2575,0.54,20.0,2981.9,30.0,3.3,Łagiewniki
2576,0.54,20.0,2981.9,30.0,3.3,Łagiewniki
2577,3.85,18.8076,2981.9,39.0427,2.8727,Łagiewniki
2578,4.01,18.8,2981.9,39.1,2.87,Łagiewniki
2579,4.01,18.8,2981.9,39.1,2.87,Łagiewniki
2580,4.9,15.5834,2981.9,29.5757,2.9452,Łagiewniki
2581,7.12,11.1,2981.9,16.3,3.05,Julianów-Marysin-Rogi
2582,39.04,15.7334,3021.7295,14.7852,3.0767,Julianów-Marysin-Rogi
2583,124.23,17.2705,3025.9044,21.8698,2.8167,Julianów-Marysin-Rogi
2584,136.75,21.7176,3021.3357,18.9893,2.6024,Julianów-Marysin-Rogi
2585,159.03,14.7283,3021.3,21.9467,2.8471,Julianów-Marysin-Rogi
2586,113.46,15.2694,3029.6925,21.7073,2.8417,Julianów-Marysin-Rogi
2587,59.43,21.0,3061.9,36.5,2.19,Bałuty-Doły
2588,62.17,19.6102,3059.5121,34.8705,2.3549,Bałuty-Doły
2589,57.56,19.0,3058.1,35.2,2.43,Bałuty-Doły
2590,76.18,19.3703,3059.974,36.8617,2.3312,Bałuty-Doły
2591,353.47,30.9162,3061.3,38.9893,2.1234,Bałuty-Doły
2592,715.9,31.1285,3061.3734,38.2037,2.2417,Bałuty-Doły
2593,45.26,41.2135,3061.3643,39.9291,2.1455,Bałuty-Doły
2594,31.81,34.4062,3038.2717,24.1504,2.5218,Bałuty-Doły
2595,254.95,24.4365,3044.3542,40.0212,2.1095,Bałuty-Doły
2596,370.18,25.5767,3052.5386,40.594,2.2438,Śródmieście-Wschód
2597,392.87,30.2343,3060.9753,42.9122,2.1832,Śródmieście-Wschód
2598,286.18,30.3937,3062.892,43.2248,2.1063,Śródmieście-Wschód
2599,580.16,22.6736,3063.7081,44.0075,2.0478,Śródmieście-Wschód
2600,14.35,22.124,3060.2969,34.5698,2.3987,Śródmieście-Wschód
2601,230.27,33.553,3057.8132,32.1169,2.381,Katedralna
2602,425.08,32.9189,3055.8607,41.7118,2.0921,Katedralna
2603,517.65,43.2537,3052.7306,38.4592,2.2435,Katedralna
2604,354.65,43.944,3069.0283,43.8666,2.1089,Stary Widzew
2605,318.22,34.6105,3070.1673,38.8705,2.3392,Katedralna
2606,542.67,42.659,3053.6161,41.3003,2.1409,Katedralna
2607,936.56,19.8751,3099.5032,38.7473,2.1791,Katedralna
2608,254.64,17.834,3090.0488,36.0271,2.2544,Katedralna
2609,61.53,35.2303,3046.6908,32.7174,2.4101,Stary Widzew
2610,410.32,34.7032,3043.7,39.5862,2.2365,Górniak
2611,805.56,34.7787,3042.8416,42.3682,2.1928,Górniak
2612,496.47,49.3709,3038.4578,41.8137,2.18,Górniak
2613,188.89,52.5141,3035.6438,38.6098,2.125,Górniak
2614,225.4,34.5072,3035.7947,42.6348,2.1614,Chojny-Dąbrowa
2615,830.58,33.9113,3035.9588,44.6784,2.066,Piastów-Kurak
2616,592.56,36.9859,3034.0696,42.2806,2.0831,Piastów-Kurak
2617,928.32,29.7684,3020.3457,43.5736,2.1157,Piastów-Kurak
2618,839.83,25.8198,3023.4311,35.8863,2.1831,Piastów-Kurak
2619,633.82,29.851,3012.7,31.0241,2.2491,Piastów-Kurak
2620,101.36,23.8943,3008.0668,30.1141,2.6405,Chojny
2621,352.34,19.1192,3007.0,26.3439,2.5857,Chojny
2622,28.43,10.0038,3007.0128,7.112,4.0691,Chojny
2623,161.75,25.6889,3026.3636,17.4583,3.002,Chojny
2624,207.39,25.8539,3026.7,14.5361,3.058,Chojny
2625,105.18,18.3811,3043.1346,14.7773,3.0328,Chojny
2626,125.09,22.9,3090.6,11.3,2.95,Chojny
2627,91.46,22.5003,3090.6,12.7813,2.9642,Chojny
2628,24.64,20.7582,3090.6,15.8759,3.1023,Chojny
2629,13.59,20.9,3090.6,9.7,3.29,Chojny
2630,13.59,20.9,3090.6,9.7,3.29,Chojny
2631,13.59,20.9,3090.6,9.7,3.29,Chojny
2632,14.02,21.5159,3080.7104,12.1284,3.202,Chojny
2633,1.51,23.7463,3044.8972,20.9224,2.8834,
2634,1.61,33.3,3034.4,19.0,2.98,
2635,4.05,30.7445,3034.4,18.5577,3.0058,
2636,4.73,12.5,3034.4,15.4,3.19,
2637,7.91,18.0,2981.9,18.7,2.8,Łagiewniki
2638,10.53,18.0,2981.9,18.7,2.8,Łagiewniki
2639,9.61,18.0,2981.9,18.7,2.8,Łagiewniki
2640,7.44,18.042,2981.9,18.9373,2.8105,Łagiewniki
2641,0.9,19.1532,2981.9,25.2153,3.0883,Łagiewniki
2642,0.54,20.0,2981.9,30.0,3.3,Łagiewniki
2643,0.54,20.0,2981.9,30.0,3.3,Łagiewniki
2644,0.54,20.0,2981.9,30.0,3.3,Łagiewniki
2645,0.54,20.0,2981.9,30.0,3.3,Łagiewniki
2646,0.54,20.0,2981.9,30.0,3.3,Łagiewniki
2647,0.54,20.0,2981.9,30.0,3.3,Łagiewniki
2648,0.54,20.0,2981.9,30.0,3.3,Łagiewniki
2649,0.54,20.0,2981.9,30.0,3.3,Łagiewniki
2650,0.54,20.0,2981.9,30.0,3.3,Łagiewniki
2651,1.88,19.0118,2981.9,37.4941,2.9459,Łagiewniki
2652,4.01,18.8,2981.9,39.1,2.87,Łagiewniki
2653,4.01,18.8,2981.9,39.1,2.87,Łagiewniki
2654,4.01,18.8,2981.9,39.1,2.87,Łagiewniki
2655,58.51,27.2287,3050.1487,20.0582,2.954,Julianów-Marysin-Rogi
2656,90.91,22.4246,3052.2526,24.4431,2.7049,Julianów-Marysin-Rogi
2657,95.8,19.1559,3052.5802,24.4262,2.6199,Julianów-Marysin-Rogi
2658,72.56,17.9996,3036.5419,15.8378,3.0113,Julianów-Marysin-Rogi
2659,92.94,18.0307,3021.3,16.5245,3.0714,Julianów-Marysin-Rogi
2660,124.15,19.689,3021.3,19.7986,3.0555,Julianów-Marysin-Rogi
2661,427.54,27.262,3060.6681,34.6795,2.1975,Bałuty-Doły
2662,692.27,22.0446,3063.2046,31.36,2.2185,Bałuty-Doły
2663,876.73,14.3932,3068.7056,33.0357,2.2471,Bałuty-Doły
2664,522.31,34.5522,3068.4282,42.0793,2.0736,Bałuty-Doły
2665,837.3,24.0663,3065.4984,43.3622,2.0005,Bałuty-Doły
2666,308.07,32.9036,3061.4237,44.8849,1.9265,Bałuty-Doły
2667,71.24,40.9477,3062.8,43.1818,2.156,Bałuty-Doły
2668,13.47,53.3672,3062.3931,44.5419,2.5579,Bałuty-Doły
2669,96.54,26.8586,3070.648,41.3979,2.0452,Bałuty-Doły
2670,556.99,25.2446,3073.9477,40.4887,2.0462,Śródmieście-Wschód
2671,625.36,27.931,3074.4016,40.614,2.0536,Śródmieście-Wschód
2672,267.46,22.4347,3062.5,40.9687,2.0226,Śródmieście-Wschód
2673,280.07,27.4889,3063.2775,41.99,1.9736,Śródmieście-Wschód
2674,25.26,32.726,3062.9757,51.3853,1.7351,Śródmieście-Wschód
2675,65.84,32.9454,3055.9614,31.7806,2.497,Stary Widzew
2676,415.85,43.665,3060.8869,39.0771,2.3266,Stary Widzew
2677,514.76,35.4365,3052.3372,38.2203,2.2391,Stary Widzew
2678,457.75,33.7797,3048.8502,33.4359,2.3244,Stary Widzew
2679,284.29,38.7144,3070.0443,44.7298,2.1033,Stary Widzew
2680,454.72,38.2025,3071.2915,43.3377,2.1746,Stary Widzew
2681,504.74,27.4782,3076.7492,37.298,2.257,Stary Widzew
2682,296.19,22.0815,3072.0445,38.6404,2.2808,Katedralna
2683,22.16,32.4819,3064.6507,34.0001,2.3868,Stary Widzew
2684,1166.8,41.907,3053.9802,42.5279,2.1613,Górniak
2685,1004.7,34.4758,3049.2505,40.4338,2.2031,Górniak
2686,850.07,31.0931,3047.2346,33.1112,2.1962,Górniak
2687,575.93,33.7331,3048.7243,35.877,2.247,Górniak
2688,61.29,38.2969,3048.3398,42.7521,2.1086,Chojny-Dąbrowa
2689,864.9,13.0653,3050.6,28.869,2.5258,Chojny-Dąbrowa
2690,1089.32,28.4153,3046.1015,43.8605,1.9974,Chojny-Dąbrowa
2691,866.68,30.6347,3020.9162,45.5768,2.0214,Piastów-Kurak
2692,579.86,32.545,3017.0716,44.4956,2.079,Piastów-Kurak
2693,219.84,38.7335,3012.7,35.8341,2.3584,Piastów-Kurak
2694,165.47,27.937,3007.806,30.3444,2.6017,Chojny
2695,620.29,23.2768,3007.0,31.5221,2.3982,Chojny
2696,822.42,19.9709,3016.3867,24.9873,2.3801,Chojny
2697,247.02,19.6426,3028.9543,23.0967,2.35,Chojny
2698,147.46,24.5087,3026.7326,10.1567,3.0401,Chojny
2699,99.99,16.7411,3026.7,15.8391,3.061,Chojny
2700,112.76,21.9062,3079.6715,12.2331,2.9702,Chojny
2701,106.23,22.2886,3090.6,14.4383,2.9663,Chojny
2702,163.04,22.1473,3090.6,22.9985,2.6811,Chojny
2703,242.0,25.9671,3090.6,22.8932,2.5314,Chojny
2704,65.81,19.5321,3090.6,19.3223,2.6559,Chojny
2705,13.59,20.9,3090.6,9.7,3.29,Chojny
2706,13.59,20.9,3090.6,9.7,3.29,Chojny
2707,7.69,20.9,3090.6,9.7,3.29,Chojny
2708,7.38,18.0,2981.9,18.7,2.8,Łagiewniki
2709,10.53,18.0,2981.9,18.7,2.8,Łagiewniki
2710,5.24,18.0,2981.9,18.7,2.8,Łagiewniki
2711,0.09,18.7042,2981.9,22.6787,2.976,Łagiewniki
2712,0.54,20.2322,2981.9,29.7121,3.2907,Łagiewniki
2713,0.54,20.0037,2981.9,29.9955,3.2999,Łagiewniki
2714,0.54,20.0,2981.9,30.0,3.3,Łagiewniki
2715,0.54,20.0,2981.9,30.0,3.3,Łagiewniki
2716,0.54,20.0,2981.9,30.0,3.3,Łagiewniki
2717,0.54,20.0,2981.9,30.0,3.3,Łagiewniki
2718,0.54,20.0,2981.9,30.0,3.3,Łagiewniki
2719,0.54,20.0,2981.9,30.0,3.3,Łagiewniki
2720,0.54,20.0,2981.9,30.0,3.3,Łagiewniki
2721,0.54,20.0,2981.9,30.0,3.3,Łagiewniki
2722,0.54,20.0,2981.9,30.0,3.3,Łagiewniki
2723,3.69,18.8163,2981.9,38.9764,2.8758,Łagiewniki
2724,4.01,18.8,2981.9,39.1,2.87,Łagiewniki
2725,4.01,18.8,2981.9,39.1,2.87,Łagiewniki
2726,34.83,23.1102,3048.4873,22.6502,2.8915,Łagiewniki
2727,138.08,26.9032,3054.7,20.7716,2.9,Julianów-Marysin-Rogi
2728,179.91,19.374,3054.7,25.0081,2.5961,Julianów-Marysin-Rogi
2729,122.35,17.5355,3054.7,20.2407,2.8747,Julianów-Marysin-Rogi
2730,66.85,20.5386,3049.7393,20.9474,2.905,Julianów-Marysin-Rogi
2731,67.89,16.696,3021.9719,13.0336,3.1792,Julianów-Marysin-Rogi
2732,155.08,23.9156,3042.965,26.467,2.6076,Julianów-Marysin-Rogi
2733,558.43,18.4191,3061.9,22.0568,2.4063,Bałuty-Doły
2734,478.06,9.7465,3066.3981,28.1487,2.3413,Bałuty-Doły
2735,951.91,31.7804,3068.9997,36.9009,2.0841,Bałuty-Doły
2736,1103.33,30.4269,3069.3211,49.1855,1.8317,Bałuty-Doły
2737,758.91,31.7407,3063.4778,44.6326,2.0026,Bałuty-Doły
2738,102.51,27.3876,3062.8,40.1006,2.1855,Bałuty-Doły
2739,45.77,34.5501,3062.8,38.371,2.1322,Bałuty-Doły
2740,33.91,39.2096,3063.6205,42.6923,2.1291,Bałuty-Doły
2741,775.3,33.5837,3064.5209,44.0332,1.9899,Śródmieście-Wschód
2742,1036.09,34.0291,3062.4443,39.7841,2.0808,Śródmieście-Wschód
2743,621.84,30.7091,3061.4849,38.9191,2.1066,Śródmieście-Wschód
2744,252.07,25.1515,3063.7379,37.1511,2.3263,Śródmieście-Wschód
2745,343.99,27.2887,3066.9918,41.9782,2.1279,Śródmieście-Wschód
2746,352.2,24.7028,3066.5122,51.0454,1.8647,Śródmieście-Wschód
2747,435.87,33.231,3060.7363,39.8672,2.2053,Stary Widzew
2748,772.43,28.0009,3060.7546,40.5138,2.1807,Stary Widzew
2749,654.39,28.3543,3044.3,31.4139,2.3642,Stary Widzew
2750,84.43,32.0205,3044.3,41.4511,2.1723,Stary Widzew
2751,47.74,38.4848,3044.3922,44.9723,1.9508,Stary Widzew
2752,8.88,34.3414,3072.3528,36.765,2.2236,Stary Widzew
2753,9.06,34.4326,3075.1129,36.1719,2.278,Stary Widzew
2754,7.35,33.3,3075.9,35.5,2.23,Stary Widzew
2755,247.09,25.8563,3059.4687,37.5654,2.2537,Górniak
2756,262.72,38.2523,3059.4,30.1771,2.4869,Górniak
2757,682.26,32.5027,3048.3226,38.5512,2.1487,Górniak
2758,1105.29,30.8769,3048.4722,38.2496,2.1487,Górniak
2759,206.93,33.0991,3049.3523,41.1219,2.1413,Górniak
2760,64.74,33.3895,3050.6,37.8775,2.1293,Chojny-Dąbrowa
2761,734.96,27.9833,3047.1743,44.4412,1.9956,Chojny-Dąbrowa
2762,1421.42,26.6441,3025.4535,39.5834,2.108,Chojny-Dąbrowa
2763,370.17,36.2312,3024.6952,41.4897,2.0786,Chojny-Dąbrowa
2764,240.21,33.7444,3013.4894,37.8238,2.2912,Piastów-Kurak
2765,173.3,32.0162,3007.3705,35.9551,2.3938,Chojny
2766,370.8,30.4227,3009.2819,31.6401,2.4956,Chojny
2767,625.24,19.4791,3016.9596,24.5643,2.4935,Chojny
2768,755.8,18.8169,3029.4,25.0248,2.411,Chojny
2769,700.73,21.8719,3031.1053,22.2639,2.4862,Chojny
2770,273.73,22.7517,3031.5141,17.5289,2.7709,Chojny
2771,48.15,19.5956,3027.0623,17.1382,3.149,Chojny
2772,67.34,20.549,3083.3716,22.9621,2.7974,Chojny
2773,149.72,22.1934,3089.8784,26.331,2.4847,Chojny
2774,354.26,22.043,3089.3303,26.2053,2.4674,Chojny
2775,670.99,16.4759,3090.6,20.3275,2.5529,Chojny
2776,224.77,13.1797,3086.6703,22.564,2.5944,Chojny
2777,13.59,20.9,3090.6,9.7,3.29,Chojny
2778,12.29,20.9,3090.6,9.7,3.29,Chojny
2779,0.0,20.9,3090.6,9.7,3.29,
2780,2.47,18.64,2981.9,19.1663,2.8274,Łagiewniki
2781,4.42,18.5048,2981.9,19.0678,2.8216,Łagiewniki
2782,1.08,20.2025,2981.9,20.3047,2.8944,Łagiewniki
2783,0.0,,,,,Łagiewniki
2784,0.26,24.3539,2981.9,24.6011,3.1258,Łagiewniki
2785,0.52,24.5389,2981.9,24.3717,3.1184,Łagiewniki
2786,0.53,23.212,2981.9,26.0171,3.1715,Łagiewniki
2787,0.54,21.2015,2981.9,28.5102,3.2519,Łagiewniki
2788,0.54,20.0,2981.9,30.0,3.3,Łagiewniki
2789,0.54,20.0,2981.9,30.0,3.3,Łagiewniki
2790,0.54,20.0,2981.9,30.0,3.3,Łagiewniki
2791,0.54,20.0,2981.9,30.0,3.3,Łagiewniki
2792,0.54,20.0,2981.9,30.0,3.3,Łagiewniki
2793,0.54,20.0,2981.9,30.0,3.3,Łagiewniki
2794,0.54,20.0,2981.9,30.0,3.3,Łagiewniki
2795,1.0,19.3664,2981.9,34.8047,3.073,Łagiewniki
2796,4.01,18.8,2981.9,39.1,2.87,Łagiewniki
2797,4.01,18.8,2981.9,39.1,2.87,Łagiewniki
2798,30.24,19.7027,3047.6171,23.754,2.9332,Łagiewniki
2799,126.1,18.6892,3054.7,22.1741,2.7549,Julianów-Marysin-Rogi
2800,143.25,18.4322,3054.7,23.8922,2.6882,Julianów-Marysin-Rogi
2801,134.64,16.228,3054.7,19.8493,2.9229,Julianów-Marysin-Rogi
2802,89.95,17.2973,3054.7,21.0233,2.9641,Julianów-Marysin-Rogi
2803,62.21,21.2249,3053.7167,22.3262,2.8401,Julianów-Marysin-Rogi
2804,4.14,19.1214,3029.4681,16.8391,2.9065,Julianów-Marysin-Rogi
2805,17.68,23.0379,3061.6609,26.9304,2.3842,Bałuty-Doły
2806,13.63,23.176,3061.5632,27.1062,2.3736,Bałuty-Doły
2807,47.32,11.6748,3068.7614,32.9016,2.2371,Bałuty-Doły
2808,346.84,32.2392,3069.9481,49.4871,1.8702,Bałuty-Doły
2809,691.75,32.5885,3069.5197,45.6437,1.9217,Bałuty-Doły
2810,63.6,26.0298,3063.3432,39.8984,2.1667,Bałuty-Doły
2811,5.24,37.2868,3062.8,34.9334,2.1266,Bałuty-Doły
2812,48.53,27.0766,3062.8,31.7443,2.303,Bałuty-Doły
2813,114.11,24.9253,3063.4364,40.4107,2.1226,Bałuty-Doły
2814,669.35,24.9995,3064.347,48.6026,1.862,Śródmieście-Wschód
2815,576.0,29.8427,3063.9818,54.1436,1.7629,Śródmieście-Wschód
2816,386.43,28.6205,3065.3724,49.4029,1.8535,Śródmieście-Wschód
2817,349.82,29.2224,3067.0,42.2588,1.9814,Śródmieście-Wschód
2818,97.02,19.9353,3067.0,34.719,2.1565,Śródmieście-Wschód
2819,298.78,36.5947,3056.9477,34.2961,2.3284,Stary Widzew
2820,810.45,35.4541,3059.1294,40.7472,2.2135,Stary Widzew
2821,691.36,39.9733,3047.0866,38.4554,2.3137,Stary Widzew
2822,522.78,29.1587,3044.3,40.0174,2.1738,Stary Widzew
2823,48.52,38.5,3044.3,45.0,1.95,Stary Widzew
2824,89.32,34.9152,3072.4879,43.3736,2.1981,Stary Widzew
2825,95.67,33.7848,3075.9,34.7263,2.3711,Stary Widzew
2826,31.09,20.3799,3075.9,42.1547,1.9525,Stary Widzew
2827,116.98,17.7948,3059.7983,42.0371,1.9398,Górniak
2828,104.32,35.5938,3059.4,38.7722,2.1872,Górniak
2829,64.9,35.7324,3059.4,45.2308,2.152,Górniak
2830,423.65,36.9981,3049.6166,32.3958,2.2534,Górniak
2831,384.12,33.8453,3048.2327,36.9991,2.2346,Górniak
2832,294.45,25.8303,3046.0477,39.2808,2.2315,Górniak
2833,66.15,32.7037,3031.7947,36.9285,2.1896,Chojny-Dąbrowa
2834,559.16,29.4338,3021.2382,40.3307,2.1285,Chojny-Dąbrowa
2835,393.89,23.052,3030.1106,40.2084,2.1608,Chojny-Dąbrowa
2836,335.78,38.9382,3058.2269,41.0321,2.0941,Chojny-Dąbrowa
2837,161.0,34.9566,3022.1779,34.7323,2.3475,Chojny-Dąbrowa
2838,305.9,34.4214,3019.3361,36.5794,2.4148,Chojny
2839,287.5,22.9163,3023.177,26.6322,2.8702,Chojny
2840,578.04,21.2831,3036.2414,27.7048,2.5336,Chojny
2841,923.1,21.8032,3032.9715,26.5039,2.4009,Chojny
2842,809.28,21.5903,3034.4521,27.5217,2.3293,Chojny
2843,147.35,25.6,3026.7,24.836,2.6331,Chojny
2844,45.64,19.2661,3068.4253,29.6208,2.4736,Chojny
2845,50.94,23.5817,3081.8462,27.481,2.5964,Chojny
2846,16.22,50.0,3034.1,0.0,4.0,Chojny
2847,123.82,13.7199,3084.4834,19.5595,2.6966,Chojny
2848,383.18,18.3329,3056.7724,26.3057,2.4419,Chojny
2849,155.04,21.2912,3036.4495,25.366,2.4828,Chojny
2850,12.93,21.4201,3086.2785,10.7096,3.2724,Chojny
2851,0.81,20.9,3090.6,9.7,3.29,
2852,0.31,25.0,2981.9,23.8,3.1,Łagiewniki
2853,0.52,25.0,2981.9,23.8,3.1,Łagiewniki
2854,0.52,25.0,2981.9,23.8,3.1,Łagiewniki
2855,0.28,25.0,2981.9,23.8,3.1,Łagiewniki
2856,0.0,,,,,Łagiewniki
2857,0.48,25.0,2981.9,23.8,3.1,Łagiewniki
2858,0.52,25.0,2981.9,23.8,3.1,Łagiewniki
2859,0.52,25.0,2981.9,23.8,3.1,Łagiewniki
2860,0.52,24.7812,2981.9,24.0713,3.1088,Łagiewniki
2861,0.53,23.0898,2981.9,26.1687,3.1764,Łagiewniki
2862,0.54,21.1595,2981.9,28.5622,3.2536,Łagiewniki
2863,0.54,20.001,2981.9,29.9988,3.3,Łagiewniki
2864,0.54,20.0,2981.9,30.0,3.3,Łagiewniki
2865,0.54,20.0,2981.9,30.0,3.3,Łagiewniki
2866,0.54,20.0,2981.9,30.0,3.3,Łagiewniki
2867,0.54,20.0,2981.9,30.0,3.3,Łagiewniki
2868,1.61,19.0781,2981.9,36.9909,2.9697,Łagiewniki
2869,4.01,18.8,2981.9,39.1,2.87,Łagiewniki
2870,35.2,19.7222,3049.0339,23.4231,2.9346,Łagiewniki
2871,110.0,19.3948,3054.7,22.127,2.8725,Julianów-Marysin-Rogi
2872,131.59,18.7837,3054.7,22.1023,2.8412,Julianów-Marysin-Rogi
2873,131.26,16.7128,3054.7,23.822,2.8351,Julianów-Marysin-Rogi
2874,55.09,14.9698,3054.7,17.0687,3.021,Julianów-Marysin-Rogi
2875,48.83,16.3954,3054.7,17.5674,2.9442,Julianów-Marysin-Rogi
2876,39.04,22.6262,3054.6992,23.541,2.478,Julianów-Marysin-Rogi
2877,0.79,32.9348,3054.4102,39.4368,1.63,Julianów-Marysin-Rogi
2878,0.77,33.3,3054.4,40.0,1.6,Bałuty-Doły
2879,0.77,33.3,3054.4,40.0,1.6,Bałuty-Doły
2880,156.8,31.3263,3070.1398,46.8251,1.933,Bałuty-Doły
2881,960.21,29.5631,3070.1992,48.9914,1.8556,Bałuty-Doły
2882,49.4,32.8911,3069.7871,40.927,1.9716,Bałuty-Doły
2883,6.73,29.1555,3057.2082,41.4751,2.3545,Bałuty-Doły
2884,15.15,26.1442,3058.1961,37.5229,2.3656,Bałuty-Doły
2885,81.56,26.0359,3066.5236,39.9003,2.1186,Bałuty-Doły
2886,133.8,22.5689,3069.1669,51.6341,1.7724,Śródmieście-Wschód
2887,61.36,29.9976,3066.7724,60.1933,1.6039,Śródmieście-Wschód
2888,120.52,29.8106,3076.434,53.0429,1.7407,Śródmieście-Wschód
2889,245.14,27.4951,3068.7788,44.0038,1.8719,Śródmieście-Wschód
2890,397.95,28.0083,3067.9645,49.2387,1.9299,Śródmieście-Wschód
2891,119.14,24.4292,3066.4781,35.0946,2.1852,Śródmieście-Wschód
2892,580.43,23.6946,3056.1,37.5207,2.2252,Stary Widzew
2893,536.49,24.4418,3054.2168,37.2376,2.1805,Stary Widzew
2894,611.6,36.1355,3052.1338,37.6192,2.154,Stary Widzew
2895,831.43,41.7787,3027.3426,46.2273,1.9773,Stary Widzew
2896,377.65,37.2852,3032.7322,36.5777,2.198,Stary Widzew
2897,247.93,45.1042,3075.46,35.7923,2.2969,Stary Widzew
2898,296.67,20.107,3075.9,41.8269,1.9752,Stary Widzew
2899,101.33,24.6941,3065.9242,38.7808,2.1774,Stary Widzew
2900,108.84,33.0381,3060.4293,39.52,2.1135,Górniak
2901,75.34,34.7534,3059.4,43.8097,2.1109,Górniak
2902,148.32,33.5278,3051.3853,40.6782,2.236,Górniak
2903,375.56,28.8699,3047.7577,38.3502,2.2234,Górniak
2904,1027.77,24.0659,3047.4,36.1779,2.1157,Górniak
2905,603.47,32.4844,3013.1554,39.7141,2.1071,Chojny-Dąbrowa
2906,835.51,29.6728,3009.6,35.9601,2.2393,Chojny-Dąbrowa
2907,758.6,29.0969,3017.9375,32.1112,2.2987,Chojny-Dąbrowa
2908,1091.31,23.8998,3046.7586,38.6314,2.1823,Chojny-Dąbrowa
2909,912.78,29.8992,3063.7,27.9135,2.4235,Chojny-Dąbrowa
2910,66.19,25.7816,3040.9463,37.2948,2.3791,Chojny
2911,213.0,23.6987,3027.6235,28.3706,2.7877,Chojny
2912,355.6,19.1484,3035.2224,27.771,2.4144,Chojny
2913,1003.54,20.0318,3037.3916,23.3603,2.3949,Chojny
2914,676.54,22.8019,3037.8587,26.764,2.4559,Chojny
2915,362.75,19.3153,3037.6723,30.6939,2.2911,Chojny
2916,98.88,24.9317,3026.7,25.9063,2.5687,Chojny
2917,59.66,17.8291,3078.6357,32.7978,2.3198,Chojny
2918,16.49,49.3285,3035.2127,0.7227,3.9632,Chojny
2919,16.22,50.0,3034.1,0.0,4.0,Chojny
2920,49.95,27.7131,3034.226,19.2559,2.8454,Chojny
2921,60.48,21.1627,3034.1,23.5356,2.5969,Chojny
2922,8.5,27.3112,3037.3304,22.1453,3.0732,Chojny
2923,2.04,27.7,3034.1,22.9,3.06,
2924,0.28,25.0,2981.9,23.8,3.1,Łagiewniki
2925,0.52,25.0,2981.9,23.8,3.1,Łagiewniki
2926,0.52,25.0,2981.9,23.8,3.1,Łagiewniki
2927,0.52,25.0,2981.9,23.8,3.1,Łagiewniki
2928,0.15,25.0,2981.9,23.8,3.1,Łagiewniki
2929,0.18,25.0,2981.9,23.8,3.1,Łagiewniki
2930,0.52,25.0,2981.9,23.8,3.1,Łagiewniki
2931,0.52,25.0,2981.9,23.8,3.1,Łagiewniki
2932,0.52,25.0,2981.9,23.8,3.1,Łagiewniki
2933,0.52,25.0,2981.9,23.8,3.1,Łagiewniki
2934,0.52,25.0,2981.9,23.8,3.1,Łagiewniki
2935,0.52,24.7965,2981.9,24.0524,3.1081,Łagiewniki
2936,0.53,23.2233,2981.9,26.0032,3.1711,Łagiewniki
2937,0.54,21.3785,2981.9,28.2907,3.2449,Łagiewniki
2938,0.54,20.0789,2981.9,29.9021,3.2968,Łagiewniki
2939,0.59,19.3615,2988.838,30.017,3.243,Łagiewniki
2940,0.92,16.6435,3018.3744,30.0895,3.0001,Łagiewniki
2941,1.61,14.8998,3036.7012,30.5681,2.829,Łagiewniki
2942,30.05,19.3561,3051.7129,22.4861,2.9404,Łagiewniki
2943,90.57,19.7235,3054.946,21.9304,2.9419,Julianów-Marysin-Rogi
2944,104.19,21.6149,3054.9705,18.7928,3.0315,Julianów-Marysin-Rogi
2945,96.36,23.0489,3055.001,17.4028,3.1954,Julianów-Marysin-Rogi
2946,57.61,18.0533,3054.8754,16.66,3.0834,Julianów-Marysin-Rogi
2947,48.64,15.3,3054.7,16.5,3.01,Julianów-Marysin-Rogi
2948,45.24,21.4202,3054.7,22.3687,2.5657,Julianów-Marysin-Rogi
2949,37.32,22.6367,3054.699,23.5566,2.477,Julianów-Marysin-Rogi
2950,0.77,33.3,3054.4,40.0,1.6,Bałuty-Doły
2951,0.77,33.3,3054.4,40.0,1.6,Bałuty-Doły
2952,64.18,16.2659,3054.4,46.5366,2.0115,Bałuty-Doły
2953,711.85,27.3673,3065.0428,52.1784,1.8134,Bałuty-Doły
2954,77.31,28.118,3060.383,33.386,2.2378,Bałuty-Doły
2955,13.81,31.8952,3054.6515,30.4665,2.4342,Bałuty-Doły
2956,20.92,29.0,3054.4,42.1,2.35,Bałuty-Doły
2957,48.58,30.4228,3065.2584,46.5981,2.0147,Bałuty-Doły
2958,618.34,29.5232,3071.0,51.0785,1.7743,Śródmieście-Wschód
2959,243.72,33.2938,3071.0,44.486,1.8356,Śródmieście-Wschód
2960,37.82,39.9238,3088.5559,27.8682,2.4026,Śródmieście-Wschód
2961,36.17,7.5873,3095.5,36.5969,2.1581,Śródmieście-Wschód
2962,446.28,28.1791,3082.1755,42.9154,2.08,Śródmieście-Wschód
2963,169.58,23.5496,3071.6006,30.8778,2.4883,Śródmieście-Wschód
2964,25.85,24.9175,3061.8989,29.9185,2.5414,Stary Widzew
2965,54.27,15.0912,3056.1,29.9578,2.5771,Stary Widzew
2966,107.69,29.2253,3056.1,52.8617,1.8077,Stary Widzew
2967,293.8,29.1679,3046.7709,43.2963,2.0041,Stary Widzew
2968,362.48,31.7261,3028.321,41.831,2.1401,Stary Widzew
2969,1065.11,25.1678,3048.5384,30.8355,2.3315,Stary Widzew
2970,184.41,29.4361,3075.9,37.5037,2.1605,Stary Widzew
2971,180.11,25.9591,3069.1879,41.428,2.1282,Stary Widzew
2972,694.8,24.3426,3066.177,37.4734,2.2833,Zarzew
2973,693.61,32.9999,3060.291,46.8497,1.9542,Zarzew
2974,770.77,24.4682,3038.3367,35.159,2.1985,Zarzew
2975,666.71,28.2961,3035.7776,34.1701,2.1792,Górniak
2976,42.25,30.4178,3045.9333,45.074,2.1988,Górniak
2977,655.89,31.7326,3028.8816,35.9269,2.2891,Górniak
2978,1087.28,27.2465,3014.9322,34.5053,2.1788,Chojny-Dąbrowa
2979,858.13,34.3368,3018.6271,35.4167,2.2476,Chojny-Dąbrowa
2980,647.85,26.8559,3038.7875,31.2119,2.3966,Chojny-Dąbrowa
2981,930.95,26.4897,3057.8736,24.4806,2.6003,Chojny-Dąbrowa
2982,41.01,31.5063,3063.7,32.6093,2.6345,Chojny-Dąbrowa
2983,75.24,21.8053,3041.452,36.5631,2.386,Chojny
2984,152.85,31.4743,3038.6,26.7323,2.798,Chojny
2985,387.88,22.2107,3031.5316,24.3647,2.3904,Chojny
2986,355.06,26.4134,3025.6282,28.5994,2.3227,Chojny
2987,761.95,26.9464,3035.9693,32.5642,2.2039,Chojny
2988,312.03,24.2305,3030.022,28.9021,2.4134,Chojny
2989,40.11,25.2296,3026.7,21.6244,2.8144,Chojny
2990,54.03,20.7203,3080.6123,31.0954,2.4135,Chojny
2991,15.52,48.9342,3034.1,1.0945,3.9551,Chojny
2992,10.9,38.5619,3034.1,11.7458,3.5179,Chojny
2993,8.31,27.7,3034.1,22.9,3.06,Chojny
2994,8.31,27.7,3034.1,22.9,3.06,Chojny
2995,4.47,27.7,3034.1,22.9,3.06,Chojny
2996,0.24,25.0,2981.9,23.8,3.1,
2997,0.52,25.0,2981.9,23.8,3.1,Łagiewniki
2998,0.52,25.0,2981.9,23.8,3.1,Łagiewniki
2999,0.52,25.0,2981.9,23.8,3.1,Łagiewniki
3000,0.52,25.0,2981.9,23.8,3.1,Łagiewniki
3001,0.46,25.0,2981.9,23.8,3.1,Łagiewniki
3002,0.52,25.0,2981.9,23.8,3.1,Łagiewniki
3003,0.52,25.0,2981.9,23.8,3.1,Łagiewniki
3004,0.52,25.0,2981.9,23.8,3.1,Łagiewniki
3005,0.52,25.0,2981.9,23.8,3.1,Łagiewniki
3006,0.52,25.0,2981.9,23.8,3.1,Łagiewniki
3007,0.52,25.0,2981.9,23.8,3.1,Łagiewniki
3008,0.52,25.0,2981.9,23.8,3.1,Łagiewniki
3009,0.52,25.0,2981.9,23.8,3.1,Łagiewniki
3010,0.52,24.9564,2981.9,23.854,3.1017,Łagiewniki
3011,4.57,12.9912,3059.554,30.0203,2.6561,Julianów-Marysin-Rogi
3012,6.9,12.5385,3062.9819,30.199,2.6334,Julianów-Marysin-Rogi
3013,7.28,12.5054,3063.3411,30.1999,2.6305,Julianów-Marysin-Rogi
3014,12.05,15.5202,3063.4,20.9424,2.8795,Julianów-Marysin-Rogi
3015,18.13,17.1,3063.4,16.1,3.01,Julianów-Marysin-Rogi
3016,56.92,17.6596,3063.001,12.2357,3.0467,Julianów-Marysin-Rogi
3017,80.47,17.9055,3062.9912,11.4585,3.0689,Julianów-Marysin-Rogi
3018,47.87,14.9375,3062.9681,13.6944,3.0593,Julianów-Marysin-Rogi
3019,53.16,15.0524,3055.959,16.4069,3.0275,Julianów-Marysin-Rogi
3020,76.89,25.0327,3058.9052,23.4395,2.6807,Julianów-Marysin-Rogi
3021,77.35,27.8604,3059.2313,25.9479,2.506,Julianów-Marysin-Rogi
3022,73.69,19.2139,3057.285,20.6314,2.8265,Julianów-Marysin-Rogi
3023,35.88,28.6646,3054.5738,25.4108,2.3074,Bałuty-Doły
3024,30.28,29.2369,3054.4,25.5313,2.2739,Bałuty-Doły
3025,124.18,22.9547,3054.4,42.2517,1.9488,Bałuty-Doły
3026,18.77,32.256,3054.4,24.4969,2.3986,Bałuty-Doły
3027,12.92,34.3169,3054.4,20.7356,2.5047,Bałuty-Doły
3028,20.88,29.0168,3054.4,42.0327,2.3505,Bałuty-Doły
3029,20.92,29.0,3054.4,42.1,2.35,Bałuty-Doły
3030,172.73,33.3103,3070.8463,48.6303,1.8567,Śródmieście-Wschód
3031,342.03,27.0057,3071.0,46.6326,1.8881,Śródmieście-Wschód
3032,372.05,31.1454,3071.0,42.726,1.918,Śródmieście-Wschód
3033,54.6,7.2593,3093.3004,40.0186,2.196,Śródmieście-Wschód
3034,289.22,15.8289,3093.3315,47.7121,1.934,Śródmieście-Wschód
3035,298.4,33.2786,3071.0,31.284,2.3166,Śródmieście-Wschód
3036,30.01,42.5618,3081.5834,30.6067,2.4196,Stary Widzew
3037,0.0,,,,,Stary Widzew
3038,0.0,,,,,Stary Widzew
3039,177.8,38.6445,3071.3,43.3631,1.9716,Stary Widzew
3040,660.01,30.237,3071.3,43.7046,2.032,Stary Widzew
3041,557.31,24.4503,3031.9066,32.881,2.2842,Stary Widzew
3042,439.04,24.0802,3033.8029,41.5889,2.0158,Stary Widzew
3043,73.59,31.6258,3075.3011,40.7111,2.2078,Stary Widzew
3044,235.71,32.3641,3067.4048,41.2217,2.0852,Zarzew
3045,437.42,28.385,3066.5805,37.6766,2.2443,Zarzew
3046,630.65,20.9198,3037.917,37.1592,2.1306,Zarzew
3047,1047.4,23.789,3028.6842,36.3467,2.096,Zarzew
3048,651.36,25.9904,3025.3217,38.1527,2.1091,Zarzew
3049,306.22,40.7254,3039.771,28.6251,2.5288,Górniak
3050,563.38,31.4527,3026.0875,38.9894,2.1512,Chojny-Dąbrowa
3051,1057.4,32.2222,3016.8387,35.5385,2.2178,Chojny-Dąbrowa
3052,535.74,28.2146,3022.0997,39.6157,2.0545,Chojny-Dąbrowa
3053,604.29,27.7417,3056.3263,29.3503,2.3819,Chojny-Dąbrowa
3054,293.18,21.2432,3062.6555,22.962,2.5474,Chojny-Dąbrowa
3055,41.97,27.5449,3054.8555,33.5981,2.5233,Chojny-Dąbrowa
3056,163.52,28.139,3038.6027,27.3889,2.7974,Chojny
3057,244.84,22.6009,3027.4326,31.591,2.3431,Chojny
3058,902.18,24.1607,3022.2027,31.8186,2.2253,Chojny
3059,1162.94,25.0295,3018.0219,32.5785,2.2468,Chojny
3060,320.35,23.6549,3019.4394,25.7325,2.568,Chojny
3061,117.18,16.3285,3021.1123,24.0427,2.8438,Chojny
3062,51.53,17.2949,3071.6523,31.8203,2.3989,Chojny
3063,20.01,26.6886,3063.3843,24.8106,2.7931,Chojny
3064,8.31,27.7,3034.1,22.9,3.06,Chojny
3065,8.31,27.7,3034.1,22.9,3.06,Chojny
3066,8.31,27.7,3034.1,22.9,3.06,Chojny
3067,8.06,27.7,3034.1,22.9,3.06,Chojny
3068,0.23,25.0,2981.9,23.8,3.1,
3069,0.52,25.0,2981.9,23.8,3.1,Łagiewniki
3070,0.52,25.0,2981.9,23.8,3.1,Łagiewniki
3071,0.52,25.0,2981.9,23.8,3.1,Łagiewniki
3072,0.52,25.0,2981.9,23.8,3.1,Łagiewniki
3073,0.52,25.0,2981.9,23.8,3.1,Łagiewniki
3074,0.52,25.0,2981.9,23.8,3.1,Łagiewniki
3075,0.52,25.0,2981.9,23.8,3.1,Łagiewniki
3076,0.52,25.0,2981.9,23.8,3.1,Łagiewniki
3077,0.52,25.0,2981.9,23.8,3.1,Łagiewniki
3078,0.52,25.0,2981.9,23.8,3.1,Łagiewniki
3079,0.52,25.0,2981.9,23.8,3.1,Łagiewniki
3080,0.52,25.0,2981.9,23.8,3.1,Łagiewniki
3081,0.52,25.0,2981.9,23.8,3.1,Łagiewniki
3082,1.08,18.0474,3027.2309,27.3597,2.8386,Łagiewniki
3083,7.35,12.5,3063.4,30.2,2.63,Julianów-Marysin-Rogi
3084,7.35,12.5,3063.4,30.2,2.63,Julianów-Marysin-Rogi
3085,10.73,14.9401,3063.4,22.7205,2.8316,Julianów-Marysin-Rogi
3086,18.13,17.1,3063.4,16.1,3.01,Julianów-Marysin-Rogi
3087,25.79,17.2921,3063.4,14.2174,3.0292,Julianów-Marysin-Rogi
3088,66.01,17.569,3063.4,11.5036,3.0569,Julianów-Marysin-Rogi
3089,65.92,16.9443,3063.4,11.8294,3.0592,Julianów-Marysin-Rogi
3090,65.82,13.5531,3063.4,15.3904,3.1025,Julianów-Marysin-Rogi
3091,126.4,14.0105,3062.9586,16.9872,3.0838,Julianów-Marysin-Rogi
3092,134.11,24.4432,3063.4,27.459,2.5776,Julianów-Marysin-Rogi
3093,156.35,23.8802,3060.5274,21.0293,2.7983,Stoki-Sikawa-Podgórze
3094,141.49,16.7767,3058.5501,21.46,3.0088,Stoki-Sikawa-Podgórze
3095,75.78,22.8383,3054.4028,34.8869,2.4125,Bałuty-Doły
3096,68.86,23.8569,3054.4,33.38,2.391,Bałuty-Doły
3097,25.74,29.6402,3054.4,25.587,2.385,Bałuty-Doły
3098,12.77,34.4863,3054.4,20.0187,2.5098,Bałuty-Doły
3099,19.84,29.5093,3054.4,33.6471,2.4751,Bałuty-Doły
3100,22.86,28.3459,3054.4,32.9867,2.5331,Bałuty-Doły
3101,26.08,28.2166,3061.2535,32.8773,2.4249,Bałuty-Doły
3102,45.72,26.4528,3071.0,41.7423,2.0669,Śródmieście-Wschód
3103,381.25,24.0331,3071.0,36.4661,2.1586,Śródmieście-Wschód
3104,15.43,44.045,3072.8639,26.2553,2.4379,Śródmieście-Wschód
3105,91.15,10.0012,3095.475,34.7223,2.3936,Śródmieście-Wschód
3106,180.36,25.474,3078.8931,24.9463,2.8362,Śródmieście-Wschód
3107,92.67,24.9556,3073.446,24.1702,2.7399,Stary Widzew
3108,9.77,50.6,3086.0,35.2,2.29,Stary Widzew
3109,0.0,,,,,Stary Widzew
3110,0.0,,,,,Stary Widzew
3111,586.03,24.9038,3071.3,46.7069,1.9547,Stary Widzew
3112,353.73,23.0064,3071.3,41.1505,2.0916,Stary Widzew
3113,27.37,17.1,3071.3,32.1,2.46,Stary Widzew
3114,27.37,17.1,3071.3,32.1,2.46,Stary Widzew
3115,125.37,20.6094,3080.723,32.6542,2.3989,Stary Widzew
3116,224.94,21.3429,3081.5701,31.9532,2.4018,Zarzew
3117,632.79,22.5091,3043.4298,41.6373,2.0802,Zarzew
3118,1484.6,29.4962,3036.2358,44.4619,1.8853,Zarzew
3119,783.78,27.5039,3026.0512,37.6473,2.0817,Zarzew
3120,750.73,25.9736,3030.2688,39.8204,2.038,Chojny-Dąbrowa
3121,951.29,30.1887,3031.2078,42.2155,1.978,Chojny-Dąbrowa
3122,981.0,30.1349,3025.6301,38.9049,2.1145,Chojny-Dąbrowa
3123,1489.02,31.0122,3017.4949,39.0707,2.1084,Chojny-Dąbrowa
3124,1449.41,36.9523,3029.1709,34.9717,2.2269,Chojny-Dąbrowa
3125,1012.7,32.5998,3023.3484,37.469,2.2538,Chojny-Dąbrowa
3126,70.53,19.2389,3023.9178,28.0479,2.5165,Chojny-Dąbrowa
3127,114.79,16.0644,3032.0422,25.9764,2.7287,Chojny
3128,444.83,18.7804,3026.3776,26.0412,2.4714,Chojny
3129,797.0,22.3969,3022.2,33.3434,2.3075,Chojny
3130,824.17,25.8398,3014.6635,30.205,2.2041,Chojny
3131,914.29,22.6451,3014.6576,29.1926,2.2744,Chojny
3132,503.28,20.8196,3016.9267,23.1695,2.5771,Chojny
3133,37.68,18.4216,3019.8288,24.4963,2.8556,Chojny
3134,8.31,27.7,3034.1,22.9,3.06,Chojny
3135,8.31,27.7,3034.1,22.9,3.06,Chojny
3136,8.31,27.7,3034.1,22.9,3.06,Chojny
3137,8.31,27.7,3034.1,22.9,3.06,Chojny
3138,8.31,27.7,3034.1,22.9,3.06,Chojny
3139,2.94,27.7,3034.1,22.9,3.06,
3140,0.39,25.0,2981.9,23.8,3.1,Łagiewniki
3141,0.52,25.0,2981.9,23.8,3.1,Łagiewniki
3142,0.52,25.0,2981.9,23.8,3.1,Łagiewniki
3143,0.52,25.0,2981.9,23.8,3.1,Łagiewniki
3144,0.52,25.0,2981.9,23.8,3.1,Łagiewniki
3145,0.52,25.0,2981.9,23.8,3.1,Łagiewniki
3146,0.52,25.0,2981.9,23.8,3.1,Łagiewniki
3147,0.52,25.0,2981.9,23.8,3.1,Łagiewniki
3148,0.52,25.0,2981.9,23.8,3.1,Łagiewniki
3149,0.52,25.0,2981.9,23.8,3.1,Łagiewniki
3150,0.52,25.0,2981.9,23.8,3.1,Łagiewniki
3151,0.52,25.0,2981.9,23.8,3.1,Łagiewniki
3152,0.52,25.0,2981.9,23.8,3.1,Łagiewniki
3153,0.52,25.0,2981.9,23.8,3.1,Łagiewniki
3154,4.48,13.1112,3059.4147,29.887,2.653,Julianów-Marysin-Rogi
3155,7.35,12.5,3063.4,30.2,2.63,Julianów-Marysin-Rogi
3156,7.68,12.8318,3063.4,29.183,2.6574,Julianów-Marysin-Rogi
3157,18.13,17.0998,3063.4,16.1007,3.01,Julianów-Marysin-Rogi
3158,18.13,17.1,3063.4,16.1,3.01,Julianów-Marysin-Rogi
3159,37.11,16.038,3063.4,21.4723,2.8288,Julianów-Marysin-Rogi
3160,23.06,16.5088,3063.4,17.8432,2.9509,Julianów-Marysin-Rogi
3161,36.78,13.7448,3063.4,14.7952,3.0566,Julianów-Marysin-Rogi
3162,39.96,13.5007,3063.4,14.7085,3.0605,Julianów-Marysin-Rogi
3163,66.13,16.1239,3063.1455,22.5557,2.7908,Julianów-Marysin-Rogi
3164,19.63,21.8374,3058.4934,21.7665,2.8061,Dolina Łódki
3165,35.52,19.0848,3057.2057,19.5234,3.0378,Dolina Łódki
3166,70.73,17.3337,3057.4828,25.4428,2.9431,Stoki-Sikawa-Podgórze
3167,81.47,21.5569,3054.379,36.7034,2.4456,Bałuty-Doły
3168,46.85,23.421,3054.4,34.4027,2.4503,Bałuty-Doły
3169,34.83,24.2848,3054.4,33.9298,2.3397,Bałuty-Doły
3170,47.56,22.9635,3054.4,33.9403,2.3986,Bałuty-Doły
3171,25.99,27.5,3054.4,21.2,2.77,Bałuty-Doły
3172,25.99,27.5,3054.4,21.2,2.77,Bałuty-Doły
3173,26.96,28.6537,3067.1673,40.4278,2.1778,Śródmieście-Wschód
3174,157.55,29.0,3071.0,96.6779,1.0617,Śródmieście-Wschód
3175,93.41,44.9993,3071.0,55.7116,1.8328,Śródmieście-Wschód
3176,65.68,6.5301,3094.1407,40.4133,2.1688,Śródmieście-Wschód
3177,451.32,19.0758,3087.2588,51.6414,1.8743,Śródmieście-Wschód
3178,156.72,19.9897,3071.3609,22.3875,3.0014,Śródmieście-Wschód
3179,26.54,50.6,3086.0,35.2,2.29,Stary Widzew
3180,0.0,,,,,Stary Widzew
3181,0.0,,,,,Stary Widzew
3182,416.0,22.3406,3071.3,38.6105,2.0875,Stary Widzew
3183,513.36,27.481,3071.3,44.1671,1.9048,Stary Widzew
3184,27.37,17.1,3071.3,32.1,2.46,Stary Widzew
3185,27.37,17.1,3071.3,32.1,2.46,Stary Widzew
3186,43.91,19.0937,3076.5516,34.6772,2.4211,Stary Widzew
3187,121.51,21.2,3082.1,37.4,2.38,Zarzew
3188,349.6,24.5247,3054.2965,33.4844,2.2268,Zarzew
3189,1170.14,22.8344,3023.2874,45.1123,1.9875,Zarzew
3190,883.1,27.8648,3023.5559,44.0841,1.9489,Zarzew
3191,842.5,27.0744,3024.6634,39.6501,2.0847,Zarzew
3192,867.81,25.9754,3031.2494,43.4313,1.9554,Chojny-Dąbrowa
3193,462.3,29.9238,3032.3236,43.31,1.9592,Chojny-Dąbrowa
3194,542.2,29.5245,3033.473,36.0464,2.1623,Chojny-Dąbrowa
3195,686.64,31.5435,3034.7257,33.0981,2.2492,Chojny-Dąbrowa
3196,970.7,25.962,3032.8955,31.6964,2.3597,Chojny-Dąbrowa
3197,670.86,25.1631,3024.7093,32.0856,2.3269,Chojny-Dąbrowa
3198,73.28,15.5079,3023.6031,21.7766,2.6176,Chojny-Dąbrowa
3199,166.38,16.6729,3036.277,30.603,2.3912,Chojny
3200,621.39,23.125,3038.6728,23.598,2.5305,Chojny
3201,526.35,23.5733,3020.6957,27.9183,2.3334,Chojny
3202,886.88,26.46,3012.3958,31.6982,2.193,Chojny
3203,849.82,27.4532,3012.3,23.5357,2.4608,Chojny
3204,109.65,34.042,3013.6045,31.5813,2.1681,Chojny
3205,11.64,15.2612,3034.1,20.5877,3.371,Chojny
3206,11.41,15.8861,3034.1,20.7038,3.3553,Chojny
3207,7.79,20.762,3034.1,20.8997,3.3779,Chojny
3208,7.08,22.7428,3034.1,21.0737,3.3679,Chojny
3209,7.15,23.0702,3034.1,21.1943,3.3475,Chojny
3210,6.62,23.2321,3034.1,21.2539,3.3375,Chojny
3211,0.33,25.0,2981.9,23.8,3.1,Łagiewniki
3212,0.52,25.0,2981.9,23.8,3.1,Łagiewniki
3213,0.52,25.0,2981.9,23.8,3.1,Łagiewniki
3214,0.52,25.0,2981.9,23.8,3.1,Łagiewniki
3215,0.52,25.0,2981.9,23.8,3.1,Łagiewniki
3216,0.52,25.0,2981.9,23.8,3.1,Łagiewniki
3217,0.52,25.0,2981.9,23.8,3.1,Łagiewniki
3218,0.52,25.0,2981.9,23.8,3.1,Łagiewniki
3219,0.52,24.9889,2981.8981,23.7854,3.1004,Łagiewniki
3220,0.52,25.0,2981.9,23.8,3.1,Łagiewniki
3221,0.52,25.0,2981.9,23.8,3.1,Łagiewniki
3222,0.52,25.0,2981.9,23.8,3.1,Łagiewniki
3223,0.52,25.0,2981.9,23.8,3.1,Łagiewniki
3224,0.52,25.0,2981.9,23.8,3.1,Łagiewniki
3225,0.54,24.5711,2984.6965,24.0196,3.0839,Łagiewniki
3226,6.88,12.565,3062.976,30.1667,2.6324,Julianów-Marysin-Rogi
3227,7.35,12.5,3063.4,30.2,2.63,Julianów-Marysin-Rogi
3228,20.32,16.424,3063.4,18.172,2.9542,Julianów-Marysin-Rogi
3229,18.13,17.1,3063.4,16.1,3.01,Julianów-Marysin-Rogi
3230,103.12,26.7296,3063.4,16.7612,2.9456,Julianów-Marysin-Rogi
3231,101.32,16.6376,3063.4,23.5678,2.7534,Julianów-Marysin-Rogi
3232,38.92,13.5648,3063.4,14.7252,3.0591,Julianów-Marysin-Rogi
3233,39.76,13.5,3063.4,14.7,3.06,Julianów-Marysin-Rogi
3234,25.31,16.1189,3061.3474,14.7354,3.06,Dolina Łódki
3235,9.41,28.3,3051.8,14.9,3.06,Dolina Łódki
3236,9.41,28.3,3051.8,14.9,3.06,Dolina Łódki
3237,9.41,28.3,3051.8,14.9,3.06,Dolina Łódki
3238,9.41,28.3,3051.8,14.9,3.06,Stoki-Sikawa-Podgórze
3239,35.18,21.2239,3055.0955,30.4038,2.5401,Stoki-Sikawa-Podgórze
3240,28.19,25.0412,3054.5862,31.4819,2.378,Bałuty-Doły
3241,66.94,21.4896,3054.4,37.4863,2.3047,Bałuty-Doły
3242,25.99,27.5,3054.4,21.2,2.77,Bałuty-Doły
3243,25.99,27.5,3054.4,21.2,2.77,Bałuty-Doły
3244,26.23,27.7911,3057.6215,26.0517,2.6206,Bałuty-Doły
3245,34.28,27.2356,3072.0285,46.4216,1.977,Śródmieście-Wschód
3246,129.6,8.4949,3080.7898,48.4469,1.7359,Śródmieście-Wschód
3247,162.97,11.6644,3075.8454,49.0742,1.7311,Śródmieście-Wschód
3248,412.28,14.6799,3086.826,54.0037,1.7087,Śródmieście-Wschód
3249,373.53,21.8161,3071.0914,52.327,1.9323,Śródmieście-Wschód
3250,81.64,34.7333,3075.1916,46.1829,2.0681,Stary Widzew
3251,15.47,50.6,3086.0,35.2,2.29,Stary Widzew
3252,3.98,22.4,3044.5,36.5,2.2,Stary Widzew
3253,4.35,19.625,3071.1941,32.2339,2.2347,Stary Widzew
3254,113.74,26.8584,3071.2655,39.0388,2.0745,Stary Widzew
3255,15.05,17.3711,3071.1042,31.9812,2.4649,Stary Widzew
3256,22.31,17.175,3071.2458,32.0671,2.4613,Stary Widzew
3257,26.69,17.1085,3071.2939,32.0963,2.4602,Stary Widzew
3258,236.52,18.9492,3081.9721,31.3538,2.3497,Zarzew
3259,263.26,17.9618,3082.1,25.7293,2.4923,Zarzew
3260,1175.62,28.0367,3041.6209,35.8732,2.1056,Zarzew
3261,992.44,32.6246,3024.8002,40.1275,2.0334,Zarzew
3262,641.31,32.319,3019.4519,43.8808,1.9697,Zarzew
3263,978.92,27.7074,3028.7184,40.2018,2.0357,Chojny-Dąbrowa
3264,969.51,25.671,3025.5866,41.1722,2.0526,Chojny-Dąbrowa
3265,1551.85,28.9297,3025.0105,47.2463,1.8816,Chojny-Dąbrowa
3266,1123.67,35.7678,3023.3,38.8598,2.1028,Chojny-Dąbrowa
3267,1350.12,31.3726,3034.7746,39.6399,2.0415,Chojny-Dąbrowa
3268,1437.14,28.9247,3031.8606,34.6613,2.243,Chojny-Dąbrowa
3269,133.91,18.5461,3030.0,30.7838,2.3805,Chojny-Dąbrowa
3270,112.36,15.2135,3033.0677,22.6626,2.4467,Chojny-Dąbrowa
3271,824.16,14.1175,3051.0291,19.1023,2.5762,Chojny
3272,678.97,25.9681,3042.6461,23.5237,2.521,Chojny
3273,141.75,26.1318,3028.2095,22.0952,2.5025,Chojny
3274,291.78,27.3384,3016.5236,22.2275,2.4472,Chojny
3275,160.47,17.1207,3016.8603,20.146,2.5766,Chojny
3276,12.95,12.1,3034.1,20.0,3.45,Chojny
3277,12.95,12.1,3034.1,20.0,3.45,Chojny
3278,11.08,13.0575,3034.1,19.9058,3.4814,Chojny
3279,6.23,18.2,3034.1,19.4,3.65,Chojny
3280,6.23,18.2,3034.1,19.4,3.65,Chojny
3281,6.23,18.2,3034.1,19.4,3.65,Chojny
3282,3.6,18.2,3034.1,19.4,3.65,Chojny
3283,0.28,25.0,2981.9,23.8,3.1,Łagiewniki
3284,0.52,25.0,2981.9,23.8,3.1,Łagiewniki
3285,0.52,25.0,2981.9,23.8,3.1,Łagiewniki
3286,0.52,25.0,2981.9,23.8,3.1,Łagiewniki
3287,1.02,20.8926,2981.1901,18.4249,3.2521,Łagiewniki
3288,2.98,18.0512,2980.699,14.7066,3.3574,Łagiewniki
3289,5.5,17.378,2980.5826,13.8256,3.3823,Łagiewniki
3290,7.71,17.1495,2980.5431,13.5265,3.3908,Wzniesień Łódzkich
3291,10.15,17.0125,2980.5194,13.3472,3.3958,Wzniesień Łódzkich
3292,11.11,16.9752,2980.513,13.2984,3.3972,Wzniesień Łódzkich
3293,0.54,24.6522,2981.8399,23.3449,3.1129,Łagiewniki
3294,0.52,25.0,2981.9,23.8,3.1,Łagiewniki
3295,0.52,25.0,2981.9,23.8,3.1,Łagiewniki
3296,0.52,25.0,2981.9,23.8,3.1,Łagiewniki
3297,0.52,25.0,2981.9,23.8,3.1,Łagiewniki
3298,0.86,19.682,3016.5734,26.5228,2.9,Łagiewniki
3299,7.33,12.5016,3063.3896,30.1992,2.6301,Julianów-Marysin-Rogi
3300,8.08,13.2015,3063.4,28.0497,2.688,Julianów-Marysin-Rogi
3301,18.13,17.1,3063.4,16.1,3.01,Julianów-Marysin-Rogi
3302,18.13,17.1,3063.4,16.1,3.01,Julianów-Marysin-Rogi
3303,132.98,21.6666,3063.3992,20.6871,2.8317,Julianów-Marysin-Rogi
3304,53.96,14.6082,3063.0608,19.9282,2.8909,Julianów-Marysin-Rogi
3305,31.08,13.8859,3061.8564,13.9814,3.1239,Julianów-Marysin-Rogi
3306,16.99,19.0219,3058.2024,14.2675,3.1048,Dolina Łódki
3307,9.41,28.3,3051.8,14.9,3.06,Dolina Łódki
3308,9.41,28.3,3051.8,14.9,3.06,Dolina Łódki
3309,9.41,28.3,3051.8,14.9,3.06,Dolina Łódki
3310,9.41,28.3,3051.8,14.9,3.06,Stoki-Sikawa-Podgórze
3311,15.27,18.0792,3056.5016,15.7858,2.8488,Stoki-Sikawa-Podgórze
3312,21.55,13.3,3058.7,16.2,2.75,Stoki-Sikawa-Podgórze
3313,37.69,18.2364,3056.0467,29.6517,2.4662,Stoki-Sikawa-Podgórze
3314,29.1,23.9685,3055.2463,23.688,2.7488,Bałuty-Doły
3315,24.07,26.1807,3055.1771,18.6336,2.9092,Bałuty-Doły
3316,23.9,26.0523,3055.2528,18.3839,2.9227,Bałuty-Doły
3317,46.56,16.4586,3076.6763,42.7774,2.0455,Śródmieście-Wschód
3318,309.6,11.4427,3085.5405,42.2563,1.9007,Stoki-Sikawa-Podgórze
3319,19.55,12.1889,3086.0,41.7093,1.8503,Stoki-Sikawa-Podgórze
3320,14.14,13.6,3086.0,39.2,1.89,Stoki-Sikawa-Podgórze
3321,14.14,13.6,3086.0,39.2,1.89,Stoki-Sikawa-Podgórze
3322,28.84,34.728,3081.0934,45.4958,1.9702,Stoki-Sikawa-Podgórze
3323,27.08,50.6,3086.0,35.2,2.29,Stoki-Sikawa-Podgórze
3324,342.36,23.3692,3044.9285,43.5261,1.9896,Stary Widzew
3325,729.54,26.4679,3059.0244,44.7788,1.9315,Stary Widzew
3326,60.98,33.3,3059.6,39.8969,2.1939,Stary Widzew
3327,0.55,33.3,3059.6,25.0,2.75,Stary Widzew
3328,0.55,33.3,3059.6,25.0,2.75,Stary Widzew
3329,1.02,25.6436,3065.1296,28.3556,2.6129,Stary Widzew
3330,111.78,18.4329,3081.8551,29.622,2.3335,Stary Widzew
3331,87.65,13.8862,3082.0664,20.715,2.5022,Zarzew
3332,559.53,22.8969,3054.5715,36.7208,2.136,Zarzew
3333,973.65,30.147,3029.1427,38.8527,2.0864,Zarzew
3334,402.68,23.8931,3021.9576,38.7762,2.0925,Zarzew
3335,852.23,30.9759,3044.7104,40.9086,2.0071,Zarzew
3336,1194.67,31.6734,3020.3175,45.428,1.9705,Chojny-Dąbrowa
3337,1312.14,26.643,3020.8724,41.1908,2.1123,Chojny-Dąbrowa
3338,965.21,25.955,3020.4974,36.1931,2.2508,Chojny-Dąbrowa
3339,1130.79,33.2101,3018.8384,36.3176,2.1072,Chojny-Dąbrowa
3340,906.97,31.7532,3030.8202,30.9438,2.2743,Chojny-Dąbrowa
3341,639.09,34.7337,3030.2296,36.187,2.1893,Chojny-Dąbrowa
3342,24.58,10.118,3030.0,19.6953,2.8914,Chojny-Dąbrowa
3343,515.93,14.2954,3039.4289,23.8478,2.5153,Chojny
3344,622.71,16.5133,3056.653,27.9092,2.4022,Chojny
3345,119.8,22.5264,3058.3627,21.5226,2.7192,Chojny
3346,58.98,18.5,3060.0,22.8,2.79,Chojny
3347,56.96,18.4363,3059.7422,22.7721,2.7966,Chojny
3348,13.22,12.2288,3034.6213,20.0564,3.4367,Chojny
3349,12.95,12.1,3034.1,20.0,3.45,Chojny
3350,12.95,12.1,3034.1,20.0,3.45,Chojny
3351,7.13,16.725,3034.1,19.5451,3.6016,Chojny
3352,6.23,18.2,3034.1,19.4,3.65,Chojny
3353,6.23,18.2,3034.1,19.4,3.65,Chojny
3354,6.23,18.2,3034.1,19.4,3.65,Chojny
3355,0.89,18.2,3034.1,19.4,3.65,
3356,0.15,25.0,2981.9,23.8,3.1,
3357,0.52,25.0,2981.9,23.8,3.1,Łagiewniki
3358,0.52,25.0,2981.9,23.8,3.1,Łagiewniki
3359,0.52,25.0,2981.9,23.8,3.1,Łagiewniki
3360,0.85,21.8107,2981.3488,19.6264,3.2181,Łagiewniki
3361,13.39,16.9078,2980.5013,13.2102,3.3997,Wzniesień Łódzkich
3362,13.72,16.9,2980.5,13.2,3.4,Wzniesień Łódzkich
3363,13.72,16.9,2980.5,13.2,3.4,Wzniesień Łódzkich
3364,13.72,16.9,2980.5,13.2,3.4,Wzniesień Łódzkich
3365,13.15,16.9138,2980.5024,13.218,3.3995,Wzniesień Łódzkich
3366,3.68,17.7735,2980.651,14.3431,3.3676,Łagiewniki
3367,0.52,25.0,2981.9,23.8,3.1,Łagiewniki
3368,0.52,25.0,2981.9,23.8,3.1,Łagiewniki
3369,0.52,25.0,2981.9,23.8,3.1,Łagiewniki
3370,0.52,25.0,2981.9,23.8,3.1,Łagiewniki
3371,0.52,25.0,2981.9,23.8,3.1,Łagiewniki
3372,1.84,15.3669,3044.7077,28.7321,2.7378,Łagiewniki
3373,7.35,12.5001,3063.3996,30.2,2.63,Julianów-Marysin-Rogi
3374,11.81,15.428,3063.3264,21.1684,2.8756,Julianów-Marysin-Rogi
3375,16.03,16.8775,3059.7137,13.9391,3.1784,Dolina Łódki
3376,17.3,16.3864,3057.3411,14.3085,3.2275,Dolina Łódki
3377,18.46,16.0501,3055.8591,14.6887,3.2531,Dolina Łódki
3378,12.83,16.4,3051.8,9.3,3.54,Dolina Łódki
3379,12.31,17.7833,3051.8,9.951,3.4842,Dolina Łódki
3380,9.41,28.3,3051.8,14.9,3.06,Dolina Łódki
3381,9.41,28.3,3051.8,14.9,3.06,Dolina Łódki
3382,9.41,28.3,3051.8,14.9,3.06,Dolina Łódki
3383,9.41,28.3,3051.8,14.9,3.06,Dolina Łódki
3384,11.7,23.0866,3054.1982,15.3518,2.9523,Dolina Łódki
3385,21.55,13.3,3058.7,16.2,2.75,Stoki-Sikawa-Podgórze
3386,21.55,13.3,3058.7,16.2,2.75,Stoki-Sikawa-Podgórze
3387,19.84,16.3381,3058.7,12.1492,3.0978,Stoki-Sikawa-Podgórze
3388,18.02,20.2,3058.7,7.0,3.54,Stoki-Sikawa-Podgórze
3389,18.02,20.2,3058.7,7.0,3.54,Stoki-Sikawa-Podgórze
3390,22.44,18.6623,3066.6206,9.0599,3.4878,Stoki-Sikawa-Podgórze
3391,93.4,8.8635,3085.9806,33.9814,2.4392,Stoki-Sikawa-Podgórze
3392,24.01,12.2178,3086.0,33.2233,2.3218,Stoki-Sikawa-Podgórze
3393,14.14,13.6,3086.0,39.2,1.89,Stoki-Sikawa-Podgórze
3394,14.14,13.6,3086.0,39.2,1.89,Stoki-Sikawa-Podgórze
3395,15.3,19.44,3086.0,38.5687,1.9531,Stoki-Sikawa-Podgórze
3396,27.08,50.6,3086.0,35.2,2.29,Stoki-Sikawa-Podgórze
3397,133.53,33.7779,3051.2324,44.506,2.0089,Stoki-Sikawa-Podgórze
3398,573.1,30.448,3047.2522,45.6061,1.9688,Stary Widzew
3399,273.44,38.0653,3051.2042,36.3127,2.2549,Stary Widzew
3400,0.55,33.3,3059.6,25.0,2.75,Stary Widzew
3401,0.55,33.3,3059.6,25.0,2.75,Stary Widzew
3402,0.55,33.3,3059.6,25.0,2.75,Stary Widzew
3403,0.55,33.3,3059.6,25.0,2.75,Stary Widzew
3404,0.55,33.3,3059.6,25.0,2.75,Zarzew
3405,51.48,8.0582,3095.736,18.2925,2.5808,Zarzew
3406,305.76,8.9603,3103.0072,27.6989,2.5548,Zarzew
3407,421.71,17.6248,3046.4834,33.5342,2.3722,Zarzew
3408,396.26,17.1254,3043.7714,37.058,2.1409,Zarzew
3409,971.8,30.2694,3046.0763,42.3298,1.9833,Chojny-Dąbrowa
3410,1006.66,23.556,3022.5859,38.3815,2.1081,Chojny-Dąbrowa
3411,597.49,31.8221,3017.5001,36.6562,2.2475,Chojny-Dąbrowa
3412,1310.23,31.2992,3011.8807,40.7516,2.0721,Chojny-Dąbrowa
3413,869.01,31.2197,3027.2349,38.2096,2.1853,Chojny-Dąbrowa
3414,220.95,32.5348,3030.0715,43.1035,2.112,Chojny-Dąbrowa
3415,22.25,9.3,3030.0,19.5,2.95,Chojny-Dąbrowa
3416,27.57,15.2966,3036.7179,16.9158,2.9325,Chojny-Dąbrowa
3417,147.06,16.6064,3058.802,25.1128,2.4929,Chojny
3418,127.93,17.4315,3060.0,24.5919,2.5381,Chojny
3419,58.33,18.4677,3060.0,22.751,2.7908,Chojny
3420,58.98,18.5,3060.0,22.8,2.79,Chojny
3421,19.31,14.7988,3045.0218,21.1807,3.1717,Chojny
3422,12.95,12.1,3034.1,20.0,3.45,Chojny
3423,12.95,12.1,3034.1,20.0,3.45,Chojny
3424,11.65,12.7329,3034.1,19.9377,3.4708,Chojny
3425,6.23,18.2,3034.1,19.4,3.65,Chojny
3426,6.23,18.2,3034.1,19.4,3.65,Chojny
3427,6.23,18.2,3034.1,19.4,3.65,Chojny
3428,4.7,18.2,3034.1,19.4,3.65,Chojny
3429,0.11,25.0,2981.9,23.8,3.1,
3430,0.34,25.0,2981.9,23.8,3.1,Wzniesień Łódzkich
3431,0.52,25.0,2981.9,23.8,3.1,Wzniesień Łódzkich
3432,0.52,25.0,2981.9,23.8,3.1,Łagiewniki
3433,2.92,18.0849,2980.7048,14.7506,3.3561,Łagiewniki
3434,13.72,16.9,2980.5,13.2,3.4,Wzniesień Łódzkich
3435,13.72,16.9,2980.5,13.2,3.4,Wzniesień Łódzkich
3436,13.72,16.9,2980.5,13.2,3.4,Wzniesień Łódzkich
3437,8.7,17.0844,2980.5319,13.4414,3.3932,Wzniesień Łódzkich
3438,0.52,25.0,2981.9,23.8,3.1,Łagiewniki
3439,0.52,25.0,2981.9,23.8,3.1,Łagiewniki
3440,0.52,25.0,2981.9,23.8,3.1,Łagiewniki
3441,0.52,25.0,2981.9,23.8,3.1,Łagiewniki
3442,0.52,25.0,2981.9,23.8,3.1,Łagiewniki
3443,0.52,25.0,2981.9,23.8,3.1,Łagiewniki
3444,0.52,25.0,2981.9,23.8,3.1,Łagiewniki
3445,1.37,16.6524,3036.3265,28.074,2.7861,Łagiewniki
3446,7.93,13.345,3060.8297,25.7495,2.824,Julianów-Marysin-Rogi
3447,12.71,16.3511,3051.9536,9.5684,3.5282,Dolina Łódki
3448,12.83,16.4,3051.8,9.3,3.54,Dolina Łódki
3449,12.83,16.4,3051.8,9.3,3.54,Dolina Łódki
3450,12.83,16.4,3051.8,9.3,3.54,Dolina Łódki
3451,12.83,16.4,3051.8,9.3,3.54,Dolina Łódki
3452,10.73,17.3913,3051.8,11.2638,3.3665,Dolina Łódki
3453,9.65,21.351,3051.8,13.2362,3.197,Dolina Łódki
3454,9.49,25.8283,3051.8,14.3082,3.1087,Dolina Łódki
3455,9.41,28.3,3051.8,14.9,3.06,Dolina Łódki
3456,9.41,28.3,3051.8,14.9,3.06,Dolina Łódki
3457,19.67,14.4073,3058.1906,16.104,2.7729,Stoki-Sikawa-Podgórze
3458,21.55,13.3,3058.7,16.2,2.75,Stoki-Sikawa-Podgórze
3459,20.94,14.3205,3058.7,14.8393,2.8668,Stoki-Sikawa-Podgórze
3460,18.02,20.2,3058.7,7.0,3.54,Stoki-Sikawa-Podgórze
3461,18.02,20.2,3058.7,7.0,3.54,Stoki-Sikawa-Podgórze
3462,18.02,20.2,3058.7,7.0,3.54,Stoki-Sikawa-Podgórze
3463,39.51,15.951,3080.5863,12.692,3.3957,Stoki-Sikawa-Podgórze
3464,56.04,14.9,3086.0,14.1,3.36,Stoki-Sikawa-Podgórze
3465,31.91,14.5681,3086.0,20.5074,2.9847,Stoki-Sikawa-Podgórze
3466,14.14,13.6,3086.0,39.2,1.89,Stoki-Sikawa-Podgórze
3467,14.16,13.6841,3086.0,39.1909,1.8909,Stoki-Sikawa-Podgórze
3468,25.91,48.7658,3086.0,35.3983,2.2702,Stoki-Sikawa-Podgórze
3469,27.08,50.6,3086.0,35.2,2.29,Stoki-Sikawa-Podgórze
3470,451.17,28.273,3045.2917,38.7254,2.1216,Stary Widzew
3471,883.49,36.5963,3045.6339,45.2386,1.9518,Stary Widzew
3472,27.64,34.5797,3049.0165,44.6109,1.9273,Stary Widzew
3473,0.55,33.3,3059.6,25.0,2.75,Stary Widzew
3474,0.55,33.3,3059.6,25.0,2.75,Stary Widzew
3475,0.55,33.3,3059.6,25.0,2.75,Stary Widzew
3476,0.55,33.3,3059.6,25.0,2.75,Zarzew
3477,0.55,33.3,3059.6,25.0,2.75,Zarzew
3478,415.62,11.2994,3104.1958,22.5921,2.5073,Zarzew
3479,617.96,8.785,3104.2,23.2552,2.5538,Zarzew
3480,37.76,7.5,3104.2,21.8,2.5,Zarzew
3481,41.1,9.2419,3093.5516,22.339,2.5074,Zarzew
3482,64.04,25.0161,3022.2,16.5707,2.8606,Chojny-Dąbrowa
3483,60.44,24.6473,3022.3752,15.9809,2.8816,Chojny-Dąbrowa
3484,22.46,9.4651,3029.8331,19.6761,2.9432,Chojny-Dąbrowa
3485,22.25,9.3,3030.0,19.5,2.95,Chojny-Dąbrowa
3486,22.25,9.3,3030.0,19.5,2.95,Chojny-Dąbrowa
3487,22.18,9.5959,3030.0,19.2172,2.9584,Chojny-Dąbrowa
3488,20.5,16.7633,3030.0,12.367,3.1613,Chojny-Dąbrowa
3489,24.43,18.2564,3045.2841,13.9475,3.056,Chojny-Dąbrowa
3490,31.77,16.0,3060.0,19.0,2.85,Chojny
3491,32.15,16.0646,3060.0,19.0983,2.8484,Chojny
3492,36.88,16.7504,3060.0,20.1407,2.832,Chojny
3493,27.48,16.3088,3052.4709,21.4833,2.9898,Chojny
3494,12.95,12.1,3034.1,20.0,3.45,Chojny
3495,12.95,12.1,3034.1,20.0,3.45,Chojny
3496,12.95,12.1,3034.1,20.0,3.45,Chojny
3497,7.82,15.8094,3034.1,19.6351,3.5716,Chojny
3498,6.23,18.2,3034.1,19.4,3.65,Chojny
3499,6.23,18.2,3034.1,19.4,3.65,Chojny
3500,6.23,18.2,3034.1,19.4,3.65,Chojny
3501,0.62,18.2,3034.1,19.4,3.65,
3502,0.01,25.0,2981.9,23.8,3.1,
3503,0.25,25.0,2981.9,23.8,3.1,
3504,0.51,25.0,2981.9,23.8,3.1,Wzniesień Łódzkich
3505,8.77,17.2617,2980.5309,13.3642,3.4311,Wzniesień Łódzkich
3506,13.29,17.8727,2980.5,12.8275,3.6008,Wzniesień Łódzkich
3507,12.86,18.9291,2980.5,12.4229,3.8188,Wzniesień Łódzkich
3508,11.23,20.1072,2980.5065,12.0351,4.0528,Wzniesień Łódzkich
3509,1.62,22.5856,2980.9058,14.9944,4.0019,Łagiewniki
3510,0.52,25.0,2981.9,23.8,3.1,Łagiewniki
3511,0.52,25.0,2981.9,23.8,3.1,Łagiewniki
3512,0.52,25.0,2981.9,23.8,3.1,Łagiewniki
3513,0.52,25.0,2981.9,23.8,3.1,Łagiewniki
3514,0.54,24.6596,2981.8493,23.2532,3.1011,Łagiewniki
3515,1.0,20.1998,2981.1851,16.089,3.1153,Łagiewniki
3516,0.74,21.9898,2981.4517,18.9645,3.1096,Łagiewniki
3517,3.45,17.3431,3043.8978,11.2142,3.4787,Łagiewniki
3518,12.83,16.4,3051.8,9.3,3.54,Dolina Łódki
3519,12.83,16.4,3051.8,9.3,3.54,Dolina Łódki
3520,12.83,16.4,3051.8,9.3,3.54,Dolina Łódki
3521,12.83,16.4,3051.8,9.3,3.54,Dolina Łódki
3522,12.83,16.4,3051.8,9.3,3.54,Dolina Łódki
3523,12.81,16.3844,3051.8,9.3149,3.5386,Dolina Łódki
3524,9.92,14.1023,3051.8,11.4978,3.3402,Dolina Łódki
3525,9.92,14.1,3051.8,11.5,3.34,Dolina Łódki
3526,8.21,15.5025,3051.8,11.8358,3.3123,Dolina Łódki
3527,8.26,22.1497,3051.8,13.4274,3.1813,Dolina Łódki
3528,13.44,19.1669,3055.4169,15.2773,2.9226,Dolina Łódki
3529,21.55,13.3,3058.7,16.2,2.75,Stoki-Sikawa-Podgórze
3530,21.55,13.3,3058.7,16.2,2.75,Stoki-Sikawa-Podgórze
3531,18.38,19.3727,3058.7,8.1031,3.4453,Stoki-Sikawa-Podgórze
3532,18.02,20.2,3058.7,7.0,3.54,Stoki-Sikawa-Podgórze
3533,18.02,20.2,3058.7,7.0,3.54,Stoki-Sikawa-Podgórze
3534,18.02,20.2,3058.7,7.0,3.54,Stoki-Sikawa-Podgórze
3535,54.56,14.9676,3085.6041,14.0108,3.3623,Stoki-Sikawa-Podgórze
3536,55.02,15.0241,3084.7805,14.1872,3.3441,Stoki-Sikawa-Podgórze
3537,27.36,16.1807,3069.9428,22.0658,2.7514,Stoki-Sikawa-Podgórze
3538,14.71,13.7989,3086.0,38.3248,1.9477,Stoki-Sikawa-Podgórze
3539,74.27,27.5937,3086.0,27.7192,2.6808,Stoki-Sikawa-Podgórze
3540,89.43,30.9393,3086.0,36.4054,2.4012,Stoki-Sikawa-Podgórze
3541,81.81,32.5746,3079.6831,36.5275,2.3318,Stoki-Sikawa-Podgórze
3542,441.58,28.8156,3044.8159,36.4701,2.1798,Stary Widzew
3543,194.85,33.3341,3052.596,43.3801,2.0044,Stary Widzew
3544,45.21,11.4241,3059.6,39.0845,2.0108,Stary Widzew
3545,35.52,11.4973,3059.6,39.0374,2.0133,Stary Widzew
3546,24.78,11.6454,3059.6,38.942,2.0183,Stary Widzew
3547,7.79,12.7128,3059.6,38.2548,2.0544,Stary Widzew
3548,0.55,33.3,3059.6,25.0,2.75,Zarzew
3549,30.54,8.4277,3103.8629,22.0293,2.4814,Zarzew
3550,232.94,8.1212,3104.2,24.6946,2.4319,Zarzew
3551,39.1,7.314,3104.2,21.8143,2.4986,Zarzew
3552,37.76,7.5,3104.2,21.8,2.5,Zarzew
3553,50.04,19.2371,3049.5926,17.8826,2.7567,Chojny-Dąbrowa
3554,53.62,25.0767,3023.6443,16.058,2.8904,Chojny-Dąbrowa
3555,26.51,18.321,3029.3972,17.9114,2.9499,Chojny-Dąbrowa
3556,16.09,11.3686,3028.6441,19.2219,3.0769,Chojny-Dąbrowa
3557,13.36,12.9007,3027.6399,19.0159,3.1709,Chojny-Dąbrowa
3558,15.06,16.9393,3028.5263,14.0453,3.2406,Chojny-Dąbrowa
3559,19.73,20.4499,3030.0,8.8435,3.2657,Chojny-Dąbrowa
3560,19.7,20.6,3030.0,8.7,3.27,Chojny-Dąbrowa
3561,36.69,16.7865,3054.8706,17.2389,2.9218,Chojny
3562,31.77,16.0,3060.0,19.0,2.85,Chojny
3563,31.77,16.0,3060.0,19.0,2.85,Chojny
3564,30.94,16.0849,3059.6449,18.9491,2.8571,Chojny
3565,10.67,22.4261,3034.1,15.1811,3.3674,Chojny
3566,10.69,22.2707,3034.1,15.2537,3.3686,Chojny
3567,10.71,22.1863,3034.1,15.293,3.3693,Chojny
3568,10.43,22.3982,3034.1,15.2613,3.3751,Chojny
3569,8.76,25.1663,3034.1,14.3906,3.3995,Chojny
3570,8.69,25.0271,3034.1,14.4906,3.4045,Chojny
3571,8.64,24.9253,3034.1,14.5638,3.4082,Chojny
3572,5.61,24.7636,3034.1,14.6801,3.414,Chojny
3573,1.52,22.1502,2980.7265,13.4066,4.1645,
3574,11.89,21.555,2980.5,11.4172,4.3607,Wzniesień Łódzkich
3575,11.88,21.6,2980.5,11.4,4.37,Wzniesień Łódzkich
3576,11.88,21.6,2980.5,11.4,4.37,Wzniesień Łódzkich
3577,11.88,21.6,2980.5,11.4,4.37,Wzniesień Łódzkich
3578,4.53,22.4196,2980.5918,11.5958,3.7927,Łagiewniki
3579,3.09,16.628,2980.6531,10.3514,3.1267,Łagiewniki
3580,4.16,16.1876,2980.5875,9.6439,3.1281,Łagiewniki
3581,5.21,15.9346,2980.5498,9.2375,3.1289,Wzniesień Łódzkich
3582,6.29,15.7602,2980.5239,8.9573,3.1295,Wzniesień Łódzkich
3583,7.27,15.6485,2980.5072,8.7779,3.1298,Wzniesień Łódzkich
3584,7.22,15.6536,2980.508,8.7861,3.1298,Wzniesień Łódzkich
3585,5.0,16.8912,3041.7965,10.186,3.48,Łagiewniki
3586,12.83,16.4,3051.8,9.3,3.54,Dolina Łódki
3587,12.83,16.4,3051.8,9.3,3.54,Dolina Łódki
3588,12.83,16.4,3051.8,9.3,3.54,Dolina Łódki
3589,12.83,16.4,3051.8,9.3,3.54,Dolina Łódki
3590,12.83,16.4,3051.8,9.3,3.54,Dolina Łódki
3591,12.83,16.4,3051.8,9.3,3.54,Dolina Łódki
3592,10.83,14.9487,3051.8,10.6882,3.4138,Dolina Łódki
3593,9.92,14.1,3051.8,11.5,3.34,Dolina Łódki
3594,9.92,14.1,3051.8,11.5,3.34,Dolina Łódki
3595,9.73,14.1,3051.8,11.5,3.34,Dolina Łódki
3596,9.92,14.1,3051.8,11.5,3.34,Dolina Łódki
3597,20.83,13.3236,3058.4967,16.0615,2.7674,Stoki-Sikawa-Podgórze
3598,21.55,13.3,3058.7,16.2,2.75,Stoki-Sikawa-Podgórze
3599,19.92,16.1888,3058.7,12.3483,3.0807,Stoki-Sikawa-Podgórze
3600,18.02,20.2,3058.7,7.0,3.54,Stoki-Sikawa-Podgórze
3601,18.02,20.2,3058.7,7.0,3.54,Stoki-Sikawa-Podgórze
3602,18.02,20.2,3058.7,7.0,3.54,Stoki-Sikawa-Podgórze
3603,78.29,13.8848,3030.2393,17.339,3.2641,Stoki-Sikawa-Podgórze
3604,99.82,13.8952,3026.6675,18.6801,3.1566,Stoki-Sikawa-Podgórze
3605,28.86,21.2147,3023.938,18.54,2.5509,Stoki-Sikawa-Podgórze
3606,32.33,18.2784,3066.1279,22.9798,2.7395,Stoki-Sikawa-Podgórze
3607,70.93,19.8066,3086.0,20.3841,3.0546,Stoki-Sikawa-Podgórze
3608,179.47,32.8192,3086.0,27.7867,2.6829,Stoki-Sikawa-Podgórze
3609,251.18,33.1284,3086.0,34.2756,2.458,Stoki-Sikawa-Podgórze
3610,73.7,28.8624,3083.0202,37.2414,2.3519,Stoki-Sikawa-Podgórze
3611,19.5,21.6806,3059.6,41.2556,2.2753,Stary Widzew
3612,49.75,11.5457,3059.6,38.9317,2.0193,Stary Widzew
3613,55.25,12.8142,3060.3628,38.3762,2.0851,Stary Widzew
3614,67.09,14.0456,3061.3789,30.8896,2.4296,Stary Widzew
3615,69.4,14.4222,3061.7254,29.4071,2.5089,Stary Widzew
3616,31.16,13.103,3063.4612,24.703,2.849,Widzew-Wschód
3617,32.03,11.5257,3070.3365,22.4457,2.7903,Widzew-Wschód
3618,26.73,4.519,3104.2,13.1352,2.5,Zarzew
3619,25.2,3.8963,3104.2,11.3251,2.5,Zarzew
3620,23.65,3.1903,3104.2,9.2733,2.5,Zarzew
3621,21.62,5.5238,3099.0098,10.0137,2.5633,Zarzew
3622,13.44,26.6293,3052.87,19.2545,3.1004,Chojny-Dąbrowa
3623,13.0,26.7,3054.2,19.4,3.11,Chojny-Dąbrowa
3624,9.14,24.0352,3038.6957,18.6732,3.3862,Chojny-Dąbrowa
3625,6.95,21.2,3022.2,17.9,3.68,Chojny-Dąbrowa
3626,6.95,21.2,3022.2,17.9,3.68,Chojny-Dąbrowa
3627,17.87,20.6335,3029.564,9.2142,3.2929,Chojny-Dąbrowa
3628,19.7,20.6,3030.0,8.7,3.27,Chojny-Dąbrowa
3629,19.8,20.5392,3030.3964,8.8361,3.2645,Chojny-Dąbrowa
3630,31.41,16.0869,3059.4335,18.8055,2.8579,Chojny
3631,31.77,16.0,3060.0,19.0,2.85,Chojny
3632,25.68,17.1883,3057.2273,18.3577,2.9014,Chojny
3633,11.93,24.3318,3040.5592,14.4963,3.2103,Chojny
3634,9.88,27.1,3034.1,13.0,3.33,Chojny
3635,9.88,27.1,3034.1,13.0,3.33,Chojny
3636,9.88,27.1,3034.1,13.0,3.33,Chojny
3637,10.91,24.7634,3024.4448,12.7134,3.3432,Chojny
3638,11.45,23.7189,3020.1292,12.5853,3.3491,Chojny
3639,9.67,24.6885,3026.7299,11.7403,3.388,Chojny
3640,9.73,25.4626,3029.1197,12.1358,3.3698,Chojny
3641,3.4,16.8492,3002.9205,7.5899,3.5792,
3642,1.73,12.7,2990.3,5.4,3.68,
3643,0.2,12.7,2990.3,5.4,3.68,
3644,8.77,21.6,2980.5,11.4,4.37,Wzniesień Łódzkich
3645,11.88,21.6,2980.5,11.4,4.37,Wzniesień Łódzkich
3646,11.88,21.6,2980.5,11.4,4.37,Wzniesień Łódzkich
3647,11.48,21.9825,2980.5,11.326,4.2775,Wzniesień Łódzkich
3648,9.5,24.389,2980.5,10.8602,3.6952,Wzniesień Łódzkich
3649,8.71,21.5598,2980.5,10.0753,3.4509,Wzniesień Łódzkich
3650,7.79,15.6,2980.5,8.7,3.13,Wzniesień Łódzkich
3651,7.79,15.6,2980.5,8.7,3.13,Wzniesień Łódzkich
3652,7.79,15.6,2980.5,8.7,3.13,Wzniesień Łódzkich
3653,7.79,15.6,2980.5,8.7,3.13,Wzniesień Łódzkich
3654,7.79,15.6,2980.5,8.7,3.13,Wzniesień Łódzkich
3655,10.11,16.0767,3022.7848,9.0594,3.3731,Wzniesień Łódzkich
3656,12.83,16.4,3051.8,9.3,3.54,Dolina Łódki
3657,12.83,16.4,3051.8,9.3,3.54,Dolina Łódki
3658,12.83,16.4,3051.8,9.3,3.54,Dolina Łódki
3659,12.83,16.4,3051.8,9.3,3.54,Dolina Łódki
3660,12.83,16.4,3051.8,9.3,3.54,Dolina Łódki
3661,12.79,16.4361,3051.8,9.3312,3.5388,Dolina Łódki
3662,9.83,18.2726,3051.8,11.9713,3.411,Dolina Łódki
3663,9.92,14.1,3051.8,11.5,3.34,Dolina Łódki
3664,9.92,14.1,3051.8,11.5,3.34,Dolina Łódki
3665,9.92,14.1,3051.8,11.5,3.34,Dolina Łódki
3666,9.92,14.1,3051.8,11.5,3.34,Dolina Łódki
3667,42.86,15.6418,3057.8467,10.9836,3.0996,Dolina Łódki
3668,60.62,15.5509,3058.7,11.5481,3.0276,Stoki-Sikawa-Podgórze
3669,82.02,16.0637,3058.7,10.6144,3.0893,Stoki-Sikawa-Podgórze
3670,18.02,20.2,3058.7,7.0,3.54,Stoki-Sikawa-Podgórze
3671,18.02,20.2,3058.7,7.0,3.54,Stoki-Sikawa-Podgórze
3672,18.06,20.2097,3058.616,7.0264,3.5384,Stoki-Sikawa-Podgórze
3673,130.61,22.1448,3024.3721,17.7227,2.9386,Stoki-Sikawa-Podgórze
3674,182.24,15.7812,3023.1,18.0396,3.0722,Stoki-Sikawa-Podgórze
3675,71.39,17.8682,3023.1,18.0513,2.8918,Stoki-Sikawa-Podgórze
3676,28.65,21.3012,3023.1027,18.5976,2.5403,Stoki-Sikawa-Podgórze
3677,59.56,24.8455,3082.5083,17.2539,3.0748,Mileszki
3678,96.94,29.6456,3086.0,15.9944,3.0456,Stoki-Sikawa-Podgórze
3679,88.47,27.4217,3086.0,28.6504,2.6562,Stoki-Sikawa-Podgórze
3680,113.17,27.4126,3086.0,32.2342,2.5098,Stoki-Sikawa-Podgórze
3681,25.28,25.1296,3068.3754,40.2374,2.3267,Stary Widzew
3682,50.77,26.6761,3060.4076,24.8734,2.8973,Stary Widzew
3683,103.24,19.0741,3063.1034,36.478,2.3764,Widzew-Wschód
3684,134.87,18.3516,3062.4443,31.2002,2.5945,Widzew-Wschód
3685,154.48,15.8174,3063.5,22.5372,2.863,Widzew-Wschód
3686,84.12,14.1288,3063.5,23.5375,2.8714,Widzew-Wschód
3687,70.55,12.8687,3063.5987,24.6401,2.8492,Widzew-Wschód
3688,19.78,1.1041,3100.7165,2.1141,2.53,Zarzew
3689,18.53,0.0,3104.2,0.0,2.5,Zarzew
3690,18.53,0.0,3104.2,0.0,2.5,Zarzew
3691,18.53,0.0,3104.2,0.0,2.5,Zarzew
3692,14.15,19.4279,3067.8181,14.1162,2.9439,Chojny-Dąbrowa
3693,13.0,26.7,3054.2,19.4,3.11,Chojny-Dąbrowa
3694,12.69,26.5478,3053.3145,19.3585,3.1258,Chojny-Dąbrowa
3695,6.95,21.2,3022.2,17.9,3.68,Chojny-Dąbrowa
3696,6.95,21.2,3022.2,17.9,3.68,Chojny-Dąbrowa
3697,9.2,20.9736,3025.1433,14.4284,3.5253,Chojny-Dąbrowa
3698,19.7,20.6,3030.0,8.7,3.27,Chojny-Dąbrowa
3699,19.7,20.6,3030.0,8.7,3.27,Chojny-Dąbrowa
3700,21.79,19.4387,3037.5738,11.3003,3.164,Chojny-Dąbrowa
3701,31.77,16.0,3060.0,19.0,2.85,Chojny
3702,30.15,16.1237,3059.584,18.9015,2.8581,Chojny
3703,8.01,25.3857,3033.3286,12.7425,3.3577,Chojny
3704,6.76,23.8424,3032.3991,12.4523,3.3877,Wiskitno
3705,7.08,24.3093,3032.6429,12.5308,3.3794,Chojny
3706,13.09,19.8369,3005.0803,12.0967,3.3744,Wiskitno
3707,16.7,17.0629,2992.6261,11.769,3.3868,Wiskitno
3708,17.37,16.5,2990.3,11.7,3.39,Wiskitno
3709,11.27,14.4379,2990.3,8.2812,3.5474,Wiskitno
3710,8.69,12.7007,2990.3022,5.4004,3.68,Wiskitno
3711,8.71,12.8959,2990.8957,5.5034,3.6752,Wiskitno
3712,8.69,12.7,2990.3,5.4,3.68,Wiskitno
3713,7.91,12.7,2990.3,5.4,3.68,Wiskitno
3714,0.02,21.6,2980.5,11.4,4.37,
3715,11.17,21.6,2980.5,11.4,4.37,Wzniesień Łódzkich
3716,11.88,21.6,2980.5,11.4,4.37,Wzniesień Łódzkich
3717,10.64,22.8973,2980.5,11.1489,4.0561,Wzniesień Łódzkich
3718,9.29,24.7,2980.5,10.8,3.62,Wzniesień Łódzkich
3719,9.29,24.7,2980.5,10.8,3.62,Wzniesień Łódzkich
3720,9.14,23.902,2980.5,10.6158,3.577,Wzniesień Łódzkich
3721,7.96,16.783,2980.5,8.973,3.1937,Wzniesień Łódzkich
3722,7.79,15.6,2980.5,8.7,3.13,Wzniesień Łódzkich
3723,7.79,15.6,2980.5,8.7,3.13,Wzniesień Łódzkich
3724,7.79,15.6,2980.5,8.7,3.13,Wzniesień Łódzkich
3725,10.74,16.16,3030.4061,9.12,3.417,Dolina Łódki
3726,12.83,16.4,3051.8,9.3,3.54,Dolina Łódki
3727,12.83,16.4,3051.8,9.3,3.54,Dolina Łódki
3728,12.83,16.4,3051.8,9.3,3.54,Dolina Łódki
3729,12.83,16.4,3051.8,9.3,3.54,Dolina Łódki
3730,12.83,16.4,3051.8,9.3,3.54,Dolina Łódki
3731,10.87,18.3017,3051.8,10.9435,3.479,Dolina Łódki
3732,7.3,24.407,3051.8,16.2197,3.283,Dolina Łódki
3733,9.37,15.7595,3051.8,12.2659,3.3304,Dolina Łódki
3734,9.92,14.1,3051.8,11.5,3.34,Dolina Łódki
3735,9.92,14.1,3051.8,11.5,3.34,Dolina Łódki
3736,9.92,14.1,3051.8,11.5,3.34,Dolina Łódki
3737,10.5,14.23,3052.2076,11.4114,3.327,Dolina Łódki
3738,110.5,16.0986,3058.6964,12.8717,3.0634,Stoki-Sikawa-Podgórze
3739,115.51,18.6313,3058.7,13.5497,3.117,Stoki-Sikawa-Podgórze
3740,58.81,20.3615,3058.7,13.6227,3.2053,Stoki-Sikawa-Podgórze
3741,18.02,20.2,3058.7,7.0,3.54,Stoki-Sikawa-Podgórze
3742,18.02,20.2,3058.7,7.0,3.54,Stoki-Sikawa-Podgórze
3743,132.01,23.5087,3023.8914,17.6034,2.8891,Stoki-Sikawa-Podgórze
3744,121.42,18.0128,3023.1,16.7365,2.9887,Stoki-Sikawa-Podgórze
3745,113.95,18.207,3023.1,16.0795,2.9977,Stoki-Sikawa-Podgórze
3746,38.05,15.504,3023.1,21.9942,2.7884,Stoki-Sikawa-Podgórze
3747,32.68,13.9064,3023.6846,22.71,2.9144,Stoki-Sikawa-Podgórze
3748,27.35,27.7201,3076.534,17.6394,3.045,Mileszki
3749,21.93,22.0,3086.0,32.7,2.65,Stoki-Sikawa-Podgórze
3750,58.64,22.6379,3086.0,24.6074,2.8438,Stoki-Sikawa-Podgórze
3751,71.23,24.0664,3084.2616,27.7235,2.7085,Stoki-Sikawa-Podgórze
3752,33.18,20.8855,3061.5401,38.1429,2.3543,Stary Widzew
3753,101.33,18.8,3063.5,37.1,2.33,Widzew-Wschód
3754,126.46,18.0717,3055.8827,34.5537,2.3663,Widzew-Wschód
3755,274.08,19.8843,3057.7583,22.4641,2.4203,Widzew-Wschód
3756,409.38,19.6834,3067.7749,23.9994,2.5218,Widzew-Wschód
3757,274.22,18.2502,3064.442,30.0252,2.4133,Widzew-Wschód
3758,62.41,15.8372,3072.955,14.5271,2.6063,Zarzew
3759,18.53,0.0,3104.2,0.0,2.5,Zarzew
3760,18.53,0.0,3104.2,0.0,2.5,Zarzew
3761,18.53,0.0,3104.2,0.0,2.5,Zarzew
3762,18.34,0.6671,3102.9508,0.4847,2.5152,Zarzew
3763,13.0,26.7,3054.2,19.4,3.11,Chojny-Dąbrowa
3764,13.0,26.7,3054.2,19.4,3.11,Chojny-Dąbrowa
3765,10.13,24.9113,3043.7932,18.9122,3.2954,Chojny-Dąbrowa
3766,6.95,21.2,3022.2,17.9,3.68,Chojny-Dąbrowa
3767,6.95,21.2,3022.2,17.9,3.68,Chojny-Dąbrowa
3768,15.24,20.6959,3028.7537,10.17,3.3355,Chojny-Dąbrowa
3769,19.7,20.6,3030.0,8.7,3.27,Chojny-Dąbrowa
3770,19.7,20.6,3030.0,8.7,3.27,Chojny-Dąbrowa
3771,21.69,17.697,3047.8604,14.9298,3.0276,Chojny
3772,15.98,15.9731,3055.7254,17.9381,2.9414,Wiskitno
3773,3.81,15.8005,3028.2801,11.1199,3.5283,Wiskitno
3774,3.8,15.8,3028.2,11.1,3.53,Wiskitno
3775,3.8,15.8,3028.2,11.1,3.53,Wiskitno
3776,11.03,16.3872,2996.4069,11.6033,3.4126,Wiskitno
3777,17.37,16.5,2990.3,11.7,3.39,Wiskitno
3778,17.37,16.5,2990.3,11.7,3.39,Wiskitno
3779,13.66,15.4645,2990.3,9.9833,3.469,Wiskitno
3780,8.69,12.7,2990.3,5.4,3.68,Wiskitno
3781,8.69,12.7,2990.3,5.4,3.68,Wiskitno
3782,8.69,12.7,2990.3,5.4,3.68,Wiskitno
3783,8.69,12.7,2990.3,5.4,3.68,Wiskitno
3784,7.96,12.7,2990.3,5.4,3.68,Wiskitno
3785,4.37,12.7,2990.3,5.4,3.68,Wiskitno
3786,1.48,21.6,2980.5,11.4,4.37,
3787,11.73,21.7373,2980.5,11.3734,4.3368,Wzniesień Łódzkich
3788,9.78,23.9833,2980.5,10.9387,3.7934,Wzniesień Łódzkich
3789,9.29,24.7,2980.5,10.8,3.62,Wzniesień Łódzkich
3790,9.29,24.7,2980.5,10.8,3.62,Wzniesień Łódzkich
3791,9.29,24.7,2980.5,10.8,3.62,Wzniesień Łódzkich
3792,9.29,24.7,2980.5,10.8,3.62,Wzniesień Łódzkich
3793,8.07,17.9202,2980.5,9.5365,3.3569,Wzniesień Łódzkich
3794,7.79,15.6,2980.5,8.7,3.13,Wzniesień Łódzkich
3795,7.79,15.6,2980.5,8.7,3.13,Wzniesień Łódzkich
3796,11.33,16.2368,3037.2537,9.1776,3.4564,Dolina Łódki
3797,12.83,16.4,3051.8,9.3,3.54,Dolina Łódki
3798,12.83,16.4,3051.8,9.3,3.54,Dolina Łódki
3799,12.83,16.4,3051.8,9.3,3.54,Dolina Łódki
3800,12.83,16.4,3051.8,9.3,3.54,Dolina Łódki
3801,12.26,16.8935,3051.8,9.7265,3.5242,Dolina Łódki
3802,8.41,21.947,3051.8,14.0937,3.3619,Dolina Łódki
3803,7.26,24.5,3051.8,16.3,3.28,Dolina Łódki
3804,7.8,21.8307,3051.8,15.068,3.2954,Dolina Łódki
3805,9.92,14.1,3051.8,11.5,3.34,Dolina Łódki
3806,9.92,14.1,3051.8,11.5,3.34,Dolina Łódki
3807,9.92,14.1,3051.8,11.5,3.34,Dolina Łódki
3808,9.92,14.1,3051.8,11.5,3.34,Dolina Łódki
3809,36.63,15.4534,3057.6367,17.5059,3.0101,Dolina Łódki
3810,76.85,16.8033,3058.7,17.9963,2.9896,Stoki-Sikawa-Podgórze
3811,104.2,21.0,3058.7,15.7,3.14,Stoki-Sikawa-Podgórze
3812,60.4,19.2561,3058.7,13.0162,3.2818,Stoki-Sikawa-Podgórze
3813,49.31,17.4233,3057.1006,12.8848,3.2929,Stoki-Sikawa-Podgórze
3814,74.46,15.2574,3027.5813,13.7724,2.9807,Stoki-Sikawa-Podgórze
3815,107.77,19.71,3025.4241,15.8349,2.9198,Stoki-Sikawa-Podgórze
3816,126.16,27.2441,3030.7537,21.0441,2.802,Stoki-Sikawa-Podgórze
3817,90.13,22.473,3028.0352,21.0867,2.8685,Stoki-Sikawa-Podgórze
3818,47.69,11.4,3023.1,24.6,2.95,Stoki-Sikawa-Podgórze
3819,18.46,15.5432,3025.72,20.4263,3.084,Mileszki
3820,9.07,24.297,3044.4242,16.0084,3.2166,Mileszki
3821,20.61,22.1041,3084.1161,31.9437,2.6757,Stoki-Sikawa-Podgórze
3822,54.14,22.5545,3086.0,24.8572,2.8401,Stoki-Sikawa-Podgórze
3823,29.81,22.2992,3076.3086,28.122,2.7066,Stary Widzew
3824,177.03,17.8721,3048.5767,27.8291,2.4441,Widzew-Wschód
3825,1202.67,20.0453,3045.2502,33.6676,2.3272,Widzew-Wschód
3826,842.59,25.3988,3043.3983,31.1704,2.3541,Widzew-Wschód
3827,630.67,17.5785,3060.523,17.1866,2.6383,Widzew-Wschód
3828,804.51,15.4111,3067.5534,24.4678,2.4068,Widzew-Wschód
3829,142.66,18.8277,3065.9053,20.261,2.517,Zarzew
3830,18.53,0.0,3104.2,0.0,2.5,Zarzew
3831,18.53,0.0,3104.2,0.0,2.5,Zarzew
3832,18.53,0.0,3104.2,0.0,2.5,Zarzew
3833,18.53,0.0,3104.2,0.0,2.5,Zarzew
3834,14.66,11.7537,3082.4298,8.1496,2.7784,Chojny-Dąbrowa
3835,11.98,26.8978,3054.2,18.942,3.1298,Chojny-Dąbrowa
3836,12.03,26.8881,3054.2,18.9644,3.1288,Chojny-Dąbrowa
3837,7.51,22.1261,3027.5167,18.1207,3.5865,Chojny-Dąbrowa
3838,6.95,21.2,3022.2,17.9,3.68,Chojny-Dąbrowa
3839,7.39,21.1453,3022.9106,17.0618,3.6426,Chojny-Dąbrowa
3840,19.7,20.6,3030.0,8.7,3.27,Chojny-Dąbrowa
3841,19.7,20.6,3030.0,8.7,3.27,Chojny-Dąbrowa
3842,18.15,20.5017,3029.9631,8.7492,3.2753,Chojny-Dąbrowa
3843,3.8,15.8,3028.2,11.1,3.53,Wiskitno
3844,3.8,15.8,3028.2,11.1,3.53,Wiskitno
3845,3.8,15.8,3028.2,11.1,3.53,Wiskitno
3846,3.8,15.8,3028.2,11.1,3.53,Wiskitno
3847,9.0,15.5821,3021.8046,15.1776,3.3272,Wiskitno
3848,18.0,15.8355,3009.6734,15.0226,3.298,Wiskitno
3849,17.82,16.0163,3004.4008,14.1183,3.323,Wiskitno
3850,17.51,16.3485,2994.6869,12.4507,3.3692,Wiskitno
3851,10.49,14.0054,2990.3,7.5643,3.5804,Wiskitno
3852,8.69,12.7,2990.3,5.4,3.68,Wiskitno
3853,8.69,12.7,2990.3,5.4,3.68,Wiskitno
3854,8.69,12.7,2990.3,5.4,3.68,Wiskitno
3855,8.69,12.7,2990.3,5.4,3.68,Wiskitno
3856,8.69,12.7,2990.3,5.4,3.68,Wiskitno
3857,0.59,12.7,2990.3,5.4,3.68,
3858,5.01,23.1071,2980.5,11.1083,4.0054,
3859,9.29,24.7,2980.5,10.8,3.62,Wzniesień Łódzkich
3860,9.29,24.7,2980.5,10.8,3.62,Wzniesień Łódzkich
3861,9.29,24.7,2980.5,10.8,3.62,Wzniesień Łódzkich
3862,9.29,24.7,2980.5,10.8,3.62,Wzniesień Łódzkich
3863,9.29,24.7,2980.5,10.8,3.62,Wzniesień Łódzkich
3864,7.64,16.6745,2980.5,10.6908,3.7783,Wzniesień Łódzkich
3865,7.01,11.9443,2980.5,9.9403,3.6392,Wzniesień Łódzkich
3866,7.81,15.6036,2980.8788,8.7034,3.1323,Wzniesień Łódzkich
3867,11.92,16.3058,3043.4057,9.2294,3.4917,Dolina Łódki
3868,12.83,16.4,3051.8,9.3,3.54,Dolina Łódki
3869,12.83,16.4,3051.8,9.3,3.54,Dolina Łódki
3870,12.83,16.4,3051.8,9.3,3.54,Dolina Łódki
3871,12.56,16.6246,3051.8,9.4941,3.5328,Dolina Łódki
3872,9.68,19.8426,3051.8,12.2751,3.4295,Dolina Łódki
3873,7.26,24.5,3051.8,16.3,3.28,Dolina Łódki
3874,7.26,24.5,3051.8,16.3,3.28,Dolina Łódki
3875,7.26,24.5,3051.8,16.3,3.28,Dolina Łódki
3876,9.11,16.6332,3051.8,12.6692,3.3254,Dolina Łódki
3877,9.92,14.1,3051.8,11.5,3.34,Dolina Łódki
3878,9.92,14.1,3051.8,11.5,3.34,Dolina Łódki
3879,9.92,14.1,3051.8,11.5,3.34,Dolina Łódki
3880,10.13,13.9906,3051.8,11.8544,3.3223,Dolina Łódki
3881,65.14,15.6719,3058.5837,18.4842,2.9564,Stoki-Sikawa-Podgórze
3882,91.96,19.4302,3058.7,16.559,3.0837,Stoki-Sikawa-Podgórze
3883,111.18,20.2747,3058.7,15.1955,3.1715,Stoki-Sikawa-Podgórze
3884,128.43,18.6591,3058.6579,14.1024,3.2399,Stoki-Sikawa-Podgórze
3885,43.37,12.2435,3049.6827,14.441,3.2079,Stoki-Sikawa-Podgórze
3886,92.25,15.2994,3023.1049,13.7001,2.9301,Stoki-Sikawa-Podgórze
3887,258.38,37.6574,3041.9468,33.9332,2.3635,Stoki-Sikawa-Podgórze
3888,295.55,31.5264,3043.1901,34.6442,2.3405,Stoki-Sikawa-Podgórze
3889,69.42,20.9009,3031.3523,25.501,2.756,Stoki-Sikawa-Podgórze
3890,68.81,21.471,3034.252,26.0476,2.7298,Stoki-Sikawa-Podgórze
3891,7.69,25.0,3031.7,10.9,3.39,Mileszki
3892,7.69,25.0,3031.7,10.9,3.39,Mileszki
3893,17.65,22.3926,3078.8937,29.847,2.7468,Stoki-Sikawa-Podgórze
3894,25.65,21.8994,3084.9248,29.5878,2.7135,Stoki-Sikawa-Podgórze
3895,3.22,0.0054,3010.412,25.0001,2.0002,Widzew-Wschód
3896,768.67,21.1565,3034.1009,39.9601,2.0743,Widzew-Wschód
3897,1509.69,27.5935,3035.9774,33.1709,2.2068,Widzew-Wschód
3898,340.68,20.7385,3044.593,30.0104,2.342,Widzew-Wschód
3899,1302.85,22.891,3055.7902,25.0056,2.4533,Widzew-Wschód
3900,313.33,11.7398,3063.9777,24.2031,2.4022,Widzew-Wschód
3901,18.53,0.0,3104.2,0.0,2.5,Zarzew
3902,18.53,0.0,3104.2,0.0,2.5,Zarzew
3903,18.53,0.0,3104.2,0.0,2.5,Zarzew
3904,18.53,0.0,3104.2,0.0,2.5,Zarzew
3905,18.53,0.0,3104.2,0.0,2.5,Zarzew
3906,11.66,10.6071,3085.6562,5.5631,2.7967,Chojny-Dąbrowa
3907,7.16,28.5998,3054.2,15.0004,3.3,Chojny-Dąbrowa
3908,7.12,27.1012,3047.7237,15.5895,3.3768,Chojny-Dąbrowa
3909,6.95,21.2,3022.2,17.9,3.68,Chojny-Dąbrowa
3910,8.27,21.0523,3024.1198,15.6356,3.5791,Chojny-Dąbrowa
3911,17.13,20.6491,3029.3616,9.453,3.3036,Chojny-Dąbrowa
3912,19.7,20.6,3030.0,8.7,3.27,Chojny-Dąbrowa
3913,19.7,20.6,3030.0,8.7,3.27,Chojny-Dąbrowa
3914,6.53,18.2833,3029.1312,9.8584,3.3955,Chojny-Dąbrowa
3915,3.8,15.8,3028.2,11.1,3.53,Wiskitno
3916,3.8,15.8,3028.2,11.1,3.53,Wiskitno
3917,3.8,15.8,3028.2,11.1,3.53,Wiskitno
3918,6.51,15.4863,3028.2,14.8117,3.3627,Wiskitno
3919,18.65,15.2,3028.2,18.2,3.21,Wiskitno
3920,18.65,15.2,3028.2,18.2,3.21,Wiskitno
3921,18.38,15.457,3020.7064,16.9148,3.2456,Wiskitno
3922,17.37,16.5,2990.3,11.7,3.39,Wiskitno
3923,15.18,15.9498,2990.3,10.7879,3.432,Wiskitno
3924,8.69,12.7,2990.3,5.4,3.68,Wiskitno
3925,8.69,12.7,2990.3,5.4,3.68,Wiskitno
3926,8.69,12.7,2990.3,5.4,3.68,Wiskitno
3927,8.69,12.7,2990.3,5.4,3.68,Wiskitno
3928,4.14,12.7,2990.3,5.4,3.68,
3929,9.29,24.7,2980.5,10.8,3.62,Wzniesień Łódzkich
3930,9.29,24.7,2980.5,10.8,3.62,Wzniesień Łódzkich
3931,9.29,24.7,2980.5,10.8,3.62,Wzniesień Łódzkich
3932,9.29,24.7,2980.5,10.8,3.62,Wzniesień Łódzkich
3933,8.96,23.3141,2980.5,10.7811,3.6473,Wzniesień Łódzkich
3934,6.91,11.8509,2980.5,10.6252,3.8735,Wzniesień Łódzkich
3935,6.66,10.0,2980.5,10.6,3.91,Wzniesień Łódzkich
3936,6.73,10.3948,2980.5,10.4661,3.855,Wzniesień Łódzkich
3937,10.56,15.2145,3033.4431,9.4779,3.5709,Dolina Łódki
3938,11.22,15.4082,3040.7505,9.5015,3.5973,Dolina Łódki
3939,10.73,15.0494,3036.7538,9.5743,3.6181,Dolina Łódki
3940,10.29,17.2296,3043.9832,10.7658,3.5314,Dolina Łódki
3941,9.15,20.6497,3051.8,12.9726,3.4036,Dolina Łódki
3942,7.26,24.5,3051.8,16.3,3.28,Dolina Łódki
3943,7.26,24.5,3051.8,16.3,3.28,Dolina Łódki
3944,7.26,24.5,3051.8,16.3,3.28,Dolina Łódki
3945,7.26,24.5,3051.8,16.3,3.28,Dolina Łódki
3946,7.29,24.3546,3051.8,16.2329,3.2808,Dolina Łódki
3947,10.06,14.1274,3051.8,11.8617,3.324,Dolina Łódki
3948,10.94,13.6025,3051.8,13.1111,3.2594,Dolina Łódki
3949,13.43,12.709,3051.8,16.0042,3.1148,Dolina Łódki
3950,15.26,12.2401,3051.8,17.5224,3.0389,Dolina Łódki
3951,27.36,14.2149,3054.9799,17.71,3.004,Dolina Łódki
3952,77.63,17.1442,3056.6894,15.0493,3.0915,Stoki-Sikawa-Podgórze
3953,100.12,20.7822,3055.769,11.7949,3.263,Stoki-Sikawa-Podgórze
3954,123.5,19.0593,3058.126,13.6146,3.2467,Stoki-Sikawa-Podgórze
3955,84.26,16.9859,3056.9347,14.2023,3.2374,Stoki-Sikawa-Podgórze
3956,63.03,13.8004,3041.5956,18.6048,2.9397,Stoki-Sikawa-Podgórze
3957,123.15,21.6324,3041.0097,29.3677,2.5216,Dolina Łódki
3958,268.15,31.6419,3043.2,30.5748,2.3635,Stoki-Sikawa-Podgórze
3959,361.97,30.1235,3043.2364,28.9315,2.3475,Stoki-Sikawa-Podgórze
3960,262.67,34.0015,3043.2423,28.018,2.4541,Stoki-Sikawa-Podgórze
3961,72.15,29.1097,3042.6911,26.6698,2.5872,Stoki-Sikawa-Podgórze
3962,7.69,25.0,3031.7,10.9,3.39,Mileszki
3963,7.69,25.0,3031.7,10.9,3.39,Mileszki
3964,14.06,22.908,3069.5655,26.102,2.874,Mileszki
3965,14.4,19.9628,3063.9304,29.8864,2.6623,Stoki-Sikawa-Podgórze
3966,101.99,28.6176,3010.4,29.6545,2.3611,Widzew-Wschód
3967,1242.19,27.7615,3020.9692,32.0568,2.1978,Widzew-Wschód
3968,604.67,16.5597,3028.5823,27.2711,2.4084,Widzew-Wschód
3969,669.41,21.9947,3054.7,24.6306,2.5585,Widzew-Wschód
3970,895.96,21.5349,3055.8051,30.4804,2.3501,Widzew-Wschód
3971,80.98,14.272,3068.9124,25.5578,2.4151,Zarzew
3972,17.78,0.0,3104.2,0.0,2.5,Zarzew
3973,18.25,0.0,3104.2,0.0,2.5,Zarzew
3974,18.53,0.0,3104.2,0.0,2.5,Zarzew
3975,18.53,0.0,3104.2,0.0,2.5,Zarzew
3976,19.09,0.8994,3102.6276,0.4717,2.5252,Zarzew
3977,7.16,28.6,3054.2,15.0,3.3,Chojny-Dąbrowa
3978,7.16,28.6,3054.2,15.0,3.3,Chojny-Dąbrowa
3979,7.1,26.5143,3045.1806,15.8174,3.4071,Chojny-Dąbrowa
3980,11.6,20.9659,3027.7668,12.0119,3.4153,Chojny-Dąbrowa
3981,19.7,20.6,3030.0,8.7,3.27,Chojny-Dąbrowa
3982,19.7,20.6,3030.0,8.7,3.27,Chojny-Dąbrowa
3983,19.7,20.6,3030.0,8.7,3.27,Chojny-Dąbrowa
3984,9.38,19.336,3029.526,9.332,3.3385,Chojny-Dąbrowa
3985,3.8,15.8,3028.2,11.1,3.53,Wiskitno
3986,3.8,15.8,3028.2,11.1,3.53,Wiskitno
3987,3.8,15.8,3028.2,11.1,3.53,Wiskitno
3988,4.43,15.693,3028.2,12.366,3.4729,Wiskitno
3989,18.49,15.2013,3028.2,18.1849,3.2107,Wiskitno
3990,18.65,15.2,3028.2,18.2,3.21,Wiskitno
3991,20.1,15.2726,3026.0823,17.8368,3.2201,Wiskitno
3992,17.38,16.4936,2990.4863,11.7319,3.3891,Wiskitno
3993,16.93,16.3997,2990.3,11.5336,3.3977,Wiskitno
3994,8.81,12.803,2990.3,5.5707,3.6721,Wiskitno
3995,8.69,12.7,2990.3,5.4,3.68,Wiskitno
3996,8.69,12.7,2990.3,5.4,3.68,Wiskitno
3997,8.69,12.7,2990.3,5.4,3.68,Wiskitno
3998,7.84,12.7,2990.3,5.4,3.68,Wiskitno
3999,2.16,24.7,2980.5,10.8,3.62,
4000,9.29,24.7,2980.5,10.8,3.62,Wzniesień Łódzkich
4001,9.29,24.7,2980.5,10.8,3.62,Wzniesień Łódzkich
4002,9.29,24.7,2980.5,10.8,3.62,Wzniesień Łódzkich
4003,8.17,19.6022,2980.5,10.7306,3.7206,Wzniesień Łódzkich
4004,6.66,10.0,2980.5,10.6,3.91,Wzniesień Łódzkich
4005,6.66,10.0,2980.5,10.6,3.91,Wzniesień Łódzkich
4006,6.66,10.0,2980.5,10.6,3.91,Wzniesień Łódzkich
4007,6.66,10.0,2980.5,10.6,3.91,Wzniesień Łódzkich
4008,6.66,10.0,2980.5,10.6,3.91,Wzniesień Łódzkich
4009,6.66,10.0,2980.5,10.6,3.91,Wzniesień Łódzkich
4010,6.66,10.0,2980.5,10.6,3.91,Wzniesień Łódzkich
4011,7.08,20.3379,3031.3339,14.6639,3.4608,Dolina Łódki
4012,7.26,24.5,3051.8,16.3,3.28,Dolina Łódki
4013,7.26,24.5,3051.8,16.3,3.28,Dolina Łódki
4014,7.26,24.5,3051.8,16.3,3.28,Dolina Łódki
4015,7.26,24.5,3051.8,16.3,3.28,Dolina Łódki
4016,7.26,24.5,3051.8,16.3,3.28,Dolina Łódki
4017,11.37,16.2948,3051.8,17.4722,3.1026,Dolina Łódki
4018,16.25,12.028,3051.8,18.2093,3.0045,Dolina Łódki
4019,16.39,12.0,3051.8,18.3,3.0,Dolina Łódki
4020,16.39,12.0,3051.8,18.3,3.0,Dolina Łódki
4021,16.39,12.0,3051.8,18.3,3.0,Dolina Łódki
4022,72.89,19.9604,3051.8,7.2469,3.4028,Stoki-Sikawa-Podgórze
4023,95.17,20.5,3051.8,6.5,3.43,Dolina Łódki
4024,90.66,20.0805,3051.9765,7.0458,3.4164,Dolina Łódki
4025,46.74,13.0806,3052.9129,14.4355,3.2316,Dolina Łódki
4026,41.62,12.0,3051.8,14.5,3.23,Dolina Łódki
4027,98.27,14.4998,3051.8,31.9984,2.4979,Dolina Łódki
4028,118.36,16.5347,3050.5473,33.3289,2.4231,Dolina Łódki
4029,123.62,28.6453,3043.9797,28.7531,2.4759,Stoki-Sikawa-Podgórze
4030,214.86,31.1395,3043.2556,30.1952,2.3163,Stoki-Sikawa-Podgórze
4031,268.21,29.3992,3043.2723,33.1235,2.3843,Stoki-Sikawa-Podgórze
4032,26.22,28.2507,3040.3938,23.3736,2.755,Mileszki
4033,7.69,25.0,3031.7,10.9,3.39,Mileszki
4034,7.69,25.0,3031.7,10.9,3.39,Mileszki
4035,12.65,23.1882,3064.4935,24.0657,2.9431,Mileszki
4036,21.84,21.7326,3018.6226,23.342,2.9619,Widzew-Wschód
4037,337.98,28.2165,3010.4,33.5251,2.2049,Widzew-Wschód
4038,1703.79,24.1967,3029.3953,34.352,2.2272,Widzew-Wschód
4039,659.58,23.2991,3034.9505,31.1297,2.3126,Widzew-Wschód
4040,1158.46,24.425,3049.447,36.3009,2.1016,Widzew-Wschód
4041,200.4,25.3008,3062.3435,38.157,2.1845,Widzew-Wschód
4042,0.54,0.0,3104.2,0.0,2.5,Olechów-Janów
4043,0.94,0.0,3104.2,0.0,2.5,Olechów-Janów
4044,2.41,0.0,3104.2,0.0,2.5,Olechów-Janów
4045,3.73,0.0,3104.2,0.0,2.5,Olechów-Janów
4046,4.73,0.0368,3104.0183,0.0185,2.501,Olechów-Janów
4047,7.81,14.7382,3048.082,7.5255,2.9025,Olechów-Janów
4048,7.89,23.3136,3039.7622,12.068,3.1445,Chojny-Dąbrowa
4049,7.16,28.6,3054.2,15.0,3.3,Chojny-Dąbrowa
4050,9.42,22.6533,3035.9023,10.4256,3.34,Chojny-Dąbrowa
4051,15.62,19.5463,3026.5756,7.9537,3.3139,Chojny-Dąbrowa
4052,19.7,20.6,3030.0,8.7,3.27,Chojny-Dąbrowa
4053,19.7,20.6,3030.0,8.7,3.27,Chojny-Dąbrowa
4054,12.29,19.908,3029.7405,9.046,3.3075,Chojny-Dąbrowa
4055,3.8,15.8,3028.2,11.1,3.53,Wiskitno
4056,3.8,15.8,3028.2,11.1,3.53,Wiskitno
4057,3.8,15.8,3028.2,11.1,3.53,Wiskitno
4058,3.8,15.8,3028.2,11.1,3.53,Wiskitno
4059,16.98,15.2151,3028.2,18.0218,3.218,Wiskitno
4060,18.65,15.2,3028.2,18.2,3.21,Wiskitno
4061,18.65,15.2001,3028.1984,18.1997,3.21,Wiskitno
4062,19.01,16.3778,2993.8613,12.3108,3.3731,Wiskitno
4063,17.32,16.4888,2990.3,11.6815,3.3909,Wiskitno
4064,9.31,13.2033,2990.3,6.2344,3.6416,Wiskitno
4065,8.69,12.7,2990.3,5.4,3.68,Wiskitno
4066,8.69,12.7,2990.3,5.4,3.68,Wiskitno
4067,8.69,12.7,2990.3,5.4,3.68,Wiskitno
4068,7.88,12.7,2990.3,5.4,3.68,Wiskitno
4069,1.95,12.7,2990.3,5.4,3.68,
4070,6.02,24.7,2980.5,10.8,3.62,Wzniesień Łódzkich
4071,9.29,24.7,2980.5,10.8,3.62,Wzniesień Łódzkich
4072,9.28,24.7024,2980.5,10.8009,3.6198,Wzniesień Łódzkich
4073,6.57,21.1288,2980.5,11.0772,3.6245,Wzniesień Łódzkich
4074,6.24,13.5268,2980.5,10.8418,3.8012,Wzniesień Łódzkich
4075,6.56,10.7797,2980.5,10.6535,3.8859,Wzniesień Łódzkich
4076,6.37,12.355,2980.5,10.7615,3.8373,Wzniesień Łódzkich
4077,6.48,11.4579,2980.5,10.7,3.865,Wzniesień Łódzkich
4078,6.66,10.0,2980.5,10.6,3.91,Wzniesień Łódzkich
4079,6.66,10.0,2980.5,10.6,3.91,Wzniesień Łódzkich
4080,6.66,10.0,2980.5,10.6,3.91,Wzniesień Łódzkich
4081,6.66,10.0,2980.5,10.6,3.91,Wzniesień Łódzkich
4082,7.02,19.0015,3024.7628,14.1385,3.5189,Dolina Łódki
4083,7.26,24.5,3051.8,16.3,3.28,Dolina Łódki
4084,7.26,24.5,3051.8,16.3,3.28,Dolina Łódki
4085,7.26,24.5,3051.8,16.3,3.28,Dolina Łódki
4086,7.26,24.5,3051.8,16.3,3.28,Dolina Łódki
4087,8.25,21.8123,3051.8,16.73,3.2198,Dolina Łódki
4088,16.39,12.0,3051.8,18.3,3.0,Dolina Łódki
4089,16.39,12.0,3051.8,18.3,3.0,Dolina Łódki
4090,16.39,12.0,3051.8,18.3,3.0,Dolina Łódki
4091,16.39,12.0,3051.8,18.3,3.0,Dolina Łódki
4092,15.82,12.0361,3051.8,17.4257,3.0418,Dolina Łódki
4093,30.31,18.173,3051.8,6.8073,3.4541,Dolina Łódki
4094,49.77,19.508,3051.8,6.631,3.4403,Dolina Łódki
4095,53.96,17.1498,3051.8,9.383,3.3625,Dolina Łódki
4096,41.62,12.0,3051.8,14.5,3.23,Dolina Łódki
4097,43.62,12.2653,3051.8,15.8746,3.172,Dolina Łódki
4098,120.13,24.8793,3050.6362,29.9638,2.4922,Dolina Łódki
4099,143.41,22.1391,3046.5113,29.7756,2.4885,Stoki-Sikawa-Podgórze
4100,116.03,26.6201,3044.6028,26.6457,2.4607,Stoki-Sikawa-Podgórze
4101,171.71,24.6909,3044.2398,30.7159,2.3945,Stoki-Sikawa-Podgórze
4102,173.62,25.3032,3043.2184,30.128,2.4571,Stoki-Sikawa-Podgórze
4103,7.69,25.0,3031.7,10.9,3.39,Mileszki
4104,7.69,25.0,3031.7,10.9,3.39,Mileszki
4105,7.69,25.0,3031.7,10.9,3.39,Mileszki
4106,13.88,22.7516,3022.8535,19.4859,3.0946,Mileszki
4107,26.03,21.195,3010.4,23.9464,2.8569,Widzew-Wschód
4108,388.15,19.9952,3024.2773,35.1676,2.1629,Widzew-Wschód
4109,655.87,23.5581,3036.1763,30.7724,2.273,Widzew-Wschód
4110,508.52,23.4534,3045.7214,42.0814,2.0599,Widzew-Wschód
4111,1083.29,24.282,3051.0178,38.3251,2.0947,Widzew-Wschód
4112,213.27,26.5033,3058.1322,22.3047,2.6021,Olechów-Janów
4113,0.0,,,,,Olechów-Janów
4114,0.0,,,,,Olechów-Janów
4115,0.0,,,,,Olechów-Janów
4116,0.0,,,,,Olechów-Janów
4117,7.29,16.7,3021.7,8.4,2.95,Olechów-Janów
4118,13.7,16.7,3021.7,8.4,2.95,Olechów-Janów
4119,9.44,22.5687,3037.728,11.6549,3.1226,Chojny-Dąbrowa
4120,9.6,22.3023,3034.8223,10.1556,3.3424,Chojny-Dąbrowa
4121,12.35,18.2,3022.2,7.0,3.37,Chojny-Dąbrowa
4122,12.52,18.2883,3022.4869,7.0625,3.3663,Chojny-Dąbrowa
4123,16.93,19.9408,3027.8577,8.2331,3.2975,Chojny-Dąbrowa
4124,15.22,20.2624,3029.8734,8.8688,3.2883,Chojny-Dąbrowa
4125,3.8,15.8,3028.2,11.1,3.53,Chojny-Dąbrowa
4126,3.8,15.8,3028.2,11.1,3.53,Wiskitno
4127,3.8,15.8,3028.2,11.1,3.53,Wiskitno
4128,3.8,15.8,3028.2,11.1,3.53,Wiskitno
4129,33.64,15.7805,3028.2,12.8509,3.2342,Wiskitno
4130,18.65,15.2,3028.2,18.2,3.21,Wiskitno
4131,18.65,15.2,3028.2,18.2,3.21,Wiskitno
4132,11.1,16.1637,3006.4117,13.2083,3.4217,Wiskitno
4133,12.37,16.6471,2990.3,10.8469,3.4635,Wiskitno
4134,9.92,14.0619,2990.3,7.386,3.5971,Wiskitno
4135,8.69,12.7,2990.3,5.4,3.68,Wiskitno
4136,8.69,12.7,2990.3,5.4,3.68,Wiskitno
4137,8.69,12.7,2990.3,5.4,3.68,Wiskitno
4138,4.22,12.7,2990.3,5.4,3.68,
4139,0.09,12.7,2990.3,5.4,3.68,
4140,8.2,24.7,2980.5,10.8,3.62,Wzniesień Łódzkich
4141,8.28,25.0937,2980.5,10.9406,3.5848,Wzniesień Łódzkich
4142,5.38,27.0469,2980.5,11.6382,3.4105,Wzniesień Łódzkich
4143,4.98,27.5,2980.5,11.8,3.37,Wzniesień Łódzkich
4144,4.98,27.4607,2980.5,11.7973,3.3712,Wzniesień Łódzkich
4145,5.14,25.3202,2980.5,11.6505,3.4373,Wzniesień Łódzkich
4146,4.98,27.5,2980.5,11.8,3.37,Wzniesień Łódzkich
4147,5.17,24.8973,2980.5,11.6215,3.4503,Wzniesień Łódzkich
4148,6.66,10.0,2980.5,10.6,3.91,Wzniesień Łódzkich
4149,6.66,10.0,2980.5,10.6,3.91,Wzniesień Łódzkich
4150,6.66,10.0,2980.5,10.6,3.91,Wzniesień Łódzkich
4151,6.66,10.0,2980.5,10.6,3.91,Wzniesień Łódzkich
4152,6.95,17.2768,3016.2818,13.4605,3.5938,Wzniesień Łódzkich
4153,7.26,24.5,3051.8,16.3,3.28,Dolina Łódki
4154,7.26,24.5,3051.8,16.3,3.28,Dolina Łódki
4155,7.26,24.5,3051.8,16.3,3.28,Dolina Łódki
4156,7.26,24.5,3051.8,16.3,3.28,Dolina Łódki
4157,18.06,13.4581,3051.8,18.0667,3.0327,Dolina Łódki
4158,16.39,12.0,3051.8,18.3,3.0,Dolina Łódki
4159,16.39,12.0,3051.8,18.3,3.0,Dolina Łódki
4160,16.39,12.0,3051.8,18.3,3.0,Dolina Łódki
4161,16.39,12.0,3051.8,18.3,3.0,Dolina Łódki
4162,11.17,10.8466,3051.8,12.5879,3.2966,Dolina Łódki
4163,8.85,9.9,3051.8,7.9,3.54,Dolina Łódki
4164,8.85,9.9,3051.8,7.9,3.54,Dolina Łódki
4165,18.16,11.2671,3051.8,12.1966,3.3382,Dolina Łódki
4166,38.69,11.9571,3051.8,14.3651,3.2363,Dolina Łódki
4167,68.27,14.5777,3048.5167,22.911,2.7828,Dolina Łódki
4168,88.84,13.376,3047.7675,26.1201,2.5662,Dolina Łódki
4169,62.49,10.1033,3051.6767,22.0291,2.6571,Dolina Łódki
4170,62.47,10.2549,3051.5851,21.6026,2.6825,Stoki-Sikawa-Podgórze
4171,166.39,20.9283,3043.3386,16.6643,2.9546,Stoki-Sikawa-Podgórze
4172,69.0,21.9669,3042.6298,21.1026,2.9681,Stoki-Sikawa-Podgórze
4173,7.69,25.0,3031.7,10.9,3.39,Mileszki
4174,7.69,25.0,3031.7,10.9,3.39,Mileszki
4175,7.69,25.0,3031.7,10.9,3.39,Mileszki
4176,66.94,19.5618,3010.6627,29.596,2.3875,Mileszki
4177,233.64,24.4904,3027.4799,27.002,2.368,Widzew-Wschód
4178,571.71,21.3046,3049.6633,32.3392,2.2886,Widzew-Wschód
4179,1380.92,21.9832,3050.3912,26.5279,2.4132,Widzew-Wschód
4180,215.97,30.0963,3048.0834,27.3144,2.2609,Widzew-Wschód
4181,953.38,24.3815,3046.6,21.7986,2.5343,Widzew-Wschód
4182,20.78,22.1495,3046.5936,24.65,2.458,Olechów-Janów
4183,0.0,,,,,Olechów-Janów
4184,0.0,,,,,Olechów-Janów
4185,0.0,,,,,Olechów-Janów
4186,0.48,16.7,3021.7,8.4,2.95,Olechów-Janów
4187,13.7,16.7,3021.7,8.4,2.95,Olechów-Janów
4188,13.7,16.7,3021.7,8.4,2.95,Olechów-Janów
4189,9.98,19.3502,3031.094,8.6843,3.2086,Chojny-Dąbrowa
4190,12.35,18.2,3022.2,7.0,3.37,Chojny-Dąbrowa
4191,12.35,18.2,3022.2,7.0,3.37,Chojny-Dąbrowa
4192,12.35,18.2,3022.2,7.0,3.37,Chojny-Dąbrowa
4193,12.43,19.2761,3023.8657,7.6295,3.3637,Chojny-Dąbrowa
4194,5.15,24.9957,3028.2,12.2657,3.543,Chojny-Dąbrowa
4195,4.3,19.8166,3028.2,11.6091,3.5357,Wiskitno
4196,3.8,15.8,3028.2,11.1,3.53,Wiskitno
4197,3.8,15.8,3028.2,11.1,3.53,Wiskitno
4198,54.7,15.9935,3028.2,10.9065,3.2397,Wiskitno
4199,82.96,15.9636,3028.2,11.2325,3.2291,Wiskitno
4200,14.66,15.6342,3020.1974,15.7214,3.3021,Wiskitno
4201,11.17,15.9789,3011.7994,14.1323,3.3961,Wiskitno
4202,7.32,17.0,2990.3,8.8,3.64,Wiskitno
4203,7.32,17.0,2990.3,8.8,3.64,Wiskitno
4204,7.59,16.0076,2990.3,8.0153,3.6492,Wiskitno
4205,8.19,14.0923,2990.3,6.5009,3.667,Wiskitno
4206,8.69,12.7,2990.3,5.4,3.68,Wiskitno
4207,1.86,12.7,2990.3,5.4,3.68,
4208,0.57,24.732,2980.5,10.8114,3.6171,
4209,6.16,26.335,2980.5,11.3839,3.474,Wzniesień Łódzkich
4210,4.98,27.5,2980.5,11.8,3.37,Wzniesień Łódzkich
4211,4.98,27.5,2980.5,11.8,3.37,Wzniesień Łódzkich
4212,4.98,27.5,2980.5,11.8,3.37,Wzniesień Łódzkich
4213,4.98,27.5,2980.5,11.8,3.37,Wzniesień Łódzkich
4214,4.98,27.5,2980.5,11.8,3.37,Wzniesień Łódzkich
4215,4.98,27.5,2980.5,11.8,3.37,Wzniesień Łódzkich
4216,5.83,17.3992,2980.5,11.1074,3.6817,Wzniesień Łódzkich
4217,6.66,10.0,2980.5,10.6,3.91,Wzniesień Łódzkich
4218,6.66,10.0,2980.5,10.6,3.91,Wzniesień Łódzkich
4219,6.66,10.0,2980.5,10.6,3.91,Wzniesień Łódzkich
4220,6.66,10.0,2980.5,10.6,3.91,Wzniesień Łódzkich
4221,6.88,15.4673,3007.3841,12.7492,3.6725,Wzniesień Łódzkich
4222,7.26,24.5,3051.8,16.3,3.28,Dolina Łódki
4223,7.26,24.5,3051.8,16.3,3.28,Dolina Łódki
4224,7.26,24.5,3051.8,16.3,3.28,Dolina Łódki
4225,8.72,20.7555,3051.8,16.8991,3.1961,Dolina Łódki
4226,16.35,12.0141,3051.8,18.2882,3.001,Dolina Łódki
4227,15.63,12.2749,3051.8,18.0687,3.0201,Dolina Łódki
4228,14.43,12.7627,3051.8,17.6584,3.0557,Dolina Łódki
4229,13.06,13.4283,3051.8,17.0984,3.1043,Dolina Łódki
4230,11.39,13.7473,3051.8,15.569,3.1994,Dolina Łódki
4231,8.85,9.9,3051.8,7.9,3.54,Dolina Łódki
4232,8.85,9.9,3051.8,7.9,3.54,Dolina Łódki
4233,8.85,9.9,3051.8,7.9,3.54,Dolina Łódki
4234,8.85,9.9,3051.8,7.9,3.54,Dolina Łódki
4235,23.25,11.5515,3051.8,13.0903,3.2962,Dolina Łódki
4236,54.79,10.1428,3051.8,21.1443,2.7151,Dolina Łódki
4237,59.27,9.9993,3051.8,21.796,2.6665,Dolina Łódki
4238,60.5,12.1875,3049.9542,19.1126,2.8678,Stoki-Sikawa-Podgórze
4239,98.09,19.5684,3043.8759,11.7753,3.4093,Stoki-Sikawa-Podgórze
4240,238.53,24.0598,3043.2581,24.0661,2.7345,Stoki-Sikawa-Podgórze
4241,25.95,26.1981,3039.8711,18.5272,3.2314,Mileszki
4242,8.25,16.6547,3031.7,12.9029,3.2565,Mileszki
4243,7.98,20.5192,3031.7,11.9754,3.3183,Mileszki
4244,42.13,19.7082,3012.7773,28.3672,2.4358,Mileszki
4245,142.89,19.4982,3011.8018,25.6079,2.3706,Widzew-Wschód
4246,754.74,24.8849,3030.3979,29.4067,2.2446,Widzew-Wschód
4247,1255.1,26.6948,3047.3558,27.1041,2.3377,Widzew-Wschód
4248,750.17,26.5181,3046.8763,30.3162,2.3566,Widzew-Wschód
4249,458.6,24.8467,3045.8383,25.7511,2.3528,Widzew-Wschód
4250,563.99,21.6896,3044.6173,29.1751,2.3099,Widzew-Wschód
4251,0.0,,,,,Olechów-Janów
4252,0.0,,,,,Olechów-Janów
4253,0.0,,,,,Olechów-Janów
4254,0.05,16.7,3021.7,8.4,2.95,Olechów-Janów
4255,8.57,16.7,3021.7,8.4,2.95,Olechów-Janów
4256,13.7,16.7,3021.7,8.4,2.95,Olechów-Janów
4257,8.53,17.0241,3034.8515,7.6439,3.0526,Nr 33
4258,5.17,17.9839,3056.9255,5.9914,3.3412,Nr 33
4259,10.57,18.1737,3026.4298,6.8771,3.3665,Chojny-Dąbrowa
4260,12.35,18.2,3022.2,7.0,3.37,Chojny-Dąbrowa
4261,12.05,18.5135,3022.3594,7.1567,3.3748,Chojny-Dąbrowa
4262,6.5,29.6009,3027.997,12.7004,3.5439,Chojny-Dąbrowa
4263,6.39,30.0,3028.2,12.9,3.55,Wiskitno
4264,6.24,29.4913,3028.2,12.8355,3.5493,Wiskitno
4265,5.48,26.5107,3028.2,12.4577,3.5451,Wiskitno
4266,32.04,16.6604,3025.532,10.6277,3.2902,Wiskitno
4267,99.08,16.0018,3028.1657,10.8954,3.2304,Wiskitno
4268,70.6,16.0323,3026.9745,10.8324,3.2433,Wiskitno
4269,7.32,17.0,2990.3,8.8,3.64,Wiskitno
4270,7.32,17.0,2990.3,8.8,3.64,Wiskitno
4271,7.32,17.0,2990.3,8.8,3.64,Wiskitno
4272,7.32,17.0,2990.3,8.8,3.64,Wiskitno
4273,7.45,16.5131,2990.3,8.415,3.6445,Wiskitno
4274,8.52,13.1572,2990.3,5.7615,3.6757,Wiskitno
4275,5.58,12.7,2990.3,5.4,3.68,Wiskitno
4276,1.32,27.5,2980.5,11.8,3.37,
4277,4.98,27.5,2980.5,11.8,3.37,Wzniesień Łódzkich
4278,4.98,27.5,2980.5,11.8,3.37,Wzniesień Łódzkich
4279,4.98,27.5,2980.5,11.8,3.37,Wzniesień Łódzkich
4280,4.98,27.5,2980.5,11.8,3.37,Wzniesień Łódzkich
4281,4.98,27.5,2980.5,11.8,3.37,Wzniesień Łódzkich
4282,4.98,27.5,2980.5,11.8,3.37,Wzniesień Łódzkich
4283,4.98,27.5,2980.5,11.8,3.37,Wzniesień Łódzkich
4284,6.6,10.4532,2980.5,10.6311,3.896,Wzniesień Łódzkich
4285,6.66,10.0,2980.5,10.6,3.91,Wzniesień Łódzkich
4286,6.66,10.0,2980.5,10.6,3.91,Wzniesień Łódzkich
4287,6.66,10.0,2980.5,10.6,3.91,Wzniesień Łódzkich
4288,6.66,10.0,2980.5,10.6,3.91,Wzniesień Łódzkich
4289,6.81,13.8397,2999.3808,12.1094,3.7432,Wzniesień Łódzkich
4290,7.26,24.5,3051.8,16.3,3.28,Dolina Łódki
4291,7.26,24.5,3051.8,16.3,3.28,Dolina Łódki
4292,7.26,24.5,3051.8,16.3,3.28,Dolina Łódki
4293,9.49,17.2662,3051.8,15.7207,3.247,Dolina Łódki
4294,8.17,17.6437,3051.8,13.5521,3.4121,Dolina Łódki
4295,7.72,18.2927,3051.8,13.0061,3.4595,Dolina Łódki
4296,7.72,18.3,3051.8,13.0,3.46,Dolina Łódki
4297,7.72,18.3,3051.8,13.0,3.46,Dolina Łódki
4298,8.53,12.0518,3051.8,9.2065,3.5195,Dolina Łódki
4299,8.85,9.9,3051.8,7.9,3.54,Dolina Łódki
4300,8.85,9.9,3051.8,7.9,3.54,Dolina Łódki
4301,8.85,9.9,3051.8,7.9,3.54,Dolina Łódki
4302,8.85,9.9,3051.8,7.9,3.54,Dolina Łódki
4303,8.85,9.9,3051.8,7.9,3.54,Dolina Łódki
4304,10.06,9.914,3051.8,9.8592,3.4169,Dolina Łódki
4305,9.32,9.9058,3051.8,8.7113,3.489,Dolina Łódki
4306,54.94,19.415,3043.8554,9.84,3.5585,Stoki-Sikawa-Podgórze
4307,90.74,20.2724,3043.2145,11.7088,3.3548,Stoki-Sikawa-Podgórze
4308,47.86,22.5101,3042.8448,14.095,3.2253,Stoki-Sikawa-Podgórze
4309,8.57,12.5,3031.7,13.9,3.19,Mileszki
4310,8.57,12.5,3031.7,13.9,3.19,Mileszki
4311,8.57,12.507,3031.7,13.8983,3.1901,Mileszki
4312,49.79,22.7539,3011.3585,44.5289,1.9898,Mileszki
4313,233.28,27.2854,3029.3523,25.7481,2.4174,Widzew-Wschód
4314,499.32,24.6749,3031.5043,33.8067,2.1968,Widzew-Wschód
4315,970.28,25.6174,3048.7863,37.9675,2.1187,Widzew-Wschód
4316,148.06,23.3168,3049.5405,28.2214,2.5814,Widzew-Wschód
4317,32.52,21.1,3043.2,31.4,2.08,Widzew-Wschód
4318,26.73,21.1,3043.2,31.4,2.08,Widzew-Wschód
4319,1.08,16.704,3021.7196,8.4209,2.9492,Olechów-Janów
4320,0.09,16.7,3021.7,8.4,2.95,Olechów-Janów
4321,9.82,16.7,3021.7,8.4,2.95,Olechów-Janów
4322,12.9,16.7,3021.7,8.4,2.95,Olechów-Janów
4323,13.1,16.7246,3022.6976,8.3426,2.9578,Olechów-Janów
4324,6.01,17.3849,3049.4954,6.8019,3.1669,Nr 33
4325,4.22,17.9,3070.4,5.6,3.33,Nr 33
4326,4.22,17.9,3070.4,5.6,3.33,Nr 33
4327,6.43,18.0566,3045.2467,6.3306,3.3509,Nr 33
4328,11.5,18.2779,3023.9128,6.9957,3.37,Chojny-Dąbrowa
4329,6.74,28.7246,3027.5515,12.2623,3.5305,Chojny-Dąbrowa
4330,6.39,30.0,3028.2,12.9,3.55,Wiskitno
4331,6.39,30.0,3028.2,12.9,3.55,Wiskitno
4332,6.39,30.0,3028.2,12.9,3.55,Wiskitno
4333,9.99,24.401,3010.5166,9.5873,3.6107,Wiskitno
4334,30.1,17.805,2993.9959,6.2973,3.6361,Wiskitno
4335,49.38,16.7936,3013.1612,8.8763,3.4086,Wiskitno
4336,21.4,17.8449,2991.0724,6.2468,3.6663,Wiskitno
4337,10.19,17.3818,2990.3,7.6545,3.6553,Wiskitno
4338,7.32,17.0,2990.3,8.8,3.64,Wiskitno
4339,7.32,17.0,2990.3,8.8,3.64,Wiskitno
4340,7.32,17.0,2990.3,8.8,3.64,Wiskitno
4341,7.34,16.9028,2990.3,8.7232,3.6409,Wiskitno
4342,7.75,15.2369,2990.3,7.4059,3.6564,Wiskitno
4343,0.04,12.7,2990.3,5.4,3.68,
4344,2.53,27.5,2980.5,11.8,3.37,
4345,4.98,27.5,2980.5,11.8,3.37,Wzniesień Łódzkich
4346,4.98,27.5,2980.5,11.8,3.37,Wzniesień Łódzkich
4347,4.98,27.5,2980.5,11.8,3.37,Wzniesień Łódzkich
4348,4.98,27.5,2980.5,11.8,3.37,Wzniesień Łódzkich
4349,4.98,27.5,2980.5,11.8,3.37,Wzniesień Łódzkich
4350,4.69,27.5,2980.5,11.8,3.37,Wzniesień Łódzkich
4351,1.12,24.0694,2980.5,11.5648,3.4759,
4352,3.12,10.0,2980.5,10.6,3.91,
4353,3.94,10.0,2980.5,10.6,3.91,Wzniesień Łódzkich
4354,2.82,10.0,2980.5,10.6,3.91,
4355,1.69,10.0,2980.5,10.6,3.91,
4356,0.98,10.0,2980.5,10.6,3.91,
4357,5.93,12.5061,2992.8232,11.5852,3.8011,Wzniesień Łódzkich
4358,7.26,24.35,3051.0625,16.241,3.2865,Dolina Łódki
4359,7.26,24.5,3051.8,16.3,3.28,Dolina Łódki
4360,7.38,22.8734,3051.8,15.4343,3.3272,Dolina Łódki
4361,7.72,18.3,3051.8,13.0,3.46,Dolina Łódki
4362,7.72,18.3,3051.8,13.0,3.46,Dolina Łódki
4363,7.72,18.3,3051.8,13.0,3.46,Dolina Łódki
4364,7.72,18.3,3051.8,13.0,3.46,Dolina Łódki
4365,7.88,16.9208,3051.8,12.1626,3.4731,Dolina Łódki
4366,8.85,9.9,3051.8,7.9,3.54,Dolina Łódki
4367,8.85,9.9,3051.8,7.9,3.54,Dolina Łódki
4368,8.85,9.9,3051.8,7.9,3.54,Dolina Łódki
4369,8.85,9.9,3051.8,7.9,3.54,Dolina Łódki
4370,8.85,9.9,3051.8,7.9,3.54,Dolina Łódki
4371,8.85,9.9,3051.8,7.9,3.54,Dolina Łódki
4372,8.85,9.9,3051.8,7.9,3.54,Dolina Łódki
4373,8.85,9.9,3051.8,7.9,3.54,Dolina Łódki
4374,42.55,18.8825,3044.3001,9.7314,3.5574,Dolina Łódki
4375,50.67,18.9135,3043.2715,10.2859,3.3241,Stoki-Sikawa-Podgórze
4376,21.26,16.9089,3040.3684,11.2845,3.2199,Mileszki
4377,8.57,12.5,3031.7,13.9,3.19,Mileszki
4378,8.57,12.5,3031.7,13.9,3.19,Mileszki
4379,8.96,13.1555,3030.5987,15.7864,3.1196,Mileszki
4380,183.83,25.9943,3010.4241,28.4144,2.4016,Mileszki
4381,420.24,22.4885,3025.9248,26.2553,2.4539,Widzew-Wschód
4382,846.66,23.0133,3034.2787,19.595,2.7826,Widzew-Wschód
4383,1935.28,25.1893,3041.9436,31.7364,2.3235,Widzew-Wschód
4384,434.78,24.0255,3035.7809,33.3134,2.3506,Widzew-Wschód
4385,30.06,20.5,3041.5157,29.226,2.1651,Widzew-Wschód
4386,16.75,18.1443,3028.7576,15.95,2.6644,Olechów-Janów
4387,1.05,16.7,3021.7,8.4,2.95,Olechów-Janów
4388,7.82,16.7,3021.7,8.4,2.95,Olechów-Janów
4389,13.7,16.7,3021.7,8.4,2.95,Olechów-Janów
4390,11.39,16.8085,3026.1031,8.1468,2.9844,Olechów-Janów
4391,4.22,17.9,3070.3992,5.6,3.33,Nr 33
4392,4.22,17.9,3070.4,5.6,3.33,Nr 33
4393,4.22,17.9,3070.4,5.6,3.33,Nr 33
4394,4.22,17.9,3070.4,5.6,3.33,Nr 33
4395,4.22,17.9,3070.4,5.6,3.33,Nr 33
4396,5.51,24.6988,3043.5961,9.7817,3.4559,Chojny-Dąbrowa
4397,6.39,30.0,3028.2,12.9,3.55,Chojny-Dąbrowa
4398,6.39,30.0,3028.2,12.9,3.55,Wiskitno
4399,6.39,30.0,3028.2,12.9,3.55,Wiskitno
4400,7.01,28.6164,3023.8303,12.0814,3.565,Wiskitno
4401,27.6,18.05,2990.458,5.8296,3.6795,Wiskitno
4402,27.99,18.0,2990.3,5.8,3.68,Wiskitno
4403,27.99,18.0,2990.3,5.8,3.68,Wiskitno
4404,22.19,17.9075,2990.3,6.0776,3.6763,Wiskitno
4405,7.32,17.0,2990.3,8.8,3.64,Wiskitno
4406,7.32,17.0,2990.3,8.8,3.64,Wiskitno
4407,7.32,17.0,2990.3,8.8,3.64,Wiskitno
4408,7.32,17.0,2990.3,8.8,3.64,Wiskitno
4409,7.32,17.0,2990.3,8.8,3.64,Wiskitno
4410,2.5,17.0,2990.3,8.8,3.64,
4411,1.44,27.5,2980.5,11.8,3.37,
4412,4.78,27.5,2980.5,11.8,3.37,Wzniesień Łódzkich
4413,4.98,27.5,2980.5,11.8,3.37,Wzniesień Łódzkich
4414,4.98,27.5,2980.5,11.8,3.37,Wzniesień Łódzkich
4415,4.98,27.5,2980.5,11.8,3.37,Wzniesień Łódzkich
4416,4.98,27.5,2980.5,11.8,3.37,Wzniesień Łódzkich
4417,3.16,27.5,2980.5,11.8,3.37,Wzniesień Łódzkich
4418,4.27,11.3403,2987.0905,11.1269,3.8518,Wzniesień Łódzkich
4419,7.22,23.6206,3047.4757,15.9543,3.3182,Dolina Łódki
4420,7.26,24.5,3051.8,16.3,3.28,Dolina Łódki
4421,8.44,18.8821,3051.8,13.3098,3.4431,Dolina Łódki
4422,7.72,18.3,3051.8,13.0,3.46,Dolina Łódki
4423,7.72,18.3,3051.8,13.0,3.46,Dolina Łódki
4424,7.72,18.3,3051.8,13.0,3.46,Dolina Łódki
4425,7.72,18.3,3051.8,13.0,3.46,Dolina Łódki
4426,8.54,11.9888,3051.8,9.1682,3.5201,Dolina Łódki
4427,8.85,9.9,3051.8,7.9,3.54,Dolina Łódki
4428,8.85,9.9,3051.8,7.9,3.54,Dolina Łódki
4429,8.85,9.9,3051.8,7.9,3.54,Dolina Łódki
4430,8.85,9.9,3051.8,7.9,3.54,Dolina Łódki
4431,8.85,9.9,3051.8,7.9,3.54,Dolina Łódki
4432,8.85,9.9,3051.8,7.9,3.54,Dolina Łódki
4433,8.85,9.9,3051.8,7.9,3.54,Dolina Łódki
4434,8.85,9.9,3051.8,7.9,3.54,Dolina Łódki
4435,20.37,16.1788,3046.17,9.392,3.462,Dolina Łódki
4436,42.49,18.3937,3043.3045,10.3987,3.2302,Stoki-Sikawa-Podgórze
4437,9.43,13.1755,3033.0281,13.4993,3.1946,Mileszki
4438,8.57,12.5,3031.7,13.9,3.19,Mileszki
4439,8.57,12.5,3031.7,13.9,3.19,Mileszki
4440,41.13,19.551,3014.2117,19.4095,2.6091,Mileszki
4441,170.54,20.58,3010.4029,18.6084,2.5109,Widzew-Wschód
4442,857.39,26.7765,3011.1499,22.2955,2.4039,Widzew-Wschód
4443,696.46,25.5889,3024.2661,23.3825,2.6418,Widzew-Wschód
4444,834.49,23.2208,3025.3672,27.9593,2.3637,Widzew-Wschód
4445,169.15,16.4705,3039.4692,24.1986,2.5163,Olechów-Janów
4446,18.53,15.5888,3034.9411,13.665,2.8256,Olechów-Janów
4447,13.7,16.7,3021.7,8.4,2.95,Olechów-Janów
4448,14.4,16.9845,3022.2349,8.8553,2.9602,Olechów-Janów
4449,22.87,18.1884,3024.4981,10.7814,3.0036,Olechów-Janów
4450,19.1,18.5329,3028.9604,10.9449,3.0436,Nr 33
4451,4.22,17.9,3070.4,5.6,3.33,Nr 33
4452,4.22,17.9,3070.4,5.6,3.33,Nr 33
4453,4.22,17.9,3070.4,5.6,3.33,Nr 33
4454,4.22,17.9,3070.4,5.6,3.33,Nr 33
4455,4.22,17.9,3070.4,5.6,3.33,Nr 33
4456,4.22,17.9,3070.4,5.6,3.33,Nr 33
4457,4.69,21.4269,3058.0995,7.7278,3.3941,Nr 33
4458,6.07,28.759,3032.528,12.1513,3.5274,Wiskitno
4459,6.39,30.0,3028.2,12.9,3.55,Wiskitno
4460,6.39,30.0,3028.2,12.9,3.55,Wiskitno
4461,25.0,18.425,2991.6424,6.0515,3.6754,Wiskitno
4462,27.99,18.0,2990.3,5.8,3.68,Wiskitno
4463,25.2,17.5647,2990.3,7.168,3.6655,Wiskitno
4464,23.59,17.5299,2990.3,7.2738,3.6642,Wiskitno
4465,7.32,17.0,2990.3,8.7999,3.64,Wiskitno
4466,7.32,17.0,2990.3,8.8,3.64,Wiskitno
4467,7.32,17.0,2990.3,8.8,3.64,Wiskitno
4468,7.32,17.0,2990.3,8.8,3.64,Wiskitno
4469,7.32,17.0,2990.3,8.8,3.64,Wiskitno
4470,5.8,17.0,2990.3,8.8,3.64,Wiskitno
4471,0.83,27.5,2980.5,11.8,3.37,
4472,4.25,27.5,2980.5,11.8,3.37,Wzniesień Łódzkich
4473,4.98,27.5,2980.5,11.8,3.37,Wzniesień Łódzkich
4474,4.98,27.5,2980.5,11.8,3.37,Wzniesień Łódzkich
4475,4.98,27.5,2980.5,11.8,3.37,Wzniesień Łódzkich
4476,4.98,27.5,2980.5,11.8,3.37,Wzniesień Łódzkich
4477,4.9,27.5,2980.5,11.8,3.37,Wzniesień Łódzkich
4478,1.34,27.5,2980.5,11.8,3.37,
4479,2.38,10.3353,2982.1485,10.7318,3.8954,
4480,7.17,22.4177,3041.5608,15.4814,3.3705,Dolina Łódki
4481,7.45,21.8066,3051.8,14.8664,3.3582,Dolina Łódki
4482,7.72,18.3,3051.8,13.0,3.46,Dolina Łódki
4483,7.72,18.3,3051.8,13.0,3.46,Dolina Łódki
4484,7.72,18.3,3051.8,13.0,3.46,Dolina Łódki
4485,7.72,18.3,3051.8,13.0,3.46,Dolina Łódki
4486,7.9,16.7932,3052.0083,12.0642,3.4751,Dolina Łódki
4487,9.67,12.9559,3052.6836,9.6673,3.494,Dolina Łódki
4488,9.92,13.8221,3052.9341,10.1682,3.4809,Dolina Łódki
4489,8.94,10.0516,3051.8438,7.9877,3.5377,Dolina Łódki
4490,8.85,9.9,3051.8,7.9,3.54,Dolina Łódki
4491,8.85,9.9,3051.8,7.9,3.54,Dolina Łódki
4492,8.85,9.9,3051.8,7.9,3.54,Dolina Łódki
4493,8.85,9.9,3051.8,7.9,3.54,Dolina Łódki
4494,8.85,9.9,3051.8,7.9,3.54,Dolina Łódki
4495,9.19,10.7742,3049.89,8.4701,3.541,Dolina Łódki
4496,14.03,16.3659,3039.913,11.4401,3.476,Dolina Łódki
4497,15.38,18.0284,3034.4156,13.0806,3.4256,Mileszki
4498,8.57,12.5,3031.7,13.9,3.19,Mileszki
4499,8.57,12.5,3031.7,13.9,3.19,Mileszki
4500,8.57,12.5,3031.7,13.9,3.19,Mileszki
4501,23.01,17.6286,3017.1347,14.7206,2.766,Mileszki
4502,502.1,20.6476,3010.8562,20.3901,2.7053,Widzew-Wschód
4503,379.61,22.5518,3012.3856,21.4995,2.599,Olechów-Janów
4504,40.96,23.9574,3040.0412,17.9672,2.9031,Olechów-Janów
4505,25.23,14.7034,3059.9172,22.2379,2.659,Olechów-Janów
4506,11.24,17.4,3083.6,26.4,2.7,Olechów-Janów
4507,13.5,16.8267,3028.3468,10.3749,2.9197,Olechów-Janów
4508,29.63,20.6609,3057.4347,21.8879,2.6519,Olechów-Janów
4509,41.93,19.1994,3026.3989,12.3991,3.04,Olechów-Janów
4510,41.92,19.2,3026.4,12.4,3.04,Nr 33
4511,36.36,19.1813,3027.1966,12.3127,3.0436,Nr 33
4512,19.24,20.6649,3052.3413,24.9554,2.4536,Nr 33
4513,4.22,17.9,3070.4,5.6,3.33,Nr 33
4514,4.22,17.9,3070.4,5.6,3.33,Nr 33
4515,4.22,17.9,3070.4,5.6,3.33,Nr 33
4516,4.22,17.9,3070.4,5.6,3.33,Nr 33
4517,4.22,17.9,3070.4,5.6,3.33,Nr 33
4518,4.22,17.9,3070.4,5.6,3.33,Nr 33
4519,4.39,19.2623,3065.6487,6.4219,3.3548,Nr 33
4520,5.11,24.0983,3048.7829,9.3394,3.4427,Nr 33
4521,21.02,18.9263,2994.2316,6.3463,3.6656,Wiskitno
4522,27.99,18.0,2990.3,5.8,3.68,Wiskitno
4523,24.43,17.4268,2990.3,7.6016,3.6609,Wiskitno
4524,18.25,15.9,2990.3,12.4,3.61,Wiskitno
4525,9.47,16.5821,2990.3,10.1675,3.6286,Wiskitno
4526,7.32,17.0,2990.3,8.8,3.64,Wiskitno
4527,7.32,17.0,2990.3,8.8,3.64,Wiskitno
4528,7.32,17.0,2990.3,8.8,3.64,Wiskitno
4529,7.32,17.0,2990.3,8.8,3.64,Wiskitno
4530,7.32,17.0,2990.3,8.8,3.64,Wiskitno
4531,0.79,17.0,2990.3,8.8,3.64,
4532,1.58,27.5,2980.5,11.8,3.37,
4533,4.97,27.5,2980.5,11.8,3.37,Wzniesień Łódzkich
4534,4.98,27.5,2980.5,11.8,3.37,Wzniesień Łódzkich
4535,4.98,27.5,2980.5,11.8,3.37,Wzniesień Łódzkich
4536,4.98,27.5,2980.5,11.8,3.37,Wzniesień Łódzkich
4537,4.25,27.5,2980.5,11.8,3.37,Wzniesień Łódzkich
4538,0.05,27.5,2980.5,11.8,3.37,
4539,0.75,10.0,2980.5,10.6,3.91,
4540,6.57,21.3093,3040.3491,14.9251,3.4062,Dolina Łódki
4541,7.72,18.2947,3051.8184,12.995,3.4601,Dolina Łódki
4542,7.78,17.6245,3054.1641,12.3516,3.4749,Dolina Łódki
4543,7.92,16.2965,3058.8124,11.0766,3.5041,Dolina Łódki
4544,8.07,14.8344,3063.9297,9.673,3.5362,Nowosolna
4545,8.15,14.1134,3066.4531,8.9809,3.5521,Nowosolna
4546,13.51,23.6172,3058.8137,15.5254,3.3485,Nowosolna
4547,16.27,26.5,3056.6,17.5,3.29,Nowosolna
4548,16.0,26.1665,3056.5036,17.3071,3.295,Nowosolna
4549,15.12,23.9175,3056.0092,15.8903,3.343,Nowosolna
4550,9.06,10.2638,3051.9695,8.0625,3.5404,Dolina Łódki
4551,8.85,9.9,3051.8,7.9,3.54,Dolina Łódki
4552,8.85,9.9,3051.8,7.9,3.54,Dolina Łódki
4553,10.13,12.882,3045.285,9.8448,3.5432,Dolina Łódki
4554,12.87,17.3045,3035.6228,12.729,3.548,Mileszki
4555,14.45,19.1,3031.7,13.9,3.55,Mileszki
4556,14.45,19.1,3031.7,13.9,3.55,Mileszki
4557,10.49,15.4722,3031.7,13.9,3.3521,Mileszki
4558,8.57,12.5,3031.7,13.9,3.19,Mileszki
4559,8.57,12.5,3031.7,13.9,3.19,Mileszki
4560,8.57,12.5,3031.7,13.9,3.19,Mileszki
4561,10.39,15.2827,3053.8925,19.7025,2.9211,Mileszki
4562,11.24,17.4,3083.6,26.4,2.7,Olechów-Janów
4563,11.24,17.4,3083.6,26.4,2.7,Olechów-Janów
4564,11.24,17.4,3083.6,26.4,2.7,Olechów-Janów
4565,11.24,17.4,3083.6,26.4,2.7,Olechów-Janów
4566,20.9,20.7562,3079.5656,28.0026,2.4898,Olechów-Janów
4567,31.37,22.1234,3079.8785,29.2062,2.3978,Olechów-Janów
4568,37.37,20.3703,3047.5819,19.0705,2.7864,Olechów-Janów
4569,41.92,19.2,3026.4,12.4,3.04,Olechów-Janów
4570,46.08,19.6663,3031.5297,16.1943,2.8641,Nr 33
4571,71.14,21.323,3049.7532,29.6736,2.239,Olechów-Janów
4572,56.25,21.2422,3050.9695,29.7167,2.2344,Olechów-Janów
4573,14.76,17.9747,3055.6108,20.688,2.5905,Nr 33
4574,4.22,17.9,3070.4,5.6,3.33,Nr 33
4575,4.22,17.9,3070.4,5.6,3.33,Nr 33
4576,4.22,17.9,3070.4,5.6,3.33,Nr 33
4577,4.22,17.9,3070.4,5.6,3.33,Nr 33
4578,4.22,17.9,3070.4,5.6,3.33,Nr 33
4579,4.22,17.9,3070.4,5.6,3.33,Nr 33
4580,16.32,17.9873,3000.4773,5.7746,3.6355,Wiskitno
4581,27.99,18.0,2990.3,5.8,3.68,Wiskitno
4582,20.78,16.6347,2990.3,10.0911,3.6345,Wiskitno
4583,18.25,15.9,2990.3,12.4,3.61,Wiskitno
4584,15.53,16.0291,2990.3,11.9775,3.6135,Wiskitno
4585,7.32,17.0,2990.3,8.8,3.64,Wiskitno
4586,7.32,17.0,2990.3,8.8,3.64,Wiskitno
4587,7.32,17.0,2990.3,8.8,3.64,Wiskitno
4588,7.32,17.0,2990.3,8.8,3.64,Wiskitno
4589,7.32,17.0,2990.3,8.8,3.64,Wiskitno
4590,3.85,17.0,2990.3,8.8,3.64,Wiskitno
4591,1.47,27.5,2980.5,11.8,3.37,
4592,4.98,27.5,2980.5,11.8,3.37,Wzniesień Łódzkich
4593,4.98,27.5,2980.5,11.8,3.37,Wzniesień Łódzkich
4594,4.98,27.5,2980.5,11.8,3.37,Wzniesień Łódzkich
4595,4.97,27.5,2980.5,11.8,3.37,Wzniesień Łódzkich
4596,0.07,27.5,2980.5,11.8,3.37,
4597,0.06,13.3,3069.3,8.2,3.57,
4598,8.01,14.0465,3066.6871,8.9167,3.5536,Nowosolna
4599,8.2,13.6033,3068.2384,8.4912,3.5633,Nowosolna
4600,8.23,13.3,3069.3,8.2,3.57,Nowosolna
4601,8.23,13.3,3069.3,8.2,3.57,Nowosolna
4602,8.23,13.3,3069.3,8.2,3.57,Nowosolna
4603,8.67,14.6374,3068.0133,9.1423,3.5416,Nowosolna
4604,16.27,26.5,3056.6,17.5,3.29,Nowosolna
4605,16.27,26.5,3056.6,17.5,3.29,Nowosolna
4606,16.27,26.5,3056.6,17.5,3.29,Nowosolna
4607,22.64,20.6642,3056.5621,12.8966,3.5274,Nowosolna
4608,13.43,15.4844,3054.3657,10.3968,3.5454,Nowosolna
4609,11.14,14.7741,3041.1511,11.0788,3.5453,Dolina Łódki
4610,13.82,18.4285,3033.167,13.4621,3.5493,Mileszki
4611,14.45,19.1,3031.7,13.9,3.55,Mileszki
4612,14.45,19.1,3031.7,13.9,3.55,Mileszki
4613,14.45,19.1,3031.7,13.9,3.55,Mileszki
4614,14.39,19.0583,3031.7,13.9,3.5477,Mileszki
4615,8.97,12.4638,3031.7,13.4355,3.2311,Mileszki
4616,8.58,12.4946,3031.7,13.877,3.1918,Mileszki
4617,8.57,12.5,3031.7,13.9,3.19,Mileszki
4618,8.57,12.5,3031.7,13.9,3.19,Mileszki
4619,10.62,16.4821,3073.8777,24.0584,2.7918,Mileszki
4620,11.24,17.4,3083.6,26.4,2.7,Olechów-Janów
4621,11.24,17.4,3083.6,26.4,2.7,Olechów-Janów
4622,11.24,17.4,3083.6,26.4,2.7,Olechów-Janów
4623,22.37,21.0835,3081.3746,28.7789,2.4621,Olechów-Janów
4624,31.95,22.2,3080.7,29.5,2.39,Olechów-Janów
4625,31.95,22.2,3080.7,29.5,2.39,Olechów-Janów
4626,40.91,19.5084,3032.2656,14.4334,2.9628,Olechów-Janów
4627,47.76,19.9582,3030.2496,16.8861,2.8545,Olechów-Janów
4628,234.01,20.1955,3032.6583,31.5278,2.3098,Olechów-Janów
4629,163.49,25.2773,3050.6,27.6796,2.3328,Olechów-Janów
4630,144.42,23.0,3050.6,26.7079,2.3485,Olechów-Janów
4631,61.52,17.9974,3051.1051,25.2847,2.3653,Nr 33
4632,5.16,17.919,3066.6418,9.4342,3.1421,Nr 33
4633,4.22,17.9,3070.4,5.6,3.33,Nr 33
4634,4.22,17.9,3070.4,5.6,3.33,Nr 33
4635,4.22,17.9,3070.4,5.6,3.33,Nr 33
4636,9.87,17.8442,3006.4427,7.2062,3.7541,Wiskitno
4637,20.87,17.9644,2992.7597,6.1406,3.7039,Wiskitno
4638,27.99,18.0,2990.3,5.8,3.68,Wiskitno
4639,22.27,16.989,2990.3,8.9776,3.6463,Wiskitno
4640,18.25,15.9,2990.3,12.4,3.61,Wiskitno
4641,18.25,15.9,2990.3,12.4,3.61,Wiskitno
4642,9.4,16.5932,2990.3,10.1315,3.6289,Wiskitno
4643,7.32,17.0,2990.3,8.8,3.64,Wiskitno
4644,7.32,17.0,2990.3,8.8,3.64,Wiskitno
4645,5.37,17.0,2990.3,8.8,3.64,Wiskitno
4646,6.95,17.0,2990.3,8.8,3.64,Wiskitno
4647,5.48,17.0,2990.3,8.8,3.64,Wiskitno
4648,0.65,27.5,2980.5,11.8,3.37,
4649,2.72,27.5,2980.5,11.8,3.37,Wzniesień Łódzkich
4650,4.6,27.5,2980.5,11.8,3.37,Wzniesień Łódzkich
4651,4.98,27.5,2980.5,11.8,3.37,Wzniesień Łódzkich
4652,1.18,27.5,2980.5,11.8,3.37,
4653,0.25,13.3,3069.3,8.2,3.57,
4654,7.58,13.3,3069.3,8.2,3.57,Nowosolna
4655,8.23,13.3,3069.3,8.2,3.57,Nowosolna
4656,8.23,13.3,3069.3,8.2,3.57,Nowosolna
4657,8.23,13.3,3069.3,8.2,3.57,Nowosolna
4658,8.23,13.3,3069.3,8.2,3.57,Nowosolna
4659,8.23,13.3,3069.3,8.2,3.57,Nowosolna
4660,12.16,21.924,3061.0026,14.276,3.3871,Nowosolna
4661,16.27,26.5,3056.6,17.5,3.29,Nowosolna
4662,16.27,26.5,3056.6,17.5,3.29,Nowosolna
4663,21.11,21.9611,3056.6,13.8977,3.4773,Nowosolna
4664,23.86,20.2,3056.6,12.5,3.55,Nowosolna
4665,20.01,19.8671,3049.2336,12.9106,3.55,Nowosolna
4666,14.45,19.1,3031.7,13.9,3.55,Nowosolna
4667,14.45,19.1,3031.7,13.9,3.55,Mileszki
4668,14.45,19.1,3031.7,13.9,3.55,Mileszki
4669,14.45,19.1,3031.7,13.9,3.55,Mileszki
4670,14.45,19.1,3031.7,13.9,3.55,Mileszki
4671,13.49,16.9557,3031.7,13.0188,3.5148,Mileszki
4672,11.48,11.8237,3031.7,11.0015,3.4219,Mileszki
4673,10.92,11.9255,3031.7,11.4377,3.387,Mileszki
4674,11.53,16.6885,3031.7,10.4277,3.4062,Mileszki
4675,8.66,12.7307,3034.1329,14.4853,3.1671,Mileszki
4676,11.24,17.3985,3083.5836,26.3961,2.7002,Olechów-Janów
4677,11.24,17.4,3083.6,26.4,2.7,Olechów-Janów
4678,17.37,20.1283,3083.6,23.1691,2.6713,Olechów-Janów
4679,29.14,22.6682,3083.4652,28.2258,2.5835,Olechów-Janów
4680,98.16,17.5104,3080.7,30.0497,2.3971,Olechów-Janów
4681,314.34,16.8276,3058.5232,32.5114,2.3112,Olechów-Janów
4682,299.69,18.2951,3036.7713,31.5689,2.2564,Olechów-Janów
4683,643.9,21.5344,3021.8136,23.4256,2.5526,Olechów-Janów
4684,1049.32,22.6353,3024.4917,27.4203,2.3978,Olechów-Janów
4685,884.98,22.7567,3036.6772,26.2446,2.4605,Olechów-Janów
4686,369.24,23.1105,3050.6828,22.3801,2.4668,Olechów-Janów
4687,91.47,18.7493,3054.8388,24.3228,2.3957,Olechów-Janów
4688,84.89,20.0698,3062.3135,21.7152,2.494,Nr 33
4689,38.16,21.2815,3070.4,18.0926,2.6443,Nr 33
4690,4.22,17.9,3070.4,5.6,3.33,Nr 33
4691,4.22,17.8999,3070.3671,5.6014,3.3303,Nr 33
4692,9.26,17.7231,2999.5695,8.6065,3.9225,Wiskitno
4693,10.97,17.7,2990.3,9.0,4.0,Wiskitno
4694,11.76,17.7334,2990.3,8.6433,3.9643,Wiskitno
4695,17.07,17.4646,2990.3,8.2529,3.7748,Wiskitno
4696,18.25,15.9,2990.3,12.4,3.61,Wiskitno
4697,18.25,15.9,2990.3,12.4,3.61,Wiskitno
4698,17.94,15.9128,2990.3,12.3582,3.6103,Wiskitno
4699,7.32,17.0,2990.3,8.8,3.64,Wiskitno
4700,7.32,17.0,2990.3,8.8,3.64,Wiskitno
4701,3.14,17.0,2990.3,8.8,3.64,Wiskitno
4702,0.52,17.0,2990.3,8.8,3.64,
4703,0.02,17.0,2990.3,8.8,3.64,
4704,1.09,27.5,2980.5,11.8,3.37,
4705,1.05,27.5,2980.5,11.8,3.37,
4706,0.35,17.6,3069.3,11.5,3.26,
4707,8.49,14.5515,3069.3,9.1604,3.4798,Nowosolna
4708,8.23,13.3,3069.3,8.2,3.57,Nowosolna
4709,8.23,13.3,3069.3,8.2,3.57,Nowosolna
4710,8.23,13.3,3069.3,8.2,3.57,Nowosolna
4711,8.23,13.3,3069.3,8.2,3.57,Nowosolna
4712,8.23,13.3,3069.3,8.2,3.57,Nowosolna
4713,8.23,13.3,3069.3,8.2,3.57,Nowosolna
4714,15.73,26.0305,3057.0518,17.1692,3.3,Nowosolna
4715,16.27,26.5,3056.6,17.5,3.29,Nowosolna
4716,19.04,23.6165,3056.6,15.2115,3.409,Nowosolna
4717,23.86,20.2,3056.6,12.5,3.55,Nowosolna
4718,23.86,20.2,3056.6,12.5,3.55,Nowosolna
4719,21.12,19.2987,3049.8389,12.5773,3.5152,Nowosolna
4720,14.45,19.1,3031.7,13.9,3.55,Mileszki
4721,14.45,19.1,3031.7,13.9,3.55,Mileszki
4722,14.45,19.1,3031.7,13.9,3.55,Mileszki
4723,14.45,19.1,3031.7,13.9,3.55,Mileszki
4724,14.45,19.1,3031.7,13.9,3.55,Mileszki
4725,12.26,13.7728,3031.7,11.7108,3.4624,Mileszki
4726,11.61,11.8,3031.7,10.9,3.43,Mileszki
4727,11.66,11.9512,3031.7,10.8506,3.4319,Mileszki
4728,13.4,19.939,3031.7,8.8613,3.4869,Mileszki
4729,11.25,17.4542,3052.985,17.0529,3.1049,Mileszki
4730,11.24,17.4,3083.6,26.4,2.7,Olechów-Janów
4731,78.44,24.0655,3083.6,19.0311,2.6265,Olechów-Janów
4732,563.86,25.5911,3083.6,23.6255,2.5003,Olechów-Janów
4733,200.52,17.6971,3082.2982,27.8982,2.4607,Olechów-Janów
4734,705.06,14.0573,3064.9604,25.3714,2.5306,Olechów-Janów
4735,904.46,20.943,3037.7473,21.4261,2.3783,Olechów-Janów
4736,551.55,20.5436,3029.2851,25.7201,2.3428,Olechów-Janów
4737,1174.25,20.5556,3022.1976,25.3215,2.4805,Olechów-Janów
4738,1253.76,23.3903,3026.9232,23.3518,2.5302,Olechów-Janów
4739,355.64,21.3281,3046.2343,22.4169,2.5233,Olechów-Janów
4740,80.3,21.3969,3069.8829,19.0018,2.5966,Olechów-Janów
4741,79.64,21.4627,3070.4,18.9266,2.5991,Nr 33
4742,79.39,21.5,3070.4,18.9,2.6,Nr 33
4743,49.49,15.3501,3070.4,23.2214,2.4571,Nr 33
4744,20.61,10.2213,3070.4,25.2431,2.4193,Nr 33
4745,13.17,15.4086,3013.5868,14.0219,3.5266,Wiskitno
4746,10.97,17.7,2990.3,9.0,4.0,Wiskitno
4747,10.97,17.7,2990.3,9.0,4.0,Wiskitno
4748,10.97,17.7,2990.3,9.0,4.0,Wiskitno
4749,20.64,16.1578,2990.3,11.9131,3.6659,Wiskitno
4750,18.25,15.9,2990.3,12.4,3.61,Wiskitno
4751,18.25,15.9,2990.3,12.4,3.61,Wiskitno
4752,13.11,16.4097,2990.3,10.732,3.6239,Wiskitno
4753,7.32,17.0,2990.3,8.8,3.64,Wiskitno
4754,5.6,17.0,2990.3,8.8,3.64,Wiskitno
4755,2.71,17.6,3069.3,11.5,3.26,
4756,10.04,17.6,3069.3,11.5,3.26,Nowosolna
4757,9.56,16.3739,3069.3,10.5591,3.3484,Nowosolna
4758,8.25,13.3448,3069.3,8.2344,3.5668,Nowosolna
4759,8.23,13.3,3069.3,8.2,3.57,Nowosolna
4760,8.23,13.3,3069.3,8.2,3.57,Nowosolna
4761,8.23,13.3,3069.3,8.2,3.57,Nowosolna
4762,8.23,13.3,3069.3,8.2,3.57,Nowosolna
4763,10.56,19.1901,3063.633,12.3498,3.4451,Nowosolna
4764,54.54,17.2279,3056.6,10.6075,3.5526,Nowosolna
4765,72.11,16.191,3056.6,9.8252,3.5849,Nowosolna
4766,23.86,20.2,3056.6,12.5,3.55,Nowosolna
4767,23.86,20.2,3056.6,12.5,3.55,Nowosolna
4768,29.98,17.6065,3056.6,11.2032,3.3996,Nowosolna
4769,22.99,15.6413,3047.6667,10.1408,3.3697,Mileszki
4770,13.69,17.5337,3031.7,11.8424,3.5592,Mileszki
4771,14.28,18.7687,3031.7,13.4647,3.5519,Mileszki
4772,14.45,19.1,3031.7,13.9,3.55,Mileszki
4773,14.45,19.1,3031.7,13.9,3.55,Mileszki
4774,15.74,18.4374,3031.7,13.6277,3.5391,Mileszki
4775,11.61,11.8,3031.7,10.9,3.43,Mileszki
4776,11.61,11.8,3031.7,10.9,3.43,Mileszki
4777,12.55,14.7693,3031.7,9.9298,3.4682,Mileszki
4778,15.58,21.9,3031.7,7.6,3.56,Mileszki
4779,12.73,19.2922,3061.7765,18.4948,3.0616,Mileszki
4780,12.33,17.0578,3083.6,26.4507,2.6823,Olechów-Janów
4781,244.97,25.0058,3083.6,27.9915,2.4255,Olechów-Janów
4782,698.52,20.3475,3083.6,29.1796,2.3665,Olechów-Janów
4783,654.19,15.6018,3080.901,21.9039,2.586,Olechów-Janów
4784,962.35,21.2152,3071.6687,18.5063,2.6385,Olechów-Janów
4785,720.19,20.1714,3063.8385,22.3753,2.4486,Olechów-Janów
4786,561.61,22.6097,3039.3762,23.6201,2.4538,Olechów-Janów
4787,905.31,21.8625,3055.4511,17.1239,2.6382,Olechów-Janów
4788,392.34,19.3048,3046.3371,18.0251,2.6255,Olechów-Janów
4789,184.89,16.8737,3053.5752,19.5647,2.6126,Olechów-Janów
4790,48.86,14.1045,3070.4,24.1738,2.4242,Olechów-Janów
4791,44.13,12.2864,3070.4,25.4704,2.381,Nr 33
4792,49.13,14.3983,3070.4,23.9643,2.4312,Nr 33
4793,38.57,9.3,3070.4,27.6,2.31,Nr 33
4794,23.85,11.3461,3050.8715,23.0356,2.7222,Wiskitno
4795,10.97,17.7,2990.3,9.0,4.0,Wiskitno
4796,10.97,17.7,2990.3,9.0,4.0,Wiskitno
4797,10.97,17.7,2990.3,9.0,4.0,Wiskitno
4798,11.0,17.6847,2990.3,9.0289,3.9967,Wiskitno
4799,17.86,15.9597,2990.3,12.2872,3.6229,Wiskitno
4800,18.25,15.9,2990.3,12.4,3.61,Wiskitno
4801,14.63,16.0825,2990.3,11.8028,3.615,Wiskitno
4802,7.32,17.0,2990.3,8.8,3.64,Wiskitno
4803,6.89,17.0,2990.3,8.8,3.64,Wiskitno
4804,0.03,17.0,2990.3,8.8,3.64,
4805,3.09,17.6,3069.3,11.5,3.26,
4806,10.21,17.6,3069.3,11.5,3.26,Nowosolna
4807,10.21,17.6,3069.3,11.5,3.26,Nowosolna
4808,10.19,17.5661,3069.3,11.474,3.2624,Nowosolna
4809,8.88,14.9174,3069.3,9.4413,3.4534,Nowosolna
4810,8.23,13.3,3069.3,8.2,3.57,Nowosolna
4811,8.23,13.3,3069.3,8.2,3.57,Nowosolna
4812,8.23,13.3,3069.3,8.2,3.57,Nowosolna
4813,8.23,13.3,3069.3,8.2,3.57,Nowosolna
4814,31.23,18.6858,3057.3226,11.7204,3.5059,Nowosolna
4815,112.29,15.2,3056.6,9.1,3.61,Nowosolna
4816,30.38,18.8373,3056.6,11.5733,3.5664,Nowosolna
4817,23.86,20.2,3056.6,12.5,3.55,Nowosolna
4818,32.87,16.7186,3056.6,10.7593,3.3481,Nowosolna
4819,39.35,15.2,3056.6,10.0,3.26,Nowosolna
4820,16.33,14.4376,3040.7802,8.2211,3.4633,Mileszki
4821,12.22,14.0,3031.7,7.2,3.58,Mileszki
4822,12.48,14.669,3031.7,8.0789,3.5761,Mileszki
4823,12.83,15.5637,3031.7,9.2543,3.5708,Mileszki
4824,13.32,16.7289,3031.7,10.7851,3.5639,Mileszki
4825,11.92,12.7541,3031.7,11.182,3.4484,Mileszki
4826,11.61,11.8,3031.7,10.9,3.43,Mileszki
4827,11.61,11.8,3031.7,10.9,3.43,Mileszki
4828,13.06,16.189,3031.7,9.466,3.4865,Mileszki
4829,15.29,21.3373,3031.7,7.7839,3.5528,Mileszki
4830,28.54,15.6698,3077.8417,24.6444,2.6798,Mileszki
4831,37.06,14.7006,3083.6,26.7999,2.56,Olechów-Janów
4832,141.03,15.0317,3083.6,27.9237,2.5165,Olechów-Janów
4833,60.96,17.4468,3082.9818,24.6677,2.5096,Olechów-Janów
4834,441.77,29.8209,3080.9339,21.313,2.5201,Olechów-Janów
4835,251.65,14.767,3082.1403,21.4421,2.6123,Olechów-Janów
4836,106.42,10.8168,3083.6,27.1733,2.569,Olechów-Janów
4837,742.28,22.5786,3062.4904,19.9159,2.6835,Olechów-Janów
4838,631.02,15.9393,3060.7403,19.1651,2.7954,Olechów-Janów
4839,437.68,17.1605,3052.8374,18.4598,2.6567,Olechów-Janów
4840,190.31,9.262,3070.4,22.7188,2.4917,Olechów-Janów
4841,98.09,9.3669,3070.4,23.8544,2.4505,Nr 33
4842,37.55,9.334,3070.4,27.5081,2.3178,Nr 33
4843,32.21,9.5474,3070.4,26.932,2.3669,Nr 33
4844,23.18,10.3996,3064.7702,24.3872,2.5554,Nr 33
4845,10.97,17.2145,2994.3657,8.9595,3.9211,Wiskitno
4846,10.97,17.7,2990.3,9.0,4.0,Wiskitno
4847,10.97,17.7,2990.3,9.0,4.0,Wiskitno
4848,10.97,17.7,2990.3,9.0,4.0,Wiskitno
4849,11.69,17.4191,2990.3,9.5306,3.9391,Wiskitno
4850,18.25,15.9,2990.3,12.4,3.61,Wiskitno
4851,17.72,15.9222,2990.3,12.3273,3.6106,Wiskitno
4852,7.32,16.9996,2990.3,8.8013,3.64,Wiskitno
4853,7.26,17.0,2990.3,8.8,3.64,Wiskitno
4854,0.44,17.0,2990.3,8.8,3.64,
4855,1.68,17.6,3069.3,11.5,3.26,
4856,10.21,17.6,3069.3,11.5,3.26,Nowosolna
4857,10.21,17.6,3069.3,11.5,3.26,Nowosolna
4858,10.21,17.6,3069.3,11.5,3.26,Nowosolna
4859,10.21,17.6,3069.3,11.5,3.26,Nowosolna
4860,9.73,16.7108,3069.3,10.8176,3.3241,Nowosolna
4861,8.34,13.5835,3069.3,8.4176,3.5496,Nowosolna
4862,8.23,13.3,3069.3,8.2,3.57,Nowosolna
4863,8.23,13.3,3069.3,8.2,3.57,Nowosolna
4864,9.28,16.3189,3066.3955,10.3269,3.506,Nowosolna
4865,80.48,15.957,3056.6,9.6627,3.5886,Nowosolna
4866,49.87,16.8883,3056.6,10.248,3.5897,Nowosolna
4867,23.9,20.1802,3056.6,12.4901,3.5488,Nowosolna
4868,35.88,15.944,3056.6,10.372,3.3032,Nowosolna
4869,39.35,15.2,3056.6,10.0,3.26,Nowosolna
4870,39.35,15.2,3056.6,10.0,3.26,Nowosolna
4871,18.88,14.4623,3044.3699,10.0203,3.3744,Mileszki
4872,12.22,14.0,3031.7,7.2,3.58,Mileszki
4873,12.22,14.0,3031.7,7.2,3.58,Mileszki
4874,12.22,14.0,3031.7,7.2,3.58,Mileszki
4875,12.0,13.2336,3031.7,8.4889,3.5277,Mileszki
4876,11.61,11.8,3031.7,10.9,3.43,Mileszki
4877,11.61,11.8,3031.7,10.9,3.43,Mileszki
4878,11.61,11.8,3031.7,10.9,3.43,Mileszki
4879,12.95,15.8894,3031.7,9.5638,3.4826,Mileszki
4880,17.36,20.6266,3040.879,10.9957,3.3831,Mileszki
4881,34.04,15.1625,3080.2658,25.5665,2.6242,Olechów-Janów
4882,37.05,14.7,3083.6,26.8,2.56,Olechów-Janów
4883,50.86,6.8167,3083.6,22.6707,2.4568,Olechów-Janów
4884,52.13,6.3,3083.6,22.4,2.45,Olechów-Janów
4885,59.9,7.4481,3083.6,23.6247,2.4806,Olechów-Janów
4886,99.49,11.4545,3082.3107,26.5811,2.5792,Olechów-Janów
4887,240.16,15.8375,3067.6205,23.1724,2.6381,Olechów-Janów
4888,573.68,16.5639,3062.1073,22.0068,2.6627,Olechów-Janów
4889,535.45,15.2883,3049.8543,23.7959,2.4891,Olechów-Janów
4890,284.68,5.6726,3070.4,23.1536,2.4185,Nr 33
4891,151.78,9.5359,3070.4,21.9186,2.5412,Nr 33
4892,12.46,11.9285,3070.4,20.5031,2.9145,Nr 33
4893,8.06,14.0458,3070.4,14.7862,3.4015,Nr 33
4894,7.74,14.3021,3070.2739,14.0889,3.4603,Nr 33
4895,10.83,15.2676,3012.3425,8.9716,3.6051,Andrzejów
4896,10.97,17.141,2994.9815,8.9534,3.9092,Wiskitno
4897,10.97,17.7,2990.3,9.0,4.0,Wiskitno
4898,10.97,17.7,2990.3,9.0,4.0,Wiskitno
4899,10.97,17.7,2990.3,9.0,4.0,Wiskitno
4900,12.95,17.0084,2990.3,10.3064,3.8502,Wiskitno
4901,18.25,15.9,2990.3,12.4,3.61,Wiskitno
4902,9.7,16.5492,2990.3,10.2752,3.6277,Wiskitno
4903,7.32,17.0,2990.3,8.8,3.64,Wiskitno
4904,1.71,17.0,2990.3,8.8,3.64,
4905,0.28,17.6,3069.3,11.5,3.26,
4906,10.1,17.6,3069.3,11.5,3.26,Nowosolna
4907,10.21,17.6,3069.3,11.5,3.26,Nowosolna
4908,10.21,17.6,3069.3,11.5,3.26,Nowosolna
4909,10.21,17.6,3069.3,11.5,3.26,Nowosolna
4910,10.21,17.6,3069.3,11.5,3.26,Nowosolna
4911,10.21,17.6,3069.3,11.5,3.26,Nowosolna
4912,9.06,15.3333,3069.3,9.7605,3.4234,Nowosolna
4913,8.23,13.3,3069.3,8.2,3.57,Nowosolna
4914,8.23,13.3,3069.3,8.2,3.57,Nowosolna
4915,17.21,20.8318,3059.0065,13.3836,3.4327,Nowosolna
4916,73.26,15.9187,3056.6,9.5887,3.6014,Nowosolna
4917,25.32,19.467,3056.6,12.1335,3.5075,Nowosolna
4918,38.38,15.3942,3056.6,10.0971,3.2713,Nowosolna
4919,39.35,15.2,3056.6,10.0,3.26,Nowosolna
4920,40.26,14.6272,3056.6,15.391,3.0949,Nowosolna
4921,41.46,13.7092,3056.5164,23.9834,2.8325,Nowosolna
4922,12.98,13.9591,3033.7379,8.7387,3.5137,Mileszki
4923,12.22,14.0,3031.7,7.2,3.58,Mileszki
4924,12.22,14.0,3031.7,7.2,3.58,Mileszki
4925,12.22,14.0,3031.7,7.2,3.58,Mileszki
4926,11.65,11.9417,3031.7,10.6617,3.4397,Mileszki
4927,11.61,11.8,3031.7,10.9,3.43,Mileszki
4928,11.61,11.8,3031.7,10.9,3.43,Mileszki
4929,11.78,12.3774,3031.7,10.7113,3.4374,Mileszki
4930,15.58,21.9,3031.7,7.6,3.56,Mileszki
4931,15.62,21.8736,3031.8904,7.6704,3.5563,Mileszki
4932,35.0,15.006,3081.394,25.9839,2.6025,Nr 33
4933,38.84,13.3636,3083.6,26.1,2.5425,Olechów-Janów
4934,52.13,6.3,3083.6,22.4,2.45,Olechów-Janów
4935,36.6,6.8807,3082.6419,21.5798,2.5269,Olechów-Janów
4936,11.86,10.9449,3075.936,15.8391,3.0654,Olechów-Janów
4937,84.32,23.9143,3062.691,19.9733,2.767,Olechów-Janów
4938,92.82,23.9982,3062.6222,20.1494,2.759,Olechów-Janów
4939,127.39,19.5705,3062.0078,25.5726,2.6053,Nr 33
4940,13.12,14.7181,3070.4,16.3998,3.0711,Nr 33
4941,7.73,14.3,3070.4,14.1,3.46,Nr 33
4942,7.73,14.3,3070.4,14.1,3.46,Nr 33
4943,7.73,14.3,3070.4,14.1,3.46,Nr 33
4944,7.73,14.3,3070.4,14.1,3.46,Nr 33
4945,9.97,15.0594,3024.8363,10.0752,3.5739,Andrzejów
4946,10.98,15.3,3010.4,8.8,3.61,Andrzejów
4947,10.97,17.0711,2995.5667,8.9476,3.8978,Wiskitno
4948,10.97,17.7,2990.3,9.0,4.0,Wiskitno
4949,10.97,17.7,2990.3,9.0,4.0,Wiskitno
4950,10.97,17.7,2990.3,9.0,4.0,Wiskitno
4951,14.35,16.6358,2990.3,11.0102,3.7694,Wiskitno
4952,17.88,15.9155,2990.3,12.3492,3.6104,Wiskitno
4953,7.7,16.9099,2990.3,9.095,3.6375,Wiskitno
4954,7.32,17.0,2990.3,8.8,3.64,Wiskitno
4955,4.0,17.0,2990.3,8.8,3.64,Wiskitno
4956,6.82,17.6,3069.3,11.5,3.26,Nowosolna
4957,10.21,17.6,3069.3,11.5,3.26,Nowosolna
4958,10.21,17.6,3069.3,11.5,3.26,Nowosolna
4959,10.21,17.6,3069.3,11.5,3.26,Nowosolna
4960,10.21,17.6,3069.3,11.5,3.26,Nowosolna
4961,10.21,17.6,3069.3,11.5,3.26,Nowosolna
4962,10.21,17.6,3069.3,11.5,3.26,Nowosolna
4963,9.87,16.9921,3069.3,11.0335,3.3038,Nowosolna
4964,8.46,13.8894,3069.3,8.6523,3.5275,Nowosolna
4965,8.27,13.4116,3069.1926,8.2786,3.5676,Nowosolna
4966,32.35,19.6003,3056.6176,12.327,3.4968,Nowosolna
4967,27.77,18.4111,3056.6,11.6056,3.4462,Nowosolna
4968,39.35,15.2,3056.6,10.0,3.26,Nowosolna
4969,40.39,14.5452,3056.6,16.1624,3.0713,Nowosolna
4970,41.93,13.6331,3056.6,24.7468,2.8084,Nowosolna
4971,42.16,13.5,3056.6,26.0,2.77,Nowosolna
4972,39.65,13.513,3055.9547,25.5128,2.791,Nowosolna
4973,12.56,13.9813,3032.629,7.9014,3.5498,Mileszki
4974,12.22,14.0,3031.7,7.2,3.58,Mileszki
4975,12.22,14.0,3031.7,7.2,3.58,Mileszki
4976,11.99,13.1788,3031.7,8.5811,3.524,Mileszki
4977,11.61,11.8,3031.7,10.9,3.43,Mileszki
4978,11.61,11.8,3031.7,10.9,3.43,Mileszki
4979,11.61,11.8,3031.7,10.9,3.43,Mileszki
4980,14.06,18.7006,3031.7,8.6453,3.5188,Mileszki
4981,15.58,21.9,3031.7,7.6,3.56,Mileszki
4982,17.67,20.4335,3042.2714,11.5108,3.3563,Mileszki
4983,37.05,14.7,3083.6,26.8,2.56,Nr 33
4984,42.81,10.795,3083.6,24.7545,2.5089,Nr 33
4985,49.89,6.3614,3083.4987,22.3133,2.4581,Nr 33
4986,7.64,14.2665,3070.4553,11.1474,3.5056,Nr 33
4987,7.62,14.3,3070.4,11.1,3.51,Nr 33
4988,7.7,14.3,3070.4,13.1419,3.476,Nr 33
4989,7.73,14.3,3070.4,14.1,3.46,Nr 33
4990,7.73,14.3,3070.4,14.1,3.46,Nr 33
4991,7.73,14.3,3070.4,14.1,3.46,Nr 33
4992,7.73,14.3,3070.4,14.1,3.46,Nr 33
4993,7.73,14.3,3070.4,14.1,3.46,Nr 33
4994,7.73,14.3,3070.4,14.1,3.46,Nr 33
4995,8.87,14.7339,3044.3655,11.8003,3.5251,Nr 33
4996,10.98,15.3,3010.4,8.8,3.61,Andrzejów
4997,10.98,15.3,3010.4,8.8,3.61,Andrzejów
4998,10.97,17.0062,2996.1103,8.9422,3.8873,Wiskitno
4999,10.97,17.7,2990.3,9.0,4.0,Wiskitno
5000,10.97,17.7,2990.3,9.0,4.0,Wiskitno
5001,10.97,17.7,2990.3,9.0,4.0,Wiskitno
5002,15.81,16.3193,2990.3,11.608,3.7009,Wiskitno
5003,17.56,15.9292,2990.3,12.3043,3.6108,Wiskitno
5004,7.5,16.9543,2990.3,8.9495,3.6388,Wiskitno
5005,7.32,17.0,2990.3,8.8,3.64,Wiskitno
5006,3.47,17.0,2990.3,8.8,3.64,Wiskitno
5007,1.36,17.6,3069.3,11.5,3.26,
5008,10.21,17.6,3069.3,11.5,3.26,Nowosolna
5009,10.21,17.6,3069.3,11.5,3.26,Nowosolna
5010,10.21,17.6,3069.3,11.5,3.26,Nowosolna
5011,10.21,17.6,3069.3,11.5,3.26,Nowosolna
5012,10.21,17.6,3069.3,11.5,3.26,Nowosolna
5013,10.21,17.6,3069.3,11.5,3.26,Nowosolna
5014,10.21,17.6,3069.3,11.5,3.26,Nowosolna
5015,10.21,17.6,3069.3,11.5,3.26,Nowosolna
5016,9.21,15.6597,3069.3,10.0109,3.3999,Nowosolna
5017,11.49,20.6501,3062.1058,13.3671,3.4166,Nowosolna
5018,30.83,17.3339,3056.6,11.0893,3.3762,Nowosolna
5019,39.35,15.2,3056.6,10.0,3.26,Nowosolna
5020,44.92,14.9616,3056.6,12.2442,3.1913,Nowosolna
5021,42.16,13.5,3056.6,26.0,2.77,Nowosolna
5022,42.16,13.5,3056.6,26.0,2.77,Nowosolna
5023,42.16,13.5,3056.6,26.0,2.77,Nowosolna
5024,38.18,13.5213,3055.5395,25.1993,2.8045,Nowosolna
5025,12.22,14.0,3031.7,7.2,3.58,Mileszki
5026,12.22,14.0,3031.7,7.2,3.58,Mileszki
5027,12.22,14.0,3031.7,7.2,3.58,Mileszki
5028,11.65,11.9469,3031.7,10.6529,3.44,Mileszki
5029,11.61,11.8,3031.7,10.9,3.43,Mileszki
5030,11.61,11.8,3031.7,10.9,3.43,Mileszki
5031,11.77,12.3308,3031.7,10.7266,3.4368,Mileszki
5032,15.58,21.9,3031.7,7.6,3.56,Mileszki
5033,15.58,21.9,3031.7,7.6,3.56,Mileszki
5034,21.15,18.4384,3056.5045,16.6766,3.0885,Mileszki
5035,29.14,14.6719,3082.6733,25.6977,2.6267,Nr 33
5036,24.11,9.4641,3081.159,21.1928,2.6681,Nr 33
5037,11.89,10.9344,3075.9532,15.8539,3.0641,Nr 33
5038,7.62,14.3,3070.4,11.1,3.51,Nr 33
5039,7.62,14.3,3070.4,11.3302,3.5062,Nr 33
5040,7.73,14.3,3070.4,14.1,3.46,Nr 33
5041,7.73,14.3,3070.4,14.1,3.46,Nr 33
5042,7.73,14.3,3070.4,14.1,3.46,Nr 33
5043,7.73,14.3,3070.4,14.1,3.46,Nr 33
5044,7.73,14.3,3070.4,14.1,3.46,Nr 33
5045,7.73,14.3,3070.4,14.1,3.46,Nr 33
5046,7.91,14.3774,3065.7557,13.6898,3.4716,Nr 33
5047,10.98,15.3,3010.4,8.8,3.61,Andrzejów
5048,10.98,15.3,3010.4,8.8,3.61,Andrzejów
5049,10.98,15.3,3010.4,8.8,3.61,Andrzejów
5050,10.97,16.9308,2996.7424,8.9359,3.875,Wiskitno
5051,10.97,17.7,2990.3,9.0,4.0,Wiskitno
5052,10.97,17.7,2990.3,9.0,4.0,Wiskitno
5053,10.97,17.7,2990.3,9.0,4.0,Wiskitno
5054,17.19,16.0676,2990.3,12.0835,3.6463,Wiskitno
5055,17.23,15.9437,2990.3,12.2571,3.6112,Wiskitno
5056,5.6,16.9717,2990.3,8.8926,3.6392,Wiskitno
5057,1.79,17.0,2990.3,8.8,3.64,
5058,5.96,17.6,3069.3,11.5,3.26,Nowosolna
5059,10.21,17.6,3069.3,11.5,3.26,Nowosolna
5060,10.21,17.599,3069.3,11.4995,3.26,Nowosolna
5061,10.2,17.5783,3069.3,11.4897,3.26,Nowosolna
5062,10.18,17.5364,3069.3,11.4697,3.26,Nowosolna
5063,10.16,17.4633,3069.3,11.4349,3.26,Nowosolna
5064,10.13,17.3871,3069.3,11.3986,3.26,Nowosolna
5065,10.08,17.2534,3069.3,11.335,3.26,Nowosolna
5066,10.04,17.1346,3069.3,11.2784,3.26,Nowosolna
5067,9.76,16.5598,3069.3,10.8808,3.2907,Nowosolna
5068,21.09,16.9987,3057.3757,11.3041,3.3671,Nowosolna
5069,25.73,15.5115,3056.6,9.7968,3.3697,Nowosolna
5070,23.65,15.591,3056.6,9.745,3.3977,Nowosolna
5071,27.61,14.759,3056.6,18.232,3.1627,Nowosolna
5072,20.62,14.4814,3056.6,21.7065,3.0889,Nowosolna
5073,18.17,14.7406,3056.6,20.5725,3.1732,Nowosolna
5074,15.89,15.0538,3056.6,19.202,3.275,Nowosolna
5075,10.52,16.1413,3054.068,12.7549,3.6943,Nowosolna
5076,11.78,14.2482,3033.4655,7.2922,3.6147,Mileszki
5077,12.22,14.0,3031.7,7.2,3.58,Mileszki
5078,11.97,13.1222,3031.7,8.6763,3.5201,Mileszki
5079,11.61,11.8,3031.7,10.9,3.43,Mileszki
5080,11.61,11.8,3031.7,10.9,3.43,Mileszki
5081,11.61,11.8,3031.7,10.9,3.43,Mileszki
5082,13.83,18.1645,3031.7,8.8205,3.5119,Mileszki
5083,15.24,21.7375,3032.5275,7.6748,3.5589,Mileszki
5084,9.36,17.0755,3056.2669,9.8218,3.5283,Mileszki
5085,7.82,14.3136,3070.8265,11.6104,3.4791,Mileszki
5086,7.62,14.3,3070.4,11.1,3.51,Nr 33
5087,7.62,14.3,3070.4,11.1,3.51,Nr 33
5088,7.62,14.3,3070.4,11.1,3.51,Nr 33
5089,7.62,14.3,3070.4,11.1,3.51,Nr 33
5090,7.69,14.3,3070.4,13.1281,3.4762,Nr 33
5091,7.73,14.3,3070.4,14.1,3.46,Nr 33
5092,7.73,14.3,3070.4,14.1,3.46,Nr 33
5093,7.73,14.3,3070.4,14.1,3.46,Nr 33
5094,7.73,14.3,3070.4,14.1,3.46,Nr 33
5095,7.77,14.6061,3070.4,14.2909,3.4496,Nr 33
5096,8.38,19.0338,3070.4,17.0513,3.2993,Nr 33
5097,12.65,16.0372,3019.923,10.1998,3.5558,Andrzejów
5098,10.98,15.3,3010.4,8.8,3.61,Andrzejów
5099,10.98,15.3,3010.4,8.8,3.61,Andrzejów
5100,10.98,15.3,3010.4,8.8,3.61,Andrzejów
5101,10.97,16.845,2997.4603,8.9288,3.8611,Wiskitno
5102,10.97,17.7,2990.3,9.0,4.0,Wiskitno
5103,10.96,17.6736,2990.3,9.0151,3.9971,Wiskitno
5104,10.71,15.5241,2990.3,10.3038,3.7568,Wiskitno
5105,14.39,15.0684,2990.3,12.0535,3.5857,Wiskitno
5106,15.46,15.7919,2990.3,12.3533,3.6068,Wiskitno
5107,0.14,13.6859,2990.3,11.4775,3.5454,
5108,2.8,13.5,2990.3,11.4,3.54,
5109,1.0,13.5,2990.3,11.4,3.54,
5110,0.0,15.5,3069.3,10.5,3.26,
5111,9.5,16.0674,3069.3,10.7702,3.26,Nowosolna
5112,9.63,15.9159,3069.3,10.6981,3.26,Nowosolna
5113,9.58,15.773,3069.3,10.63,3.26,Nowosolna
5114,9.55,15.6671,3069.3,10.5796,3.26,Nowosolna
5115,9.52,15.5745,3069.3,10.5355,3.26,Nowosolna
5116,9.5,15.5284,3069.3,10.5135,3.26,Nowosolna
5117,9.5,15.5042,3069.3,10.502,3.26,Nowosolna
5118,40.79,11.4195,3069.3,11.4601,3.292,Nowosolna
5119,147.96,10.5304,3069.3,11.66,3.2999,Nowosolna
5120,19.25,14.0227,3067.9021,9.75,3.4482,Nowosolna
5121,9.18,15.5486,3056.6,14.0178,3.4778,Nowosolna
5122,8.02,17.4989,3056.6,8.5031,4.0697,Nowosolna
5123,8.02,17.5,3056.6,8.5,4.07,Nowosolna
5124,8.02,17.5,3056.6,8.5,4.07,Nowosolna
5125,8.02,17.5,3056.6,8.5,4.07,Nowosolna
5126,8.02,17.5,3056.6,8.5,4.07,Nowosolna
5127,8.02,17.5,3056.6,8.5,4.07,Nowosolna
5128,8.02,17.5,3056.6,8.5,4.07,Mileszki
5129,11.7,14.3009,3033.8404,7.3118,3.6221,Mileszki
5130,12.19,13.8927,3031.7,7.3805,3.5727,Mileszki
5131,11.61,11.8032,3031.7,10.8945,3.4302,Mileszki
5132,11.61,11.8,3031.7,10.9,3.43,Mileszki
5133,11.61,11.8,3031.7,10.9,3.43,Mileszki
5134,11.73,12.1799,3031.7,10.7759,3.4349,Mileszki
5135,12.62,20.1851,3031.7,8.7693,3.5522,Mileszki
5136,8.61,15.9849,3035.678,11.4602,3.5315,Mileszki
5137,7.2,13.3962,3041.2531,12.9829,3.5175,Mileszki
5138,7.16,13.3066,3038.3617,13.1697,3.5183,Mileszki
5139,8.03,17.1795,3050.2762,11.6032,3.5736,Nr 33
5140,7.65,14.5091,3069.8841,11.0821,3.5139,Nr 33
5141,7.62,14.3,3070.4,11.1,3.51,Nr 33
5142,7.62,14.3,3070.4,11.1175,3.5097,Nr 33
5143,7.73,14.3247,3070.4,14.0336,3.4605,Nr 33
5144,7.8,14.8356,3070.4,14.4339,3.4418,Nr 33
5145,7.86,15.2564,3070.4,14.6963,3.4275,Nr 33
5146,9.0,22.8832,3070.4,19.4512,3.1686,Nr 33
5147,9.86,27.4559,3070.4,22.3021,3.0133,Nr 33
5148,10.49,30.3014,3070.4,24.0762,2.9167,Nr 33
5149,10.73,23.6049,3043.1826,17.2142,3.2275,Nr 33
5150,10.98,15.3,3010.4,8.8,3.61,Andrzejów
5151,10.98,15.3,3010.4,8.8,3.61,Andrzejów
5152,10.98,15.3,3010.4,8.8,3.61,Andrzejów
5153,10.98,15.3,3010.4,8.8,3.61,Andrzejów
5154,10.97,16.7407,2998.3342,8.9201,3.8441,Wiskitno
5155,10.63,15.6893,2990.3,10.1489,3.7798,Wiskitno
5156,10.28,13.5,2990.3,11.4,3.54,Wiskitno
5157,10.28,13.5,2990.3,11.4,3.54,Wiskitno
5158,10.28,13.5,2990.3,11.4,3.54,Wiskitno
5159,10.16,14.0468,2990.3,11.6278,3.5559,Wiskitno
5160,10.25,13.5,2990.3,11.4,3.54,Wiskitno
5161,10.25,13.5,2990.3,11.4,3.54,Wiskitno
5162,1.54,13.5,2990.3,11.4,3.54,
5163,2.61,15.5,3069.3,10.5,3.26,
5164,9.5,15.5,3069.3,10.5,3.26,Nowosolna
5165,9.5,15.5,3069.3,10.5,3.26,Nowosolna
5166,9.5,15.5,3069.3,10.5,3.26,Nowosolna
5167,9.5,15.5,3069.3,10.5,3.26,Nowosolna
5168,9.5,15.5,3069.3,10.5,3.26,Nowosolna
5169,9.5,15.5,3069.3,10.5,3.26,Nowosolna
5170,116.56,10.6146,3069.3,11.6495,3.2983,Nowosolna
5171,200.23,10.4782,3069.3,11.6278,3.3048,Nowosolna
5172,29.5,13.4732,3069.3,8.9549,3.4847,Nowosolna
5173,11.63,14.329,3061.5175,13.796,3.3023,Nowosolna
5174,9.82,14.6718,3056.6,16.4969,3.2118,Nowosolna
5175,8.54,16.5629,3056.6,11.1499,3.7856,Nowosolna
5176,8.02,17.5,3056.6,8.5,4.07,Nowosolna
5177,8.02,17.5,3056.6,8.5,4.07,Nowosolna
5178,8.02,17.5,3056.6,8.5,4.07,Nowosolna
5179,8.02,17.5,3056.6,8.5,4.07,Nowosolna
5180,8.02,17.5,3056.6,8.5,4.07,Nowosolna
5181,8.02,17.4994,3056.5958,8.4998,4.0699,Mileszki
5182,9.82,15.3804,3042.1301,8.0514,3.7795,Mileszki
5183,11.05,12.0037,3031.7,10.9629,3.444,Mileszki
5184,11.17,11.881,3031.7,11.0682,3.4356,Mileszki
5185,10.61,11.9926,3031.7,11.2999,3.4433,Mileszki
5186,9.03,12.3805,3031.7,12.1056,3.4702,Mileszki
5187,7.15,13.1371,3031.7,13.5142,3.5187,Mileszki
5188,7.07,13.1,3031.7,13.6,3.52,Mileszki
5189,7.07,13.1,3031.7,13.6,3.52,Mileszki
5190,7.07,13.1,3031.7,13.6,3.52,Mileszki
5191,9.31,18.3763,3026.2878,12.8067,3.5097,Mileszki
5192,13.93,33.1587,3022.1597,9.5989,3.8495,Andrzejów
5193,10.1,24.8506,3044.3681,10.1987,3.7062,Nr 33
5194,7.62,14.3,3070.4,11.1,3.51,Nr 33
5195,7.96,16.7813,3070.4,13.1942,3.4166,Nr 33
5196,10.26,29.3006,3070.4,23.4523,2.9507,Nr 33
5197,10.39,29.8844,3070.4,23.8162,2.9309,Nr 33
5198,10.67,30.2879,3070.4,24.0677,2.9172,Nr 33
5199,10.54,30.5,3070.4,24.2,2.91,Nr 33
5200,10.54,30.5,3070.4,24.2,2.91,Nr 33
5201,10.55,30.0703,3068.7036,23.7646,2.9298,Nr 33
5202,10.98,15.3,3010.4,8.8,3.61,Andrzejów
5203,10.98,15.3,3010.4,8.8,3.61,Andrzejów
5204,10.98,15.3,3010.4,8.8,3.61,Andrzejów
5205,10.98,15.3,3010.4,8.8,3.61,Andrzejów
5206,10.98,15.3,3010.4,8.8,3.61,Andrzejów
5207,10.59,14.3435,2999.4117,10.2056,3.5747,Wiskitno
5208,10.28,13.5,2990.3,11.4,3.54,Wiskitno
5209,10.28,13.5,2990.3,11.4,3.54,Wiskitno
5210,10.28,13.5,2990.3,11.4,3.54,Wiskitno
5211,10.28,13.5,2990.3,11.4,3.54,Wiskitno
5212,10.28,13.5,2990.3,11.4,3.54,Wiskitno
5213,10.28,13.5,2990.3,11.4,3.54,Wiskitno
5214,10.28,13.5,2990.3,11.4,3.54,Wiskitno
5215,2.03,13.5,2990.3,11.4,3.54,
5216,7.3,15.5,3069.3,10.5,3.26,Nowosolna
5217,9.5,15.5,3069.3,10.5,3.26,Nowosolna
5218,9.5,15.5,3069.3,10.5,3.26,Nowosolna
5219,9.5,15.5,3069.3,10.5,3.26,Nowosolna
5220,9.5,15.5,3069.3,10.5,3.26,Nowosolna
5221,9.5,15.5,3069.3,10.5,3.26,Nowosolna
5222,9.5,15.5,3069.3,10.5,3.26,Nowosolna
5223,57.44,11.4074,3069.3,11.0456,3.3342,Nowosolna
5224,26.13,14.2861,3069.3,8.1384,3.5379,Nowosolna
5225,15.7,13.9352,3068.6777,9.5651,3.4659,Nowosolna
5226,9.88,14.6,3056.6,16.7,3.19,Nowosolna
5227,9.88,14.6,3056.6,16.7,3.19,Nowosolna
5228,9.32,15.3484,3056.6,14.5838,3.4171,Nowosolna
5229,8.19,17.4377,3056.6,8.6762,4.0511,Nowosolna
5230,8.02,17.5,3056.6,8.5,4.07,Nowosolna
5231,8.02,17.5,3056.6,8.5,4.07,Nowosolna
5232,8.02,17.5,3056.6,8.5,4.07,Nowosolna
5233,8.02,17.5,3056.6,8.5,4.07,Mileszki
5234,7.82,16.675,3051.9312,9.4563,3.9669,Mileszki
5235,7.08,13.1277,3031.8568,13.5679,3.5235,Mileszki
5236,7.1,13.0892,3031.7,13.5776,3.5193,Mileszki
5237,7.1,13.0866,3031.7,13.5722,3.5191,Mileszki
5238,7.07,13.1,3031.7,13.6,3.52,Mileszki
5239,7.07,13.1,3031.7,13.6,3.52,Mileszki
5240,7.07,13.1,3031.7,13.6,3.52,Mileszki
5241,7.07,13.1,3031.7,13.6,3.52,Mileszki
5242,7.07,13.1,3031.7,13.6,3.52,Mileszki
5243,10.45,19.0575,3024.3241,12.8199,3.4633,Andrzejów
5244,13.0,21.5701,3021.3,12.4829,3.4424,Andrzejów
5245,13.99,32.0873,3021.3,9.9157,3.8068,Andrzejów
5246,12.33,30.6887,3029.9635,9.7,3.8147,Andrzejów
5247,9.92,24.2653,3045.8123,10.2487,3.6953,Nr 33
5248,9.84,26.1118,3060.8607,17.1948,3.2876,Nr 33
5249,10.54,30.5,3070.4,24.2,2.91,Nr 33
5250,10.54,30.5,3070.4,24.2,2.91,Nr 33
5251,10.54,30.5,3070.4,24.2,2.91,Nr 33
5252,10.54,30.5,3070.4,24.2,2.91,Nr 33
5253,10.54,30.5,3070.4,24.2,2.91,Nr 33
5254,10.88,18.6931,3023.7937,12.2377,3.4537,Andrzejów
5255,10.92,15.3971,3010.4,8.8806,3.6057,Andrzejów
5256,10.98,15.3,3010.4,8.8,3.61,Andrzejów
5257,10.98,15.3,3010.4,8.8,3.61,Andrzejów
5258,10.98,15.3,3010.4,8.8,3.61,Andrzejów
5259,10.98,15.3,3010.4,8.8,3.61,Andrzejów
5260,10.61,14.3644,2999.9528,10.1514,3.5736,Wiskitno
5261,10.28,13.5,2990.3,11.4,3.54,Wiskitno
5262,10.28,13.5,2990.3,11.4,3.54,Wiskitno
5263,10.28,13.5,2990.3,11.4,3.54,Wiskitno
5264,10.28,13.5,2990.3,11.4,3.54,Wiskitno
5265,10.28,13.5,2990.3,11.4,3.54,Wiskitno
5266,10.28,13.5,2990.3,11.4,3.54,Wiskitno
5267,10.28,13.5,2990.3,11.4,3.54,Wiskitno
5268,2.49,13.5,2990.3,11.4,3.54,
5269,2.36,15.5,3069.3,10.5,3.26,
5270,9.5,15.5,3069.3,10.5,3.26,Nowosolna
5271,9.5,15.5,3069.3,10.5,3.26,Nowosolna
5272,9.5,15.5,3069.3,10.5,3.26,Nowosolna
5273,9.5,15.5,3069.3,10.5,3.26,Nowosolna
5274,9.5,15.5,3069.3,10.5,3.26,Nowosolna
5275,9.5,15.5,3069.3,10.5,3.26,Nowosolna
5276,18.58,14.5901,3069.3,8.6803,3.4723,Nowosolna
5277,26.73,14.3,3069.3,8.1,3.54,Nowosolna
5278,17.55,13.9804,3069.3,8.9788,3.4921,Nowosolna
5279,12.79,14.1891,3064.0543,12.2979,3.3602,Nowosolna
5280,9.88,14.6,3056.6,16.7,3.19,Nowosolna
5281,9.88,14.6,3056.6,16.7,3.19,Nowosolna
5282,9.87,14.6087,3056.6,16.6755,3.1926,Nowosolna
5283,8.66,16.3558,3056.6,11.7352,3.7228,Nowosolna
5284,8.02,17.5,3056.6,8.5,4.07,Nowosolna
5285,8.02,17.5,3056.6,8.5,4.07,Nowosolna
5286,8.02,17.5,3056.6,8.5,4.07,Nowosolna
5287,7.64,15.8751,3047.4044,10.3834,3.8669,Mileszki
5288,7.07,13.1,3031.7,13.6,3.52,Mileszki
5289,7.07,13.1,3031.7,13.6,3.52,Mileszki
5290,7.07,13.1,3031.7,13.6,3.52,Mileszki
5291,7.07,13.1,3031.7,13.6,3.52,Mileszki
5292,7.07,13.1,3031.7,13.6,3.52,Mileszki
5293,7.07,13.1,3031.7,13.6,3.52,Mileszki
5294,7.07,13.1,3031.7,13.6,3.52,Mileszki
5295,7.09,13.1468,3031.6421,13.5939,3.5196,Mileszki
5296,11.64,20.3366,3022.7404,12.6523,3.4511,Andrzejów
5297,12.99,21.5,3021.3,12.5,3.44,Andrzejów
5298,12.99,21.5,3021.3,12.5,3.44,Andrzejów
5299,13.85,30.6967,3021.3,10.2551,3.7586,Andrzejów
5300,14.21,34.2,3021.3,9.4,3.88,Andrzejów
5301,14.21,34.2,3021.3,9.4,3.88,Andrzejów
5302,17.84,28.8059,3033.8124,14.5999,3.5498,Andrzejów
5303,11.33,29.7525,3066.6164,23.3909,2.9655,Nr 33
5304,10.54,30.5,3070.4,24.2,2.91,Nr 33
5305,10.54,30.5,3070.4,24.2,2.91,Nr 33
5306,10.54,30.5,3070.4,24.2,2.91,Nr 33
5307,10.36,22.3838,3035.559,15.8468,3.2847,Andrzejów
5308,9.14,18.6967,3010.4,11.6185,3.4582,Andrzejów
5309,10.46,16.139,3010.4,9.4962,3.5725,Andrzejów
5310,10.98,15.3,3010.4,8.8,3.61,Andrzejów
5311,10.98,15.3,3010.4,8.8,3.61,Andrzejów
5312,10.98,15.3,3010.4,8.8,3.61,Andrzejów
5313,10.24,16.5206,3010.4,9.8129,3.5555,Andrzejów
5314,9.63,16.0635,2999.4207,11.6696,3.4937,Andrzejów
5315,10.28,13.5,2990.3,11.4,3.54,Wiskitno
5316,10.28,13.5,2990.3,11.4,3.54,Wiskitno
5317,10.28,13.5,2990.3,11.4,3.54,Wiskitno
5318,10.28,13.5,2990.3,11.4,3.54,Wiskitno
5319,10.28,13.5,2990.3,11.4,3.54,Wiskitno
5320,10.11,13.5,2990.3,11.4,3.54,Wiskitno
5321,6.23,13.5,2990.3,11.4,3.54,Wiskitno
5322,0.07,13.5,2990.3,11.4,3.54,
5323,7.88,15.5,3069.3,10.5,3.26,Nowosolna
5324,9.5,15.5,3069.3,10.5,3.26,Nowosolna
5325,9.5,15.5,3069.3,10.5,3.26,Nowosolna
5326,9.5,15.5,3069.3,10.5,3.26,Nowosolna
5327,9.5,15.5,3069.3,10.5,3.26,Nowosolna
5328,9.5,15.5,3069.3,10.5,3.26,Nowosolna
5329,22.03,14.4411,3069.3,8.3822,3.5071,Nowosolna
5330,26.73,14.3,3069.3,8.1,3.54,Nowosolna
5331,20.19,14.1022,3069.3,8.6439,3.5103,Nowosolna
5332,16.15,13.9,3069.3,9.2,3.48,Nowosolna
5333,10.11,14.5581,3057.3604,16.2509,3.2074,Nowosolna
5334,9.88,14.6,3056.6,16.7,3.19,Nowosolna
5335,9.88,14.6,3056.6,16.7,3.19,Nowosolna
5336,9.88,14.6,3056.6,16.7,3.19,Nowosolna
5337,9.43,15.1886,3056.6,15.0356,3.3686,Nowosolna
5338,8.13,17.2976,3056.6,9.0724,4.0086,Nowosolna
5339,8.02,17.5,3056.6,8.5,4.07,Nowosolna
5340,7.44,14.9407,3042.1168,11.4664,3.7501,Mileszki
5341,7.07,13.1,3031.7,13.6,3.52,Mileszki
5342,7.07,13.1,3031.7,13.6,3.52,Mileszki
5343,7.07,13.1,3031.7,13.6,3.52,Mileszki
5344,7.07,13.1,3031.7,13.6,3.52,Mileszki
5345,7.07,13.1,3031.7,13.6,3.52,Mileszki
5346,7.07,13.1,3031.7,13.6,3.52,Mileszki
5347,7.07,13.1,3031.7,13.6,3.52,Mileszki
5348,7.64,14.4336,3029.9631,13.3973,3.5076,Mileszki
5349,12.64,21.2224,3021.6437,12.5364,3.4426,Andrzejów
5350,12.99,21.5,3021.3,12.5,3.44,Andrzejów
5351,12.99,21.5,3021.3,12.5,3.44,Andrzejów
5352,12.99,21.5,3021.3,12.5,3.44,Andrzejów
5353,13.69,28.9915,3021.3,10.6714,3.6995,Andrzejów
5354,18.63,33.453,3021.3,12.4297,3.6932,Andrzejów
5355,45.73,23.7039,3021.3,12.7681,3.6842,Andrzejów
5356,117.95,20.8032,3021.316,13.7034,3.6298,Andrzejów
5357,44.9,20.3864,3028.664,14.1003,3.4233,Nr 33
5358,10.54,30.5,3070.4,24.2,2.91,Nr 33
5359,10.54,30.5,3070.4,24.2,2.91,Nr 33
5360,9.93,27.6913,3054.3537,21.124,3.0411,Nr 33
5361,8.59,20.0,3010.4,12.7,3.4,Andrzejów
5362,8.59,20.0,3010.4,12.7,3.4,Andrzejów
5363,10.38,16.2787,3010.4,9.6121,3.5663,Andrzejów
5364,10.75,15.6664,3010.4,9.1041,3.5936,Andrzejów
5365,9.98,16.9857,3010.4,10.1988,3.5347,Andrzejów
5366,8.78,19.5246,3010.4,12.3055,3.4212,Andrzejów
5367,8.59,20.0,3010.4,12.7,3.4,Andrzejów
5368,9.41,16.5295,2999.6681,12.0059,3.4747,Andrzejów
5369,10.28,13.5,2990.3,11.4,3.54,Wiskitno
5370,10.28,13.5,2990.3,11.4,3.54,Wiskitno
5371,10.28,13.5,2990.3,11.4,3.54,Wiskitno
5372,10.28,13.5,2990.3,11.4,3.54,Wiskitno
5373,6.63,13.5,2990.3,11.4,3.54,
5374,0.03,13.5,2990.3,11.4,3.54,
5375,1.14,15.5,3069.3,10.5,3.26,
5376,9.5,15.5,3069.3,10.5,3.26,Nowosolna
5377,9.5,15.5,3069.3,10.5,3.26,Nowosolna
5378,9.5,15.5,3069.3,10.5,3.26,Nowosolna
5379,9.5,15.5,3069.3,10.5,3.26,Nowosolna
5380,10.47,15.3274,3069.3,10.1547,3.3003,Nowosolna
5381,25.04,14.3446,3069.3,8.1892,3.5296,Nowosolna
5382,26.73,14.3,3069.3,8.1,3.54,Nowosolna
5383,23.02,14.2017,3069.3,8.3703,3.5253,Nowosolna
5384,16.15,13.9,3069.3,9.2,3.48,Nowosolna
5385,14.06,14.0636,3066.3314,10.9531,3.4122,Nowosolna
5386,9.88,14.6,3056.6,16.7,3.19,Nowosolna
5387,9.88,14.6,3056.6,16.7,3.19,Nowosolna
5388,9.88,14.6,3056.6,16.7,3.19,Nowosolna
5389,9.88,14.6,3056.6,16.7,3.19,Nowosolna
5390,9.88,14.6,3056.6,16.7,3.19,Nowosolna
5391,8.76,16.1129,3056.2909,12.3311,3.6588,Nowosolna
5392,7.24,13.9648,3036.5938,12.5976,3.6281,Mileszki
5393,7.07,13.1,3031.7,13.6,3.52,Mileszki
5394,7.07,13.1,3031.7,13.6,3.52,Mileszki
5395,7.07,13.1,3031.7,13.6,3.52,Mileszki
5396,7.07,13.1,3031.7,13.6,3.52,Mileszki
5397,7.07,13.1,3031.7,13.6,3.52,Mileszki
5398,7.07,13.1,3031.7,13.6,3.52,Mileszki
5399,7.07,13.1,3031.7,13.6,3.52,Mileszki
5400,10.32,14.5925,3017.073,9.2219,3.5449,Mileszki
5401,16.21,18.2061,3009.7105,7.8032,3.5193,Andrzejów
5402,12.99,21.5,3021.3,12.5,3.44,Andrzejów
5403,12.99,21.5,3021.3,12.5,3.44,Andrzejów
5404,12.99,21.5,3021.3,12.5,3.44,Andrzejów
5405,12.99,21.5,3021.3,12.5,3.44,Andrzejów
5406,20.63,28.5948,3021.3,14.9013,3.4523,Andrzejów
5407,45.92,27.3566,3021.3,15.1712,3.5309,Andrzejów
5408,117.86,20.7391,3021.3,13.6607,3.6266,Andrzejów
5409,94.63,16.1741,3021.3,10.7923,3.3855,Andrzejów
5410,53.08,15.2416,3025.5385,10.5862,3.2298,Nr 33
5411,14.05,25.7427,3056.4131,19.9555,3.0097,Nr 33
5412,10.47,30.1965,3068.6658,23.8676,2.9242,Nr 33
5413,8.59,20.0397,3010.6267,12.7435,3.3981,Andrzejów
5414,8.59,20.0,3010.4,12.7,3.4,Andrzejów
5415,8.59,20.0,3010.4,12.7,3.4,Andrzejów
5416,8.9,19.2328,3010.4,12.0634,3.4343,Andrzejów
5417,8.62,19.9281,3010.4,12.6404,3.4032,Andrzejów
5418,8.59,20.0,3010.4,12.7,3.4,Andrzejów
5419,8.59,20.0,3010.4,12.7,3.4,Andrzejów
5420,8.59,20.0,3010.4,12.7,3.4,Andrzejów
5421,9.37,16.7119,3000.2321,12.0424,3.4708,Andrzejów
5422,10.28,13.5,2990.3,11.4,3.54,Wiskitno
5423,10.28,13.5,2990.3,11.4,3.54,Wiskitno
5424,10.28,13.5,2990.3,11.4,3.54,Wiskitno
5425,10.28,13.5,2990.3,11.4,3.54,Wiskitno
5426,9.88,13.5,2990.3,11.4,3.54,Wiskitno
5427,4.48,13.5,2990.3,11.4,3.54,Wiskitno
5428,2.86,15.5,3069.3,10.5,3.26,
5429,9.5,15.5,3069.3,10.5,3.26,Nowosolna
5430,9.5,15.5,3069.3,10.5,3.26,Nowosolna
5431,9.5,15.5,3069.3,10.5,3.26,Nowosolna
5432,13.12,14.9855,3069.3,9.471,3.38,Nowosolna
5433,26.65,14.3019,3069.3,8.1039,3.5395,Nowosolna
5434,26.73,14.3,3069.3,8.1,3.54,Nowosolna
5435,25.53,14.2714,3069.3,8.1787,3.5357,Nowosolna
5436,16.15,13.9,3069.3,9.2,3.48,Nowosolna
5437,16.15,13.9,3069.3,9.2,3.48,Nowosolna
5438,10.99,14.4167,3059.9247,14.7366,3.2659,Nowosolna
5439,9.88,14.6,3056.6,16.7,3.19,Nowosolna
5440,9.88,14.6,3056.6,16.7,3.19,Nowosolna
5441,9.88,14.6,3056.6,16.7,3.19,Nowosolna
5442,9.88,14.6,3056.6,16.7,3.19,Nowosolna
5443,8.4,14.6,3056.6,16.7,3.19,Nowosolna
5444,1.58,13.3848,3036.4283,14.1887,3.4573,
5445,6.3,13.1,3031.7,13.6,3.52,Mileszki
5446,7.07,13.1,3031.7,13.6,3.52,Mileszki
5447,7.07,13.1,3031.7,13.6,3.52,Mileszki
5448,7.07,13.1,3031.7,13.6,3.52,Mileszki
5449,7.07,13.1,3031.7,13.6,3.52,Mileszki
5450,7.07,13.1,3031.7,13.6,3.52,Mileszki
5451,7.07,13.1,3031.7,13.6,3.52,Mileszki
5452,12.85,15.2313,3010.8136,7.3483,3.5555,Mileszki
5453,19.25,16.1,3002.3,4.8,3.57,Andrzejów
5454,18.84,16.3434,3003.1565,5.1471,3.5641,Andrzejów
5455,14.72,19.5513,3014.4434,9.7213,3.4869,Andrzejów
5456,12.99,21.5,3021.3,12.5,3.44,Andrzejów
5457,12.99,21.5,3021.3,12.5,3.44,Andrzejów
5458,12.99,21.5,3021.3,12.5,3.44,Andrzejów
5459,19.07,27.2114,3021.3,14.7007,3.4348,Andrzejów
5460,38.35,30.0941,3021.3,16.0649,3.4624,Andrzejów
5461,80.23,14.816,3021.3,9.7358,3.2753,Andrzejów
5462,85.81,13.8,3021.3,9.3,3.26,Andrzejów
5463,85.81,13.8,3021.3,9.3,3.26,Andrzejów
5464,38.04,18.6604,3024.048,17.0284,2.9991,Andrzejów
5465,9.12,20.6499,3014.1137,13.4118,3.3697,Andrzejów
5466,8.59,20.0,3010.4,12.7,3.4,Andrzejów
5467,8.59,20.0,3010.4,12.7,3.4,Andrzejów
5468,8.59,20.0,3010.4,12.7,3.4,Andrzejów
5469,8.59,20.0,3010.4,12.7,3.4,Andrzejów
5470,8.59,20.0,3010.4,12.7,3.4,Andrzejów
5471,8.59,20.0,3010.4,12.7,3.4,Andrzejów
5472,8.59,20.0,3010.4,12.7,3.4,Andrzejów
5473,8.59,20.0,3010.4,12.7,3.4,Andrzejów
5474,9.32,16.8795,3000.7506,12.0759,3.4672,Andrzejów
5475,10.28,13.5,2990.3,11.4,3.54,Wiskitno
5476,10.28,13.5,2990.3,11.4,3.54,Wiskitno
5477,10.28,13.5,2990.3,11.4,3.54,Wiskitno
5478,8.52,13.5,2990.3,11.4,3.54,Wiskitno
5479,3.08,13.5,2990.3,11.4,3.54,
5480,6.39,15.5,3069.3,10.5,3.26,Nowosolna
5481,4.35,15.5,3069.3,10.5,3.26,
5482,2.81,15.5,3069.3,10.5,3.26,
5483,7.84,14.8254,3069.3,9.1508,3.4174,Nowosolna
5484,24.29,14.3,3069.3,8.1,3.54,Nowosolna
5485,26.73,14.3,3069.3,8.1,3.54,Nowosolna
5486,26.73,14.3,3069.3,8.1,3.54,Nowosolna
5487,16.96,13.9484,3069.3,9.0669,3.4873,Nowosolna
5488,16.15,13.9,3069.3,9.2,3.48,Nowosolna
5489,15.14,13.9737,3067.9626,9.9898,3.4495,Nowosolna
5490,9.88,14.6,3056.6,16.7,3.19,Nowosolna
5491,9.88,14.6,3056.6,16.7,3.19,Nowosolna
5492,9.88,14.6,3056.6,16.7,3.19,Nowosolna
5493,9.88,14.6,3056.6,16.7,3.19,Nowosolna
5494,6.4,14.6,3056.6,16.7,3.19,Nowosolna
5495,3.56,13.1,3031.7,13.6,3.52,Mileszki
5496,7.07,13.1,3031.7,13.6,3.52,Mileszki
5497,7.07,13.1,3031.7,13.6,3.52,Mileszki
5498,7.07,13.1,3031.7,13.6,3.52,Mileszki
5499,7.07,13.1,3031.7,13.6,3.52,Mileszki
5500,7.07,13.1,3031.7,13.6,3.52,Mileszki
5501,15.28,15.6474,3006.7352,6.1275,3.5625,Andrzejów
5502,19.25,16.1,3002.3,4.8,3.57,Andrzejów
5503,19.25,16.1,3002.3,4.8,3.57,Andrzejów
5504,19.25,16.1,3002.3,4.8,3.57,Andrzejów
5505,17.72,17.0682,3005.7066,6.1806,3.5467,Andrzejów
5506,13.55,20.8212,3018.9117,11.5321,3.4563,Andrzejów
5507,12.99,21.5,3021.3,12.5,3.44,Andrzejów
5508,56.81,21.5,3005.6901,9.5423,3.7111,Andrzejów
5509,148.71,18.1418,3003.2037,11.07,3.6771,Andrzejów
5510,43.18,31.0754,3021.0248,24.2316,3.3569,Andrzejów
5511,94.98,21.6652,3021.3,14.7282,3.2718,Andrzejów
5512,125.37,20.7073,3021.2662,12.9709,3.2572,Andrzejów
5513,44.93,22.6029,3013.3518,27.1783,2.6002,Andrzejów
5514,34.16,25.3227,3010.4,33.0231,2.3838,Andrzejów
5515,13.16,22.4724,3010.4,22.1402,2.928,Andrzejów
5516,8.59,20.0,3010.4,12.7,3.4,Andrzejów
5517,8.59,20.0,3010.4,12.7,3.4,Andrzejów
5518,8.59,20.0,3010.4,12.7,3.4,Andrzejów
5519,8.59,20.0,3010.4,12.7,3.4,Andrzejów
5520,8.59,20.0,3010.4,12.7,3.4,Andrzejów
5521,8.59,20.0,3010.4,12.7,3.4,Andrzejów
5522,8.59,20.0,3010.4,12.7,3.4,Andrzejów
5523,8.59,20.0,3010.4,12.7,3.4,Andrzejów
5524,9.28,17.0629,3001.3177,12.1126,3.4633,Andrzejów
5525,10.28,13.5,2990.3,11.4,3.54,Wiskitno
5526,7.71,13.5,2990.3,11.4,3.54,Wiskitno
5527,2.15,13.5,2990.3,11.4,3.54,
5528,0.15,15.5,3069.3,10.5,3.26,
5529,5.28,14.3,3069.3,8.1,3.54,
5530,13.61,14.3,3069.3,8.1,3.54,Nowosolna
5531,13.08,14.0849,3069.3,8.6914,3.5077,Nowosolna
5532,13.06,13.9,3069.3,9.2,3.48,Nowosolna
5533,15.01,13.9,3069.3,9.2,3.48,Nowosolna
5534,8.89,14.1937,3063.972,12.3464,3.3583,
5535,4.79,14.6,3056.6,16.7,3.19,
5536,3.73,14.6,3056.6,16.7,3.19,
5537,3.07,14.6,3056.6,16.7,3.19,
5538,3.93,14.6,3056.6,16.7,3.19,
5539,0.82,13.1,3031.7,13.6,3.52,
5540,5.87,13.1,3031.7,13.6,3.52,Mileszki
5541,7.07,13.1,3031.7,13.6,3.52,Mileszki
5542,7.07,13.1,3031.7,13.6,3.52,Mileszki
5543,6.82,13.1,3031.7,13.6,3.52,Mileszki
5544,13.1,15.8863,3004.3947,5.427,3.5664,Andrzejów
5545,19.25,16.1,3002.3,4.8,3.57,Andrzejów
5546,19.25,16.1,3002.3,4.8,3.57,Andrzejów
5547,19.25,16.1,3002.3,4.8,3.57,Andrzejów
5548,19.25,16.1,3002.3,4.8,3.57,Andrzejów
5549,19.25,16.1,3002.3,4.8,3.57,Andrzejów
5550,17.6,17.0296,3009.0194,7.7616,3.4552,Andrzejów
5551,118.54,19.8285,3003.1912,9.7987,3.7216,Andrzejów
5552,166.62,15.0765,3002.3,11.7046,3.6433,Andrzejów
5553,138.86,14.5006,3002.8512,10.3039,3.7301,Andrzejów
5554,47.13,30.762,3021.0386,26.4441,3.3369,Andrzejów
5555,80.1,24.7643,3020.0216,17.0334,3.3092,Andrzejów
5556,36.66,20.6148,3012.7765,16.7909,3.2404,Andrzejów
5557,37.92,25.5,3010.4,33.7,2.35,Andrzejów
5558,37.92,25.5,3010.4,33.7,2.35,Andrzejów
5559,22.23,21.3049,3010.4,20.4315,3.0632,Andrzejów
5560,8.59,20.0,3010.4,12.7,3.4,Andrzejów
5561,8.59,20.0,3010.4,12.7,3.4,Andrzejów
5562,8.59,20.0,3010.4,12.7,3.4,Andrzejów
5563,8.59,20.0,3010.4,12.7,3.4,Andrzejów
5564,8.59,20.0,3010.4,12.7,3.4,Andrzejów
5565,8.59,20.0,3010.4,12.7,3.4,Andrzejów
5566,8.59,20.0,3010.4,12.7,3.4,Andrzejów
5567,8.59,20.0,3010.4,12.7,3.4,Andrzejów
5568,6.03,17.0866,3001.391,12.1173,3.4627,Andrzejów
5569,1.31,13.5,2990.3,11.4,3.54,
5570,0.06,13.9,3069.3,9.2,3.48,
5571,0.97,13.9134,3069.0569,9.3436,3.4744,
5572,2.97,13.1,3031.7,13.6,3.52,
5573,7.07,13.1,3031.7,13.6,3.52,Mileszki
5574,5.73,13.1,3031.7,13.6,3.52,Mileszki
5575,0.09,13.1,3031.7,13.6,3.52,
5576,6.24,16.1,3002.3,4.8,3.57,
5577,19.03,16.1,3002.3,4.8,3.57,Andrzejów
5578,19.19,16.1,3002.3,4.8,3.57,Andrzejów
5579,19.25,15.5669,3002.3,4.9297,3.5325,Andrzejów
5580,19.25,16.1,3002.3,4.8,3.57,Andrzejów
5581,23.36,13.8444,3002.3,5.3486,3.4115,Andrzejów
5582,36.21,14.3209,3002.3308,7.0061,3.431,Andrzejów
5583,127.39,14.7298,3002.3,11.1226,3.6338,Andrzejów
5584,139.14,13.7559,3002.3,8.4112,3.814,Andrzejów
5585,117.57,14.9116,3003.73,13.5266,3.5616,Andrzejów
5586,58.37,25.2356,3013.3605,19.069,3.3967,Andrzejów
5587,54.98,23.8806,3010.4,11.9902,3.5139,Andrzejów
5588,33.11,22.0538,3010.4,22.7878,2.9495,Andrzejów
5589,36.7,24.7839,3010.4,31.5614,2.4677,Andrzejów
5590,29.5,19.3242,3010.4,15.2573,3.3652,Andrzejów
5591,27.27,18.231,3010.4,11.9138,3.5474,Andrzejów
5592,9.78,19.6858,3010.4,12.5604,3.4262,Andrzejów
5593,8.59,20.0,3010.4,12.7,3.4,Andrzejów
5594,8.59,20.0,3010.4,12.7,3.4,Andrzejów
5595,8.59,20.0,3010.4,12.7,3.4,Andrzejów
5596,8.59,20.0,3010.4,12.7,3.4,Andrzejów
5597,8.58,20.0,3010.4,12.7,3.4,Andrzejów
5598,4.87,20.0,3010.4,12.7,3.4,Andrzejów
5599,0.53,20.0,3010.4,12.7,3.4,
5600,0.41,13.1,3031.7,13.6,3.52,
5601,3.27,13.1,3031.7,13.6,3.52,Mileszki
5602,0.11,16.1,3002.3,4.8,3.57,
5603,11.31,16.1,3002.3,4.8,3.57,Andrzejów
5604,7.65,12.9619,3002.3,5.5633,3.3495,
5605,24.13,13.5071,3002.3,5.4307,3.3878,Andrzejów
5606,25.02,13.1455,3002.3,5.5187,3.3624,Andrzejów
5607,29.84,13.4179,3002.3,6.2688,3.3399,Andrzejów
5608,63.4,18.6633,3002.3,9.2001,3.4942,Andrzejów
5609,85.75,17.3099,3002.3,9.0206,3.6199,Andrzejów
5610,121.23,13.9385,3002.3,15.3306,3.4103,Andrzejów
5611,97.57,13.7463,3002.3,20.5304,3.2297,Andrzejów
5612,68.85,20.9986,3007.7494,15.0433,3.4118,Andrzejów
5613,60.55,24.4372,3010.4,11.999,3.5104,Andrzejów
5614,36.72,22.1241,3010.4,18.2077,3.1928,Andrzejów
5615,28.35,18.2,3010.4,11.9,3.55,Andrzejów
5616,28.35,18.2,3010.4,11.9,3.55,Andrzejów
5617,27.67,18.2192,3010.4,11.9085,3.5484,Andrzejów
5618,9.25,19.8157,3010.4,12.6181,3.4154,Andrzejów
5619,8.59,20.0,3010.4,12.7,3.4,Andrzejów
5620,8.59,20.0,3010.4,12.7,3.4,Andrzejów
5621,8.16,20.0,3010.4,12.7,3.4,Andrzejów
5622,3.87,20.0,3010.4,12.7,3.4,
5623,0.08,20.0,3010.4,12.7,3.4,
5624,20.72,12.4,3002.3,5.7,3.31,Andrzejów
5625,27.06,12.4,3002.3,5.7,3.31,Andrzejów
5626,35.95,15.1012,3002.3,7.2095,3.3894,Andrzejów
5627,67.1,19.2,3002.3,9.5,3.51,Andrzejów
5628,68.24,19.2,3002.3,9.5,3.51,Andrzejów
5629,70.08,19.2,3002.3,9.5,3.51,Andrzejów
5630,80.36,16.4487,3002.3,15.5121,3.3572,Andrzejów
5631,92.44,13.8,3002.3,21.3,3.21,Andrzejów
5632,71.04,20.1306,3007.0924,15.7977,3.3875,Andrzejów
5633,61.25,24.5,3010.4,12.0,3.51,Andrzejów
5634,31.89,18.9373,3010.4,11.9117,3.5453,Andrzejów
5635,28.35,18.2,3010.4,11.9,3.55,Andrzejów
5636,28.35,18.2,3010.4,11.9,3.55,Andrzejów
5637,26.93,18.2414,3010.4,11.9184,3.5466,Andrzejów
5638,8.79,19.9411,3010.4,12.6738,3.4049,Andrzejów
5639,7.58,20.0,3010.4,12.7,3.4,Andrzejów
5640,3.09,20.0,3010.4,12.7,3.4,
5641,3.6,12.4,3002.3,5.7,3.31,
5642,27.06,12.4,3002.3,5.7,3.31,Andrzejów
5643,27.06,12.4,3002.3,5.7,3.31,Andrzejów
5644,17.7,14.8254,3002.3,7.0554,3.3813,Andrzejów
5645,1.66,19.2,3002.3,9.5,3.51,
5646,3.63,19.2,3002.3,9.5,3.51,
5647,5.99,19.2,3002.3,9.5,3.51,
5648,10.43,17.7677,3002.3,12.6299,3.4304,
5649,18.6,13.8,3002.3,21.3,3.21,
5650,16.24,23.637,3009.7467,12.7501,3.4858,
5651,16.94,23.5797,3010.4,11.9854,3.5158,
5652,10.96,18.2,3010.4,11.9,3.55,
5653,12.9,18.2,3010.4,11.9,3.55,
5654,14.85,18.2,3010.4,11.9,3.55,Andrzejów
5655,14.08,18.3287,3010.4,11.9572,3.5393,Andrzejów
5656,2.31,20.0,3010.4,12.7,3.4,
5657,17.38,12.4,3002.3,5.7,3.31,Andrzejów
5658,27.06,12.4,3002.3,5.7,3.31,Andrzejów
5659,7.51,12.4,3002.3,5.7,3.31,
5660,1.12,12.4,3002.3,5.7,3.31,
5661,24.88,12.4,3002.3,5.7,3.31,Andrzejów
5662,2.28,12.4,3002.3,5.7,3.31,
5663,6.99,12.4,3002.3,5.7,3.31,
5664,0.0,12.4,3002.3,5.7,3.31,
