id,lon,lat
0,19.3193270,51.8077365
1,19.3224762,51.8088522
2,19.3224602,51.8066037
3,19.3224281,51.8021068
4,19.3256094,51.8077193
5,19.3255932,51.8054708
6,19.3255770,51.8032224
7,19.3255608,51.8009739
8,19.3287588,51.8088348
9,19.3287424,51.8065863
10,19.3287261,51.8043379
11,19.3287097,51.8020894
12,19.3286934,51.7998410
13,19.3286770,51.7975925
14,19.3286607,51.7953441
15,19.3318918,51.8077017
16,19.3318753,51.8054533
17,19.3318588,51.8032048
18,19.3318423,51.8009564
19,19.3318258,51.7987079
20,19.3318093,51.7964595
21,19.3351247,51.8200593
22,19.3351080,51.8178108
23,19.3350413,51.8088170
24,19.3350247,51.8065686
25,19.3350080,51.8043201
26,19.3349913,51.8020717
27,19.3349747,51.7998232
28,19.3349580,51.7975748
29,19.3349413,51.7953263
30,19.3348414,51.7818356
31,19.3348248,51.7795871
32,19.3344758,51.7323693
33,19.3344592,51.7301208
34,19.3382752,51.8211745
35,19.3382583,51.8189261
36,19.3382415,51.8166776
37,19.3382078,51.8121807
38,19.3381910,51.8099323
39,19.3381742,51.8076838
40,19.3381574,51.8054354
41,19.3381405,51.8031869
42,19.3381237,51.8009385
43,19.3381069,51.7986900
44,19.3380901,51.7964416
45,19.3380060,51.7851993
46,19.3379892,51.7829508
47,19.3379724,51.7807024
48,19.3379053,51.7717085
49,19.3378885,51.7694601
50,19.3378717,51.7672116
51,19.3376536,51.7379815
52,19.3376201,51.7334845
53,19.3376034,51.7312361
54,19.3375866,51.7289876
55,19.3375699,51.7267391
56,19.3375531,51.7244906
57,19.3414088,51.8200412
58,19.3413918,51.8177928
59,19.3413748,51.8155443
60,19.3413578,51.8132959
61,19.3413409,51.8110474
62,19.3413239,51.8087990
63,19.3413069,51.8065505
64,19.3412899,51.8043021
65,19.3412729,51.8020536
66,19.3412560,51.7998052
67,19.3412390,51.7975567
68,19.3411372,51.7840660
69,19.3411202,51.7818175
70,19.3411033,51.7795691
71,19.3410863,51.7773206
72,19.3410694,51.7750722
73,19.3410524,51.7728237
74,19.3410355,51.7705752
75,19.3410185,51.7683268
76,19.3410016,51.7660783
77,19.3407985,51.7390967
78,19.3407815,51.7368482
79,19.3407646,51.7345997
80,19.3407477,51.7323512
81,19.3407308,51.7301028
82,19.3407139,51.7278543
83,19.3406970,51.7256058
84,19.3406463,51.7188604
85,19.3446281,51.8301500
86,19.3446109,51.8279016
87,19.3445938,51.8256532
88,19.3445766,51.8234047
89,19.3445594,51.8211563
90,19.3445423,51.8189078
91,19.3445251,51.8166594
92,19.3445080,51.8144109
93,19.3444909,51.8121625
94,19.3444737,51.8099140
95,19.3444566,51.8076656
96,19.3444394,51.8054172
97,19.3444223,51.8031687
98,19.3444052,51.8009203
99,19.3443880,51.7986718
100,19.3442853,51.7851811
101,19.3442682,51.7829326
102,19.3442511,51.7806842
103,19.3442340,51.7784357
104,19.3442169,51.7761872
105,19.3441997,51.7739388
106,19.3441826,51.7716903
107,19.3441655,51.7694419
108,19.3441484,51.7671934
109,19.3441313,51.7649449
110,19.3439434,51.7402118
111,19.3439264,51.7379633
112,19.3439093,51.7357148
113,19.3438922,51.7334664
114,19.3438752,51.7312179
115,19.3438581,51.7289694
116,19.3438069,51.7222240
117,19.3437899,51.7199755
118,19.3437728,51.7177270
119,19.3437558,51.7154785
120,19.3478314,51.8380103
121,19.3477795,51.8312650
122,19.3477622,51.8290166
123,19.3477448,51.8267681
124,19.3477275,51.8245197
125,19.3477102,51.8222712
126,19.3476929,51.8200228
127,19.3476756,51.8177744
128,19.3476583,51.8155259
129,19.3476410,51.8132775
130,19.3476237,51.8110290
131,19.3476064,51.8087806
132,19.3475891,51.8065321
133,19.3475718,51.8042837
134,19.3475545,51.8020352
135,19.3475372,51.7997868
136,19.3475200,51.7975383
137,19.3475027,51.7952899
138,19.3474163,51.7840476
139,19.3473990,51.7817992
140,19.3473818,51.7795507
141,19.3473645,51.7773022
142,19.3473472,51.7750538
143,19.3473300,51.7728053
144,19.3473127,51.7705569
145,19.3472955,51.7683084
146,19.3472782,51.7660599
147,19.3472609,51.7638115
148,19.3470885,51.7413268
149,19.3470713,51.7390783
150,19.3470541,51.7368298
151,19.3470369,51.7345814
152,19.3470197,51.7323329
153,19.3470024,51.7300844
154,19.3469852,51.7278359
155,19.3469680,51.7255875
156,19.3469508,51.7233390
157,19.3469336,51.7210905
158,19.3469164,51.7188420
159,19.3468992,51.7165935
160,19.3468820,51.7143451
161,19.3468648,51.7120966
162,19.3509835,51.8391252
163,19.3509660,51.8368768
164,19.3509485,51.8346283
165,19.3509311,51.8323799
166,19.3509136,51.8301314
167,19.3508961,51.8278830
168,19.3508786,51.8256346
169,19.3508612,51.8233861
170,19.3508437,51.8211377
171,19.3508262,51.8188892
172,19.3508088,51.8166408
173,19.3507913,51.8143924
174,19.3507739,51.8121439
175,19.3507564,51.8098955
176,19.3507390,51.8076470
177,19.3507215,51.8053986
178,19.3507041,51.8031501
179,19.3506866,51.8009017
180,19.3506692,51.7986532
181,19.3506517,51.7964048
182,19.3506343,51.7941563
183,19.3505820,51.7874110
184,19.3505646,51.7851625
185,19.3505471,51.7829141
186,19.3505297,51.7806656
187,19.3505123,51.7784172
188,19.3504949,51.7761687
189,19.3504774,51.7739202
190,19.3504600,51.7716718
191,19.3504426,51.7694233
192,19.3504252,51.7671749
193,19.3504078,51.7649264
194,19.3502164,51.7401933
195,19.3501991,51.7379448
196,19.3501817,51.7356963
197,19.3501643,51.7334478
198,19.3501469,51.7311994
199,19.3501296,51.7289509
200,19.3501122,51.7267024
201,19.3500948,51.7244539
202,19.3500775,51.7222054
203,19.3500601,51.7199570
204,19.3500427,51.7177085
205,19.3500254,51.7154600
206,19.3500080,51.7132115
207,19.3499907,51.7109630
208,19.3499733,51.7087146
209,19.3541180,51.8379916
210,19.3541004,51.8357431
211,19.3540828,51.8334947
212,19.3540651,51.8312462
213,19.3540475,51.8289978
214,19.3540299,51.8267494
215,19.3540123,51.8245009
216,19.3539946,51.8222525
217,19.3539770,51.8200041
218,19.3539594,51.8177556
219,19.3539418,51.8155072
220,19.3539242,51.8132587
221,19.3539066,51.8110103
222,19.3538889,51.8087618
223,19.3538713,51.8065134
224,19.3538537,51.8042649
225,19.3538361,51.8020165
226,19.3538185,51.7997681
227,19.3538009,51.7975196
228,19.3537833,51.7952712
229,19.3537657,51.7930227
230,19.3537481,51.7907743
231,19.3537306,51.7885258
232,19.3537130,51.7862773
233,19.3536954,51.7840289
234,19.3536778,51.7817804
235,19.3536602,51.7795320
236,19.3536427,51.7772835
237,19.3536251,51.7750351
238,19.3536075,51.7727866
239,19.3535899,51.7705382
240,19.3535724,51.7682897
241,19.3535548,51.7660412
242,19.3535372,51.7637928
243,19.3535197,51.7615443
244,19.3535021,51.7592958
245,19.3533617,51.7413081
246,19.3533442,51.7390596
247,19.3533266,51.7368112
248,19.3533091,51.7345627
249,19.3532916,51.7323142
250,19.3532741,51.7300657
251,19.3532565,51.7278173
252,19.3532390,51.7255688
253,19.3532215,51.7233203
254,19.3532040,51.7210718
255,19.3531864,51.7188233
256,19.3531689,51.7165749
257,19.3531514,51.7143264
258,19.3531339,51.7120779
259,19.3531164,51.7098294
260,19.3530989,51.7075809
261,19.3530814,51.7053325
262,19.3530639,51.7030840
263,19.3572347,51.8346094
264,19.3572169,51.8323610
265,19.3571991,51.8301125
266,19.3571813,51.8278641
267,19.3571635,51.8256157
268,19.3571457,51.8233672
269,19.3571279,51.8211188
270,19.3571102,51.8188703
271,19.3570924,51.8166219
272,19.3570746,51.8143735
273,19.3570569,51.8121250
274,19.3570391,51.8098766
275,19.3570213,51.8076281
276,19.3570036,51.8053797
277,19.3569858,51.8031312
278,19.3569680,51.8008828
279,19.3569503,51.7986343
280,19.3569325,51.7963859
281,19.3569148,51.7941374
282,19.3568970,51.7918890
283,19.3568793,51.7896405
284,19.3568615,51.7873921
285,19.3568438,51.7851436
286,19.3568261,51.7828952
287,19.3568083,51.7806467
288,19.3567906,51.7783983
289,19.3567729,51.7761498
290,19.3567551,51.7739014
291,19.3567374,51.7716529
292,19.3567197,51.7694044
293,19.3567020,51.7671560
294,19.3566842,51.7649075
295,19.3566665,51.7626591
296,19.3566488,51.7604106
297,19.3566311,51.7581621
298,19.3565072,51.7424229
299,19.3564895,51.7401744
300,19.3564718,51.7379259
301,19.3564541,51.7356775
302,19.3564364,51.7334290
303,19.3564187,51.7311805
304,19.3564010,51.7289320
305,19.3563833,51.7266836
306,19.3563657,51.7244351
307,19.3563480,51.7221866
308,19.3563303,51.7199381
309,19.3563126,51.7176896
310,19.3562950,51.7154412
311,19.3562773,51.7131927
312,19.3562596,51.7109442
313,19.3562420,51.7086957
314,19.3562243,51.7064472
315,19.3562066,51.7041988
316,19.3561890,51.7019503
317,19.3603867,51.8357240
318,19.3603687,51.8334756
319,19.3603508,51.8312272
320,19.3603329,51.8289787
321,19.3603149,51.8267303
322,19.3602970,51.8244819
323,19.3602790,51.8222334
324,19.3602611,51.8199850
325,19.3602432,51.8177365
326,19.3602252,51.8154881
327,19.3602073,51.8132397
328,19.3601894,51.8109912
329,19.3601715,51.8087428
330,19.3601535,51.8064943
331,19.3601356,51.8042459
332,19.3601177,51.8019974
333,19.3600998,51.7997490
334,19.3600819,51.7975005
335,19.3600640,51.7952521
336,19.3600461,51.7930036
337,19.3600282,51.7907552
338,19.3600103,51.7885067
339,19.3599924,51.7862583
340,19.3599745,51.7840098
341,19.3599566,51.7817614
342,19.3599387,51.7795129
343,19.3599208,51.7772645
344,19.3599029,51.7750160
345,19.3598850,51.7727676
346,19.3598671,51.7705191
347,19.3598493,51.7682706
348,19.3598314,51.7660222
349,19.3598135,51.7637737
350,19.3597956,51.7615253
351,19.3597778,51.7592768
352,19.3596349,51.7412891
353,19.3596170,51.7390406
354,19.3595992,51.7367921
355,19.3595813,51.7345437
356,19.3595635,51.7322952
357,19.3595457,51.7300467
358,19.3595278,51.7277982
359,19.3595100,51.7255498
360,19.3594922,51.7233013
361,19.3594743,51.7210528
362,19.3594565,51.7188043
363,19.3594387,51.7165559
364,19.3594208,51.7143074
365,19.3594030,51.7120589
366,19.3593852,51.7098104
367,19.3593674,51.7075619
368,19.3593496,51.7053134
369,19.3593318,51.7030650
370,19.3593139,51.7008165
371,19.3592961,51.6985680
372,19.3635389,51.8368386
373,19.3635208,51.8345901
374,19.3635027,51.8323417
375,19.3634846,51.8300933
376,19.3634665,51.8278448
377,19.3634484,51.8255964
378,19.3634303,51.8233480
379,19.3634122,51.8210995
380,19.3633941,51.8188511
381,19.3633760,51.8166026
382,19.3633579,51.8143542
383,19.3633398,51.8121058
384,19.3633218,51.8098573
385,19.3633037,51.8076089
386,19.3632856,51.8053604
387,19.3632675,51.8031120
388,19.3632495,51.8008636
389,19.3632314,51.7986151
390,19.3632133,51.7963667
391,19.3631953,51.7941182
392,19.3631772,51.7918698
393,19.3631592,51.7896213
394,19.3631411,51.7873729
395,19.3631230,51.7851244
396,19.3631050,51.7828760
397,19.3630869,51.7806275
398,19.3630689,51.7783791
399,19.3630509,51.7761306
400,19.3630328,51.7738821
401,19.3630148,51.7716337
402,19.3629967,51.7693852
403,19.3629787,51.7671368
404,19.3629607,51.7648883
405,19.3629426,51.7626398
406,19.3629246,51.7603914
407,19.3629066,51.7581429
408,19.3627805,51.7424037
409,19.3627625,51.7401552
410,19.3627445,51.7379067
411,19.3627265,51.7356583
412,19.3627085,51.7334098
413,19.3626905,51.7311613
414,19.3626725,51.7289128
415,19.3626545,51.7266644
416,19.3626365,51.7244159
417,19.3626185,51.7221674
418,19.3626005,51.7199189
419,19.3625825,51.7176705
420,19.3625645,51.7154220
421,19.3625466,51.7131735
422,19.3625286,51.7109250
423,19.3625106,51.7086765
424,19.3624926,51.7064281
425,19.3624747,51.7041796
426,19.3624567,51.7019311
427,19.3624387,51.6996826
428,19.3666730,51.8357046
429,19.3666547,51.8334562
430,19.3666364,51.8312077
431,19.3666182,51.8289593
432,19.3665999,51.8267109
433,19.3665817,51.8244624
434,19.3665634,51.8222140
435,19.3665452,51.8199656
436,19.3665269,51.8177171
437,19.3665087,51.8154687
438,19.3664905,51.8132202
439,19.3664722,51.8109718
440,19.3664540,51.8087234
441,19.3664358,51.8064749
442,19.3664175,51.8042265
443,19.3663993,51.8019780
444,19.3663811,51.7997296
445,19.3663628,51.7974811
446,19.3663446,51.7952327
447,19.3663264,51.7929842
448,19.3663082,51.7907358
449,19.3662900,51.7884873
450,19.3662718,51.7862389
451,19.3662536,51.7839904
452,19.3662354,51.7817420
453,19.3662172,51.7794935
454,19.3661989,51.7772451
455,19.3661807,51.7749966
456,19.3661626,51.7727482
457,19.3661444,51.7704997
458,19.3661262,51.7682513
459,19.3661080,51.7660028
460,19.3660898,51.7637543
461,19.3660716,51.7615059
462,19.3660534,51.7592574
463,19.3660352,51.7570090
464,19.3659080,51.7412697
465,19.3658899,51.7390212
466,19.3658717,51.7367728
467,19.3658536,51.7345243
468,19.3658354,51.7322758
469,19.3658173,51.7300274
470,19.3657991,51.7277789
471,19.3657810,51.7255304
472,19.3657628,51.7232819
473,19.3657447,51.7210335
474,19.3657265,51.7187850
475,19.3657084,51.7165365
476,19.3656903,51.7142880
477,19.3656721,51.7120396
478,19.3656540,51.7097911
479,19.3656359,51.7075426
480,19.3656178,51.7052941
481,19.3655996,51.7030456
482,19.3655815,51.7007971
483,19.3655634,51.6985487
484,19.3698253,51.8368190
485,19.3698069,51.8345705
486,19.3697885,51.8323221
487,19.3697701,51.8300737
488,19.3697516,51.8278252
489,19.3697332,51.8255768
490,19.3697148,51.8233284
491,19.3696964,51.8210799
492,19.3696780,51.8188315
493,19.3696596,51.8165831
494,19.3696412,51.8143346
495,19.3696228,51.8120862
496,19.3696044,51.8098377
497,19.3695860,51.8075893
498,19.3695677,51.8053409
499,19.3695493,51.8030924
500,19.3695309,51.8008440
501,19.3695125,51.7985955
502,19.3694941,51.7963471
503,19.3694758,51.7940986
504,19.3694574,51.7918502
505,19.3694390,51.7896017
506,19.3694206,51.7873533
507,19.3694023,51.7851048
508,19.3693839,51.7828564
509,19.3693656,51.7806079
510,19.3693472,51.7783595
511,19.3693288,51.7761110
512,19.3693105,51.7738626
513,19.3692921,51.7716141
514,19.3692738,51.7693657
515,19.3692554,51.7671172
516,19.3692371,51.7648688
517,19.3692188,51.7626203
518,19.3692004,51.7603718
519,19.3691821,51.7581234
520,19.3691637,51.7558749
521,19.3691271,51.7513780
522,19.3691088,51.7491295
523,19.3690904,51.7468811
524,19.3690721,51.7446326
525,19.3690538,51.7423841
526,19.3690355,51.7401357
527,19.3690171,51.7378872
528,19.3689988,51.7356387
529,19.3689805,51.7333903
530,19.3689622,51.7311418
531,19.3689439,51.7288933
532,19.3689256,51.7266448
533,19.3689073,51.7243964
534,19.3688890,51.7221479
535,19.3688707,51.7198994
536,19.3688524,51.7176510
537,19.3688341,51.7154025
538,19.3688158,51.7131540
539,19.3687975,51.7109055
540,19.3687793,51.7086570
541,19.3687610,51.7064086
542,19.3687427,51.7041601
543,19.3687244,51.7019116
544,19.3687061,51.6996631
545,19.3686879,51.6974146
546,19.3729778,51.8379333
547,19.3729592,51.8356848
548,19.3729406,51.8334364
549,19.3729221,51.8311880
550,19.3729035,51.8289395
551,19.3728849,51.8266911
552,19.3728664,51.8244427
553,19.3728478,51.8221942
554,19.3728293,51.8199458
555,19.3728107,51.8176974
556,19.3727921,51.8154489
557,19.3727736,51.8132005
558,19.3727550,51.8109521
559,19.3727365,51.8087036
560,19.3727180,51.8064552
561,19.3726994,51.8042067
562,19.3726809,51.8019583
563,19.3726623,51.7997098
564,19.3726438,51.7974614
565,19.3726253,51.7952130
566,19.3726067,51.7929645
567,19.3725882,51.7907161
568,19.3725697,51.7884676
569,19.3725512,51.7862192
570,19.3725326,51.7839707
571,19.3725141,51.7817223
572,19.3724956,51.7794738
573,19.3724771,51.7772254
574,19.3724586,51.7749769
575,19.3724401,51.7727285
576,19.3724216,51.7704800
577,19.3724031,51.7682315
578,19.3723846,51.7659831
579,19.3723661,51.7637346
580,19.3723476,51.7614862
581,19.3723291,51.7592377
582,19.3723106,51.7569893
583,19.3722921,51.7547408
584,19.3722736,51.7524923
585,19.3722551,51.7502439
586,19.3722366,51.7479954
587,19.3722182,51.7457469
588,19.3721997,51.7434985
589,19.3721812,51.7412500
590,19.3721627,51.7390015
591,19.3721443,51.7367531
592,19.3721258,51.7345046
593,19.3721073,51.7322561
594,19.3720889,51.7300077
595,19.3720704,51.7277592
596,19.3720519,51.7255107
597,19.3720335,51.7232623
598,19.3720150,51.7210138
599,19.3719966,51.7187653
600,19.3719781,51.7165168
601,19.3719597,51.7142684
602,19.3719412,51.7120199
603,19.3719228,51.7097714
604,19.3719044,51.7075229
605,19.3718859,51.7052744
606,19.3718675,51.7030260
607,19.3718491,51.7007775
608,19.3718306,51.6985290
609,19.3718122,51.6962805
610,19.3761117,51.8367990
611,19.3760930,51.8345506
612,19.3760743,51.8323022
613,19.3760555,51.8300538
614,19.3760368,51.8278053
615,19.3760181,51.8255569
616,19.3759994,51.8233085
617,19.3759806,51.8210600
618,19.3759619,51.8188116
619,19.3759432,51.8165631
620,19.3759245,51.8143147
621,19.3759058,51.8120663
622,19.3758871,51.8098178
623,19.3758684,51.8075694
624,19.3758497,51.8053210
625,19.3758310,51.8030725
626,19.3758123,51.8008241
627,19.3757936,51.7985756
628,19.3757749,51.7963272
629,19.3757562,51.7940787
630,19.3757375,51.7918303
631,19.3757189,51.7895818
632,19.3757002,51.7873334
633,19.3756815,51.7850850
634,19.3756628,51.7828365
635,19.3756442,51.7805881
636,19.3756255,51.7783396
637,19.3756068,51.7760912
638,19.3755882,51.7738427
639,19.3755695,51.7715942
640,19.3755508,51.7693458
641,19.3755322,51.7670973
642,19.3755135,51.7648489
643,19.3754949,51.7626004
644,19.3754762,51.7603520
645,19.3754576,51.7581035
646,19.3754389,51.7558550
647,19.3754203,51.7536066
648,19.3754016,51.7513581
649,19.3753830,51.7491097
650,19.3753644,51.7468612
651,19.3753457,51.7446127
652,19.3753271,51.7423643
653,19.3753085,51.7401158
654,19.3752898,51.7378673
655,19.3752712,51.7356189
656,19.3752526,51.7333704
657,19.3752340,51.7311219
658,19.3752153,51.7288735
659,19.3751967,51.7266250
660,19.3751781,51.7243765
661,19.3751595,51.7221281
662,19.3751409,51.7198796
663,19.3751223,51.7176311
664,19.3751037,51.7153826
665,19.3750851,51.7131342
666,19.3750665,51.7108857
667,19.3750479,51.7086372
668,19.3750293,51.7063887
669,19.3750107,51.7041402
670,19.3749921,51.7018918
671,19.3749735,51.6996433
672,19.3749550,51.6973948
673,19.3792644,51.8379132
674,19.3792455,51.8356647
675,19.3792266,51.8334163
676,19.3792077,51.8311679
677,19.3791888,51.8289194
678,19.3791699,51.8266710
679,19.3791511,51.8244226
680,19.3791322,51.8221742
681,19.3791133,51.8199257
682,19.3790945,51.8176773
683,19.3790756,51.8154288
684,19.3790567,51.8131804
685,19.3790379,51.8109320
686,19.3790190,51.8086835
687,19.3790001,51.8064351
688,19.3789813,51.8041867
689,19.3789624,51.8019382
690,19.3789436,51.7996898
691,19.3789247,51.7974413
692,19.3789059,51.7951929
693,19.3788870,51.7929444
694,19.3788682,51.7906960
695,19.3788494,51.7884476
696,19.3788305,51.7861991
697,19.3788117,51.7839507
698,19.3787929,51.7817022
699,19.3787740,51.7794538
700,19.3787552,51.7772053
701,19.3787364,51.7749569
702,19.3787176,51.7727084
703,19.3786988,51.7704600
704,19.3786799,51.7682115
705,19.3786611,51.7659630
706,19.3786423,51.7637146
707,19.3786235,51.7614661
708,19.3786047,51.7592177
709,19.3785859,51.7569692
710,19.3785671,51.7547208
711,19.3785483,51.7524723
712,19.3785295,51.7502238
713,19.3785107,51.7479754
714,19.3784919,51.7457269
715,19.3784731,51.7434784
716,19.3784543,51.7412300
717,19.3784356,51.7389815
718,19.3784168,51.7367331
719,19.3783980,51.7344846
720,19.3783792,51.7322361
721,19.3783604,51.7299876
722,19.3783417,51.7277392
723,19.3783229,51.7254907
724,19.3783041,51.7232422
725,19.3782854,51.7209938
726,19.3782666,51.7187453
727,19.3782479,51.7164968
728,19.3782291,51.7142483
729,19.3782103,51.7119999
730,19.3781916,51.7097514
731,19.3781728,51.7075029
732,19.3781541,51.7052544
733,19.3781353,51.7030060
734,19.3781166,51.7007575
735,19.3780979,51.6985090
736,19.3780791,51.6962605
737,19.3823981,51.8367788
738,19.3823791,51.8345303
739,19.3823600,51.8322819
740,19.3823410,51.8300335
741,19.3823220,51.8277851
742,19.3823029,51.8255366
743,19.3822839,51.8232882
744,19.3822649,51.8210398
745,19.3822458,51.8187913
746,19.3822268,51.8165429
747,19.3822078,51.8142945
748,19.3821888,51.8120460
749,19.3821698,51.8097976
750,19.3821507,51.8075491
751,19.3821317,51.8053007
752,19.3821127,51.8030523
753,19.3820937,51.8008038
754,19.3820747,51.7985554
755,19.3820557,51.7963069
756,19.3820367,51.7940585
757,19.3820177,51.7918101
758,19.3819987,51.7895616
759,19.3819797,51.7873132
760,19.3819607,51.7850647
761,19.3819417,51.7828163
762,19.3819228,51.7805678
763,19.3819038,51.7783194
764,19.3818848,51.7760709
765,19.3818658,51.7738225
766,19.3818468,51.7715740
767,19.3818279,51.7693256
768,19.3818089,51.7670771
769,19.3817899,51.7648287
770,19.3817710,51.7625802
771,19.3817520,51.7603318
772,19.3817330,51.7580833
773,19.3817141,51.7558348
774,19.3816951,51.7535864
775,19.3816762,51.7513379
776,19.3816572,51.7490895
777,19.3816383,51.7468410
778,19.3816193,51.7445925
779,19.3816004,51.7423441
780,19.3815814,51.7400956
781,19.3815625,51.7378471
782,19.3815436,51.7355987
783,19.3815246,51.7333502
784,19.3815057,51.7311017
785,19.3814868,51.7288533
786,19.3814678,51.7266048
787,19.3814489,51.7243563
788,19.3814300,51.7221079
789,19.3814111,51.7198594
790,19.3813922,51.7176109
791,19.3813733,51.7153624
792,19.3813543,51.7131140
793,19.3813354,51.7108655
794,19.3813165,51.7086170
795,19.3812976,51.7063685
796,19.3812787,51.7041201
797,19.3812598,51.7018716
798,19.3812409,51.6996231
799,19.3812220,51.6973746
800,19.3812031,51.6951261
801,19.3855317,51.8356443
802,19.3855125,51.8333959
803,19.3854933,51.8311474
804,19.3854358,51.8244022
805,19.3854166,51.8221537
806,19.3853974,51.8199053
807,19.3853782,51.8176569
808,19.3853590,51.8154084
809,19.3853398,51.8131600
810,19.3853207,51.8109116
811,19.3853015,51.8086631
812,19.3852823,51.8064147
813,19.3852632,51.8041662
814,19.3852440,51.8019178
815,19.3852248,51.7996694
816,19.3852057,51.7974209
817,19.3851865,51.7951725
818,19.3851674,51.7929240
819,19.3851482,51.7906756
820,19.3851291,51.7884272
821,19.3851099,51.7861787
822,19.3850908,51.7839303
823,19.3850716,51.7816818
824,19.3850525,51.7794334
825,19.3850333,51.7771849
826,19.3850142,51.7749365
827,19.3849951,51.7726880
828,19.3849759,51.7704396
829,19.3849568,51.7681911
830,19.3849377,51.7659427
831,19.3849186,51.7636942
832,19.3848994,51.7614457
833,19.3848803,51.7591973
834,19.3848612,51.7569488
835,19.3848421,51.7547004
836,19.3848230,51.7524519
837,19.3848039,51.7502035
838,19.3847848,51.7479550
839,19.3847657,51.7457065
840,19.3847466,51.7434581
841,19.3847275,51.7412096
842,19.3847084,51.7389612
843,19.3846893,51.7367127
844,19.3846702,51.7344642
845,19.3846511,51.7322158
846,19.3846320,51.7299673
847,19.3846129,51.7277188
848,19.3845939,51.7254704
849,19.3845748,51.7232219
850,19.3845557,51.7209734
851,19.3845366,51.7187249
852,19.3845176,51.7164765
853,19.3844985,51.7142280
854,19.3844794,51.7119795
855,19.3844604,51.7097310
856,19.3844413,51.7074826
857,19.3844223,51.7052341
858,19.3844032,51.7029856
859,19.3843841,51.7007371
860,19.3843651,51.6984887
861,19.3843460,51.6962402
862,19.3885878,51.8255160
863,19.3885684,51.8232676
864,19.3885491,51.8210192
865,19.3885297,51.8187707
866,19.3885104,51.8165223
867,19.3884911,51.8142739
868,19.3884717,51.8120254
869,19.3884524,51.8097770
870,19.3884331,51.8075286
871,19.3884138,51.8052801
872,19.3883944,51.8030317
873,19.3883751,51.8007833
874,19.3883558,51.7985348
875,19.3883365,51.7962864
876,19.3883172,51.7940379
877,19.3882979,51.7917895
878,19.3882785,51.7895410
879,19.3882592,51.7872926
880,19.3882399,51.7850442
881,19.3882206,51.7827957
882,19.3882013,51.7805473
883,19.3881820,51.7782988
884,19.3881628,51.7760504
885,19.3881435,51.7738019
886,19.3881242,51.7715535
887,19.3881049,51.7693050
888,19.3880856,51.7670566
889,19.3880663,51.7648081
890,19.3880471,51.7625597
891,19.3880278,51.7603112
892,19.3880085,51.7580627
893,19.3879892,51.7558143
894,19.3879700,51.7535658
895,19.3879507,51.7513174
896,19.3879314,51.7490689
897,19.3879122,51.7468205
898,19.3878929,51.7445720
899,19.3878737,51.7423235
900,19.3878544,51.7400751
901,19.3878352,51.7378266
902,19.3878159,51.7355781
903,19.3877967,51.7333297
904,19.3877774,51.7310812
905,19.3877582,51.7288328
906,19.3877390,51.7265843
907,19.3877197,51.7243358
908,19.3877005,51.7220873
909,19.3876813,51.7198389
910,19.3876620,51.7175904
911,19.3876428,51.7153419
912,19.3876236,51.7130935
913,19.3876044,51.7108450
914,19.3875852,51.7085965
915,19.3875659,51.7063480
916,19.3875467,51.7040996
917,19.3875275,51.7018511
918,19.3875083,51.6996026
919,19.3874891,51.6973541
920,19.3874699,51.6951056
921,19.3917399,51.8266298
922,19.3917204,51.8243814
923,19.3917009,51.8221330
924,19.3916814,51.8198845
925,19.3916619,51.8176361
926,19.3916424,51.8153877
927,19.3916230,51.8131392
928,19.3916035,51.8108908
929,19.3915840,51.8086424
930,19.3915645,51.8063939
931,19.3915450,51.8041455
932,19.3915255,51.8018971
933,19.3915061,51.7996486
934,19.3914866,51.7974002
935,19.3914671,51.7951517
936,19.3914477,51.7929033
937,19.3914282,51.7906549
938,19.3914087,51.7884064
939,19.3913893,51.7861580
940,19.3913698,51.7839095
941,19.3913504,51.7816611
942,19.3913309,51.7794126
943,19.3913115,51.7771642
944,19.3912920,51.7749157
945,19.3912726,51.7726673
946,19.3912531,51.7704188
947,19.3912337,51.7681704
948,19.3912142,51.7659219
949,19.3911948,51.7636735
950,19.3911754,51.7614250
951,19.3911560,51.7591766
952,19.3911365,51.7569281
953,19.3911171,51.7546797
954,19.3910977,51.7524312
955,19.3910783,51.7501828
956,19.3910588,51.7479343
957,19.3910394,51.7456858
958,19.3910200,51.7434374
959,19.3910006,51.7411889
960,19.3909812,51.7389405
961,19.3909618,51.7366920
962,19.3909424,51.7344435
963,19.3909230,51.7321951
964,19.3909036,51.7299466
965,19.3908842,51.7276981
966,19.3908648,51.7254497
967,19.3908454,51.7232012
968,19.3908260,51.7209527
969,19.3908067,51.7187043
970,19.3907873,51.7164558
971,19.3907679,51.7142073
972,19.3907485,51.7119588
973,19.3907291,51.7097104
974,19.3907098,51.7074619
975,19.3906904,51.7052134
976,19.3906710,51.7029649
977,19.3906517,51.7007165
978,19.3906323,51.6984680
979,19.3906130,51.6962195
980,19.3905936,51.6939710
981,19.3948726,51.8254951
982,19.3948529,51.8232467
983,19.3948333,51.8209982
984,19.3948136,51.8187498
985,19.3947940,51.8165014
986,19.3947743,51.8142529
987,19.3947547,51.8120045
988,19.3947350,51.8097561
989,19.3947154,51.8075076
990,19.3946958,51.8052592
991,19.3946761,51.8030108
992,19.3946565,51.8007623
993,19.3946369,51.7985139
994,19.3946172,51.7962655
995,19.3945976,51.7940170
996,19.3945780,51.7917686
997,19.3945584,51.7895201
998,19.3945388,51.7872717
999,19.3945191,51.7850233
1000,19.3944995,51.7827748
1001,19.3944799,51.7805264
1002,19.3944603,51.7782779
1003,19.3944407,51.7760295
1004,19.3944211,51.7737810
1005,19.3944015,51.7715326
1006,19.3943819,51.7692841
1007,19.3943623,51.7670357
1008,19.3943427,51.7647872
1009,19.3943231,51.7625388
1010,19.3943036,51.7602903
1011,19.3942840,51.7580419
1012,19.3942644,51.7557934
1013,19.3942448,51.7535450
1014,19.3942252,51.7512965
1015,19.3942057,51.7490480
1016,19.3941861,51.7467996
1017,19.3941665,51.7445511
1018,19.3941470,51.7423027
1019,19.3941274,51.7400542
1020,19.3941078,51.7378057
1021,19.3940883,51.7355573
1022,19.3940687,51.7333088
1023,19.3940492,51.7310604
1024,19.3940296,51.7288119
1025,19.3940101,51.7265634
1026,19.3939905,51.7243150
1027,19.3939710,51.7220665
1028,19.3939514,51.7198180
1029,19.3939319,51.7175696
1030,19.3939124,51.7153211
1031,19.3938928,51.7130726
1032,19.3938733,51.7108241
1033,19.3938538,51.7085757
1034,19.3938342,51.7063272
1035,19.3938147,51.7040787
1036,19.3937952,51.7018302
1037,19.3937757,51.6995818
1038,19.3937562,51.6973333
1039,19.3937367,51.6950848
1040,19.3980447,51.8288571
1041,19.3980249,51.8266087
1042,19.3980051,51.8243603
1043,19.3979853,51.8221119
1044,19.3979655,51.8198634
1045,19.3979457,51.8176150
1046,19.3979259,51.8153666
1047,19.3979061,51.8131181
1048,19.3978863,51.8108697
1049,19.3978665,51.8086213
1050,19.3978467,51.8063728
1051,19.3978269,51.8041244
1052,19.3978071,51.8018760
1053,19.3977873,51.7996275
1054,19.3977675,51.7973791
1055,19.3977477,51.7951307
1056,19.3977280,51.7928822
1057,19.3977082,51.7906338
1058,19.3976884,51.7883853
1059,19.3976686,51.7861369
1060,19.3976489,51.7838885
1061,19.3976291,51.7816400
1062,19.3976093,51.7793916
1063,19.3975896,51.7771431
1064,19.3975698,51.7748947
1065,19.3975501,51.7726462
1066,19.3975303,51.7703978
1067,19.3975105,51.7681493
1068,19.3974908,51.7659009
1069,19.3974711,51.7636524
1070,19.3974513,51.7614040
1071,19.3974316,51.7591555
1072,19.3974118,51.7569071
1073,19.3973921,51.7546586
1074,19.3973724,51.7524102
1075,19.3973526,51.7501617
1076,19.3973329,51.7479133
1077,19.3973132,51.7456648
1078,19.3972935,51.7434163
1079,19.3972737,51.7411679
1080,19.3972540,51.7389194
1081,19.3972343,51.7366710
1082,19.3972146,51.7344225
1083,19.3971949,51.7321740
1084,19.3971752,51.7299256
1085,19.3971555,51.7276771
1086,19.3971358,51.7254286
1087,19.3971161,51.7231802
1088,19.3970964,51.7209317
1089,19.3970767,51.7186832
1090,19.3970570,51.7164348
1091,19.3970373,51.7141863
1092,19.3970176,51.7119378
1093,19.3969979,51.7096894
1094,19.3969782,51.7074409
1095,19.3969586,51.7051924
1096,19.3969389,51.7029439
1097,19.3969192,51.7006955
1098,19.3968995,51.6984470
1099,19.3968799,51.6961985
1100,19.3968602,51.6939500
1101,19.4011974,51.8299707
1102,19.4011774,51.8277223
1103,19.4011574,51.8254738
1104,19.4011375,51.8232254
1105,19.4011175,51.8209770
1106,19.4010975,51.8187286
1107,19.4010776,51.8164801
1108,19.4010576,51.8142317
1109,19.4010376,51.8119833
1110,19.4010177,51.8097348
1111,19.4009977,51.8074864
1112,19.4009778,51.8052380
1113,19.4009578,51.8029895
1114,19.4009379,51.8007411
1115,19.4009179,51.7984927
1116,19.4008980,51.7962442
1117,19.4008781,51.7939958
1118,19.4008581,51.7917473
1119,19.4008382,51.7894989
1120,19.4008183,51.7872505
1121,19.4007983,51.7850020
1122,19.4007784,51.7827536
1123,19.4007585,51.7805051
1124,19.4007386,51.7782567
1125,19.4007187,51.7760082
1126,19.4006987,51.7737598
1127,19.4006788,51.7715114
1128,19.4006589,51.7692629
1129,19.4006390,51.7670145
1130,19.4006191,51.7647660
1131,19.4005992,51.7625176
1132,19.4005793,51.7602691
1133,19.4005594,51.7580207
1134,19.4005395,51.7557722
1135,19.4005196,51.7535237
1136,19.4004998,51.7512753
1137,19.4004799,51.7490268
1138,19.4004600,51.7467784
1139,19.4004401,51.7445299
1140,19.4004202,51.7422815
1141,19.4004004,51.7400330
1142,19.4003805,51.7377845
1143,19.4003606,51.7355361
1144,19.4003407,51.7332876
1145,19.4003209,51.7310392
1146,19.4003010,51.7287907
1147,19.4002812,51.7265422
1148,19.4002613,51.7242938
1149,19.4002414,51.7220453
1150,19.4002216,51.7197968
1151,19.4002017,51.7175484
1152,19.4001819,51.7152999
1153,19.4001621,51.7130514
1154,19.4001422,51.7108030
1155,19.4001224,51.7085545
1156,19.4001025,51.7063060
1157,19.4000827,51.7040575
1158,19.4000629,51.7018091
1159,19.4000430,51.6995606
1160,19.4000232,51.6973121
1161,19.4000034,51.6950636
1162,19.3999836,51.6928152
1163,19.4043300,51.8288357
1164,19.4043099,51.8265873
1165,19.4042898,51.8243389
1166,19.4042696,51.8220904
1167,19.4042495,51.8198420
1168,19.4042294,51.8175936
1169,19.4042093,51.8153451
1170,19.4041892,51.8130967
1171,19.4041690,51.8108483
1172,19.4041489,51.8085999
1173,19.4041288,51.8063514
1174,19.4041087,51.8041030
1175,19.4040886,51.8018546
1176,19.4040685,51.7996061
1177,19.4040484,51.7973577
1178,19.4040283,51.7951093
1179,19.4040082,51.7928608
1180,19.4039882,51.7906124
1181,19.4039681,51.7883639
1182,19.4039480,51.7861155
1183,19.4039279,51.7838671
1184,19.4039078,51.7816186
1185,19.4038877,51.7793702
1186,19.4038677,51.7771217
1187,19.4038476,51.7748733
1188,19.4038275,51.7726248
1189,19.4038075,51.7703764
1190,19.4037874,51.7681279
1191,19.4037673,51.7658795
1192,19.4037473,51.7636310
1193,19.4037272,51.7613826
1194,19.4037072,51.7591341
1195,19.4036871,51.7568857
1196,19.4036671,51.7546372
1197,19.4036470,51.7523888
1198,19.4036270,51.7501403
1199,19.4036069,51.7478919
1200,19.4035869,51.7456434
1201,19.4035669,51.7433950
1202,19.4035468,51.7411465
1203,19.4035268,51.7388980
1204,19.4035068,51.7366496
1205,19.4034868,51.7344011
1206,19.4034667,51.7321527
1207,19.4034467,51.7299042
1208,19.4034267,51.7276557
1209,19.4034067,51.7254073
1210,19.4033867,51.7231588
1211,19.4033667,51.7209103
1212,19.4033467,51.7186619
1213,19.4033267,51.7164134
1214,19.4033067,51.7141649
1215,19.4032867,51.7119165
1216,19.4032667,51.7096680
1217,19.4032467,51.7074195
1218,19.4032267,51.7051711
1219,19.4032067,51.7029226
1220,19.4031867,51.7006741
1221,19.4031667,51.6984256
1222,19.4031468,51.6961772
1223,19.4074625,51.8277007
1224,19.4074422,51.8254522
1225,19.4074220,51.8232038
1226,19.4074017,51.8209554
1227,19.4073814,51.8187070
1228,19.4073611,51.8164585
1229,19.4073408,51.8142101
1230,19.4073206,51.8119617
1231,19.4073003,51.8097132
1232,19.4072800,51.8074648
1233,19.4072598,51.8052164
1234,19.4072395,51.8029679
1235,19.4072193,51.8007195
1236,19.4071990,51.7984711
1237,19.4071788,51.7962226
1238,19.4071585,51.7939742
1239,19.4071383,51.7917258
1240,19.4071180,51.7894773
1241,19.4070978,51.7872289
1242,19.4070775,51.7849804
1243,19.4070573,51.7827320
1244,19.4070371,51.7804836
1245,19.4070168,51.7782351
1246,19.4069966,51.7759867
1247,19.4069764,51.7737382
1248,19.4069562,51.7714898
1249,19.4069359,51.7692413
1250,19.4069157,51.7669929
1251,19.4068955,51.7647444
1252,19.4068753,51.7624960
1253,19.4068551,51.7602476
1254,19.4068349,51.7579991
1255,19.4068147,51.7557506
1256,19.4067945,51.7535022
1257,19.4067743,51.7512537
1258,19.4067541,51.7490053
1259,19.4067339,51.7467568
1260,19.4067137,51.7445084
1261,19.4066935,51.7422599
1262,19.4066733,51.7400115
1263,19.4066531,51.7377630
1264,19.4066329,51.7355145
1265,19.4066128,51.7332661
1266,19.4065926,51.7310176
1267,19.4065724,51.7287692
1268,19.4065522,51.7265207
1269,19.4065321,51.7242722
1270,19.4065119,51.7220238
1271,19.4064918,51.7197753
1272,19.4064716,51.7175268
1273,19.4064514,51.7152784
1274,19.4064313,51.7130299
1275,19.4064111,51.7107814
1276,19.4063910,51.7085330
1277,19.4063708,51.7062845
1278,19.4063507,51.7040360
1279,19.4063305,51.7017876
1280,19.4063104,51.6995391
1281,19.4062903,51.6972906
1282,19.4062701,51.6950421
1283,19.4106153,51.8288139
1284,19.4105949,51.8265655
1285,19.4105744,51.8243171
1286,19.4105540,51.8220687
1287,19.4105335,51.8198202
1288,19.4105131,51.8175718
1289,19.4104927,51.8153234
1290,19.4104723,51.8130750
1291,19.4104518,51.8108265
1292,19.4104314,51.8085781
1293,19.4104110,51.8063297
1294,19.4103906,51.8040812
1295,19.4103702,51.8018328
1296,19.4103497,51.7995844
1297,19.4103293,51.7973359
1298,19.4103089,51.7950875
1299,19.4102885,51.7928391
1300,19.4102681,51.7905906
1301,19.4102477,51.7883422
1302,19.4102273,51.7860938
1303,19.4102069,51.7838453
1304,19.4101865,51.7815969
1305,19.4101661,51.7793484
1306,19.4101458,51.7771000
1307,19.4101254,51.7748515
1308,19.4101050,51.7726031
1309,19.4100846,51.7703547
1310,19.4100642,51.7681062
1311,19.4100439,51.7658578
1312,19.4100235,51.7636093
1313,19.4100031,51.7613609
1314,19.4099828,51.7591124
1315,19.4099624,51.7568640
1316,19.4099421,51.7546155
1317,19.4099217,51.7523671
1318,19.4099013,51.7501186
1319,19.4098810,51.7478702
1320,19.4098606,51.7456217
1321,19.4098403,51.7433733
1322,19.4098200,51.7411248
1323,19.4097996,51.7388763
1324,19.4097793,51.7366279
1325,19.4097589,51.7343794
1326,19.4097386,51.7321310
1327,19.4097183,51.7298825
1328,19.4096979,51.7276340
1329,19.4096776,51.7253856
1330,19.4096573,51.7231371
1331,19.4096370,51.7208887
1332,19.4096167,51.7186402
1333,19.4095964,51.7163917
1334,19.4095760,51.7141433
1335,19.4095557,51.7118948
1336,19.4095354,51.7096463
1337,19.4095151,51.7073979
1338,19.4094948,51.7051494
1339,19.4094745,51.7029009
1340,19.4094542,51.7006524
1341,19.4094339,51.6984040
1342,19.4094136,51.6961555
1343,19.4137476,51.8276787
1344,19.4137270,51.8254303
1345,19.4137064,51.8231819
1346,19.4136859,51.8209334
1347,19.4136653,51.8186850
1348,19.4136447,51.8164366
1349,19.4136241,51.8141882
1350,19.4136035,51.8119397
1351,19.4135829,51.8096913
1352,19.4135623,51.8074429
1353,19.4135418,51.8051944
1354,19.4135212,51.8029460
1355,19.4135006,51.8006976
1356,19.4134801,51.7984492
1357,19.4134595,51.7962007
1358,19.4134389,51.7939523
1359,19.4134184,51.7917038
1360,19.4133978,51.7894554
1361,19.4133773,51.7872070
1362,19.4133567,51.7849585
1363,19.4133362,51.7827101
1364,19.4133156,51.7804617
1365,19.4132951,51.7782132
1366,19.4132745,51.7759648
1367,19.4132540,51.7737163
1368,19.4132335,51.7714679
1369,19.4132129,51.7692194
1370,19.4131924,51.7669710
1371,19.4131719,51.7647226
1372,19.4131514,51.7624741
1373,19.4131308,51.7602257
1374,19.4131103,51.7579772
1375,19.4130898,51.7557288
1376,19.4130693,51.7534803
1377,19.4130488,51.7512319
1378,19.4130283,51.7489834
1379,19.4130078,51.7467350
1380,19.4129873,51.7444865
1381,19.4129668,51.7422380
1382,19.4129463,51.7399896
1383,19.4129258,51.7377411
1384,19.4129053,51.7354927
1385,19.4128848,51.7332442
1386,19.4128643,51.7309958
1387,19.4128438,51.7287473
1388,19.4128233,51.7264988
1389,19.4128028,51.7242504
1390,19.4127824,51.7220019
1391,19.4127619,51.7197535
1392,19.4127414,51.7175050
1393,19.4127210,51.7152565
1394,19.4127005,51.7130081
1395,19.4126800,51.7107596
1396,19.4126596,51.7085111
1397,19.4126391,51.7062627
1398,19.4126187,51.7040142
1399,19.4125982,51.7017657
1400,19.4125778,51.6995172
1401,19.4125573,51.6972688
1402,19.4125369,51.6950203
1403,19.4169006,51.8287918
1404,19.4168798,51.8265434
1405,19.4168591,51.8242950
1406,19.4168383,51.8220466
1407,19.4168176,51.8197981
1408,19.4167968,51.8175497
1409,19.4167761,51.8153013
1410,19.4167553,51.8130529
1411,19.4167346,51.8108044
1412,19.4167139,51.8085560
1413,19.4166931,51.8063076
1414,19.4166724,51.8040591
1415,19.4166517,51.8018107
1416,19.4166309,51.7995623
1417,19.4166102,51.7973139
1418,19.4165895,51.7950654
1419,19.4165688,51.7928170
1420,19.4165481,51.7905686
1421,19.4165274,51.7883201
1422,19.4165067,51.7860717
1423,19.4164859,51.7838232
1424,19.4164652,51.7815748
1425,19.4164445,51.7793264
1426,19.4164238,51.7770779
1427,19.4164032,51.7748295
1428,19.4163825,51.7725810
1429,19.4163618,51.7703326
1430,19.4163411,51.7680842
1431,19.4163204,51.7658357
1432,19.4162997,51.7635873
1433,19.4162790,51.7613388
1434,19.4162584,51.7590904
1435,19.4162377,51.7568419
1436,19.4162170,51.7545935
1437,19.4161964,51.7523450
1438,19.4161757,51.7500966
1439,19.4161550,51.7478481
1440,19.4161344,51.7455997
1441,19.4161137,51.7433512
1442,19.4160931,51.7411028
1443,19.4160724,51.7388543
1444,19.4160518,51.7366058
1445,19.4160311,51.7343574
1446,19.4160105,51.7321089
1447,19.4159898,51.7298605
1448,19.4159692,51.7276120
1449,19.4159485,51.7253636
1450,19.4159279,51.7231151
1451,19.4159073,51.7208666
1452,19.4158867,51.7186182
1453,19.4158660,51.7163697
1454,19.4158454,51.7141212
1455,19.4158248,51.7118728
1456,19.4158042,51.7096243
1457,19.4157836,51.7073758
1458,19.4157629,51.7051274
1459,19.4157423,51.7028789
1460,19.4157217,51.7006304
1461,19.4157011,51.6983820
1462,19.4156805,51.6961335
1463,19.4156599,51.6938850
1464,19.4200537,51.8299049
1465,19.4200328,51.8276564
1466,19.4200118,51.8254080
1467,19.4199909,51.8231596
1468,19.4199700,51.8209112
1469,19.4199491,51.8186627
1470,19.4199282,51.8164143
1471,19.4199073,51.8141659
1472,19.4198864,51.8119175
1473,19.4198655,51.8096690
1474,19.4198446,51.8074206
1475,19.4198238,51.8051722
1476,19.4198029,51.8029238
1477,19.4197820,51.8006753
1478,19.4197611,51.7984269
1479,19.4197402,51.7961785
1480,19.4197194,51.7939300
1481,19.4196985,51.7916816
1482,19.4196776,51.7894332
1483,19.4196568,51.7871847
1484,19.4196359,51.7849363
1485,19.4196150,51.7826879
1486,19.4195942,51.7804394
1487,19.4195733,51.7781910
1488,19.4195525,51.7759425
1489,19.4195316,51.7736941
1490,19.4195108,51.7714457
1491,19.4194899,51.7691972
1492,19.4194691,51.7669488
1493,19.4194482,51.7647003
1494,19.4194274,51.7624519
1495,19.4194066,51.7602034
1496,19.4193857,51.7579550
1497,19.4193649,51.7557065
1498,19.4193441,51.7534581
1499,19.4193233,51.7512096
1500,19.4193024,51.7489612
1501,19.4192816,51.7467127
1502,19.4192608,51.7444643
1503,19.4192400,51.7422158
1504,19.4192192,51.7399674
1505,19.4191984,51.7377189
1506,19.4191776,51.7354705
1507,19.4191568,51.7332220
1508,19.4191360,51.7309736
1509,19.4191152,51.7287251
1510,19.4190944,51.7264766
1511,19.4190736,51.7242282
1512,19.4190528,51.7219797
1513,19.4190320,51.7197313
1514,19.4190113,51.7174828
1515,19.4189905,51.7152343
1516,19.4189697,51.7129859
1517,19.4189489,51.7107374
1518,19.4189282,51.7084889
1519,19.4189074,51.7062405
1520,19.4188866,51.7039920
1521,19.4188659,51.7017435
1522,19.4188451,51.6994951
1523,19.4188243,51.6972466
1524,19.4188036,51.6949981
1525,19.4187828,51.6927497
1526,19.4187621,51.6905012
1527,19.4187413,51.6882527
1528,19.4232069,51.8310178
1529,19.4231858,51.8287694
1530,19.4231648,51.8265210
1531,19.4231437,51.8242725
1532,19.4231226,51.8220241
1533,19.4231016,51.8197757
1534,19.4230805,51.8175273
1535,19.4230595,51.8152789
1536,19.4230384,51.8130304
1537,19.4230174,51.8107820
1538,19.4229963,51.8085336
1539,19.4229753,51.8062851
1540,19.4229542,51.8040367
1541,19.4229332,51.8017883
1542,19.4229121,51.7995399
1543,19.4228911,51.7972914
1544,19.4228701,51.7950430
1545,19.4228491,51.7927946
1546,19.4228280,51.7905461
1547,19.4228070,51.7882977
1548,19.4227860,51.7860493
1549,19.4227650,51.7838008
1550,19.4227439,51.7815524
1551,19.4227229,51.7793040
1552,19.4227019,51.7770555
1553,19.4226809,51.7748071
1554,19.4226599,51.7725586
1555,19.4226389,51.7703102
1556,19.4226179,51.7680618
1557,19.4225969,51.7658133
1558,19.4225759,51.7635649
1559,19.4225549,51.7613164
1560,19.4225339,51.7590680
1561,19.4225130,51.7568195
1562,19.4224920,51.7545711
1563,19.4224710,51.7523226
1564,19.4224500,51.7500742
1565,19.4224290,51.7478257
1566,19.4224081,51.7455773
1567,19.4223871,51.7433288
1568,19.4223661,51.7410804
1569,19.4223452,51.7388319
1570,19.4223242,51.7365835
1571,19.4223033,51.7343350
1572,19.4222823,51.7320866
1573,19.4222614,51.7298381
1574,19.4222404,51.7275897
1575,19.4222195,51.7253412
1576,19.4221985,51.7230927
1577,19.4221776,51.7208443
1578,19.4221566,51.7185958
1579,19.4221357,51.7163474
1580,19.4221148,51.7140989
1581,19.4220938,51.7118504
1582,19.4220729,51.7096020
1583,19.4220520,51.7073535
1584,19.4220311,51.7051050
1585,19.4220101,51.7028566
1586,19.4219892,51.7006081
1587,19.4219683,51.6983596
1588,19.4219474,51.6961112
1589,19.4219265,51.6938627
1590,19.4219056,51.6916142
1591,19.4218847,51.6893657
1592,19.4218638,51.6871173
1593,19.4263603,51.8321307
1594,19.4263391,51.8298822
1595,19.4263179,51.8276338
1596,19.4262966,51.8253854
1597,19.4262754,51.8231370
1598,19.4262542,51.8208886
1599,19.4262330,51.8186401
1600,19.4262118,51.8163917
1601,19.4261905,51.8141433
1602,19.4261693,51.8118949
1603,19.4261481,51.8096464
1604,19.4261269,51.8073980
1605,19.4261057,51.8051496
1606,19.4260845,51.8029012
1607,19.4260633,51.8006527
1608,19.4260421,51.7984043
1609,19.4260210,51.7961559
1610,19.4259998,51.7939074
1611,19.4259786,51.7916590
1612,19.4259574,51.7894106
1613,19.4259362,51.7871622
1614,19.4259151,51.7849137
1615,19.4258939,51.7826653
1616,19.4258727,51.7804168
1617,19.4258515,51.7781684
1618,19.4258304,51.7759200
1619,19.4258092,51.7736715
1620,19.4257881,51.7714231
1621,19.4257669,51.7691747
1622,19.4257457,51.7669262
1623,19.4257246,51.7646778
1624,19.4257035,51.7624293
1625,19.4256823,51.7601809
1626,19.4256612,51.7579324
1627,19.4256400,51.7556840
1628,19.4256189,51.7534355
1629,19.4255978,51.7511871
1630,19.4255766,51.7489386
1631,19.4255555,51.7466902
1632,19.4255344,51.7444417
1633,19.4255132,51.7421933
1634,19.4254921,51.7399448
1635,19.4254710,51.7376964
1636,19.4254499,51.7354479
1637,19.4254288,51.7331995
1638,19.4254077,51.7309510
1639,19.4253866,51.7287026
1640,19.4253655,51.7264541
1641,19.4253444,51.7242057
1642,19.4253233,51.7219572
1643,19.4253022,51.7197087
1644,19.4252811,51.7174603
1645,19.4252600,51.7152118
1646,19.4252389,51.7129634
1647,19.4252178,51.7107149
1648,19.4251967,51.7084664
1649,19.4251757,51.7062180
1650,19.4251546,51.7039695
1651,19.4251335,51.7017210
1652,19.4251124,51.6994726
1653,19.4250914,51.6972241
1654,19.4250703,51.6949756
1655,19.4250492,51.6927272
1656,19.4250282,51.6904787
1657,19.4250071,51.6882302
1658,19.4249861,51.6859817
1659,19.4294925,51.8309950
1660,19.4294711,51.8287466
1661,19.4294497,51.8264982
1662,19.4294283,51.8242498
1663,19.4294070,51.8220013
1664,19.4293856,51.8197529
1665,19.4293642,51.8175045
1666,19.4293428,51.8152561
1667,19.4293215,51.8130077
1668,19.4293001,51.8107592
1669,19.4292788,51.8085108
1670,19.4292574,51.8062624
1671,19.4292360,51.8040140
1672,19.4292147,51.8017655
1673,19.4291933,51.7995171
1674,19.4291720,51.7972687
1675,19.4291506,51.7950202
1676,19.4291293,51.7927718
1677,19.4291080,51.7905234
1678,19.4290866,51.7882750
1679,19.4290653,51.7860265
1680,19.4290440,51.7837781
1681,19.4290226,51.7815297
1682,19.4290013,51.7792812
1683,19.4289800,51.7770328
1684,19.4289587,51.7747843
1685,19.4289374,51.7725359
1686,19.4289160,51.7702875
1687,19.4288947,51.7680390
1688,19.4288734,51.7657906
1689,19.4288521,51.7635421
1690,19.4288308,51.7612937
1691,19.4288095,51.7590453
1692,19.4287882,51.7567968
1693,19.4287669,51.7545484
1694,19.4287456,51.7522999
1695,19.4287244,51.7500515
1696,19.4287031,51.7478030
1697,19.4286818,51.7455546
1698,19.4286605,51.7433061
1699,19.4286392,51.7410577
1700,19.4286180,51.7388092
1701,19.4285967,51.7365608
1702,19.4285754,51.7343123
1703,19.4285541,51.7320639
1704,19.4285329,51.7298154
1705,19.4285116,51.7275670
1706,19.4284904,51.7253185
1707,19.4284691,51.7230700
1708,19.4284479,51.7208216
1709,19.4284266,51.7185731
1710,19.4284054,51.7163247
1711,19.4283841,51.7140762
1712,19.4283629,51.7118277
1713,19.4283416,51.7095793
1714,19.4283204,51.7073308
1715,19.4282992,51.7050823
1716,19.4282779,51.7028339
1717,19.4282567,51.7005854
1718,19.4282355,51.6983369
1719,19.4282143,51.6960885
1720,19.4281930,51.6938400
1721,19.4281718,51.6915915
1722,19.4281506,51.6893431
1723,19.4281294,51.6870946
1724,19.4326460,51.8321077
1725,19.4326245,51.8298593
1726,19.4326030,51.8276109
1727,19.4325814,51.8253625
1728,19.4325599,51.8231140
1729,19.4325383,51.8208656
1730,19.4325168,51.8186172
1731,19.4324953,51.8163688
1732,19.4324738,51.8141204
1733,19.4324522,51.8118719
1734,19.4324307,51.8096235
1735,19.4324092,51.8073751
1736,19.4323877,51.8051267
1737,19.4323662,51.8028782
1738,19.4323447,51.8006298
1739,19.4323232,51.7983814
1740,19.4323017,51.7961330
1741,19.4322802,51.7938845
1742,19.4322587,51.7916361
1743,19.4322372,51.7893877
1744,19.4322157,51.7871392
1745,19.4321942,51.7848908
1746,19.4321727,51.7826424
1747,19.4321512,51.7803939
1748,19.4321298,51.7781455
1749,19.4321083,51.7758971
1750,19.4320868,51.7736486
1751,19.4320653,51.7714002
1752,19.4320439,51.7691518
1753,19.4320224,51.7669033
1754,19.4320009,51.7646549
1755,19.4319795,51.7624064
1756,19.4319580,51.7601580
1757,19.4319366,51.7579095
1758,19.4319151,51.7556611
1759,19.4318937,51.7534127
1760,19.4318722,51.7511642
1761,19.4318508,51.7489158
1762,19.4318294,51.7466673
1763,19.4318079,51.7444189
1764,19.4317865,51.7421704
1765,19.4317650,51.7399220
1766,19.4317436,51.7376735
1767,19.4317222,51.7354251
1768,19.4317008,51.7331766
1769,19.4316793,51.7309282
1770,19.4316579,51.7286797
1771,19.4316365,51.7264312
1772,19.4316151,51.7241828
1773,19.4315937,51.7219343
1774,19.4315723,51.7196859
1775,19.4315509,51.7174374
1776,19.4315295,51.7151890
1777,19.4315081,51.7129405
1778,19.4314867,51.7106920
1779,19.4314653,51.7084436
1780,19.4314439,51.7061951
1781,19.4314225,51.7039466
1782,19.4314011,51.7016982
1783,19.4313798,51.6994497
1784,19.4313584,51.6972013
1785,19.4313370,51.6949528
1786,19.4313156,51.6927043
1787,19.4312943,51.6904558
1788,19.4312729,51.6882074
1789,19.4312515,51.6859589
1790,19.4357997,51.8332203
1791,19.4357780,51.8309719
1792,19.4357563,51.8287235
1793,19.4357346,51.8264751
1794,19.4357130,51.8242267
1795,19.4356913,51.8219782
1796,19.4356696,51.8197298
1797,19.4356479,51.8174814
1798,19.4356262,51.8152330
1799,19.4356045,51.8129846
1800,19.4355829,51.8107361
1801,19.4355612,51.8084877
1802,19.4355395,51.8062393
1803,19.4355178,51.8039909
1804,19.4354962,51.8017424
1805,19.4354745,51.7994940
1806,19.4354529,51.7972456
1807,19.4354312,51.7949972
1808,19.4354096,51.7927487
1809,19.4353879,51.7905003
1810,19.4353663,51.7882519
1811,19.4353446,51.7860034
1812,19.4353230,51.7837550
1813,19.4353013,51.7815066
1814,19.4352797,51.7792581
1815,19.4352581,51.7770097
1816,19.4352364,51.7747613
1817,19.4352148,51.7725128
1818,19.4351932,51.7702644
1819,19.4351715,51.7680160
1820,19.4351499,51.7657675
1821,19.4351283,51.7635191
1822,19.4351067,51.7612706
1823,19.4350851,51.7590222
1824,19.4350635,51.7567738
1825,19.4350419,51.7545253
1826,19.4350203,51.7522769
1827,19.4349987,51.7500284
1828,19.4349771,51.7477800
1829,19.4349555,51.7455315
1830,19.4349339,51.7432831
1831,19.4349123,51.7410346
1832,19.4348907,51.7387862
1833,19.4348691,51.7365377
1834,19.4348475,51.7342893
1835,19.4348260,51.7320408
1836,19.4348044,51.7297924
1837,19.4347828,51.7275439
1838,19.4347613,51.7252955
1839,19.4347397,51.7230470
1840,19.4347181,51.7207986
1841,19.4346966,51.7185501
1842,19.4346750,51.7163016
1843,19.4346535,51.7140532
1844,19.4346319,51.7118047
1845,19.4346104,51.7095563
1846,19.4345888,51.7073078
1847,19.4345673,51.7050593
1848,19.4345457,51.7028109
1849,19.4345242,51.7005624
1850,19.4345026,51.6983139
1851,19.4344811,51.6960655
1852,19.4344596,51.6938170
1853,19.4344381,51.6915685
1854,19.4344165,51.6893201
1855,19.4343950,51.6870716
1856,19.4389536,51.8343328
1857,19.4389318,51.8320844
1858,19.4389099,51.8298360
1859,19.4388880,51.8275876
1860,19.4388662,51.8253392
1861,19.4388443,51.8230908
1862,19.4388225,51.8208423
1863,19.4388007,51.8185939
1864,19.4387788,51.8163455
1865,19.4387570,51.8140971
1866,19.4387351,51.8118487
1867,19.4387133,51.8096002
1868,19.4386915,51.8073518
1869,19.4386697,51.8051034
1870,19.4386478,51.8028550
1871,19.4386260,51.8006066
1872,19.4386042,51.7983581
1873,19.4385824,51.7961097
1874,19.4385606,51.7938613
1875,19.4385388,51.7916128
1876,19.4385170,51.7893644
1877,19.4384952,51.7871160
1878,19.4384734,51.7848676
1879,19.4384516,51.7826191
1880,19.4384298,51.7803707
1881,19.4384080,51.7781223
1882,19.4383862,51.7758738
1883,19.4383644,51.7736254
1884,19.4383426,51.7713770
1885,19.4383208,51.7691285
1886,19.4382991,51.7668801
1887,19.4382773,51.7646316
1888,19.4382555,51.7623832
1889,19.4382338,51.7601348
1890,19.4382120,51.7578863
1891,19.4381902,51.7556379
1892,19.4381685,51.7533894
1893,19.4381467,51.7511410
1894,19.4381250,51.7488925
1895,19.4381032,51.7466441
1896,19.4380815,51.7443957
1897,19.4380597,51.7421472
1898,19.4380380,51.7398988
1899,19.4380162,51.7376503
1900,19.4379945,51.7354019
1901,19.4379727,51.7331534
1902,19.4379510,51.7309050
1903,19.4379293,51.7286565
1904,19.4379076,51.7264080
1905,19.4378858,51.7241596
1906,19.4378641,51.7219111
1907,19.4378424,51.7196627
1908,19.4378207,51.7174142
1909,19.4377990,51.7151658
1910,19.4377773,51.7129173
1911,19.4377556,51.7106689
1912,19.4377339,51.7084204
1913,19.4377122,51.7061719
1914,19.4376905,51.7039235
1915,19.4376688,51.7016750
1916,19.4376471,51.6994265
1917,19.4376254,51.6971781
1918,19.4376037,51.6949296
1919,19.4375820,51.6926811
1920,19.4375603,51.6904327
1921,19.4375387,51.6881842
1922,19.4421076,51.8354453
1923,19.4420856,51.8331969
1924,19.4420636,51.8309484
1925,19.4420416,51.8287000
1926,19.4420196,51.8264516
1927,19.4419976,51.8242032
1928,19.4419756,51.8219548
1929,19.4419536,51.8197064
1930,19.4419316,51.8174580
1931,19.4419096,51.8152095
1932,19.4418876,51.8129611
1933,19.4418656,51.8107127
1934,19.4418436,51.8084643
1935,19.4418216,51.8062159
1936,19.4417996,51.8039674
1937,19.4417777,51.8017190
1938,19.4417557,51.7994706
1939,19.4417337,51.7972222
1940,19.4417118,51.7949737
1941,19.4416898,51.7927253
1942,19.4416678,51.7904769
1943,19.4416459,51.7882284
1944,19.4416239,51.7859800
1945,19.4416020,51.7837316
1946,19.4415800,51.7814832
1947,19.4415581,51.7792347
1948,19.4415361,51.7769863
1949,19.4415142,51.7747379
1950,19.4414922,51.7724894
1951,19.4414703,51.7702410
1952,19.4414484,51.7679926
1953,19.4414264,51.7657441
1954,19.4414045,51.7634957
1955,19.4413826,51.7612472
1956,19.4413606,51.7589988
1957,19.4413387,51.7567504
1958,19.4413168,51.7545019
1959,19.4412949,51.7522535
1960,19.4412730,51.7500050
1961,19.4412511,51.7477566
1962,19.4412292,51.7455081
1963,19.4412073,51.7432597
1964,19.4411854,51.7410112
1965,19.4411635,51.7387628
1966,19.4411416,51.7365144
1967,19.4411197,51.7342659
1968,19.4410978,51.7320175
1969,19.4410759,51.7297690
1970,19.4410540,51.7275205
1971,19.4410321,51.7252721
1972,19.4410103,51.7230236
1973,19.4409884,51.7207752
1974,19.4409665,51.7185267
1975,19.4409447,51.7162783
1976,19.4409228,51.7140298
1977,19.4409009,51.7117814
1978,19.4408791,51.7095329
1979,19.4408572,51.7072844
1980,19.4408354,51.7050360
1981,19.4408135,51.7027875
1982,19.4407917,51.7005391
1983,19.4407698,51.6982906
1984,19.4407480,51.6960421
1985,19.4407261,51.6937937
1986,19.4407043,51.6915452
1987,19.4406824,51.6892967
1988,19.4406606,51.6870483
1989,19.4453949,51.8500481
1990,19.4453727,51.8477996
1991,19.4452396,51.8343092
1992,19.4452175,51.8320608
1993,19.4451953,51.8298124
1994,19.4451731,51.8275640
1995,19.4451510,51.8253156
1996,19.4451288,51.8230671
1997,19.4451066,51.8208187
1998,19.4450845,51.8185703
1999,19.4450623,51.8163219
2000,19.4450402,51.8140735
2001,19.4450180,51.8118251
2002,19.4449959,51.8095766
2003,19.4449737,51.8073282
2004,19.4449516,51.8050798
2005,19.4449295,51.8028314
2006,19.4449073,51.8005830
2007,19.4448852,51.7983345
2008,19.4448631,51.7960861
2009,19.4448410,51.7938377
2010,19.4448188,51.7915893
2011,19.4447967,51.7893408
2012,19.4447746,51.7870924
2013,19.4447525,51.7848440
2014,19.4447304,51.7825955
2015,19.4447083,51.7803471
2016,19.4446862,51.7780987
2017,19.4446641,51.7758502
2018,19.4446420,51.7736018
2019,19.4446199,51.7713534
2020,19.4445978,51.7691049
2021,19.4445757,51.7668565
2022,19.4445536,51.7646081
2023,19.4445315,51.7623596
2024,19.4445095,51.7601112
2025,19.4444874,51.7578628
2026,19.4444653,51.7556143
2027,19.4444432,51.7533659
2028,19.4444212,51.7511174
2029,19.4443991,51.7488690
2030,19.4443770,51.7466205
2031,19.4443550,51.7443721
2032,19.4443329,51.7421237
2033,19.4443109,51.7398752
2034,19.4442888,51.7376268
2035,19.4442668,51.7353783
2036,19.4442447,51.7331299
2037,19.4442227,51.7308814
2038,19.4442006,51.7286330
2039,19.4441786,51.7263845
2040,19.4441566,51.7241361
2041,19.4441345,51.7218876
2042,19.4441125,51.7196392
2043,19.4440905,51.7173907
2044,19.4440685,51.7151422
2045,19.4440464,51.7128938
2046,19.4440244,51.7106453
2047,19.4440024,51.7083969
2048,19.4439804,51.7061484
2049,19.4439584,51.7039000
2050,19.4439364,51.7016515
2051,19.4439144,51.6994030
2052,19.4438924,51.6971546
2053,19.4438704,51.6949061
2054,19.4438484,51.6926576
2055,19.4438264,51.6904092
2056,19.4438044,51.6881607
2057,19.4485502,51.8511603
2058,19.4485278,51.8489119
2059,19.4485055,51.8466635
2060,19.4483938,51.8354215
2061,19.4483715,51.8331731
2062,19.4483491,51.8309247
2063,19.4483268,51.8286762
2064,19.4483045,51.8264278
2065,19.4482822,51.8241794
2066,19.4482599,51.8219310
2067,19.4482375,51.8196826
2068,19.4482152,51.8174342
2069,19.4481929,51.8151858
2070,19.4481706,51.8129373
2071,19.4481483,51.8106889
2072,19.4481260,51.8084405
2073,19.4481037,51.8061921
2074,19.4480814,51.8039437
2075,19.4480591,51.8016952
2076,19.4480369,51.7994468
2077,19.4480146,51.7971984
2078,19.4479923,51.7949500
2079,19.4479700,51.7927015
2080,19.4479477,51.7904531
2081,19.4479255,51.7882047
2082,19.4479032,51.7859563
2083,19.4478809,51.7837078
2084,19.4478587,51.7814594
2085,19.4478364,51.7792110
2086,19.4478142,51.7769625
2087,19.4477919,51.7747141
2088,19.4477696,51.7724657
2089,19.4477474,51.7702173
2090,19.4477251,51.7679688
2091,19.4477029,51.7657204
2092,19.4476807,51.7634719
2093,19.4476584,51.7612235
2094,19.4476362,51.7589751
2095,19.4476140,51.7567266
2096,19.4475917,51.7544782
2097,19.4475695,51.7522298
2098,19.4475473,51.7499813
2099,19.4475251,51.7477329
2100,19.4475028,51.7454844
2101,19.4474806,51.7432360
2102,19.4474584,51.7409875
2103,19.4474362,51.7387391
2104,19.4474140,51.7364906
2105,19.4473918,51.7342422
2106,19.4473696,51.7319937
2107,19.4473474,51.7297453
2108,19.4473252,51.7274968
2109,19.4473030,51.7252484
2110,19.4472808,51.7229999
2111,19.4472586,51.7207515
2112,19.4472365,51.7185030
2113,19.4472143,51.7162546
2114,19.4471921,51.7140061
2115,19.4471699,51.7117577
2116,19.4471478,51.7095092
2117,19.4471256,51.7072608
2118,19.4471034,51.7050123
2119,19.4470813,51.7027638
2120,19.4470591,51.7005154
2121,19.4470370,51.6982669
2122,19.4470148,51.6960185
2123,19.4469926,51.6937700
2124,19.4469705,51.6915215
2125,19.4469484,51.6892731
2126,19.4469262,51.6870246
2127,19.4516831,51.8500241
2128,19.4516606,51.8477757
2129,19.4516381,51.8455273
2130,19.4515481,51.8365337
2131,19.4515256,51.8342852
2132,19.4515031,51.8320368
2133,19.4514807,51.8297884
2134,19.4514582,51.8275400
2135,19.4514357,51.8252916
2136,19.4514132,51.8230432
2137,19.4513908,51.8207948
2138,19.4513683,51.8185464
2139,19.4513458,51.8162979
2140,19.4513234,51.8140495
2141,19.4513009,51.8118011
2142,19.4512785,51.8095527
2143,19.4512560,51.8073043
2144,19.4512336,51.8050559
2145,19.4512111,51.8028074
2146,19.4511887,51.8005590
2147,19.4511662,51.7983106
2148,19.4511438,51.7960622
2149,19.4511213,51.7938138
2150,19.4510989,51.7915653
2151,19.4510765,51.7893169
2152,19.4510541,51.7870685
2153,19.4510316,51.7848201
2154,19.4510092,51.7825716
2155,19.4509868,51.7803232
2156,19.4509644,51.7780748
2157,19.4509420,51.7758263
2158,19.4509196,51.7735779
2159,19.4508971,51.7713295
2160,19.4508747,51.7690810
2161,19.4508523,51.7668326
2162,19.4508299,51.7645842
2163,19.4508076,51.7623357
2164,19.4507852,51.7600873
2165,19.4507628,51.7578389
2166,19.4507404,51.7555904
2167,19.4507180,51.7533420
2168,19.4506956,51.7510935
2169,19.4506732,51.7488451
2170,19.4506509,51.7465967
2171,19.4506285,51.7443482
2172,19.4506061,51.7420998
2173,19.4505838,51.7398513
2174,19.4505614,51.7376029
2175,19.4505390,51.7353544
2176,19.4505167,51.7331060
2177,19.4504943,51.7308575
2178,19.4504720,51.7286091
2179,19.4504496,51.7263606
2180,19.4504273,51.7241122
2181,19.4504049,51.7218637
2182,19.4503826,51.7196153
2183,19.4503603,51.7173668
2184,19.4503379,51.7151184
2185,19.4503156,51.7128699
2186,19.4502933,51.7106215
2187,19.4502710,51.7083730
2188,19.4502486,51.7061246
2189,19.4502263,51.7038761
2190,19.4502040,51.7016276
2191,19.4501817,51.6993792
2192,19.4501594,51.6971307
2193,19.4501371,51.6948823
2194,19.4501148,51.6926338
2195,19.4500925,51.6903853
2196,19.4500702,51.6881369
2197,19.4548159,51.8488878
2198,19.4547932,51.8466394
2199,19.4547706,51.8443910
2200,19.4547479,51.8421426
2201,19.4547253,51.8398942
2202,19.4547026,51.8376457
2203,19.4546800,51.8353973
2204,19.4546573,51.8331489
2205,19.4546347,51.8309005
2206,19.4546120,51.8286521
2207,19.4545894,51.8264037
2208,19.4545668,51.8241553
2209,19.4545441,51.8219069
2210,19.4545215,51.8196585
2211,19.4544989,51.8174101
2212,19.4544763,51.8151616
2213,19.4544537,51.8129132
2214,19.4544310,51.8106648
2215,19.4544084,51.8084164
2216,19.4543858,51.8061680
2217,19.4543632,51.8039196
2218,19.4543406,51.8016711
2219,19.4543180,51.7994227
2220,19.4542954,51.7971743
2221,19.4542728,51.7949259
2222,19.4542502,51.7926775
2223,19.4542276,51.7904290
2224,19.4542051,51.7881806
2225,19.4541825,51.7859322
2226,19.4541599,51.7836838
2227,19.4541373,51.7814353
2228,19.4541148,51.7791869
2229,19.4540922,51.7769385
2230,19.4540696,51.7746900
2231,19.4540471,51.7724416
2232,19.4540245,51.7701932
2233,19.4540019,51.7679447
2234,19.4539794,51.7656963
2235,19.4539568,51.7634479
2236,19.4539343,51.7611994
2237,19.4539117,51.7589510
2238,19.4538892,51.7567026
2239,19.4538667,51.7544541
2240,19.4538441,51.7522057
2241,19.4538216,51.7499573
2242,19.4537990,51.7477088
2243,19.4537765,51.7454604
2244,19.4537540,51.7432119
2245,19.4537315,51.7409635
2246,19.4537089,51.7387150
2247,19.4536864,51.7364666
2248,19.4536639,51.7342182
2249,19.4536414,51.7319697
2250,19.4536189,51.7297213
2251,19.4535964,51.7274728
2252,19.4535739,51.7252244
2253,19.4535514,51.7229759
2254,19.4535289,51.7207275
2255,19.4535064,51.7184790
2256,19.4534839,51.7162306
2257,19.4534614,51.7139821
2258,19.4534389,51.7117336
2259,19.4534165,51.7094852
2260,19.4533940,51.7072367
2261,19.4533715,51.7049883
2262,19.4533490,51.7027398
2263,19.4533266,51.7004914
2264,19.4533041,51.6982429
2265,19.4532816,51.6959944
2266,19.4532592,51.6937460
2267,19.4532367,51.6914975
2268,19.4532143,51.6892491
2269,19.4579713,51.8499998
2270,19.4579485,51.8477514
2271,19.4579257,51.8455030
2272,19.4579029,51.8432546
2273,19.4578800,51.8410062
2274,19.4578572,51.8387578
2275,19.4578344,51.8365094
2276,19.4578116,51.8342609
2277,19.4577888,51.8320125
2278,19.4577660,51.8297641
2279,19.4577432,51.8275157
2280,19.4577205,51.8252673
2281,19.4576977,51.8230189
2282,19.4576749,51.8207705
2283,19.4576521,51.8185221
2284,19.4576293,51.8162737
2285,19.4576066,51.8140253
2286,19.4575838,51.8117768
2287,19.4575610,51.8095284
2288,19.4575382,51.8072800
2289,19.4575155,51.8050316
2290,19.4574927,51.8027832
2291,19.4574700,51.8005348
2292,19.4574472,51.7982863
2293,19.4574245,51.7960379
2294,19.4574017,51.7937895
2295,19.4573790,51.7915411
2296,19.4573562,51.7892926
2297,19.4573335,51.7870442
2298,19.4573108,51.7847958
2299,19.4572880,51.7825474
2300,19.4572653,51.7802989
2301,19.4572426,51.7780505
2302,19.4572198,51.7758021
2303,19.4571971,51.7735537
2304,19.4571744,51.7713052
2305,19.4571517,51.7690568
2306,19.4571290,51.7668084
2307,19.4571063,51.7645599
2308,19.4570836,51.7623115
2309,19.4570609,51.7600631
2310,19.4570382,51.7578146
2311,19.4570155,51.7555662
2312,19.4569928,51.7533178
2313,19.4569701,51.7510693
2314,19.4569474,51.7488209
2315,19.4569247,51.7465724
2316,19.4569020,51.7443240
2317,19.4568793,51.7420756
2318,19.4568567,51.7398271
2319,19.4568340,51.7375787
2320,19.4568113,51.7353302
2321,19.4567886,51.7330818
2322,19.4567660,51.7308333
2323,19.4567433,51.7285849
2324,19.4567207,51.7263364
2325,19.4566980,51.7240880
2326,19.4566753,51.7218395
2327,19.4566527,51.7195911
2328,19.4566300,51.7173426
2329,19.4566074,51.7150942
2330,19.4565848,51.7128457
2331,19.4565621,51.7105973
2332,19.4565395,51.7083488
2333,19.4565169,51.7061004
2334,19.4564942,51.7038519
2335,19.4564716,51.7016035
2336,19.4564490,51.6993550
2337,19.4564263,51.6971065
2338,19.4564037,51.6948581
2339,19.4563811,51.6926096
2340,19.4563585,51.6903612
2341,19.4563359,51.6881127
2342,19.4611269,51.8511117
2343,19.4611039,51.8488633
2344,19.4610809,51.8466149
2345,19.4610580,51.8443665
2346,19.4610350,51.8421181
2347,19.4610120,51.8398697
2348,19.4609891,51.8376213
2349,19.4609661,51.8353729
2350,19.4609432,51.8331245
2351,19.4609202,51.8308761
2352,19.4608972,51.8286277
2353,19.4608743,51.8263792
2354,19.4608514,51.8241308
2355,19.4608284,51.8218824
2356,19.4608055,51.8196340
2357,19.4607825,51.8173856
2358,19.4607596,51.8151372
2359,19.4607367,51.8128888
2360,19.4607138,51.8106404
2361,19.4606908,51.8083920
2362,19.4606679,51.8061435
2363,19.4606450,51.8038951
2364,19.4606221,51.8016467
2365,19.4605992,51.7993983
2366,19.4605763,51.7971499
2367,19.4605534,51.7949014
2368,19.4605304,51.7926530
2369,19.4605075,51.7904046
2370,19.4604847,51.7881562
2371,19.4604618,51.7859078
2372,19.4604389,51.7836593
2373,19.4604160,51.7814109
2374,19.4603931,51.7791625
2375,19.4603702,51.7769141
2376,19.4603473,51.7746656
2377,19.4603245,51.7724172
2378,19.4603016,51.7701688
2379,19.4602787,51.7679203
2380,19.4602558,51.7656719
2381,19.4602330,51.7634235
2382,19.4602101,51.7611750
2383,19.4601873,51.7589266
2384,19.4601644,51.7566782
2385,19.4601416,51.7544297
2386,19.4601187,51.7521813
2387,19.4600959,51.7499329
2388,19.4600730,51.7476844
2389,19.4600502,51.7454360
2390,19.4600273,51.7431875
2391,19.4600045,51.7409391
2392,19.4599817,51.7386907
2393,19.4599588,51.7364422
2394,19.4599360,51.7341938
2395,19.4599132,51.7319453
2396,19.4598904,51.7296969
2397,19.4598676,51.7274484
2398,19.4598448,51.7252000
2399,19.4598219,51.7229515
2400,19.4597991,51.7207031
2401,19.4597763,51.7184546
2402,19.4597535,51.7162062
2403,19.4597307,51.7139577
2404,19.4597079,51.7117093
2405,19.4596851,51.7094608
2406,19.4596624,51.7072124
2407,19.4596396,51.7049639
2408,19.4596168,51.7027155
2409,19.4595940,51.7004670
2410,19.4595712,51.6982186
2411,19.4595484,51.6959701
2412,19.4595257,51.6937216
2413,19.4595029,51.6914732
2414,19.4594801,51.6892247
2415,19.4642826,51.8522235
2416,19.4642595,51.8499751
2417,19.4642364,51.8477267
2418,19.4642132,51.8454783
2419,19.4641901,51.8432299
2420,19.4641670,51.8409815
2421,19.4641439,51.8387331
2422,19.4641207,51.8364847
2423,19.4640976,51.8342363
2424,19.4640745,51.8319879
2425,19.4640514,51.8297395
2426,19.4640283,51.8274911
2427,19.4640052,51.8252427
2428,19.4639821,51.8229943
2429,19.4639590,51.8207459
2430,19.4639359,51.8184975
2431,19.4639128,51.8162490
2432,19.4638897,51.8140006
2433,19.4638666,51.8117522
2434,19.4638436,51.8095038
2435,19.4638205,51.8072554
2436,19.4637974,51.8050070
2437,19.4637743,51.8027586
2438,19.4637513,51.8005101
2439,19.4637282,51.7982617
2440,19.4637051,51.7960133
2441,19.4636821,51.7937649
2442,19.4636590,51.7915165
2443,19.4636360,51.7892681
2444,19.4636129,51.7870196
2445,19.4635899,51.7847712
2446,19.4635668,51.7825228
2447,19.4635438,51.7802744
2448,19.4635207,51.7780259
2449,19.4634977,51.7757775
2450,19.4634747,51.7735291
2451,19.4634516,51.7712806
2452,19.4634286,51.7690322
2453,19.4634056,51.7667838
2454,19.4633826,51.7645354
2455,19.4633596,51.7622869
2456,19.4633365,51.7600385
2457,19.4633135,51.7577901
2458,19.4632905,51.7555416
2459,19.4632675,51.7532932
2460,19.4632445,51.7510448
2461,19.4632215,51.7487963
2462,19.4631985,51.7465479
2463,19.4631755,51.7442994
2464,19.4631525,51.7420510
2465,19.4631295,51.7398026
2466,19.4631065,51.7375541
2467,19.4630836,51.7353057
2468,19.4630606,51.7330572
2469,19.4630376,51.7308088
2470,19.4630146,51.7285603
2471,19.4629917,51.7263119
2472,19.4629687,51.7240635
2473,19.4629457,51.7218150
2474,19.4629228,51.7195666
2475,19.4628998,51.7173181
2476,19.4628769,51.7150697
2477,19.4628539,51.7128212
2478,19.4628310,51.7105728
2479,19.4628080,51.7083243
2480,19.4627851,51.7060759
2481,19.4627621,51.7038274
2482,19.4627392,51.7015789
2483,19.4627163,51.6993305
2484,19.4626933,51.6970820
2485,19.4626704,51.6948336
2486,19.4626475,51.6925851
2487,19.4626245,51.6903367
2488,19.4626016,51.6880882
2489,19.4674385,51.8533353
2490,19.4674152,51.8510869
2491,19.4673919,51.8488385
2492,19.4673686,51.8465901
2493,19.4673454,51.8443417
2494,19.4673221,51.8420933
2495,19.4672988,51.8398449
2496,19.4672755,51.8375965
2497,19.4672523,51.8353481
2498,19.4672290,51.8330997
2499,19.4672057,51.8308513
2500,19.4671825,51.8286029
2501,19.4671592,51.8263545
2502,19.4671359,51.8241060
2503,19.4671127,51.8218576
2504,19.4670894,51.8196092
2505,19.4670662,51.8173608
2506,19.4670429,51.8151124
2507,19.4670197,51.8128640
2508,19.4669965,51.8106156
2509,19.4669732,51.8083672
2510,19.4669500,51.8061188
2511,19.4669268,51.8038703
2512,19.4669035,51.8016219
2513,19.4668803,51.7993735
2514,19.4668571,51.7971251
2515,19.4668339,51.7948767
2516,19.4668107,51.7926283
2517,19.4667874,51.7903798
2518,19.4667642,51.7881314
2519,19.4667410,51.7858830
2520,19.4667178,51.7836346
2521,19.4666946,51.7813862
2522,19.4666714,51.7791377
2523,19.4666482,51.7768893
2524,19.4666250,51.7746409
2525,19.4666019,51.7723924
2526,19.4665787,51.7701440
2527,19.4665555,51.7678956
2528,19.4665323,51.7656472
2529,19.4665091,51.7633987
2530,19.4664860,51.7611503
2531,19.4664628,51.7589019
2532,19.4664396,51.7566534
2533,19.4664165,51.7544050
2534,19.4663933,51.7521566
2535,19.4663701,51.7499081
2536,19.4663470,51.7476597
2537,19.4663238,51.7454113
2538,19.4663007,51.7431628
2539,19.4662775,51.7409144
2540,19.4662544,51.7386659
2541,19.4662313,51.7364175
2542,19.4662081,51.7341691
2543,19.4661850,51.7319206
2544,19.4661619,51.7296722
2545,19.4661387,51.7274237
2546,19.4661156,51.7251753
2547,19.4660925,51.7229268
2548,19.4660694,51.7206784
2549,19.4660463,51.7184299
2550,19.4660231,51.7161815
2551,19.4660000,51.7139330
2552,19.4659769,51.7116846
2553,19.4659538,51.7094361
2554,19.4659307,51.7071877
2555,19.4659076,51.7049392
2556,19.4658845,51.7026908
2557,19.4658614,51.7004423
2558,19.4658383,51.6981939
2559,19.4658153,51.6959454
2560,19.4657922,51.6936970
2561,19.4657691,51.6914485
2562,19.4657460,51.6892000
2563,19.4705711,51.8521985
2564,19.4705477,51.8499501
2565,19.4705242,51.8477017
2566,19.4705008,51.8454533
2567,19.4704773,51.8432049
2568,19.4704539,51.8409565
2569,19.4704305,51.8387081
2570,19.4704070,51.8364597
2571,19.4703836,51.8342113
2572,19.4703602,51.8319629
2573,19.4703368,51.8297145
2574,19.4703133,51.8274661
2575,19.4702899,51.8252177
2576,19.4702665,51.8229693
2577,19.4702431,51.8207209
2578,19.4702197,51.8184725
2579,19.4701963,51.8162241
2580,19.4701729,51.8139757
2581,19.4701495,51.8117273
2582,19.4701261,51.8094789
2583,19.4701027,51.8072305
2584,19.4700793,51.8049820
2585,19.4700559,51.8027336
2586,19.4700326,51.8004852
2587,19.4700092,51.7982368
2588,19.4699858,51.7959884
2589,19.4699624,51.7937400
2590,19.4699391,51.7914915
2591,19.4699157,51.7892431
2592,19.4698923,51.7869947
2593,19.4698690,51.7847463
2594,19.4698456,51.7824979
2595,19.4698223,51.7802494
2596,19.4697989,51.7780010
2597,19.4697756,51.7757526
2598,19.4697522,51.7735042
2599,19.4697289,51.7712557
2600,19.4697055,51.7690073
2601,19.4696822,51.7667589
2602,19.4696589,51.7645105
2603,19.4696355,51.7622620
2604,19.4696122,51.7600136
2605,19.4695889,51.7577652
2606,19.4695656,51.7555167
2607,19.4695422,51.7532683
2608,19.4695189,51.7510199
2609,19.4694956,51.7487714
2610,19.4694723,51.7465230
2611,19.4694490,51.7442746
2612,19.4694257,51.7420261
2613,19.4694024,51.7397777
2614,19.4693791,51.7375292
2615,19.4693558,51.7352808
2616,19.4693325,51.7330324
2617,19.4693092,51.7307839
2618,19.4692859,51.7285355
2619,19.4692627,51.7262870
2620,19.4692394,51.7240386
2621,19.4692161,51.7217901
2622,19.4691928,51.7195417
2623,19.4691696,51.7172932
2624,19.4691463,51.7150448
2625,19.4691230,51.7127963
2626,19.4690998,51.7105479
2627,19.4690765,51.7082994
2628,19.4690533,51.7060510
2629,19.4690300,51.7038025
2630,19.4690068,51.7015541
2631,19.4689835,51.6993056
2632,19.4689603,51.6970572
2633,19.4689370,51.6948087
2634,19.4689138,51.6925603
2635,19.4688906,51.6903118
2636,19.4688673,51.6880634
2637,19.4737272,51.8533101
2638,19.4737036,51.8510617
2639,19.4736799,51.8488133
2640,19.4736563,51.8465649
2641,19.4736327,51.8443165
2642,19.4736092,51.8420681
2643,19.4735856,51.8398197
2644,19.4735620,51.8375713
2645,19.4735384,51.8353229
2646,19.4735148,51.8330745
2647,19.4734912,51.8308261
2648,19.4734676,51.8285777
2649,19.4734441,51.8263293
2650,19.4734205,51.8240809
2651,19.4733969,51.8218325
2652,19.4733734,51.8195841
2653,19.4733498,51.8173357
2654,19.4733263,51.8150873
2655,19.4733027,51.8128389
2656,19.4732791,51.8105905
2657,19.4732556,51.8083421
2658,19.4732321,51.8060936
2659,19.4732085,51.8038452
2660,19.4731850,51.8015968
2661,19.4731614,51.7993484
2662,19.4731379,51.7971000
2663,19.4731144,51.7948516
2664,19.4730908,51.7926032
2665,19.4730673,51.7903547
2666,19.4730438,51.7881063
2667,19.4730203,51.7858579
2668,19.4729968,51.7836095
2669,19.4729733,51.7813611
2670,19.4729497,51.7791126
2671,19.4729262,51.7768642
2672,19.4729027,51.7746158
2673,19.4728792,51.7723674
2674,19.4728557,51.7701189
2675,19.4728322,51.7678705
2676,19.4728088,51.7656221
2677,19.4727853,51.7633737
2678,19.4727618,51.7611252
2679,19.4727383,51.7588768
2680,19.4727148,51.7566284
2681,19.4726913,51.7543799
2682,19.4726679,51.7521315
2683,19.4726444,51.7498831
2684,19.4726209,51.7476346
2685,19.4725975,51.7453862
2686,19.4725740,51.7431378
2687,19.4725506,51.7408893
2688,19.4725271,51.7386409
2689,19.4725037,51.7363925
2690,19.4724802,51.7341440
2691,19.4724568,51.7318956
2692,19.4724333,51.7296471
2693,19.4724099,51.7273987
2694,19.4723864,51.7251502
2695,19.4723630,51.7229018
2696,19.4723396,51.7206534
2697,19.4723162,51.7184049
2698,19.4722927,51.7161565
2699,19.4722693,51.7139080
2700,19.4722459,51.7116596
2701,19.4722225,51.7094111
2702,19.4721991,51.7071627
2703,19.4721757,51.7049142
2704,19.4721523,51.7026658
2705,19.4721289,51.7004173
2706,19.4721055,51.6981689
2707,19.4720821,51.6959204
2708,19.4768834,51.8544216
2709,19.4768596,51.8521732
2710,19.4768358,51.8499248
2711,19.4768121,51.8476764
2712,19.4767883,51.8454280
2713,19.4767646,51.8431796
2714,19.4767408,51.8409312
2715,19.4767171,51.8386828
2716,19.4766933,51.8364344
2717,19.4766696,51.8341860
2718,19.4766458,51.8319376
2719,19.4766221,51.8296892
2720,19.4765984,51.8274408
2721,19.4765746,51.8251924
2722,19.4765509,51.8229440
2723,19.4765272,51.8206956
2724,19.4765035,51.8184472
2725,19.4764798,51.8161988
2726,19.4764561,51.8139504
2727,19.4764323,51.8117020
2728,19.4764086,51.8094536
2729,19.4763849,51.8072052
2730,19.4763612,51.8049568
2731,19.4763375,51.8027083
2732,19.4763138,51.8004599
2733,19.4762902,51.7982115
2734,19.4762665,51.7959631
2735,19.4762428,51.7937147
2736,19.4762191,51.7914663
2737,19.4761954,51.7892179
2738,19.4761717,51.7869694
2739,19.4761481,51.7847210
2740,19.4761244,51.7824726
2741,19.4761007,51.7802242
2742,19.4760771,51.7779758
2743,19.4760534,51.7757273
2744,19.4760298,51.7734789
2745,19.4760061,51.7712305
2746,19.4759824,51.7689821
2747,19.4759588,51.7667336
2748,19.4759352,51.7644852
2749,19.4759115,51.7622368
2750,19.4758879,51.7599884
2751,19.4758642,51.7577399
2752,19.4758406,51.7554915
2753,19.4758170,51.7532431
2754,19.4757933,51.7509946
2755,19.4757697,51.7487462
2756,19.4757461,51.7464978
2757,19.4757225,51.7442493
2758,19.4756989,51.7420009
2759,19.4756753,51.7397525
2760,19.4756517,51.7375040
2761,19.4756281,51.7352556
2762,19.4756044,51.7330071
2763,19.4755809,51.7307587
2764,19.4755573,51.7285103
2765,19.4755337,51.7262618
2766,19.4755101,51.7240134
2767,19.4754865,51.7217649
2768,19.4754629,51.7195165
2769,19.4754393,51.7172680
2770,19.4754157,51.7150196
2771,19.4753922,51.7127712
2772,19.4753686,51.7105227
2773,19.4753450,51.7082743
2774,19.4753215,51.7060258
2775,19.4752979,51.7037774
2776,19.4752743,51.7015289
2777,19.4752508,51.6992805
2778,19.4752272,51.6970320
2779,19.4752037,51.6947835
2780,19.4800397,51.8555330
2781,19.4800158,51.8532846
2782,19.4799919,51.8510362
2783,19.4799679,51.8487878
2784,19.4799440,51.8465394
2785,19.4799201,51.8442910
2786,19.4798962,51.8420426
2787,19.4798723,51.8397943
2788,19.4798484,51.8375459
2789,19.4798245,51.8352975
2790,19.4798006,51.8330491
2791,19.4797767,51.8308007
2792,19.4797528,51.8285523
2793,19.4797289,51.8263039
2794,19.4797051,51.8240555
2795,19.4796812,51.8218070
2796,19.4796573,51.8195586
2797,19.4796334,51.8173102
2798,19.4796096,51.8150618
2799,19.4795857,51.8128134
2800,19.4795618,51.8105650
2801,19.4795380,51.8083166
2802,19.4795141,51.8060682
2803,19.4794903,51.8038198
2804,19.4794664,51.8015714
2805,19.4794426,51.7993230
2806,19.4794187,51.7970746
2807,19.4793949,51.7948261
2808,19.4793710,51.7925777
2809,19.4793472,51.7903293
2810,19.4793234,51.7880809
2811,19.4792995,51.7858325
2812,19.4792757,51.7835841
2813,19.4792519,51.7813356
2814,19.4792281,51.7790872
2815,19.4792042,51.7768388
2816,19.4791804,51.7745904
2817,19.4791566,51.7723419
2818,19.4791328,51.7700935
2819,19.4791090,51.7678451
2820,19.4790852,51.7655967
2821,19.4790614,51.7633482
2822,19.4790376,51.7610998
2823,19.4790138,51.7588514
2824,19.4789900,51.7566030
2825,19.4789662,51.7543545
2826,19.4789424,51.7521061
2827,19.4789187,51.7498577
2828,19.4788949,51.7476092
2829,19.4788711,51.7453608
2830,19.4788473,51.7431124
2831,19.4788236,51.7408639
2832,19.4787998,51.7386155
2833,19.4787760,51.7363671
2834,19.4787523,51.7341186
2835,19.4787285,51.7318702
2836,19.4787048,51.7296218
2837,19.4786810,51.7273733
2838,19.4786573,51.7251249
2839,19.4786335,51.7228764
2840,19.4786098,51.7206280
2841,19.4785861,51.7183795
2842,19.4785623,51.7161311
2843,19.4785386,51.7138827
2844,19.4785149,51.7116342
2845,19.4784911,51.7093858
2846,19.4784674,51.7071373
2847,19.4784437,51.7048889
2848,19.4784200,51.7026404
2849,19.4783963,51.7003920
2850,19.4783726,51.6981435
2851,19.4783489,51.6958951
2852,19.4831962,51.8566443
2853,19.4831721,51.8543959
2854,19.4831481,51.8521476
2855,19.4831240,51.8498992
2856,19.4830999,51.8476508
2857,19.4830758,51.8454024
2858,19.4830518,51.8431540
2859,19.4830277,51.8409056
2860,19.4830037,51.8386572
2861,19.4829796,51.8364088
2862,19.4829555,51.8341604
2863,19.4829315,51.8319120
2864,19.4829074,51.8296636
2865,19.4828834,51.8274152
2866,19.4828594,51.8251668
2867,19.4828353,51.8229184
2868,19.4828113,51.8206700
2869,19.4827873,51.8184216
2870,19.4827632,51.8161732
2871,19.4827392,51.8139248
2872,19.4827152,51.8116764
2873,19.4826912,51.8094280
2874,19.4826671,51.8071796
2875,19.4826431,51.8049311
2876,19.4826191,51.8026827
2877,19.4825951,51.8004343
2878,19.4825711,51.7981859
2879,19.4825471,51.7959375
2880,19.4825231,51.7936891
2881,19.4824991,51.7914407
2882,19.4824751,51.7891923
2883,19.4824511,51.7869438
2884,19.4824272,51.7846954
2885,19.4824032,51.7824470
2886,19.4823792,51.7801986
2887,19.4823552,51.7779502
2888,19.4823312,51.7757017
2889,19.4823073,51.7734533
2890,19.4822833,51.7712049
2891,19.4822593,51.7689565
2892,19.4822354,51.7667081
2893,19.4822114,51.7644596
2894,19.4821875,51.7622112
2895,19.4821635,51.7599628
2896,19.4821396,51.7577144
2897,19.4821156,51.7554659
2898,19.4820917,51.7532175
2899,19.4820678,51.7509691
2900,19.4820438,51.7487206
2901,19.4820199,51.7464722
2902,19.4819960,51.7442238
2903,19.4819720,51.7419753
2904,19.4819481,51.7397269
2905,19.4819242,51.7374785
2906,19.4819003,51.7352300
2907,19.4818764,51.7329816
2908,19.4818525,51.7307332
2909,19.4818286,51.7284847
2910,19.4818046,51.7262363
2911,19.4817807,51.7239878
2912,19.4817568,51.7217394
2913,19.4817330,51.7194910
2914,19.4817091,51.7172425
2915,19.4816852,51.7149941
2916,19.4816613,51.7127456
2917,19.4816374,51.7104972
2918,19.4816135,51.7082487
2919,19.4815897,51.7060003
2920,19.4815658,51.7037518
2921,19.4815419,51.7015034
2922,19.4815180,51.6992549
2923,19.4814942,51.6970065
2924,19.4863529,51.8577556
2925,19.4863286,51.8555072
2926,19.4863044,51.8532588
2927,19.4862802,51.8510104
2928,19.4862559,51.8487620
2929,19.4862317,51.8465136
2930,19.4862075,51.8442652
2931,19.4861833,51.8420168
2932,19.4861591,51.8397684
2933,19.4861348,51.8375200
2934,19.4861106,51.8352716
2935,19.4860864,51.8330232
2936,19.4860622,51.8307749
2937,19.4860380,51.8285265
2938,19.4860138,51.8262781
2939,19.4859896,51.8240297
2940,19.4859654,51.8217813
2941,19.4859412,51.8195328
2942,19.4859170,51.8172844
2943,19.4858929,51.8150360
2944,19.4858687,51.8127876
2945,19.4858445,51.8105392
2946,19.4858203,51.8082908
2947,19.4857962,51.8060424
2948,19.4857720,51.8037940
2949,19.4857478,51.8015456
2950,19.4857237,51.7992972
2951,19.4856995,51.7970488
2952,19.4856754,51.7948004
2953,19.4856512,51.7925520
2954,19.4856271,51.7903035
2955,19.4856029,51.7880551
2956,19.4855788,51.7858067
2957,19.4855546,51.7835583
2958,19.4855305,51.7813099
2959,19.4855064,51.7790615
2960,19.4854822,51.7768130
2961,19.4854581,51.7745646
2962,19.4854340,51.7723162
2963,19.4854099,51.7700678
2964,19.4853857,51.7678194
2965,19.4853616,51.7655709
2966,19.4853375,51.7633225
2967,19.4853134,51.7610741
2968,19.4852893,51.7588257
2969,19.4852652,51.7565772
2970,19.4852411,51.7543288
2971,19.4852170,51.7520804
2972,19.4851929,51.7498319
2973,19.4851688,51.7475835
2974,19.4851447,51.7453351
2975,19.4851207,51.7430866
2976,19.4850966,51.7408382
2977,19.4850725,51.7385898
2978,19.4850484,51.7363413
2979,19.4850244,51.7340929
2980,19.4850003,51.7318445
2981,19.4849762,51.7295960
2982,19.4849522,51.7273476
2983,19.4849281,51.7250992
2984,19.4849041,51.7228507
2985,19.4848800,51.7206023
2986,19.4848560,51.7183538
2987,19.4848319,51.7161054
2988,19.4848079,51.7138570
2989,19.4847838,51.7116085
2990,19.4847598,51.7093601
2991,19.4847358,51.7071116
2992,19.4847117,51.7048632
2993,19.4846877,51.7026147
2994,19.4846637,51.7003663
2995,19.4846397,51.6981178
2996,19.4895097,51.8588667
2997,19.4894853,51.8566183
2998,19.4894609,51.8543699
2999,19.4894365,51.8521216
3000,19.4894121,51.8498732
3001,19.4893877,51.8476248
3002,19.4893634,51.8453764
3003,19.4893390,51.8431280
3004,19.4893146,51.8408796
3005,19.4892902,51.8386312
3006,19.4892659,51.8363828
3007,19.4892415,51.8341344
3008,19.4892171,51.8318860
3009,19.4891928,51.8296376
3010,19.4891684,51.8273892
3011,19.4891441,51.8251408
3012,19.4891197,51.8228924
3013,19.4890954,51.8206440
3014,19.4890710,51.8183956
3015,19.4890467,51.8161472
3016,19.4890223,51.8138988
3017,19.4889980,51.8116504
3018,19.4889737,51.8094020
3019,19.4889493,51.8071536
3020,19.4889250,51.8049052
3021,19.4889007,51.8026568
3022,19.4888764,51.8004084
3023,19.4888521,51.7981600
3024,19.4888277,51.7959116
3025,19.4888034,51.7936631
3026,19.4887791,51.7914147
3027,19.4887548,51.7891663
3028,19.4887305,51.7869179
3029,19.4887062,51.7846695
3030,19.4886819,51.7824211
3031,19.4886576,51.7801727
3032,19.4886334,51.7779242
3033,19.4886091,51.7756758
3034,19.4885848,51.7734274
3035,19.4885605,51.7711790
3036,19.4885362,51.7689306
3037,19.4885120,51.7666821
3038,19.4884877,51.7644337
3039,19.4884634,51.7621853
3040,19.4884392,51.7599369
3041,19.4884149,51.7576884
3042,19.4883907,51.7554400
3043,19.4883664,51.7531916
3044,19.4883422,51.7509432
3045,19.4883179,51.7486947
3046,19.4882937,51.7464463
3047,19.4882694,51.7441979
3048,19.4882452,51.7419494
3049,19.4882210,51.7397010
3050,19.4881967,51.7374526
3051,19.4881725,51.7352041
3052,19.4881483,51.7329557
3053,19.4881241,51.7307073
3054,19.4880998,51.7284588
3055,19.4880756,51.7262104
3056,19.4880514,51.7239620
3057,19.4880272,51.7217135
3058,19.4880030,51.7194651
3059,19.4879788,51.7172166
3060,19.4879546,51.7149682
3061,19.4879304,51.7127198
3062,19.4879062,51.7104713
3063,19.4878820,51.7082229
3064,19.4878578,51.7059744
3065,19.4878336,51.7037260
3066,19.4878095,51.7014775
3067,19.4877853,51.6992291
3068,19.4926421,51.8577294
3069,19.4926176,51.8554810
3070,19.4925930,51.8532326
3071,19.4925685,51.8509842
3072,19.4925439,51.8487359
3073,19.4925194,51.8464875
3074,19.4924949,51.8442391
3075,19.4924703,51.8419907
3076,19.4924458,51.8397423
3077,19.4924213,51.8374939
3078,19.4923967,51.8352455
3079,19.4923722,51.8329971
3080,19.4923477,51.8307487
3081,19.4923232,51.8285003
3082,19.4922987,51.8262519
3083,19.4922742,51.8240035
3084,19.4922496,51.8217551
3085,19.4922251,51.8195067
3086,19.4922006,51.8172583
3087,19.4921762,51.8150099
3088,19.4921517,51.8127615
3089,19.4921272,51.8105131
3090,19.4921027,51.8082647
3091,19.4920782,51.8060163
3092,19.4920537,51.8037679
3093,19.4920292,51.8015195
3094,19.4920048,51.7992711
3095,19.4919803,51.7970227
3096,19.4919558,51.7947743
3097,19.4919314,51.7925258
3098,19.4919069,51.7902774
3099,19.4918824,51.7880290
3100,19.4918580,51.7857806
3101,19.4918335,51.7835322
3102,19.4918091,51.7812838
3103,19.4917846,51.7790354
3104,19.4917602,51.7767869
3105,19.4917358,51.7745385
3106,19.4917113,51.7722901
3107,19.4916869,51.7700417
3108,19.4916625,51.7677933
3109,19.4916380,51.7655448
3110,19.4916136,51.7632964
3111,19.4915892,51.7610480
3112,19.4915648,51.7587996
3113,19.4915404,51.7565512
3114,19.4915160,51.7543027
3115,19.4914916,51.7520543
3116,19.4914672,51.7498059
3117,19.4914428,51.7475574
3118,19.4914184,51.7453090
3119,19.4913940,51.7430606
3120,19.4913696,51.7408122
3121,19.4913452,51.7385637
3122,19.4913208,51.7363153
3123,19.4912964,51.7340669
3124,19.4912720,51.7318184
3125,19.4912477,51.7295700
3126,19.4912233,51.7273216
3127,19.4911989,51.7250731
3128,19.4911746,51.7228247
3129,19.4911502,51.7205762
3130,19.4911258,51.7183278
3131,19.4911015,51.7160794
3132,19.4910771,51.7138309
3133,19.4910528,51.7115825
3134,19.4910284,51.7093340
3135,19.4910041,51.7070856
3136,19.4909797,51.7048371
3137,19.4909554,51.7025887
3138,19.4909311,51.7003403
3139,19.4909067,51.6980918
3140,19.4957744,51.8565920
3141,19.4957497,51.8543436
3142,19.4957250,51.8520952
3143,19.4957003,51.8498468
3144,19.4956756,51.8475985
3145,19.4956509,51.8453501
3146,19.4956262,51.8431017
3147,19.4956015,51.8408533
3148,19.4955768,51.8386049
3149,19.4955521,51.8363565
3150,19.4955274,51.8341081
3151,19.4955028,51.8318597
3152,19.4954781,51.8296113
3153,19.4954534,51.8273629
3154,19.4954288,51.8251145
3155,19.4954041,51.8228661
3156,19.4953794,51.8206177
3157,19.4953548,51.8183693
3158,19.4953301,51.8161209
3159,19.4953055,51.8138725
3160,19.4952808,51.8116241
3161,19.4952562,51.8093757
3162,19.4952315,51.8071273
3163,19.4952069,51.8048789
3164,19.4951823,51.8026305
3165,19.4951576,51.8003821
3166,19.4951330,51.7981337
3167,19.4951084,51.7958853
3168,19.4950838,51.7936369
3169,19.4950591,51.7913885
3170,19.4950345,51.7891401
3171,19.4950099,51.7868916
3172,19.4949853,51.7846432
3173,19.4949607,51.7823948
3174,19.4949361,51.7801464
3175,19.4949115,51.7778980
3176,19.4948869,51.7756496
3177,19.4948623,51.7734011
3178,19.4948377,51.7711527
3179,19.4948131,51.7689043
3180,19.4947885,51.7666559
3181,19.4947640,51.7644075
3182,19.4947394,51.7621591
3183,19.4947148,51.7599106
3184,19.4946902,51.7576622
3185,19.4946657,51.7554138
3186,19.4946411,51.7531654
3187,19.4946165,51.7509169
3188,19.4945920,51.7486685
3189,19.4945674,51.7464201
3190,19.4945429,51.7441716
3191,19.4945183,51.7419232
3192,19.4944938,51.7396748
3193,19.4944693,51.7374264
3194,19.4944447,51.7351779
3195,19.4944202,51.7329295
3196,19.4943956,51.7306811
3197,19.4943711,51.7284326
3198,19.4943466,51.7261842
3199,19.4943221,51.7239358
3200,19.4942975,51.7216873
3201,19.4942730,51.7194389
3202,19.4942485,51.7171904
3203,19.4942240,51.7149420
3204,19.4941995,51.7126936
3205,19.4941750,51.7104451
3206,19.4941505,51.7081967
3207,19.4941260,51.7059482
3208,19.4941015,51.7036998
3209,19.4940770,51.7014513
3210,19.4940525,51.6992029
3211,19.4989314,51.8577029
3212,19.4989065,51.8554545
3213,19.4988816,51.8532061
3214,19.4988568,51.8509577
3215,19.4988319,51.8487094
3216,19.4988070,51.8464610
3217,19.4987822,51.8442126
3218,19.4987574,51.8419642
3219,19.4987325,51.8397158
3220,19.4987077,51.8374674
3221,19.4986828,51.8352190
3222,19.4986580,51.8329706
3223,19.4986332,51.8307222
3224,19.4986083,51.8284738
3225,19.4985835,51.8262254
3226,19.4985587,51.8239770
3227,19.4985339,51.8217286
3228,19.4985091,51.8194802
3229,19.4984842,51.8172319
3230,19.4984594,51.8149835
3231,19.4984346,51.8127351
3232,19.4984098,51.8104866
3233,19.4983850,51.8082382
3234,19.4983602,51.8059898
3235,19.4983354,51.8037414
3236,19.4983106,51.8014930
3237,19.4982859,51.7992446
3238,19.4982611,51.7969962
3239,19.4982363,51.7947478
3240,19.4982115,51.7924994
3241,19.4981867,51.7902510
3242,19.4981620,51.7880026
3243,19.4981372,51.7857542
3244,19.4981124,51.7835058
3245,19.4980877,51.7812573
3246,19.4980629,51.7790089
3247,19.4980382,51.7767605
3248,19.4980134,51.7745121
3249,19.4979887,51.7722637
3250,19.4979639,51.7700153
3251,19.4979392,51.7677669
3252,19.4979145,51.7655184
3253,19.4978897,51.7632700
3254,19.4978650,51.7610216
3255,19.4978403,51.7587732
3256,19.4978155,51.7565247
3257,19.4977908,51.7542763
3258,19.4977661,51.7520279
3259,19.4977414,51.7497795
3260,19.4977167,51.7475310
3261,19.4976920,51.7452826
3262,19.4976673,51.7430342
3263,19.4976426,51.7407858
3264,19.4976179,51.7385373
3265,19.4975932,51.7362889
3266,19.4975685,51.7340405
3267,19.4975438,51.7317920
3268,19.4975191,51.7295436
3269,19.4974944,51.7272952
3270,19.4974697,51.7250467
3271,19.4974451,51.7227983
3272,19.4974204,51.7205499
3273,19.4973957,51.7183014
3274,19.4973710,51.7160530
3275,19.4973464,51.7138046
3276,19.4973217,51.7115561
3277,19.4972971,51.7093077
3278,19.4972724,51.7070592
3279,19.4972478,51.7048108
3280,19.4972231,51.7025623
3281,19.4971985,51.7003139
3282,19.4971738,51.6980655
3283,19.5020885,51.8588137
3284,19.5020635,51.8565653
3285,19.5020384,51.8543169
3286,19.5020134,51.8520686
3287,19.5019884,51.8498202
3288,19.5019634,51.8475718
3289,19.5019384,51.8453234
3290,19.5019134,51.8430750
3291,19.5018884,51.8408266
3292,19.5018634,51.8385782
3293,19.5018384,51.8363298
3294,19.5018134,51.8340815
3295,19.5017884,51.8318331
3296,19.5017634,51.8295847
3297,19.5017384,51.8273363
3298,19.5017134,51.8250879
3299,19.5016885,51.8228395
3300,19.5016635,51.8205911
3301,19.5016385,51.8183427
3302,19.5016136,51.8160943
3303,19.5015886,51.8138459
3304,19.5015636,51.8115975
3305,19.5015387,51.8093491
3306,19.5015137,51.8071007
3307,19.5014888,51.8048523
3308,19.5014638,51.8026039
3309,19.5014389,51.8003555
3310,19.5014139,51.7981071
3311,19.5013890,51.7958587
3312,19.5013641,51.7936103
3313,19.5013391,51.7913619
3314,19.5013142,51.7891134
3315,19.5012893,51.7868650
3316,19.5012644,51.7846166
3317,19.5012394,51.7823682
3318,19.5012145,51.7801198
3319,19.5011896,51.7778714
3320,19.5011647,51.7756230
3321,19.5011398,51.7733746
3322,19.5011149,51.7711261
3323,19.5010900,51.7688777
3324,19.5010651,51.7666293
3325,19.5010402,51.7643809
3326,19.5010153,51.7621325
3327,19.5009904,51.7598840
3328,19.5009656,51.7576356
3329,19.5009407,51.7553872
3330,19.5009158,51.7531388
3331,19.5008909,51.7508904
3332,19.5008661,51.7486419
3333,19.5008412,51.7463935
3334,19.5008163,51.7441451
3335,19.5007915,51.7418967
3336,19.5007666,51.7396482
3337,19.5007418,51.7373998
3338,19.5007169,51.7351514
3339,19.5006921,51.7329029
3340,19.5006672,51.7306545
3341,19.5006424,51.7284061
3342,19.5006175,51.7261576
3343,19.5005927,51.7239092
3344,19.5005679,51.7216608
3345,19.5005431,51.7194123
3346,19.5005182,51.7171639
3347,19.5004934,51.7149155
3348,19.5004686,51.7126670
3349,19.5004438,51.7104186
3350,19.5004190,51.7081701
3351,19.5003942,51.7059217
3352,19.5003694,51.7036733
3353,19.5003446,51.7014248
3354,19.5003198,51.6991764
3355,19.5002950,51.6969279
3356,19.5052458,51.8599244
3357,19.5052206,51.8576761
3358,19.5051954,51.8554277
3359,19.5051702,51.8531793
3360,19.5051450,51.8509309
3361,19.5051199,51.8486825
3362,19.5050947,51.8464341
3363,19.5050695,51.8441858
3364,19.5050444,51.8419374
3365,19.5050192,51.8396890
3366,19.5049941,51.8374406
3367,19.5049689,51.8351922
3368,19.5049438,51.8329438
3369,19.5049186,51.8306954
3370,19.5048935,51.8284470
3371,19.5048683,51.8261986
3372,19.5048432,51.8239502
3373,19.5048181,51.8217018
3374,19.5047929,51.8194534
3375,19.5047678,51.8172050
3376,19.5047427,51.8149567
3377,19.5047176,51.8127083
3378,19.5046925,51.8104599
3379,19.5046674,51.8082115
3380,19.5046422,51.8059631
3381,19.5046171,51.8037147
3382,19.5045920,51.8014662
3383,19.5045669,51.7992178
3384,19.5045418,51.7969694
3385,19.5045168,51.7947210
3386,19.5044917,51.7924726
3387,19.5044666,51.7902242
3388,19.5044415,51.7879758
3389,19.5044164,51.7857274
3390,19.5043913,51.7834790
3391,19.5043663,51.7812306
3392,19.5043412,51.7789822
3393,19.5043161,51.7767338
3394,19.5042911,51.7744853
3395,19.5042660,51.7722369
3396,19.5042410,51.7699885
3397,19.5042159,51.7677401
3398,19.5041909,51.7654917
3399,19.5041658,51.7632433
3400,19.5041408,51.7609948
3401,19.5041157,51.7587464
3402,19.5040907,51.7564980
3403,19.5040657,51.7542496
3404,19.5040406,51.7520012
3405,19.5040156,51.7497527
3406,19.5039906,51.7475043
3407,19.5039656,51.7452559
3408,19.5039405,51.7430075
3409,19.5039155,51.7407590
3410,19.5038905,51.7385106
3411,19.5038655,51.7362622
3412,19.5038405,51.7340138
3413,19.5038155,51.7317653
3414,19.5037905,51.7295169
3415,19.5037655,51.7272685
3416,19.5037405,51.7250200
3417,19.5037155,51.7227716
3418,19.5036906,51.7205232
3419,19.5036656,51.7182747
3420,19.5036406,51.7160263
3421,19.5036156,51.7137778
3422,19.5035906,51.7115294
3423,19.5035657,51.7092810
3424,19.5035407,51.7070325
3425,19.5035158,51.7047841
3426,19.5034908,51.7025357
3427,19.5034658,51.7002872
3428,19.5034409,51.6980388
3429,19.5083778,51.8587867
3430,19.5083525,51.8565383
3431,19.5083272,51.8542899
3432,19.5083018,51.8520416
3433,19.5082765,51.8497932
3434,19.5082512,51.8475448
3435,19.5082259,51.8452964
3436,19.5082005,51.8430480
3437,19.5081752,51.8407996
3438,19.5081499,51.8385512
3439,19.5081246,51.8363029
3440,19.5080993,51.8340545
3441,19.5080740,51.8318061
3442,19.5080487,51.8295577
3443,19.5080234,51.8273093
3444,19.5079981,51.8250609
3445,19.5079728,51.8228125
3446,19.5079475,51.8205641
3447,19.5079223,51.8183157
3448,19.5078970,51.8160673
3449,19.5078717,51.8138189
3450,19.5078464,51.8115705
3451,19.5078212,51.8093221
3452,19.5077959,51.8070737
3453,19.5077706,51.8048253
3454,19.5077454,51.8025769
3455,19.5077201,51.8003285
3456,19.5076949,51.7980801
3457,19.5076696,51.7958317
3458,19.5076444,51.7935833
3459,19.5076191,51.7913349
3460,19.5075939,51.7890865
3461,19.5075686,51.7868381
3462,19.5075434,51.7845897
3463,19.5075182,51.7823413
3464,19.5074930,51.7800929
3465,19.5074677,51.7778445
3466,19.5074425,51.7755960
3467,19.5074173,51.7733476
3468,19.5073921,51.7710992
3469,19.5073669,51.7688508
3470,19.5073417,51.7666024
3471,19.5073165,51.7643540
3472,19.5072913,51.7621056
3473,19.5072661,51.7598571
3474,19.5072409,51.7576087
3475,19.5072157,51.7553603
3476,19.5071905,51.7531119
3477,19.5071653,51.7508635
3478,19.5071401,51.7486150
3479,19.5071149,51.7463666
3480,19.5070898,51.7441182
3481,19.5070646,51.7418698
3482,19.5070394,51.7396213
3483,19.5070143,51.7373729
3484,19.5069891,51.7351245
3485,19.5069639,51.7328761
3486,19.5069388,51.7306276
3487,19.5069136,51.7283792
3488,19.5068885,51.7261308
3489,19.5068633,51.7238823
3490,19.5068382,51.7216339
3491,19.5068131,51.7193855
3492,19.5067879,51.7171370
3493,19.5067628,51.7148886
3494,19.5067377,51.7126402
3495,19.5067125,51.7103917
3496,19.5066874,51.7081433
3497,19.5066623,51.7058948
3498,19.5066372,51.7036464
3499,19.5066121,51.7013980
3500,19.5065870,51.6991495
3501,19.5065619,51.6969011
3502,19.5114843,51.8554005
3503,19.5114588,51.8531521
3504,19.5114333,51.8509037
3505,19.5114078,51.8486554
3506,19.5113823,51.8464070
3507,19.5113569,51.8441586
3508,19.5113314,51.8419102
3509,19.5113059,51.8396618
3510,19.5112805,51.8374134
3511,19.5112550,51.8351650
3512,19.5112295,51.8329167
3513,19.5112041,51.8306683
3514,19.5111786,51.8284199
3515,19.5111532,51.8261715
3516,19.5111277,51.8239231
3517,19.5111023,51.8216747
3518,19.5110768,51.8194263
3519,19.5110514,51.8171779
3520,19.5110260,51.8149295
3521,19.5110005,51.8126811
3522,19.5109751,51.8104327
3523,19.5109497,51.8081843
3524,19.5109243,51.8059359
3525,19.5108988,51.8036875
3526,19.5108734,51.8014391
3527,19.5108480,51.7991907
3528,19.5108226,51.7969423
3529,19.5107972,51.7946939
3530,19.5107718,51.7924455
3531,19.5107464,51.7901971
3532,19.5107210,51.7879487
3533,19.5106956,51.7857003
3534,19.5106702,51.7834519
3535,19.5106448,51.7812035
3536,19.5106195,51.7789551
3537,19.5105941,51.7767067
3538,19.5105687,51.7744582
3539,19.5105433,51.7722098
3540,19.5105180,51.7699614
3541,19.5104926,51.7677130
3542,19.5104673,51.7654646
3543,19.5104419,51.7632162
3544,19.5104165,51.7609678
3545,19.5103912,51.7587193
3546,19.5103658,51.7564709
3547,19.5103405,51.7542225
3548,19.5103152,51.7519741
3549,19.5102898,51.7497257
3550,19.5102645,51.7474772
3551,19.5102391,51.7452288
3552,19.5102138,51.7429804
3553,19.5101885,51.7407320
3554,19.5101632,51.7384835
3555,19.5101379,51.7362351
3556,19.5101125,51.7339867
3557,19.5100872,51.7317383
3558,19.5100619,51.7294898
3559,19.5100366,51.7272414
3560,19.5100113,51.7249930
3561,19.5099860,51.7227445
3562,19.5099607,51.7204961
3563,19.5099354,51.7182477
3564,19.5099101,51.7159992
3565,19.5098849,51.7137508
3566,19.5098596,51.7115024
3567,19.5098343,51.7092539
3568,19.5098090,51.7070055
3569,19.5097837,51.7047571
3570,19.5097585,51.7025086
3571,19.5097332,51.7002602
3572,19.5097079,51.6980117
3573,19.5145646,51.8497658
3574,19.5145390,51.8475175
3575,19.5145133,51.8452691
3576,19.5144877,51.8430207
3577,19.5144621,51.8407723
3578,19.5144365,51.8385239
3579,19.5144108,51.8362755
3580,19.5143852,51.8340272
3581,19.5143596,51.8317788
3582,19.5143340,51.8295304
3583,19.5143084,51.8272820
3584,19.5142828,51.8250336
3585,19.5142572,51.8227852
3586,19.5142316,51.8205368
3587,19.5142060,51.8182884
3588,19.5141804,51.8160400
3589,19.5141548,51.8137916
3590,19.5141292,51.8115432
3591,19.5141036,51.8092948
3592,19.5140780,51.8070464
3593,19.5140525,51.8047980
3594,19.5140269,51.8025496
3595,19.5140013,51.8003012
3596,19.5139758,51.7980528
3597,19.5139502,51.7958044
3598,19.5139246,51.7935560
3599,19.5138991,51.7913076
3600,19.5138735,51.7890592
3601,19.5138480,51.7868108
3602,19.5138224,51.7845624
3603,19.5137969,51.7823140
3604,19.5137714,51.7800656
3605,19.5137458,51.7778172
3606,19.5137203,51.7755688
3607,19.5136948,51.7733204
3608,19.5136692,51.7710720
3609,19.5136437,51.7688235
3610,19.5136182,51.7665751
3611,19.5135927,51.7643267
3612,19.5135672,51.7620783
3613,19.5135417,51.7598299
3614,19.5135162,51.7575815
3615,19.5134907,51.7553331
3616,19.5134652,51.7530846
3617,19.5134397,51.7508362
3618,19.5134142,51.7485878
3619,19.5133887,51.7463394
3620,19.5133632,51.7440910
3621,19.5133377,51.7418425
3622,19.5133122,51.7395941
3623,19.5132868,51.7373457
3624,19.5132613,51.7350973
3625,19.5132358,51.7328488
3626,19.5132104,51.7306004
3627,19.5131849,51.7283520
3628,19.5131594,51.7261035
3629,19.5131340,51.7238551
3630,19.5131085,51.7216067
3631,19.5130831,51.7193583
3632,19.5130576,51.7171098
3633,19.5130322,51.7148614
3634,19.5130067,51.7126130
3635,19.5129813,51.7103645
3636,19.5129559,51.7081161
3637,19.5129304,51.7058676
3638,19.5129050,51.7036192
3639,19.5128796,51.7013708
3640,19.5128542,51.6991223
3641,19.5128288,51.6968739
3642,19.5128034,51.6946254
3643,19.5127779,51.6923770
3644,19.5176958,51.8486279
3645,19.5176700,51.8463795
3646,19.5176442,51.8441311
3647,19.5176184,51.8418827
3648,19.5175926,51.8396343
3649,19.5175668,51.8373859
3650,19.5175411,51.8351376
3651,19.5175153,51.8328892
3652,19.5174895,51.8306408
3653,19.5174637,51.8283924
3654,19.5174380,51.8261440
3655,19.5174122,51.8238956
3656,19.5173865,51.8216472
3657,19.5173607,51.8193988
3658,19.5173350,51.8171504
3659,19.5173092,51.8149020
3660,19.5172835,51.8126537
3661,19.5172577,51.8104053
3662,19.5172320,51.8081569
3663,19.5172063,51.8059085
3664,19.5171805,51.8036601
3665,19.5171548,51.8014117
3666,19.5171291,51.7991633
3667,19.5171034,51.7969149
3668,19.5170776,51.7946665
3669,19.5170519,51.7924181
3670,19.5170262,51.7901697
3671,19.5170005,51.7879213
3672,19.5169748,51.7856729
3673,19.5169491,51.7834244
3674,19.5169234,51.7811760
3675,19.5168977,51.7789276
3676,19.5168720,51.7766792
3677,19.5168463,51.7744308
3678,19.5168207,51.7721824
3679,19.5167950,51.7699340
3680,19.5167693,51.7676856
3681,19.5167436,51.7654372
3682,19.5167180,51.7631888
3683,19.5166923,51.7609403
3684,19.5166666,51.7586919
3685,19.5166410,51.7564435
3686,19.5166153,51.7541951
3687,19.5165897,51.7519467
3688,19.5165640,51.7496983
3689,19.5165384,51.7474498
3690,19.5165127,51.7452014
3691,19.5164871,51.7429530
3692,19.5164614,51.7407046
3693,19.5164358,51.7384562
3694,19.5164102,51.7362077
3695,19.5163846,51.7339593
3696,19.5163589,51.7317109
3697,19.5163333,51.7294625
3698,19.5163077,51.7272140
3699,19.5162821,51.7249656
3700,19.5162565,51.7227172
3701,19.5162309,51.7204687
3702,19.5162053,51.7182203
3703,19.5161797,51.7159719
3704,19.5161541,51.7137234
3705,19.5161285,51.7114750
3706,19.5161029,51.7092266
3707,19.5160773,51.7069781
3708,19.5160517,51.7047297
3709,19.5160261,51.7024813
3710,19.5160006,51.7002328
3711,19.5159750,51.6979844
3712,19.5159494,51.6957359
3713,19.5159239,51.6934875
3714,19.5208527,51.8497382
3715,19.5208268,51.8474898
3716,19.5208008,51.8452414
3717,19.5207749,51.8429930
3718,19.5207489,51.8407446
3719,19.5207230,51.8384963
3720,19.5206971,51.8362479
3721,19.5206711,51.8339995
3722,19.5206452,51.8317511
3723,19.5206193,51.8295027
3724,19.5205933,51.8272543
3725,19.5205674,51.8250059
3726,19.5205415,51.8227576
3727,19.5205156,51.8205092
3728,19.5204897,51.8182608
3729,19.5204638,51.8160124
3730,19.5204379,51.8137640
3731,19.5204120,51.8115156
3732,19.5203861,51.8092672
3733,19.5203602,51.8070188
3734,19.5203343,51.8047704
3735,19.5203084,51.8025220
3736,19.5202825,51.8002736
3737,19.5202567,51.7980252
3738,19.5202308,51.7957768
3739,19.5202049,51.7935284
3740,19.5201791,51.7912800
3741,19.5201532,51.7890316
3742,19.5201273,51.7867832
3743,19.5201015,51.7845348
3744,19.5200756,51.7822864
3745,19.5200498,51.7800380
3746,19.5200239,51.7777896
3747,19.5199981,51.7755412
3748,19.5199722,51.7732928
3749,19.5199464,51.7710444
3750,19.5199206,51.7687960
3751,19.5198947,51.7665475
3752,19.5198689,51.7642991
3753,19.5198431,51.7620507
3754,19.5198173,51.7598023
3755,19.5197914,51.7575539
3756,19.5197656,51.7553055
3757,19.5197398,51.7530571
3758,19.5197140,51.7508086
3759,19.5196882,51.7485602
3760,19.5196624,51.7463118
3761,19.5196366,51.7440634
3762,19.5196108,51.7418150
3763,19.5195850,51.7395665
3764,19.5195592,51.7373181
3765,19.5195335,51.7350697
3766,19.5195077,51.7328213
3767,19.5194819,51.7305728
3768,19.5194561,51.7283244
3769,19.5194304,51.7260760
3770,19.5194046,51.7238276
3771,19.5193788,51.7215791
3772,19.5193531,51.7193307
3773,19.5193273,51.7170823
3774,19.5193016,51.7148338
3775,19.5192758,51.7125854
3776,19.5192501,51.7103370
3777,19.5192243,51.7080885
3778,19.5191986,51.7058401
3779,19.5191728,51.7035917
3780,19.5191471,51.7013432
3781,19.5191214,51.6990948
3782,19.5190956,51.6968464
3783,19.5190699,51.6945979
3784,19.5190442,51.6923495
3785,19.5190185,51.6901010
3786,19.5239837,51.8486000
3787,19.5239576,51.8463516
3788,19.5239315,51.8441033
3789,19.5239054,51.8418549
3790,19.5238793,51.8396065
3791,19.5238532,51.8373581
3792,19.5238271,51.8351097
3793,19.5238010,51.8328613
3794,19.5237749,51.8306130
3795,19.5237489,51.8283646
3796,19.5237228,51.8261162
3797,19.5236967,51.8238678
3798,19.5236706,51.8216194
3799,19.5236446,51.8193710
3800,19.5236185,51.8171226
3801,19.5235925,51.8148742
3802,19.5235664,51.8126259
3803,19.5235403,51.8103775
3804,19.5235143,51.8081291
3805,19.5234883,51.8058807
3806,19.5234622,51.8036323
3807,19.5234362,51.8013839
3808,19.5234101,51.7991355
3809,19.5233841,51.7968871
3810,19.5233581,51.7946387
3811,19.5233320,51.7923903
3812,19.5233060,51.7901419
3813,19.5232800,51.7878935
3814,19.5232540,51.7856451
3815,19.5232280,51.7833967
3816,19.5232020,51.7811483
3817,19.5231760,51.7788999
3818,19.5231500,51.7766515
3819,19.5231240,51.7744031
3820,19.5230980,51.7721546
3821,19.5230720,51.7699062
3822,19.5230460,51.7676578
3823,19.5230200,51.7654094
3824,19.5229940,51.7631610
3825,19.5229680,51.7609126
3826,19.5229421,51.7586642
3827,19.5229161,51.7564158
3828,19.5228901,51.7541674
3829,19.5228642,51.7519189
3830,19.5228382,51.7496705
3831,19.5228122,51.7474221
3832,19.5227863,51.7451737
3833,19.5227603,51.7429253
3834,19.5227344,51.7406768
3835,19.5227085,51.7384284
3836,19.5226825,51.7361800
3837,19.5226566,51.7339316
3838,19.5226306,51.7316832
3839,19.5226047,51.7294347
3840,19.5225788,51.7271863
3841,19.5225529,51.7249379
3842,19.5225269,51.7226895
3843,19.5225010,51.7204410
3844,19.5224751,51.7181926
3845,19.5224492,51.7159442
3846,19.5224233,51.7136957
3847,19.5223974,51.7114473
3848,19.5223715,51.7091989
3849,19.5223456,51.7069504
3850,19.5223197,51.7047020
3851,19.5222938,51.7024536
3852,19.5222679,51.7002051
3853,19.5222420,51.6979567
3854,19.5222161,51.6957083
3855,19.5221903,51.6934598
3856,19.5221644,51.6912114
3857,19.5221385,51.6889629
3858,19.5271145,51.8474618
3859,19.5270883,51.8452134
3860,19.5270620,51.8429650
3861,19.5270358,51.8407166
3862,19.5270095,51.8384683
3863,19.5269833,51.8362199
3864,19.5269570,51.8339715
3865,19.5269308,51.8317231
3866,19.5269045,51.8294747
3867,19.5268783,51.8272263
3868,19.5268521,51.8249780
3869,19.5268258,51.8227296
3870,19.5267996,51.8204812
3871,19.5267734,51.8182328
3872,19.5267472,51.8159844
3873,19.5267210,51.8137360
3874,19.5266948,51.8114876
3875,19.5266685,51.8092392
3876,19.5266423,51.8069908
3877,19.5266161,51.8047424
3878,19.5265899,51.8024941
3879,19.5265638,51.8002457
3880,19.5265376,51.7979973
3881,19.5265114,51.7957489
3882,19.5264852,51.7935005
3883,19.5264590,51.7912521
3884,19.5264328,51.7890037
3885,19.5264067,51.7867553
3886,19.5263805,51.7845069
3887,19.5263543,51.7822585
3888,19.5263282,51.7800101
3889,19.5263020,51.7777617
3890,19.5262758,51.7755132
3891,19.5262497,51.7732648
3892,19.5262235,51.7710164
3893,19.5261974,51.7687680
3894,19.5261713,51.7665196
3895,19.5261451,51.7642712
3896,19.5261190,51.7620228
3897,19.5260928,51.7597744
3898,19.5260667,51.7575260
3899,19.5260406,51.7552776
3900,19.5260145,51.7530291
3901,19.5259884,51.7507807
3902,19.5259622,51.7485323
3903,19.5259361,51.7462839
3904,19.5259100,51.7440355
3905,19.5258839,51.7417871
3906,19.5258578,51.7395386
3907,19.5258317,51.7372902
3908,19.5258056,51.7350418
3909,19.5257795,51.7327934
3910,19.5257534,51.7305450
3911,19.5257274,51.7282965
3912,19.5257013,51.7260481
3913,19.5256752,51.7237997
3914,19.5256491,51.7215513
3915,19.5256231,51.7193028
3916,19.5255970,51.7170544
3917,19.5255709,51.7148060
3918,19.5255449,51.7125575
3919,19.5255188,51.7103091
3920,19.5254927,51.7080607
3921,19.5254667,51.7058122
3922,19.5254406,51.7035638
3923,19.5254146,51.7013154
3924,19.5253886,51.6990669
3925,19.5253625,51.6968185
3926,19.5253365,51.6945701
3927,19.5253105,51.6923216
3928,19.5252844,51.6900732
3929,19.5302452,51.8463235
3930,19.5302188,51.8440751
3931,19.5301924,51.8418267
3932,19.5301660,51.8395783
3933,19.5301396,51.8373300
3934,19.5301132,51.8350816
3935,19.5300868,51.8328332
3936,19.5300604,51.8305848
3937,19.5300340,51.8283364
3938,19.5300076,51.8260880
3939,19.5299812,51.8238397
3940,19.5299548,51.8215913
3941,19.5299284,51.8193429
3942,19.5299021,51.8170945
3943,19.5298757,51.8148461
3944,19.5298493,51.8125977
3945,19.5298230,51.8103493
3946,19.5297966,51.8081009
3947,19.5297702,51.8058525
3948,19.5297439,51.8036041
3949,19.5297175,51.8013557
3950,19.5296912,51.7991074
3951,19.5296648,51.7968590
3952,19.5296385,51.7946106
3953,19.5296122,51.7923622
3954,19.5295858,51.7901138
3955,19.5295595,51.7878654
3956,19.5295332,51.7856170
3957,19.5295068,51.7833686
3958,19.5294805,51.7811202
3959,19.5294542,51.7788718
3960,19.5294279,51.7766234
3961,19.5294016,51.7743750
3962,19.5293753,51.7721265
3963,19.5293490,51.7698781
3964,19.5293227,51.7676297
3965,19.5292964,51.7653813
3966,19.5292701,51.7631329
3967,19.5292438,51.7608845
3968,19.5292175,51.7586361
3969,19.5291912,51.7563877
3970,19.5291649,51.7541393
3971,19.5291387,51.7518909
3972,19.5291124,51.7496424
3973,19.5290861,51.7473940
3974,19.5290599,51.7451456
3975,19.5290336,51.7428972
3976,19.5290073,51.7406488
3977,19.5289811,51.7384004
3978,19.5289548,51.7361519
3979,19.5289286,51.7339035
3980,19.5289023,51.7316551
3981,19.5288761,51.7294067
3982,19.5288498,51.7271583
3983,19.5288236,51.7249098
3984,19.5287974,51.7226614
3985,19.5287712,51.7204130
3986,19.5287449,51.7181646
3987,19.5287187,51.7159161
3988,19.5286925,51.7136677
3989,19.5286663,51.7114193
3990,19.5286401,51.7091708
3991,19.5286139,51.7069224
3992,19.5285876,51.7046740
3993,19.5285614,51.7024255
3994,19.5285353,51.7001771
3995,19.5285091,51.6979287
3996,19.5284829,51.6956802
3997,19.5284567,51.6934318
3998,19.5284305,51.6911834
3999,19.5334023,51.8474334
4000,19.5333757,51.8451851
4001,19.5333492,51.8429367
4002,19.5333226,51.8406883
4003,19.5332960,51.8384399
4004,19.5332695,51.8361916
4005,19.5332429,51.8339432
4006,19.5332163,51.8316948
4007,19.5331898,51.8294464
4008,19.5331632,51.8271980
4009,19.5331367,51.8249496
4010,19.5331102,51.8227013
4011,19.5330836,51.8204529
4012,19.5330571,51.8182045
4013,19.5330306,51.8159561
4014,19.5330040,51.8137077
4015,19.5329775,51.8114593
4016,19.5329510,51.8092109
4017,19.5329245,51.8069625
4018,19.5328980,51.8047141
4019,19.5328715,51.8024658
4020,19.5328449,51.8002174
4021,19.5328184,51.7979690
4022,19.5327919,51.7957206
4023,19.5327654,51.7934722
4024,19.5327390,51.7912238
4025,19.5327125,51.7889754
4026,19.5326860,51.7867270
4027,19.5326595,51.7844786
4028,19.5326330,51.7822302
4029,19.5326065,51.7799818
4030,19.5325801,51.7777334
4031,19.5325536,51.7754850
4032,19.5325271,51.7732366
4033,19.5325007,51.7709882
4034,19.5324742,51.7687398
4035,19.5324478,51.7664914
4036,19.5324213,51.7642429
4037,19.5323949,51.7619945
4038,19.5323684,51.7597461
4039,19.5323420,51.7574977
4040,19.5323155,51.7552493
4041,19.5322891,51.7530009
4042,19.5322627,51.7507525
4043,19.5322363,51.7485041
4044,19.5322098,51.7462557
4045,19.5321834,51.7440072
4046,19.5321570,51.7417588
4047,19.5321306,51.7395104
4048,19.5321042,51.7372620
4049,19.5320778,51.7350136
4050,19.5320514,51.7327652
4051,19.5320250,51.7305167
4052,19.5319986,51.7282683
4053,19.5319722,51.7260199
4054,19.5319458,51.7237715
4055,19.5319194,51.7215230
4056,19.5318930,51.7192746
4057,19.5318666,51.7170262
4058,19.5318403,51.7147778
4059,19.5318139,51.7125293
4060,19.5317875,51.7102809
4061,19.5317612,51.7080325
4062,19.5317348,51.7057840
4063,19.5317084,51.7035356
4064,19.5316821,51.7012872
4065,19.5316557,51.6990388
4066,19.5316294,51.6967903
4067,19.5316030,51.6945419
4068,19.5315767,51.6922934
4069,19.5315504,51.6900450
4070,19.5365328,51.8462950
4071,19.5365061,51.8440466
4072,19.5364794,51.8417982
4073,19.5364526,51.8395498
4074,19.5364259,51.8373015
4075,19.5363992,51.8350531
4076,19.5363725,51.8328047
4077,19.5363458,51.8305563
4078,19.5363191,51.8283079
4079,19.5362924,51.8260595
4080,19.5362657,51.8238112
4081,19.5362390,51.8215628
4082,19.5362123,51.8193144
4083,19.5361856,51.8170660
4084,19.5361589,51.8148176
4085,19.5361322,51.8125692
4086,19.5361055,51.8103208
4087,19.5360789,51.8080725
4088,19.5360522,51.8058241
4089,19.5360255,51.8035757
4090,19.5359989,51.8013273
4091,19.5359722,51.7990789
4092,19.5359456,51.7968305
4093,19.5359189,51.7945821
4094,19.5358922,51.7923337
4095,19.5358656,51.7900853
4096,19.5358390,51.7878369
4097,19.5358123,51.7855885
4098,19.5357857,51.7833401
4099,19.5357591,51.7810917
4100,19.5357324,51.7788433
4101,19.5357058,51.7765949
4102,19.5356792,51.7743465
4103,19.5356526,51.7720981
4104,19.5356259,51.7698497
4105,19.5355993,51.7676013
4106,19.5355727,51.7653529
4107,19.5355461,51.7631045
4108,19.5355195,51.7608561
4109,19.5354929,51.7586077
4110,19.5354663,51.7563593
4111,19.5354397,51.7541109
4112,19.5354131,51.7518624
4113,19.5353866,51.7496140
4114,19.5353600,51.7473656
4115,19.5353334,51.7451172
4116,19.5353068,51.7428688
4117,19.5352803,51.7406204
4118,19.5352537,51.7383720
4119,19.5352271,51.7361235
4120,19.5352006,51.7338751
4121,19.5351740,51.7316267
4122,19.5351475,51.7293783
4123,19.5351209,51.7271299
4124,19.5350944,51.7248814
4125,19.5350678,51.7226330
4126,19.5350413,51.7203846
4127,19.5350147,51.7181362
4128,19.5349882,51.7158877
4129,19.5349617,51.7136393
4130,19.5349352,51.7113909
4131,19.5349086,51.7091425
4132,19.5348821,51.7068940
4133,19.5348556,51.7046456
4134,19.5348291,51.7023972
4135,19.5348026,51.7001487
4136,19.5347761,51.6979003
4137,19.5347496,51.6956519
4138,19.5347231,51.6934034
4139,19.5346966,51.6911550
4140,19.5396632,51.8451564
4141,19.5396363,51.8429080
4142,19.5396094,51.8406596
4143,19.5395825,51.8384113
4144,19.5395556,51.8361629
4145,19.5395288,51.8339145
4146,19.5395019,51.8316661
4147,19.5394750,51.8294177
4148,19.5394482,51.8271694
4149,19.5394213,51.8249210
4150,19.5393945,51.8226726
4151,19.5393676,51.8204242
4152,19.5393408,51.8181758
4153,19.5393139,51.8159275
4154,19.5392871,51.8136791
4155,19.5392603,51.8114307
4156,19.5392334,51.8091823
4157,19.5392066,51.8069339
4158,19.5391798,51.8046855
4159,19.5391529,51.8024371
4160,19.5391261,51.8001887
4161,19.5390993,51.7979403
4162,19.5390725,51.7956919
4163,19.5390457,51.7934436
4164,19.5390189,51.7911952
4165,19.5389921,51.7889468
4166,19.5389653,51.7866984
4167,19.5389385,51.7844500
4168,19.5389117,51.7822016
4169,19.5388849,51.7799532
4170,19.5388581,51.7777048
4171,19.5388314,51.7754564
4172,19.5388046,51.7732080
4173,19.5387778,51.7709596
4174,19.5387510,51.7687112
4175,19.5387243,51.7664628
4176,19.5386975,51.7642144
4177,19.5386707,51.7619659
4178,19.5386440,51.7597175
4179,19.5386172,51.7574691
4180,19.5385905,51.7552207
4181,19.5385637,51.7529723
4182,19.5385370,51.7507239
4183,19.5385103,51.7484755
4184,19.5384835,51.7462271
4185,19.5384568,51.7439787
4186,19.5384301,51.7417303
4187,19.5384034,51.7394818
4188,19.5383766,51.7372334
4189,19.5383499,51.7349850
4190,19.5383232,51.7327366
4191,19.5382965,51.7304882
4192,19.5382698,51.7282398
4193,19.5382431,51.7259913
4194,19.5382164,51.7237429
4195,19.5381897,51.7214945
4196,19.5381630,51.7192461
4197,19.5381363,51.7169976
4198,19.5381096,51.7147492
4199,19.5380829,51.7125008
4200,19.5380563,51.7102524
4201,19.5380296,51.7080039
4202,19.5380029,51.7057555
4203,19.5379762,51.7035071
4204,19.5379496,51.7012587
4205,19.5379229,51.6990102
4206,19.5378962,51.6967618
4207,19.5378696,51.6945134
4208,19.5428204,51.8462661
4209,19.5427934,51.8440177
4210,19.5427663,51.8417694
4211,19.5427393,51.8395210
4212,19.5427122,51.8372726
4213,19.5426852,51.8350242
4214,19.5426582,51.8327759
4215,19.5426312,51.8305275
4216,19.5426042,51.8282791
4217,19.5425771,51.8260307
4218,19.5425501,51.8237823
4219,19.5425231,51.8215340
4220,19.5424961,51.8192856
4221,19.5424691,51.8170372
4222,19.5424421,51.8147888
4223,19.5424151,51.8125404
4224,19.5423881,51.8102920
4225,19.5423611,51.8080437
4226,19.5423342,51.8057953
4227,19.5423072,51.8035469
4228,19.5422802,51.8012985
4229,19.5422532,51.7990501
4230,19.5422263,51.7968017
4231,19.5421993,51.7945533
4232,19.5421723,51.7923049
4233,19.5421454,51.7900565
4234,19.5421184,51.7878081
4235,19.5420915,51.7855597
4236,19.5420645,51.7833113
4237,19.5420376,51.7810629
4238,19.5420106,51.7788145
4239,19.5419837,51.7765661
4240,19.5419568,51.7743177
4241,19.5419298,51.7720693
4242,19.5419029,51.7698209
4243,19.5418760,51.7675725
4244,19.5418491,51.7653241
4245,19.5418221,51.7630757
4246,19.5417952,51.7608273
4247,19.5417683,51.7585789
4248,19.5417414,51.7563305
4249,19.5417145,51.7540821
4250,19.5416876,51.7518337
4251,19.5416607,51.7495853
4252,19.5416338,51.7473369
4253,19.5416069,51.7450885
4254,19.5415800,51.7428401
4255,19.5415532,51.7405916
4256,19.5415263,51.7383432
4257,19.5414994,51.7360948
4258,19.5414725,51.7338464
4259,19.5414457,51.7315980
4260,19.5414188,51.7293496
4261,19.5413920,51.7271011
4262,19.5413651,51.7248527
4263,19.5413382,51.7226043
4264,19.5413114,51.7203559
4265,19.5412845,51.7181075
4266,19.5412577,51.7158590
4267,19.5412309,51.7136106
4268,19.5412040,51.7113622
4269,19.5411772,51.7091138
4270,19.5411504,51.7068653
4271,19.5411235,51.7046169
4272,19.5410967,51.7023685
4273,19.5410699,51.7001201
4274,19.5410431,51.6978716
4275,19.5410163,51.6956232
4276,19.5459506,51.8451274
4277,19.5459234,51.8428790
4278,19.5458962,51.8406306
4279,19.5458690,51.8383823
4280,19.5458418,51.8361339
4281,19.5458146,51.8338855
4282,19.5457875,51.8316371
4283,19.5457603,51.8293888
4284,19.5457331,51.8271404
4285,19.5457059,51.8248920
4286,19.5456788,51.8226436
4287,19.5456516,51.8203952
4288,19.5456244,51.8181469
4289,19.5455973,51.8158985
4290,19.5455701,51.8136501
4291,19.5455430,51.8114017
4292,19.5455158,51.8091533
4293,19.5454887,51.8069049
4294,19.5454616,51.8046565
4295,19.5454344,51.8024082
4296,19.5454073,51.8001598
4297,19.5453802,51.7979114
4298,19.5453531,51.7956630
4299,19.5453259,51.7934146
4300,19.5452988,51.7911662
4301,19.5452717,51.7889178
4302,19.5452446,51.7866694
4303,19.5452175,51.7844210
4304,19.5451904,51.7821726
4305,19.5451633,51.7799242
4306,19.5451362,51.7776758
4307,19.5451091,51.7754274
4308,19.5450820,51.7731790
4309,19.5450549,51.7709306
4310,19.5450278,51.7686822
4311,19.5450008,51.7664338
4312,19.5449737,51.7641854
4313,19.5449466,51.7619370
4314,19.5449196,51.7596886
4315,19.5448925,51.7574402
4316,19.5448654,51.7551918
4317,19.5448384,51.7529434
4318,19.5448113,51.7506950
4319,19.5447843,51.7484466
4320,19.5447572,51.7461982
4321,19.5447302,51.7439498
4322,19.5447031,51.7417014
4323,19.5446761,51.7394529
4324,19.5446491,51.7372045
4325,19.5446220,51.7349561
4326,19.5445950,51.7327077
4327,19.5445680,51.7304593
4328,19.5445410,51.7282109
4329,19.5445140,51.7259624
4330,19.5444870,51.7237140
4331,19.5444599,51.7214656
4332,19.5444329,51.7192172
4333,19.5444059,51.7169688
4334,19.5443789,51.7147203
4335,19.5443520,51.7124719
4336,19.5443250,51.7102235
4337,19.5442980,51.7079751
4338,19.5442710,51.7057266
4339,19.5442440,51.7034782
4340,19.5442170,51.7012298
4341,19.5441901,51.6989814
4342,19.5441631,51.6967329
4343,19.5441361,51.6944845
4344,19.5490806,51.8439886
4345,19.5490533,51.8417402
4346,19.5490259,51.8394918
4347,19.5489986,51.8372434
4348,19.5489712,51.8349951
4349,19.5489439,51.8327467
4350,19.5489166,51.8304983
4351,19.5488892,51.8282499
4352,19.5488619,51.8260016
4353,19.5488346,51.8237532
4354,19.5488073,51.8215048
4355,19.5487799,51.8192564
4356,19.5487526,51.8170080
4357,19.5487253,51.8147597
4358,19.5486980,51.8125113
4359,19.5486707,51.8102629
4360,19.5486434,51.8080145
4361,19.5486161,51.8057661
4362,19.5485888,51.8035177
4363,19.5485615,51.8012694
4364,19.5485342,51.7990210
4365,19.5485070,51.7967726
4366,19.5484797,51.7945242
4367,19.5484524,51.7922758
4368,19.5484251,51.7900274
4369,19.5483979,51.7877790
4370,19.5483706,51.7855306
4371,19.5483433,51.7832822
4372,19.5483161,51.7810338
4373,19.5482888,51.7787854
4374,19.5482616,51.7765370
4375,19.5482343,51.7742886
4376,19.5482071,51.7720402
4377,19.5481799,51.7697918
4378,19.5481526,51.7675434
4379,19.5481254,51.7652950
4380,19.5480982,51.7630466
4381,19.5480709,51.7607982
4382,19.5480437,51.7585498
4383,19.5480165,51.7563014
4384,19.5479893,51.7540530
4385,19.5479621,51.7518046
4386,19.5479349,51.7495562
4387,19.5479077,51.7473078
4388,19.5478805,51.7450594
4389,19.5478533,51.7428110
4390,19.5478261,51.7405626
4391,19.5477989,51.7383142
4392,19.5477717,51.7360657
4393,19.5477445,51.7338173
4394,19.5477173,51.7315689
4395,19.5476902,51.7293205
4396,19.5476630,51.7270721
4397,19.5476358,51.7248237
4398,19.5476087,51.7225752
4399,19.5475815,51.7203268
4400,19.5475543,51.7180784
4401,19.5475272,51.7158300
4402,19.5475000,51.7135816
4403,19.5474729,51.7113331
4404,19.5474457,51.7090847
4405,19.5474186,51.7068363
4406,19.5473915,51.7045879
4407,19.5473643,51.7023394
4408,19.5473372,51.7000910
4409,19.5473101,51.6978426
4410,19.5472830,51.6955942
4411,19.5522380,51.8450980
4412,19.5522105,51.8428497
4413,19.5521830,51.8406013
4414,19.5521555,51.8383529
4415,19.5521280,51.8361045
4416,19.5521005,51.8338562
4417,19.5520730,51.8316078
4418,19.5518532,51.8136208
4419,19.5518257,51.8113724
4420,19.5517983,51.8091240
4421,19.5517708,51.8068756
4422,19.5517434,51.8046272
4423,19.5517159,51.8023789
4424,19.5516885,51.8001305
4425,19.5516610,51.7978821
4426,19.5516336,51.7956337
4427,19.5516062,51.7933853
4428,19.5515787,51.7911369
4429,19.5515513,51.7888885
4430,19.5515239,51.7866401
4431,19.5514965,51.7843917
4432,19.5514690,51.7821433
4433,19.5514416,51.7798949
4434,19.5514142,51.7776466
4435,19.5513868,51.7753982
4436,19.5513594,51.7731498
4437,19.5513320,51.7709014
4438,19.5513046,51.7686530
4439,19.5512772,51.7664046
4440,19.5512499,51.7641562
4441,19.5512225,51.7619078
4442,19.5511951,51.7596594
4443,19.5511677,51.7574110
4444,19.5511403,51.7551626
4445,19.5511130,51.7529141
4446,19.5510856,51.7506657
4447,19.5510583,51.7484173
4448,19.5510309,51.7461689
4449,19.5510035,51.7439205
4450,19.5509762,51.7416721
4451,19.5509488,51.7394237
4452,19.5509215,51.7371753
4453,19.5508942,51.7349269
4454,19.5508668,51.7326785
4455,19.5508395,51.7304301
4456,19.5508122,51.7281816
4457,19.5507848,51.7259332
4458,19.5507575,51.7236848
4459,19.5507302,51.7214364
4460,19.5507029,51.7191880
4461,19.5506756,51.7169396
4462,19.5506483,51.7146911
4463,19.5506210,51.7124427
4464,19.5505937,51.7101943
4465,19.5505664,51.7079459
4466,19.5505391,51.7056974
4467,19.5505118,51.7034490
4468,19.5504845,51.7012006
4469,19.5504572,51.6989522
4470,19.5504299,51.6967037
4471,19.5554232,51.8484558
4472,19.5553956,51.8462074
4473,19.5553679,51.8439590
4474,19.5553402,51.8417107
4475,19.5553126,51.8394623
4476,19.5552849,51.8372139
4477,19.5552572,51.8349656
4478,19.5552296,51.8327172
4479,19.5549809,51.8124818
4480,19.5549533,51.8102334
4481,19.5549257,51.8079850
4482,19.5548980,51.8057367
4483,19.5548704,51.8034883
4484,19.5548428,51.8012399
4485,19.5548152,51.7989915
4486,19.5547876,51.7967431
4487,19.5547601,51.7944947
4488,19.5547325,51.7922463
4489,19.5547049,51.7899979
4490,19.5546773,51.7877496
4491,19.5546497,51.7855012
4492,19.5546222,51.7832528
4493,19.5545946,51.7810044
4494,19.5545670,51.7787560
4495,19.5545395,51.7765076
4496,19.5545119,51.7742592
4497,19.5544844,51.7720108
4498,19.5544568,51.7697624
4499,19.5544293,51.7675140
4500,19.5544017,51.7652656
4501,19.5543742,51.7630172
4502,19.5543466,51.7607688
4503,19.5543191,51.7585204
4504,19.5542916,51.7562720
4505,19.5542640,51.7540236
4506,19.5542365,51.7517752
4507,19.5542090,51.7495268
4508,19.5541815,51.7472784
4509,19.5541540,51.7450300
4510,19.5541265,51.7427816
4511,19.5540990,51.7405332
4512,19.5540715,51.7382848
4513,19.5540440,51.7360363
4514,19.5540165,51.7337879
4515,19.5539890,51.7315395
4516,19.5539615,51.7292911
4517,19.5539340,51.7270427
4518,19.5539065,51.7247943
4519,19.5538791,51.7225459
4520,19.5538516,51.7202974
4521,19.5538241,51.7180490
4522,19.5537967,51.7158006
4523,19.5537692,51.7135522
4524,19.5537417,51.7113038
4525,19.5537143,51.7090554
4526,19.5536868,51.7068069
4527,19.5536594,51.7045585
4528,19.5536319,51.7023101
4529,19.5536045,51.7000617
4530,19.5535771,51.6978132
4531,19.5535496,51.6955648
4532,19.5585532,51.8473167
4533,19.5585254,51.8450683
4534,19.5584976,51.8428200
4535,19.5584698,51.8405716
4536,19.5584420,51.8383232
4537,19.5584141,51.8360749
4538,19.5583863,51.8338265
4539,19.5581084,51.8113427
4540,19.5580807,51.8090944
4541,19.5580529,51.8068460
4542,19.5580251,51.8045976
4543,19.5579974,51.8023492
4544,19.5579696,51.8001008
4545,19.5579419,51.7978524
4546,19.5579141,51.7956041
4547,19.5578864,51.7933557
4548,19.5578586,51.7911073
4549,19.5578309,51.7888589
4550,19.5578032,51.7866105
4551,19.5577754,51.7843621
4552,19.5577477,51.7821137
4553,19.5577200,51.7798653
4554,19.5576923,51.7776169
4555,19.5576645,51.7753685
4556,19.5576368,51.7731202
4557,19.5576091,51.7708718
4558,19.5575814,51.7686234
4559,19.5575537,51.7663750
4560,19.5575260,51.7641266
4561,19.5574983,51.7618782
4562,19.5574706,51.7596298
4563,19.5574429,51.7573814
4564,19.5574153,51.7551330
4565,19.5573876,51.7528846
4566,19.5573599,51.7506362
4567,19.5573322,51.7483878
4568,19.5573046,51.7461393
4569,19.5572769,51.7438909
4570,19.5572492,51.7416425
4571,19.5572216,51.7393941
4572,19.5571939,51.7371457
4573,19.5571663,51.7348973
4574,19.5571386,51.7326489
4575,19.5571110,51.7304005
4576,19.5570833,51.7281521
4577,19.5570557,51.7259037
4578,19.5570281,51.7236552
4579,19.5570004,51.7214068
4580,19.5569728,51.7191584
4581,19.5569452,51.7169100
4582,19.5569176,51.7146616
4583,19.5568900,51.7124132
4584,19.5568623,51.7101647
4585,19.5568347,51.7079163
4586,19.5568071,51.7056679
4587,19.5567795,51.7034195
4588,19.5567519,51.7011711
4589,19.5567243,51.6989226
4590,19.5566968,51.6966742
4591,19.5616831,51.8461776
4592,19.5616551,51.8439292
4593,19.5616271,51.8416808
4594,19.5615992,51.8394325
4595,19.5615712,51.8371841
4596,19.5615432,51.8349357
4597,19.5612358,51.8102036
4598,19.5612079,51.8079552
4599,19.5611800,51.8057068
4600,19.5611521,51.8034585
4601,19.5611241,51.8012101
4602,19.5610962,51.7989617
4603,19.5610683,51.7967133
4604,19.5610404,51.7944649
4605,19.5610125,51.7922165
4606,19.5609846,51.7899682
4607,19.5609567,51.7877198
4608,19.5609288,51.7854714
4609,19.5609010,51.7832230
4610,19.5608731,51.7809746
4611,19.5608452,51.7787262
4612,19.5608173,51.7764778
4613,19.5607895,51.7742294
4614,19.5607616,51.7719810
4615,19.5607337,51.7697326
4616,19.5607059,51.7674842
4617,19.5606780,51.7652358
4618,19.5606502,51.7629874
4619,19.5606223,51.7607390
4620,19.5605945,51.7584906
4621,19.5605666,51.7562422
4622,19.5605388,51.7539938
4623,19.5605110,51.7517454
4624,19.5604831,51.7494970
4625,19.5604553,51.7472486
4626,19.5604275,51.7450002
4627,19.5603997,51.7427518
4628,19.5603718,51.7405034
4629,19.5603440,51.7382550
4630,19.5603162,51.7360066
4631,19.5602884,51.7337582
4632,19.5602606,51.7315098
4633,19.5602328,51.7292614
4634,19.5602050,51.7270130
4635,19.5601772,51.7247646
4636,19.5601495,51.7225161
4637,19.5601217,51.7202677
4638,19.5600939,51.7180193
4639,19.5600661,51.7157709
4640,19.5600383,51.7135225
4641,19.5600106,51.7112741
4642,19.5599828,51.7090256
4643,19.5599550,51.7067772
4644,19.5599273,51.7045288
4645,19.5598995,51.7022804
4646,19.5598718,51.7000320
4647,19.5598440,51.6977835
4648,19.5648128,51.8450383
4649,19.5647847,51.8427900
4650,19.5647565,51.8405416
4651,19.5647284,51.8382932
4652,19.5647003,51.8360449
4653,19.5643911,51.8113128
4654,19.5643631,51.8090644
4655,19.5643350,51.8068160
4656,19.5643069,51.8045676
4657,19.5642788,51.8023192
4658,19.5642508,51.8000709
4659,19.5642227,51.7978225
4660,19.5641946,51.7955741
4661,19.5641666,51.7933257
4662,19.5641385,51.7910773
4663,19.5641105,51.7888289
4664,19.5640824,51.7865805
4665,19.5640544,51.7843322
4666,19.5640263,51.7820838
4667,19.5639983,51.7798354
4668,19.5639703,51.7775870
4669,19.5639422,51.7753386
4670,19.5639142,51.7730902
4671,19.5638862,51.7708418
4672,19.5638582,51.7685934
4673,19.5638302,51.7663450
4674,19.5638022,51.7640966
4675,19.5637742,51.7618482
4676,19.5637462,51.7595998
4677,19.5637182,51.7573514
4678,19.5636902,51.7551030
4679,19.5636622,51.7528546
4680,19.5636342,51.7506062
4681,19.5636062,51.7483578
4682,19.5635782,51.7461094
4683,19.5635502,51.7438610
4684,19.5635223,51.7416126
4685,19.5634943,51.7393642
4686,19.5634663,51.7371158
4687,19.5634384,51.7348674
4688,19.5634104,51.7326190
4689,19.5633825,51.7303706
4690,19.5633545,51.7281222
4691,19.5633266,51.7258738
4692,19.5632986,51.7236254
4693,19.5632707,51.7213769
4694,19.5632427,51.7191285
4695,19.5632148,51.7168801
4696,19.5631869,51.7146317
4697,19.5631589,51.7123833
4698,19.5631310,51.7101349
4699,19.5631031,51.7078865
4700,19.5630752,51.7056380
4701,19.5630473,51.7033896
4702,19.5629915,51.6988928
4703,19.5629636,51.6966444
4704,19.5678858,51.8394023
4705,19.5678575,51.8371539
4706,19.5675466,51.8124218
4707,19.5675184,51.8101735
4708,19.5674901,51.8079251
4709,19.5674619,51.8056767
4710,19.5674337,51.8034283
4711,19.5674054,51.8011799
4712,19.5673772,51.7989316
4713,19.5673490,51.7966832
4714,19.5673208,51.7944348
4715,19.5672926,51.7921864
4716,19.5672644,51.7899380
4717,19.5672362,51.7876896
4718,19.5672080,51.7854413
4719,19.5671798,51.7831929
4720,19.5671516,51.7809445
4721,19.5671234,51.7786961
4722,19.5670952,51.7764477
4723,19.5670670,51.7741993
4724,19.5670388,51.7719509
4725,19.5670107,51.7697025
4726,19.5669825,51.7674541
4727,19.5669543,51.7652057
4728,19.5669262,51.7629573
4729,19.5668980,51.7607089
4730,19.5668698,51.7584605
4731,19.5668417,51.7562122
4732,19.5668135,51.7539638
4733,19.5667854,51.7517154
4734,19.5667572,51.7494670
4735,19.5667291,51.7472186
4736,19.5667010,51.7449702
4737,19.5666728,51.7427217
4738,19.5666447,51.7404733
4739,19.5666166,51.7382249
4740,19.5665885,51.7359765
4741,19.5665604,51.7337281
4742,19.5665322,51.7314797
4743,19.5665041,51.7292313
4744,19.5664760,51.7269829
4745,19.5664479,51.7247345
4746,19.5664198,51.7224861
4747,19.5663917,51.7202377
4748,19.5663636,51.7179893
4749,19.5663356,51.7157408
4750,19.5663075,51.7134924
4751,19.5662794,51.7112440
4752,19.5662513,51.7089956
4753,19.5662233,51.7067472
4754,19.5661952,51.7044988
4755,19.5707022,51.8135308
4756,19.5706738,51.8112824
4757,19.5706454,51.8090341
4758,19.5706170,51.8067857
4759,19.5705887,51.8045373
4760,19.5705603,51.8022889
4761,19.5705319,51.8000406
4762,19.5705035,51.7977922
4763,19.5704751,51.7955438
4764,19.5704468,51.7932954
4765,19.5704184,51.7910470
4766,19.5703900,51.7887986
4767,19.5703617,51.7865503
4768,19.5703333,51.7843019
4769,19.5703050,51.7820535
4770,19.5702766,51.7798051
4771,19.5702483,51.7775567
4772,19.5702199,51.7753083
4773,19.5701916,51.7730599
4774,19.5701633,51.7708115
4775,19.5701349,51.7685631
4776,19.5701066,51.7663148
4777,19.5700783,51.7640664
4778,19.5700500,51.7618180
4779,19.5700217,51.7595696
4780,19.5699934,51.7573212
4781,19.5699651,51.7550728
4782,19.5699368,51.7528244
4783,19.5699085,51.7505760
4784,19.5698802,51.7483276
4785,19.5698519,51.7460792
4786,19.5698236,51.7438308
4787,19.5697953,51.7415824
4788,19.5697670,51.7393340
4789,19.5697387,51.7370856
4790,19.5697105,51.7348372
4791,19.5696822,51.7325888
4792,19.5696539,51.7303404
4793,19.5696257,51.7280920
4794,19.5695974,51.7258435
4795,19.5695691,51.7235951
4796,19.5695409,51.7213467
4797,19.5695126,51.7190983
4798,19.5694844,51.7168499
4799,19.5694562,51.7146015
4800,19.5694279,51.7123531
4801,19.5693997,51.7101047
4802,19.5693715,51.7078562
4803,19.5693432,51.7056078
4804,19.5693150,51.7033594
4805,19.5738580,51.8146397
4806,19.5738294,51.8123913
4807,19.5738009,51.8101430
4808,19.5737723,51.8078946
4809,19.5737438,51.8056462
4810,19.5737153,51.8033978
4811,19.5736867,51.8011495
4812,19.5736582,51.7989011
4813,19.5736297,51.7966527
4814,19.5736011,51.7944043
4815,19.5735726,51.7921559
4816,19.5735441,51.7899076
4817,19.5735156,51.7876592
4818,19.5734871,51.7854108
4819,19.5734585,51.7831624
4820,19.5734300,51.7809140
4821,19.5734015,51.7786656
4822,19.5733730,51.7764172
4823,19.5733445,51.7741689
4824,19.5733161,51.7719205
4825,19.5732876,51.7696721
4826,19.5732591,51.7674237
4827,19.5732306,51.7651753
4828,19.5732021,51.7629269
4829,19.5731737,51.7606785
4830,19.5731452,51.7584301
4831,19.5731167,51.7561817
4832,19.5730883,51.7539333
4833,19.5730598,51.7516849
4834,19.5730314,51.7494365
4835,19.5730029,51.7471881
4836,19.5729745,51.7449397
4837,19.5729460,51.7426913
4838,19.5729176,51.7404429
4839,19.5728891,51.7381945
4840,19.5728607,51.7359461
4841,19.5728323,51.7336977
4842,19.5728039,51.7314493
4843,19.5727754,51.7292009
4844,19.5727470,51.7269525
4845,19.5727186,51.7247041
4846,19.5726902,51.7224557
4847,19.5726618,51.7202073
4848,19.5726334,51.7179589
4849,19.5726050,51.7157105
4850,19.5725766,51.7134621
4851,19.5725482,51.7112136
4852,19.5725198,51.7089652
4853,19.5724914,51.7067168
4854,19.5724631,51.7044684
4855,19.5770139,51.8157485
4856,19.5769852,51.8135002
4857,19.5769565,51.8112518
4858,19.5769278,51.8090034
4859,19.5768991,51.8067550
4860,19.5768704,51.8045067
4861,19.5768417,51.8022583
4862,19.5768130,51.8000099
4863,19.5767843,51.7977615
4864,19.5767556,51.7955132
4865,19.5767270,51.7932648
4866,19.5766983,51.7910164
4867,19.5766696,51.7887680
4868,19.5766409,51.7865196
4869,19.5766123,51.7842712
4870,19.5765836,51.7820229
4871,19.5765549,51.7797745
4872,19.5765263,51.7775261
4873,19.5764976,51.7752777
4874,19.5764690,51.7730293
4875,19.5764403,51.7707809
4876,19.5764117,51.7685325
4877,19.5763831,51.7662842
4878,19.5763544,51.7640358
4879,19.5763258,51.7617874
4880,19.5762972,51.7595390
4881,19.5762686,51.7572906
4882,19.5762399,51.7550422
4883,19.5762113,51.7527938
4884,19.5761827,51.7505454
4885,19.5761541,51.7482970
4886,19.5761255,51.7460486
4887,19.5760969,51.7438002
4888,19.5760683,51.7415518
4889,19.5760397,51.7393034
4890,19.5760111,51.7370550
4891,19.5759825,51.7348066
4892,19.5759540,51.7325582
4893,19.5759254,51.7303098
4894,19.5758968,51.7280614
4895,19.5758682,51.7258130
4896,19.5758397,51.7235646
4897,19.5758111,51.7213162
4898,19.5757825,51.7190678
4899,19.5757540,51.7168194
4900,19.5757254,51.7145709
4901,19.5756969,51.7123225
4902,19.5756683,51.7100741
4903,19.5756398,51.7078257
4904,19.5756113,51.7055773
4905,19.5801700,51.8168573
4906,19.5801411,51.8146089
4907,19.5801123,51.8123605
4908,19.5800834,51.8101121
4909,19.5800546,51.8078638
4910,19.5800257,51.8056154
4911,19.5799968,51.8033670
4912,19.5799680,51.8011186
4913,19.5799391,51.7988703
4914,19.5799103,51.7966219
4915,19.5798815,51.7943735
4916,19.5798526,51.7921251
4917,19.5798238,51.7898768
4918,19.5797950,51.7876284
4919,19.5797661,51.7853800
4920,19.5797373,51.7831316
4921,19.5797085,51.7808832
4922,19.5796797,51.7786348
4923,19.5796509,51.7763865
4924,19.5796221,51.7741381
4925,19.5795933,51.7718897
4926,19.5795645,51.7696413
4927,19.5795357,51.7673929
4928,19.5795069,51.7651445
4929,19.5794781,51.7628961
4930,19.5794493,51.7606477
4931,19.5794205,51.7583994
4932,19.5793918,51.7561510
4933,19.5793630,51.7539026
4934,19.5793342,51.7516542
4935,19.5793054,51.7494058
4936,19.5792767,51.7471574
4937,19.5792479,51.7449090
4938,19.5792192,51.7426606
4939,19.5791904,51.7404122
4940,19.5791617,51.7381638
4941,19.5791329,51.7359154
4942,19.5791042,51.7336670
4943,19.5790755,51.7314186
4944,19.5790467,51.7291702
4945,19.5790180,51.7269218
4946,19.5789893,51.7246734
4947,19.5789606,51.7224250
4948,19.5789318,51.7201766
4949,19.5789031,51.7179282
4950,19.5788744,51.7156797
4951,19.5788457,51.7134313
4952,19.5788170,51.7111829
4953,19.5787883,51.7089345
4954,19.5787596,51.7066861
4955,19.5787309,51.7044377
4956,19.5832972,51.8157175
4957,19.5832682,51.8134692
4958,19.5832392,51.8112208
4959,19.5832102,51.8089724
4960,19.5831811,51.8067240
4961,19.5831521,51.8044757
4962,19.5831231,51.8022273
4963,19.5830941,51.7999789
4964,19.5830651,51.7977306
4965,19.5830361,51.7954822
4966,19.5830071,51.7932338
4967,19.5829781,51.7909854
4968,19.5829491,51.7887370
4969,19.5829202,51.7864887
4970,19.5828912,51.7842403
4971,19.5828622,51.7819919
4972,19.5828332,51.7797435
4973,19.5828043,51.7774951
4974,19.5827753,51.7752468
4975,19.5827463,51.7729984
4976,19.5827174,51.7707500
4977,19.5826884,51.7685016
4978,19.5826595,51.7662532
4979,19.5826305,51.7640048
4980,19.5826016,51.7617564
4981,19.5825727,51.7595080
4982,19.5825437,51.7572597
4983,19.5825148,51.7550113
4984,19.5824859,51.7527629
4985,19.5824570,51.7505145
4986,19.5824280,51.7482661
4987,19.5823991,51.7460177
4988,19.5823702,51.7437693
4989,19.5823413,51.7415209
4990,19.5823124,51.7392725
4991,19.5822835,51.7370241
4992,19.5822546,51.7347757
4993,19.5822257,51.7325273
4994,19.5821968,51.7302789
4995,19.5821679,51.7280305
4996,19.5821391,51.7257821
4997,19.5821102,51.7235337
4998,19.5820813,51.7212853
4999,19.5820524,51.7190369
5000,19.5820236,51.7167885
5001,19.5819947,51.7145401
5002,19.5819658,51.7122916
5003,19.5819370,51.7100432
5004,19.5819081,51.7077948
5005,19.5818793,51.7055464
5006,19.5818505,51.7032980
5007,19.5864535,51.8168261
5008,19.5864243,51.8145777
5009,19.5863951,51.8123294
5010,19.5863659,51.8100810
5011,19.5863367,51.8078326
5012,19.5863076,51.8055842
5013,19.5862784,51.8033359
5014,19.5862492,51.8010875
5015,19.5862201,51.7988391
5016,19.5861909,51.7965908
5017,19.5861618,51.7943424
5018,19.5861326,51.7920940
5019,19.5861035,51.7898456
5020,19.5860743,51.7875972
5021,19.5860452,51.7853489
5022,19.5860161,51.7831005
5023,19.5859869,51.7808521
5024,19.5859578,51.7786037
5025,19.5859287,51.7763553
5026,19.5858996,51.7741070
5027,19.5858705,51.7718586
5028,19.5858414,51.7696102
5029,19.5858122,51.7673618
5030,19.5857831,51.7651134
5031,19.5857540,51.7628650
5032,19.5857250,51.7606166
5033,19.5856959,51.7583683
5034,19.5856668,51.7561199
5035,19.5856377,51.7538715
5036,19.5856086,51.7516231
5037,19.5855795,51.7493747
5038,19.5855505,51.7471263
5039,19.5855214,51.7448779
5040,19.5854923,51.7426295
5041,19.5854633,51.7403811
5042,19.5854342,51.7381327
5043,19.5854052,51.7358843
5044,19.5853761,51.7336359
5045,19.5853471,51.7313875
5046,19.5853180,51.7291391
5047,19.5852890,51.7268907
5048,19.5852599,51.7246423
5049,19.5852309,51.7223939
5050,19.5852019,51.7201455
5051,19.5851729,51.7178971
5052,19.5851438,51.7156487
5053,19.5851148,51.7134003
5054,19.5850858,51.7111519
5055,19.5850568,51.7089035
5056,19.5850278,51.7066551
5057,19.5849988,51.7044066
5058,19.5895805,51.8156862
5059,19.5895512,51.8134378
5060,19.5895218,51.8111895
5061,19.5894925,51.8089411
5062,19.5894632,51.8066927
5063,19.5894338,51.8044444
5064,19.5894045,51.8021960
5065,19.5893752,51.7999476
5066,19.5893459,51.7976992
5067,19.5893166,51.7954509
5068,19.5892873,51.7932025
5069,19.5892580,51.7909541
5070,19.5892287,51.7887057
5071,19.5891994,51.7864574
5072,19.5891701,51.7842090
5073,19.5891408,51.7819606
5074,19.5891115,51.7797122
5075,19.5890822,51.7774638
5076,19.5890530,51.7752155
5077,19.5890237,51.7729671
5078,19.5889944,51.7707187
5079,19.5889652,51.7684703
5080,19.5889359,51.7662219
5081,19.5889066,51.7639735
5082,19.5888774,51.7617252
5083,19.5888481,51.7594768
5084,19.5888189,51.7572284
5085,19.5887897,51.7549800
5086,19.5887604,51.7527316
5087,19.5887312,51.7504832
5088,19.5887020,51.7482348
5089,19.5886727,51.7459864
5090,19.5886435,51.7437380
5091,19.5886143,51.7414896
5092,19.5885851,51.7392412
5093,19.5885559,51.7369928
5094,19.5885267,51.7347445
5095,19.5884975,51.7324961
5096,19.5884683,51.7302477
5097,19.5884391,51.7279993
5098,19.5884099,51.7257509
5099,19.5883807,51.7235025
5100,19.5883515,51.7212541
5101,19.5883223,51.7190056
5102,19.5882931,51.7167572
5103,19.5882640,51.7145088
5104,19.5882348,51.7122604
5105,19.5882056,51.7100120
5106,19.5881765,51.7077636
5107,19.5881473,51.7055152
5108,19.5881182,51.7032668
5109,19.5880890,51.7010184
5110,19.5927369,51.8167946
5111,19.5927074,51.8145462
5112,19.5926779,51.8122979
5113,19.5926484,51.8100495
5114,19.5926189,51.8078011
5115,19.5925894,51.8055528
5116,19.5925600,51.8033044
5117,19.5925305,51.8010560
5118,19.5925010,51.7988076
5119,19.5924716,51.7965593
5120,19.5924421,51.7943109
5121,19.5924126,51.7920625
5122,19.5923832,51.7898142
5123,19.5923537,51.7875658
5124,19.5923243,51.7853174
5125,19.5922948,51.7830690
5126,19.5922654,51.7808206
5127,19.5922359,51.7785723
5128,19.5922065,51.7763239
5129,19.5921771,51.7740755
5130,19.5921477,51.7718271
5131,19.5921182,51.7695787
5132,19.5920888,51.7673304
5133,19.5920594,51.7650820
5134,19.5920300,51.7628336
5135,19.5920006,51.7605852
5136,19.5919712,51.7583368
5137,19.5919418,51.7560884
5138,19.5919124,51.7538400
5139,19.5918830,51.7515917
5140,19.5918536,51.7493433
5141,19.5918242,51.7470949
5142,19.5917948,51.7448465
5143,19.5917655,51.7425981
5144,19.5917361,51.7403497
5145,19.5917067,51.7381013
5146,19.5916774,51.7358529
5147,19.5916480,51.7336045
5148,19.5916186,51.7313561
5149,19.5915893,51.7291077
5150,19.5915599,51.7268593
5151,19.5915306,51.7246109
5152,19.5915013,51.7223625
5153,19.5914719,51.7201141
5154,19.5914426,51.7178657
5155,19.5914132,51.7156173
5156,19.5913839,51.7133689
5157,19.5913546,51.7111205
5158,19.5913253,51.7088721
5159,19.5912960,51.7066237
5160,19.5912667,51.7043753
5161,19.5912373,51.7021269
5162,19.5912080,51.6998785
5163,19.5958638,51.8156545
5164,19.5958341,51.8134062
5165,19.5958045,51.8111578
5166,19.5957748,51.8089094
5167,19.5957452,51.8066611
5168,19.5957156,51.8044127
5169,19.5956859,51.8021643
5170,19.5956563,51.7999160
5171,19.5956267,51.7976676
5172,19.5955970,51.7954192
5173,19.5955674,51.7931709
5174,19.5955378,51.7909225
5175,19.5955082,51.7886741
5176,19.5954786,51.7864257
5177,19.5954490,51.7841774
5178,19.5954194,51.7819290
5179,19.5953898,51.7796806
5180,19.5953602,51.7774322
5181,19.5953306,51.7751838
5182,19.5953010,51.7729355
5183,19.5952715,51.7706871
5184,19.5952419,51.7684387
5185,19.5952123,51.7661903
5186,19.5951827,51.7639419
5187,19.5951532,51.7616936
5188,19.5951236,51.7594452
5189,19.5950941,51.7571968
5190,19.5950645,51.7549484
5191,19.5950350,51.7527000
5192,19.5950054,51.7504516
5193,19.5949759,51.7482032
5194,19.5949463,51.7459548
5195,19.5949168,51.7437064
5196,19.5948873,51.7414581
5197,19.5948577,51.7392097
5198,19.5948282,51.7369613
5199,19.5947987,51.7347129
5200,19.5947692,51.7324645
5201,19.5947397,51.7302161
5202,19.5947102,51.7279677
5203,19.5946807,51.7257193
5204,19.5946512,51.7234709
5205,19.5946217,51.7212225
5206,19.5945922,51.7189741
5207,19.5945627,51.7167257
5208,19.5945332,51.7144773
5209,19.5945037,51.7122289
5210,19.5944742,51.7099805
5211,19.5944448,51.7077321
5212,19.5944153,51.7054837
5213,19.5943858,51.7032353
5214,19.5943564,51.7009869
5215,19.5943269,51.6987384
5216,19.5989905,51.8145144
5217,19.5989607,51.8122660
5218,19.5989309,51.8100177
5219,19.5989011,51.8077693
5220,19.5988713,51.8055209
5221,19.5988415,51.8032726
5222,19.5988117,51.8010242
5223,19.5987819,51.7987758
5224,19.5987522,51.7965275
5225,19.5987224,51.7942791
5226,19.5986926,51.7920307
5227,19.5986628,51.7897823
5228,19.5986331,51.7875340
5229,19.5986033,51.7852856
5230,19.5985736,51.7830372
5231,19.5985438,51.7807889
5232,19.5985141,51.7785405
5233,19.5984843,51.7762921
5234,19.5984546,51.7740437
5235,19.5984248,51.7717953
5236,19.5983951,51.7695470
5237,19.5983654,51.7672986
5238,19.5983356,51.7650502
5239,19.5983059,51.7628018
5240,19.5982762,51.7605534
5241,19.5982465,51.7583050
5242,19.5982168,51.7560567
5243,19.5981871,51.7538083
5244,19.5981574,51.7515599
5245,19.5981277,51.7493115
5246,19.5980980,51.7470631
5247,19.5980683,51.7448147
5248,19.5980386,51.7425663
5249,19.5980089,51.7403179
5250,19.5979792,51.7380696
5251,19.5979496,51.7358212
5252,19.5979199,51.7335728
5253,19.5978902,51.7313244
5254,19.5978605,51.7290760
5255,19.5978309,51.7268276
5256,19.5978012,51.7245792
5257,19.5977716,51.7223308
5258,19.5977419,51.7200824
5259,19.5977123,51.7178340
5260,19.5976826,51.7155856
5261,19.5976530,51.7133372
5262,19.5976234,51.7110888
5263,19.5975937,51.7088404
5264,19.5975641,51.7065920
5265,19.5975345,51.7043436
5266,19.5975049,51.7020952
5267,19.5974753,51.6998468
5268,19.5974457,51.6975983
5269,19.6021470,51.8156225
5270,19.6021171,51.8133742
5271,19.6020871,51.8111258
5272,19.6020572,51.8088774
5273,19.6020272,51.8066291
5274,19.6019973,51.8043807
5275,19.6019673,51.8021323
5276,19.6019374,51.7998840
5277,19.6019074,51.7976356
5278,19.6018775,51.7953872
5279,19.6018476,51.7931389
5280,19.6018176,51.7908905
5281,19.6017877,51.7886421
5282,19.6017578,51.7863938
5283,19.6017279,51.7841454
5284,19.6016980,51.7818970
5285,19.6016681,51.7796486
5286,19.6016382,51.7774003
5287,19.6016083,51.7751519
5288,19.6015784,51.7729035
5289,19.6015485,51.7706551
5290,19.6015186,51.7684068
5291,19.6014887,51.7661584
5292,19.6014588,51.7639100
5293,19.6014289,51.7616616
5294,19.6013991,51.7594132
5295,19.6013692,51.7571648
5296,19.6013393,51.7549165
5297,19.6013095,51.7526681
5298,19.6012796,51.7504197
5299,19.6012498,51.7481713
5300,19.6012199,51.7459229
5301,19.6011901,51.7436745
5302,19.6011602,51.7414261
5303,19.6011304,51.7391777
5304,19.6011006,51.7369294
5305,19.6010707,51.7346810
5306,19.6010409,51.7324326
5307,19.6010111,51.7301842
5308,19.6009813,51.7279358
5309,19.6009515,51.7256874
5310,19.6009216,51.7234390
5311,19.6008918,51.7211906
5312,19.6008620,51.7189422
5313,19.6008322,51.7166938
5314,19.6008024,51.7144454
5315,19.6007726,51.7121970
5316,19.6007429,51.7099486
5317,19.6007131,51.7077002
5318,19.6006833,51.7054518
5319,19.6006535,51.7032034
5320,19.6006238,51.7009550
5321,19.6005940,51.6987066
5322,19.6005642,51.6964582
5323,19.6052736,51.8144822
5324,19.6052435,51.8122339
5325,19.6052134,51.8099855
5326,19.6051833,51.8077371
5327,19.6051532,51.8054888
5328,19.6051231,51.8032404
5329,19.6050929,51.8009920
5330,19.6050629,51.7987437
5331,19.6050328,51.7964953
5332,19.6050027,51.7942469
5333,19.6049726,51.7919986
5334,19.6049425,51.7897502
5335,19.6049124,51.7875018
5336,19.6048824,51.7852535
5337,19.6048523,51.7830051
5338,19.6048222,51.7807567
5339,19.6047922,51.7785083
5340,19.6047621,51.7762600
5341,19.6047320,51.7740116
5342,19.6047020,51.7717632
5343,19.6046720,51.7695148
5344,19.6046419,51.7672665
5345,19.6046119,51.7650181
5346,19.6045818,51.7627697
5347,19.6045518,51.7605213
5348,19.6045218,51.7582729
5349,19.6044918,51.7560246
5350,19.6044617,51.7537762
5351,19.6044317,51.7515278
5352,19.6044017,51.7492794
5353,19.6043717,51.7470310
5354,19.6043417,51.7447826
5355,19.6043117,51.7425342
5356,19.6042817,51.7402859
5357,19.6042517,51.7380375
5358,19.6042217,51.7357891
5359,19.6041918,51.7335407
5360,19.6041618,51.7312923
5361,19.6041318,51.7290439
5362,19.6041018,51.7267955
5363,19.6040719,51.7245471
5364,19.6040419,51.7222987
5365,19.6040119,51.7200503
5366,19.6039820,51.7178019
5367,19.6039520,51.7155535
5368,19.6039221,51.7133051
5369,19.6038921,51.7110567
5370,19.6038622,51.7088083
5371,19.6038323,51.7065599
5372,19.6038023,51.7043115
5373,19.6037724,51.7020631
5374,19.6037425,51.6998147
5375,19.6084303,51.8155902
5376,19.6084000,51.8133418
5377,19.6083697,51.8110935
5378,19.6083395,51.8088451
5379,19.6083092,51.8065968
5380,19.6082789,51.8043484
5381,19.6082487,51.8021000
5382,19.6082184,51.7998517
5383,19.6081882,51.7976033
5384,19.6081579,51.7953549
5385,19.6081277,51.7931066
5386,19.6080974,51.7908582
5387,19.6080672,51.7886098
5388,19.6080370,51.7863615
5389,19.6080068,51.7841131
5390,19.6079765,51.7818647
5391,19.6079463,51.7796163
5392,19.6079161,51.7773680
5393,19.6078859,51.7751196
5394,19.6078557,51.7728712
5395,19.6078255,51.7706228
5396,19.6077953,51.7683745
5397,19.6077651,51.7661261
5398,19.6077349,51.7638777
5399,19.6077047,51.7616293
5400,19.6076745,51.7593810
5401,19.6076443,51.7571326
5402,19.6076142,51.7548842
5403,19.6075840,51.7526358
5404,19.6075538,51.7503874
5405,19.6075237,51.7481390
5406,19.6074935,51.7458907
5407,19.6074633,51.7436423
5408,19.6074332,51.7413939
5409,19.6074030,51.7391455
5410,19.6073729,51.7368971
5411,19.6073427,51.7346487
5412,19.6073126,51.7324003
5413,19.6072825,51.7301519
5414,19.6072524,51.7279035
5415,19.6072222,51.7256552
5416,19.6071921,51.7234068
5417,19.6071620,51.7211584
5418,19.6071319,51.7189100
5419,19.6071018,51.7166616
5420,19.6070717,51.7144132
5421,19.6070416,51.7121648
5422,19.6070115,51.7099164
5423,19.6069814,51.7076680
5424,19.6069513,51.7054196
5425,19.6069212,51.7031712
5426,19.6068911,51.7009228
5427,19.6068610,51.6986744
5428,19.6115567,51.8144497
5429,19.6115263,51.8122014
5430,19.6114958,51.8099530
5431,19.6114654,51.8077046
5432,19.6114350,51.8054563
5433,19.6114046,51.8032079
5434,19.6113742,51.8009596
5435,19.6113438,51.7987112
5436,19.6113133,51.7964628
5437,19.6112829,51.7942145
5438,19.6112525,51.7919661
5439,19.6112222,51.7897177
5440,19.6111918,51.7874694
5441,19.6111614,51.7852210
5442,19.6111310,51.7829726
5443,19.6111006,51.7807243
5444,19.6110702,51.7784759
5445,19.6110399,51.7762275
5446,19.6110095,51.7739791
5447,19.6109792,51.7717308
5448,19.6109488,51.7694824
5449,19.6109184,51.7672340
5450,19.6108881,51.7649856
5451,19.6108577,51.7627373
5452,19.6108274,51.7604889
5453,19.6107971,51.7582405
5454,19.6107667,51.7559921
5455,19.6107364,51.7537437
5456,19.6107061,51.7514954
5457,19.6106758,51.7492470
5458,19.6106454,51.7469986
5459,19.6106151,51.7447502
5460,19.6105848,51.7425018
5461,19.6105545,51.7402534
5462,19.6105242,51.7380051
5463,19.6104939,51.7357567
5464,19.6104636,51.7335083
5465,19.6104333,51.7312599
5466,19.6104030,51.7290115
5467,19.6103727,51.7267631
5468,19.6103425,51.7245147
5469,19.6103122,51.7222663
5470,19.6102819,51.7200179
5471,19.6102517,51.7177695
5472,19.6102214,51.7155211
5473,19.6101911,51.7132727
5474,19.6101609,51.7110243
5475,19.6101306,51.7087759
5476,19.6101004,51.7065275
5477,19.6100701,51.7042791
5478,19.6100399,51.7020307
5479,19.6100097,51.6997823
5480,19.6146829,51.8133092
5481,19.6146524,51.8110608
5482,19.6146218,51.8088124
5483,19.6145912,51.8065641
5484,19.6145606,51.8043157
5485,19.6145300,51.8020674
5486,19.6144995,51.7998190
5487,19.6144689,51.7975706
5488,19.6144384,51.7953223
5489,19.6144078,51.7930739
5490,19.6143773,51.7908256
5491,19.6143467,51.7885772
5492,19.6143162,51.7863288
5493,19.6142856,51.7840805
5494,19.6142551,51.7818321
5495,19.6141635,51.7750870
5496,19.6141330,51.7728386
5497,19.6141025,51.7705902
5498,19.6140720,51.7683419
5499,19.6140414,51.7660935
5500,19.6140109,51.7638451
5501,19.6139804,51.7615967
5502,19.6139499,51.7593483
5503,19.6139195,51.7571000
5504,19.6138890,51.7548516
5505,19.6138585,51.7526032
5506,19.6138280,51.7503548
5507,19.6137975,51.7481064
5508,19.6137671,51.7458581
5509,19.6137366,51.7436097
5510,19.6137061,51.7413613
5511,19.6136757,51.7391129
5512,19.6136452,51.7368645
5513,19.6136148,51.7346161
5514,19.6135843,51.7323678
5515,19.6135539,51.7301194
5516,19.6135234,51.7278710
5517,19.6134930,51.7256226
5518,19.6134626,51.7233742
5519,19.6134321,51.7211258
5520,19.6134017,51.7188774
5521,19.6133713,51.7166290
5522,19.6133409,51.7143806
5523,19.6133105,51.7121322
5524,19.6132800,51.7098838
5525,19.6132496,51.7076354
5526,19.6132192,51.7053870
5527,19.6131888,51.7031386
5528,19.6178398,51.8144169
5529,19.6176861,51.8031751
5530,19.6176554,51.8009267
5531,19.6176246,51.7986784
5532,19.6175939,51.7964300
5533,19.6175632,51.7941816
5534,19.6175325,51.7919333
5535,19.6175018,51.7896849
5536,19.6174711,51.7874366
5537,19.6174404,51.7851882
5538,19.6174097,51.7829398
5539,19.6172870,51.7739463
5540,19.6172563,51.7716980
5541,19.6172256,51.7694496
5542,19.6171950,51.7672012
5543,19.6171643,51.7649529
5544,19.6171336,51.7627045
5545,19.6171030,51.7604561
5546,19.6170723,51.7582077
5547,19.6170417,51.7559594
5548,19.6170110,51.7537110
5549,19.6169804,51.7514626
5550,19.6169498,51.7492142
5551,19.6169191,51.7469658
5552,19.6168885,51.7447175
5553,19.6168579,51.7424691
5554,19.6168273,51.7402207
5555,19.6167967,51.7379723
5556,19.6167661,51.7357239
5557,19.6167355,51.7334755
5558,19.6167049,51.7312271
5559,19.6166743,51.7289788
5560,19.6166437,51.7267304
5561,19.6166131,51.7244820
5562,19.6165825,51.7222336
5563,19.6165519,51.7199852
5564,19.6165213,51.7177368
5565,19.6164908,51.7154884
5566,19.6164602,51.7132400
5567,19.6164296,51.7109916
5568,19.6163991,51.7087432
5569,19.6163685,51.7064948
5570,19.6207188,51.7952893
5571,19.6206879,51.7930409
5572,19.6203794,51.7705573
5573,19.6203486,51.7683089
5574,19.6203178,51.7660605
5575,19.6202870,51.7638122
5576,19.6202562,51.7615638
5577,19.6202254,51.7593154
5578,19.6201946,51.7570670
5579,19.6201638,51.7548187
5580,19.6201330,51.7525703
5581,19.6201022,51.7503219
5582,19.6200714,51.7480735
5583,19.6200406,51.7458251
5584,19.6200098,51.7435768
5585,19.6199791,51.7413284
5586,19.6199483,51.7390800
5587,19.6199175,51.7368316
5588,19.6198868,51.7345832
5589,19.6198560,51.7323348
5590,19.6198252,51.7300865
5591,19.6197945,51.7278381
5592,19.6197637,51.7255897
5593,19.6197330,51.7233413
5594,19.6197023,51.7210929
5595,19.6196715,51.7188445
5596,19.6196408,51.7165961
5597,19.6196101,51.7143477
5598,19.6195793,51.7120993
5599,19.6195486,51.7098509
5600,19.6235024,51.7694165
5601,19.6234715,51.7671681
5602,19.6233786,51.7604230
5603,19.6233476,51.7581746
5604,19.6233166,51.7559262
5605,19.6232857,51.7536779
5606,19.6232547,51.7514295
5607,19.6232238,51.7491811
5608,19.6231929,51.7469327
5609,19.6231619,51.7446844
5610,19.6231310,51.7424360
5611,19.6231001,51.7401876
5612,19.6230691,51.7379392
5613,19.6230382,51.7356908
5614,19.6230073,51.7334425
5615,19.6229764,51.7311941
5616,19.6229455,51.7289457
5617,19.6229146,51.7266973
5618,19.6228837,51.7244489
5619,19.6228528,51.7222005
5620,19.6228219,51.7199521
5621,19.6227910,51.7177037
5622,19.6227601,51.7154554
5623,19.6227292,51.7132070
5624,19.6264386,51.7547854
5625,19.6264074,51.7525370
5626,19.6263763,51.7502886
5627,19.6263452,51.7480403
5628,19.6263142,51.7457919
5629,19.6262831,51.7435435
5630,19.6262520,51.7412951
5631,19.6262209,51.7390467
5632,19.6261898,51.7367984
5633,19.6261587,51.7345500
5634,19.6261277,51.7323016
5635,19.6260966,51.7300532
5636,19.6260655,51.7278048
5637,19.6260345,51.7255564
5638,19.6260034,51.7233081
5639,19.6259724,51.7210597
5640,19.6259413,51.7188113
5641,19.6295916,51.7558928
5642,19.6295603,51.7536444
5643,19.6295290,51.7513961
5644,19.6294978,51.7491477
5645,19.6294665,51.7468993
5646,19.6294353,51.7446509
5647,19.6294040,51.7424026
5648,19.6293728,51.7401542
5649,19.6293416,51.7379058
5650,19.6293103,51.7356574
5651,19.6292791,51.7334090
5652,19.6292479,51.7311607
5653,19.6292167,51.7289123
5654,19.6291855,51.7266639
5655,19.6291542,51.7244155
5656,19.6291230,51.7221671
5657,19.6327133,51.7547518
5658,19.6326819,51.7525034
5659,19.6326505,51.7502550
5660,19.6358665,51.7558590
5661,19.6358349,51.7536107
5662,19.6358034,51.7513623
5663,19.6389881,51.7547178
5664,19.6389564,51.7524695
