id,lon,lat
0,20.856155134579694,52.2067603620815
1,20.8559678182651,52.20226605155621
2,20.855780551132465,52.19777173711219
3,20.855593333164613,52.19327741874948
4,20.8554061643444,52.18878309646809
5,20.86446692465022,52.25385037132632
6,20.86427845069231,52.249356118052724
7,20.862584411873875,52.20890766209155
8,20.86239643244433,52.204413369596544
9,20.86220850237271,52.19991907317958
10,20.86202062164178,52.19542477284068
11,20.86183279023433,52.190930468579886
12,20.861645008133156,52.1864361603972
13,20.873366796503046,52.3144218329641
14,20.872797585964374,52.30093926883289
15,20.872607948939212,52.29644507293733
16,20.8722288245157,52.28745666936862
17,20.872039337082455,52.28296246169555
18,20.871092647004104,52.260491364444285
19,20.870903458284133,52.25599713321707
20,20.870714319288805,52.25150289806428
21,20.869769369573913,52.2290316634178
22,20.869580528561812,52.224537404712216
23,20.86920299532981,52.21554887552503
24,20.86901430307528,52.21105460504348
25,20.868825660371982,52.206560330636684
26,20.868637067202634,52.20206605230465
27,20.86844852354994,52.19757177004744
28,20.868260029396627,52.19307748386505
29,20.868071584725417,52.18858319375756
30,20.867883189519056,52.18408889972494
31,20.87962215501021,52.31207383461726
32,20.87943175084772,52.307579664791795
33,20.879241396779047,52.303085491037095
34,20.87905109278665,52.29859131335322
35,20.878860838853008,52.29409713174018
36,20.8786706349606,52.28960294619802
37,20.878480481091927,52.285108756726764
38,20.87829037722948,52.28061456332646
39,20.878100323355778,52.276120365997116
40,20.87791031945333,52.2716261647388
41,20.877720365504665,52.26713195955152
42,20.87753046149232,52.26263775043531
43,20.877340607398835,52.258143537390204
44,20.87715080320676,52.253649320416244
45,20.876961048898657,52.24915509951346
46,20.876202530157425,52.231178176614755
47,20.876013025007854,52.226683936068355
48,20.87582356963778,52.22218969159331
49,20.87563416402983,52.217695443189704
50,20.875444808166623,52.21320119085751
51,20.875255502030797,52.208706934596805
52,20.875066245604987,52.2042126744076
53,20.87487703887185,52.199718410289925
54,20.874687881814044,52.19522414224385
55,20.874498774414235,52.19072987026937
56,20.8743097166551,52.186235594366536
57,20.874120708519325,52.18174131453537
58,20.886067917671078,52.31421966189315
59,20.88587684602653,52.30972551034414
60,20.8856858246533,52.305231354862606
61,20.885494853533803,52.30073719544857
62,20.885303932650444,52.29624303210209
63,20.88511306198565,52.291748864823184
64,20.884922241521842,52.28725469361187
65,20.884731471241466,52.2827605184682
66,20.884540751126966,52.27826633939221
67,20.88435008116079,52.27377215638394
68,20.884159461325407,52.269277969443415
69,20.88396889160329,52.26478377857067
70,20.883778371976916,52.26028958376573
71,20.883587902428772,52.25579538502864
72,20.88339748294136,52.251301182359434
73,20.883207113497175,52.246806975758155
74,20.882636305249203,52.23332433236216
75,20.882446135803168,52.228830110032895
76,20.88225601631301,52.22433588377171
77,20.8820659467613,52.21984165357867
78,20.881875927130586,52.21534741945378
79,20.88168595740344,52.210853181397084
80,20.88149603756245,52.20635893940861
81,20.8813061675902,52.201864693488396
82,20.881116347469288,52.19737044363649
83,20.880926577182322,52.19287618985291
84,20.880736856711906,52.18838193213771
85,20.88054718604067,52.18388767049088
86,20.892706087447,52.32085925987226
87,20.892514297693857,52.31636513059381
88,20.89232255840728,52.311870997379465
89,20.892130869569588,52.307376860229276
90,20.891939231163132,52.302882719143284
91,20.89174764317026,52.2983885741215
92,20.89155610557332,52.29389442516399
93,20.89136461835469,52.289400272270775
94,20.89117318149674,52.284906115441885
95,20.890981794981855,52.280411954677355
96,20.890790458792424,52.275917789977235
97,20.890599172910846,52.27142362134155
98,20.890407937319537,52.26692944877034
99,20.890216752000903,52.26243527226364
100,20.89002561693738,52.257941091821486
101,20.889834532111394,52.25344690744391
102,20.889643497505393,52.24895271913094
103,20.889452513101823,52.244458526882646
104,20.889261578883143,52.239964330699024
105,20.889070694831823,52.23547013058012
106,20.888879860930338,52.23097592652598
107,20.88868907716117,52.226481718536625
108,20.888498343506814,52.2219875066121
109,20.888307659949767,52.217493290752465
110,20.888117026472543,52.21299907095771
111,20.88792644305766,52.20850484722789
112,20.887735909687635,52.20401061956304
113,20.887545426345007,52.19951638796321
114,20.887354993012323,52.195022152428415
115,20.88716460967213,52.19052791295871
116,20.886974276306983,52.18603366955411
117,20.886783992899456,52.181539422214655
118,20.899153752793726,52.3230043515213
119,20.898961295060907,52.318510240639064
120,20.89876888797234,52.31401612581761
121,20.898576531510283,52.30952200705697
122,20.898384225657015,52.305027884357195
123,20.898191970394826,52.300533757718306
124,20.897999765706007,52.29603962714037
125,20.89780761157287,52.291545492623406
126,20.89761550797771,52.28705135416743
127,20.897423454902867,52.2825572117725
128,20.897231452330654,52.27806306543865
129,20.89703950024342,52.27356891516594
130,20.896847598623502,52.26907476095436
131,20.896655747453256,52.264580602803974
132,20.896463946715045,52.260086440714815
133,20.896272196391244,52.25559227468692
134,20.896080496464222,52.25109810472033
135,20.89588884691638,52.246603930815084
136,20.895697247730105,52.24210975297121
137,20.895505698887803,52.23761557118875
138,20.895314200371892,52.23312138546772
139,20.895122752164784,52.22862719580818
140,20.894931354248914,52.22413300221017
141,20.89474000660672,52.21963880467373
142,20.894548709220654,52.215144603198866
143,20.89435746207316,52.21065039778565
144,20.894166265146712,52.206156188434086
145,20.89397511842377,52.20166197514425
146,20.893784021886827,52.197167757916134
147,20.893592975518363,52.192673536749815
148,20.893401979300876,52.18817931164532
149,20.893211033216872,52.18368508260265
150,20.905602035627023,52.325149084376505
151,20.905408909754527,52.32065499194873
152,20.905215834704016,52.31616089557839
153,20.905022810457695,52.31166679526554
154,20.904829836997774,52.307172691010194
155,20.904636914306487,52.302678582812405
156,20.904444042366055,52.29818447067223
157,20.904251221158727,52.29369035458967
158,20.90405845066675,52.289196234564784
159,20.903865730872372,52.2847021105976
160,20.90367306175787,52.28020798268817
161,20.90348044330551,52.2757138508365
162,20.903287875497583,52.27121971504269
163,20.903095358316378,52.26672557530674
164,20.902902891744183,52.262231431628656
165,20.90271047576332,52.25773728400853
166,20.902518110356098,52.25324313244637
167,20.902325795504847,52.24874897694222
168,20.902133531191897,52.24425481749613
169,20.901941317399586,52.239760654108125
170,20.901749154110274,52.235266486778244
171,20.901557041306315,52.23077231550652
172,20.901364978970072,52.22627814029302
173,20.901172967083927,52.22178396113774
174,20.900981005630257,52.21728977804076
175,20.900789094591467,52.21279559100208
176,20.90059723394994,52.20830140002176
177,20.9004054236881,52.20380720509982
178,20.90021366378836,52.19931300623632
179,20.90002195423314,52.194818803431296
180,20.899830295004882,52.19032459668478
181,20.89963868608603,52.18583038599681
182,20.899447127459027,52.18133617136741
183,20.91321477295859,52.35425781898158
184,20.913020672412262,52.34976376874286
185,20.911857141756936,52.322799384442625
186,20.91166339858454,52.318305306581664
187,20.91146970639407,52.313811224774824
188,20.91127606516767,52.30931713902215
189,20.9110824748875,52.30482304932367
190,20.910888935535738,52.30032895567943
191,20.91069544709455,52.295834858089485
192,20.91050200954613,52.29134075655387
193,20.910308622872666,52.2868466510726
194,20.910115287056367,52.28235254164573
195,20.909922002079437,52.2778584282733
196,20.9097287679241,52.27336431095534
197,20.909535584572584,52.268870189691924
198,20.909342452007124,52.264376064483045
199,20.909149370209967,52.259881935328764
200,20.908956339163364,52.25538780222912
201,20.90876335884958,52.25089366518415
202,20.908570429250883,52.2463995241939
203,20.908377550349556,52.24190537925839
204,20.90818472212788,52.23741123037768
205,20.90799194456816,52.232917077551804
206,20.907799217652695,52.22842292078078
207,20.907606541363794,52.223928760064695
208,20.907413915683787,52.219434595403555
209,20.907221340594997,52.2149404267974
210,20.907028816079766,52.21044625424626
211,20.90683634212044,52.2059520777502
212,20.90664391869937,52.20145789730923
213,20.906451545798927,52.19696371292342
214,20.906259223401477,52.19246952459281
215,20.906066951489404,52.18797533231741
216,20.905874730045095,52.18348113609726
217,20.919668305208017,52.35640172251172
218,20.919473535133598,52.35190769086422
219,20.91927881634451,52.3474136552672
220,20.918305991050314,52.3249434180406
221,20.9181115795961,52.32044935874727
222,20.9179172193016,52.3159552955047
223,20.917722910148893,52.31146122831292
224,20.91752865212008,52.306967157171975
225,20.917334445197266,52.302473082081924
226,20.917140289362564,52.29797900304279
227,20.916946184598093,52.29348492005462
228,20.916752130885992,52.288990833117445
229,20.916558128208397,52.284496742231305
230,20.916364176547454,52.28000264739626
231,20.91617027588532,52.27550854861232
232,20.915976426204164,52.27101444587956
233,20.91578262748616,52.266520339198
234,20.915588879713482,52.26202622856769
235,20.91539518286833,52.257532113988646
236,20.915201536932898,52.25303799546093
237,20.915007941889396,52.248543872984584
238,20.91481439772004,52.24404974655966
239,20.91462090440705,52.23955561618616
240,20.91442746193267,52.23506148186414
241,20.914234070279132,52.23056734359367
242,20.914040729428688,52.22607320137474
243,20.913847439363604,52.22157905520744
244,20.913654200066137,52.2170849050918
245,20.913461011518567,52.212590751027825
246,20.91326787370318,52.2080965930156
247,20.91307478660227,52.20360243105512
248,20.912881750198135,52.199108265146464
249,20.91268876447308,52.19461409528965
250,20.912495829409433,52.19011992148474
251,20.912302944989513,52.185625743731755
252,20.912110111195656,52.18113156203074
253,20.92612245585153,52.35854526665741
254,20.925927016088707,52.35405125365951
255,20.9257316277895,52.34955723670872
256,20.925536290935874,52.345063215805034
257,20.9253410055098,52.34056919094852
258,20.925145771493263,52.336075162139245
259,20.924950588868253,52.331581129377206
260,20.92475545761677,52.32708709266245
261,20.924560377720816,52.322593051995035
262,20.924365349162414,52.318099007375004
263,20.924170371923584,52.313604958802394
264,20.92397544598636,52.30911090627724
265,20.923780571332788,52.304616849799594
266,20.92358574794492,52.30012278936948
267,20.923390975804807,52.295628724986976
268,20.923196254894524,52.2911346566521
269,20.923001585196147,52.28664058436488
270,20.922806966691756,52.28214650812538
271,20.92261239936345,52.27765242793363
272,20.922417883193326,52.273158343789675
273,20.922223418163505,52.26866425569357
274,20.922029004256096,52.26417016364533
275,20.921834641453227,52.25967606764501
276,20.92164032973704,52.25518196769266
277,20.921446069089676,52.2506878637883
278,20.921251859493296,52.24619375593201
279,20.92105770093005,52.241699644123806
280,20.920863593382116,52.23720552836371
281,20.920669536831674,52.23271140865179
282,20.920475531260905,52.22821728498809
283,20.920281576652012,52.22372315737264
284,20.920087672987197,52.2192290258055
285,20.919893820248674,52.21473489028668
286,20.919700018418663,52.21024075081624
287,20.919506267479395,52.20574660739423
288,20.919312567413108,52.201252460020676
289,20.91911891820205,52.196758308695635
290,20.918925319828475,52.19226415341914
291,20.918731772274647,52.18776999419122
292,20.91853827552284,52.183275831011926
293,20.918344829555334,52.17878166388132
294,20.91815143435442,52.17428749279942
295,20.917958089902392,52.16979331776627
296,20.932773386142692,52.365182441671934
297,20.932577224871103,52.36068845133839
298,20.93238111525958,52.35619445704849
299,20.932185057290013,52.3517004588023
300,20.931989050944296,52.3472064565998
301,20.931793096204352,52.34271245044109
302,20.93159719305209,52.338218440326195
303,20.931401341469442,52.33372442625516
304,20.93120554143834,52.329230408228014
305,20.931009792940728,52.32473638624483
306,20.930814095958564,52.32024236030563
307,20.93061845047381,52.31574833041045
308,20.93042285646842,52.31125429655934
309,20.930227313924398,52.30676025875235
310,20.930031822823715,52.302266216989516
311,20.929836383148373,52.29777217127089
312,20.929640994880373,52.293278121596515
313,20.929445658001733,52.288784067966425
314,20.92925037249447,52.28429001038065
315,20.92905513834062,52.27979594883926
316,20.928859955522213,52.27530188334229
317,20.92866482402131,52.27080781388977
318,20.92846974381996,52.26631374048176
319,20.92827471490023,52.261819663118295
320,20.928079737244186,52.257325581799414
321,20.92788481083392,52.252831496525154
322,20.927689935651518,52.24833740729558
323,20.927495111679082,52.24384331411074
324,20.927300338898714,52.23934921697063
325,20.927105617292536,52.234855115875334
326,20.92691094684267,52.230361010824886
327,20.926716327531256,52.22586690181932
328,20.926521759340424,52.221372788858694
329,20.926327242252334,52.21687867194305
330,20.926132776249144,52.21238455107241
331,20.925938361313012,52.20789042624683
332,20.925743997426128,52.20339629746635
333,20.925549684570665,52.19890216473102
334,20.925355422728828,52.194408028040876
335,20.925161211882806,52.189913887395974
336,20.924967052014814,52.185419742796334
337,20.924772943107076,52.18092559424202
338,20.92457888514181,52.176431441733065
339,20.924384878101257,52.17193728526951
340,20.92419092196766,52.167443124851395
341,20.939032612248667,52.36283127647437
342,20.93883583262815,52.35833730095087
343,20.93863910482798,52.35384332146763
344,20.93844242883,52.34934933802472
345,20.938245804616052,52.344855350622176
346,20.938049232167995,52.34036135926003
347,20.93785271146769,52.335867363938334
348,20.93765624249701,52.33137336465714
349,20.93745982523783,52.32687936141647
350,20.937263459672053,52.3223853542164
351,20.93706714578157,52.31789134305695
352,20.936870883548284,52.313397327938176
353,20.936674672954112,52.30890330886011
354,20.936478513980983,52.3044092858228
355,20.936282406610825,52.299915258826296
356,20.936086350825587,52.29542122787065
357,20.935890346607213,52.29092719295589
358,20.935694393937663,52.28643315408206
359,20.935498492798903,52.28193911124922
360,20.935302643172914,52.2774450644574
361,20.935106845041673,52.27295101370665
362,20.934911098387182,52.268456958997035
363,20.93471540319144,52.26396290032856
364,20.93451975943645,52.25946883770128
365,20.934324167104247,52.25497477111524
366,20.934128626176847,52.2504807005705
367,20.933933136636288,52.2459866260671
368,20.93373769846462,52.24149254760507
369,20.933542311643887,52.23699846518446
370,20.93334697615616,52.23250437880532
371,20.933151691983504,52.228010288467694
372,20.932956459108002,52.223516194171616
373,20.93276127751174,52.21902209591715
374,20.93256614717682,52.214527993704316
375,20.932371068085338,52.210033887533164
376,20.932176040219414,52.20553977740375
377,20.931981063561164,52.2010456633161
378,20.931786138092725,52.19655154527029
379,20.931591263796232,52.19205742326633
380,20.931396440653835,52.18756329730429
381,20.931201668647688,52.18306916738418
382,20.931006947759958,52.178575033506085
383,20.930812277972816,52.17408089567001
384,20.930617659268442,52.16958675387604
385,20.93042309162903,52.16509260812419
386,20.93022857503678,52.16059845841451
387,20.945488617966074,52.364973741985075
388,20.945291168176283,52.36047978528638
389,20.945093770385288,52.35598582462453
390,20.944896424574864,52.35149185999959
391,20.944699130726804,52.34699789141157
392,20.944501888822884,52.34250391886055
393,20.944304698844913,52.33800994234655
394,20.9441075607747,52.33351596186964
395,20.94391047459406,52.32902197742983
396,20.94371344028482,52.32452798902721
397,20.94351645782882,52.32003399666179
398,20.943319527207894,52.31554000033363
399,20.9431226484039,52.311046000042765
400,20.9429258213987,52.306551995789256
401,20.942729046174158,52.302057987573136
402,20.94253232271216,52.297563975394475
403,20.94233565099459,52.29306995925328
404,20.942139031003343,52.28857593914962
405,20.941942462720323,52.284081915083526
406,20.941745946127444,52.279587887055065
407,20.94154948120663,52.27509385506427
408,20.941353067939804,52.270599819111176
409,20.941156706308917,52.266105779195854
410,20.940960396295907,52.26161173531833
411,20.940764137882734,52.25711768747865
412,20.94056793105136,52.25262363567686
413,20.94037177578376,52.24812957991302
414,20.94017567206192,52.24363552018716
415,20.939979619867827,52.23914145649933
416,20.93978361918348,52.234647388849574
417,20.939587669990885,52.23015331723795
418,20.939391772272064,52.225659241664474
419,20.93919592600904,52.2211651621292
420,20.93900013118385,52.21667107863221
421,20.93880438777853,52.21217699117351
422,20.93860869577513,52.20768289975315
423,20.938413055155717,52.203188804371194
424,20.938217465902355,52.19869470502767
425,20.93802192799712,52.19420060172263
426,20.937826441422096,52.189706494456125
427,20.937631006159386,52.185212383228176
428,20.937435622191074,52.18071826803885
429,20.93724028949929,52.1762241488882
430,20.937045008066143,52.17173002577626
431,20.93684977787376,52.16723589870307
432,20.936654598904287,52.162741767668685
433,20.936459471139855,52.15824763267313
434,20.951945242005113,52.36711584779021
435,20.95174712188577,52.36262190997476
436,20.95154905394373,52.358127968192726
437,20.951351038160706,52.35363402244414
438,20.951153074518412,52.349140072729064
439,20.950955162998582,52.344646119047546
440,20.950757303582947,52.340152161399615
441,20.950559496253256,52.33565819978535
442,20.950361740991262,52.33116423420475
443,20.950164037778727,52.32667026465789
444,20.949966386597428,52.322176291144835
445,20.949768787429136,52.3176823136656
446,20.949571240255647,52.31318833222026
447,20.949373745058754,52.308694346808814
448,20.94917630182027,52.304200357431355
449,20.948978910522,52.29970636408791
450,20.94878157114578,52.29521236677854
451,20.94858428367344,52.29071836550329
452,20.948387048086815,52.286224360262175
453,20.94818986436776,52.28173035105527
454,20.94799273249813,52.27723633788263
455,20.947795652459796,52.27274232074427
456,20.94759862423463,52.268248299640284
457,20.947401647804522,52.26375427457067
458,20.947204723151362,52.25926024553549
459,20.94700785025705,52.254766212534804
460,20.946811029103504,52.25027217556865
461,20.946614259672636,52.245778134637064
462,20.946417541946374,52.24128408974012
463,20.94622087590666,52.236790040877835
464,20.946024261535438,52.23229598805027
465,20.945827698814657,52.22780193125746
466,20.945631187726285,52.22330787049947
467,20.94543472825229,52.21881380577635
468,20.945238320374653,52.214319737088125
469,20.94504196407536,52.20982566443484
470,20.944845659336416,52.20533158781656
471,20.94464940613981,52.20083750723332
472,20.944453204467575,52.19634342268519
473,20.94425705430172,52.191849334172176
474,20.944060955624284,52.187355241694355
475,20.943864908417304,52.182861145251756
476,20.943668912662826,52.178367044844435
477,20.943472968342913,52.173872940472435
478,20.94327707543962,52.16937883213583
479,20.943081233935036,52.16488471983461
480,20.94288544381123,52.160390603568864
481,20.95820369373836,52.36476367493575
482,20.958004955485066,52.360269752091966
483,20.95780626956928,52.35577582527817
484,20.95760763597266,52.351281894494456
485,20.95740905467687,52.34678795974082
486,20.95721052566358,52.34229402101735
487,20.957012048914475,52.337800078324086
488,20.95681362441124,52.333306131661075
489,20.956615252135585,52.328812181028354
490,20.956416932069214,52.32431822642598
491,20.956218664193837,52.31982426785401
492,20.95602044849119,52.315330305312465
493,20.955822284943,52.31083633880141
494,20.955624173531014,52.3063423683209
495,20.955426114236985,52.30184839387097
496,20.95522810704267,52.29735441545168
497,20.955030151929837,52.29286043306306
498,20.954832248880273,52.28836644670519
499,20.954634397875758,52.28387245637808
500,20.954436598898088,52.27937846208179
501,20.954238851929066,52.274884463816385
502,20.954041156950506,52.27039046158189
503,20.953843513944236,52.265896455378375
504,20.95364592289208,52.26140244520587
505,20.953448383775875,52.25690843106443
506,20.953250896577476,52.252414412954096
507,20.953053461278735,52.247920390874924
508,20.95285607786152,52.24342636482698
509,20.952658746307698,52.23893233481028
510,20.952461466599157,52.23443830082487
511,20.952264238717788,52.22994426287081
512,20.95206706264549,52.22545022094817
513,20.951869938364172,52.22095617505695
514,20.95167286585575,52.21646212519725
515,20.95147584510215,52.211968071369085
516,20.9512788760853,52.20747401357251
517,20.951081958787157,52.20297995180756
518,20.95088509318966,52.19848588607431
519,20.95068827927478,52.193991816372794
520,20.950491517024474,52.18949774270307
521,20.950294806420725,52.18500366506515
522,20.950098147445523,52.18050958345912
523,20.949901540080855,52.17601549788501
524,20.94970498430873,52.17152140834288
525,20.94950848011116,52.16702731483276
526,20.949312027470157,52.16253321735472
527,20.94911562636776,52.15803911590879
528,20.96466088371572,52.366905080089104
529,20.96446147499097,52.362411176242006
530,20.96426211878228,52.35791726842145
531,20.964062815071237,52.35342335662749
532,20.96386356383945,52.34892944086018
533,20.963664365068524,52.34443552111958
534,20.963465218740076,52.33994159740571
535,20.963266124835737,52.335447669718654
536,20.96306708333714,52.33095373805843
537,20.962868094225936,52.3264598024251
538,20.962669157483766,52.321965862818715
539,20.962470273092308,52.31747191923932
540,20.96227144103322,52.312977971686976
541,20.96207266128819,52.30848402016171
542,20.9618739338389,52.30399006466359
543,20.961675258667054,52.29949610519266
544,20.961476635754355,52.29500214174896
545,20.96127806508252,52.29050817433255
546,20.96107954663327,52.286014202943484
547,20.96088108038834,52.28152022758179
548,20.96068266632947,52.277026248247545
549,20.96048430443841,52.272532264940764
550,20.96028599469692,52.268038277661546
551,20.960087737086763,52.263544286409896
552,20.959889531589724,52.25905029118588
553,20.959691378187575,52.25455629198952
554,20.959493276862123,52.250062288820914
555,20.95929522759516,52.245568281680086
556,20.959097230368506,52.24107427056708
557,20.958899285163973,52.23658025548195
558,20.958701391963388,52.23208623642474
559,20.9585035507486,52.22759221339551
560,20.95830576150144,52.2230981863943
561,20.958108024203774,52.21860415542119
562,20.957910338837454,52.21411012047617
563,20.957712705384363,52.20961608155933
564,20.957515123826376,52.20512203867071
565,20.957317594145376,52.200627991810364
566,20.957120116323274,52.196133940978335
567,20.956922690341965,52.19163988617467
568,20.95672531618337,52.187145827399426
569,20.95652799382941,52.18265176465263
570,20.956330723262017,52.17815769793435
571,20.956133504463132,52.17366362724465
572,20.95593633741471,52.16916955258356
573,20.955739222098696,52.16467547395113
574,20.955542158497067,52.1601813913474
575,20.955345146591796,52.155687304772435
576,20.95514818636487,52.15119321422628
577,20.97091861244306,52.364552240562595
578,20.970718585781327,52.36005835179374
579,20.970518611795786,52.355564459048004
580,20.97031869046797,52.351070562325454
581,20.970118821779433,52.34657666162612
582,20.969919005711727,52.34208275695006
583,20.969719242246416,52.33758884829735
584,20.96951953136507,52.333094935668
585,20.969319873049272,52.32860101906209
586,20.969120267280616,52.32410709847966
587,20.968920714040692,52.31961317392074
588,20.96872121331112,52.31511924538543
589,20.968521765073504,52.310625312873746
590,20.968322369309476,52.30613137638573
591,20.968123026000672,52.30163743592146
592,20.967923735128732,52.297143491480966
593,20.96772449667531,52.2926495430643
594,20.967525310622065,52.28815559067153
595,20.96732617695066,52.28366163430269
596,20.967127095642788,52.27916767395783
597,20.966928066680122,52.27467370963699
598,20.966729090044367,52.27017974134026
599,20.966530165717224,52.26568576906766
600,20.9663312936804,52.26119179281925
601,20.96613247391563,52.256697812595064
602,20.96593370640463,52.25220382839516
603,20.96573499112915,52.24770984021961
604,20.965536328070932,52.24321584806845
605,20.965337717211742,52.23872185194172
606,20.965139158533333,52.234227851839464
607,20.964940652017486,52.229733847761764
608,20.964742197645986,52.22523983970864
609,20.96454379540062,52.220745827680155
610,20.964345445263188,52.21625181167638
611,20.964147147215506,52.21175779169732
612,20.963948901239387,52.20726376774307
613,20.963750707316652,52.202769739813654
614,20.963552565429143,52.19827570790912
615,20.963354475558706,52.19378167202953
616,20.963156437687186,52.18928763217493
617,20.962958451796453,52.18479358834537
618,20.962760517868364,52.1802995405409
619,20.962562635884808,52.175805488761576
620,20.962364805827672,52.171311433007446
621,20.962167027678845,52.166817373278555
622,20.961969301420236,52.16232330957496
623,20.961771627033755,52.1578292418967
624,20.961574004501326,52.15333517024384
625,20.961376433804883,52.14884109461641
626,20.97697502612788,52.35770520167577
627,20.976774434544026,52.3532113240564
628,20.97657389577791,52.348717442456795
629,20.976373409811035,52.344223556876976
630,20.97617297662489,52.33972966731701
631,20.975972596201,52.33523577377695
632,20.975772268520867,52.33074187625684
633,20.975571993566025,52.32624797475671
634,20.975371771318006,52.321754069276665
635,20.97517160175836,52.31726015981672
636,20.974971484868636,52.31276624637694
637,20.974771420630397,52.30827232895737
638,20.974571409025213,52.303778407558056
639,20.974371450034667,52.29928448217907
640,20.974171543640345,52.294790552820444
641,20.973971689823845,52.29029661948225
642,20.973771888566777,52.2858026821645
643,20.97357213985075,52.281308740867296
644,20.97337244365739,52.276814795590646
645,20.973172799968328,52.27232084633462
646,20.97297320876521,52.267826893099304
647,20.972773670029678,52.263332935884684
648,20.9725741837434,52.258838974690846
649,20.97237474988804,52.25434500951785
650,20.97217536844527,52.24985104036573
651,20.97197603939679,52.24535706723456
652,20.97177676272427,52.24086309012436
653,20.971577538409434,52.2363691090352
654,20.971378366433985,52.23187512396714
655,20.971179246779645,52.22738113492021
656,20.970980179428135,52.222887141894475
657,20.970781164361206,52.218393144889994
658,20.970582201560596,52.2138991439068
659,20.97038329100806,52.20940513894496
660,20.970184432685365,52.204911130004504
661,20.96998562657428,52.2004171170855
662,20.96978687265659,52.19592310018801
663,20.969588170914086,52.19142907931208
664,20.969389521328562,52.18693505445774
665,20.969190923881825,52.182441025625046
666,20.968992378555694,52.177946992814086
667,20.96879388533199,52.17345295602486
668,20.96859544419255,52.168958915257456
669,20.96839705511922,52.16446487051192
670,20.96819871809384,52.15997082178829
671,20.968000433098275,52.15547676908663
672,20.967802200114395,52.150982712406986
673,20.967604019124074,52.146488651749415
674,20.98343205804903,52.35984558443057
675,20.983230796049117,52.355351725972874
676,20.983029587045472,52.35085786353143
677,20.982828431019527,52.34636399710628
678,20.982627327952706,52.34187012669748
679,20.982426277826473,52.33737625230512
680,20.982225280622266,52.33288237392921
681,20.982024336321558,52.32838849156981
682,20.981823444905817,52.32389460522699
683,20.981622606356524,52.319400714900794
684,20.98142182065517,52.314906820591276
685,20.981221087783258,52.310412922298475
686,20.981020407722287,52.305919020022465
687,20.98081978045378,52.30142511376329
688,20.980619205959258,52.296931203521005
689,20.980418684220258,52.29243728929565
690,20.980218215218326,52.28794337108731
691,20.98001779893501,52.28344944889599
692,20.979817435351865,52.27895552272179
693,20.979617124450474,52.27446159256474
694,20.979416866212404,52.269967658424896
695,20.979216660619244,52.26547372030231
696,20.979016507652595,52.26097977819704
697,20.978816407294058,52.25648583210912
698,20.978616359525244,52.251991882038624
699,20.97841636432778,52.2474979279856
700,20.9782164216833,52.24300396995011
701,20.978016531573434,52.238510007932184
702,20.97781669397984,52.23401604193188
703,20.977616908884166,52.22952207194926
704,20.977417176268087,52.22502809798439
705,20.977217496113276,52.220534120037286
706,20.97701786840141,52.21604013810805
707,20.976818293114192,52.21154615219668
708,20.976618770233312,52.20705216230326
709,20.97641929974049,52.20255816842784
710,20.97621988161744,52.19806417057047
711,20.97602051584589,52.19357016873121
712,20.97582120240757,52.18907616291012
713,20.975621941284235,52.184582153107215
714,20.975422732457634,52.18008813932258
715,20.975223575909524,52.175594121556244
716,20.975024471621687,52.17110009980831
717,20.974825419575897,52.166606074078764
718,20.974626419753935,52.16211204436771
719,20.974427472137613,52.15761801067517
720,20.97422857670872,52.153123973001215
721,20.974029733449086,52.14862993134589
722,20.973830942340527,52.144135885709254
723,20.989889707540677,52.36198560723222
724,20.989687774964708,52.35749176799466
725,20.989485895563586,52.35299792476983
726,20.989284069318675,52.34850407755782
727,20.989082296211347,52.344010226358655
728,20.988880576222986,52.3395163711724
729,20.98867890933498,52.33502251199911
730,20.988477295528728,52.33052864883883
731,20.988275734785645,52.32603478169163
732,20.988074227087143,52.321540910557566
733,20.98787277241465,52.31704703543667
734,20.987671370749602,52.31255315632901
735,20.98747002207345,52.30805927323463
736,20.98726872636763,52.30356538615361
737,20.987067483613618,52.299071495085975
738,20.986866293792882,52.2945776000318
739,20.9866651568869,52.29008370099114
740,20.986464072877165,52.285589797964015
741,20.98626304174517,52.28109589095052
742,20.986062063472417,52.27660197995069
743,20.98586113804043,52.27210806496458
744,20.98566026543073,52.267614145992255
745,20.98545944562485,52.26312022303375
746,20.985258678604335,52.25862629608913
747,20.98505796435073,52.25413236515846
748,20.984857302845594,52.24963843024178
749,20.984656694070498,52.24514449133915
750,20.98445613800702,52.24065054845062
751,20.984255634636746,52.23615660157623
752,20.984055183941265,52.23166265071607
753,20.983854785902185,52.22716869587016
754,20.98365444050112,52.22267473703857
755,20.983454147719687,52.218180774221366
756,20.983253907539517,52.213686807418576
757,20.983053719942248,52.20919283663026
758,20.982853584909527,52.20469886185648
759,20.982653502423013,52.200204883097285
760,20.98245347246437,52.19571090035276
761,20.982253495015268,52.1912169136229
762,20.98205357005739,52.186722922907805
763,20.98185369757243,52.1822289282075
764,20.981653877542087,52.17773492952206
765,20.981454109948068,52.173240926851534
766,20.98125439477209,52.16874692019598
767,20.981054731995883,52.16425290955545
768,20.980855121601177,52.15975889492998
769,20.980655563569716,52.15526487631963
770,20.980456057883252,52.15077085372447
771,20.98025660452355,52.146276827144554
772,20.980057203472374,52.14178279657992
773,20.979857854711504,52.13728876203063
774,20.979658558222727,52.13279472349674
775,20.979459313987846,52.12830068097829
776,20.97926012198865,52.123806634475365
777,20.996347974584204,52.36412527000049
778,20.99614537127219,52.35963145004157
779,20.99594282131365,52.35513762609186
780,20.99574032468989,52.350643798151445
781,20.995537881382223,52.346149966220366
782,20.99533549137196,52.341656130298674
783,20.995133154640435,52.33716229038644
784,20.994930871168982,52.33266844648371
785,20.99472864093894,52.32817459859053
786,20.994526463931678,52.323680746706984
787,20.994324340128546,52.31918689083309
788,20.99412226951092,52.31469303096895
789,20.993920252060178,52.31019916711457
790,20.993718287757716,52.305705299270045
791,20.99351637658493,52.3012114274354
792,20.993314518523228,52.29671755161072
793,20.993112713554023,52.29222367179604
794,20.992910961658744,52.28772978799142
795,20.99270926281883,52.28323590019691
796,20.992507617015715,52.27874200841257
797,20.992306024230853,52.27424811263845
798,20.99210448444571,52.269754212874645
799,20.99190299764175,52.26526030912116
800,20.991701563800458,52.26076640137806
801,20.991500182903316,52.25627248964542
802,20.991298854931824,52.251778573923275
803,20.991097579867485,52.24728465421169
804,20.990896357691813,52.242790730510734
805,20.990695188386333,52.23829680282044
806,20.990494071932574,52.233802871140874
807,20.99029300831208,52.22930893547206
808,20.990091997506397,52.22481499581412
809,20.98989103949708,52.22032105216705
810,20.98969013426571,52.21582710453096
811,20.98948928179385,52.21133315290582
812,20.98928848206309,52.20683919729177
813,20.989087735055016,52.202345237688824
814,20.988887040751237,52.197851274097054
815,20.988686399133368,52.1933573065165
816,20.98848581018302,52.18886333494723
817,20.98828527388182,52.184369359389294
818,20.988084790211417,52.179875379842734
819,20.987884359153448,52.175381396307635
820,20.987683980689567,52.170887408784026
821,20.987483654801444,52.16639341727197
822,20.98728338147075,52.16189942177153
823,20.987083160679163,52.15740542228275
824,20.98688299240837,52.15291141880569
825,20.986682876640074,52.148417411340404
826,20.986482813355984,52.14392339988696
827,20.986282802537808,52.139429384445386
828,20.98608284416728,52.13493536501576
829,20.985882938226133,52.130441341598136
830,20.9856830846961,52.12594731419256
831,20.98548328355894,52.12145328279908
832,20.985283534796405,52.116959247417775
833,20.985083838390274,52.11246520804868
834,20.984884194322316,52.10797116469186
835,20.98468460257432,52.10347711734736
836,21.002603584952887,52.361770772033424
837,21.002400364277,52.357276967417334
838,21.002197197114526,52.35278315880699
839,21.001994083446693,52.34828934620246
840,21.001791023254768,52.34379552960381
841,21.001588016520014,52.339301709011075
842,21.0013850632237,52.334807884424315
843,21.001182163347107,52.3303140558436
844,21.000979316871526,52.325820223268984
845,21.00077652377826,52.32132638670052
846,21.00057378404862,52.31683254613826
847,21.000371097663916,52.312338701582256
848,21.00016846460548,52.30784485303259
849,20.999965884854642,52.30335100048929
850,20.99976335839275,52.29885714395243
851,20.999560885201163,52.29436328342207
852,20.99935846526123,52.28986941889825
853,20.999156098554334,52.28537555038103
854,20.99895378506185,52.28088167787049
855,20.99875152476517,52.27638780136666
856,20.998549317645683,52.2718939208696
857,20.998347163684805,52.26740003637939
858,20.99814506286395,52.26290614789606
859,20.99794301516454,52.25841225541967
860,20.997741020568014,52.253918358950294
861,20.997539079055805,52.249424458487965
862,20.99733719060937,52.24493055403275
863,20.997135355210172,52.24043664558474
864,20.996933572839673,52.23594273314392
865,20.996731843479353,52.2314488167104
866,20.996530167110702,52.22695489628421
867,20.99632854371521,52.222460971865445
868,20.996126973274386,52.217967043454124
869,20.99592545576974,52.213473111050305
870,20.995723991182796,52.20897917465407
871,20.995522579495084,52.20448523426544
872,20.995321220688144,52.19999128988451
873,20.995119914743526,52.19549734151132
874,20.99491866164278,52.19100338914592
875,20.99471746136748,52.18650943278836
876,20.994516313899197,52.182015472438714
877,20.994315219219516,52.17752150809704
878,20.99411417731003,52.17302753976338
879,20.993913188152337,52.1685335674378
880,20.99371225172805,52.16403959112035
881,20.993511368018783,52.159545610811094
882,20.99331053700617,52.15505162651008
883,20.993109758671846,52.15055763821737
884,20.99290903299745,52.146063645933026
885,20.99270835996464,52.14156964965709
886,20.99250773955508,52.137075649389644
887,20.99230717175044,52.132581645130706
888,20.9921066565324,52.128087636880366
889,20.99190619388265,52.12359362463866
890,20.99170578378288,52.119099608405655
891,20.9915054262148,52.1146055881814
892,20.99130512116013,52.11011156396595
893,20.99110486860059,52.10561753575939
894,20.990904668517913,52.10112350356172
895,21.009062415988062,52.36390973389003
896,21.008858524434913,52.35941594866607
897,21.00865468657385,52.35492215944432
898,21.008450902386045,52.35042836622484
899,21.0082471718527,52.34593456900769
900,21.008043494955015,52.34144076779292
901,21.007839871674193,52.336946962580605
902,21.00763630199145,52.33245315337078
903,21.00743278588802,52.32795934016352
904,21.007229323345143,52.32346552295889
905,21.007025914344055,52.318971701756915
906,21.006822558866013,52.31447787655769
907,21.00661925689228,52.30998404736125
908,21.006416008404127,52.30549021416767
909,21.006212813382838,52.30099637697698
910,21.006009671809704,52.29650253578929
911,21.00580658366602,52.2920086906046
912,21.00560354893309,52.28751484142301
913,21.005400567592247,52.283020988244544
914,21.0051976396248,52.27852713106928
915,21.004994765012093,52.27403326989728
916,21.004791943735466,52.2695394047286
917,21.004589175776267,52.26504553556328
918,21.00438646111587,52.26055166240141
919,21.004183799735635,52.256057785243016
920,21.003981191616944,52.25156390408816
921,21.003778636741185,52.24707001893692
922,21.00357613508976,52.242576129789356
923,21.003373686644068,52.238082236645496
924,21.003171291385527,52.2335883395054
925,21.002968949295557,52.22909443836915
926,21.002766660355597,52.22460053323682
927,21.002564424547085,52.22010662410842
928,21.002362241851475,52.21561271098403
929,21.00216011225022,52.21111879386372
930,21.00195803572479,52.20662487274752
931,21.001756012256667,52.2021309476355
932,21.00155404182733,52.19763701852774
933,21.00135212441828,52.193143085424275
934,21.00115026001101,52.18864914832516
935,21.000948448587046,52.18415520723046
936,21.000746690127897,52.179661262140236
937,21.0005449846151,52.17516731305453
938,21.000343332030194,52.17067335997343
939,21.00014173235472,52.16617940289696
940,20.999940185570242,52.16168544182521
941,20.99973869165832,52.157191476758214
942,20.999537250600532,52.15269750769602
943,20.99933586237846,52.14820353463871
944,20.999134526973688,52.14370955758635
945,20.998933244367823,52.139215576538966
946,20.998732014542476,52.13472159149664
947,20.99853083747926,52.130227602459414
948,20.998329713159805,52.125733609427364
949,20.998128641565742,52.12123961240054
950,20.99792762267872,52.11674561137897
951,20.997726656480385,52.112251606362754
952,20.99752574295241,52.107757597351934
953,20.99732488207645,52.103263584346564
954,21.01511279304909,52.357060799983266
955,21.014908338181517,52.35256702620734
956,21.014703937147008,52.34807324843018
957,21.014499589926693,52.343579466651875
958,21.014295296501725,52.339085680872444
959,21.014091056853253,52.33459189109198
960,21.01388687096245,52.330098097310525
961,21.013682738810477,52.325604299528145
962,21.01347866037852,52.321110497744904
963,21.013274635647775,52.31661669196085
964,21.013070664599432,52.31212288217605
965,21.012866747214712,52.30762906839055
966,21.01266288347482,52.303135250604434
967,21.012459073360994,52.29864142881774
968,21.01225531685446,52.294147603030545
969,21.01205161393647,52.28965377324289
970,21.011847964588274,52.28515993945484
971,21.01164436879113,52.28066610166647
972,21.01144082652632,52.27617225987781
973,21.011237337775125,52.27167841408893
974,21.011033902518818,52.267184564299924
975,21.010830520738715,52.26269071051081
976,21.010627192416113,52.25819685272165
977,21.010423917532336,52.25370299093251
978,21.0102206960687,52.24920912514346
979,21.01001752800655,52.24471525535454
980,21.009814413327216,52.24022138156584
981,21.009611352012065,52.23572750377739
982,21.00940834404245,52.231233621989254
983,21.009205389399735,52.226739736201495
984,21.00900248806531,52.22224584641417
985,21.008799640020555,52.217751952627346
986,21.008596845246867,52.21325805484108
987,21.008394103725657,52.20876415305543
988,21.008191415438336,52.204270247270436
989,21.007988780366322,52.199776337486185
990,21.007786198491054,52.19528242370272
991,21.007583669793974,52.19078850592012
992,21.00738119425652,52.186294584138416
993,21.007178771860165,52.18180065835767
994,21.00697640258637,52.17730672857796
995,21.006774086416613,52.17281279479934
996,21.006571823332372,52.168318857021866
997,21.006369613315147,52.16382491524561
998,21.006167456346443,52.15933096947059
999,21.005965352407767,52.1548370196969
1000,21.00576330148064,52.1503430659246
1001,21.005561303546596,52.145849108153726
1002,21.005359358587167,52.14135514638436
1003,21.005157466583903,52.13686118061656
1004,21.004955627518356,52.13236721085037
1005,21.004753841372096,52.12787323708585
1006,21.004552108126692,52.12337925932307
1007,21.004350427763725,52.11888527756207
1008,21.00414880026479,52.114391291802946
1009,21.003947225611483,52.10989730204572
1010,21.003745703785416,52.10540330829046
1011,21.021776696259202,52.36369283061269
1012,21.021571516521405,52.359199080343686
1013,21.02136639081427,52.35470532606983
1014,21.02116131911885,52.35021156779119
1015,21.02095630141623,52.345717805507824
1016,21.020751337687486,52.34122403921978
1017,21.020546427913708,52.33673026892714
1018,21.020341572076006,52.33223649462995
1019,21.020136770155478,52.32774271632828
1020,21.019932022133247,52.323248934022196
1021,21.019727327990438,52.318755147711734
1022,21.01952268770819,52.31426135739699
1023,21.019318101267647,52.30976756307798
1024,21.019113568649963,52.305273764754794
1025,21.018909089836303,52.30077996242749
1026,21.018704664807835,52.29628615609614
1027,21.01850029354575,52.29179234576078
1028,21.018295976031226,52.287298531421484
1029,21.01809171224547,52.282804713078306
1030,21.017887502169692,52.27831089073132
1031,21.017683345785105,52.273817064380566
1032,21.017479243072934,52.269323234026125
1033,21.017275194014417,52.26482939966805
1034,21.0170711985908,52.26033556130639
1035,21.016867256783335,52.25584171894122
1036,21.016663368573283,52.25134787257259
1037,21.016459533941916,52.24685402220057
1038,21.01625575287051,52.24236016782524
1039,21.016052025340365,52.23786630944661
1040,21.01584835133277,52.233372447064774
1041,21.01564473082903,52.22887858067978
1042,21.01544116381047,52.2243847102917
1043,21.01523765025841,52.21989083590059
1044,21.01503419015418,52.21539695750652
1045,21.014830783479123,52.21090307510952
1046,21.0146274302146,52.20640918870968
1047,21.014424130341965,52.20191529830705
1048,21.014220883842587,52.197421403901686
1049,21.01401769069784,52.192927505493664
1050,21.01381455088912,52.18843360308303
1051,21.013611464397822,52.18393969666983
1052,21.01340843120534,52.179445786254156
1053,21.0132054512931,52.17495187183606
1054,21.013002524642523,52.17045795341559
1055,21.01279965123503,52.16596403099281
1056,21.012596831052075,52.1614701045678
1057,21.012394064075103,52.15697617414058
1058,21.012191350285566,52.15248223971124
1059,21.011988689664935,52.14798830127984
1060,21.01178608219469,52.14349435884643
1061,21.01158352785631,52.13900041241108
1062,21.011381026631287,52.13450646197384
1063,21.011178578501124,52.130012507534765
1064,21.010976183447337,52.12551854909394
1065,21.010773841451442,52.1210245866514
1066,21.01057155249497,52.11653062020722
1067,21.010369316559455,52.112036649761464
1068,21.010167133626446,52.10754267531416
1069,21.009965003677497,52.103048696865415
1070,21.028236707887807,52.365830731150254
1071,21.02803085697188,52.36133700044544
1072,21.027825060265393,52.3568432657322
1073,21.027619317749338,52.35234952701058
1074,21.027413629404734,52.347855784280675
1075,21.027207995212596,52.343362037542526
1076,21.02700241515395,52.3388682867962
1077,21.026796889209837,52.33437453204176
1078,21.026591417361296,52.32988077327925
1079,21.026385999589387,52.32538701050877
1080,21.02618063587517,52.32089324373034
1081,21.02597532619972,52.316399472944056
1082,21.02577007054412,52.311905698149964
1083,21.025564868889454,52.30741191934812
1084,21.025359721216834,52.30291813653861
1085,21.02515462750736,52.29842434972146
1086,21.024949587742153,52.29393055889677
1087,21.024744601902338,52.289436764064575
1088,21.02453966996905,52.28494296522494
1089,21.024334791923447,52.28044916237795
1090,21.024129967746667,52.27595535552363
1091,21.02392519741988,52.27146154466206
1092,21.023720480924258,52.26696772979332
1093,21.023515818240977,52.26247391091744
1094,21.02331120935124,52.25798008803451
1095,21.023106654236233,52.25348626114456
1096,21.022902152877172,52.24899243024768
1097,21.022697705255272,52.24449859534392
1098,21.022493311351756,52.24000475643336
1099,21.022288971147862,52.235510913516016
1100,21.022084684624836,52.23101706659199
1101,21.02188045176393,52.22652321566133
1102,21.0216762725464,52.2220293607241
1103,21.021472146953528,52.217535501780375
1104,21.02126807496659,52.21304163883019
1105,21.021064056566864,52.20854777187362
1106,21.02086009173566,52.204053900910736
1107,21.02065618045428,52.199560025941594
1108,21.020452322704045,52.195066146966234
1109,21.020248518466275,52.19057226398475
1110,21.0200447677223,52.18607837699717
1111,21.01984107045347,52.1815844860036
1112,21.01963742664113,52.17709059100406
1113,21.01943383626664,52.172596691998635
1114,21.019230299311374,52.16810278898738
1115,21.019026815756707,52.163608881970355
1116,21.018823385584028,52.15911497094762
1117,21.01862000877473,52.15462105591923
1118,21.018416685310218,52.150127136885274
1119,21.018213415171907,52.145633213845784
1120,21.018010198341216,52.14113928680083
1121,21.01780703479958,52.13664535575049
1122,21.017603924528437,52.1321514206948
1123,21.017400867509235,52.12765748163382
1124,21.017197863723435,52.123163538567646
1125,21.016994913152498,52.11866959149631
1126,21.016792015777906,52.11417564041987
1127,21.01658917158114,52.109681685338415
1128,21.01638638054369,52.105187726251984
1129,21.03449081438154,52.36347456020835
1130,21.03428434651593,52.35898084511428
1131,21.034077933019525,52.354487126008245
1132,21.03387157387327,52.34999340289033
1133,21.03366526905813,52.34549967576058
1134,21.033459018555057,52.34100594461906
1135,21.03325282234503,52.33651220946586
1136,21.03304668040903,52.33201847030102
1137,21.032840592728046,52.32752472712459
1138,21.032634559283082,52.32303097993667
1139,21.032428580055146,52.3185372287373
1140,21.032222655025258,52.31404347352654
1141,21.03201678417444,52.30954971430447
1142,21.031810967483736,52.305055951071125
1143,21.031605204934188,52.30056218382659
1144,21.031399496506847,52.29606841257094
1145,21.03119384218278,52.29157463730422
1146,21.030988241943067,52.28708085802649
1147,21.030782695768778,52.282587074737826
1148,21.030577203641013,52.27809328743828
1149,21.030371765540863,52.27359949612792
1150,21.030166381449447,52.269105700806804
1151,21.02996105134788,52.26461190147501
1152,21.029755775217282,52.26011809813259
1153,21.0295505530388,52.25562429077959
1154,21.02934538479357,52.251130479416105
1155,21.029140270462754,52.246636664042185
1156,21.028935210027512,52.2421428446579
1157,21.028730203469014,52.237649021263294
1158,21.028525250768443,52.233155193858444
1159,21.028320351906988,52.2286613624434
1160,21.02811550686585,52.22416752701824
1161,21.027910715626234,52.21967368758302
1162,21.02770597816936,52.21517984413782
1163,21.02750129447646,52.21068599668268
1164,21.027296664528755,52.20619214521766
1165,21.027092088307498,52.20169828974285
1166,21.026887565793942,52.19720443025828
1167,21.026683096969347,52.19271056676404
1168,21.026478681814982,52.18821669926019
1169,21.02627432031213,52.18372282774678
1170,21.026070012442084,52.17922895222386
1171,21.02586575818613,52.17473507269152
1172,21.025661557525584,52.17024118914983
1173,21.025457410441756,52.16574730159883
1174,21.025253316915975,52.161253410038576
1175,21.025049276929572,52.15675951446916
1176,21.02484529046389,52.15226561489061
1177,21.024641357500276,52.147771711303015
1178,21.024437478020097,52.14327780370644
1179,21.024233652004717,52.13878389210093
1180,21.024029879435513,52.13428997648656
1181,21.02382616029388,52.12979605686339
1182,21.023622494561202,52.125302133231486
1183,21.023418882218888,52.12080820559089
1184,21.02321532324835,52.11631427394169
1185,21.023011817631016,52.11182033828395
1186,21.02280836534831,52.1073263986177
1187,21.040951388731354,52.36561175955232
1188,21.040744249546854,52.36111806413597
1189,21.04053716491038,52.35662436470407
1190,21.040330134802826,52.35213066125668
1191,21.040123159205073,52.347636953793874
1192,21.03991623809803,52.343143242315705
1193,21.039709371462596,52.33864952682222
1194,21.0395025592797,52.334155807313536
1195,21.039295801530262,52.32966208378967
1196,21.039089098195223,52.32516835625071
1197,21.038882449255528,52.32067462469671
1198,21.038675854692123,52.31618088912773
1199,21.03846931448599,52.31168714954386
1200,21.038262828618087,52.30719340594513
1201,21.038056397069404,52.30269965833162
1202,21.037850019820933,52.298205906703394
1203,21.037643696853667,52.29371215106053
1204,21.037437428148625,52.28921839140309
1205,21.037231213686816,52.28472462773111
1206,21.037025053449277,52.28023086004468
1207,21.03681894741704,52.27573708834386
1208,21.036612895571146,52.27124331262869
1209,21.03640689789266,52.2667495328993
1210,21.03620095436264,52.26225574915568
1211,21.03599506496216,52.257761961397925
1212,21.035789229672307,52.25326816962611
1213,21.035583448474164,52.24877437384029
1214,21.03537772134884,52.24428057404053
1215,21.03517204827743,52.23978677022689
1216,21.03496642924107,52.235292962399434
1217,21.034760864220875,52.23079915055823
1218,21.034555353197987,52.22630533470335
1219,21.034349896153547,52.221811514834826
1220,21.034144493068712,52.21731769095279
1221,21.033939143924645,52.212823863057224
1222,21.033733848702525,52.208330031148236
1223,21.03352860738352,52.2038361952259
1224,21.03332341994883,52.19934235529025
1225,21.033118286379647,52.19484851134137
1226,21.032913206657188,52.190354663379324
1227,21.03270818076266,52.18586081140417
1228,21.032503208677298,52.18136695541597
1229,21.032298290382336,52.17687309541479
1230,21.03209342585901,52.1723792314007
1231,21.031888615088587,52.16788536337376
1232,21.031683858052315,52.16339149133404
1233,21.031479154731475,52.15889761528159
1234,21.031274505107337,52.154403735216476
1235,21.0310699091612,52.14990985113877
1236,21.030865366874355,52.14541596304855
1237,21.03066087822811,52.140922070945855
1238,21.030456443203782,52.136428174830755
1239,21.030252061782694,52.131934274703326
1240,21.030047733946184,52.12744037056361
1241,21.029843459675583,52.1229464624117
1242,21.029639238952257,52.118452550247625
1243,21.02943507175755,52.11395863407148
1244,21.029230958072844,52.10946471388333
1245,21.029026897879508,52.1049707896832
1246,21.04720476933907,52.363254922717125
1247,21.046997013402834,52.358761243017945
1248,21.046789312174326,52.35426755929965
1249,21.046581665634374,52.34977387156232
1250,21.04637407376382,52.34528017980604
1251,21.046166536543495,52.34078648403082
1252,21.045959053954274,52.33629278423679
1253,21.045751625977005,52.331799080423984
1254,21.04554425259257,52.32730537259246
1255,21.045336933781844,52.32281166074231
1256,21.045129669525725,52.318317944873584
1257,21.04492245980511,52.31382422498635
1258,21.04471530460091,52.309330501080666
1259,21.044508203894047,52.3048367731566
1260,21.044301157665444,52.30034304121424
1261,21.04409416589604,52.29584930525363
1262,21.04388722856678,52.291355565274834
1263,21.043680345658622,52.28686182127794
1264,21.04347351715253,52.28236807326298
1265,21.043266743029477,52.27787432123005
1266,21.043060023270446,52.273380565179195
1267,21.042853357856426,52.2688868051105
1268,21.04264674676842,52.26439304102402
1269,21.042440189987442,52.25989927291981
1270,21.042233687494505,52.255405500797956
1271,21.042027239270638,52.25091172465851
1272,21.04182084529688,52.24641794450154
1273,21.04161450555428,52.241924160327116
1274,21.041408220023886,52.23743037213529
1275,21.041201988686765,52.23293657992616
1276,21.040995811524,52.22844278369975
1277,21.04078968851666,52.22394898345616
1278,21.04058361964584,52.219455179195435
1279,21.040377604892647,52.214961370917656
1280,21.040171644238182,52.210467558622874
1281,21.039965737663568,52.20597374231115
1282,21.039759885149934,52.20147992198257
1283,21.039554086678418,52.19698609763717
1284,21.03934834223016,52.192492269275064
1285,21.039142651786314,52.187998436896265
1286,21.03893701532805,52.183504600500875
1287,21.03873143283653,52.179010760088936
1288,21.038525904292946,52.174516915660526
1289,21.03832042967849,52.170023067215716
1290,21.03811500897435,52.16552921475455
1291,21.037909642161743,52.16103535827711
1292,21.03770432922189,52.15654149778346
1293,21.037499070136004,52.15204763327365
1294,21.037293864885328,52.14755376474777
1295,21.03708871345111,52.143059892205876
1296,21.0368836158146,52.13856601564803
1297,21.036678571957058,52.13407213507428
1298,21.036473581859756,52.12957825048473
1299,21.036268645503977,52.125084361879416
1300,21.036063762871006,52.120590469258424
1301,21.03585893394214,52.116096572621785
1302,21.03565415869869,52.111602671969614
1303,21.035449437121972,52.10710876730192
1304,21.053457478477736,52.360897760869754
1305,21.05324910596864,52.35640409693914
1306,21.053040788326907,52.35191042898585
1307,21.052832525533308,52.347416757009995
1308,21.052624317568625,52.34292308101159
1309,21.052416164413653,52.33842940099074
1310,21.05220806604919,52.3339357169475
1311,21.052000022456046,52.32944202888194
1312,21.051792033615037,52.324948336794115
1313,21.051584099506993,52.32045464068412
1314,21.051376220112754,52.31596094055198
1315,21.051168395413164,52.31146723639781
1316,21.050960625389077,52.30697352822164
1317,21.05075291002136,52.30247981602356
1318,21.050545249290884,52.29798609980361
1319,21.050337643178533,52.29349237956189
1320,21.050130091665206,52.28899865529846
1321,21.04992259473179,52.284504927013366
1322,21.049715152359205,52.28001119470668
1323,21.04950776452837,52.27551745837848
1324,21.049300431220214,52.271023718028836
1325,21.049093152415672,52.26652997365782
1326,21.04888592809569,52.262036225265476
1327,21.048678758241227,52.257542472851874
1328,21.048471642833245,52.2530487164171
1329,21.048264581852724,52.248554955961204
1330,21.04805757528064,52.24406119148427
1331,21.047850623097993,52.23956742298636
1332,21.047643725285777,52.23507365046752
1333,21.04743688182501,52.23057987392784
1334,21.0472300926967,52.226086093367364
1335,21.047023357881883,52.22159230878619
1336,21.046816677361605,52.21709852018437
1337,21.046610051116897,52.21260472756196
1338,21.046403479128823,52.20811093091905
1339,21.04619696137845,52.20361713025568
1340,21.045990497846848,52.19912332557194
1341,21.0457840885151,52.194629516867884
1342,21.045577733364297,52.19013570414357
1343,21.04537143237554,52.18564188739909
1344,21.045165185529942,52.1811480666345
1345,21.044958992808624,52.176654241849846
1346,21.04475285419271,52.17216041304523
1347,21.044546769663334,52.16766658022069
1348,21.044340739201647,52.163172743376315
1349,21.044134762788804,52.15867890251215
1350,21.043928840405965,52.154185057628276
1351,21.043722972034306,52.149691208724754
1352,21.04351715765501,52.14519735580165
1353,21.043311397249266,52.14070349885903
1354,21.043105690798274,52.136209637896975
1355,21.042900038283243,52.131715772915534
1356,21.04269443968539,52.12722190391479
1357,21.04248889498594,52.12272803089478
1358,21.042283404166135,52.118234153855596
1359,21.042077967207216,52.1137402727973
1360,21.041872584090434,52.10924638771996
1361,21.05991856011588,52.36303391817939
1362,21.059709516166567,52.35854027409504
1363,21.059500527263474,52.35404662598439
1364,21.059291593387314,52.349552973847516
1365,21.0590827145188,52.34505931768448
1366,21.058873890638672,52.34056565749537
1367,21.05866512172766,52.33607199328023
1368,21.058456407766503,52.33157832503913
1369,21.058247748735965,52.32708465277215
1370,21.058039144616806,52.322590976479376
1371,21.057830595389802,52.31809729616083
1372,21.057622101035737,52.313603611816625
1373,21.057413661535396,52.309109923446805
1374,21.057205276869585,52.30461623105144
1375,21.05699694701912,52.3001225346306
1376,21.05678867196481,52.29562883418437
1377,21.05658045168749,52.2911351297128
1378,21.056372286168,52.28664142121596
1379,21.056164175387178,52.28214770869392
1380,21.05595611932589,52.277653992146746
1381,21.055748117965,52.27316027157452
1382,21.055540171285376,52.2686665469773
1383,21.055332279267905,52.26417281835515
1384,21.05512444189348,52.25967908570814
1385,21.054916659143004,52.255185349036346
1386,21.05470893099739,52.25069160833983
1387,21.054501257437554,52.246197863618654
1388,21.054293638444427,52.24170411487292
1389,21.05408607399895,52.23721036210265
1390,21.053878564082062,52.23271660530793
1391,21.05367110867473,52.22822284448883
1392,21.05346370775792,52.223729079645416
1393,21.053256361312595,52.21923531077777
1394,21.05304906931975,52.21474153788595
1395,21.05284183176037,52.21024776097001
1396,21.052634648615467,52.205753980030046
1397,21.052427519866047,52.201260195066105
1398,21.052220445493127,52.196766406078254
1399,21.05201342547774,52.19227261306658
1400,21.051806459800922,52.187778816031134
1401,21.051599548443725,52.18328501497199
1402,21.0513926913872,52.17879120988921
1403,21.05118588861241,52.17429740078287
1404,21.05097914010044,52.16980358765305
1405,21.050772445832365,52.16530977049978
1406,21.050565805789283,52.160815949323165
1407,21.05035921995229,52.15632212412326
1408,21.0501526883025,52.15182829490011
1409,21.049946210821034,52.14733446165383
1410,21.049739787489017,52.142840624384455
1411,21.049533418287584,52.13834678309207
1412,21.049327103197893,52.13385293777672
1413,21.049120842201084,52.12935908843849
1414,21.048914635278333,52.12486523507745
1415,21.048708482410813,52.12037137769365
1416,21.048502383579702,52.11587751628718
1417,21.04829633876619,52.111383650858095
1418,21.066380258297986,52.36516971486676
1419,21.066170542748836,52.36067609068727
1420,21.065960882424818,52.356182462477854
1421,21.06575127730659,52.35168883023856
1422,21.0655417273748,52.34719519396946
1423,21.065332232610103,52.34270155367063
1424,21.06512279299319,52.338207909342124
1425,21.064913408504733,52.33371426098405
1426,21.064704079125427,52.32922060859644
1427,21.064494804835967,52.324726952179375
1428,21.064285585617068,52.32023329173294
1429,21.064076421449446,52.31573962725717
1430,21.063867312313835,52.31124595875218
1431,21.063658258190973,52.30675228621801
1432,21.0634492590616,52.302258609654714
1433,21.06324031490647,52.297764929062396
1434,21.06303142570636,52.29327124444113
1435,21.06282259144204,52.28877755579096
1436,21.062613812094284,52.284283863111945
1437,21.062405087643903,52.2797901664042
1438,21.062196418071686,52.27529646566775
1439,21.061987803358445,52.27080276090268
1440,21.061779243485006,52.2663090521091
1441,21.0615707384322,52.26181533928702
1442,21.061362288180852,52.257321622436514
1443,21.061153892711825,52.252827901557694
1444,21.060945552005972,52.248334176650594
1445,21.06073726604416,52.2438404477153
1446,21.060529034807264,52.23934671475188
1447,21.060320858276164,52.23485297776039
1448,21.06011273643176,52.23035923674091
1449,21.059904669254944,52.225865491693504
1450,21.059696656726643,52.22137174261827
1451,21.05948869882777,52.21687798951524
1452,21.05928079553926,52.212384232384494
1453,21.059072946842043,52.20789047122611
1454,21.058865152717075,52.203396706040145
1455,21.058657413145312,52.19890293682668
1456,21.058449728107718,52.194409163585775
1457,21.05824209758527,52.18991538631751
1458,21.05803452155896,52.18542160502195
1459,21.05782700000977,52.18092781969916
1460,21.057619532918707,52.1764340303492
1461,21.057412120266786,52.171940236972155
1462,21.057204762035028,52.16744643956811
1463,21.056997458204464,52.162952638137114
1464,21.056790208756127,52.158458832679216
1465,21.056583013671066,52.15396502319451
1466,21.056375872930342,52.14947120968307
1467,21.056168786515016,52.14497739214495
1468,21.055961754406173,52.14048357058024
1469,21.05575477658489,52.13598974498899
1470,21.055547853032262,52.13149591537127
1471,21.05534098372939,52.12700208172714
1472,21.05513416865739,52.122508244056704
1473,21.054927407797372,52.11801440236
1474,21.05472070113047,52.1135205566371
1475,21.05451404863783,52.10902670688809
1476,21.072632185696126,52.362811546635754
1477,21.07242185379163,52.358317938386165
1478,21.07221157727183,52.35382432610305
1479,21.07200135611731,52.349330709786486
1480,21.071791190308662,52.34483708943652
1481,21.071581079826515,52.34034346505323
1482,21.07137102465147,52.335849836636704
1483,21.071161024764162,52.331356204187
1484,21.070951080145228,52.32686256770418
1485,21.070741190775312,52.32236892718836
1486,21.070531356635076,52.31787528263954
1487,21.07032157770518,52.313381634057855
1488,21.070111853966296,52.308887981443334
1489,21.069902185399112,52.304394324796064
1490,21.069692571984323,52.299900664116116
1491,21.069483013702623,52.29540699940359
1492,21.069273510534728,52.29091333065849
1493,21.069064062461358,52.28641965788096
1494,21.06885466946325,52.28192598107102
1495,21.068645331521125,52.277432300228746
1496,21.068436048615748,52.27293861535423
1497,21.06822682072787,52.26844492644754
1498,21.068017647838253,52.26395123350875
1499,21.06780852992768,52.2594575365379
1500,21.067599466976937,52.25496383553509
1501,21.067390458966813,52.25047013050037
1502,21.067181505878107,52.24597642143384
1503,21.066972607691643,52.24148270833555
1504,21.066763764388234,52.23698899120558
1505,21.066554975948712,52.23249527004398
1506,21.066346242353923,52.228001544850855
1507,21.066137563584707,52.223507815626235
1508,21.06592893962193,52.21901408237022
1509,21.065720370446453,52.2145203450829
1510,21.06551185603916,52.210026603764305
1511,21.065303396380926,52.205532858414514
1512,21.065094991452654,52.20103910903361
1513,21.06488664123525,52.19654535562165
1514,21.064678345709616,52.19205159817873
1515,21.064470104856685,52.187557836704904
1516,21.064261918657383,52.183064071200214
1517,21.06405378709265,52.17857030166478
1518,21.06384571014344,52.17407652809864
1519,21.063637687790706,52.16958275050189
1520,21.06342972001542,52.16508896887458
1521,21.063221806798552,52.160595183216785
1522,21.063013948121096,52.15610139352857
1523,21.06280614396404,52.15160759981003
1524,21.06259839430839,52.1471138020612
1525,21.062390699135165,52.142620000282186
1526,21.062183058425376,52.13812619447302
1527,21.06197547216006,52.13363238463381
1528,21.061767940320255,52.12913857076461
1529,21.061560462887016,52.12464475286548
1530,21.061353039841396,52.12015093093652
1531,21.06114567116446,52.11565710497776
1532,21.06093835683729,52.111163274989295
1533,21.060731096840964,52.1066694409712
1534,21.078883441344523,52.36045305362928
1535,21.078672493263657,52.35595946136095
1536,21.078461600726968,52.351465865055495
1537,21.07825076371499,52.346972264712996
1538,21.078039982208274,52.3424786603335
1539,21.077829256187364,52.33798505191709
1540,21.07761858563284,52.33349143946384
1541,21.077407970525268,52.328997822973825
1542,21.077197410845226,52.32450420244712
1543,21.07698690657331,52.320010577883785
1544,21.07677645769013,52.315516949283904
1545,21.07656606417628,52.31102331664756
1546,21.076355726012395,52.30652967997479
1547,21.076145443179097,52.30203603926569
1548,21.075935215657026,52.29754239452033
1549,21.075725043426825,52.29304874573878
1550,21.075514926469165,52.288555092921115
1551,21.075304864764696,52.28406143606741
1552,21.075094858294104,52.27956777517773
1553,21.07488490703807,52.27507411025215
1554,21.07467501097729,52.27058044129074
1555,21.074465170092463,52.26608676829359
1556,21.074255384364307,52.26159309126076
1557,21.074045653773542,52.2570994101923
1558,21.0738359783009,52.25260572508831
1559,21.073626357927118,52.24811203594884
1560,21.073416792632944,52.243618342774
1561,21.073207282399142,52.239124645563834
1562,21.07299782720648,52.23463094431842
1563,21.07278842703573,52.230137239037816
1564,21.07257908186768,52.22564352972211
1565,21.072369791683126,52.22114981637139
1566,21.072160556462872,52.216656098985695
1567,21.071951376187734,52.2121623775651
1568,21.07174225083853,52.2076686521097
1569,21.071533180396095,52.203174922619546
1570,21.071324164841272,52.19868118909473
1571,21.07111520415491,52.194187451535306
1572,21.070906298317865,52.18969370994135
1573,21.070697447311012,52.18519996431295
1574,21.07048865111522,52.18070621465016
1575,21.070279909711385,52.17621246095305
1576,21.070071223080397,52.17171870322169
1577,21.06986259120316,52.16722494145619
1578,21.069654014060596,52.16273117565658
1579,21.06944549163362,52.15823740582294
1580,21.069237023903167,52.15374363195534
1581,21.06902861085018,52.14924985405387
1582,21.068820252455605,52.144756072118575
1583,21.068611948700408,52.14026228614956
1584,21.068403699565554,52.13576849614686
1585,21.068195505032023,52.131274702110574
1586,21.067987365080793,52.12678090404076
1587,21.067779279692875,52.1222871019375
1588,21.067571248849262,52.11779329580086
1589,21.067363272530972,52.1132994856309
1590,21.067155350719027,52.108805671427724
1591,21.06694748339446,52.10431185319136
1592,21.08492246118435,52.35360065969649
1593,21.084710952809665,52.349107079420044
1594,21.084499500119062,52.344613495102934
1595,21.08428810309303,52.34011990674522
1596,21.084076761712076,52.33562631434701
1597,21.083865475956706,52.33113271790835
1598,21.083654245807438,52.326639117429316
1599,21.0834430712448,52.322145512909984
1600,21.08323195224933,52.31765190435044
1601,21.083020888801585,52.313158291750746
1602,21.08280988088211,52.308664675110975
1603,21.082598928471473,52.304171054431194
1604,21.082388031550252,52.2996774297115
1605,21.082177190099028,52.29518380095195
1606,21.0819664040984,52.29069016815261
1607,21.081755673528964,52.28619653131358
1608,21.081544998371342,52.28170289043491
1609,21.081334378606144,52.277209245516666
1610,21.08112381421401,52.272715596558946
1611,21.080913305175574,52.26822194356182
1612,21.08070285147149,52.263728286525364
1613,21.080492453082414,52.259234625449636
1614,21.080282109989014,52.25474096033471
1615,21.080071822171966,52.25024729118067
1616,21.079861589611962,52.24575361798758
1617,21.079651412289692,52.24125994075553
1618,21.07944129018586,52.23676625948459
1619,21.079231223281187,52.232272574174814
1620,21.079021211556388,52.227778884826286
1621,21.0788112549922,52.22328519143908
1622,21.07860135356936,52.218791494013274
1623,21.078391507268627,52.21429779254895
1624,21.078181716070752,52.20980408704616
1625,21.077971979956512,52.20531037750498
1626,21.07776229890668,52.20081666392549
1627,21.077552672902044,52.19632294630777
1628,21.077343101923404,52.19182922465188
1629,21.077133585951564,52.18733549895791
1630,21.07692412496734,52.18284176922591
1631,21.076714718951553,52.17834803545596
1632,21.07650536788504,52.173854297648155
1633,21.07629607174864,52.16936055580256
1634,21.07608683052321,52.164866809919225
1635,21.075877644189607,52.16037305999825
1636,21.075668512728697,52.15587930603968
1637,21.075459436121367,52.15138554804362
1638,21.0752504143485,52.146891786010116
1639,21.075041447390994,52.142398019939264
1640,21.074832535229756,52.137904249831124
1641,21.0746236778457,52.133410475685764
1642,21.074414875219755,52.128916697503286
1643,21.074206127332847,52.12442291528371
1644,21.073997434165925,52.11992912902717
1645,21.07378879569994,52.11543533873368
1646,21.07358021191585,52.110941544403374
1647,21.07337168279463,52.106447746036274
1648,21.07316320831725,52.10195394363247
1649,21.090323596420102,52.33326725242779
1650,21.090111695642513,52.328773672055
1651,21.089899850630115,52.32428008763822
1652,21.088629950531963,52.29731849621817
1653,21.08841849532971,52.29282488349564
1654,21.088207095736706,52.28833126672972
1655,21.087995751733494,52.28383764592049
1656,21.08778446330064,52.279344021068034
1657,21.08757323041871,52.27485039217241
1658,21.087362053068272,52.270356759233714
1659,21.087150931229925,52.26586312225202
1660,21.086939864884258,52.26136948122739
1661,21.086728854011877,52.25687583615989
1662,21.086517898593392,52.25238218704962
1663,21.08630699860943,52.24788853389664
1664,21.08609615404063,52.24339487670103
1665,21.085885364867618,52.23890121546287
1666,21.08567463107106,52.23440755018222
1667,21.085463952631606,52.22991388085916
1668,21.08525332952993,52.22542020749376
1669,21.085042761746713,52.22092653008612
1670,21.08483224926264,52.21643284863629
1671,21.084621792058407,52.21193916314434
1672,21.08441139011472,52.20744547361037
1673,21.0842010434123,52.20295178003443
1674,21.08399075193186,52.198458082416614
1675,21.08378051565415,52.19396438075698
1676,21.083570334559905,52.18947067505563
1677,21.083360208629873,52.184976965312586
1678,21.08315013784482,52.180483251527974
1679,21.082940122185523,52.175989533701845
1680,21.08273016163275,52.17149581183428
1681,21.0825202561673,52.167002085925354
1682,21.082310405769963,52.16250835597514
1683,21.082100610421552,52.15801462198371
1684,21.08189087010288,52.15352088395114
1685,21.081681184794782,52.1490271418775
1686,21.081471554478078,52.14453339576288
1687,21.081261979133618,52.14003964560733
1688,21.081052458742263,52.13554589141095
1689,21.080842993284865,52.13105213317379
1690,21.0806335827423,52.12655837089594
1691,21.080424227095445,52.12206460457748
1692,21.080214926325194,52.117570834218455
1693,21.080005680412444,52.11307705981898
1694,21.079796489338104,52.1085832813791
1695,21.079587353083085,52.104089498898894
1696,21.07937827162832,52.099595712378445
1697,21.094659131368495,52.29046564223603
1698,21.09444711836116,52.28597204155471
1699,21.094235161102155,52.28147843682646
1700,21.09402325957199,52.27698482805137
1701,21.09381141375118,52.27249121522952
1702,21.093599623620243,52.26799759836099
1703,21.09338788915971,52.26350397744586
1704,21.093176210350126,52.259010352484175
1705,21.092964587172045,52.25451672347604
1706,21.092753019606022,52.250023090421514
1707,21.09254150763262,52.245529453320685
1708,21.092330051232437,52.24103581217365
1709,21.09211865038604,52.23654216698044
1710,21.091907305074038,52.23204851774115
1711,21.091696015277037,52.227554864455854
1712,21.091484780975648,52.22306120712465
1713,21.0912736021505,52.21856754574758
1714,21.091062478782224,52.21407388032477
1715,21.090851410851467,52.20958021085623
1716,21.09064039833888,52.20508653734208
1717,21.090429441225126,52.20059285978236
1718,21.090218539490873,52.19609917817721
1719,21.090007693116807,52.19160549252664
1720,21.089796902083616,52.18711180283076
1721,21.089586166371994,52.18261810908965
1722,21.089375485962655,52.178124411303365
1723,21.08916486083631,52.17363070947198
1724,21.088954290973692,52.1691370035956
1725,21.088743776355532,52.16464329367426
1726,21.088533316962582,52.16014957970807
1727,21.08832291277559,52.1556558616971
1728,21.088112563775315,52.1511621396414
1729,21.087902269942536,52.14666841354108
1730,21.087692031258033,52.14217468339619
1731,21.087481847702602,52.13768094920682
1732,21.087271719257032,52.13318721097304
1733,21.08706164590214,52.128693468694934
1734,21.08685162761874,52.12419972237256
1735,21.086641664387663,52.119705972006024
1736,21.086431756189747,52.11521221759536
1737,21.08622190300583,52.11071845914067
1738,21.08601210481677,52.10622469664203
1739,21.085802361603434,52.101730930099514
1740,21.100899098234866,52.28810607725778
1741,21.100686471991235,52.283612492712194
1742,21.100473901654418,52.27911890411609
1743,21.100261387204856,52.27462531146952
1744,21.10004892862301,52.270131714772575
1745,21.099836525889355,52.265638114025336
1746,21.099624178984364,52.26114450922787
1747,21.09941188788852,52.256650900380244
1748,21.09919965258233,52.252157287482554
1749,21.098987473046297,52.24766367053487
1750,21.098775349260933,52.243170049537284
1751,21.098563281206765,52.23867642448986
1752,21.098351268864327,52.23418279539267
1753,21.098139312214162,52.22968916224579
1754,21.097927411236828,52.22519552504931
1755,21.097715565912882,52.22070188380331
1756,21.09750377622289,52.21620823850787
1757,21.097292042147448,52.21171458916304
1758,21.09708036366713,52.20722093576891
1759,21.096868740762545,52.20272727832557
1760,21.096657173414297,52.198233616833086
1761,21.096445661603006,52.19373995129155
1762,21.0962342053093,52.18924628170102
1763,21.09602280451381,52.18475260806158
1764,21.095811459197186,52.1802589303733
1765,21.095600169340084,52.175765248636274
1766,21.09538893492316,52.17127156285057
1767,21.095177755927097,52.16677787301627
1768,21.09496663233257,52.16228417913346
1769,21.094755564120277,52.15779048120217
1770,21.09454455127091,52.15329677922253
1771,21.09433359376519,52.14880307319459
1772,21.094122691583824,52.144309363118445
1773,21.09391184470755,52.13981564899415
1774,21.0937010531171,52.13532193082181
1775,21.093490316793226,52.13082820860147
1776,21.093279635716673,52.12633448233323
1777,21.09306900986822,52.121840752017164
1778,21.092858439228635,52.11734701765333
1779,21.092647923778703,52.11285327924183
1780,21.09243746349921,52.10835953678274
1781,21.092227058370966,52.10386579027611
1782,21.10671197340979,52.27675904787398
1783,21.106498846218734,52.27226547140705
1784,21.106285775053696,52.26777189088614
1785,21.106072759895095,52.263278306311285
1786,21.10585980072335,52.25878471768258
1787,21.105646897518906,52.2542911250001
1788,21.10543405026219,52.24979752826394
1789,21.105221258933668,52.24530392747417
1790,21.105008523513796,52.24081032263087
1791,21.104795843983048,52.23631671373412
1792,21.104583220321903,52.23182310078399
1793,21.104370652510845,52.227329483780544
1794,21.104158140530384,52.222835862723905
1795,21.103945684361022,52.21834223761412
1796,21.103733283983278,52.213848608451286
1797,21.103520939377674,52.209354975235456
1798,21.10330865052476,52.20486133796672
1799,21.10309641740507,52.200367696645166
1800,21.10288423999916,52.19587405127086
1801,21.102672118287597,52.191380401843894
1802,21.10246005225095,52.186886748364344
1803,21.10224804186981,52.18239309083228
1804,21.102036087124763,52.17789942924778
1805,21.101824187996414,52.17340576361092
1806,21.101612344465366,52.168912093921804
1807,21.10140055651225,52.16441842018048
1808,21.101188824117685,52.15992474238705
1809,21.100977147262313,52.15543106054157
1810,21.100765525926782,52.15093737464412
1811,21.100553960091748,52.1464436846948
1812,21.10034244973788,52.141949990693675
1813,21.10013099484585,52.13745629264082
1814,21.09991959539634,52.13296259053632
1815,21.09970825137005,52.128468884380254
1816,21.099496962747676,52.12397517417269
1817,21.099285729509933,52.119481459913715
1818,21.099074551637543,52.11498774160341
1819,21.098863429111237,52.110494019241855
1820,21.09865236191175,52.1060002928291
1821,21.112949376387856,52.274398868184726
1822,21.112735636633193,52.269905307948555
1823,21.112521953062792,52.265411743654745
1824,21.112308325657015,52.26091817530337
1825,21.112094754396225,52.256424602894526
1826,21.111881239260807,52.251931026428274
1827,21.111667780231148,52.2474374459047
1828,21.11145437728765,52.24294386132389
1829,21.11124103041072,52.23845027268592
1830,21.111027739580777,52.233956679990875
1831,21.110814504778244,52.229463083238805
1832,21.110601325983563,52.224969482429834
1833,21.11038820317717,52.22047587756402
1834,21.110175136339528,52.215982268641454
1835,21.109962125451098,52.2114886556622
1836,21.109749170492357,52.20699503862635
1837,21.109536271443783,52.20250141753397
1838,21.10932342828587,52.19800779238516
1839,21.109110640999116,52.193514163179984
1840,21.108897909564043,52.18902052991855
1841,21.108685233961157,52.184526892600886
1842,21.108472614170996,52.1800332512271
1843,21.108260050174096,52.17553960579729
1844,21.108047541951006,52.17104595631152
1845,21.107835089482283,52.16655230276986
1846,21.107622692748492,52.1620586451724
1847,21.10741035173021,52.15756498351922
1848,21.107198066408017,52.153071317810394
1849,21.10698583676252,52.14857764804599
1850,21.10677366277431,52.144083974226135
1851,21.106561544424004,52.13959029635086
1852,21.106349481692224,52.13509661442027
1853,21.1061374745596,52.13060292843443
1854,21.10592552300678,52.12610923839343
1855,21.1057136270144,52.12161554429734
1856,21.105501786563128,52.11712184614625
1857,21.10529000163363,52.11262814394023
1858,21.105078272206587,52.10813443767937
1859,21.104866598262678,52.10364072736373
1860,21.11940051911076,52.27653190502585
1861,21.11918611060824,52.2720383651329
1862,21.118971758467858,52.26754482117859
1863,21.11875746266991,52.26305127316297
1864,21.118543223194706,52.258557721086156
1865,21.118329040022562,52.254064164948225
1866,21.118114913133805,52.24957060474924
1867,21.11790084250877,52.245077040489306
1868,21.117686828127805,52.240583472168495
1869,21.11747286997126,52.23608989978688
1870,21.117258968019495,52.23159632334453
1871,21.117045122252893,52.22710274284157
1872,21.11683133265183,52.222609158278054
1873,21.1166175991967,52.21811556965405
1874,21.116403921867903,52.213621976969684
1875,21.116190300645854,52.20912838022499
1876,21.11597673551097,52.20463477942006
1877,21.115763226443672,52.20014117455499
1878,21.115549773424416,52.195647565629855
1879,21.115336376433635,52.19115395264475
1880,21.11512303545179,52.186660335599726
1881,21.114909750459354,52.18216671449488
1882,21.114696521436798,52.1776730893303
1883,21.114483348364608,52.17317946010605
1884,21.114270231223276,52.168685826822234
1885,21.11405716999331,52.16419218947892
1886,21.11384416465522,52.15969854807618
1887,21.113631215189532,52.1552049026141
1888,21.11341832157677,52.15071125309277
1889,21.113205483797486,52.146217599512276
1890,21.112992701832223,52.141723941872684
1891,21.11277997566154,52.13723028017409
1892,21.112567305266012,52.13273661441656
1893,21.112354690626212,52.12824294460017
1894,21.112142131722727,52.123749270725014
1895,21.111929628536156,52.119255592791184
1896,21.11171718104711,52.114761910798734
1897,21.125852274367755,52.278664581850755
1898,21.12563719695915,52.27417106235949
1899,21.125422176090613,52.26967753880311
1900,21.12520721174238,52.26518401118172
1901,21.1249923038947,52.26069047949537
1902,21.124777452527823,52.25619694374417
1903,21.124562657622008,52.25170340392819
1904,21.124347919157533,52.247209860047526
1905,21.12413323711468,52.24271631210224
1906,21.123918611473737,52.23822276009244
1907,21.123704042215007,52.233729204018196
1908,21.123489529318796,52.229235643879576
1909,21.123275072765423,52.22474207967668
1910,21.123060672535228,52.22024851140959
1911,21.12284632860854,52.215754939078394
1912,21.122632040965705,52.21126136268315
1913,21.122417809587088,52.20676778222398
1914,21.122203634453047,52.20227419770092
1915,21.121989515543962,52.19778060911409
1916,21.12177545284022,52.19328701646356
1917,21.121561446322215,52.188793419749416
1918,21.121347495970348,52.18429981897172
1919,21.121133601765035,52.17980621413058
1920,21.120919763686693,52.175312605226075
1921,21.120705981715762,52.170818992258276
1922,21.120492255832684,52.166325375227274
1923,21.1202785860179,52.16183175413315
1924,21.120064972251875,52.15733812897598
1925,21.11985141451508,52.15284449975586
1926,21.119637912787987,52.14835086647285
1927,21.119424467051093,52.143857229127065
1928,21.119211077284895,52.13936358771854
1929,21.11899774346989,52.134869942247406
1930,21.118784465586597,52.130376292713734
1931,21.11857124361555,52.125882639117584
1932,21.118358077537273,52.12138898145906
1933,21.11814496733231,52.116895319738234
1934,21.132088895666186,52.27630339954861
1935,21.131873205911337,52.27180989644865
1936,21.131657572854714,52.26731638927993
1937,21.131441996476504,52.262822878042506
1938,21.131226476756886,52.25832936273648
1939,21.131011013676073,52.253835843361934
1940,21.130795607214264,52.24934231991895
1941,21.13058025735168,52.2448487924076
1942,21.130364964068555,52.240355260828004
1943,21.13014972734512,52.23586172518021
1944,21.129934547161625,52.2313681854643
1945,21.129719423498326,52.22687464168039
1946,21.129504356335485,52.22238109382854
1947,21.129289345653387,52.217887541908844
1948,21.129074391432308,52.213393985921385
1949,21.128859493652545,52.208900425866254
1950,21.128644652294405,52.2044068617435
1951,21.12842986733819,52.19991329355325
1952,21.128215138764237,52.19541972129557
1953,21.12800046655287,52.19092614497055
1954,21.12778585068443,52.18643256457826
1955,21.12757129113927,52.181938980118794
1956,21.127356787897742,52.17744539159223
1957,21.127142340940228,52.17295179899865
1958,21.1269279502471,52.16845820233818
1959,21.126713615798746,52.16396460161083
1960,21.126499337575563,52.159470996816744
1961,21.12628511555796,52.15497738795596
1962,21.12607094972635,52.15048377502861
1963,21.125856840061157,52.145990158034735
1964,21.125642786542823,52.141496536974444
1965,21.125428789151787,52.13700291184781
1966,21.125214847868506,52.13250928265492
1967,21.125000962673433,52.128015649395856
1968,21.12478713354705,52.12352201207071
1969,21.124573360469835,52.11902837067955
1970,21.138541206709554,52.2784353766206
1971,21.138324847910237,52.273941894035545
1972,21.138108545987127,52.26944840737796
1973,21.137892300920335,52.264954916647945
1974,21.13767611268999,52.260461421845534
1975,21.137459981276237,52.255967922970854
1976,21.13724390665921,52.25147442002397
1977,21.13702788881907,52.24698091300499
1978,21.136811927735984,52.242487401913976
1979,21.136596023390123,52.23799388675104
1980,21.136380175761673,52.23350036751624
1981,21.136164384830828,52.22900684420968
1982,21.135948650577788,52.22451331683142
1983,21.135732972982765,52.22001978538157
1984,21.13551735202599,52.215526249860226
1985,21.13530178768768,52.21103271026744
1986,21.135086279948087,52.20653916660331
1987,21.134870828787452,52.20204561886793
1988,21.134655434186048,52.19755206706137
1989,21.134440096124127,52.19305851118375
1990,21.13422481458198,52.188564951235115
1991,21.13400958953989,52.18407138721557
1992,21.133794420978155,52.179577819125186
1993,21.13357930887708,52.17508424696407
1994,21.133364253216985,52.17059067073228
1995,21.133149253978193,52.166097090429936
1996,21.13293431114104,52.1616035060571
1997,21.132719424685863,52.157109917613845
1998,21.132504594593023,52.15261632510028
1999,21.132289820842885,52.14812272851648
2000,21.13207510341581,52.14362912786254
2001,21.131860442292197,52.13913552313854
2002,21.13164583745242,52.134641914344556
2003,21.131431288876886,52.13014830148067
2004,21.131216796546006,52.12565468454699
2005,21.1310023604402,52.121161063543575
2006,21.14499413006938,52.28056699349574
2007,21.144777102067454,52.27607353148411
2008,21.144560131119764,52.271580065396165
2009,21.14434321720636,52.26708659523201
2010,21.144126360307308,52.26259312099171
2011,21.143909560402683,52.25809964267534
2012,21.143692817472566,52.253606160283034
2013,21.14347613149705,52.24911267381483
2014,21.143259502456235,52.244619183270835
2015,21.14304293033024,52.240125688651155
2016,21.142826415099172,52.23563218995585
2017,21.142609956743172,52.23113868718501
2018,21.142393555242382,52.22664518033872
2019,21.14217721057694,52.22215166941708
2020,21.141960922727012,52.217658154420164
2021,21.14174469167277,52.213164635348086
2022,21.141528517394384,52.2086711122009
2023,21.141312399872046,52.204177584978694
2024,21.141096339085955,52.19968405368157
2025,21.140880335016305,52.19519051830961
2026,21.140664387643326,52.19069697886292
2027,21.140448496947236,52.18620343534154
2028,21.140232662908275,52.1817098877456
2029,21.140016885506675,52.17721633607515
2030,21.139801164722698,52.17272278033031
2031,21.13958550053661,52.168229220511165
2032,21.139369892928677,52.16373565661776
2033,21.13915434187918,52.15924208865024
2034,21.138938847368415,52.15474851660864
2035,21.138723409376677,52.150254940493085
2036,21.138508027884278,52.14576136030364
2037,21.13829270287154,52.141267776040394
2038,21.138077434318788,52.13677418770344
2039,21.13786222220636,52.132280595292855
2040,21.1376470665146,52.12778699880873
2041,21.137431967223876,52.12329339825116
2042,21.151447665725748,52.28269825009437
2043,21.15122996836308,52.278204808714676
2044,21.151012328232728,52.27371136325488
2045,21.150794745314684,52.26921791371509
2046,21.15057721958895,52.264724460095366
2047,21.15035975103554,52.2602310023958
2048,21.150142339634467,52.25573754061651
2049,21.14992498536576,52.25124407475754
2050,21.149707688209464,52.246750604819006
2051,21.14949044814562,52.24225713080099
2052,21.14927326515429,52.2377636527036
2053,21.149056139215542,52.23327017052687
2054,21.148839070309453,52.22877668427095
2055,21.148622058416105,52.22428319393589
2056,21.148405103515596,52.21978969952179
2057,21.14818820558803,52.21529620102875
2058,21.14797136461353,52.21080269845683
2059,21.147754580572208,52.206309191806135
2060,21.147537853444206,52.201815681076766
2061,21.147321183209662,52.197322166268776
2062,21.147104569848736,52.192828647382285
2063,21.146888013341584,52.18833512441738
2064,21.146671513668377,52.183841597374126
2065,21.146455070809303,52.17934806625262
2066,21.14623868474455,52.174854531052944
2067,21.14602235545431,52.17036099177521
2068,21.145806082918803,52.16586744841949
2069,21.14558986711824,52.16137390098588
2070,21.145373708032857,52.15688034947445
2071,21.145157605642886,52.152386793885306
2072,21.14494155992858,52.14789323421852
2073,21.14472557087019,52.143399670474196
2074,21.144509638447982,52.138906102652406
2075,21.14429376264223,52.134412530753245
2076,21.15790181365865,52.2848291463368
2077,21.157683446777114,52.28033572564757
2078,21.15746513730603,52.275842300874466
2079,21.157246885225334,52.27134887201753
2080,21.15702869051496,52.2668554390769
2081,21.15681055315485,52.262362002052626
2082,21.156592473124963,52.257868560944814
2083,21.156374450405266,52.25337511575355
2084,21.15615648497574,52.24888166647892
2085,21.15593857681636,52.24438821312103
2086,21.155720725907123,52.239894755679956
2087,21.15550293222804,52.23540129415579
2088,21.15528519575912,52.23090782854861
2089,21.155067516480383,52.22641435885853
2090,21.154849894371864,52.22192088508561
2091,21.154632329413605,52.21742740722996
2092,21.154414821585664,52.212933925291686
2093,21.154197370868097,52.20844043927083
2094,21.153979977240972,52.20394694916753
2095,21.153762640684374,52.199453454981835
2096,21.153545361178395,52.19495995671386
2097,21.153328138703127,52.190466454363694
2098,21.153110973238686,52.18597294793141
2099,21.152893864765183,52.18147943741712
2100,21.152676813262755,52.17698592282088
2101,21.15245981871153,52.17249240414281
2102,21.152242881091663,52.167998881382985
2103,21.1520260003833,52.1635053545415
2104,21.15180917656662,52.15901182361845
2105,21.15159240962179,52.15451828861391
2106,21.151375699528998,52.15002474952796
2107,21.151159046268432,52.145531206360715
2108,21.150942449820306,52.141037659112264
2109,21.164575668015356,52.291453077995705
2110,21.164356573848043,52.286959682143326
2111,21.164137537289523,52.28246628220315
2112,21.16391855831965,52.27797287817524
2113,21.16369963691829,52.27347947005973
2114,21.163480773065316,52.26898605785668
2115,21.163261966740613,52.264492641566214
2116,21.16304321792407,52.25999922118838
2117,21.162824526595593,52.25550579672329
2118,21.162605892735094,52.25101236817104
2119,21.16238731632249,52.24651893553172
2120,21.162168797337724,52.24202549880542
2121,21.161950335760725,52.23753205799222
2122,21.161731931571445,52.23303861309221
2123,21.16151358474985,52.228545164105505
2124,21.161295295275906,52.22405171103217
2125,21.161077063129593,52.219558253872314
2126,21.160858888290903,52.21506479262603
2127,21.160640770739832,52.21057132729339
2128,21.160422710456384,52.20607785787449
2129,21.16020470742058,52.20158438436941
2130,21.159986761612444,52.19709090677828
2131,21.15976887301202,52.19259742510117
2132,21.15955104159935,52.18810393933815
2133,21.159333267354484,52.183610449489336
2134,21.1591155502575,52.17911695555481
2135,21.158897890288458,52.17462345753465
2136,21.15868028742745,52.17012995542897
2137,21.15846274165457,52.165636449237866
2138,21.15824525294992,52.16114293896139
2139,21.158027821293615,52.156649424599664
2140,21.15781044666577,52.152155906152764
2141,21.157593129046525,52.14766238362079
2142,21.157375868416015,52.14316885700383
2143,21.17081194627381,52.289089857434305
2144,21.1705922398802,52.284596478301715
2145,21.170372591253486,52.2801030950776
2146,21.170153000373467,52.27560970776202
2147,21.169933467219952,52.27111631635511
2148,21.169713991772763,52.26662292085694
2149,21.16949457401173,52.2621295212676
2150,21.169275213916688,52.25763611758719
2151,21.16905591146749,52.2531427098158
2152,21.168836666643987,52.24864929795351
2153,21.168617479426057,52.244155882000435
2154,21.16839834979358,52.239662461956655
2155,21.16817927772643,52.23516903782226
2156,21.167960263204517,52.230675609597355
2157,21.167741306207738,52.226182177282006
2158,21.167522406716017,52.22168874087634
2159,21.167303564709275,52.21719530038042
2160,21.16708478016745,52.21270185579436
2161,21.166866053070482,52.20820840711823
2162,21.166647383398335,52.20371495435214
2163,21.166428771130963,52.19922149749617
2164,21.16621021624835,52.19472803655042
2165,21.165991718730467,52.190234571515
2166,21.165773278557314,52.18574110238996
2167,21.165554895708894,52.18124762917542
2168,21.165336570165216,52.176754151871464
2169,21.165118301906308,52.17226067047818
2170,21.16490009091219,52.16776718499569
2171,21.16468193716291,52.163273695424046
2172,21.16446384063852,52.158780201763356
2173,21.164245801319073,52.154286704013714
2174,21.16402781918464,52.1497932021752
2175,21.1638098942153,52.145299696247925
2176,21.17638677295871,52.27324621449256
2177,21.176166628231154,52.268752839845234
2178,21.175946541367797,52.26425946110292
2179,21.17572651234842,52.259766078265685
2180,21.175506541152803,52.255272691333644
2181,21.17528662776074,52.25077930030689
2182,21.175066772152043,52.24628590518551
2183,21.174846974306522,52.241792505969606
2184,21.174627234204,52.23729910265927
2185,21.174407551824313,52.23280569525459
2186,21.174187927147305,52.22831228375567
2187,21.173968360152827,52.22381886816259
2188,21.173748850820743,52.219325448475445
2189,21.173529399130928,52.21483202469436
2190,21.17331000506326,52.21033859681937
2191,21.173090668597634,52.20584516485062
2192,21.172871389713947,52.20135172878817
2193,21.172652168392116,52.19685828863214
2194,21.172433004612053,52.19236484438261
2195,21.172213898353696,52.18787139603967
2196,21.171994849596985,52.18337794360342
2197,21.17177585832186,52.17888448707396
2198,21.17155692450828,52.17439102645135
2199,21.171338048136224,52.16989756173573
2200,21.171119229185667,52.16540409292717
2201,21.17090046763659,52.16091062002577
2202,21.170681763468988,52.15641714303161
2203,21.170463116662877,52.151923661944785
2204,21.17024452719827,52.1474301767654
2205,21.17002599505519,52.14293668749355
2206,21.1826198760956,52.27088239845148
2207,21.18239911997211,52.26638904061472
2208,21.182178421870628,52.26189567867919
2209,21.181957781770883,52.25740231264502
2210,21.181737199652602,52.2529089425123
2211,21.181516675495534,52.24841556828112
2212,21.18129620927942,52.24392218995157
2213,21.181075800984033,52.23942880752376
2214,21.18085545058913,52.234935420997765
2215,21.180635158074505,52.23044203037369
2216,21.180414923419935,52.225948635651626
2217,21.18019474660523,52.22145523683168
2218,21.179974627610196,52.21696183391395
2219,21.179754566414655,52.21246842689852
2220,21.179534562998427,52.20797501578547
2221,21.179314617341362,52.20348160057491
2222,21.179094729423294,52.198988181266955
2223,21.178874899224095,52.194494757861655
2224,21.178655126723623,52.190001330359145
2225,21.178435411901756,52.18550789875951
2226,21.17821575473838,52.18101446306284
2227,21.177996155213393,52.17652102326921
2228,21.1777766133067,52.17202757937875
2229,21.177557128998217,52.16753413139155
2230,21.177337702267863,52.163040679307656
2231,21.17711833309558,52.15854722312723
2232,21.17689902146131,52.15405376285033
2233,21.176679767345004,52.14956029847705
2234,21.176460570726622,52.14506683000749
2235,21.18863094246307,52.26402491874818
2236,21.18818838229935,52.25503822449023
2237,21.187967189436314,52.25054487120774
2238,21.187746054692077,52.24605151382303
2239,21.18752497804633,52.241558152336225
2240,21.187303959478786,52.23706478674739
2241,21.187082998969156,52.232571417056626
2242,21.18686209649718,52.228078043264034
2243,21.186641252042577,52.22358466536971
2244,21.18642046558511,52.21909128337376
2245,21.18619973710452,52.21459789727627
2246,21.185979066580586,52.21010450707733
2247,21.185758453993074,52.20561111277705
2248,21.185537899321776,52.20111771437553
2249,21.18531740254648,52.19662431187283
2250,21.185096963646995,52.1921309052691
2251,21.184876582603135,52.187637494564406
2252,21.184656259394714,52.183144079758826
2253,21.18443599400158,52.17865066085249
2254,21.184215786403563,52.17415723784548
2255,21.183995636580523,52.169663810737894
2256,21.18377554451232,52.16517037952984
2257,21.183555510178824,52.16067694422139
2258,21.183335533559916,52.156183504812645
2259,21.18311561463549,52.15169006130372
2260,21.182895753385445,52.14719661369468
2261,21.194640175680696,52.257167146161116
2262,21.19441831395411,52.25267381388585
2263,21.19419651052421,52.24818047750451
2264,21.193974765370633,52.24368713701718
2265,21.193753078473023,52.239193792424
2266,21.19353144981103,52.23470044372502
2267,21.193309879364318,52.230207090920345
2268,21.193088367112562,52.2257137340101
2269,21.19286691303545,52.22122037299437
2270,21.192645517112663,52.21672700787324
2271,21.19242417932392,52.21223363864683
2272,21.19220289964892,52.207740265315216
2273,21.191981678067386,52.20324688787851
2274,21.191760514559054,52.19875350633679
2275,21.19153940910367,52.19426012069018
2276,21.19131836168097,52.18976673093878
2277,21.19109737227073,52.18527333708266
2278,21.190876440852715,52.180779939121926
2279,21.1906555674067,52.17628653705668
2280,21.19043475191248,52.171793130887025
2281,21.190213994349854,52.167299720613066
2282,21.189993294698628,52.16280630623487
2283,21.189772652938625,52.15831288775257
2284,21.189552069049668,52.15381946516622
2285,21.1893315430116,52.14932603847596
2286,21.20109257977629,52.259295707445474
2287,21.200870049028584,52.25480239623595
2288,21.200647576755507,52.25030908091649
2289,21.200425162936632,52.24581576148718
2290,21.200202807551538,52.24132243794813
2291,21.199980510579817,52.23682911029942
2292,21.19975827200107,52.232335778541156
2293,21.199536091794908,52.227842442673435
2294,21.19931396994095,52.22334910269637
2295,21.199091906418822,52.21885575861005
2296,21.19886990120817,52.21436241041458
2297,21.198647954288642,52.20986905811006
2298,21.198426065639893,52.20537570169657
2299,21.198204235241594,52.20088234117422
2300,21.197982463073423,52.196388976543126
2301,21.19776074911507,52.19189560780336
2302,21.197539093346233,52.18740223495504
2303,21.197317495746614,52.182908857998264
2304,21.19709595629594,52.17841547693311
2305,21.196874474973924,52.17392209175969
2306,21.196653051760318,52.16942870247812
2307,21.196431686634853,52.164935309088484
2308,21.1962103795773,52.16044191159088
2309,21.19598913056741,52.15594850998541
2310,21.195767939584968,52.15145510427216
2311,21.20732239463933,52.25693061817853
2312,21.207099253365566,52.25243732397948
2313,21.206876170723937,52.247944025666705
2314,21.20665314669396,52.2434507232403
2315,21.206430181255165,52.23895741670038
2316,21.206207274387086,52.234464106047
2317,21.20598442606927,52.22997079128031
2318,21.205761636281277,52.22547747240038
2319,21.205538905002676,52.22098414940731
2320,21.205316232213036,52.21649082230122
2321,21.205093617891947,52.2119974910822
2322,21.204871062019006,52.20750415575036
2323,21.204648564573816,52.203010816305785
2324,21.204426125535996,52.19851747274859
2325,21.204203744885167,52.19402412507885
2326,21.20398142260097,52.189530773296696
2327,21.203759158663043,52.18503741740222
2328,21.203536953051042,52.180544057395515
2329,21.203314805744636,52.17605069327668
2330,21.203092716723493,52.17155732504582
2331,21.202870685967294,52.16706395270303
2332,21.20264871345574,52.16257057624842
2333,21.20242679916853,52.158077195682104
2334,21.202204943085377,52.15358381100414
2335,21.201983145186002,52.14909042221465
2336,21.213775350765893,52.25905847963406
2337,21.21355154033394,52.25456520661401
2338,21.21332778871211,52.250071929476306
2339,21.213104095879856,52.245578648221084
2340,21.21288046181664,52.24108536284844
2341,21.212656886501946,52.236592073358466
2342,21.212433369915246,52.232098779751276
2343,21.212209912036037,52.22760548202696
2344,21.21198651284383,52.22311218018563
2345,21.21176317231813,52.218618874227374
2346,21.211539890438466,52.214125564152326
2347,21.211316667184363,52.209632249960556
2348,21.21109350253537,52.205138931652165
2349,21.210870396471037,52.200645609227266
2350,21.21064734897093,52.196152282685965
2351,21.210424360014617,52.19165895202837
2352,21.21020142958168,52.18716561725456
2353,21.209978557651713,52.182672278364656
2354,21.209755744204312,52.178178935358744
2355,21.209532989219095,52.17368558823693
2356,21.209310292675678,52.169192236999315
2357,21.20908765455369,52.164698881646025
2358,21.208865074832776,52.16020552217713
2359,21.20864255349258,52.15571215859274
2360,21.208420090512767,52.15121879089297
2361,21.220228917387736,52.26118598052305
2362,21.220004437640107,52.25669272874054
2363,21.219780016880637,52.25219947283649
2364,21.219555655088723,52.24770621281099
2365,21.219331352243763,52.24321294866417
2366,21.219107108325172,52.23871968039613
2367,21.218882923312364,52.23422640800695
2368,21.218658797184773,52.229733131496744
2369,21.218434729921846,52.225239850865634
2370,21.21821072150302,52.2207465661137
2371,21.217986771907768,52.21625327724105
2372,21.21776288111555,52.21175998424781
2373,21.217539049105852,52.207266687134045
2374,21.217315275858155,52.202773385899874
2375,21.21709156135197,52.198280080545416
2376,21.216867905566797,52.193786771070755
2377,21.216644308482163,52.18929345747601
2378,21.216420770077587,52.184800139761286
2379,21.216197290332616,52.18030681792665
2380,21.21597386922679,52.17581349197225
2381,21.21575050673967,52.17132016189815
2382,21.215527202850826,52.16682682770448
2383,21.215303957539838,52.16233348939134
2384,21.215080770786283,52.15784014695883
2385,21.214857642569765,52.15334680040705
2386,21.226457945263473,52.25881989027962
2387,21.22623285520894,52.25432665566778
2388,21.226007824299987,52.24983341693058
2389,21.225782852515966,52.24534017406813
2390,21.22555793983621,52.24084692708054
2391,21.225333086240084,52.23635367596792
2392,21.225108291706952,52.23186042073035
2393,21.22488355621619,52.22736716136794
2394,21.224658879747192,52.22287389788081
2395,21.22443426227935,52.218380630269046
2396,21.22420970379207,52.21388735853279
2397,21.22398520426477,52.209394082672105
2398,21.223760763676875,52.204900802687106
2399,21.223536382007822,52.20040751857792
2400,21.22331205923706,52.19591423034462
2401,21.223087795344043,52.19142093798734
2402,21.222863590308233,52.18692764150616
2403,21.22263944410911,52.1824343409012
2404,21.222415356726156,52.17794103617255
2405,21.22219132813887,52.17344772732033
2406,21.22196735832675,52.16895441434463
2407,21.221743447269322,52.16446109724557
2408,21.2215195949461,52.15996777602326
2409,21.22129580133662,52.15547445067778
2410,21.232912063183406,52.260946691151744
2411,21.23268630367639,52.25645347789071
2412,21.23246060349305,52.251960260500375
2413,21.232234962612644,52.24746703898087
2414,21.23200938101447,52.2429738133323
2415,21.23178385867782,52.238480583554754
2416,21.23155839558199,52.23398734964834
2417,21.23133299170631,52.22949411161316
2418,21.23110764703009,52.225000869449346
2419,21.230882361532665,52.22050762315697
2420,21.230657135193386,52.21601437273616
2421,21.230431967991603,52.21152111818703
2422,21.230206859906676,52.207027859509665
2423,21.22998181091798,52.202534596704176
2424,21.229756821004905,52.198041329770675
2425,21.22953189014683,52.19354805870926
2426,21.22930701832317,52.189054783520056
2427,21.229082205513333,52.184561504203145
2428,21.22885745169674,52.18006822075865
2429,21.228632756852825,52.17557493318667
2430,21.22840812096103,52.1710816414873
2431,21.228183544000807,52.166588345660664
2432,21.227959025951616,52.16209504570687
2433,21.22773456679293,52.157601741626
2434,21.239366791379197,52.26307313127743
2435,21.23914036226229,52.2585799394258
2436,21.238913992647195,52.25408674344094
2437,21.238687682513117,52.24959354332296
2438,21.238461431839276,52.24510033907196
2439,21.238235240604908,52.240607130688055
2440,21.23800910878925,52.23611391817134
2441,21.237783036371553,52.23162070152193
2442,21.237557023331078,52.22712748073994
2443,21.237331069647094,52.22263425582546
2444,21.23710517529889,52.21814102677862
2445,21.236879340265748,52.213647793599506
2446,21.236653564526968,52.20915455628824
2447,21.23642784806186,52.20466131484493
2448,21.236202190849752,52.20016806926966
2449,21.23597659286997,52.19567481956256
2450,21.235751054101847,52.19118156572373
2451,21.23552557452474,52.18668830775329
2452,21.235300154118008,52.18219504565134
2453,21.235074792861013,52.17770177941797
2454,21.234849490733144,52.17320850905331
2455,21.234624247713786,52.16871523455746
2456,21.234399063782337,52.16422195593053
2457,21.234173938918204,52.15972867317261
2458,21.245595030945875,52.2607060401936
2459,21.245367991741684,52.25621286567282
2460,21.245141012196633,52.25171968701497
2461,21.244914092289893,52.24722650422012
2462,21.244460431308,52.238240126219985
2463,21.244233690191212,52.23374693101488
2464,21.244007008629463,52.229253731673246
2465,21.243780386601948,52.22476052819518
2466,21.2435538240879,52.2202673205808
2467,21.243327321066534,52.215774108830225
2468,21.243100877517094,52.211280892943535
2469,21.242874493418817,52.20678767292086
2470,21.242648168750975,52.202294448762295
2471,21.242421903492822,52.197801220467966
2472,21.242195697623643,52.19330798803796
2473,21.241969551122722,52.18881475147241
2474,21.241743463969353,52.184321510771404
2475,21.241517436142846,52.17982826593507
2476,21.241291467622517,52.175335016963494
2477,21.24106555838769,52.17084176385681
2478,21.2408397084177,52.166348506615094
2479,21.240613917691896,52.161855245238485
2480,21.240388186189634,52.157361979727085
2481,21.25205030970632,52.26283178011464
2482,21.2518226007557,52.25833862711656
2483,21.251594951642403,52.25384546997742
2484,21.25136736234553,52.24935230869735
2485,21.25113983284418,52.244859143276464
2486,21.250912363117475,52.24036597371485
2487,21.250684953144532,52.235872800012636
2488,21.25045760290449,52.23137962216991
2489,21.25023031237649,52.2268864401868
2490,21.25000308153969,52.22239325406343
2491,21.249775910373245,52.21790006379987
2492,21.249548798856335,52.213406869396266
2493,21.24932174696815,52.208913670852716
2494,21.249094754687874,52.20442046816933
2495,21.24886782199472,52.199927261346225
2496,21.24864094886789,52.1954340503835
2497,21.24841413528662,52.19094083528128
2498,21.248187381230135,52.18644761603966
2499,21.247960686677683,52.18195439265875
2500,21.247734051608514,52.17746116513868
2501,21.247507476001893,52.17296793347953
2502,21.247280959837095,52.16847469768144
2503,21.247054503093402,52.16398145774451
2504,21.246828105750108,52.159488213668844
2505,21.24660176778651,52.15499496545454
2506,21.246375489181926,52.15050171310173
2507,21.25782124198533,52.251477752424236
2508,21.25759304311474,52.246984608572745
2509,21.257136825210683,52.237998308435806
2510,21.256225108165086,52.22002565842914
2511,21.255997328523925,52.21553248556714
2512,21.255769608689086,52.21103930856123
2513,21.2548593269957,52.19306655910069
2514,21.254631905879627,52.188573361376896
2515,21.25440454444481,52.18408015950986
2516,21.25417724267044,52.179586953499694
2517,21.253950000535713,52.175093743346515
2518,21.253722818019842,52.17060052905042
2519,21.253495695102053,52.16610731061153
2520,21.253268631761568,52.16161408802998
2521,21.25304162797763,52.15712086130583
2522,21.25281468372949,52.15262763043923
2523,21.252587798996412,52.148134395430276
2524,21.262218078560785,52.21316458596711
2525,21.261989750585606,52.20867142640957
2526,21.261077037897042,52.19069874670392
2527,21.26084900942345,52.186205566409214
2528,21.260621040787516,52.18171238196739
2529,21.26039313196838,52.17721919337858
2530,21.260165282945195,52.1727260006429
2531,21.259937493697105,52.16823280376046
2532,21.25970976420329,52.16373960273139
2533,21.25948209444292,52.15924639755578
2534,21.259254484395186,52.15475318823374
2535,21.259026934039284,52.15025997476539
2536,21.258799443354416,52.145766757150845
2537,21.267294081592766,52.188330613277614
2538,21.26706544593893,52.18383745046259
2539,21.266836870279093,52.17934428349659
2540,21.266608354592343,52.17485111237976
2541,21.26637989885777,52.17035793711218
2542,21.266151503054488,52.16586475769399
2543,21.265466675023543,52.152385194536826
2544,21.272822910563193,52.17248271058756
2545,21.272593848294317,52.16798955283867
