{
"type": "FeatureCollection",
"name": "warszawa_hex_boundary",
"crs": { "type": "name", "properties": { "name": "urn:ogc:def:crs:OGC:1.3:CRS84" } },
"features": [
{ "type": "Feature", "properties": { "name": "warszawa" }, "geometry": { "type": "Polygon", "coordinates": [ [ [ 20.8511843249339, 52.188849428715855 ], [ 20.85118432656521, 52.188849430544501 ], [ 20.853388674451935, 52.19106340148879 ], [ 20.85338868114594, 52.191063408991631 ], [ 20.85338868664919, 52.191063416851563 ], [ 20.853388690911842, 52.191063424997417 ], [ 20.853388693895297, 52.191063433355403 ], [ 20.853388695572537, 52.19106344184982 ], [ 20.853388695928363, 52.191063450403767 ], [ 20.853388694959563, 52.191063458939773 ], [ 20.853388692674908, 52.19106346738053 ], [ 20.853388689095084, 52.191063475649599 ], [ 20.853388684252515, 52.191063483672075 ], [ 20.85338867819106, 52.191063491375346 ], [ 20.851371069936501, 52.193343759795887 ], [ 20.851371068459024, 52.193343761673319 ], [ 20.851371070090508, 52.193343763501964 ], [ 20.853575655164363, 52.195557727152597 ], [ 20.853575661859093, 52.195557734655424 ], [ 20.853575667362954, 52.195557742515341 ], [ 20.853575671626093, 52.195557750661166 ], [ 20.853575674609903, 52.195557759019138 ], [ 20.853575676287363, 52.195557767513556 ], [ 20.853575676643288, 52.195557776067496 ], [ 20.853575675674445, 52.195557784603487 ], [ 20.853575673389617, 52.195557793044244 ], [ 20.853575669809491, 52.195557801313306 ], [ 20.853575664966485, 52.19555780933581 ], [ 20.853575658904468, 52.195557817039088 ], [ 20.851557862497895, 52.197838088836825 ], [ 20.851557861020282, 52.197838090714271 ], [ 20.851557862651944, 52.197838092542895 ], [ 20.853762684977244, 52.200052048898804 ], [ 20.853762691672706, 52.20005205640161 ], [ 20.853762697177171, 52.200052064261506 ], [ 20.853762701440793, 52.20005207240731 ], [ 20.853762704424959, 52.200052080765253 ], [ 20.85376270610265, 52.200052089259664 ], [ 20.853762706458664, 52.200052097813597 ], [ 20.853762705489785, 52.200052106349602 ], [ 20.853762703204783, 52.200052114790346 ], [ 20.853762699624347, 52.200052123059429 ], [ 20.853762694780912, 52.200052131081932 ], [ 20.853762688718334, 52.20005213878521 ], [ 20.851744704112544, 52.202332413961209 ], [ 20.851744702634797, 52.202332415838654 ], [ 20.851744704266636, 52.202332417667279 ], [ 20.853949763907718, 52.204546366727371 ], [ 20.853949770603901, 52.204546374230148 ], [ 20.853949776108976, 52.204546382090015 ], [ 20.853949780373085, 52.204546390235812 ], [ 20.853949783357606, 52.204546398593756 ], [ 20.853949785035525, 52.204546407088152 ], [ 20.853949785391638, 52.204546415642085 ], [ 20.853949784422714, 52.204546424178069 ], [ 20.853949782137537, 52.204546432618812 ], [ 20.8539497785568, 52.204546440887903 ], [ 20.853949773712927, 52.204546448910413 ], [ 20.853949767649791, 52.204546456613691 ], [ 20.851931594797573, 52.206826735169024 ], [ 20.851931593319687, 52.20682673704647 ], [ 20.851931594951704, 52.206826738875094 ], [ 20.854136934263366, 52.209040723091924 ], [ 20.854136936171095, 52.209040724816923 ], [ 20.854136939564945, 52.209040724862845 ], [ 20.858360597713766, 52.208974270386477 ], [ 20.858360611638837, 52.208974270574402 ], [ 20.858360625471775, 52.208974271574654 ], [ 20.858360639087309, 52.208974273378182 ], [ 20.85836065236213, 52.208974275968622 ], [ 20.858360665176026, 52.208974279322533 ], [ 20.858360677412946, 52.208974283409539 ], [ 20.858360688962073, 52.208974288192621 ], [ 20.858360699718812, 52.208974293628486 ], [ 20.858360709585753, 52.208974299667886 ], [ 20.858360718473545, 52.208974306256131 ], [ 20.858360726301687, 52.208974313333542 ], [ 20.860566449056762, 52.211188130094556 ], [ 20.860566450964832, 52.211188131819441 ], [ 20.86056645435885, 52.211188131865178 ], [ 20.864790300736924, 52.211121445373401 ], [ 20.864790314662674, 52.211121445560572 ], [ 20.864790328496408, 52.211121446560057 ], [ 20.86479034211284, 52.211121448362825 ], [ 20.864790355388664, 52.21112145095254 ], [ 20.864790368203646, 52.211121454305733 ], [ 20.864790380441733, 52.211121458392057 ], [ 20.864790391992095, 52.211121463174507 ], [ 20.864790402750135, 52.211121468609768 ], [ 20.864790412618419, 52.211121474648614 ], [ 20.864790421507582, 52.211121481236354 ], [ 20.864790429337123, 52.211121488313331 ], [ 20.866996535562251, 52.21333513757822 ], [ 20.866996542261973, 52.213335145080215 ], [ 20.866996547770459, 52.213335152939436 ], [ 20.866996552037826, 52.213335161084721 ], [ 20.86699655502542, 52.213335169442288 ], [ 20.866996556706198, 52.21333517793645 ], [ 20.866996557064926, 52.213335186490312 ], [ 20.866996556098361, 52.213335195026374 ], [ 20.866996553815252, 52.213335203467345 ], [ 20.866996550236284, 52.213335211736798 ], [ 20.86699654539386, 52.21333521975982 ], [ 20.866996539331836, 52.213335227463752 ], [ 20.864978653298316, 52.215615723398827 ], [ 20.864978651820703, 52.215615725276429 ], [ 20.86497865345358, 52.215615727104861 ], [ 20.867185081960379, 52.217829453929433 ], [ 20.867185083869, 52.217829455654211 ], [ 20.867185087263525, 52.217829455699757 ], [ 20.871409547686245, 52.217762526385954 ], [ 20.87140956161408, 52.217762526572315 ], [ 20.871409575450009, 52.217762527571004 ], [ 20.87140958906873, 52.217762529372976 ], [ 20.871409602346912, 52.217762531961924 ], [ 20.871409615164296, 52.217762535314378 ], [ 20.871409627404816, 52.217762539399992 ], [ 20.871409638957616, 52.21776254418176 ], [ 20.871409649718071, 52.217762549616388 ], [ 20.871409659588736, 52.217762555654652 ], [ 20.871409668480219, 52.217762562241859 ], [ 20.871409676311995, 52.217762569318374 ], [ 20.873616446127915, 52.219976086133506 ], [ 20.873616452829776, 52.219976093635097 ], [ 20.873616458340273, 52.21997610149397 ], [ 20.873616462609512, 52.219976109638992 ], [ 20.873616465598829, 52.21997611799636 ], [ 20.873616467281146, 52.219976126490423 ], [ 20.873616467641234, 52.219976135044227 ], [ 20.873616466675823, 52.219976143580318 ], [ 20.873616464393667, 52.21997615202141 ], [ 20.87361646081543, 52.219976160291033 ], [ 20.873616455973515, 52.219976168314311 ], [ 20.873616449911772, 52.219976176018584 ], [ 20.871598652149984, 52.222256738636105 ], [ 20.871598644922614, 52.222256745951462 ], [ 20.871598636595717, 52.222256752811781 ], [ 20.871598627244708, 52.222256759154938 ], [ 20.871598616954277, 52.222256764923458 ], [ 20.871598605817603, 52.222256770065123 ], [ 20.871598593935545, 52.222256774533342 ], [ 20.871598581415714, 52.222256778287687 ], [ 20.871598568371486, 52.222256781294142 ], [ 20.871598554920997, 52.222256783525488 ], [ 20.871598541186057, 52.222256784961495 ], [ 20.871598527291042, 52.222256785589181 ], [ 20.867373640876785, 52.222323725677839 ], [ 20.867373637490243, 52.222323725830712 ], [ 20.867373635728597, 52.222323727613549 ], [ 20.865355334524029, 52.224604274111883 ], [ 20.865355333046146, 52.224604275989492 ], [ 20.865355334679379, 52.224604277817903 ], [ 20.867562196404013, 52.226817947512963 ], [ 20.867562203105916, 52.226817955014887 ], [ 20.867562208616231, 52.226817962874044 ], [ 20.867562212885055, 52.22681797101928 ], [ 20.867562215873729, 52.226817979376797 ], [ 20.867562217555186, 52.226817987870945 ], [ 20.867562217914195, 52.226817996424764 ], [ 20.867562216947512, 52.226818004960812 ], [ 20.867562214663884, 52.22681801340179 ], [ 20.867562211083996, 52.226818021671249 ], [ 20.867562206240272, 52.226818029694279 ], [ 20.867562200176572, 52.226818037398246 ], [ 20.865543749365369, 52.229098543583646 ], [ 20.865543747887344, 52.229098545461262 ], [ 20.865543749520757, 52.229098547289674 ], [ 20.867750891431758, 52.23131225209098 ], [ 20.867750893340986, 52.231312253815737 ], [ 20.867750896736538, 52.23131225386124 ], [ 20.871976635469128, 52.231245292216343 ], [ 20.871976649401187, 52.231245292402612 ], [ 20.87197666324133, 52.231245293401194 ], [ 20.871976676864211, 52.23124529520306 ], [ 20.871976690146465, 52.231245297791901 ], [ 20.871976702967803, 52.231245301144234 ], [ 20.871976715212114, 52.231245305229749 ], [ 20.871976726768512, 52.231245310011417 ], [ 20.871976737532339, 52.231245315445946 ], [ 20.871976747406116, 52.231245321484124 ], [ 20.871976756300427, 52.23124532807126 ], [ 20.871976764134718, 52.23124533514769 ], [ 20.874184289995924, 52.233458872325073 ], [ 20.874184291905493, 52.233458874049724 ], [ 20.874184295301216, 52.233458874095064 ], [ 20.878410222322913, 52.233391680216748 ], [ 20.878410236255657, 52.233391680402249 ], [ 20.878410250096593, 52.233391681400064 ], [ 20.878410263720372, 52.233391683201177 ], [ 20.878410277003628, 52.233391685789279 ], [ 20.878410289826057, 52.233391689140909 ], [ 20.878410302071536, 52.233391693225748 ], [ 20.878410313629171, 52.23339169800677 ], [ 20.878410324394299, 52.233391703440688 ], [ 20.878410334269418, 52.233391709478312 ], [ 20.878410343165104, 52.233391716064958 ], [ 20.878410351000799, 52.233391723140926 ], [ 20.880618303180178, 52.235605135097614 ], [ 20.880618305090092, 52.235605136822144 ], [ 20.880618308485982, 52.235605136867299 ], [ 20.884844423732183, 52.235537710721651 ], [ 20.884844437665603, 52.235537710906378 ], [ 20.884844451507334, 52.235537711903426 ], [ 20.884844465132019, 52.235537713703785 ], [ 20.884844478416269, 52.235537716291148 ], [ 20.884844491239789, 52.235537719642068 ], [ 20.884844503486438, 52.235537723726232 ], [ 20.884844515045316, 52.235537728506614 ], [ 20.884844525811737, 52.235537733939935 ], [ 20.884844535688195, 52.235537739976998 ], [ 20.884844544585263, 52.235537746563125 ], [ 20.884844552422354, 52.235537753638674 ], [ 20.887052888617596, 52.237750997887581 ], [ 20.887052895324452, 52.237751005388326 ], [ 20.887052900839592, 52.237751013246509 ], [ 20.887052905113066, 52.237751021390984 ], [ 20.887052908106178, 52.237751029747962 ], [ 20.887052909791812, 52.237751038241747 ], [ 20.887052910154715, 52.237751046795481 ], [ 20.887052909191588, 52.237751055331643 ], [ 20.887052906911162, 52.237751063772933 ], [ 20.887052903334087, 52.237751072042954 ], [ 20.887052898492751, 52.237751080066744 ], [ 20.887052892431011, 52.237751087771692 ], [ 20.885034967547163, 52.240031918490693 ], [ 20.885034966069618, 52.240031920368544 ], [ 20.885034967704236, 52.240031922196664 ], [ 20.887243584506216, 52.242245201483094 ], [ 20.887243591213803, 52.242245208983817 ], [ 20.887243596729554, 52.242245216841994 ], [ 20.887243601003515, 52.242245224986448 ], [ 20.887243603996986, 52.242245233343404 ], [ 20.887243605682851, 52.242245241837196 ], [ 20.887243606045846, 52.242245250390908 ], [ 20.887243605082681, 52.24224525892707 ], [ 20.887243602802084, 52.242245267368375 ], [ 20.8872435992247, 52.242245275638375 ], [ 20.887243594382937, 52.242245283662179 ], [ 20.887243588320633, 52.242245291367126 ], [ 20.885225513930621, 52.244526081821064 ], [ 20.885225506701985, 52.244526089137253 ], [ 20.885225498373135, 52.24452609599853 ], [ 20.885225489019497, 52.244526102342753 ], [ 20.885225478725779, 52.244526108112481 ], [ 20.885225467585201, 52.244526113255453 ], [ 20.885225455698659, 52.244526117725094 ], [ 20.885225443173791, 52.244526121480916 ], [ 20.885225430124031, 52.244526124488914 ], [ 20.885225416667559, 52.244526126721858 ], [ 20.885225402926235, 52.244526128159514 ], [ 20.885225389024509, 52.24452612878887 ], [ 20.880998420823797, 52.244593576649685 ], [ 20.880998417435617, 52.244593576802949 ], [ 20.880998415673663, 52.244593578585992 ], [ 20.878979875997544, 52.246874309189046 ], [ 20.878979868767502, 52.246874316504858 ], [ 20.878979860437248, 52.246874323365709 ], [ 20.878979851082217, 52.246874329709456 ], [ 20.878979840787139, 52.246874335478658 ], [ 20.878979829645246, 52.246874340621041 ], [ 20.878979817757436, 52.246874345090049 ], [ 20.878979805231371, 52.246874348845225 ], [ 20.878979792180481, 52.246874351852547 ], [ 20.878979778722972, 52.246874354084788 ], [ 20.878979764980706, 52.246874355521719 ], [ 20.878979751078134, 52.24687435615035 ], [ 20.874752544598486, 52.246941582491957 ], [ 20.8747525412101, 52.24694158264505 ], [ 20.874752539447805, 52.246941584428001 ], [ 20.872733573117841, 52.249222211397807 ], [ 20.872733565886385, 52.24922221871325 ], [ 20.872733557554728, 52.249222225573661 ], [ 20.872733548198312, 52.249222231916931 ], [ 20.872733537901873, 52.249222237685579 ], [ 20.872733526758658, 52.249222242827393 ], [ 20.872733514869584, 52.249222247295791 ], [ 20.872733502342317, 52.249222251050313 ], [ 20.872733489290304, 52.249222254056946 ], [ 20.872733475831755, 52.24922225628849 ], [ 20.872733462088544, 52.249222257724703 ], [ 20.872733448185134, 52.249222258352596 ], [ 20.868506084538552, 52.249289261852546 ], [ 20.868506070600841, 52.249289261665943 ], [ 20.868506056755141, 52.249289260666998 ], [ 20.868506043126843, 52.249289258864792 ], [ 20.868506029839363, 52.249289256275617 ], [ 20.86850601701304, 52.249289252922956 ], [ 20.868506004764029, 52.249289248837137 ], [ 20.868505993203257, 52.249289244055198 ], [ 20.868505982435423, 52.249289238620399 ], [ 20.868505972558044, 52.249289232581972 ], [ 20.86850596366056, 52.24928922599463 ], [ 20.868505955823565, 52.24928921891803 ], [ 20.866297904146304, 52.247075585944202 ], [ 20.86629790223644, 52.247075584219445 ], [ 20.866297898839679, 52.247075584173892 ], [ 20.862070561610349, 52.247142357889416 ], [ 20.862070558221895, 52.247142358042147 ], [ 20.862070556459081, 52.247142359824913 ], [ 20.860050886552219, 52.249422819713786 ], [ 20.860050885073306, 52.249422821591331 ], [ 20.860050886707267, 52.249422823419806 ], [ 20.86225874978571, 52.251636574276958 ], [ 20.862258756490576, 52.251636581779117 ], [ 20.862258762003147, 52.25163658963848 ], [ 20.862258766273502, 52.251636597783857 ], [ 20.862258769262965, 52.251636606141474 ], [ 20.862258770944468, 52.251636614635657 ], [ 20.862258771302781, 52.251636623189476 ], [ 20.862258770334655, 52.251636631725461 ], [ 20.862258768048864, 52.251636640166318 ], [ 20.862258764466105, 52.251636648435607 ], [ 20.862258759618825, 52.25163665645843 ], [ 20.862258753550922, 52.251636664162135 ], [ 20.860238933715323, 52.253917083728979 ], [ 20.860238932236275, 52.253917085606524 ], [ 20.860238933870409, 52.253917087434999 ], [ 20.862447077430108, 52.256130873413788 ], [ 20.862447079340225, 52.256130875138602 ], [ 20.862447082737674, 52.256130875184269 ], [ 20.86667519247257, 52.256064081243508 ], [ 20.86667520641241, 52.256064081430317 ], [ 20.866675220260188, 52.256064082429447 ], [ 20.866675233890497, 52.256064084231852 ], [ 20.866675247179913, 52.256064086821212 ], [ 20.866675260008073, 52.256064090174057 ], [ 20.866675272258803, 52.25606409426004 ], [ 20.866675283821163, 52.256064099042142 ], [ 20.866675294590436, 52.25606410447709 ], [ 20.866675304469101, 52.256064110515631 ], [ 20.866675313367697, 52.256064117103108 ], [ 20.866675321205626, 52.256064124179822 ], [ 20.868883806968174, 52.258277700009167 ], [ 20.868883813675179, 52.258277707510921 ], [ 20.868883819189769, 52.258277715369942 ], [ 20.868883823461996, 52.25827772351505 ], [ 20.868883826453182, 52.258277731872482 ], [ 20.868883828136234, 52.258277740366552 ], [ 20.868883828495907, 52.258277748920321 ], [ 20.86888382752894, 52.258277757456341 ], [ 20.868883825244104, 52.258277765897311 ], [ 20.868883821662077, 52.258277774166793 ], [ 20.868883816815305, 52.258277782189857 ], [ 20.868883810747683, 52.258277789893889 ], [ 20.86686404046765, 52.260558320034093 ], [ 20.86686403898867, 52.260558321911709 ], [ 20.866864040623327, 52.260558323740099 ], [ 20.869072849404734, 52.2627719771153 ], [ 20.869072851315398, 52.262771978840014 ], [ 20.869072854713359, 52.262771978885468 ], [ 20.873301580084298, 52.262704941725431 ], [ 20.873301594026231, 52.262704941911444 ], [ 20.873301607876211, 52.262704942909764 ], [ 20.873301621508819, 52.262704944711381 ], [ 20.87330163480059, 52.262704947299966 ], [ 20.873301647631163, 52.262704950652058 ], [ 20.873301659884326, 52.262704954737323 ], [ 20.873301671449131, 52.262704959518764 ], [ 20.873301682220834, 52.262704964953066 ], [ 20.873301692101883, 52.262704970991038 ], [ 20.873301701002802, 52.262704977577975 ], [ 20.873301708842977, 52.262704984654214 ], [ 20.875510859961128, 52.264918427818621 ], [ 20.875510866670268, 52.264918435319977 ], [ 20.875510872186879, 52.264918443178658 ], [ 20.875510876460986, 52.26491845132351 ], [ 20.875510879453891, 52.264918459680743 ], [ 20.875510881138489, 52.264918468174685 ], [ 20.875510881499522, 52.264918476728418 ], [ 20.875510880533721, 52.264918485264481 ], [ 20.875510878249838, 52.264918493705544 ], [ 20.875510874668546, 52.26491850197521 ], [ 20.875510869822282, 52.264918509998552 ], [ 20.87551086375494, 52.26491851770291 ], [ 20.873491143224605, 52.26719915843983 ], [ 20.873491141745696, 52.267199160317531 ], [ 20.873491143380871, 52.267199162145815 ], [ 20.875700575350503, 52.269412640384679 ], [ 20.875700582060375, 52.269412647886007 ], [ 20.875700587577594, 52.269412655744674 ], [ 20.875700591852187, 52.269412663889504 ], [ 20.875700594845451, 52.269412672246723 ], [ 20.875700596530283, 52.269412680740651 ], [ 20.875700596891409, 52.269412689294377 ], [ 20.875700595925569, 52.269412697830433 ], [ 20.875700593641508, 52.26941270627151 ], [ 20.87570059005991, 52.269412714541176 ], [ 20.875700585213213, 52.269412722564518 ], [ 20.87570057914531, 52.26941273026889 ], [ 20.87368066994755, 52.271693374450422 ], [ 20.873680668468499, 52.27169337632813 ], [ 20.873680670103855, 52.271693378156407 ], [ 20.87589034062885, 52.273906849022879 ], [ 20.875890347339453, 52.273906856524192 ], [ 20.875890352857283, 52.27390686438283 ], [ 20.875890357132366, 52.273906872527647 ], [ 20.875890360125993, 52.273906880884851 ], [ 20.875890361811045, 52.273906889378772 ], [ 20.875890362172271, 52.273906897932484 ], [ 20.875890361206391, 52.273906906468532 ], [ 20.87589035892216, 52.273906914909624 ], [ 20.875890355340257, 52.273906923179283 ], [ 20.875890350493123, 52.273906931202639 ], [ 20.875890344424654, 52.273906938907018 ], [ 20.873870246512105, 52.276187586534235 ], [ 20.873870245032922, 52.276187588411936 ], [ 20.873870246668456, 52.276187590240212 ], [ 20.876080155813625, 52.278401053733212 ], [ 20.876080162524957, 52.27840106123449 ], [ 20.876080168043398, 52.278401069093107 ], [ 20.876080172318975, 52.278401077237909 ], [ 20.876080175312957, 52.278401085595107 ], [ 20.87608017699824, 52.278401094089013 ], [ 20.876080177359558, 52.278401102642718 ], [ 20.876080176393639, 52.278401111178759 ], [ 20.876080174109234, 52.278401119619836 ], [ 20.876080170527025, 52.278401127889509 ], [ 20.876080165679454, 52.278401135912858 ], [ 20.876080159610428, 52.278401143617266 ], [ 20.874059911678273, 52.280681750958294 ], [ 20.874059904442053, 52.280681758273822 ], [ 20.874059896104818, 52.280681765134354 ], [ 20.874059886742081, 52.280681771477752 ], [ 20.874059876438629, 52.280681777246564 ], [ 20.874059865287773, 52.280681782388534 ], [ 20.874059853390495, 52.28068178685713 ], [ 20.874059840854535, 52.280681790611844 ], [ 20.874059827793428, 52.280681793618719 ], [ 20.874059814325456, 52.280681795850477 ], [ 20.874059800572585, 52.280681797286938 ], [ 20.874059786659359, 52.280681797915079 ], [ 20.86982935217285, 52.280748878274409 ], [ 20.869829348781867, 52.280748878427389 ], [ 20.869829347018065, 52.280748880210282 ], [ 20.867808594093258, 52.283029471224701 ], [ 20.867808592613592, 52.283029473102346 ], [ 20.867808594249137, 52.283029474930693 ], [ 20.870018553213637, 52.285243049093367 ], [ 20.870018559925018, 52.285243056595 ], [ 20.870018565443274, 52.285243064453887 ], [ 20.870018569718429, 52.285243072598902 ], [ 20.870018572711775, 52.285243080956235 ], [ 20.870018574396191, 52.285243089450233 ], [ 20.870018574756433, 52.285243098003967 ], [ 20.870018573789231, 52.285243106539973 ], [ 20.870018571503348, 52.285243114980915 ], [ 20.870018567919487, 52.285243123250424 ], [ 20.870018563070101, 52.285243131273539 ], [ 20.870018556999106, 52.28524313897762 ], [ 20.867997653899309, 52.287523689692165 ], [ 20.867997652419511, 52.287523691569803 ], [ 20.86799765405523, 52.28752369339815 ], [ 20.870207894106585, 52.289737302650948 ], [ 20.870207896018478, 52.28973730437562 ], [ 20.870207899418503, 52.289737304421024 ], [ 20.874439189136105, 52.289670202448967 ], [ 20.874439203086506, 52.289670202634767 ], [ 20.874439216944936, 52.289670203632866 ], [ 20.874439230585892, 52.289670205434263 ], [ 20.874439243885842, 52.289670208022628 ], [ 20.874439256724337, 52.289670211374514 ], [ 20.874439268985114, 52.28967021545958 ], [ 20.87443928055713, 52.289670220240822 ], [ 20.874439291335595, 52.289670225674939 ], [ 20.874439301222889, 52.289670231712712 ], [ 20.874439310129482, 52.289670238299486 ], [ 20.874439317974705, 52.289670245375589 ], [ 20.876649900981135, 52.29188364429654 ], [ 20.876649907694656, 52.291883651797747 ], [ 20.876649913214937, 52.291883659656307 ], [ 20.876649917491974, 52.291883667801052 ], [ 20.87664992048704, 52.291883676158207 ], [ 20.876649922173009, 52.291883684652078 ], [ 20.876649922534611, 52.291883693205776 ], [ 20.876649921568575, 52.291883701741803 ], [ 20.876649919283647, 52.29188371018288 ], [ 20.876649915700522, 52.291883718452546 ], [ 20.876649910851647, 52.291883726475938 ], [ 20.876649904780937, 52.291883734180345 ], [ 20.874629090288771, 52.294164351867941 ], [ 20.8746290830505, 52.294164359183505 ], [ 20.874629074710874, 52.294164366044086 ], [ 20.874629065345427, 52.294164372387542 ], [ 20.874629055038962, 52.294164378156417 ], [ 20.874629043884823, 52.294164383298472 ], [ 20.874629031984025, 52.29416438776714 ], [ 20.874629019444342, 52.29416439152196 ], [ 20.87462900637933, 52.294164394528906 ], [ 20.874628992907311, 52.29416439676077 ], [ 20.874628979150295, 52.294164398197324 ], [ 20.874628965232858, 52.294164398825572 ], [ 20.870397247731244, 52.294231511607236 ], [ 20.870397244339234, 52.294231511760245 ], [ 20.870397242574935, 52.294231513543146 ], [ 20.868375922731467, 52.296512114856178 ], [ 20.868375921251392, 52.29651211673383 ], [ 20.86837592288747, 52.296512118562156 ], [ 20.870586598153899, 52.29872567065248 ], [ 20.870586604867469, 52.298725678154028 ], [ 20.870586610387566, 52.298725686012872 ], [ 20.870586614664187, 52.298725694157817 ], [ 20.87058661765861, 52.298725702515128 ], [ 20.870586619343712, 52.298725711009091 ], [ 20.870586619704238, 52.298725719562803 ], [ 20.870586618736915, 52.298725728098788 ], [ 20.870586616450513, 52.298725736539744 ], [ 20.870586612865733, 52.298725744809239 ], [ 20.870586608015039, 52.298725752832389 ], [ 20.87058660194236, 52.298725760536506 ], [ 20.868565131792394, 52.301006321552677 ], [ 20.868565130312184, 52.301006323430322 ], [ 20.86856513194844, 52.301006325258648 ], [ 20.870776088510127, 52.303219912435345 ], [ 20.870776090422638, 52.303219914160003 ], [ 20.870776093823697, 52.303219914205378 ], [ 20.87500866723046, 52.303152779797927 ], [ 20.875008681185101, 52.303152779983606 ], [ 20.875008695047757, 52.30315278098162 ], [ 20.875008708692896, 52.303152782782902 ], [ 20.875008721996938, 52.303152785371154 ], [ 20.875008734839405, 52.30315278872294 ], [ 20.875008747103987, 52.303152792807886 ], [ 20.875008758679616, 52.303152797589028 ], [ 20.875008769461463, 52.303152803023046 ], [ 20.875008779351887, 52.303152809060741 ], [ 20.875008788261319, 52.303152815647422 ], [ 20.875008796109068, 52.303152822723455 ], [ 20.877220095935492, 52.305366199507738 ], [ 20.877220102651208, 52.305366207008881 ], [ 20.877220108173326, 52.305366214867377 ], [ 20.87722011245183, 52.305366223012065 ], [ 20.877220115447976, 52.30536623136917 ], [ 20.87722011713463, 52.305366239863027 ], [ 20.87722011749652, 52.305366248416682 ], [ 20.877220116530367, 52.305366256952716 ], [ 20.877220114244917, 52.305366265393786 ], [ 20.877220110660872, 52.305366273663466 ], [ 20.877220105810689, 52.305366281686865 ], [ 20.877220099738292, 52.305366289391301 ], [ 20.875198679494911, 52.307646961168473 ], [ 20.875198678014769, 52.307646963046203 ], [ 20.875198679651547, 52.307646964874422 ], [ 20.877410260954562, 52.30986037672195 ], [ 20.87741026767101, 52.309860384223079 ], [ 20.877410273193739, 52.309860392081561 ], [ 20.87741027747273, 52.309860400226214 ], [ 20.877410280469238, 52.309860408583312 ], [ 20.877410282156124, 52.30986041707714 ], [ 20.877410282518106, 52.309860425630809 ], [ 20.877410281551914, 52.309860434166822 ], [ 20.877410279266289, 52.309860442607892 ], [ 20.877410275681942, 52.309860450877601 ], [ 20.877410270831319, 52.309860458900992 ], [ 20.877410264758364, 52.30986046660545 ], [ 20.875388694188697, 52.312141098103481 ], [ 20.875388686947691, 52.312141105419101 ], [ 20.875388678604878, 52.312141112279747 ], [ 20.875388669235811, 52.312141118623288 ], [ 20.875388658925328, 52.312141124392241 ], [ 20.875388647766815, 52.312141129534403 ], [ 20.875388635861317, 52.312141134003177 ], [ 20.875388623316656, 52.312141137758104 ], [ 20.875388610246432, 52.312141140765185 ], [ 20.875388596769021, 52.312141142997177 ], [ 20.875388583006469, 52.312141144433873 ], [ 20.875388569083416, 52.31214114506227 ], [ 20.87115513932174, 52.312208301104214 ], [ 20.871155135928362, 52.31220830125725 ], [ 20.871155134163395, 52.312208303040165 ], [ 20.869133057763658, 52.314488918099705 ], [ 20.869133056283037, 52.31448891997735 ], [ 20.869133057919825, 52.314488921805669 ], [ 20.871344731576279, 52.316702486896332 ], [ 20.871344733489401, 52.316702488620962 ], [ 20.871344736891494, 52.316702488666323 ], [ 20.875578676186805, 52.316635320514415 ], [ 20.875578679580499, 52.316635320361257 ], [ 20.875578681345459, 52.316635318578271 ], [ 20.877600479824761, 52.314354639891441 ], [ 20.877600487065749, 52.314354632575686 ], [ 20.877600495408622, 52.314354625714891 ], [ 20.877600504777831, 52.31435461937118 ], [ 20.877600515088524, 52.314354613602021 ], [ 20.877600526247328, 52.314354608459666 ], [ 20.877600538153185, 52.314354603990651 ], [ 20.877600550698279, 52.31435460023549 ], [ 20.87760056376899, 52.31435459722816 ], [ 20.877600577246955, 52.314354594995905 ], [ 20.877600591010111, 52.314354593558953 ], [ 20.877600604933821, 52.314354592930293 ], [ 20.881834142654053, 52.314287205268464 ], [ 20.881834156612204, 52.314287205453311 ], [ 20.881834170478484, 52.314287206450473 ], [ 20.881834184127314, 52.314287208250938 ], [ 20.88183419743509, 52.314287210838373 ], [ 20.881834210281298, 52.31428721418937 ], [ 20.881834222549593, 52.314287218273591 ], [ 20.881834234128878, 52.314287223054002 ], [ 20.881834244914288, 52.314287228487359 ], [ 20.881834254808147, 52.314287234524443 ], [ 20.881834263720854, 52.314287241110556 ], [ 20.881834271571702, 52.314287248186091 ], [ 20.884046520355938, 52.316500527061422 ], [ 20.884046522269546, 52.316500528785831 ], [ 20.884046525671625, 52.316500528830822 ], [ 20.888280333651664, 52.316432906933493 ], [ 20.8882803476105, 52.316432907117573 ], [ 20.888280361477573, 52.31643290811396 ], [ 20.888280375127309, 52.316432909913672 ], [ 20.88828038843609, 52.316432912500382 ], [ 20.888280401283392, 52.316432915850655 ], [ 20.888280413552863, 52.316432919934179 ], [ 20.888280425133395, 52.316432924713965 ], [ 20.888280435920109, 52.316432930146718 ], [ 20.888280445815315, 52.316432936183233 ], [ 20.888280454729408, 52.316432942768856 ], [ 20.888280462581658, 52.316432949843936 ], [ 20.890493097318863, 52.318646060645612 ], [ 20.890493104038871, 52.318646068145938 ], [ 20.890493109565039, 52.318646076003773 ], [ 20.890493113847313, 52.318646084147929 ], [ 20.890493116846912, 52.318646092504657 ], [ 20.890493118536671, 52.318646100998251 ], [ 20.890493118901293, 52.318646109551828 ], [ 20.890493117937471, 52.318646118087926 ], [ 20.890493115653939, 52.318646126529224 ], [ 20.890493112071368, 52.31864613479928 ], [ 20.890493107222209, 52.318646142823198 ], [ 20.890493101150373, 52.318646150528309 ], [ 20.888471781305224, 52.320927043897647 ], [ 20.88847177982522, 52.320927045775541 ], [ 20.888471781463046, 52.320927047603575 ], [ 20.890684740494141, 52.323140235858538 ], [ 20.890684742408297, 52.323140237582841 ], [ 20.890684745810887, 52.323140237627648 ], [ 20.894919171291185, 52.323072371817901 ], [ 20.894919185252114, 52.323072372001164 ], [ 20.8949191991214, 52.323072372996762 ], [ 20.894919212773438, 52.323072374795679 ], [ 20.894919226084593, 52.323072377381607 ], [ 20.894919238934314, 52.323072380731141 ], [ 20.894919251206229, 52.323072384813941 ], [ 20.894919262789212, 52.323072389593044 ], [ 20.89491927357836, 52.323072395025157 ], [ 20.894919283475961, 52.323072401061097 ], [ 20.894919292392387, 52.323072407646194 ], [ 20.894919300246887, 52.323072414720805 ], [ 20.897132645390677, 52.325285434834747 ], [ 20.897132647305177, 52.325285436558943 ], [ 20.897132650707935, 52.325285436603558 ], [ 20.901367265182131, 52.325217337743275 ], [ 20.901367279143745, 52.325217337925771 ], [ 20.901367293013827, 52.325217338920609 ], [ 20.901367306666771, 52.325217340718773 ], [ 20.901367319978927, 52.325217343303969 ], [ 20.901367332829743, 52.325217346652778 ], [ 20.901367345102834, 52.325217350734896 ], [ 20.901367356687064, 52.325217355513352 ], [ 20.901367367477512, 52.325217360944862 ], [ 20.901367377376467, 52.325217366980247 ], [ 20.901367386294279, 52.32521737356484 ], [ 20.901367394150185, 52.325217380639003 ], [ 20.903581167886401, 52.327430275005028 ], [ 20.903581169801239, 52.327430276729118 ], [ 20.903581173204163, 52.327430276773534 ], [ 20.90781605781261, 52.327361943516905 ], [ 20.907816061206994, 52.327361943362789 ], [ 20.907816062971062, 52.327361941579348 ], [ 20.909836664020627, 52.325080726276887 ], [ 20.909836671257953, 52.325080718959207 ], [ 20.909836679597756, 52.325080712096167 ], [ 20.909836688964514, 52.325080705749933 ], [ 20.909836699273399, 52.325080699977995 ], [ 20.909836710431051, 52.325080694832593 ], [ 20.909836722336429, 52.325080690360352 ], [ 20.909836734881715, 52.325080686601787 ], [ 20.909836747953293, 52.325080683590876 ], [ 20.909836761432786, 52.325080681354926 ], [ 20.909836775198119, 52.325080679914194 ], [ 20.90983678912464, 52.325080679281712 ], [ 20.914071271558839, 52.325012126578159 ], [ 20.914071285520404, 52.325012126759155 ], [ 20.91407129939067, 52.325012127752501 ], [ 20.914071313044023, 52.325012129549179 ], [ 20.914071326356826, 52.32501213213294 ], [ 20.914071339208505, 52.325012135480357 ], [ 20.914071351482676, 52.325012139561153 ], [ 20.914071363068185, 52.325012144338345 ], [ 20.914071373860111, 52.325012149768689 ], [ 20.914071383760717, 52.325012155802987 ], [ 20.914071392680352, 52.325012162386599 ], [ 20.914071400538226, 52.32501216945991 ], [ 20.916285791721464, 52.327224819698223 ], [ 20.916285793636785, 52.327224821422092 ], [ 20.916285797039695, 52.327224821466146 ], [ 20.92052054942603, 52.327156034334543 ], [ 20.920520563388273, 52.327156034514779 ], [ 20.920520577259335, 52.327156035507343 ], [ 20.920520590913593, 52.327156037303276 ], [ 20.920520604227399, 52.327156039886312 ], [ 20.920520617080172, 52.327156043233025 ], [ 20.920520629355519, 52.327156047313125 ], [ 20.920520640942271, 52.327156052089663 ], [ 20.920520651735501, 52.327156057519403 ], [ 20.920520661637461, 52.327156063553147 ], [ 20.920520670558478, 52.327156070136269 ], [ 20.920520678417759, 52.327156077209111 ], [ 20.922735455749923, 52.3293685591551 ], [ 20.922735462477011, 52.329368566653528 ], [ 20.922735468010234, 52.329368574509758 ], [ 20.922735472299486, 52.329368582652663 ], [ 20.92273547530592, 52.329368591008482 ], [ 20.922735477002313, 52.329368599501549 ], [ 20.922735477373291, 52.329368608054956 ], [ 20.9227354764155, 52.329368616591232 ], [ 20.922735474137625, 52.329368625033077 ], [ 20.92273547056028, 52.329368633304064 ], [ 20.922735465715864, 52.329368641329239 ], [ 20.922735459648258, 52.329368649035949 ], [ 20.92071533835885, 52.331650078899884 ], [ 20.920715336879873, 52.331650080778161 ], [ 20.920715338519422, 52.331650082605726 ], [ 20.922930398313085, 52.333862599451869 ], [ 20.922930405040905, 52.333862606950262 ], [ 20.92293041057475, 52.333862614806478 ], [ 20.922930414864489, 52.333862622949368 ], [ 20.922930417871289, 52.333862631305159 ], [ 20.922930419567908, 52.33386263979822 ], [ 20.922930419938989, 52.333862648351634 ], [ 20.92293041898116, 52.333862656887902 ], [ 20.92293041670311, 52.333862665329747 ], [ 20.922930413125464, 52.333862673600727 ], [ 20.922930408280614, 52.333862681625916 ], [ 20.922930402212447, 52.333862689332626 ], [ 20.920910092190109, 52.336144122773362 ], [ 20.920910090710997, 52.336144124651653 ], [ 20.920910092350727, 52.336144126479212 ], [ 20.923125392202426, 52.338356635797027 ], [ 20.923125398930981, 52.338356643295398 ], [ 20.923125404465441, 52.338356651151599 ], [ 20.923125408755677, 52.338356659294469 ], [ 20.923125411762836, 52.338356667650253 ], [ 20.923125413459687, 52.338356676143299 ], [ 20.923125413830864, 52.338356684696691 ], [ 20.923125412873002, 52.33835669323296 ], [ 20.923125410594782, 52.338356701674805 ], [ 20.92312540701683, 52.338356709945785 ], [ 20.923125402171546, 52.338356717970981 ], [ 20.923125396102815, 52.338356725677713 ], [ 20.921104897300186, 52.340638162696351 ], [ 20.921104895820939, 52.340638164574635 ], [ 20.921104897460847, 52.340638166402179 ], [ 20.923320437435937, 52.342850668190557 ], [ 20.923320444165224, 52.342850675688886 ], [ 20.923320449700299, 52.342850683545059 ], [ 20.923320453991028, 52.342850691687921 ], [ 20.923320456998553, 52.342850700043698 ], [ 20.923320458695638, 52.342850708536723 ], [ 20.923320459066911, 52.342850717090109 ], [ 20.923320458109011, 52.342850725626377 ], [ 20.92332045583062, 52.342850734068222 ], [ 20.923320452252359, 52.342850742339202 ], [ 20.923320447406642, 52.342850750364406 ], [ 20.923320441337353, 52.342850758071151 ], [ 20.921299792457305, 52.345132154920677 ], [ 20.921299785218704, 52.345132162239061 ], [ 20.921299776877003, 52.345132169102904 ], [ 20.921299767507747, 52.345132175450047 ], [ 20.921299757195783, 52.345132181223008 ], [ 20.921299746034499, 52.345132186369497 ], [ 20.921299734124972, 52.345132190842925 ], [ 20.92129972157506, 52.345132194602762 ], [ 20.921299708498413, 52.345132197614973 ], [ 20.92129969501346, 52.345132199852273 ], [ 20.921299681242321, 52.34513220129439 ], [ 20.921299667309704, 52.345132201928287 ], [ 20.917063199534017, 52.34520103341152 ], [ 20.917063196138308, 52.345201033565885 ], [ 20.917063194373927, 52.345201035349483 ], [ 20.915042077674773, 52.347482372184416 ], [ 20.915042070434751, 52.347482379502431 ], [ 20.91504206209164, 52.347482386365847 ], [ 20.915042052720985, 52.347482392712507 ], [ 20.915042042407649, 52.347482398484928 ], [ 20.915042031245036, 52.347482403630835 ], [ 20.915042019334241, 52.34748240810363 ], [ 20.915042006783118, 52.347482411862813 ], [ 20.915041993705341, 52.347482414874349 ], [ 20.915041980219339, 52.347482417110946 ], [ 20.915041966447244, 52.347482418552346 ], [ 20.915041952513782, 52.347482419185503 ], [ 20.910805244596755, 52.347551028458561 ], [ 20.91080524120084, 52.347551028612749 ], [ 20.910805239436115, 52.347551030396239 ], [ 20.908783654832082, 52.349832307166537 ], [ 20.90878365335201, 52.349832309044672 ], [ 20.908783654991765, 52.349832310872387 ], [ 20.910999057179882, 52.352045041997833 ], [ 20.910999063908545, 52.352045049496887 ], [ 20.910999069442642, 52.352045057353621 ], [ 20.910999073732047, 52.352045065496931 ], [ 20.910999076737927, 52.352045073853027 ], [ 20.910999078433047, 52.352045082346251 ], [ 20.910999078802067, 52.352045090899672 ], [ 20.910999077841641, 52.352045099435855 ], [ 20.910999075560461, 52.35204510787748 ], [ 20.910999071979198, 52.352045116148112 ], [ 20.91099906713027, 52.352045124172825 ], [ 20.910999061057602, 52.352045131878953 ], [ 20.908977326115643, 52.354326368452362 ], [ 20.908977324635437, 52.354326370330497 ], [ 20.908977326275366, 52.354326372158219 ], [ 20.911193011111582, 52.356539138221102 ], [ 20.911193013027997, 52.356539139945042 ], [ 20.911193016433163, 52.356539139989209 ], [ 20.915430582852192, 52.356470508597994 ], [ 20.915430596823679, 52.356470508778735 ], [ 20.91543061070384, 52.356470509771803 ], [ 20.915430624366977, 52.356470511568226 ], [ 20.915430637689351, 52.356470514151738 ], [ 20.91543065055032, 52.356470517498899 ], [ 20.915430662833405, 52.356470521579446 ], [ 20.91543067442737, 52.356470526356397 ], [ 20.915430685227221, 52.356470531786513 ], [ 20.915430695135157, 52.356470537820599 ], [ 20.915430704061443, 52.356470544404011 ], [ 20.915430711925243, 52.35647055147713 ], [ 20.917646783640773, 52.358683149145243 ], [ 20.917646785557537, 52.358683150869076 ], [ 20.917646788962866, 52.358683150913052 ], [ 20.921884544464667, 52.35861428614259 ], [ 20.921884558436837, 52.358614286322549 ], [ 20.92188457231779, 52.358614287314857 ], [ 20.921884585981836, 52.358614289110527 ], [ 20.921884599305216, 52.358614291693293 ], [ 20.921884612167279, 52.358614295039743 ], [ 20.92188462445154, 52.358614299119616 ], [ 20.921884636046759, 52.358614303895912 ], [ 20.921884646847918, 52.358614309325418 ], [ 20.9218846567572, 52.358614315358949 ], [ 20.921884665684875, 52.358614321941857 ], [ 20.921884673550085, 52.35861432901455 ], [ 20.924101174676949, 52.36082680067279 ], [ 20.924101176594057, 52.360826802396517 ], [ 20.924101179999553, 52.360826802440307 ], [ 20.928339124518672, 52.360757704256507 ], [ 20.92833913849152, 52.360757704435727 ], [ 20.92833915237328, 52.360757705427247 ], [ 20.928339166038224, 52.36075770722217 ], [ 20.928339179362613, 52.36075770980419 ], [ 20.928339192225771, 52.360757713149944 ], [ 20.928339204511211, 52.36075771722912 ], [ 20.928339216107677, 52.36075772200477 ], [ 20.92833922691014, 52.360757727433672 ], [ 20.928339236820776, 52.360757733466649 ], [ 20.928339245749839, 52.360757740049053 ], [ 20.928339253616457, 52.360757747121269 ], [ 20.930556141688562, 52.362970050300405 ], [ 20.930556148422212, 52.362970057798272 ], [ 20.93055615396117, 52.362970065654054 ], [ 20.930556158255268, 52.362970073796582 ], [ 20.930556161265617, 52.362970082152103 ], [ 20.930556162964955, 52.362970090644993 ], [ 20.930556163337897, 52.362970099198314 ], [ 20.930556162381059, 52.362970107734604 ], [ 20.930556160103116, 52.362970116176562 ], [ 20.930556156524684, 52.362970124447742 ], [ 20.930556151678179, 52.362970132473215 ], [ 20.93055614560749, 52.362970140180323 ], [ 20.928534942699407, 52.365251702487832 ], [ 20.928534941219681, 52.365251704366202 ], [ 20.928534942860832, 52.365251706193632 ], [ 20.930752156523749, 52.367464086663773 ], [ 20.930752158441408, 52.367464088387393 ], [ 20.930752161847415, 52.367464088430985 ], [ 20.93499080615867, 52.367394744292817 ], [ 20.934990809556005, 52.367394744137918 ], [ 20.934990811320517, 52.367394742354072 ], [ 20.93701177360872, 52.365113072675861 ], [ 20.937011780847879, 52.365113065356532 ], [ 20.937011789190802, 52.365113058491588 ], [ 20.93701179856193, 52.365113052143201 ], [ 20.937011808876392, 52.365113046368862 ], [ 20.937011820040787, 52.365113041220866 ], [ 20.937011831954006, 52.365113036745839 ], [ 20.937011844508163, 52.365113032984297 ], [ 20.93701185758956, 52.365113029970317 ], [ 20.937011871079729, 52.365113027731169 ], [ 20.93701188485651, 52.365113026287176 ], [ 20.937011898795131, 52.365113025651368 ], [ 20.941250139879049, 52.365043461871259 ], [ 20.941250153853264, 52.365043462048938 ], [ 20.941250167736619, 52.365043463038937 ], [ 20.941250181403376, 52.365043464832333 ], [ 20.941250194729776, 52.365043467412875 ], [ 20.941250207595129, 52.3650434707572 ], [ 20.941250219882924, 52.365043474835005 ], [ 20.941250231481877, 52.365043479609369 ], [ 20.941250242286955, 52.365043485037063 ], [ 20.941250252200298, 52.365043491068917 ], [ 20.941250261132133, 52.365043497650312 ], [ 20.941250269001571, 52.365043504721648 ], [ 20.94346805864701, 52.367255598072965 ], [ 20.943468060565149, 52.367255599796366 ], [ 20.943468063971146, 52.367255599839595 ], [ 20.947706575149155, 52.367185801211512 ], [ 20.947706589124053, 52.367185801388395 ], [ 20.9477066030082, 52.367185802377648 ], [ 20.947706616675866, 52.36718580417029 ], [ 20.947706630003271, 52.367185806750093 ], [ 20.947706642869719, 52.367185810093687 ], [ 20.94770665515869, 52.367185814170803 ], [ 20.947706666758894, 52.367185818944535 ], [ 20.947706677565275, 52.36718582437161 ], [ 20.947706687479972, 52.367185830402917 ], [ 20.947706696413196, 52.367185836983808 ], [ 20.947706704284045, 52.367185844054696 ], [ 20.949924923530453, 52.369397811211236 ], [ 20.949924925448933, 52.369397812934523 ], [ 20.949924928855093, 52.369397812977574 ], [ 20.954163710068499, 52.369327779455588 ], [ 20.954163713465899, 52.369327779300122 ], [ 20.954163715229708, 52.369327777515991 ], [ 20.95618376629092, 52.367045789468222 ], [ 20.956183773527183, 52.367045782147756 ], [ 20.956183781867452, 52.367045775281483 ], [ 20.956183791236189, 52.367045768931597 ], [ 20.956183801548555, 52.367045763155609 ], [ 20.956183812711156, 52.367045758005823 ], [ 20.956183824622897, 52.36704575352887 ], [ 20.956183837175914, 52.367045749765317 ], [ 20.956183850256519, 52.367045746749213 ], [ 20.956183863746251, 52.367045744507891 ], [ 20.956183877522943, 52.367045743061652 ], [ 20.956183891461837, 52.367045742423571 ], [ 20.960422269169367, 52.366975489332965 ], [ 20.960422283144212, 52.366975489508363 ], [ 20.96042229702854, 52.36697549049611 ], [ 20.960422310696615, 52.366975492287274 ], [ 20.960422324024659, 52.366975494865628 ], [ 20.960422336891973, 52.366975498207843 ], [ 20.960422349182021, 52.366975502283616 ], [ 20.960422360783507, 52.36697550705609 ], [ 20.960422371591363, 52.366975512481972 ], [ 20.960422381507716, 52.366975518512199 ], [ 20.960422390442762, 52.366975525092123 ], [ 20.960422398315579, 52.366975532162144 ], [ 20.962641235843314, 52.3691872544481 ], [ 20.962641237762277, 52.36918725617118 ], [ 20.962641241168427, 52.369187256213856 ], [ 20.966879970007692, 52.369116766844648 ], [ 20.966879973405025, 52.369116766688819 ], [ 20.966879975168304, 52.369116764904518 ], [ 20.968899355593418, 52.366834565962186 ], [ 20.968899362827528, 52.36683455864096 ], [ 20.968899371165765, 52.366834551773806 ], [ 20.968899380532605, 52.366834545422932 ], [ 20.968899390843234, 52.366834539645858 ], [ 20.968899402004268, 52.366834534494885 ], [ 20.968899413914635, 52.366834530016668 ], [ 20.968899426466475, 52.366834526251772 ], [ 20.968899439546114, 52.366834523234274 ], [ 20.9688994530351, 52.366834520991503 ], [ 20.968899466811273, 52.366834519543787 ], [ 20.968899480749879, 52.366834518904213 ], [ 20.973137887199659, 52.366763808669624 ], [ 20.973137890596782, 52.366763808513618 ], [ 20.97313789235972, 52.366763806729224 ], [ 20.975156881933582, 52.364481460477244 ], [ 20.975156883411287, 52.364481458598306 ], [ 20.97515688176826, 52.36448145677155 ], [ 20.972937667313381, 52.362269971763034 ], [ 20.972937660572725, 52.362269964267654 ], [ 20.972937655026392, 52.362269956413954 ], [ 20.972937650724614, 52.362269948273031 ], [ 20.972937647706349, 52.362269939918654 ], [ 20.972937645998925, 52.362269931426468 ], [ 20.972937645617808, 52.362269922873352 ], [ 20.972937646566454, 52.3622699143368 ], [ 20.972937648836265, 52.362269905894109 ], [ 20.972937652406689, 52.362269897621736 ], [ 20.972937657245396, 52.362269889594593 ], [ 20.972937663308553, 52.362269881885382 ], [ 20.974956387105436, 52.35998762688078 ], [ 20.974956394337443, 52.359987619559199 ], [ 20.974956402673463, 52.359987612691647 ], [ 20.974956412038004, 52.359987606340304 ], [ 20.974956422346256, 52.359987600562718 ], [ 20.974956433504868, 52.359987595411191 ], [ 20.974956445412783, 52.359987590932377 ], [ 20.974956457962161, 52.359987587166856 ], [ 20.974956471039363, 52.359987584148705 ], [ 20.974956484525947, 52.359987581905266 ], [ 20.974956498299779, 52.359987580456874 ], [ 20.974956512236123, 52.359987579816604 ], [ 20.979194166824936, 52.359916660198628 ], [ 20.979194180797563, 52.359916660371816 ], [ 20.979194194680034, 52.359916661357374 ], [ 20.979194208346627, 52.359916663146372 ], [ 20.979194221673573, 52.359916665722643 ], [ 20.979194234540181, 52.359916669062812 ], [ 20.979194246829927, 52.359916673136667 ], [ 20.979194258431516, 52.359916677907279 ], [ 20.97919426923988, 52.35991668333147 ], [ 20.979194279157145, 52.359916689360105 ], [ 20.979194288093488, 52.359916695938594 ], [ 20.979194295967986, 52.359916703007357 ], [ 20.981413698717066, 52.362128069367976 ], [ 20.981413700636438, 52.362128071090758 ], [ 20.981413704042044, 52.362128071132908 ], [ 20.9856516281307, 52.362056916588138 ], [ 20.985651642104006, 52.362056916760551 ], [ 20.985651655987276, 52.362056917745342 ], [ 20.985651669654771, 52.362056919533593 ], [ 20.98565168298272, 52.362056922109119 ], [ 20.985651695850422, 52.36205692544857 ], [ 20.985651708141344, 52.362056929521721 ], [ 20.98565171974418, 52.362056934291694 ], [ 20.985651730553851, 52.362056939715281 ], [ 20.985651740472463, 52.362056945743369 ], [ 20.985651749410199, 52.362056952321346 ], [ 20.985651757286103, 52.362056959389662 ], [ 20.987871589467971, 52.364268199360659 ], [ 20.987871591387684, 52.36426820108332 ], [ 20.987871594793461, 52.364268201125277 ], [ 20.992109707054112, 52.364196812978243 ], [ 20.992109721028104, 52.364196813149903 ], [ 20.992109734912166, 52.364196814133919 ], [ 20.992109748580564, 52.364196815921417 ], [ 20.992109761909514, 52.364196818496204 ], [ 20.992109774778314, 52.364196821834931 ], [ 20.992109787070408, 52.364196825907406 ], [ 20.992109798674491, 52.364196830676725 ], [ 20.99210980948547, 52.364196836099708 ], [ 20.992109819405432, 52.364196842127235 ], [ 20.992109828344553, 52.364196848704715 ], [ 20.992109836221868, 52.364196855772576 ], [ 20.994330097883669, 52.366407969307708 ], [ 20.994330099803726, 52.366407971030249 ], [ 20.994330103209666, 52.366407971072022 ], [ 20.99856848484912, 52.366336347913901 ], [ 20.998568488246097, 52.366336347757169 ], [ 20.99856849000798, 52.366336345972385 ], [ 21.000586099208771, 52.364053622195989 ], [ 21.000586106437144, 52.364053614872866 ], [ 21.000586114769892, 52.364053608003537 ], [ 21.000586124131544, 52.364053601650198 ], [ 21.000586134437324, 52.364053595870402 ], [ 21.000586145593896, 52.364053590716466 ], [ 21.000586157500233, 52.364053586235094 ], [ 21.000586170048503, 52.364053582466866 ], [ 21.000586183125073, 52.36405357944588 ], [ 21.000586196611511, 52.364053577199527 ], [ 21.000586210385688, 52.36405357574813 ], [ 21.000586224322859, 52.364053575104826 ], [ 21.004824201944135, 52.363981732608011 ], [ 21.004824215918067, 52.363981732778157 ], [ 21.004824229802303, 52.363981733760681 ], [ 21.004824243471109, 52.363981735546702 ], [ 21.004824256800696, 52.363981738120039 ], [ 21.004824269670351, 52.36398174145738 ], [ 21.004824281963526, 52.363981745528513 ], [ 21.004824293568884, 52.363981750296574 ], [ 21.004824304381334, 52.363981755718385 ], [ 21.004824314302951, 52.363981761744817 ], [ 21.004824323243888, 52.363981768321317 ], [ 21.004824331123174, 52.363981775388311 ], [ 21.007045210295946, 52.366192643710654 ], [ 21.007045212216486, 52.366192645433003 ], [ 21.007045215622412, 52.366192645474399 ], [ 21.011283543711013, 52.366120566551459 ], [ 21.011283547107922, 52.366120566394365 ], [ 21.011283548869283, 52.36612056460941 ], [ 21.013300525702448, 52.363837586585639 ], [ 21.013300527178504, 52.363837584706239 ], [ 21.013300525533943, 52.363837582880031 ], [ 21.011079458490162, 52.361626833294402 ], [ 21.011079451743207, 52.361626825801267 ], [ 21.011079446190241, 52.361626817949421 ], [ 21.011079441881552, 52.361626809809955 ], [ 21.011079438856161, 52.361626801456623 ], [ 21.011079437141468, 52.361626792965062 ], [ 21.011079436752997, 52.361626784412152 ], [ 21.011079437694271, 52.361626775875365 ], [ 21.011079439956756, 52.361626767432014 ], [ 21.011079443519979, 52.361626759158554 ], [ 21.011079448351655, 52.361626751129918 ], [ 21.011079454408033, 52.361626743418825 ], [ 21.013096166077478, 52.359343856766195 ], [ 21.013096173303015, 52.35934384944234 ], [ 21.013096181632928, 52.359343842572144 ], [ 21.013096190991781, 52.359343836217839 ], [ 21.013096201294818, 52.35934383043697 ], [ 21.013096212448733, 52.35934382528189 ], [ 21.013096224352516, 52.359343820799275 ], [ 21.01309623689836, 52.359343817029732 ], [ 21.013096249972655, 52.359343814007389 ], [ 21.01309626345699, 52.359343811759615 ], [ 21.013096277229259, 52.359343810306783 ], [ 21.013096291164729, 52.359343809662036 ], [ 21.017333785699535, 52.359271523112319 ], [ 21.017333799671984, 52.359271523281002 ], [ 21.017333813554981, 52.359271524262077 ], [ 21.017333827222792, 52.359271526046648 ], [ 21.017333840551647, 52.359271528618592 ], [ 21.017333853420826, 52.35927153195459 ], [ 21.017333865713795, 52.35927153602443 ], [ 21.017333877319221, 52.359271540791248 ], [ 21.017333888132004, 52.359271546211907 ], [ 21.017333898054222, 52.359271552237288 ], [ 21.017333906996022, 52.359271558812843 ], [ 21.017333914876421, 52.359271565878991 ], [ 21.019555127081876, 52.361482154331689 ], [ 21.019555133830227, 52.361482161824341 ], [ 21.019555139384664, 52.361482169675774 ], [ 21.019555143694891, 52.361482177814906 ], [ 21.01955514672186, 52.361482186168004 ], [ 21.019555148438176, 52.361482194659438 ], [ 21.019555148828278, 52.361482203212297 ], [ 21.019555147888646, 52.361482211749134 ], [ 21.019555145627784, 52.361482220192627 ], [ 21.019555142066167, 52.361482228466336 ], [ 21.019555137236047, 52.361482236495284 ], [ 21.019555131181175, 52.361482244206805 ], [ 21.017538622464809, 52.363765281727481 ], [ 21.017538620988937, 52.363765283606924 ], [ 21.017538622633669, 52.363765285433082 ], [ 21.019760161716647, 52.365975950830119 ], [ 21.019760163637663, 52.365975952552247 ], [ 21.019760167043572, 52.365975952593274 ], [ 21.023998359972033, 52.365903419311103 ], [ 21.023998373946583, 52.365903419478975 ], [ 21.023998387831789, 52.365903420459233 ], [ 21.023998401501899, 52.365903422243022 ], [ 21.02399841483313, 52.365903424814178 ], [ 21.023998427704733, 52.365903428149402 ], [ 21.023998440000152, 52.365903432218531 ], [ 21.023998451608037, 52.365903436984681 ], [ 21.023998462423261, 52.365903442404679 ], [ 21.023998472347884, 52.365903448429485 ], [ 21.023998481292029, 52.365903455004506 ], [ 21.023998489174687, 52.365903462070179 ], [ 21.026220415150242, 52.368113958450657 ], [ 21.026220417071602, 52.368113960172685 ], [ 21.026220420477678, 52.368113960213527 ], [ 21.030458882363003, 52.368041191804245 ], [ 21.030458885759977, 52.368041191646604 ], [ 21.030458887520631, 52.368041189861373 ], [ 21.032474912642698, 52.365757938194932 ], [ 21.032474919866015, 52.365757930869925 ], [ 21.032474928194066, 52.365757923998395 ], [ 21.032474937551427, 52.365757917642568 ], [ 21.032474947853355, 52.36575791186003 ], [ 21.03247495900656, 52.365757906703138 ], [ 21.03247497091003, 52.365757902218569 ], [ 21.032474983455977, 52.365757898446972 ], [ 21.03247499653077, 52.365757895422483 ], [ 21.032475010016007, 52.365757893172493 ], [ 21.032475023789566, 52.365757891717394 ], [ 21.032475037726705, 52.365757891070331 ], [ 21.036713095158021, 52.365684903456803 ], [ 21.03671310913251, 52.365684903623176 ], [ 21.036713123017886, 52.365684904601942 ], [ 21.036713136688402, 52.36568490638426 ], [ 21.036713150020262, 52.365684908953959 ], [ 21.036713162892724, 52.365684912287811 ], [ 21.036713175189213, 52.365684916355583 ], [ 21.036713186798373, 52.365684921120469 ], [ 21.036713197615072, 52.365684926539302 ], [ 21.036713207541343, 52.365684932563006 ], [ 21.036713216487303, 52.365684939137047 ], [ 21.03671322437193, 52.365684946201867 ], [ 21.038935767444137, 52.367895197091052 ], [ 21.038935769365978, 52.367895198812867 ], [ 21.038935772772035, 52.367895198853347 ], [ 21.043174180250109, 52.367821974675849 ], [ 21.043174183647011, 52.367821974517838 ], [ 21.043174185407135, 52.367821972732415 ], [ 21.04518953904542, 52.36553851087114 ], [ 21.045189546266577, 52.365538503545366 ], [ 21.045189554592589, 52.365538496672961 ], [ 21.04518956394805, 52.365538490316162 ], [ 21.045189574248241, 52.365538484532529 ], [ 21.045189585399875, 52.365538479374436 ], [ 21.045189597301967, 52.365538474888616 ], [ 21.045189609846727, 52.365538471115684 ], [ 21.04518962292055, 52.365538468089788 ], [ 21.045189636405034, 52.365538465838348 ], [ 21.045189650178063, 52.365538464381771 ], [ 21.045189664114911, 52.365538463733216 ], [ 21.049427748249688, 52.365465019002514 ], [ 21.04942775164638, 52.365465018844333 ], [ 21.049427753406157, 52.365465017058824 ], [ 21.051442677593208, 52.363181452102523 ], [ 21.051442684812947, 52.36318144477638 ], [ 21.051442693137545, 52.363181437903556 ], [ 21.051442702491602, 52.363181431546259 ], [ 21.051442712790418, 52.363181425762093 ], [ 21.051442723940724, 52.363181420603432 ], [ 21.051442735841537, 52.36318141611698 ], [ 21.051442748385085, 52.363181412343387 ], [ 21.051442761457771, 52.363181409316823 ], [ 21.051442774941201, 52.363181407064687 ], [ 21.051442788713274, 52.363181405607385 ], [ 21.051442802649266, 52.363181404958098 ], [ 21.055680563403531, 52.363107739725073 ], [ 21.055680577377217, 52.363107739889209 ], [ 21.055680591262139, 52.363107740865743 ], [ 21.055680604932558, 52.363107742645859 ], [ 21.055680618264681, 52.363107745213433 ], [ 21.055680631137758, 52.363107748545197 ], [ 21.055680643435213, 52.363107752611008 ], [ 21.055680655045681, 52.363107757374017 ], [ 21.055680665864013, 52.363107762791088 ], [ 21.055680675792235, 52.363107768813194 ], [ 21.055680684740441, 52.363107775385764 ], [ 21.055680692627586, 52.363107782449291 ], [ 21.057904039866884, 52.365317668887052 ], [ 21.057904041789339, 52.365317670608547 ], [ 21.057904045195205, 52.365317670648487 ], [ 21.062142074425633, 52.365243770218122 ], [ 21.062142088399995, 52.36524377038149 ], [ 21.062142102285708, 52.365243771357257 ], [ 21.062142115957034, 52.365243773136612 ], [ 21.062142129290155, 52.365243775703455 ], [ 21.062142142164326, 52.3652437790345 ], [ 21.062142154462954, 52.365243783099615 ], [ 21.062142166074665, 52.365243787861971 ], [ 21.062142176894298, 52.365243793278438 ], [ 21.062142186823873, 52.365243799299982 ], [ 21.062142195773465, 52.365243805872048 ], [ 21.06214220366202, 52.365243812935127 ], [ 21.064365980333303, 52.367453572531936 ], [ 21.064365982256103, 52.367453574253325 ], [ 21.064365985662132, 52.367453574293073 ], [ 21.068604283309451, 52.367379438619615 ], [ 21.068604286706208, 52.367379438460873 ], [ 21.068604288465281, 52.36737943667508 ], [ 21.070618298714354, 52.365095554774356 ], [ 21.070618305931188, 52.36509554744709 ], [ 21.070618314253121, 52.365095540572931 ], [ 21.070618323604783, 52.365095534214142 ], [ 21.070618333901486, 52.365095528428334 ], [ 21.070618345049983, 52.365095523267875 ], [ 21.070618356949304, 52.365095518779512 ], [ 21.070618369491697, 52.365095515003908 ], [ 21.070618382563573, 52.36509551197522 ], [ 21.070618396046552, 52.365095509720902 ], [ 21.070618409818522, 52.365095508261362 ], [ 21.070618423754773, 52.365095507609801 ], [ 21.074856397741499, 52.365021151487525 ], [ 21.074856401138046, 52.365021151328612 ], [ 21.074856402896771, 52.36502114954272 ], [ 21.076869983733225, 52.362737164696817 ], [ 21.076869990948644, 52.362737157369175 ], [ 21.07686999926916, 52.362737150494603 ], [ 21.076870008619419, 52.362737144135316 ], [ 21.07687001891475, 52.362737138348976 ], [ 21.076870030061915, 52.362737133187942 ], [ 21.076870041959964, 52.362737128698953 ], [ 21.076870054501139, 52.362737124922702 ], [ 21.076870067571878, 52.362737121893332 ], [ 21.076870081053801, 52.362737119638311 ], [ 21.076870094824816, 52.362737118178046 ], [ 21.076870108760211, 52.362737117525768 ], [ 21.081107840310938, 52.362662539574004 ], [ 21.081107843707276, 52.362662539414906 ], [ 21.081107845465656, 52.362662537628935 ], [ 21.083121035557451, 52.360378406083761 ], [ 21.083121037030409, 52.36037840420353 ], [ 21.083121035383122, 52.360378402378309 ], [ 21.080896697781981, 52.358168999464311 ], [ 21.08089669102387, 52.358168991975269 ], [ 21.080896685459066, 52.358168984126827 ], [ 21.080896681137972, 52.35816897599004 ], [ 21.080896678099716, 52.358168967638633 ], [ 21.080896676371808, 52.358168959148209 ], [ 21.080896675969907, 52.358168950595683 ], [ 21.080896676897648, 52.358168942058469 ], [ 21.08089667914663, 52.358168933613925 ], [ 21.080896682696483, 52.358168925338504 ], [ 21.080896687515065, 52.35816891730714 ], [ 21.080896693558728, 52.358168909592585 ], [ 21.082909619639207, 52.355884869644093 ], [ 21.082909626852526, 52.355884862316088 ], [ 21.082909635170836, 52.355884855441097 ], [ 21.082909644518796, 52.35588484908137 ], [ 21.082909654811754, 52.355884843294518 ], [ 21.082909665956496, 52.355884838132944 ], [ 21.08290967785209, 52.355884833643373 ], [ 21.082909690390814, 52.35588482986649 ], [ 21.082909703459109, 52.355884826836473 ], [ 21.082909716938627, 52.355884824580784 ], [ 21.0829097307073, 52.355884823119837 ], [ 21.082909744640432, 52.355884822466876 ], [ 21.087146804484604, 52.355810034778514 ], [ 21.087146807880391, 52.355810034619253 ], [ 21.087146809638259, 52.355810032833205 ], [ 21.089159383743404, 52.353525802446072 ], [ 21.089159385215883, 52.353525800565755 ], [ 21.089159383568617, 52.353525798740634 ], [ 21.086935101679668, 52.351316506676582 ], [ 21.086935094921621, 52.351316499187881 ], [ 21.086935089356654, 52.351316491339709 ], [ 21.086935085035158, 52.351316483203135 ], [ 21.086935081996273, 52.351316474851885 ], [ 21.086935080267519, 52.351316466361546 ], [ 21.086935079864553, 52.351316457809041 ], [ 21.086935080791022, 52.351316449271799 ], [ 21.086935083038536, 52.351316440827134 ], [ 21.086935086586745, 52.351316432551528 ], [ 21.086935091403511, 52.351316424519943 ], [ 21.086935097445213, 52.351316416805098 ], [ 21.088947446308477, 52.349032234231842 ], [ 21.088947447780821, 52.349032232351547 ], [ 21.088947446133734, 52.349032230526404 ], [ 21.086723406641791, 52.346822930407413 ], [ 21.086723399884484, 52.346822922918676 ], [ 21.086723394320138, 52.34682291507049 ], [ 21.086723389999147, 52.346822906933916 ], [ 21.086723386960632, 52.346822898582644 ], [ 21.086723385232119, 52.346822890092284 ], [ 21.086723384829256, 52.346822881539758 ], [ 21.086723385755697, 52.346822873002509 ], [ 21.086723388003048, 52.346822864557865 ], [ 21.086723391550958, 52.346822856282259 ], [ 21.086723396367297, 52.346822848250675 ], [ 21.086723402408445, 52.346822840535836 ], [ 21.088735564670362, 52.344538661974525 ], [ 21.088735566142571, 52.34453866009423 ], [ 21.088735564495668, 52.344538658269073 ], [ 21.086511767334592, 52.342329350096385 ], [ 21.086511760578031, 52.342329342607641 ], [ 21.08651175501431, 52.34232933475942 ], [ 21.086511750693816, 52.342329326622824 ], [ 21.086511747655674, 52.342329318271531 ], [ 21.0865117459274, 52.342329309781178 ], [ 21.086511745524646, 52.342329301228645 ], [ 21.086511746451059, 52.342329292691396 ], [ 21.086511748698243, 52.342329284246745 ], [ 21.086511752245858, 52.342329275971146 ], [ 21.086511757061771, 52.342329267939562 ], [ 21.086511763102365, 52.342329260224737 ], [ 21.08852373880951, 52.340045085674184 ], [ 21.088523740281584, 52.340045083793875 ], [ 21.088523738634859, 52.340045081968718 ], [ 21.086300183738555, 52.337835765743598 ], [ 21.086300176982736, 52.337835758254819 ], [ 21.086300171419637, 52.337835750406576 ], [ 21.086300167099644, 52.337835742269966 ], [ 21.086300164061875, 52.337835733918659 ], [ 21.086300162333838, 52.337835725428292 ], [ 21.086300161931188, 52.337835716875759 ], [ 21.086300162857572, 52.337835708338496 ], [ 21.086300165104596, 52.337835699893837 ], [ 21.086300168651913, 52.337835691618245 ], [ 21.086300173467396, 52.337835683586682 ], [ 21.08630017950744, 52.337835675871865 ], [ 21.088311930130704, 52.335551549131964 ], [ 21.08831193733991, 52.33555154180366 ], [ 21.08831194565364, 52.335551534928314 ], [ 21.088311954996605, 52.335551528568182 ], [ 21.088311965284195, 52.335551522780904 ], [ 21.088311976423245, 52.335551517618853 ], [ 21.088311988312878, 52.335551513128785 ], [ 21.088312000845416, 52.33555150935139 ], [ 21.08831201390737, 52.335551506320826 ], [ 21.088312027380443, 52.335551504064583 ], [ 21.088312041142615, 52.335551502603082 ], [ 21.088312055069267, 52.335551501949539 ], [ 21.092547156946708, 52.335476540877039 ], [ 21.092547160340914, 52.335476540717636 ], [ 21.09254716209778, 52.335476538931509 ], [ 21.094558561217536, 52.33319222185861 ], [ 21.09455856268913, 52.33319221997823 ], [ 21.094558561042422, 52.333192218153151 ], [ 21.092335061939448, 52.330983012691362 ], [ 21.092335055183696, 52.330983005202917 ], [ 21.092335049620434, 52.330982997354965 ], [ 21.092335045300036, 52.330982989218562 ], [ 21.092335042261642, 52.330982980867411 ], [ 21.092335040532756, 52.330982972377136 ], [ 21.092335040129043, 52.330982963824624 ], [ 21.092335041054156, 52.330982955287311 ], [ 21.092335043299716, 52.330982946842553 ], [ 21.092335046845388, 52.330982938566784 ], [ 21.092335051659063, 52.330982930534987 ], [ 21.092335057697145, 52.330982922819878 ], [ 21.094346231896431, 52.328698653573682 ], [ 21.094346233367894, 52.328698651693308 ], [ 21.094346231721367, 52.328698649868237 ], [ 21.09212297479754, 52.326489436337013 ], [ 21.092122968042535, 52.326489428848539 ], [ 21.092122962479891, 52.326489421000566 ], [ 21.092122958160001, 52.326489412864142 ], [ 21.092122955121976, 52.326489404512984 ], [ 21.092122953393332, 52.326489396022694 ], [ 21.092122952989726, 52.326489387470161 ], [ 21.09212295391481, 52.326489378932862 ], [ 21.092122956160203, 52.326489370488098 ], [ 21.092122959705581, 52.326489362212335 ], [ 21.092122964518829, 52.326489354180545 ], [ 21.092122970556357, 52.326489346465451 ], [ 21.094133958453067, 52.32420508124234 ], [ 21.094133959924392, 52.324205079361974 ], [ 21.09413395827805, 52.324205077536888 ], [ 21.091910900841405, 52.321995813573487 ], [ 21.091910898919572, 52.321995811852538 ], [ 21.091910895517035, 52.321995811813537 ], [ 21.087677079084795, 52.32207073666342 ], [ 21.087677065124044, 52.322070736502944 ], [ 21.087677051251401, 52.322070735530041 ], [ 21.087677037592499, 52.322070733753485 ], [ 21.087677024271038, 52.322070731189392 ], [ 21.087677011407656, 52.322070727860996 ], [ 21.087676999118848, 52.322070723798419 ], [ 21.087676987515906, 52.322070719038436 ], [ 21.087676976703904, 52.322070713624186 ], [ 21.087676966780755, 52.322070707604688 ], [ 21.087676957836326, 52.322070701034455 ], [ 21.087676949951629, 52.322070693972996 ], [ 21.085454406075844, 52.319861387916227 ], [ 21.085454399322991, 52.319861380427341 ], [ 21.085454393762387, 52.31986137257902 ], [ 21.08545438944439, 52.319861364442325 ], [ 21.085454386408106, 52.319861356090968 ], [ 21.085454384681029, 52.319861347600551 ], [ 21.085454384278801, 52.319861339047975 ], [ 21.085454385205072, 52.319861330510712 ], [ 21.085454387451442, 52.319861322066046 ], [ 21.085454390997572, 52.319861313790469 ], [ 21.08545439581135, 52.319861305758927 ], [ 21.08545440184918, 52.31986129804416 ], [ 21.087465445480643, 52.317577143529675 ], [ 21.087465446952042, 52.317577141649387 ], [ 21.087465445306218, 52.317577139824202 ], [ 21.085243100743071, 52.31536778335569 ], [ 21.085243093990957, 52.31536777586679 ], [ 21.085243088430978, 52.315367768018433 ], [ 21.085243084113479, 52.315367759881724 ], [ 21.085243081077568, 52.315367751530353 ], [ 21.085243079350729, 52.315367743039921 ], [ 21.085243078948608, 52.315367734487346 ], [ 21.08524307987485, 52.315367725950075 ], [ 21.085243082121057, 52.315367717505417 ], [ 21.085243085666892, 52.315367709229847 ], [ 21.085243090480244, 52.315367701198312 ], [ 21.085243096517519, 52.315367693483559 ], [ 21.087253953873375, 52.313083542972741 ], [ 21.087253955344639, 52.31308354109246 ], [ 21.087253953698998, 52.313083539267275 ], [ 21.085031851004508, 52.310874174753842 ], [ 21.085031844253137, 52.310874167264906 ], [ 21.08503183869378, 52.310874159416535 ], [ 21.085031834376778, 52.310874151279812 ], [ 21.08503183134124, 52.310874142928419 ], [ 21.085031829614639, 52.310874134437981 ], [ 21.085031829212628, 52.310874125885391 ], [ 21.085031830138838, 52.310874117348114 ], [ 21.085031832384882, 52.310874108903462 ], [ 21.085031835930419, 52.310874100627899 ], [ 21.085031840743348, 52.310874092596372 ], [ 21.085031846780073, 52.310874084881632 ], [ 21.087042517906792, 52.308589938373309 ], [ 21.087042519377924, 52.308589936493028 ], [ 21.087042517732463, 52.308589934667829 ], [ 21.084820656840702, 52.306380562110725 ], [ 21.084820650090073, 52.306380554621775 ], [ 21.084820644531334, 52.306380546773397 ], [ 21.084820640214833, 52.306380538636638 ], [ 21.084820637179664, 52.306380530285232 ], [ 21.084820635453305, 52.306380521794793 ], [ 21.084820635051397, 52.306380513242196 ], [ 21.084820635977579, 52.306380504704912 ], [ 21.084820638223459, 52.306380496260253 ], [ 21.084820641768705, 52.30638048798469 ], [ 21.084820646581203, 52.306380479953177 ], [ 21.084820652617374, 52.306380472238438 ], [ 21.086831137561425, 52.304096329731451 ], [ 21.086831139032419, 52.304096327851163 ], [ 21.08683113738714, 52.304096326025963 ], [ 21.084609518232199, 52.301886945426453 ], [ 21.084609511482309, 52.301886937937468 ], [ 21.084609505924199, 52.301886930089069 ], [ 21.084609501608195, 52.301886921952281 ], [ 21.084609498573396, 52.301886913600875 ], [ 21.084609496847275, 52.301886905110415 ], [ 21.084609496445474, 52.301886896557818 ], [ 21.084609497371627, 52.301886888020519 ], [ 21.084609499617343, 52.301886879575861 ], [ 21.084609503162291, 52.301886871300304 ], [ 21.084609507974363, 52.301886863268805 ], [ 21.08460951400998, 52.301886855554081 ], [ 21.086619774270709, 52.299602760847705 ], [ 21.086619781474518, 52.299602753519515 ], [ 21.086619789781935, 52.299602746644311 ], [ 21.08661979911772, 52.299602740284371 ], [ 21.08661980939733, 52.299602734497277 ], [ 21.086619820527677, 52.299602729335447 ], [ 21.086619832407951, 52.299602724845641 ], [ 21.086619844930571, 52.299602721068496 ], [ 21.086619857982125, 52.299602718038223 ], [ 21.08661987144442, 52.299602715782271 ], [ 21.086619885195539, 52.299602714321061 ], [ 21.08661989911095, 52.299602713667845 ], [ 21.09085157538372, 52.299527849140318 ], [ 21.09085157877519, 52.299527848981 ], [ 21.090851580530742, 52.299527847194902 ], [ 21.092861490130389, 52.297243562283747 ], [ 21.092861491600907, 52.297243560403402 ], [ 21.092861489955645, 52.29724355857828 ], [ 21.09063992643798, 52.295034288596241 ], [ 21.090639919688154, 52.29503428110759 ], [ 21.090639914129873, 52.295034273259454 ], [ 21.090639909813476, 52.295034265122915 ], [ 21.090639906778051, 52.295034256771636 ], [ 21.090639905051088, 52.295034248281276 ], [ 21.090639904648221, 52.295034239728693 ], [ 21.090639905573106, 52.295034231191366 ], [ 21.090639907817366, 52.295034222746594 ], [ 21.090639911360672, 52.29503421447086 ], [ 21.090639916170936, 52.295034206439119 ], [ 21.090639922204598, 52.295034198724103 ], [ 21.092649568748563, 52.292750005431962 ], [ 21.092649575950286, 52.292749998103432 ], [ 21.092649584255504, 52.292749991227815 ], [ 21.092649593588995, 52.292749984867406 ], [ 21.092649603866246, 52.292749979079815 ], [ 21.092649614994173, 52.292749973917438 ], [ 21.092649626872007, 52.292749969427042 ], [ 21.092649639392182, 52.292749965649286 ], [ 21.092649652441303, 52.292749962618359 ], [ 21.092649665901202, 52.292749960361739 ], [ 21.092649679649988, 52.292749958899861 ], [ 21.092649693563143, 52.292749958245949 ], [ 21.096880700489582, 52.292674884559766 ], [ 21.096880703880498, 52.29267488440027 ], [ 21.096880705635542, 52.292674882614087 ], [ 21.098889963145893, 52.290390542978869 ], [ 21.098889970346203, 52.290390535649955 ], [ 21.098889978650014, 52.290390528773919 ], [ 21.098889987982112, 52.290390522413041 ], [ 21.098889998257992, 52.29039051662491 ], [ 21.098890009384597, 52.290390511461958 ], [ 21.098890021261155, 52.290390506970937 ], [ 21.098890033780119, 52.290390503192533 ], [ 21.098890046828107, 52.290390500160939 ], [ 21.098890060286958, 52.290390497903608 ], [ 21.098890074034788, 52.290390496441013 ], [ 21.09889008794709, 52.290390495786369 ], [ 21.103120853175707, 52.290315200923736 ], [ 21.10312085656642, 52.290315200764056 ], [ 21.103120858321116, 52.290315198977787 ], [ 21.105129726843412, 52.288030713040193 ], [ 21.105129728313109, 52.288030711159699 ], [ 21.105129726667702, 52.288030709334741 ], [ 21.102908033163615, 52.28582166858935 ], [ 21.102908026413186, 52.285821661101409 ], [ 21.102908020853953, 52.285821653253848 ], [ 21.102908016536261, 52.285821645117743 ], [ 21.102908013499217, 52.285821636766798 ], [ 21.102908011770317, 52.285821628276615 ], [ 21.102908011365223, 52.285821619724089 ], [ 21.102908012287603, 52.285821611186677 ], [ 21.102908014529106, 52.285821602741699 ], [ 21.102908018069424, 52.28582159446561 ], [ 21.102908022876509, 52.285821586433393 ], [ 21.102908028906818, 52.28582157871778 ], [ 21.104916673199487, 52.283537140631203 ], [ 21.104916674669052, 52.283537138750702 ], [ 21.104916673023819, 52.283537136925752 ], [ 21.102695221198001, 52.281328088083299 ], [ 21.102695214448314, 52.281328080595323 ], [ 21.102695208889703, 52.281328072747741 ], [ 21.102695204572509, 52.281328064611621 ], [ 21.102695201535834, 52.281328056260662 ], [ 21.102695199807176, 52.281328047770479 ], [ 21.102695199402191, 52.281328039217939 ], [ 21.102695200324543, 52.28132803068052 ], [ 21.102695202565883, 52.281328022235542 ], [ 21.10269520610591, 52.281328013959467 ], [ 21.102695210912568, 52.281328005927264 ], [ 21.102695216942319, 52.281327998211637 ], [ 21.104703637062698, 52.279043607975368 ], [ 21.104703644260251, 52.279043600646112 ], [ 21.104703652561078, 52.279043593769693 ], [ 21.104703661889989, 52.27904358740836 ], [ 21.104703672162515, 52.27904358161976 ], [ 21.104703683285621, 52.279043576456303 ], [ 21.104703695158573, 52.279043571964721 ], [ 21.104703707673853, 52.279043568185735 ], [ 21.104703720718113, 52.279043565153515 ], [ 21.104703734173224, 52.279043562895573 ], [ 21.104703747917341, 52.279043561432346 ], [ 21.104703761825988, 52.279043560777062 ], [ 21.108933430652566, 52.278968069096244 ], [ 21.108933434042385, 52.278968068936408 ], [ 21.108933435796416, 52.278968067150046 ], [ 21.11094146721571, 52.276683530689084 ], [ 21.110941474411856, 52.276683523359473 ], [ 21.110941482711265, 52.27668351648262 ], [ 21.110941492038787, 52.276683510120812 ], [ 21.110941502309945, 52.276683504331679 ], [ 21.11094151343173, 52.276683499167639 ], [ 21.11094152530341, 52.276683494675467 ], [ 21.110941537817478, 52.276683490895813 ], [ 21.110941550860606, 52.276683487862925 ], [ 21.110941564314668, 52.276683485604273 ], [ 21.11094157805783, 52.276683484140321 ], [ 21.110941591965627, 52.276683483484305 ], [ 21.115170938031124, 52.27660777222966 ], [ 21.115170951977582, 52.276607772387038 ], [ 21.115170965836505, 52.276607773356872 ], [ 21.115170979482375, 52.276607775130394 ], [ 21.115170992791619, 52.276607777691524 ], [ 21.115171005643706, 52.276607781017084 ], [ 21.115171017922247, 52.276607785076948 ], [ 21.115171029516038, 52.276607789834337 ], [ 21.115171040320096, 52.276607795246193 ], [ 21.115171050236569, 52.276607801263502 ], [ 21.115171059175655, 52.276607807831752 ], [ 21.115171067056398, 52.276607814891456 ], [ 21.117392889978948, 52.278816626453278 ], [ 21.117392891899843, 52.278816628173843 ], [ 21.117392895299073, 52.278816628212134 ], [ 21.121622507903616, 52.278740682290504 ], [ 21.121622521850746, 52.278740682447108 ], [ 21.121622535710451, 52.278740683416181 ], [ 21.121622549357216, 52.27874068518895 ], [ 21.121622562667454, 52.278740687749348 ], [ 21.121622575520625, 52.278740691074177 ], [ 21.121622587800331, 52.278740695133351 ], [ 21.121622599395366, 52.278740699890108 ], [ 21.121622610200713, 52.278740705301352 ], [ 21.121622620118529, 52.278740711318093 ], [ 21.121622629058997, 52.278740717885846 ], [ 21.12162263694114, 52.278740724945102 ], [ 21.123844887060852, 52.280949409702338 ], [ 21.123844888982088, 52.280949411422796 ], [ 21.123844892381481, 52.280949411460902 ], [ 21.128074771465919, 52.280873230826806 ], [ 21.128074774855797, 52.280873230666423 ], [ 21.128074776609118, 52.280873228879784 ], [ 21.130081897243578, 52.278588377216686 ], [ 21.130081904436828, 52.278588369885931 ], [ 21.130081912733583, 52.278588363007771 ], [ 21.130081922058714, 52.278588356644484 ], [ 21.130081932327762, 52.278588350853703 ], [ 21.130081943447735, 52.278588345687879 ], [ 21.13008195531793, 52.278588341193782 ], [ 21.13008196783084, 52.278588337412124 ], [ 21.130081980873154, 52.278588334377126 ], [ 21.130081994326758, 52.278588332116314 ], [ 21.13008200806981, 52.278588330650123 ], [ 21.130082021977859, 52.278588329991862 ], [ 21.134311496918478, 52.278511931304031 ], [ 21.134311510865537, 52.278511931459136 ], [ 21.134311524725405, 52.278511932426717 ], [ 21.134311538372565, 52.278511934198001 ], [ 21.134311551683425, 52.278511936756956 ], [ 21.134311564537438, 52.278511940080406 ], [ 21.134311576818202, 52.278511944138252 ], [ 21.134311588414498, 52.278511948893737 ], [ 21.134311599221306, 52.278511954303809 ], [ 21.134311609140756, 52.278511960319463 ], [ 21.134311618083025, 52.278511966886228 ], [ 21.134311625967118, 52.278511973944624 ], [ 21.136534488578523, 52.28072041315145 ], [ 21.136534490500232, 52.280720414871702 ], [ 21.136534493899607, 52.280720414909432 ], [ 21.140764235137798, 52.280643781478268 ], [ 21.140764249085525, 52.280643781632612 ], [ 21.140764262946181, 52.280643782599419 ], [ 21.140764276594233, 52.280643784369957 ], [ 21.140764289906087, 52.280643786928188 ], [ 21.140764302761188, 52.280643790250899 ], [ 21.140764315043114, 52.280643794308055 ], [ 21.140764326640646, 52.280643799062901 ], [ 21.140764337448747, 52.280643804472362 ], [ 21.140764347369544, 52.280643810487469 ], [ 21.140764356313188, 52.280643817053715 ], [ 21.140764364198688, 52.280643824111671 ], [ 21.142987654033583, 52.282852136396457 ], [ 21.142987655955633, 52.282852138116603 ], [ 21.142987659355171, 52.282852138154155 ], [ 21.147217585719673, 52.282775271409619 ], [ 21.147217599668071, 52.282775271563189 ], [ 21.147217613529509, 52.282775272529229 ], [ 21.147217627178456, 52.282775274299013 ], [ 21.147217640491302, 52.282775276856498 ], [ 21.147217653347489, 52.282775280178498 ], [ 21.147217665630581, 52.282775284234972 ], [ 21.147217677229349, 52.282775288989164 ], [ 21.147217688038747, 52.282775294398022 ], [ 21.147217697960887, 52.28277530041256 ], [ 21.147217706905909, 52.282775306978316 ], [ 21.147217714792806, 52.28277531403581 ], [ 21.149441431897277, 52.284983499352499 ], [ 21.149441433819675, 52.284983501072531 ], [ 21.149441437219373, 52.284983501109899 ], [ 21.153671548644148, 52.284906401018368 ], [ 21.153671562593217, 52.284906401171177 ], [ 21.153671576455437, 52.284906402136436 ], [ 21.153671590105279, 52.284906403905467 ], [ 21.15367160341912, 52.284906406462213 ], [ 21.153671616276387, 52.284906409783503 ], [ 21.153671628560648, 52.284906413839302 ], [ 21.153671640160653, 52.284906418592833 ], [ 21.153671650971344, 52.284906424001079 ], [ 21.153671660894823, 52.284906430015063 ], [ 21.153671669841227, 52.284906436580307 ], [ 21.153671677729527, 52.284906443637361 ], [ 21.155895822149635, 52.287114501939868 ], [ 21.15589582407237, 52.28711450365978 ], [ 21.155895827472236, 52.287114503696969 ], [ 21.160126123891203, 52.287037170224842 ], [ 21.160126137840944, 52.287037170376877 ], [ 21.160126151703949, 52.287037171341382 ], [ 21.160126165354683, 52.287037173109645 ], [ 21.160126178669518, 52.287037175665645 ], [ 21.160126191527873, 52.287037178986232 ], [ 21.160126203813295, 52.287037183041328 ], [ 21.160126215414536, 52.287037187794226 ], [ 21.160126226226524, 52.287037193201868 ], [ 21.160126236151346, 52.287037199215291 ], [ 21.160126245099132, 52.287037205780024 ], [ 21.160126252988832, 52.287037212836623 ], [ 21.162350782110551, 52.289245101740462 ], [ 21.162350788871443, 52.289245109224893 ], [ 21.162350794441547, 52.289245117069527 ], [ 21.162350798770422, 52.28924512520333 ], [ 21.162350801818857, 52.289245133552619 ], [ 21.162350803559253, 52.289245142041793 ], [ 21.162350803975841, 52.289245150593985 ], [ 21.162350803064854, 52.289245159131731 ], [ 21.162350800834542, 52.289245167577718 ], [ 21.162350797305098, 52.289245175855449 ], [ 21.162350792508491, 52.289245183889975 ], [ 21.162350786488158, 52.289245191608515 ], [ 21.16034487690029, 52.291530575124391 ], [ 21.160344875432834, 52.29153057700556 ], [ 21.160344877080625, 52.291530578829715 ], [ 21.162569734012507, 52.293738544130967 ], [ 21.16256973593579, 52.293738545850772 ], [ 21.162569739336163, 52.293738545887756 ], [ 21.166800729277817, 52.293660965019214 ], [ 21.166800732668499, 52.2936609648577 ], [ 21.166800734420736, 52.293660963070508 ], [ 21.168806401462859, 52.291375473221478 ], [ 21.168806408651651, 52.291375465888436 ], [ 21.168806416944662, 52.291375459007597 ], [ 21.168806426266787, 52.291375452641297 ], [ 21.16880643653359, 52.291375446847177 ], [ 21.168806447652109, 52.291375441677744 ], [ 21.168806459521651, 52.291375437179759 ], [ 21.168806472034717, 52.291375433394002 ], [ 21.16880648507799, 52.291375430354726 ], [ 21.168806498533346, 52.291375428089466 ], [ 21.168806512278934, 52.29137542661875 ], [ 21.168806526190274, 52.291375425955877 ], [ 21.173037192398876, 52.291297625618874 ], [ 21.173037195789352, 52.29129762545719 ], [ 21.173037197541245, 52.291297623669912 ], [ 21.175042475579779, 52.289011987899421 ], [ 21.175042477046524, 52.289011986018082 ], [ 21.175042475398232, 52.289011984194147 ], [ 21.172817291402922, 52.286804298890324 ], [ 21.172817284640669, 52.286804291406504 ], [ 21.172817279069047, 52.286804283562383 ], [ 21.172817274738517, 52.286804275428985 ], [ 21.172817271688302, 52.28680426707998 ], [ 21.17281726994602, 52.286804258590969 ], [ 21.172817269527453, 52.286804250038834 ], [ 21.172817270436386, 52.286804241501038 ], [ 21.172817272664595, 52.28680423305488 ], [ 21.172817276191893, 52.286804224776844 ], [ 21.172817280986344, 52.286804216741913 ], [ 21.172817287004523, 52.286804209022861 ], [ 21.17482234183927, 52.284518621306404 ], [ 21.17482234330588, 52.284518619425079 ], [ 21.174822341657769, 52.28451861760113 ], [ 21.172597400244097, 52.282310923978223 ], [ 21.172597393482587, 52.282310916494389 ], [ 21.172597387911591, 52.282310908650238 ], [ 21.172597383581564, 52.282310900516833 ], [ 21.172597380531723, 52.282310892167814 ], [ 21.172597378789686, 52.282310883678797 ], [ 21.172597378371226, 52.282310875126655 ], [ 21.172597379280138, 52.282310866588844 ], [ 21.172597381508183, 52.282310858142679 ], [ 21.172597385035193, 52.282310849864658 ], [ 21.172597389829221, 52.282310841829748 ], [ 21.172597395846854, 52.282310834110689 ], [ 21.174602265977764, 52.280025250619332 ], [ 21.174602267444243, 52.280025248737999 ], [ 21.174602265796313, 52.280025246914036 ], [ 21.172377566898113, 52.277817544973388 ], [ 21.172377560137345, 52.277817537489533 ], [ 21.172377554566975, 52.277817529645375 ], [ 21.172377550237449, 52.277817521511921 ], [ 21.172377547187985, 52.277817513162894 ], [ 21.172377545446189, 52.277817504673862 ], [ 21.172377545027839, 52.277817496121713 ], [ 21.172377545936726, 52.277817487583896 ], [ 21.172377548164615, 52.277817479137738 ], [ 21.172377551691334, 52.277817470859709 ], [ 21.172377556484943, 52.277817462824814 ], [ 21.172377562502025, 52.277817455105769 ], [ 21.174382209535565, 52.275531919666378 ], [ 21.174382216720939, 52.275531912333015 ], [ 21.174382225010188, 52.2755319054518 ], [ 21.174382234328235, 52.275531899085088 ], [ 21.174382244590699, 52.275531893290527 ], [ 21.174382255704643, 52.275531888120589 ], [ 21.174382267569413, 52.275531883622101 ], [ 21.174382280077559, 52.275531879835789 ], [ 21.174382293115812, 52.275531876795952 ], [ 21.174382306566088, 52.275531874530103 ], [ 21.174382320306584, 52.275531873058789 ], [ 21.174382334212861, 52.27553187239532 ], [ 21.178611476115702, 52.275453888826483 ], [ 21.178611479504948, 52.27545388866465 ], [ 21.178611481256006, 52.275453886877301 ], [ 21.180615739681716, 52.273168205609778 ], [ 21.180615746865683, 52.273168198276046 ], [ 21.180615755153521, 52.273168191394419 ], [ 21.180615764470172, 52.273168185027224 ], [ 21.180615774731272, 52.27316817923213 ], [ 21.180615785843884, 52.273168174061617 ], [ 21.180615797707382, 52.273168169562517 ], [ 21.18061581021432, 52.273168165775559 ], [ 21.180615823251436, 52.273168162735033 ], [ 21.18061583670066, 52.273168160468501 ], [ 21.180615850440198, 52.273168158996462 ], [ 21.180615864345622, 52.273168158332275 ], [ 21.184844763753244, 52.273089953993406 ], [ 21.18484476714228, 52.273089953831409 ], [ 21.184844768892994, 52.273089952043954 ], [ 21.186848638756722, 52.270804124989006 ], [ 21.186848640222387, 52.270804123107524 ], [ 21.186848638574311, 52.270804121283739 ], [ 21.184623813125462, 52.268596648591142 ], [ 21.184623806364097, 52.268596641107976 ], [ 21.184623800792789, 52.268596633264387 ], [ 21.184623796461981, 52.268596625131387 ], [ 21.184623793410907, 52.268596616782673 ], [ 21.184623791667189, 52.268596608293848 ], [ 21.184623791246626, 52.268596599741755 ], [ 21.184623792153015, 52.26859659120386 ], [ 21.184623794378162, 52.268596582757489 ], [ 21.184623797901903, 52.268596574479119 ], [ 21.184623802692336, 52.26859656644374 ], [ 21.184623808706071, 52.268596558724113 ], [ 21.186627417335238, 52.266310823586601 ], [ 21.186627424517123, 52.266310816252521 ], [ 21.186627432802769, 52.266310809370488 ], [ 21.186627442117139, 52.266310803002838 ], [ 21.186627452375877, 52.26631079720724 ], [ 21.186627463486086, 52.26631079203618 ], [ 21.186627475347144, 52.266310787536497 ], [ 21.186627487851634, 52.266310783748921 ], [ 21.186627500886321, 52.266310780707769 ], [ 21.186627514333157, 52.26631077844057 ], [ 21.18662752807036, 52.266310776967856 ], [ 21.186627541973529, 52.26631077630298 ], [ 21.190855771977155, 52.266232363860048 ], [ 21.190855775365634, 52.266232363697874 ], [ 21.190855777115846, 52.26623236191034 ], [ 21.192859035772901, 52.263946437213143 ], [ 21.192859037238087, 52.263946435331604 ], [ 21.192859035590033, 52.26394643350789 ], [ 21.190634225670362, 52.261739028904216 ], [ 21.190634223747423, 52.261739027184859 ], [ 21.190634220349502, 52.261739027148664 ], [ 21.186406417096869, 52.261817426967632 ], [ 21.186406403155054, 52.26181742681861 ], [ 21.186406389299449, 52.261817425857103 ], [ 21.18640637565554, 52.261817424091802 ], [ 21.186406362346887, 52.261817421538694 ], [ 21.186406349494007, 52.261817418220893 ], [ 21.186406337213306, 52.261817414168462 ], [ 21.186406325615994, 52.261817409418093 ], [ 21.186406314807108, 52.261817404012803 ], [ 21.186406304884525, 52.26181739800154 ], [ 21.186406295938106, 52.261817391438761 ], [ 21.186406288048879, 52.261817384383875 ], [ 21.184181990139393, 52.259609937314295 ], [ 21.184181983379514, 52.259609929831072 ], [ 21.184181977809455, 52.259609921987433 ], [ 21.184181973479653, 52.259609913854412 ], [ 21.184181970429329, 52.25960990550567 ], [ 21.184181968686101, 52.259609897016801 ], [ 21.184181968265754, 52.259609888464695 ], [ 21.184181969172101, 52.259609879926799 ], [ 21.184181971396928, 52.259609871480436 ], [ 21.18418197492009, 52.259609863202073 ], [ 21.184181979709681, 52.259609855166694 ], [ 21.184181985722322, 52.259609847447102 ], [ 21.186185225719996, 52.257324120814033 ], [ 21.186185232900545, 52.257324113479974 ], [ 21.186185241184628, 52.257324106597999 ], [ 21.186185250497218, 52.257324100230392 ], [ 21.186185260753973, 52.257324094434836 ], [ 21.186185271862019, 52.257324089263854 ], [ 21.18618528372075, 52.257324084764214 ], [ 21.186185296222774, 52.25732408097673 ], [ 21.186185309254878, 52.257324077935628 ], [ 21.186185322699025, 52.257324075668514 ], [ 21.186185336433478, 52.257324074195878 ], [ 21.186185350333847, 52.25732407353108 ], [ 21.190412645884297, 52.257245687838143 ], [ 21.190412659824677, 52.257245687986696 ], [ 21.190412673678921, 52.257245688947748 ], [ 21.190412687321569, 52.257245690712601 ], [ 21.190412700629068, 52.25724569326529 ], [ 21.190412713480896, 52.257245696582636 ], [ 21.190412725760673, 52.257245700634684 ], [ 21.190412737357192, 52.257245705384662 ], [ 21.190412748165429, 52.257245710789597 ], [ 21.190412758087504, 52.257245716800533 ], [ 21.190412767033564, 52.25724572336302 ], [ 21.190412774922589, 52.257245730417623 ], [ 21.192637299728137, 52.25945310106524 ], [ 21.192637301651047, 52.259453102784576 ], [ 21.192637305048795, 52.259453102820714 ], [ 21.196864865847211, 52.259374482383912 ], [ 21.196864879788254, 52.259374482531705 ], [ 21.196864893643284, 52.259374483491989 ], [ 21.19686490728682, 52.259374485256089 ], [ 21.196864920595306, 52.259374487808017 ], [ 21.196864933448218, 52.259374491124667 ], [ 21.19686494572916, 52.259374495176019 ], [ 21.196864957326913, 52.25937449992535 ], [ 21.196864968136438, 52.259374505329689 ], [ 21.196864978059857, 52.259374511340056 ], [ 21.196864987007295, 52.259374517902039 ], [ 21.196864994897716, 52.259374524956208 ], [ 21.199089946332172, 52.261581768454391 ], [ 21.199089948255427, 52.261581770173606 ], [ 21.199089951653335, 52.261581770209567 ], [ 21.203317777640272, 52.261502914983595 ], [ 21.203317781028339, 52.261502914821051 ], [ 21.203317782777866, 52.261502913033354 ], [ 21.205320149608099, 52.259216828516543 ], [ 21.205320156785756, 52.259216821181361 ], [ 21.205320165067178, 52.259216814298057 ], [ 21.205320174377366, 52.259216807928972 ], [ 21.205320184632011, 52.259216802131789 ], [ 21.205320195738242, 52.259216796959016 ], [ 21.205320207595477, 52.25921679245748 ], [ 21.205320220096336, 52.25921678866797 ], [ 21.205320233127615, 52.25921678562478 ], [ 21.205320246571297, 52.25921678335547 ], [ 21.20532026030563, 52.259216781880625 ], [ 21.20532027420624, 52.259216781213574 ], [ 21.209547695444922, 52.259137708438935 ], [ 21.209547709385891, 52.259137708585222 ], [ 21.209547723241073, 52.259137709544021 ], [ 21.209547736885, 52.25913771130665 ], [ 21.209547750194101, 52.25913771385715 ], [ 21.209547763047848, 52.259137717172393 ], [ 21.209547775329838, 52.259137721222416 ], [ 21.209547786928844, 52.25913772597049 ], [ 21.209547797739823, 52.259137731373642 ], [ 21.209547807664872, 52.259137737382922 ], [ 21.209547816614105, 52.259137743943931 ], [ 21.209547824506469, 52.259137750997219 ], [ 21.211773386611817, 52.261344748491894 ], [ 21.211773388535544, 52.261344750210895 ], [ 21.211773391933434, 52.261344750246494 ], [ 21.216001078178309, 52.261265442652089 ], [ 21.216001092119946, 52.261265442797608 ], [ 21.216001105975913, 52.261265443755626 ], [ 21.216001119620724, 52.261265445517509 ], [ 21.216001132930813, 52.261265448067256 ], [ 21.216001145785647, 52.261265451381803 ], [ 21.216001158068799, 52.261265455431136 ], [ 21.216001169669038, 52.261265460178556 ], [ 21.21600118048131, 52.261265465581097 ], [ 21.216001190407695, 52.26126547158983 ], [ 21.216001199358306, 52.261265478150321 ], [ 21.216001207252074, 52.261265485203175 ], [ 21.218227196011551, 52.263472355431162 ], [ 21.218227197935622, 52.263472357150036 ], [ 21.218227201333676, 52.263472357185456 ], [ 21.222455152525196, 52.263392814725968 ], [ 21.22245515591332, 52.263392814562877 ], [ 21.222455157662136, 52.263392812774896 ], [ 21.224456612344383, 52.261106414418656 ], [ 21.224456619519138, 52.261106407082345 ], [ 21.224456627797903, 52.261106400197733 ], [ 21.224456637105693, 52.261106393827163 ], [ 21.224456647358217, 52.261106388028345 ], [ 21.224456658462628, 52.261106382853797 ], [ 21.224456670318368, 52.261106378350348 ], [ 21.224456682818065, 52.261106374558828 ], [ 21.224456695848517, 52.261106371513534 ], [ 21.224456709291722, 52.261106369242057 ], [ 21.224456723025938, 52.261106367764974 ], [ 21.224456736926779, 52.261106367095664 ], [ 21.228684283095824, 52.261026607161881 ], [ 21.228684297037379, 52.261026607305894 ], [ 21.228684310893499, 52.261026608262434 ], [ 21.228684324538694, 52.261026610022839 ], [ 21.228684337849398, 52.26102661257115 ], [ 21.228684350705063, 52.261026615884298 ], [ 21.228684362989267, 52.261026619932309 ], [ 21.228684374590763, 52.261026624678458 ], [ 21.228684385404481, 52.261026630079819 ], [ 21.228684395332493, 52.261026636087472 ], [ 21.228684404284898, 52.261026642646982 ], [ 21.228684412180609, 52.261026649698948 ], [ 21.230911011391747, 52.263233273750039 ], [ 21.230911013316287, 52.263233275468707 ], [ 21.230911016714323, 52.263233275503765 ], [ 21.235138827647578, 52.263153280674373 ], [ 21.235138841589801, 52.263153280817612 ], [ 21.235138855446703, 52.263153281773384 ], [ 21.23513886909279, 52.263153283533036 ], [ 21.235138882404481, 52.263153286080616 ], [ 21.235138895261226, 52.263153289393038 ], [ 21.235138907546592, 52.263153293440354 ], [ 21.235138919149314, 52.263153298185863 ], [ 21.235138929964332, 52.263153303586613 ], [ 21.235138939893684, 52.263153309593712 ], [ 21.23513894884746, 52.263153316152703 ], [ 21.235138956744571, 52.263153323204229 ], [ 21.237365982634806, 52.265359819871364 ], [ 21.237365984559688, 52.265359821589932 ], [ 21.237365987957887, 52.265359821624784 ], [ 21.241594063595702, 52.265279591854494 ], [ 21.241594066983883, 52.26527959169087 ], [ 21.241594068731992, 52.265279589902612 ], [ 21.243594610702527, 52.262992877920297 ], [ 21.243594617874386, 52.262992870582856 ], [ 21.243594626150482, 52.262992863696944 ], [ 21.243594635455867, 52.262992857324889 ], [ 21.243594645706271, 52.262992851524423 ], [ 21.24359465680887, 52.262992846348091 ], [ 21.243594668663103, 52.262992841842745 ], [ 21.243594681161632, 52.262992838049215 ], [ 21.243594694191259, 52.26299283500181 ], [ 21.243594707633985, 52.262992832728166 ], [ 21.24359472136808, 52.262992831248866 ], [ 21.243594735269156, 52.262992830577296 ], [ 21.247822405610382, 52.262912383407169 ], [ 21.247822419552524, 52.262912383548908 ], [ 21.247822433409574, 52.262912384503181 ], [ 21.247822447056045, 52.262912386261362 ], [ 21.247822460368351, 52.262912388807507 ], [ 21.247822473225927, 52.262912392118537 ], [ 21.247822485512341, 52.262912396164523 ], [ 21.247822497116321, 52.262912400908775 ], [ 21.247822507932778, 52.262912406308345 ], [ 21.24782251786376, 52.262912412314343 ], [ 21.247822526819331, 52.262912418872368 ], [ 21.247822534718388, 52.26291242592302 ], [ 21.250050170840584, 52.265118676239936 ], [ 21.250050172765942, 52.265118677958306 ], [ 21.25005017616412, 52.265118677992795 ], [ 21.254278192101172, 52.265037994302723 ], [ 21.254278195489277, 52.26503799413873 ], [ 21.254278197236861, 52.265037992350287 ], [ 21.256278107643855, 52.262751029026255 ], [ 21.25627810910629, 52.262751027143956 ], [ 21.256278107455707, 52.262751025321172 ], [ 21.254050287938092, 52.260544893930131 ], [ 21.254050281166421, 52.260544886451036 ], [ 21.25405027558401, 52.260544878610858 ], [ 21.254050271241404, 52.260544870480544 ], [ 21.254050268177938, 52.26054486213377 ], [ 21.254050266421348, 52.260544853646088 ], [ 21.254050265987551, 52.260544845094387 ], [ 21.254050266880469, 52.260544836556107 ], [ 21.254050269092016, 52.260544828108578 ], [ 21.254050272602164, 52.260544819828276 ], [ 21.254050277379129, 52.260544811790211 ], [ 21.254050283379648, 52.260544804067194 ], [ 21.256049972096072, 52.258257889027981 ], [ 21.256049973558376, 52.258257887145682 ], [ 21.256049971907974, 52.258257885322884 ], [ 21.253822395632312, 52.256051745357887 ], [ 21.253822388861394, 52.256051737878778 ], [ 21.253822383279605, 52.256051730038564 ], [ 21.253822378937507, 52.256051721908236 ], [ 21.253822375874417, 52.25605171356144 ], [ 21.253822374118073, 52.256051705073752 ], [ 21.25382237368439, 52.256051696522036 ], [ 21.25382237457729, 52.256051687983756 ], [ 21.253822376788683, 52.256051679536235 ], [ 21.253822380298548, 52.256051671255925 ], [ 21.253822385075097, 52.256051663217889 ], [ 21.253822391075069, 52.256051655494872 ], [ 21.255821858157304, 52.253764788739645 ], [ 21.255821865325679, 52.2537647814015 ], [ 21.25582187359818, 52.253764774514742 ], [ 21.255821882899891, 52.253764768141764 ], [ 21.255821893146575, 52.253764762340289 ], [ 21.25582190424544, 52.253764757162827 ], [ 21.255821916095964, 52.253764752656295 ], [ 21.255821928590837, 52.253764748861499 ], [ 21.255821941616901, 52.253764745812781 ], [ 21.255821955056181, 52.253764743537786 ], [ 21.255821968786979, 52.253764742057086 ], [ 21.255821982684946, 52.253764741384117 ], [ 21.260048821188398, 52.253683864847687 ], [ 21.260048824575613, 52.253683864683552 ], [ 21.260048826322528, 52.253683862895016 ], [ 21.262047943667064, 52.251396806986413 ], [ 21.262047945128895, 52.251396805104044 ], [ 21.26204794347851, 52.251396803281331 ], [ 21.259820427185712, 52.249190773636258 ], [ 21.259820420414869, 52.24919076615749 ], [ 21.259820414832934, 52.24919075831756 ], [ 21.259820410490452, 52.249190750187438 ], [ 21.259820407426755, 52.249190741840799 ], [ 21.259820405669579, 52.249190733353203 ], [ 21.259820405234848, 52.249190724801522 ], [ 21.259820406126494, 52.2491907162632 ], [ 21.259820408336441, 52.249190707815565 ], [ 21.259820411844682, 52.249190699535092 ], [ 21.259820416619437, 52.249190691496821 ], [ 21.259820422617469, 52.24919068377352 ], [ 21.261819318489295, 52.246903676164628 ], [ 21.261819319950995, 52.246903674282258 ], [ 21.261819318300791, 52.246903672459545 ], [ 21.259592002455033, 52.244697591920776 ], [ 21.259592000530219, 52.24469759020257 ], [ 21.259591997133608, 52.244697590168343 ], [ 21.255366011234056, 52.244778440670189 ], [ 21.255365997297609, 52.244778440529274 ], [ 21.255365983446087, 52.244778439575811 ], [ 21.255365969804931, 52.244778437818447 ], [ 21.255365956497684, 52.244778435273091 ], [ 21.255365943644858, 52.244778431962814 ], [ 21.255365931362842, 52.244778427917552 ], [ 21.255365919762873, 52.244778423173997 ], [ 21.255365908949997, 52.244778417775045 ], [ 21.255365899022138, 52.24477841176963 ], [ 21.255365890069207, 52.244778405212145 ], [ 21.255365882172281, 52.244778398161948 ], [ 21.253139077928008, 52.242572274787811 ], [ 21.253139071159318, 52.242572267308631 ], [ 21.253139065579418, 52.242572259468346 ], [ 21.25313906123883, 52.242572251337961 ], [ 21.253139058176878, 52.242572242991109 ], [ 21.253139056421276, 52.242572234503392 ], [ 21.253139055987933, 52.242572225951655 ], [ 21.253139056880773, 52.242572217413354 ], [ 21.253139059091701, 52.242572208965825 ], [ 21.253139062600706, 52.242572200685551 ], [ 21.253139067376004, 52.242572192647529 ], [ 21.253139073374349, 52.242572184924548 ], [ 21.255137990857541, 52.240285331452675 ], [ 21.255137998023923, 52.240285324114573 ], [ 21.255138006294089, 52.24028531722788 ], [ 21.255138015593136, 52.240285310854972 ], [ 21.25513802583686, 52.240285305053582 ], [ 21.255138036932486, 52.240285299876206 ], [ 21.255138048779532, 52.24028529536978 ], [ 21.255138061270713, 52.240285291575084 ], [ 21.255138074292905, 52.240285288526486 ], [ 21.25513808772817, 52.240285286251599 ], [ 21.255138101454847, 52.240285284771034 ], [ 21.255138115348615, 52.240285284098185 ], [ 21.2593636751138, 52.240204446609695 ], [ 21.259363678499991, 52.240204446445581 ], [ 21.25936368024642, 52.240204444657067 ], [ 21.261362248306025, 52.237917402079219 ], [ 21.261362249767462, 52.237917400196871 ], [ 21.261362248117624, 52.23791739837413 ], [ 21.259135418391427, 52.235711300657684 ], [ 21.259135416467032, 52.235711298939449 ], [ 21.259135413071107, 52.235711298905208 ], [ 21.254910279328616, 52.235792123382957 ], [ 21.254910265394983, 52.235792123241943 ], [ 21.254910251546274, 52.235792122288395 ], [ 21.254910237907907, 52.235792120530952 ], [ 21.254910224603389, 52.235792117985511 ], [ 21.254910211753209, 52.235792114675135 ], [ 21.254910199473741, 52.235792110629809 ], [ 21.254910187876192, 52.235792105886155 ], [ 21.254910177065589, 52.235792100487153 ], [ 21.254910167139837, 52.235792094481653 ], [ 21.254910158188821, 52.235792087924104 ], [ 21.254910150293604, 52.235792080873836 ], [ 21.252683831926909, 52.233585940364399 ], [ 21.252683825159711, 52.233585932885156 ], [ 21.252683819581065, 52.233585925044821 ], [ 21.25268381524149, 52.233585916914407 ], [ 21.25268381218029, 52.233585908567527 ], [ 21.252683810425182, 52.233585900079781 ], [ 21.252683809992067, 52.233585891528016 ], [ 21.252683810884864, 52.233585882989729 ], [ 21.252683813095487, 52.2335858745422 ], [ 21.25268381660392, 52.233585866261926 ], [ 21.252683821378383, 52.233585858223918 ], [ 21.252683827375645, 52.233585850500972 ], [ 21.254682417009032, 52.231298962025228 ], [ 21.254682418470544, 52.231298960142944 ], [ 21.254682416821229, 52.231298958320103 ], [ 21.252456298604223, 52.229092766940013 ], [ 21.252456291837767, 52.229092759460762 ], [ 21.252456286259747, 52.229092751620399 ], [ 21.252456281920679, 52.229092743489957 ], [ 21.252456278859857, 52.229092735143062 ], [ 21.252456277104997, 52.229092726655296 ], [ 21.252456276671996, 52.229092718103551 ], [ 21.252456277564772, 52.229092709565244 ], [ 21.252456279775238, 52.2290927011177 ], [ 21.252456283283387, 52.229092692837447 ], [ 21.252456288057434, 52.229092684799461 ], [ 21.252456294054152, 52.229092677076508 ], [ 21.254454700665885, 52.226805793023615 ], [ 21.254454702127266, 52.226805791141345 ], [ 21.254454700478131, 52.22680578931849 ], [ 21.252228825038944, 52.224599589374002 ], [ 21.252228818273238, 52.224599581894708 ], [ 21.252228812695844, 52.224599574054338 ], [ 21.25222880835728, 52.224599565923867 ], [ 21.252228805296834, 52.224599557576958 ], [ 21.25222880354222, 52.224599549089177 ], [ 21.252228803109332, 52.224599540537419 ], [ 21.252228804002087, 52.224599531999111 ], [ 21.252228806212404, 52.224599523551582 ], [ 21.252228809720261, 52.224599515271322 ], [ 21.252228814493897, 52.22459950723335 ], [ 21.252228820490071, 52.224599499510411 ], [ 21.254227005809934, 52.222312663732168 ], [ 21.254227012973661, 52.222312656394124 ], [ 21.254227021240713, 52.222312649507508 ], [ 21.254227030536217, 52.2223126431347 ], [ 21.254227040775994, 52.222312637333417 ], [ 21.254227051867314, 52.222312632156168 ], [ 21.254227063709724, 52.222312627649877 ], [ 21.254227076195985, 52.222312623855323 ], [ 21.254227089213018, 52.222312620806875 ], [ 21.254227102642936, 52.22231261853215 ], [ 21.254227116364113, 52.222312617051749 ], [ 21.254227130252296, 52.222312616379071 ], [ 21.258450986596348, 52.222231830917863 ], [ 21.258450989981178, 52.222231830753799 ], [ 21.258450991726964, 52.222231828965292 ], [ 21.260448828041543, 52.219944804144234 ], [ 21.260448829502451, 52.219944802261885 ], [ 21.260448827853338, 52.219944800439123 ], [ 21.258223012250543, 52.217738710687669 ], [ 21.258223005484915, 52.21773870320871 ], [ 21.258222999907375, 52.217738695368602 ], [ 21.258222995568424, 52.217738687238359 ], [ 21.25822299250737, 52.2177386788916 ], [ 21.258222990751928, 52.217738670403918 ], [ 21.258222990317996, 52.217738661852181 ], [ 21.258222991209504, 52.21773865331383 ], [ 21.258222993418375, 52.217738644866195 ], [ 21.258222996924612, 52.217738636585764 ], [ 21.258223001696457, 52.217738628547551 ], [ 21.258223007690692, 52.217738620824342 ], [ 21.260220584570604, 52.215451688148498 ], [ 21.26022059173226, 52.215451680810119 ], [ 21.26022059999713, 52.215451673923106 ], [ 21.260220609290361, 52.215451667549857 ], [ 21.260220619527786, 52.215451661748041 ], [ 21.260220630616704, 52.215451656570266 ], [ 21.260220642456687, 52.215451652063386 ], [ 21.260220654940511, 52.215451648268235 ], [ 21.260220667955121, 52.215451645219154 ], [ 21.260220681382648, 52.215451642943762 ], [ 21.260220695101502, 52.215451641462685 ], [ 21.260220708987433, 52.215451640789318 ], [ 21.264443897064364, 52.215370648281976 ], [ 21.264443900448644, 52.215370648117741 ], [ 21.264443902193921, 52.21537064632917 ], [ 21.266441130222905, 52.213083524667482 ], [ 21.26644113168334, 52.21308352278507 ], [ 21.266441130034249, 52.213083520962385 ], [ 21.264215374403705, 52.210877541371978 ], [ 21.264215367638158, 52.210877533893367 ], [ 21.264215362060465, 52.21087752605353 ], [ 21.264215357721138, 52.210877517923507 ], [ 21.264215354659477, 52.210877509576903 ], [ 21.264215352903207, 52.210877501089314 ], [ 21.264215352468231, 52.210877492537598 ], [ 21.264215353358491, 52.210877483999212 ], [ 21.26421535556592, 52.210877475551456 ], [ 21.264215359070533, 52.210877467270869 ], [ 21.264215363840592, 52.210877459232414 ], [ 21.264215369832893, 52.210877451508921 ], [ 21.266212376899478, 52.208590378153801 ], [ 21.266212378359782, 52.208590376271381 ], [ 21.266212376710868, 52.208590374448697 ], [ 21.263986821076294, 52.206384343957005 ], [ 21.263986819153015, 52.206384342238835 ], [ 21.263986815759328, 52.2063843422047 ], [ 21.259764397401621, 52.206465310200308 ], [ 21.259764394017992, 52.206465310364401 ], [ 21.259764392272864, 52.206465312152908 ], [ 21.257767142592169, 52.208752279815414 ], [ 21.257767135431141, 52.208752287153665 ], [ 21.257767127167103, 52.208752294040501 ], [ 21.257767117874888, 52.208752300413572 ], [ 21.257767107638646, 52.208752306215125 ], [ 21.257767096551081, 52.208752311392672 ], [ 21.257767084712604, 52.208752315899289 ], [ 21.257767072230425, 52.208752319694185 ], [ 21.257767059217585, 52.208752322742974 ], [ 21.257767045791933, 52.208752325018054 ], [ 21.257767032075048, 52.208752326498832 ], [ 21.257767018191156, 52.208752327171887 ], [ 21.253544519213008, 52.208833072090215 ], [ 21.253544505287817, 52.208833071948945 ], [ 21.253544491447538, 52.208833070995134 ], [ 21.253544477817513, 52.208833069237429 ], [ 21.253544464521173, 52.208833066691732 ], [ 21.253544451678938, 52.208833063381107 ], [ 21.253544439407104, 52.208833059335539 ], [ 21.253544427816809, 52.208833054591643 ], [ 21.253544417013014, 52.208833049192414 ], [ 21.253544407093564, 52.208833043186708 ], [ 21.253544398148289, 52.208833036628945 ], [ 21.253544390258199, 52.208833029578514 ], [ 21.251319527934893, 52.206626837695794 ], [ 21.25131952117216, 52.2066268302164 ], [ 21.251319515597277, 52.206626822375938 ], [ 21.251319511260728, 52.206626814245382 ], [ 21.251319508201789, 52.206626805898402 ], [ 21.251319506448162, 52.206626797410586 ], [ 21.251319506015729, 52.206626788858799 ], [ 21.251319506908402, 52.20662678032047 ], [ 21.251319509118105, 52.206626771872962 ], [ 21.251319512624818, 52.206626763592695 ], [ 21.251319517396787, 52.206626755554751 ], [ 21.251319523390798, 52.206626747831876 ], [ 21.253317015574194, 52.204339885874589 ], [ 21.253317017034913, 52.204339883992333 ], [ 21.253317015386688, 52.20433988216945 ], [ 21.251092352843969, 52.202133639423266 ], [ 21.251092346081979, 52.20213363194383 ], [ 21.251092340507718, 52.202133624103354 ], [ 21.251092336171677, 52.202133615972784 ], [ 21.251092333113114, 52.202133607625804 ], [ 21.251092331359732, 52.202133599137973 ], [ 21.25109233092741, 52.202133590586165 ], [ 21.251092331820068, 52.202133582047836 ], [ 21.251092334029615, 52.202133573600314 ], [ 21.25109233753604, 52.202133565320068 ], [ 21.251092342307594, 52.202133557282124 ], [ 21.251092348301064, 52.202133549559271 ], [ 21.253089657734677, 52.199846692017353 ], [ 21.253089659195268, 52.199846690135089 ], [ 21.253089657547221, 52.199846688312206 ], [ 21.25086523738544, 52.19764043700976 ], [ 21.250865230624193, 52.19764042953031 ], [ 21.250865225050561, 52.197640421689798 ], [ 21.250865220715017, 52.197640413559213 ], [ 21.250865217656834, 52.197640405212219 ], [ 21.250865215903701, 52.197640396724374 ], [ 21.250865215471492, 52.197640388172559 ], [ 21.250865216364126, 52.19764037963423 ], [ 21.250865218573523, 52.197640371186694 ], [ 21.250865222079661, 52.197640362906469 ], [ 21.250865226850802, 52.197640354868525 ], [ 21.250865232843726, 52.197640347145686 ], [ 21.252862321278286, 52.195353537870425 ], [ 21.252862328438042, 52.195353530532472 ], [ 21.252862336700428, 52.195353523645991 ], [ 21.252862345990618, 52.195353517273318 ], [ 21.252862356224487, 52.195353511472199 ], [ 21.252862367309344, 52.195353506295135 ], [ 21.252862379144815, 52.195353501789036 ], [ 21.252862391623704, 52.195353497994695 ], [ 21.25286240463301, 52.195353494946474 ], [ 21.252862418054914, 52.195353492671991 ], [ 21.252862431767866, 52.195353491191838 ], [ 21.252862445647676, 52.195353490519402 ], [ 21.25708375020476, 52.195272783020791 ], [ 21.257083753587551, 52.195272782856783 ], [ 21.257083755332367, 52.195272781068311 ], [ 21.259080457101611, 52.192985826699363 ], [ 21.259080464259959, 52.192985819361056 ], [ 21.259080472520942, 52.192985812474149 ], [ 21.259080481809747, 52.192985806101007 ], [ 21.259080492042251, 52.192985800299347 ], [ 21.259080503125791, 52.192985795121722 ], [ 21.259080514959987, 52.192985790614998 ], [ 21.259080527437671, 52.192985786820017 ], [ 21.259080540445844, 52.192985783771128 ], [ 21.259080553866699, 52.192985781495942 ], [ 21.259080567578696, 52.192985780015086 ], [ 21.259080581457653, 52.192985779341925 ], [ 21.263301643654632, 52.192904851972195 ], [ 21.263301647037217, 52.192904851808009 ], [ 21.263301648781692, 52.19290485001946 ], [ 21.265297925653254, 52.190617794453743 ], [ 21.265297932810199, 52.190617787115066 ], [ 21.265297941069782, 52.190617780227733 ], [ 21.265297950357198, 52.190617773854122 ], [ 21.265297960588342, 52.190617768051929 ], [ 21.265297971670559, 52.190617762873728 ], [ 21.265297983503487, 52.190617758366415 ], [ 21.265297995979964, 52.190617754570781 ], [ 21.265298008987003, 52.190617751521209 ], [ 21.265298022406807, 52.190617749245334 ], [ 21.265298036117848, 52.190617747763753 ], [ 21.265298049995955, 52.190617747089881 ], [ 21.269518869787643, 52.190536599888432 ], [ 21.269518873170021, 52.190536599724076 ], [ 21.269518874914151, 52.190536597935427 ], [ 21.271514765224207, 52.188249397359613 ], [ 21.271514766683644, 52.188249395477129 ], [ 21.271514765035295, 52.188249393654516 ], [ 21.269290039711215, 52.186043489731937 ], [ 21.269290032948724, 52.186043482253531 ], [ 21.26929002737339, 52.1860434744139 ], [ 21.269290023035701, 52.186043466283998 ], [ 21.269290019974939, 52.18604345793748 ], [ 21.269290018218829, 52.18604344944994 ], [ 21.269290017783266, 52.186043440898224 ], [ 21.269290018672201, 52.186043432359781 ], [ 21.26929002087758, 52.186043423911933 ], [ 21.269290024379437, 52.18604341563119 ], [ 21.269290029146049, 52.186043407592543 ], [ 21.269290035134254, 52.186043399868808 ], [ 21.271285704844779, 52.183756247610376 ], [ 21.271285706304084, 52.183756245727892 ], [ 21.271285704655917, 52.183756243905272 ], [ 21.2690612217162, 52.181550331370801 ], [ 21.269061214954455, 52.181550323892374 ], [ 21.269061209379743, 52.181550316052707 ], [ 21.269061205042558, 52.181550307922798 ], [ 21.269061201982176, 52.181550299576266 ], [ 21.269061200226311, 52.181550291088712 ], [ 21.269061199790865, 52.181550282536982 ], [ 21.269061200679779, 52.181550273998539 ], [ 21.269061202885005, 52.181550265550698 ], [ 21.269061206386574, 52.181550257269947 ], [ 21.269061211152774, 52.181550249231321 ], [ 21.26906121714044, 52.18155024150758 ], [ 21.27105670457053, 52.179263093707554 ], [ 21.271056706029704, 52.179263091825078 ], [ 21.271056704381717, 52.179263090002436 ], [ 21.268832463760308, 52.177057168857445 ], [ 21.268832456999302, 52.177057161378997 ], [ 21.268832451425222, 52.177057153539309 ], [ 21.268832447088538, 52.177057145409385 ], [ 21.268832444028536, 52.177057137062839 ], [ 21.268832442272917, 52.177057128575264 ], [ 21.268832441837585, 52.177057120023534 ], [ 21.268832442726481, 52.17705711148507 ], [ 21.268832444931554, 52.177057103037242 ], [ 21.268832448432839, 52.177057094756492 ], [ 21.268832453198623, 52.17705708671788 ], [ 21.268832459185749, 52.17705707899416 ], [ 21.270827726120899, 52.174769979509342 ], [ 21.270827733274459, 52.174769972170367 ], [ 21.270827741530315, 52.174769965282664 ], [ 21.270827750813691, 52.174769958908641 ], [ 21.270827761040525, 52.174769953106022 ], [ 21.270827772118199, 52.174769947927338 ], [ 21.270827783946391, 52.174769943419506 ], [ 21.270827796417986, 52.174769939623339 ], [ 21.270827809420034, 52.17476993657322 ], [ 21.270827822834793, 52.174769934296762 ], [ 21.270827836540764, 52.174769932814584 ], [ 21.270827850413841, 52.174769932140116 ], [ 21.275047153958852, 52.174688604407692 ], [ 21.275047157339998, 52.174688604243187 ], [ 21.275047159083307, 52.174688602454459 ], [ 21.27704207810137, 52.172401314192101 ], [ 21.277042079560076, 52.172401312309553 ], [ 21.27704207791211, 52.172401310487011 ], [ 21.274817897408273, 52.17019549933066 ], [ 21.274817890647352, 52.170195491852553 ], [ 21.274817885073119, 52.170195484013142 ], [ 21.274817880736062, 52.170195475883418 ], [ 21.274817877675449, 52.170195467537027 ], [ 21.274817875919005, 52.170195459049559 ], [ 21.274817875482633, 52.170195450497843 ], [ 21.274817876370282, 52.170195441959351 ], [ 21.27481787857392, 52.170195433511402 ], [ 21.274817882073588, 52.170195425230496 ], [ 21.274817886837589, 52.17019541719165 ], [ 21.274817892822785, 52.170195409467638 ], [ 21.276812591506332, 52.16790816953614 ], [ 21.276812592964902, 52.167908167653593 ], [ 21.276812591317118, 52.167908165831044 ], [ 21.274588610400958, 52.165702303748695 ], [ 21.274588608479082, 52.165702302030681 ], [ 21.274588605088493, 52.165702301996802 ], [ 21.270370150185435, 52.165783603568116 ], [ 21.270370136273705, 52.165783603428679 ], [ 21.270370122446526, 52.165783602476679 ], [ 21.270370108829109, 52.165783600720758 ], [ 21.270370095544784, 52.165783598176802 ], [ 21.270370082713857, 52.165783594867861 ], [ 21.270370070452525, 52.165783590823885 ], [ 21.270370058871823, 52.165783586081517 ], [ 21.270370048076632, 52.165783580683673 ], [ 21.270370038164717, 52.165783574679274 ], [ 21.270370029225841, 52.16578356812267 ], [ 21.270370021340952, 52.165783561073269 ], [ 21.268146507282619, 52.163577614104021 ], [ 21.268146505361081, 52.163577612385893 ], [ 21.268146501970655, 52.163577612351837 ], [ 21.263928229167707, 52.163658681264266 ], [ 21.263928215256637, 52.163658681124062 ], [ 21.263928201430229, 52.163658680171302 ], [ 21.263928187813697, 52.16365867841462 ], [ 21.263928174530353, 52.163658675869918 ], [ 21.263928161700498, 52.16365867256026 ], [ 21.263928149440318, 52.163658668515616 ], [ 21.263928137860841, 52.163658663772587 ], [ 21.26392812706694, 52.163658658374146 ], [ 21.263928117156357, 52.163658652369186 ], [ 21.263928108218845, 52.16365864581207 ], [ 21.263928100335349, 52.163658638762222 ], [ 21.261705053069271, 52.16145260695766 ], [ 21.261705046311899, 52.16145259947875 ], [ 21.261705040741095, 52.161452591638664 ], [ 21.26170503640731, 52.161452583508407 ], [ 21.261705033349795, 52.16145257516164 ], [ 21.261705031596232, 52.161452566673923 ], [ 21.26170503116251, 52.161452558122114 ], [ 21.261705032052557, 52.161452549583686 ], [ 21.261705034258306, 52.161452541135951 ], [ 21.261705037759778, 52.1614525328554 ], [ 21.261705042525278, 52.161452524817044 ], [ 21.261705048511637, 52.161452517093679 ], [ 21.263700049269705, 52.15916549260961 ], [ 21.263700050728559, 52.159165490727219 ], [ 21.263700049081638, 52.159165488904449 ], [ 21.261477201127278, 52.156959406212863 ], [ 21.261477194370649, 52.156959398733918 ], [ 21.26147718880047, 52.156959390893817 ], [ 21.261477184467186, 52.156959382763539 ], [ 21.261477181410047, 52.156959374416751 ], [ 21.26147717965673, 52.156959365929019 ], [ 21.261477179223121, 52.156959357377211 ], [ 21.261477180113147, 52.156959348838768 ], [ 21.261477182318739, 52.156959340391033 ], [ 21.261477185819931, 52.156959332110496 ], [ 21.261477190585019, 52.156959324072162 ], [ 21.261477196570837, 52.156959316348797 ], [ 21.263471976957643, 52.154672340155756 ], [ 21.263471984109305, 52.154672332817228 ], [ 21.263471992362685, 52.154672325930058 ], [ 21.263472001643034, 52.154672319556617 ], [ 21.263472011866316, 52.154672313754645 ], [ 21.263472022939951, 52.154672308576707 ], [ 21.263472034763641, 52.154672304069642 ], [ 21.263472047230312, 52.154672300274306 ], [ 21.263472060227073, 52.154672297225041 ], [ 21.263472073636215, 52.154672294949471 ], [ 21.263472087336307, 52.154672293468217 ], [ 21.263472101203277, 52.154672292794693 ], [ 21.267689525898422, 52.154591249957683 ], [ 21.267689529278083, 52.154591249793405 ], [ 21.267689531020928, 52.154591248004785 ], [ 21.269683963961096, 52.152304083071776 ], [ 21.269683965419482, 52.152304081189314 ], [ 21.269683963772582, 52.152304079366644 ], [ 21.267461133053605, 52.150098064285494 ], [ 21.267461131132691, 52.150098062567345 ], [ 21.267461127743289, 52.150098062533246 ], [ 21.263244126935632, 52.150179092336479 ], [ 21.263244113028769, 52.15017909219614 ], [ 21.26324409920656, 52.150179091243267 ], [ 21.263244085594184, 52.15017908948645 ], [ 21.263244072314919, 52.150179086941613 ], [ 21.263244059489015, 52.150179083631834 ], [ 21.263244047232639, 52.150179079587062 ], [ 21.263244035656776, 52.150179074843919 ], [ 21.263244024866264, 52.150179069445365 ], [ 21.263244014958822, 52.150179063440291 ], [ 21.26324400602417, 52.150179056883097 ], [ 21.263243998143231, 52.150179049833135 ], [ 21.261021676495599, 52.147972992280359 ], [ 21.261021669740447, 52.14797298480137 ], [ 21.261021664171519, 52.147972976961213 ], [ 21.261021659839244, 52.147972968830899 ], [ 21.261021656782855, 52.147972960484083 ], [ 21.261021655030031, 52.147972951996323 ], [ 21.261021654596654, 52.147972943444501 ], [ 21.261021655486637, 52.147972934906058 ], [ 21.261021657691927, 52.14797292645833 ], [ 21.261021661192551, 52.147972918177793 ], [ 21.261021665956804, 52.147972910139465 ], [ 21.261021671941545, 52.14797290241615 ], [ 21.263016126471822, 52.145685891234272 ], [ 21.263016127930285, 52.145685889351896 ], [ 21.263016126283908, 52.145685887529112 ], [ 21.260793961155457, 52.143479736788578 ], [ 21.260793959235091, 52.143479735070315 ], [ 21.260793955846189, 52.143479735036024 ], [ 21.256577479948088, 52.14356052088047 ], [ 21.256577476569216, 52.143560521044421 ], [ 21.256577474826337, 52.143560522832871 ], [ 21.254582778605759, 52.14584742855773 ], [ 21.25458277145399, 52.145847435895739 ], [ 21.254582763200808, 52.145847442782291 ], [ 21.25458275392096, 52.145847449155021 ], [ 21.254582743698485, 52.145847454956211 ], [ 21.254582732625959, 52.145847460133332 ], [ 21.254582720803654, 52.145847464639502 ], [ 21.254582708338638, 52.145847468433878 ], [ 21.254582695343792, 52.145847471482142 ], [ 21.254582681936807, 52.145847473756668 ], [ 21.254582668239088, 52.145847475236849 ], [ 21.254582654374691, 52.145847475909314 ], [ 21.250366017694244, 52.145928040717202 ], [ 21.250366014315158, 52.145928040880982 ], [ 21.250366012571941, 52.145928042669347 ], [ 21.248370892609415, 52.148214847323842 ], [ 21.248370885456247, 52.148214854661482 ], [ 21.248370877201666, 52.148214861547629 ], [ 21.248370867920436, 52.148214867919883 ], [ 21.248370857696603, 52.148214873720548 ], [ 21.248370846622759, 52.148214878897079 ], [ 21.248370834799189, 52.148214883402638 ], [ 21.248370822332966, 52.148214887196374 ], [ 21.24837080933699, 52.14821489024397 ], [ 21.24837079592896, 52.148214892517792 ], [ 21.248370782230289, 52.14821489399727 ], [ 21.248370768365042, 52.14821489466901 ], [ 21.244153890094797, 52.148295239951594 ], [ 21.244153886715509, 52.148295240115196 ], [ 21.244153884971947, 52.14829524190349 ], [ 21.242158302933632, 52.15058198929173 ], [ 21.242158301474127, 52.150581991173858 ], [ 21.242158303119847, 52.150581992996933 ], [ 21.244379879178744, 52.152788456769009 ], [ 21.244379885931885, 52.152788464248971 ], [ 21.244379891498539, 52.152788472089931 ], [ 21.244379895828295, 52.152788480220877 ], [ 21.244379898881942, 52.152788488568156 ], [ 21.24437990063182, 52.152788497056186 ], [ 21.244379901062086, 52.152788505608086 ], [ 21.244379900168848, 52.152788514146451 ], [ 21.244379897960183, 52.152788522593909 ], [ 21.244379894456106, 52.152788530873977 ], [ 21.244379889688343, 52.152788538911651 ], [ 21.244379883700077, 52.152788546634191 ], [ 21.242384195879012, 52.155075210708517 ], [ 21.242384188723779, 52.155075218045823 ], [ 21.242384180467027, 52.155075224931544 ], [ 21.242384171183527, 52.155075231303357 ], [ 21.242384160957357, 52.155075237103517 ], [ 21.242384149881122, 52.15507524227953 ], [ 21.242384138055129, 52.155075246784492 ], [ 21.242384125586479, 52.155075250577632 ], [ 21.242384112588091, 52.155075253624581 ], [ 21.242384099177681, 52.155075255897749 ], [ 21.24238408547669, 52.155075257376573 ], [ 21.242384071609205, 52.155075258047624 ], [ 21.238166527865314, 52.155155396654258 ], [ 21.238166524485479, 52.15515539681769 ], [ 21.238166522741416, 52.155155398605885 ], [ 21.236170372668237, 52.157442005354156 ], [ 21.236170365511605, 52.157442012691099 ], [ 21.236170357253449, 52.157442019576408 ], [ 21.236170347968567, 52.157442025947738 ], [ 21.236170337741036, 52.157442031747379 ], [ 21.236170326663483, 52.157442036922809 ], [ 21.236170314836222, 52.15744204142716 ], [ 21.236170302366371, 52.157442045219653 ], [ 21.236170289366854, 52.157442048265935 ], [ 21.236170275955395, 52.157442050538421 ], [ 21.236170262253456, 52.157442052016513 ], [ 21.236170248385115, 52.157442052686847 ], [ 21.231952543955476, 52.15752197012354 ], [ 21.231952530046307, 52.157521969979527 ], [ 21.231952516222378, 52.157521969023001 ], [ 21.231952502608877, 52.157521967262582 ], [ 21.231952489329085, 52.157521964714242 ], [ 21.231952476503277, 52.157521961401052 ], [ 21.231952464247602, 52.157521957353012 ], [ 21.231952452673049, 52.157521952606807 ], [ 21.231952441884431, 52.157521947205353 ], [ 21.231952431979465, 52.157521941197643 ], [ 21.231952423047836, 52.157521934638027 ], [ 21.231952415170447, 52.157521927585947 ], [ 21.229731203970395, 52.155315226952062 ], [ 21.229731202050687, 52.155315225233281 ], [ 21.229731198660883, 52.155315225198109 ], [ 21.225513595892437, 52.155394911671934 ], [ 21.225513581983932, 52.155394911527168 ], [ 21.225513568160775, 52.155394910569868 ], [ 21.225513554548158, 52.155394908808702 ], [ 21.225513541269354, 52.155394906259616 ], [ 21.225513528444619, 52.155394902945709 ], [ 21.225513516190095, 52.155394898897001 ], [ 21.225513504616767, 52.155394894150128 ], [ 21.225513493829435, 52.155394888748091 ], [ 21.225513483925798, 52.155394882739806 ], [ 21.225513474995541, 52.155394876179699 ], [ 21.225513467119544, 52.155394869127178 ], [ 21.223292679924484, 52.15318804160848 ], [ 21.223292678005112, 52.153188039889585 ], [ 21.223292674615468, 52.153188039854221 ], [ 21.219075254453131, 52.15326749386454 ], [ 21.219075240545287, 52.153267493719007 ], [ 21.219075226722907, 52.153267492760946 ], [ 21.219075213111175, 52.153267490999028 ], [ 21.219075199833352, 52.153267488449202 ], [ 21.21907518700969, 52.153267485134592 ], [ 21.219075174756323, 52.15326748108518 ], [ 21.219075163184218, 52.15326747633766 ], [ 21.219075152398172, 52.15326747093502 ], [ 21.219075142495868, 52.153267464926188 ], [ 21.219075133566978, 52.153267458365569 ], [ 21.21907512569237, 52.153267451312594 ], [ 21.216854762457064, 52.151060496954905 ], [ 21.216854760538034, 52.151060495235903 ], [ 21.216854757148553, 52.151060495200369 ], [ 21.21263751965801, 52.151139716780463 ], [ 21.212637505750827, 52.151139716634162 ], [ 21.212637491929225, 52.151139715675335 ], [ 21.212637478318374, 52.151139713912663 ], [ 21.212637465041539, 52.151139711362106 ], [ 21.212637452218949, 52.151139708046777 ], [ 21.212637439966738, 52.151139703996684 ], [ 21.212637428395858, 52.151139699248525 ], [ 21.212637417611095, 52.151139693845273 ], [ 21.212637407710123, 52.151139687835879 ], [ 21.212637398782601, 52.151139681274756 ], [ 21.212637390909382, 52.151139674221334 ], [ 21.210417451588576, 52.148932593070455 ], [ 21.210417449669883, 52.148932591351347 ], [ 21.210417446280562, 52.148932591315628 ], [ 21.206200391527478, 52.149011580498829 ], [ 21.206200377620956, 52.149011580351761 ], [ 21.206200363800129, 52.149011579392173 ], [ 21.206200350190166, 52.149011577628748 ], [ 21.206200336914311, 52.149011575077452 ], [ 21.206200324092798, 52.149011571761413 ], [ 21.206200311841741, 52.149011567710637 ], [ 21.206200300272084, 52.149011562961817 ], [ 21.206200289488606, 52.149011557557976 ], [ 21.206200279588966, 52.149011551548007 ], [ 21.206200270662809, 52.149011544986394 ], [ 21.206200262790983, 52.149011537932523 ], [ 21.20398074733939, 52.146804330034264 ], [ 21.203980745421031, 52.146804328315042 ], [ 21.203980742031874, 52.146804328279131 ], [ 21.199763789219826, 52.146883086607559 ], [ 21.199763785840439, 52.146883086769883 ], [ 21.199763784095136, 52.14688308855753 ], [ 21.197766003758201, 52.149169065941187 ], [ 21.19776599659647, 52.14916907327585 ], [ 21.197765988333803, 52.149169080158522 ], [ 21.19776597904503, 52.149169086526882 ], [ 21.197765968814274, 52.149169092323227 ], [ 21.19776595773418, 52.149169097495083 ], [ 21.1977659459051, 52.149169101995618 ], [ 21.197765933434155, 52.149169105784068 ], [ 21.197765920434282, 52.149169108826115 ], [ 21.197765907023214, 52.149169111094224 ], [ 21.197765893322398, 52.149169112567833 ], [ 21.197765879455918, 52.14916911323364 ], [ 21.19354884740682, 52.149247648846377 ], [ 21.193548833500223, 52.149247648697816 ], [ 21.193548819679553, 52.14924764773675 ], [ 21.19354880606997, 52.149247645971855 ], [ 21.193548792794726, 52.14924764341913 ], [ 21.193548779974044, 52.149247640101706 ], [ 21.193548767724032, 52.149247636049594 ], [ 21.193548756155625, 52.149247631299531 ], [ 21.193548745373587, 52.149247625894503 ], [ 21.193548735475567, 52.149247619883468 ], [ 21.193548726551192, 52.14924761332086 ], [ 21.193548718681299, 52.149247606266137 ], [ 21.191329809977713, 52.147040153369282 ], [ 21.191329808059827, 52.147040151649847 ], [ 21.191329804670652, 52.147040151613574 ], [ 21.187112874734822, 52.14711845639934 ], [ 21.187112860828886, 52.147118456249999 ], [ 21.187112847008997, 52.147118455288165 ], [ 21.187112833400295, 52.147118453522516 ], [ 21.187112820126039, 52.14711845096906 ], [ 21.187112807306431, 52.147118447650911 ], [ 21.187112795057569, 52.147118443598124 ], [ 21.187112783490388, 52.147118438847414 ], [ 21.187112772709636, 52.147118433441776 ], [ 21.187112762812944, 52.147118427430179 ], [ 21.187112753889942, 52.147118420867073 ], [ 21.187112746021437, 52.147118413811889 ], [ 21.184894261161954, 52.144910834284353 ], [ 21.184894259244409, 52.144910832564818 ], [ 21.184894255855397, 52.144910832528353 ], [ 21.180677508964646, 52.144988905013001 ], [ 21.180677495059374, 52.144988904862913 ], [ 21.180677481240259, 52.144988903900305 ], [ 21.180677467632446, 52.14498890213391 ], [ 21.180677454359166, 52.144988899579708 ], [ 21.180677441540634, 52.144988896260863 ], [ 21.180677429292935, 52.144988892207387 ], [ 21.180677417726972, 52.144988887456009 ], [ 21.180677406947506, 52.144988882049788 ], [ 21.18067739705215, 52.144988876037623 ], [ 21.180677388130512, 52.14498886947402 ], [ 21.180677380263397, 52.144988862418387 ], [ 21.178459319202624, 52.142781156305951 ], [ 21.178459317285419, 52.142781154586302 ], [ 21.178459313896564, 52.142781154549652 ], [ 21.174242750116385, 52.142858994766549 ], [ 21.174242736211774, 52.142858994615686 ], [ 21.174242722393441, 52.142858993652325 ], [ 21.174242708786512, 52.142858991885163 ], [ 21.17424269551422, 52.142858989330236 ], [ 21.174242682696761, 52.142858986010673 ], [ 21.174242670450209, 52.142858981956515 ], [ 21.174242658885479, 52.142858977204511 ], [ 21.174242648107295, 52.142858971797658 ], [ 21.174242638213268, 52.142858965784953 ], [ 21.174242629293001, 52.142858959220838 ], [ 21.174242621427279, 52.142858952164765 ], [ 21.172024984119794, 52.140651119513201 ], [ 21.172024982202924, 52.140651117793446 ], [ 21.172024978814235, 52.140651117756597 ], [ 21.167808517357457, 52.140728727225877 ], [ 21.167808513978393, 52.140728727387291 ], [ 21.167808512232032, 52.140728729174469 ], [ 21.165809345212899, 52.143014182289122 ], [ 21.165809338046817, 52.14301418962188 ], [ 21.165809329780263, 52.143014196502371 ], [ 21.165809320488115, 52.143014202868251 ], [ 21.165809310254513, 52.143014208661867 ], [ 21.165809299172139, 52.143014213830753 ], [ 21.165809287341354, 52.143014218328098 ], [ 21.165809274869297, 52.143014222113173 ], [ 21.165809261868926, 52.143014225151717 ], [ 21.165809248457965, 52.143014227416181 ], [ 21.165809234757873, 52.143014228886081 ], [ 21.165809220892715, 52.143014229548093 ], [ 21.161592680669024, 52.143091616289801 ], [ 21.161592666764346, 52.143091616137433 ], [ 21.161592652946162, 52.143091615172587 ], [ 21.16159263933962, 52.143091613403968 ], [ 21.161592626067943, 52.143091610847591 ], [ 21.161592613251319, 52.14309160752665 ], [ 21.161592601005815, 52.143091603471177 ], [ 21.161592589442336, 52.143091598717916 ], [ 21.161592578665591, 52.14309159330989 ], [ 21.161592568773184, 52.143091587296091 ], [ 21.161592559854704, 52.14309158073101 ], [ 21.16159255199091, 52.143091573674063 ], [ 21.159375521688137, 52.140883496338347 ], [ 21.159375519771739, 52.140883494618386 ], [ 21.159375516383029, 52.140883494581182 ], [ 21.15515907865478, 52.14096065060312 ], [ 21.155159064750762, 52.140960650450005 ], [ 21.155159050933356, 52.140960649484377 ], [ 21.155159037327703, 52.140960647715012 ], [ 21.15515902405701, 52.140960645157911 ], [ 21.155159011241459, 52.140960641836259 ], [ 21.155158998997113, 52.140960637780083 ], [ 21.155158987434856, 52.140960633026182 ], [ 21.155158976659401, 52.140960627617559 ], [ 21.155158966768326, 52.140960621603213 ], [ 21.15515895785121, 52.140960615037606 ], [ 21.155158949988813, 52.140960607980226 ], [ 21.15294234341378, 52.138752404222075 ], [ 21.15294234149772, 52.138752402502 ], [ 21.152942338109174, 52.138752402464604 ], [ 21.148726083798575, 52.13882932631477 ], [ 21.148726069895222, 52.138829326160888 ], [ 21.148726056078598, 52.1388293251945 ], [ 21.148726042473829, 52.138829323424368 ], [ 21.14872602920412, 52.138829320866542 ], [ 21.148726016389642, 52.138829317544165 ], [ 21.148726004146454, 52.138829313487335 ], [ 21.148725992585423, 52.138829308732767 ], [ 21.14872598181125, 52.13882930332354 ], [ 21.148725971921507, 52.138829297308639 ], [ 21.148725963005763, 52.138829290742535 ], [ 21.148725955144752, 52.1388292836847 ], [ 21.146509814746871, 52.136620995896813 ], [ 21.1465098080125, 52.136620988411011 ], [ 21.146509802465008, 52.136620980565205 ], [ 21.146509798154639, 52.136620972430428 ], [ 21.146509795120426, 52.136620964080379 ], [ 21.146509793389843, 52.136620955590672 ], [ 21.14650979297857, 52.136620947038175 ], [ 21.146509793890328, 52.13662093850035 ], [ 21.146509796116856, 52.136620930054491 ], [ 21.146509799637997, 52.13662092177713 ], [ 21.146509804421857, 52.136620913743215 ], [ 21.146509810425119, 52.136620906025485 ], [ 21.148509698374514, 52.134335770183668 ], [ 21.14850969983749, 52.134335768302662 ], [ 21.148509698196175, 52.13433576647823 ], [ 21.146293712952609, 52.132127385781779 ], [ 21.146293711037099, 52.132127384061576 ], [ 21.146293707649054, 52.132127384023995 ], [ 21.142078060402671, 52.132204063402718 ], [ 21.142078046501382, 52.132204063248025 ], [ 21.142078032686936, 52.132204062280834 ], [ 21.142078019084433, 52.132204060509913 ], [ 21.142078005817062, 52.132204057951299 ], [ 21.142077993004982, 52.132204054628168 ], [ 21.142077980764206, 52.132204050570607 ], [ 21.142077969205602, 52.132204045815364 ], [ 21.142077958433841, 52.132204040405504 ], [ 21.142077948546472, 52.132204034390014 ], [ 21.14207793963304, 52.132204027823377 ], [ 21.142077931774264, 52.132204020765066 ], [ 21.139862455033313, 52.129995598454059 ], [ 21.139862448301077, 52.129995590967837 ], [ 21.139862442755604, 52.129995583121691 ], [ 21.139862438447111, 52.129995574986651 ], [ 21.139862435414621, 52.129995566636403 ], [ 21.139862433685597, 52.129995558146575 ], [ 21.139862433275688, 52.129995549594014 ], [ 21.139862434188622, 52.129995541056225 ], [ 21.139862436416117, 52.129995532610501 ], [ 21.13986243993801, 52.12999552433331 ], [ 21.139862444722404, 52.12999551629963 ], [ 21.139862450725964, 52.129995508582233 ], [ 21.141862395261079, 52.127710482641689 ], [ 21.141862396724125, 52.127710480760754 ], [ 21.141862395083333, 52.127710478936216 ], [ 21.139647115823696, 52.125502006083053 ], [ 21.139647109092195, 52.12550199859681 ], [ 21.13964710354734, 52.125501990750635 ], [ 21.13964709923934, 52.125501982615596 ], [ 21.139647096207224, 52.125501974265326 ], [ 21.139647094478438, 52.125501965775477 ], [ 21.139647094068643, 52.125501957222916 ], [ 21.139647094981544, 52.12550194868512 ], [ 21.139647097208886, 52.125501940239388 ], [ 21.139647100730489, 52.125501931962212 ], [ 21.139647105514459, 52.125501923928553 ], [ 21.139647111517476, 52.125501916211157 ], [ 21.141646872595459, 52.123216894388314 ], [ 21.141646874058377, 52.123216892507379 ], [ 21.141646872417763, 52.123216890682848 ], [ 21.139431790587658, 52.121008367287608 ], [ 21.139431788672894, 52.121008365567292 ], [ 21.139431785285691, 52.121008365529505 ], [ 21.135217168281006, 52.121084788257008 ], [ 21.135217154383177, 52.121084788101456 ], [ 21.135217140572301, 52.121084787133427 ], [ 21.135217126973451, 52.121084785361681 ], [ 21.135217113709775, 52.121084782802242 ], [ 21.135217100901389, 52.121084779478323 ], [ 21.135217088664298, 52.121084775419995 ], [ 21.135217077109317, 52.121084770664034 ], [ 21.135217066341088, 52.121084765253499 ], [ 21.135217056457137, 52.121084759237384 ], [ 21.135217047546963, 52.121084752670178 ], [ 21.135217039691266, 52.12108474561137 ], [ 21.133002423597166, 52.118876138341804 ], [ 21.133002421682743, 52.118876136621374 ], [ 21.133002418295703, 52.118876136583403 ], [ 21.128787984767769, 52.118952327351792 ], [ 21.128787970870611, 52.118952327195494 ], [ 21.12878795706051, 52.118952326226697 ], [ 21.128787943462545, 52.118952324454185 ], [ 21.128787930199852, 52.118952321894014 ], [ 21.128787917392543, 52.118952318569384 ], [ 21.128787905156607, 52.118952314510381 ], [ 21.128787893602851, 52.118952309753759 ], [ 21.128787882835908, 52.118952304342635 ], [ 21.128787872953282, 52.118952298325958 ], [ 21.128787864044472, 52.118952291758255 ], [ 21.128787856190169, 52.118952284698985 ], [ 21.126573663309269, 52.116743551251901 ], [ 21.126573661395184, 52.116743549531364 ], [ 21.126573658008304, 52.116743549493201 ], [ 21.122359408022266, 52.116819508335865 ], [ 21.122359394125766, 52.1168195081788 ], [ 21.122359380316446, 52.11681950720925 ], [ 21.122359366719365, 52.116819505435984 ], [ 21.122359353457657, 52.116819502875082 ], [ 21.122359340651425, 52.116819499549734 ], [ 21.122359328416643, 52.116819495490056 ], [ 21.12235931686411, 52.116819490732802 ], [ 21.122359306098453, 52.116819485321052 ], [ 21.122359296217159, 52.116819479303835 ], [ 21.122359287309717, 52.116819472735621 ], [ 21.122359279456795, 52.116819465675917 ], [ 21.120145509743523, 52.114610606097024 ], [ 21.120145507829776, 52.114610604376381 ], [ 21.120145504443059, 52.114610604338026 ], [ 21.115931438063999, 52.114686331288382 ], [ 21.115931424168167, 52.114686331130549 ], [ 21.115931410359625, 52.114686330160239 ], [ 21.115931396763433, 52.114686328386213 ], [ 21.115931383502708, 52.114686325824586 ], [ 21.115931370697549, 52.114686322498521 ], [ 21.115931358463921, 52.114686318438153 ], [ 21.115931346912614, 52.114686313680259 ], [ 21.115931336148236, 52.114686308267913 ], [ 21.115931326268274, 52.114686302250128 ], [ 21.115931317362197, 52.114686295681416 ], [ 21.115931309510668, 52.114686288621265 ], [ 21.113717962919413, 52.112477302956307 ], [ 21.113717961006, 52.11247730123555 ], [ 21.113717957619446, 52.112477301197025 ], [ 21.109504074912422, 52.112552796288462 ], [ 21.109504061017255, 52.112552796129862 ], [ 21.109504047209494, 52.112552795158784 ], [ 21.109504033614183, 52.112552793384019 ], [ 21.109504020354446, 52.112552790821653 ], [ 21.109504007550363, 52.112552787494877 ], [ 21.109503995317887, 52.112552783433841 ], [ 21.109503983767805, 52.112552778675294 ], [ 21.10950397300471, 52.112552773262344 ], [ 21.10950396312608, 52.112552767244011 ], [ 21.109503954221367, 52.112552760674781 ], [ 21.109503946371227, 52.112552753614196 ], [ 21.107291065288798, 52.110343684270781 ], [ 21.107291058565028, 52.110343676782598 ], [ 21.107291053027769, 52.110343668934803 ], [ 21.10729104872717, 52.110343660798463 ], [ 21.107291045702187, 52.11034365244727 ], [ 21.107291043980204, 52.110343643956853 ], [ 21.107291043576822, 52.110343635404099 ], [ 21.107291044495692, 52.110343626866474 ], [ 21.107291046728495, 52.110343618421261 ], [ 21.107291050255004, 52.11034361014498 ], [ 21.107291055043287, 52.110343602112572 ], [ 21.107291061049978, 52.110343594396774 ], [ 21.109291836519638, 52.108059105534302 ], [ 21.109291837983452, 52.108059103653765 ], [ 21.10929183634472, 52.108059101828758 ], [ 21.107079152109641, 52.105849982036268 ], [ 21.107079145386603, 52.105849974548043 ], [ 21.107079139849958, 52.105849966700234 ], [ 21.10707913554986, 52.10584995856388 ], [ 21.107079132525239, 52.105849950212679 ], [ 21.107079130803498, 52.105849941722241 ], [ 21.107079130400219, 52.10584993316948 ], [ 21.107079131319061, 52.105849924631841 ], [ 21.107079133551704, 52.105849916186642 ], [ 21.107079137077921, 52.105849907910354 ], [ 21.107079141865785, 52.105849899877953 ], [ 21.107079147871932, 52.105849892162169 ], [ 21.109079739650184, 52.103565407330642 ], [ 21.109079741113863, 52.103565405450112 ], [ 21.109079739475305, 52.10356540362509 ], [ 21.106867252036004, 52.101356233383591 ], [ 21.106867250123347, 52.10135623166272 ], [ 21.106867246737636, 52.101356231623981 ], [ 21.102654312822935, 52.101431472131964 ], [ 21.102654309446553, 52.101431472291466 ], [ 21.102654307699044, 52.101431474077707 ], [ 21.100653476757039, 52.10371585312042 ], [ 21.100653469586266, 52.103715860449334 ], [ 21.10065346131665, 52.10371586732532 ], [ 21.100653452023082, 52.103715873686106 ], [ 21.100653441789728, 52.103715879474095 ], [ 21.100653430709254, 52.103715884636863 ], [ 21.100653418882018, 52.103715889127656 ], [ 21.100653406415127, 52.103715892905804 ], [ 21.100653393421474, 52.103715895937093 ], [ 21.100653380018745, 52.103715898194082 ], [ 21.100653366328309, 52.103715899656308 ], [ 21.100653352474151, 52.103715900310554 ], [ 21.096440341025158, 52.103790918281007 ], [ 21.096440327132715, 52.103790918120829 ], [ 21.096440313327911, 52.103790917148189 ], [ 21.09644029973575, 52.103790915371881 ], [ 21.096440286479332, 52.103790912808002 ], [ 21.096440273678709, 52.10379090947977 ], [ 21.096440261449811, 52.103790905417313 ], [ 21.09644024990337, 52.103790900657458 ], [ 21.09644023914397, 52.10379089524325 ], [ 21.096440229269035, 52.103790889223788 ], [ 21.096440220367999, 52.103790882653527 ], [ 21.096440212521475, 52.103790875592011 ], [ 21.09422837408518, 52.101581503896227 ], [ 21.094228372172989, 52.101581502175137 ], [ 21.094228368787263, 52.101581502136035 ], [ 21.090015460370353, 52.101656289825272 ], [ 21.090015446478578, 52.101656289664341 ], [ 21.090015432674548, 52.101656288690926 ], [ 21.090015419083276, 52.10165628691388 ], [ 21.090015405827842, 52.101656284349268 ], [ 21.090015393028295, 52.101656281020311 ], [ 21.090015380800548, 52.101656276957186 ], [ 21.090015369255337, 52.101656272196671 ], [ 21.090015358497215, 52.10165626678188 ], [ 21.090015348623613, 52.101656260761843 ], [ 21.090015339723941, 52.101656254191099 ], [ 21.090015331878806, 52.101656247129135 ], [ 21.08780391627127, 52.099446749550687 ], [ 21.087803914359419, 52.099446747829489 ], [ 21.087803910973857, 52.099446747790196 ], [ 21.083591186443098, 52.099521303791654 ], [ 21.083591172551991, 52.099521303629942 ], [ 21.083591158748739, 52.099521302655774 ], [ 21.083591145158355, 52.099521300877974 ], [ 21.083591131903905, 52.099521298312617 ], [ 21.083591119105435, 52.099521294982978 ], [ 21.083591106878842, 52.099521290919164 ], [ 21.083591095334853, 52.099521286158001 ], [ 21.083591084578018, 52.0995212807426 ], [ 21.083591074705744, 52.099521274722008 ], [ 21.08359106580744, 52.099521268150767 ], [ 21.083591057963687, 52.099521261088363 ], [ 21.081380065139207, 52.097311637672945 ], [ 21.081380063227694, 52.097311635951641 ], [ 21.081380059842289, 52.09731163591217 ], [ 21.077167438483556, 52.097385961683038 ], [ 21.07716743510737, 52.097385961841809 ], [ 21.077167433358987, 52.097385963627687 ], [ 21.075165462851835, 52.09966992333878 ], [ 21.075165455677471, 52.099669930666181 ], [ 21.075165447404615, 52.099669937540419 ], [ 21.075165438108186, 52.099669943899229 ], [ 21.075165427872378, 52.099669949685037 ], [ 21.07516541678989, 52.099669954845432 ], [ 21.075165404961076, 52.099669959333688 ], [ 21.075165392493073, 52.099669963109157 ], [ 21.075165379498785, 52.09966996613764 ], [ 21.075165366095892, 52.09966996839173 ], [ 21.075165352405772, 52.099669969850993 ], [ 21.075165338552409, 52.099669970502227 ], [ 21.07095255924126, 52.099744075139206 ], [ 21.070952555864867, 52.099744075297806 ], [ 21.070952554116143, 52.099744077083592 ], [ 21.068950160806878, 52.10202793485837 ], [ 21.068950153631114, 52.102027942185401 ], [ 21.068950145356862, 52.102027949059213 ], [ 21.068950136059055, 52.102027955417547 ], [ 21.0689501258219, 52.102027961202822 ], [ 21.068950114738094, 52.102027966362648 ], [ 21.06895010290803, 52.102027970850294 ], [ 21.068950090438825, 52.102027974625109 ], [ 21.068950077443418, 52.102027977652931 ], [ 21.068950064039488, 52.102027979906318 ], [ 21.068950050348427, 52.10202798136487 ], [ 21.068950036494222, 52.102027982015386 ], [ 21.064737018497816, 52.102101866906125 ], [ 21.064737015121217, 52.102101867064555 ], [ 21.064737013372152, 52.102101868850255 ], [ 21.062734197195997, 52.104385624643818 ], [ 21.062734190018837, 52.104385631970487 ], [ 21.062734181743188, 52.104385638843873 ], [ 21.062734172444003, 52.104385645201731 ], [ 21.062734162205494, 52.10438565098648 ], [ 21.062734151120381, 52.104385656145723 ], [ 21.062734139289052, 52.104385660632751 ], [ 21.062734126818658, 52.104385664406934 ], [ 21.062734113822124, 52.104385667434073 ], [ 21.06273410041716, 52.104385669686771 ], [ 21.062734086725154, 52.104385671144605 ], [ 21.062734072870107, 52.104385671794397 ], [ 21.058520816234271, 52.104459336899922 ], [ 21.058520812857466, 52.104459337058167 ], [ 21.058520811108064, 52.104459338843782 ], [ 21.056517572000253, 52.10674299261121 ], [ 21.056517564821693, 52.106742999937516 ], [ 21.056517556544652, 52.106743006810476 ], [ 21.056517547244088, 52.106743013167858 ], [ 21.056517537004225, 52.106743018952081 ], [ 21.056517525917801, 52.106743024110756 ], [ 21.056517514085215, 52.106743028597172 ], [ 21.056517501613623, 52.106743032370694 ], [ 21.05651748861597, 52.106743035397159 ], [ 21.056517475209969, 52.10674303764916 ], [ 21.056517461517018, 52.106743039106277 ], [ 21.056517447661133, 52.106743039755351 ], [ 21.052303952431725, 52.10681648503666 ], [ 21.052303949054718, 52.106816485194734 ], [ 21.052303947304971, 52.106816486980236 ], [ 21.050300285200752, 52.109100038676637 ], [ 21.050300278020796, 52.109100046002581 ], [ 21.050300269742358, 52.109100052875128 ], [ 21.050300260440416, 52.109100059232027 ], [ 21.050300250199204, 52.109100065015717 ], [ 21.050300239111468, 52.109100070173824 ], [ 21.050300227277621, 52.109100074659629 ], [ 21.050300214804832, 52.109100078432498 ], [ 21.05030020180606, 52.109100081458294 ], [ 21.050300188399017, 52.109100083709592 ], [ 21.050300174705129, 52.109100085166013 ], [ 21.050300160848398, 52.10910008581434 ], [ 21.046086507873163, 52.109173309829721 ], [ 21.046086493979068, 52.109173309663625 ], [ 21.046086480173528, 52.109173308685094 ], [ 21.046086466581571, 52.109173306902974 ], [ 21.046086453326279, 52.109173304333417 ], [ 21.046086440527706, 52.1091733009997 ], [ 21.046086428301749, 52.109173296931999 ], [ 21.046086416759135, 52.109173292167164 ], [ 21.046086406004392, 52.109173286748316 ], [ 21.046086396134914, 52.109173280724569 ], [ 21.046086387240084, 52.109173274150464 ], [ 21.046086379400457, 52.109173267085531 ], [ 21.043876730774514, 52.106962929034054 ], [ 21.043876728864007, 52.106962927312146 ], [ 21.043876725477876, 52.106962927271603 ], [ 21.039663176269926, 52.107035921051931 ], [ 21.039663162376499, 52.10703592088506 ], [ 21.039663148571737, 52.107035919905762 ], [ 21.039663134980664, 52.107035918122904 ], [ 21.039663121726363, 52.107035915552608 ], [ 21.039663108928867, 52.107035912218187 ], [ 21.039663096704068, 52.107035908149797 ], [ 21.039663085162676, 52.107035903384315 ], [ 21.039663074409219, 52.107035897964877 ], [ 21.039663064541074, 52.107035891940569 ], [ 21.039663055647608, 52.10703588536596 ], [ 21.03966304780937, 52.107035878300572 ], [ 21.037453822198618, 52.104825414629502 ], [ 21.037453820288448, 52.104825412907481 ], [ 21.037453816902481, 52.104825412866745 ], [ 21.033240452328009, 52.104898175039935 ], [ 21.033240438435246, 52.104898174872311 ], [ 21.03324042463127, 52.104898173892252 ], [ 21.033240411041085, 52.104898172108634 ], [ 21.033240397787772, 52.104898169537613 ], [ 21.033240384991352, 52.104898166202467 ], [ 21.033240372767708, 52.104898162133402 ], [ 21.033240361227545, 52.10489815736728 ], [ 21.033240350475371, 52.104898151947239 ], [ 21.033240340608554, 52.104898145922377 ], [ 21.03324033171646, 52.104898139347263 ], [ 21.033240323879607, 52.104898132281434 ], [ 21.03103152123807, 52.10268754303646 ], [ 21.031031519328241, 52.102687541314324 ], [ 21.031031515942434, 52.102687541273411 ], [ 21.026818255274868, 52.102760073262353 ], [ 21.026818251898053, 52.102760073419695 ], [ 21.026818250147436, 52.102760075204841 ], [ 21.024813449974843, 52.105043206710484 ], [ 21.024813442791299, 52.105043214034907 ], [ 21.024813434509628, 52.105043220905685 ], [ 21.024813425204833, 52.105043227260616 ], [ 21.024813414961177, 52.105043233042124 ], [ 21.024813403871427, 52.105043238197851 ], [ 21.024813392036013, 52.105043242681113 ], [ 21.024813379562122, 52.105043246451309 ], [ 21.024813366562718, 52.105043249474292 ], [ 21.024813353155526, 52.105043251722691 ], [ 21.024813339461964, 52.105043253176127 ], [ 21.02481332560604, 52.105043253821471 ], [ 21.020599988355372, 52.105115563119078 ], [ 21.020599974462549, 52.105115562949955 ], [ 21.020599960658743, 52.105115561968425 ], [ 21.020599947068956, 52.105115560183336 ], [ 21.020599933816264, 52.105115557610887 ], [ 21.020599921020686, 52.105115554274363 ], [ 21.020599908798101, 52.105115550203976 ], [ 21.020599897259192, 52.105115545436597 ], [ 21.020599886508467, 52.10511554001539 ], [ 21.020599876643281, 52.105115533989462 ], [ 21.020599867752971, 52.105115527413375 ], [ 21.020599859918057, 52.105115520346686 ], [ 21.018391665017798, 52.102904687897997 ], [ 21.018391663108439, 52.102904686175648 ], [ 21.018391659722617, 52.102904686134366 ], [ 21.014178426549861, 52.10297676527604 ], [ 21.014178412657714, 52.102976765106149 ], [ 21.014178398854686, 52.102976764123866 ], [ 21.01417838526579, 52.102976762338031 ], [ 21.014178372014083, 52.10297675976485 ], [ 21.014178359219585, 52.102976756427616 ], [ 21.014178346998154, 52.102976752356547 ], [ 21.014178335460475, 52.102976747588528 ], [ 21.014178324711029, 52.102976742166717 ], [ 21.014178314847175, 52.102976736140235 ], [ 21.014178305958232, 52.102976729563643 ], [ 21.014178298124708, 52.102976722496528 ], [ 21.011970526166216, 52.100765764590534 ], [ 21.011970524257194, 52.1007657628681 ], [ 21.011970520871536, 52.100765762826626 ], [ 21.00775739184801, 52.100837611834152 ], [ 21.007757388471259, 52.100837611990947 ], [ 21.007757386719945, 52.100837613775823 ], [ 21.005751687533365, 52.103120430864244 ], [ 21.005751680346965, 52.103120438187545 ], [ 21.005751672062676, 52.103120445057009 ], [ 21.005751662755522, 52.103120451410454 ], [ 21.005751652509787, 52.103120457190329 ], [ 21.005751641418261, 52.103120462344279 ], [ 21.005751629581386, 52.103120466825644 ], [ 21.005751617106366, 52.103120470593836 ], [ 21.005751604106173, 52.103120473614716 ], [ 21.005751590698534, 52.103120475860962 ], [ 21.005751577004883, 52.103120477312189 ], [ 21.005751563149214, 52.103120477955279 ], [ 21.001538357804865, 52.103192104250994 ], [ 21.00153834391265, 52.103192104079618 ], [ 21.001538330109796, 52.103192103095843 ], [ 21.001538316521302, 52.103192101308544 ], [ 21.001538303270223, 52.103192098733935 ], [ 21.001538290476564, 52.103192095395308 ], [ 21.001538278256191, 52.103192091322938 ], [ 21.00153826671977, 52.103192086553662 ], [ 21.001538255971777, 52.103192081130686 ], [ 21.001538246109551, 52.103192075103117 ], [ 21.001538237222398, 52.103192068525566 ], [ 21.00153822939081, 52.103192061457577 ], [ 20.999331065385761, 52.100980860520998 ], [ 20.999331063477211, 52.100980858798344 ], [ 20.999331060091539, 52.100980858756508 ], [ 20.995117959067326, 52.101052254946417 ], [ 20.995117945175785, 52.101052254774288 ], [ 20.995117931373713, 52.101052253789746 ], [ 20.995117917786107, 52.101052252001708 ], [ 20.995117904536016, 52.10105224942636 ], [ 20.995117891743437, 52.101052246087043 ], [ 20.995117879524223, 52.101052242013978 ], [ 20.995117867989027, 52.101052237244062 ], [ 20.995117857242317, 52.101052231820489 ], [ 20.995117847381422, 52.101052225792365 ], [ 20.995117838495634, 52.101052219214303 ], [ 20.995117830665436, 52.101052212145873 ], [ 20.992911089574442, 52.098840885868668 ], [ 20.992911087666229, 52.098840884145893 ], [ 20.992911084280721, 52.098840884103886 ], [ 20.988698087647883, 52.098912050209826 ], [ 20.988698084271196, 52.098912050366081 ], [ 20.988698082519189, 52.098912052150695 ], [ 20.986691484881064, 52.101194554612022 ], [ 20.98669147769181, 52.101194561934179 ], [ 20.986691469404903, 52.101194568802342 ], [ 20.98669146009539, 52.10119457515431 ], [ 20.986691449847584, 52.10119458093255 ], [ 20.986691438754281, 52.101194586084723 ], [ 20.986691426915954, 52.101194590564198 ], [ 20.986691414439804, 52.101194594330373 ], [ 20.986691401438819, 52.101194597349163 ], [ 20.986691388030742, 52.101194599593242 ], [ 20.986691374336999, 52.101194601042259 ], [ 20.986691360481597, 52.101194601683112 ], [ 20.982478206999541, 52.101265546415846 ], [ 20.982478203622652, 52.101265546571931 ], [ 20.9824782018703, 52.101265548356444 ], [ 20.980471142811723, 52.103547992129798 ], [ 20.980471141342587, 52.103547994008792 ], [ 20.980471142975937, 52.103547995835662 ], [ 20.982677513490593, 52.105759557282376 ], [ 20.982677520192958, 52.105759564777884 ], [ 20.982677525707896, 52.105759572631769 ], [ 20.982677529985455, 52.105759580772897 ], [ 20.982677532986902, 52.105759589127523 ], [ 20.982677534685049, 52.105759597620015 ], [ 20.982677535064525, 52.105759606173436 ], [ 20.982677534121891, 52.105759614710344 ], [ 20.982677531865683, 52.105759623153418 ], [ 20.98267752831633, 52.105759631426203 ], [ 20.982677523505981, 52.10575963945378 ], [ 20.982677517478198, 52.105759647163431 ], [ 20.980670311505065, 52.108042050872342 ], [ 20.980670310035801, 52.108042052751337 ], [ 20.980670311669325, 52.108042054578192 ], [ 20.982876919837228, 52.11025360833581 ], [ 20.982876926540321, 52.110253615831297 ], [ 20.982876932055866, 52.110253623685146 ], [ 20.982876936333916, 52.110253631826261 ], [ 20.982876939335725, 52.110253640180879 ], [ 20.982876941034103, 52.11025364867335 ], [ 20.982876941413679, 52.110253657226771 ], [ 20.982876940471009, 52.110253665763686 ], [ 20.982876938214634, 52.110253674206753 ], [ 20.982876934664986, 52.110253682479545 ], [ 20.982876929854211, 52.110253690507115 ], [ 20.982876923825877, 52.110253698216795 ], [ 20.980869532407677, 52.112536105629488 ], [ 20.980869530938278, 52.112536107508497 ], [ 20.98086953257198, 52.112536109335331 ], [ 20.983076378457568, 52.114747655402674 ], [ 20.98307638516139, 52.114747662898147 ], [ 20.983076390677546, 52.114747670751989 ], [ 20.983076394956083, 52.11474767889306 ], [ 20.983076397958254, 52.114747687247664 ], [ 20.983076399656866, 52.114747695740142 ], [ 20.983076400036541, 52.114747704293542 ], [ 20.983076399093839, 52.11474771283045 ], [ 20.983076396837298, 52.114747721273524 ], [ 20.983076393287352, 52.114747729546323 ], [ 20.983076388476146, 52.114747737573907 ], [ 20.983076382447262, 52.114747745283587 ], [ 20.981068805537735, 52.117030156401185 ], [ 20.981068804068197, 52.117030158280187 ], [ 20.98106880570208, 52.117030160107028 ], [ 20.983275889369821, 52.119241698482945 ], [ 20.983275896074364, 52.119241705978375 ], [ 20.983275901591135, 52.119241713832196 ], [ 20.983275905870162, 52.119241721973268 ], [ 20.983275908872692, 52.119241730327857 ], [ 20.983275910571539, 52.119241738820307 ], [ 20.98327591095131, 52.119241747373714 ], [ 20.983275910008576, 52.1192417559106 ], [ 20.983275907751867, 52.119241764353674 ], [ 20.983275904201623, 52.119241772626488 ], [ 20.983275899389994, 52.119241780654079 ], [ 20.98327589336056, 52.119241788363766 ], [ 20.981268169415788, 52.121524159420595 ], [ 20.981268162222456, 52.121524166742439 ], [ 20.981268153931016, 52.121524173610254 ], [ 20.981268144616564, 52.121524179961824 ], [ 20.98126813436345, 52.121524185739617 ], [ 20.98126812326452, 52.121524190891336 ], [ 20.981268111420302, 52.121524195370306 ], [ 20.981268098938045, 52.121524199135962 ], [ 20.981268085930797, 52.121524202154212 ], [ 20.981268072516361, 52.12152420439773 ], [ 20.981268058816209, 52.121524205846185 ], [ 20.981268044954412, 52.121524206486455 ], [ 20.977052961011005, 52.121594976681365 ], [ 20.977052957632555, 52.121594976837301 ], [ 20.977052955879213, 52.121594978621751 ], [ 20.975044731485813, 52.123877334647965 ], [ 20.975044730015806, 52.123877336526895 ], [ 20.9750447316497, 52.123877338353807 ], [ 20.977251867524764, 52.126088986689872 ], [ 20.977251874229367, 52.126088994185643 ], [ 20.97725187974596, 52.126089002039741 ], [ 20.977251884024586, 52.126089010181019 ], [ 20.977251887026487, 52.126089018535758 ], [ 20.977251888724485, 52.1260890270283 ], [ 20.977251889103201, 52.126089035581714 ], [ 20.977251888159202, 52.126089044118565 ], [ 20.97725188590104, 52.126089052561539 ], [ 20.977251882349165, 52.126089060834161 ], [ 20.977251877535743, 52.126089068861518 ], [ 20.977251871504365, 52.126089076570906 ], [ 20.975243499922836, 52.128371392522929 ], [ 20.975243498452691, 52.128371394401853 ], [ 20.975243500086762, 52.128371396228772 ], [ 20.977450873826648, 52.130583036890336 ], [ 20.977450880531983, 52.130583044386078 ], [ 20.977450886049187, 52.130583052240148 ], [ 20.977450890328299, 52.130583060381426 ], [ 20.977450893330563, 52.130583068736136 ], [ 20.977450895028795, 52.130583077228664 ], [ 20.977450895407607, 52.130583085782085 ], [ 20.977450894463576, 52.130583094318936 ], [ 20.977450892205248, 52.130583102761904 ], [ 20.977450888653074, 52.130583111034525 ], [ 20.977450883839225, 52.130583119061896 ], [ 20.977450877807296, 52.130583126771292 ], [ 20.975442320484674, 52.132865446415678 ], [ 20.975442319014398, 52.132865448294609 ], [ 20.97544232064865, 52.132865450121535 ], [ 20.977649932317878, 52.135077083107404 ], [ 20.977649939023941, 52.135077090603133 ], [ 20.977649944541756, 52.135077098457181 ], [ 20.977649948821359, 52.135077106598438 ], [ 20.977649951823985, 52.135077114953141 ], [ 20.977649953522448, 52.135077123445654 ], [ 20.977649953901359, 52.135077131999061 ], [ 20.977649952957293, 52.135077140535905 ], [ 20.977649950698797, 52.13507714897888 ], [ 20.977649947146325, 52.135077157251509 ], [ 20.97764994233205, 52.135077165278879 ], [ 20.977649936299567, 52.135077172988282 ], [ 20.975641193189496, 52.137359496326162 ], [ 20.975641191719085, 52.137359498205107 ], [ 20.975641193353511, 52.137359500032005 ], [ 20.977849043016633, 52.139571125341035 ], [ 20.977849049723424, 52.13957113283675 ], [ 20.977849055241855, 52.139571140690776 ], [ 20.977849059521944, 52.139571148832005 ], [ 20.977849062524928, 52.139571157186708 ], [ 20.977849064223623, 52.139571165679207 ], [ 20.977849064602637, 52.1395711742326 ], [ 20.977849063658535, 52.139571182769444 ], [ 20.977849061399876, 52.139571191212404 ], [ 20.977849057847102, 52.139571199485047 ], [ 20.977849053032401, 52.139571207512425 ], [ 20.977849046999371, 52.139571215221849 ], [ 20.975840156580205, 52.141853498489205 ], [ 20.975840149382783, 52.141853505810751 ], [ 20.97584014108681, 52.141853512678203 ], [ 20.975840131767409, 52.141853519029368 ], [ 20.975840121508977, 52.141853524806734 ], [ 20.97584011040442, 52.141853529957977 ], [ 20.975840098554301, 52.141853534436443 ], [ 20.975840086065929, 52.141853538201566 ], [ 20.975840073052414, 52.14185354121927 ], [ 20.975840059631604, 52.141853543462233 ], [ 20.975840045925036, 52.14185354491012 ], [ 20.975840032056841, 52.141853545549822 ], [ 20.971623015409502, 52.141924140923372 ], [ 20.971623012029497, 52.141924141079173 ], [ 20.971623010275152, 52.141924142863523 ], [ 20.969613657387359, 52.144206367225244 ], [ 20.969613650188542, 52.144206374546414 ], [ 20.969613641891168, 52.144206381413447 ], [ 20.969613632570386, 52.144206387764129 ], [ 20.9696136223106, 52.144206393540962 ], [ 20.969613611204732, 52.144206398691622 ], [ 20.969613599353352, 52.144206403169477 ], [ 20.969613586863787, 52.144206406933961 ], [ 20.969613573849152, 52.144206409950989 ], [ 20.969613560427302, 52.144206412193249 ], [ 20.969613546719792, 52.144206413640411 ], [ 20.969613532850758, 52.144206414279388 ], [ 20.965396278191378, 52.14427678924794 ], [ 20.965396274811162, 52.144276789403555 ], [ 20.965396273056481, 52.144276791187814 ], [ 20.963386496156346, 52.14655891283315 ], [ 20.963386488956129, 52.14655892015395 ], [ 20.963386480657356, 52.146558927020536 ], [ 20.963386471335195, 52.146558933370748 ], [ 20.963386461074055, 52.146558939147056 ], [ 20.963386449966873, 52.146558944297148 ], [ 20.963386438114231, 52.146558948774391 ], [ 20.963386425623472, 52.146558952538221 ], [ 20.963386412607715, 52.146558955554568 ], [ 20.963386399184831, 52.146558957796124 ], [ 20.963386385476376, 52.146558959242583 ], [ 20.963386371606504, 52.146558959880828 ], [ 20.959168878981533, 52.146629114405407 ], [ 20.959168875601119, 52.146629114560852 ], [ 20.959168873846092, 52.146629116345018 ], [ 20.95715867286907, 52.148911135228943 ], [ 20.95715866566745, 52.148911142549366 ], [ 20.95715865736728, 52.148911149415532 ], [ 20.95715864804373, 52.148911155765269 ], [ 20.957158637781241, 52.148911161541037 ], [ 20.957158626672744, 52.148911166690553 ], [ 20.957158614818848, 52.148911171167171 ], [ 20.957158602326892, 52.148911174930348 ], [ 20.957158589310009, 52.14891117794604 ], [ 20.957158575886091, 52.148911180186893 ], [ 20.957158562176698, 52.148911181632627 ], [ 20.957158548305983, 52.148911182270155 ], [ 20.952940817761917, 52.148981116311816 ], [ 20.952940814381293, 52.148981116467084 ], [ 20.952940812625926, 52.148981118251157 ], [ 20.95093014895021, 52.151263078085847 ], [ 20.950930147478307, 52.15126307996448 ], [ 20.950930149112253, 52.15126308179174 ], [ 20.953137492424727, 52.153475170281567 ], [ 20.953137499129554, 52.153475177778681 ], [ 20.953137504645451, 52.153475185633873 ], [ 20.953137508922456, 52.153475193776018 ], [ 20.953137511921838, 52.153475202131368 ], [ 20.953137513616436, 52.153475210624251 ], [ 20.953137513990903, 52.153475219177757 ], [ 20.953137513041845, 52.153475227714424 ], [ 20.953137510777857, 52.15347523615695 ], [ 20.953137507219452, 52.153475244428876 ], [ 20.953137502398839, 52.15347525245528 ], [ 20.953137496359687, 52.153475260163489 ], [ 20.951126723473795, 52.15575713611512 ], [ 20.9511267162701, 52.155757143435189 ], [ 20.951126707967745, 52.155757150300943 ], [ 20.951126698641925, 52.155757156650211 ], [ 20.951126688377084, 52.155757162425473 ], [ 20.951126677266195, 52.155757167574436 ], [ 20.951126665409873, 52.155757172050478 ], [ 20.951126652915487, 52.155757175813044 ], [ 20.951126639896199, 52.155757178828075 ], [ 20.951126626469904, 52.155757181068253 ], [ 20.951126612758198, 52.155757182513312 ], [ 20.951126598885253, 52.155757183150151 ], [ 20.946908206207119, 52.155826907885896 ], [ 20.946908202825956, 52.155826908040986 ], [ 20.94690820107008, 52.155826909824981 ], [ 20.944896965310196, 52.158108726667137 ], [ 20.944896958105097, 52.158108733986836 ], [ 20.944896949801343, 52.158108740852164 ], [ 20.944896940474138, 52.158108747200949 ], [ 20.944896930207946, 52.158108752975686 ], [ 20.944896919095743, 52.158108758124065 ], [ 20.94489690723816, 52.158108762599497 ], [ 20.94489689474258, 52.158108766361408 ], [ 20.944896881722169, 52.158108769375765 ], [ 20.944896868294837, 52.158108771615254 ], [ 20.94489685458219, 52.158108773059588 ], [ 20.94489684070841, 52.158108773695709 ], [ 20.940678291035496, 52.158178276504067 ], [ 20.940678277126207, 52.1581782763257 ], [ 20.940678263307465, 52.158178275334954 ], [ 20.940678249704415, 52.158178273540798 ], [ 20.940678236440256, 52.158178270959489 ], [ 20.940678223635107, 52.158178267614417 ], [ 20.940678211404929, 52.158178263535852 ], [ 20.940678199860486, 52.158178258760742 ], [ 20.940678189106322, 52.158178253332323 ], [ 20.940678179239825, 52.158178247299759 ], [ 20.94067817035036, 52.158178240717696 ], [ 20.94067816251842, 52.158178233645728 ], [ 20.938471192076936, 52.155965909762983 ], [ 20.9384711901683, 52.155965908039356 ], [ 20.938471186778472, 52.155965907995814 ], [ 20.934252661864598, 52.156035181684828 ], [ 20.934252658483363, 52.156035181839563 ], [ 20.934252656726972, 52.156035183623381 ], [ 20.932240758797185, 52.158316791011295 ], [ 20.932240751589958, 52.15831679833024 ], [ 20.932240743284193, 52.158316805194701 ], [ 20.932240733955116, 52.158316811542505 ], [ 20.932240723687212, 52.158316817316148 ], [ 20.932240712573467, 52.158316822463355 ], [ 20.932240700714523, 52.158316826937515 ], [ 20.932240688217785, 52.158316830698098 ], [ 20.932240675196422, 52.158316833711069 ], [ 20.932240661768354, 52.158316835949122 ], [ 20.932240648055195, 52.158316837392 ], [ 20.932240634181131, 52.158316838026629 ], [ 20.928021952426345, 52.158385889747166 ], [ 20.928021949044904, 52.158385889901709 ], [ 20.928021947288169, 52.158385891685441 ], [ 20.926009586369148, 52.160667439836054 ], [ 20.926009584895887, 52.160667441714388 ], [ 20.926009586529176, 52.160667443541982 ], [ 20.928216183655117, 52.162880002793173 ], [ 20.928216190357247, 52.16288001029173 ], [ 20.928216195869989, 52.162880018148108 ], [ 20.928216200143417, 52.16288002629117 ], [ 20.928216203138824, 52.162880034647181 ], [ 20.928216204829091, 52.162880043140447 ], [ 20.928216205198904, 52.162880051694074 ], [ 20.928216204244919, 52.162880060230584 ], [ 20.928216201975776, 52.162880068672663 ], [ 20.928216198412017, 52.162880076943885 ], [ 20.928216193585925, 52.162880084969316 ], [ 20.928216187541203, 52.162880092676282 ], [ 20.926203717032557, 52.165161556895839 ], [ 20.926203709823252, 52.165161564214444 ], [ 20.926203701515302, 52.165161571078499 ], [ 20.926203692183947, 52.16516157742582 ], [ 20.926203681913691, 52.165161583198966 ], [ 20.926203670797548, 52.165161588345626 ], [ 20.926203658936185, 52.165161592819189 ], [ 20.926203646437017, 52.165161596579154 ], [ 20.926203633413238, 52.165161599591485 ], [ 20.926203619982804, 52.165161601828871 ], [ 20.926203606267329, 52.165161603271066 ], [ 20.926203592391033, 52.165161603905005 ], [ 20.921984248430707, 52.16523044602296 ], [ 20.921984245048723, 52.16523044617734 ], [ 20.921984243291487, 52.16523044796098 ], [ 20.919971309618266, 52.167511852882924 ], [ 20.919971302407557, 52.167511860201152 ], [ 20.919971294098211, 52.167511867064761 ], [ 20.919971284765474, 52.16751187341162 ], [ 20.919971274493864, 52.167511879184232 ], [ 20.919971263376404, 52.167511884330324 ], [ 20.919971251513783, 52.167511888803269 ], [ 20.919971239013417, 52.16751189256258 ], [ 20.919971225988519, 52.167511895574229 ], [ 20.919971212557044, 52.167511897810918 ], [ 20.919971198840631, 52.167511899252403 ], [ 20.919971184963497, 52.167511899885596 ], [ 20.915751603299373, 52.167580521251757 ], [ 20.915751599917186, 52.167580521405966 ], [ 20.915751598159602, 52.167580523189521 ], [ 20.913738201237159, 52.169861868764173 ], [ 20.913738199763081, 52.169861870642364 ], [ 20.913738201396221, 52.169861872470136 ], [ 20.915944662418916, 52.172074659578904 ], [ 20.915944669120424, 52.172074667078149 ], [ 20.915944674632197, 52.172074674935097 ], [ 20.915944678904317, 52.172074683078613 ], [ 20.915944681898097, 52.172074691434922 ], [ 20.915944683586424, 52.172074699928388 ], [ 20.91594468395401, 52.172074708482057 ], [ 20.91594468299752, 52.172074717018475 ], [ 20.915944680725623, 52.172074725460334 ], [ 20.91594467715889, 52.172074733731208 ], [ 20.915944672329623, 52.172074741756155 ], [ 20.915944666281554, 52.172074749462524 ], [ 20.913931120926744, 52.17435605482855 ], [ 20.913931119452535, 52.174356056706735 ], [ 20.913931121085849, 52.174356058534499 ], [ 20.916137819830034, 52.176568838155788 ], [ 20.916137826532271, 52.176568845655005 ], [ 20.916137832044654, 52.176568853511938 ], [ 20.916137836317262, 52.176568861655433 ], [ 20.9161378393114, 52.176568870011735 ], [ 20.916137840999959, 52.176568878505186 ], [ 20.91613784136764, 52.176568887058849 ], [ 20.916137840411114, 52.17656889559526 ], [ 20.916137838139047, 52.176568904037126 ], [ 20.916137834572009, 52.176568912307992 ], [ 20.916137829742311, 52.176568920332961 ], [ 20.916137823693688, 52.176568928039323 ], [ 20.914124129870778, 52.178850193198322 ], [ 20.914124122657316, 52.178850200516209 ], [ 20.914124114344986, 52.178850207379426 ], [ 20.914124105009073, 52.178850213725845 ], [ 20.91412409473412, 52.178850219497953 ], [ 20.914124083613178, 52.178850224643512 ], [ 20.914124071746961, 52.178850229115916 ], [ 20.914124059242933, 52.178850232874638 ], [ 20.914124046214329, 52.178850235885662 ], [ 20.914124032779146, 52.178850238121719 ], [ 20.914124019059045, 52.178850239562543 ], [ 20.914124005178284, 52.178850240195111 ], [ 20.909903336226563, 52.178918662786245 ], [ 20.909903332843495, 52.178918662940298 ], [ 20.909903331085243, 52.17891866472376 ], [ 20.907889173722779, 52.181199870459203 ], [ 20.907889166507911, 52.181199877776713 ], [ 20.907889158194184, 52.181199884639504 ], [ 20.907889148856881, 52.18119989098544 ], [ 20.907889138580575, 52.181199896757022 ], [ 20.907889127458319, 52.181199901901998 ], [ 20.907889115590844, 52.181199906373784 ], [ 20.907889103085616, 52.181199910131852 ], [ 20.907889090055892, 52.181199913142208 ], [ 20.907889076619668, 52.181199915377555 ], [ 20.907889062898629, 52.181199916817661 ], [ 20.907889049017029, 52.181199917449497 ], [ 20.903668223265562, 52.181268117834058 ], [ 20.9036682093491, 52.181268117651392 ], [ 20.903668195523895, 52.181268116656362 ], [ 20.903668181915162, 52.181268114858021 ], [ 20.903668168646131, 52.181268112272598 ], [ 20.903668155836979, 52.181268108923561 ], [ 20.903668143603696, 52.181268104841187 ], [ 20.903668132057078, 52.181268100062496 ], [ 20.903668121301692, 52.181268094630731 ], [ 20.903668111434936, 52.181268088595104 ], [ 20.90366810254617, 52.181268082010249 ], [ 20.903668094715886, 52.181268074935836 ], [ 20.901461770364254, 52.179055059918085 ], [ 20.901461768456027, 52.179055058193853 ], [ 20.901461765064443, 52.17905505814926 ], [ 20.897240964745748, 52.179123029267444 ], [ 20.897240961362606, 52.179123029421135 ], [ 20.897240959603835, 52.179123031204419 ], [ 20.895226139613722, 52.181404026974398 ], [ 20.895226132396726, 52.181404034291155 ], [ 20.895226124080985, 52.18140404115308 ], [ 20.895226114741817, 52.181404047498027 ], [ 20.895226104463791, 52.181404053268523 ], [ 20.895226093339993, 52.181404058412326 ], [ 20.895226081471158, 52.181404062882848 ], [ 20.895226068964774, 52.181404066639587 ], [ 20.895226055934099, 52.181404069648543 ], [ 20.895226042497146, 52.181404071882461 ], [ 20.895226028775593, 52.181404073321104 ], [ 20.895226014893712, 52.181404073951441 ], [ 20.891005138869943, 52.181471821524305 ], [ 20.891005124953431, 52.181471821340146 ], [ 20.891005111128411, 52.181471820343646 ], [ 20.891005097520086, 52.181471818543827 ], [ 20.891005084251695, 52.181471815956968 ], [ 20.891005071443395, 52.181471812606546 ], [ 20.891005059211189, 52.181471808522858 ], [ 20.891005047665839, 52.181471803742909 ], [ 20.891005036911917, 52.181471798309978 ], [ 20.891005027046806, 52.181471792273271 ], [ 20.891005018159841, 52.181471785687449 ], [ 20.891005010331511, 52.181471778612178 ], [ 20.888799298351799, 52.179258520812269 ], [ 20.888799296444045, 52.179258519087817 ], [ 20.88879929305245, 52.179258519042875 ], [ 20.88457844263532, 52.179326037362188 ], [ 20.884578439252113, 52.179326037515501 ], [ 20.88457843749282, 52.179326039298608 ], [ 20.882562955015839, 52.181606824987774 ], [ 20.882562947796714, 52.181606832303792 ], [ 20.882562939478966, 52.181606839164829 ], [ 20.882562930137922, 52.181606845508789 ], [ 20.882562919858188, 52.181606851278218 ], [ 20.882562908732847, 52.181606856420828 ], [ 20.882562896862659, 52.181606860890085 ], [ 20.882562884355114, 52.181606864645495 ], [ 20.88256287132349, 52.181606867653066 ], [ 20.882562857885802, 52.181606869885542 ], [ 20.882562844163743, 52.181606871322707 ], [ 20.882562830281579, 52.181606871951566 ], [ 20.878341904319615, 52.181674166700368 ], [ 20.878341890403057, 52.181674166514703 ], [ 20.878341876578222, 52.181674165516711 ], [ 20.878341862970306, 52.181674163715421 ], [ 20.878341849702554, 52.181674161127141 ], [ 20.878341836895114, 52.18167415777534 ], [ 20.878341824663973, 52.181674153690324 ], [ 20.878341813119906, 52.181674148909124 ], [ 20.878341802367444, 52.181674143475036 ], [ 20.878341792503974, 52.181674137437248 ], [ 20.878341783618819, 52.181674130850453 ], [ 20.878341775792443, 52.181674123774314 ], [ 20.876136676377861, 52.179460623295213 ], [ 20.876136674470587, 52.17946062157057 ], [ 20.876136671078982, 52.179460621525259 ], [ 20.871915770897488, 52.179527687033364 ], [ 20.871915767514214, 52.179527687186322 ], [ 20.871915765754402, 52.17952768896923 ], [ 20.869899620931523, 52.181808264462319 ], [ 20.869899613710263, 52.181808271777555 ], [ 20.869899605390504, 52.181808278637732 ], [ 20.869899596047595, 52.181808284980704 ], [ 20.869899585766149, 52.181808290749039 ], [ 20.869899574639266, 52.18180829589047 ], [ 20.869899562767721, 52.181808300358469 ], [ 20.869899550259021, 52.181808304112543 ], [ 20.869899537226448, 52.181808307118722 ], [ 20.869899523788028, 52.181808309349762 ], [ 20.869899510065459, 52.181808310785463 ], [ 20.86989949618302, 52.18180831141283 ], [ 20.865678439674745, 52.181875154605592 ], [ 20.865678436291265, 52.181875154758373 ], [ 20.865678434531112, 52.181875156541196 ], [ 20.863661864664891, 52.184155628596734 ], [ 20.863661857442228, 52.184155635911608 ], [ 20.863661849121069, 52.184155642771351 ], [ 20.863661839776778, 52.184155649113848 ], [ 20.863661829493971, 52.184155654881636 ], [ 20.863661818365777, 52.184155660022498 ], [ 20.863661806492967, 52.184155664489857 ], [ 20.863661793983074, 52.184155668243292 ], [ 20.863661780949382, 52.184155671248789 ], [ 20.863661767509928, 52.184155673479125 ], [ 20.86366175378642, 52.184155674914123 ], [ 20.863661739903144, 52.184155675540758 ], [ 20.859440446177768, 52.184222297666743 ], [ 20.859440442794085, 52.184222297819339 ], [ 20.859440441033591, 52.184222299602077 ], [ 20.857423446059716, 52.186502668174924 ], [ 20.857423438835649, 52.186502675489422 ], [ 20.857423430513091, 52.186502682348745 ], [ 20.857423421167415, 52.186502688690759 ], [ 20.857423410883253, 52.186502694458014 ], [ 20.857423399753745, 52.186502699598293 ], [ 20.857423387879678, 52.186502704065049 ], [ 20.857423375368583, 52.18650270781783 ], [ 20.857423362333773, 52.18650271082263 ], [ 20.857423348893281, 52.186502713052285 ], [ 20.857423335168836, 52.186502714486544 ], [ 20.85742332128472, 52.186502715112461 ], [ 20.85320179038936, 52.186569116132759 ], [ 20.853201787005471, 52.186569116285185 ], [ 20.853201785244636, 52.186569118067823 ], [ 20.851184326411239, 52.188849426838416 ], [ 20.8511843249339, 52.188849428715855 ] ], [ [ 21.242460927973674, 52.240526941938867 ], [ 21.242460935142208, 52.240526934601505 ], [ 21.242460943414407, 52.240526927715678 ], [ 21.242460952715351, 52.240526921343751 ], [ 21.24246096296082, 52.24052691554342 ], [ 21.242460974058016, 52.240526910367237 ], [ 21.242460985906451, 52.240526905862069 ], [ 21.242460998398819, 52.240526902068702 ], [ 21.242461011421991, 52.240526899021489 ], [ 21.242461024858024, 52.240526896748037 ], [ 21.242461038585237, 52.240526895268935 ], [ 21.242461052479321, 52.240526894597572 ], [ 21.246686590967617, 52.240446512154726 ], [ 21.246686604902717, 52.240446512296693 ], [ 21.246686618752729, 52.240446513251179 ], [ 21.246686632392233, 52.24044651500958 ], [ 21.246686645697711, 52.240446517555931 ], [ 21.246686658548661, 52.240446520867181 ], [ 21.246686670828701, 52.240446524913352 ], [ 21.246686682426628, 52.24044652965781 ], [ 21.246686693237404, 52.240446535057579 ], [ 21.246686703163125, 52.240446541063754 ], [ 21.246686712113906, 52.240446547621936 ], [ 21.246686720008686, 52.240446554672744 ], [ 21.248913098116315, 52.242652805441303 ], [ 21.248913104884309, 52.242652812920738 ], [ 21.248913110463484, 52.242652820761229 ], [ 21.248913114803308, 52.242652828891785 ], [ 21.248913117864479, 52.242652837238737 ], [ 21.248913119619278, 52.242652845726539 ], [ 21.24891312005181, 52.242652854278305 ], [ 21.248913119158157, 52.24265286281657 ], [ 21.248913116946419, 52.242652871264042 ], [ 21.248913113436622, 52.242652879544195 ], [ 21.248913108660542, 52.242652887582047 ], [ 21.248913102661447, 52.242652895304822 ], [ 21.246913759041611, 52.244939647335627 ], [ 21.24691375187313, 52.244939654673253 ], [ 21.246913743600828, 52.244939661559378 ], [ 21.246913734299625, 52.244939667931661 ], [ 21.246913724053755, 52.244939673732375 ], [ 21.246913712956001, 52.24493967890897 ], [ 21.24691370110687, 52.2449396834146 ], [ 21.246913688613667, 52.244939687208444 ], [ 21.246913675589532, 52.244939690256153 ], [ 21.246913662152416, 52.244939692530139 ], [ 21.246913648424009, 52.244939694009759 ], [ 21.246913634528632, 52.244939694681648 ], [ 21.242687669893265, 52.245020090064756 ], [ 21.242687655956733, 52.245020089922335 ], [ 21.242687642105363, 52.245020088967387 ], [ 21.242687628464591, 52.245020087208552 ], [ 21.242687615157955, 52.245020084661753 ], [ 21.242687602305956, 52.245020081350084 ], [ 21.242687590024989, 52.245020077303494 ], [ 21.242687578426271, 52.245020072558681 ], [ 21.242687567614841, 52.245020067158556 ], [ 21.242687557688612, 52.245020061152054 ], [ 21.242687548737468, 52.245020054593574 ], [ 21.242687540842486, 52.245020047542525 ], [ 21.240461346011255, 52.242813677953507 ], [ 21.240461339244639, 52.242813670473573 ], [ 21.240461333666925, 52.242813662632663 ], [ 21.240461329328618, 52.242813654501788 ], [ 21.240461326269017, 52.24281364615458 ], [ 21.24046132451582, 52.242813637666643 ], [ 21.240461324084912, 52.242813629114835 ], [ 21.240461324980188, 52.242813620576612 ], [ 21.240461327193547, 52.242813612129282 ], [ 21.240461330704939, 52.242813603849356 ], [ 21.240461335482571, 52.242813595811825 ], [ 21.240461341483169, 52.242813588089462 ], [ 21.242460927973674, 52.240526941938867 ] ] ] } }
]
}
