{
"type": "FeatureCollection",
"name": "warszawa_hex_mask",
"crs": { "type": "name", "properties": { "name": "urn:ogc:def:crs:OGC:1.3:CRS84" } },
"features": [
{ "type": "Feature", "properties": { "name": "warszawa" }, "geometry": { "type": "MultiPolygon", "coordinates": [ [ [ [ 19.962659107865274, 51.548125999297376 ], [ 19.962659107865274, 52.908577313257503 ], [ 22.165567296628698, 52.908577313257503 ], [ 22.165567296628698, 51.548125999297376 ], [ 19.962659107865274, 51.548125999297376 ] ], [ [ 20.851184326411239, 52.188849426838416 ], [ 20.853201785244632, 52.186569118067823 ], [ 20.853201787005471, 52.186569116285177 ], [ 20.85320179038936, 52.186569116132759 ], [ 20.85742332128472, 52.186502715112461 ], [ 20.857423335168832, 52.186502714486551 ], [ 20.857423348893278, 52.186502713052278 ], [ 20.857423362333773, 52.18650271082263 ], [ 20.85742337536858, 52.18650270781783 ], [ 20.857423387879674, 52.186502704065035 ], [ 20.857423399753742, 52.186502699598293 ], [ 20.857423410883253, 52.186502694458014 ], [ 20.857423421167411, 52.186502688690759 ], [ 20.857423430513091, 52.186502682348745 ], [ 20.857423438835649, 52.186502675489415 ], [ 20.857423446059713, 52.186502668174924 ], [ 20.859440441033591, 52.184222299602077 ], [ 20.859440442794089, 52.184222297819346 ], [ 20.859440446177768, 52.18422229766675 ], [ 20.863661739903147, 52.184155675540751 ], [ 20.86366175378642, 52.184155674914116 ], [ 20.863661767509925, 52.184155673479125 ], [ 20.863661780949382, 52.184155671248789 ], [ 20.863661793983074, 52.184155668243299 ], [ 20.863661806492967, 52.184155664489857 ], [ 20.863661818365777, 52.184155660022491 ], [ 20.863661829493967, 52.184155654881629 ], [ 20.863661839776778, 52.184155649113848 ], [ 20.863661849121065, 52.184155642771358 ], [ 20.863661857442228, 52.184155635911608 ], [ 20.863661864664891, 52.184155628596734 ], [ 20.865678434531112, 52.181875156541189 ], [ 20.865678436291265, 52.181875154758366 ], [ 20.865678439674745, 52.181875154605585 ], [ 20.869899496183017, 52.18180831141283 ], [ 20.869899510065455, 52.181808310785463 ], [ 20.869899523788028, 52.181808309349769 ], [ 20.869899537226448, 52.181808307118715 ], [ 20.869899550259017, 52.181808304112543 ], [ 20.869899562767717, 52.181808300358462 ], [ 20.869899574639266, 52.18180829589047 ], [ 20.869899585766149, 52.181808290749039 ], [ 20.869899596047592, 52.181808284980697 ], [ 20.869899605390504, 52.181808278637732 ], [ 20.869899613710263, 52.181808271777541 ], [ 20.869899620931523, 52.181808264462319 ], [ 20.871915765754398, 52.179527688969237 ], [ 20.871915767514214, 52.179527687186329 ], [ 20.871915770897488, 52.179527687033364 ], [ 20.876136671078982, 52.179460621525251 ], [ 20.876136674470587, 52.179460621570563 ], [ 20.876136676377858, 52.179460623295221 ], [ 20.878341775792443, 52.181674123774322 ], [ 20.878341783618819, 52.18167413085046 ], [ 20.878341792503974, 52.181674137437234 ], [ 20.878341802367444, 52.181674143475028 ], [ 20.878341813119903, 52.181674148909124 ], [ 20.87834182466397, 52.181674153690317 ], [ 20.87834183689511, 52.18167415777534 ], [ 20.878341849702554, 52.181674161127141 ], [ 20.878341862970302, 52.181674163715421 ], [ 20.878341876578222, 52.181674165516704 ], [ 20.878341890403057, 52.181674166514703 ], [ 20.878341904319612, 52.181674166700361 ], [ 20.882562830281579, 52.181606871951566 ], [ 20.88256284416374, 52.1816068713227 ], [ 20.882562857885802, 52.181606869885549 ], [ 20.88256287132349, 52.181606867653066 ], [ 20.882562884355114, 52.181606864645495 ], [ 20.882562896862659, 52.181606860890078 ], [ 20.882562908732844, 52.181606856420821 ], [ 20.882562919858188, 52.181606851278218 ], [ 20.882562930137922, 52.181606845508789 ], [ 20.882562939478969, 52.181606839164829 ], [ 20.882562947796711, 52.181606832303792 ], [ 20.882562955015839, 52.181606824987774 ], [ 20.884578437492817, 52.179326039298608 ], [ 20.88457843925211, 52.179326037515501 ], [ 20.88457844263532, 52.179326037362188 ], [ 20.888799293052447, 52.179258519042861 ], [ 20.888799296444045, 52.179258519087817 ], [ 20.888799298351795, 52.179258520812269 ], [ 20.891005010331511, 52.18147177861217 ], [ 20.891005018159838, 52.181471785687449 ], [ 20.891005027046806, 52.181471792273264 ], [ 20.891005036911913, 52.181471798309978 ], [ 20.891005047665836, 52.181471803742909 ], [ 20.891005059211189, 52.181471808522851 ], [ 20.891005071443395, 52.181471812606539 ], [ 20.891005084251699, 52.181471815956968 ], [ 20.891005097520083, 52.18147181854382 ], [ 20.891005111128411, 52.181471820343639 ], [ 20.891005124953427, 52.181471821340146 ], [ 20.891005138869939, 52.181471821524305 ], [ 20.895226014893712, 52.181404073951441 ], [ 20.895226028775593, 52.181404073321104 ], [ 20.895226042497146, 52.181404071882461 ], [ 20.895226055934099, 52.181404069648543 ], [ 20.895226068964774, 52.18140406663958 ], [ 20.895226081471158, 52.181404062882848 ], [ 20.895226093339993, 52.181404058412326 ], [ 20.895226104463791, 52.181404053268515 ], [ 20.895226114741821, 52.181404047498027 ], [ 20.895226124080988, 52.18140404115308 ], [ 20.895226132396726, 52.181404034291155 ], [ 20.895226139613722, 52.181404026974398 ], [ 20.897240959603835, 52.179123031204426 ], [ 20.897240961362602, 52.179123029421142 ], [ 20.897240964745752, 52.17912302926743 ], [ 20.901461765064443, 52.179055058149245 ], [ 20.901461768456027, 52.179055058193853 ], [ 20.901461770364254, 52.179055059918085 ], [ 20.903668094715886, 52.181268074935836 ], [ 20.903668102546167, 52.181268082010249 ], [ 20.903668111434932, 52.181268088595104 ], [ 20.903668121301692, 52.181268094630724 ], [ 20.903668132057078, 52.181268100062489 ], [ 20.903668143603692, 52.18126810484118 ], [ 20.903668155836979, 52.181268108923561 ], [ 20.903668168646131, 52.181268112272591 ], [ 20.903668181915162, 52.181268114858007 ], [ 20.903668195523895, 52.181268116656362 ], [ 20.9036682093491, 52.181268117651392 ], [ 20.903668223265562, 52.181268117834051 ], [ 20.907889049017026, 52.18119991744949 ], [ 20.907889062898629, 52.181199916817661 ], [ 20.907889076619668, 52.181199915377555 ], [ 20.907889090055892, 52.181199913142216 ], [ 20.907889103085616, 52.181199910131852 ], [ 20.907889115590841, 52.181199906373784 ], [ 20.907889127458319, 52.181199901901998 ], [ 20.907889138580575, 52.181199896757015 ], [ 20.907889148856881, 52.18119989098544 ], [ 20.907889158194184, 52.181199884639504 ], [ 20.907889166507911, 52.181199877776706 ], [ 20.907889173722776, 52.181199870459203 ], [ 20.909903331085243, 52.17891866472376 ], [ 20.909903332843498, 52.178918662940298 ], [ 20.909903336226563, 52.178918662786238 ], [ 20.914124005178284, 52.178850240195111 ], [ 20.914124019059045, 52.178850239562543 ], [ 20.914124032779142, 52.178850238121726 ], [ 20.914124046214329, 52.178850235885669 ], [ 20.91412405924293, 52.178850232874638 ], [ 20.914124071746958, 52.178850229115916 ], [ 20.914124083613178, 52.178850224643512 ], [ 20.91412409473412, 52.178850219497946 ], [ 20.914124105009069, 52.178850213725838 ], [ 20.914124114344983, 52.178850207379426 ], [ 20.914124122657316, 52.178850200516209 ], [ 20.914124129870778, 52.178850193198329 ], [ 20.916137823693688, 52.176568928039323 ], [ 20.916137829742308, 52.176568920332961 ], [ 20.916137834572005, 52.176568912307992 ], [ 20.916137838139047, 52.176568904037126 ], [ 20.916137840411114, 52.176568895595267 ], [ 20.91613784136764, 52.176568887058849 ], [ 20.916137840999955, 52.176568878505179 ], [ 20.9161378393114, 52.176568870011735 ], [ 20.916137836317262, 52.176568861655433 ], [ 20.916137832044651, 52.176568853511931 ], [ 20.916137826532267, 52.176568845655005 ], [ 20.916137819830034, 52.176568838155795 ], [ 20.913931121085849, 52.174356058534492 ], [ 20.913931119452535, 52.174356056706735 ], [ 20.913931120926744, 52.174356054828543 ], [ 20.915944666281554, 52.172074749462531 ], [ 20.915944672329623, 52.172074741756155 ], [ 20.91594467715889, 52.172074733731215 ], [ 20.915944680725627, 52.172074725460334 ], [ 20.91594468299752, 52.172074717018475 ], [ 20.91594468395401, 52.172074708482057 ], [ 20.915944683586424, 52.172074699928388 ], [ 20.915944681898097, 52.172074691434922 ], [ 20.915944678904314, 52.172074683078613 ], [ 20.915944674632197, 52.172074674935089 ], [ 20.915944669120424, 52.172074667078149 ], [ 20.915944662418916, 52.172074659578897 ], [ 20.913738201396217, 52.169861872470136 ], [ 20.913738199763081, 52.169861870642364 ], [ 20.913738201237155, 52.169861868764173 ], [ 20.915751598159602, 52.167580523189514 ], [ 20.915751599917183, 52.167580521405959 ], [ 20.915751603299373, 52.16758052125175 ], [ 20.919971184963497, 52.167511899885596 ], [ 20.919971198840628, 52.167511899252403 ], [ 20.919971212557044, 52.167511897810911 ], [ 20.919971225988519, 52.167511895574229 ], [ 20.919971239013417, 52.167511892562587 ], [ 20.919971251513779, 52.167511888803254 ], [ 20.919971263376404, 52.167511884330324 ], [ 20.919971274493864, 52.167511879184232 ], [ 20.919971284765474, 52.16751187341162 ], [ 20.919971294098211, 52.167511867064746 ], [ 20.919971302407557, 52.167511860201152 ], [ 20.919971309618266, 52.167511852882924 ], [ 20.921984243291487, 52.165230447960987 ], [ 20.921984245048723, 52.165230446177333 ], [ 20.921984248430707, 52.16523044602296 ], [ 20.926203592391033, 52.165161603905005 ], [ 20.926203606267325, 52.165161603271052 ], [ 20.926203619982804, 52.165161601828871 ], [ 20.926203633413238, 52.165161599591485 ], [ 20.926203646437017, 52.165161596579146 ], [ 20.926203658936181, 52.165161592819182 ], [ 20.926203670797545, 52.165161588345626 ], [ 20.926203681913691, 52.165161583198973 ], [ 20.926203692183943, 52.16516157742582 ], [ 20.926203701515302, 52.165161571078507 ], [ 20.926203709823248, 52.165161564214444 ], [ 20.926203717032557, 52.165161556895839 ], [ 20.928216187541199, 52.162880092676275 ], [ 20.928216193585925, 52.162880084969316 ], [ 20.928216198412013, 52.162880076943871 ], [ 20.928216201975776, 52.162880068672671 ], [ 20.928216204244915, 52.162880060230592 ], [ 20.928216205198904, 52.162880051694074 ], [ 20.928216204829091, 52.162880043140447 ], [ 20.928216203138824, 52.162880034647173 ], [ 20.928216200143421, 52.16288002629117 ], [ 20.928216195869989, 52.162880018148115 ], [ 20.928216190357247, 52.162880010291737 ], [ 20.928216183655117, 52.162880002793173 ], [ 20.926009586529176, 52.160667443541982 ], [ 20.926009584895887, 52.160667441714374 ], [ 20.926009586369144, 52.160667439836047 ], [ 20.928021947288165, 52.158385891685441 ], [ 20.928021949044904, 52.158385889901709 ], [ 20.928021952426345, 52.158385889747152 ], [ 20.932240634181131, 52.158316838026629 ], [ 20.932240648055195, 52.158316837392007 ], [ 20.932240661768354, 52.158316835949122 ], [ 20.932240675196418, 52.158316833711069 ], [ 20.932240688217785, 52.158316830698105 ], [ 20.932240700714523, 52.158316826937515 ], [ 20.932240712573464, 52.158316822463362 ], [ 20.932240723687212, 52.158316817316148 ], [ 20.932240733955116, 52.158316811542498 ], [ 20.932240743284193, 52.158316805194708 ], [ 20.932240751589958, 52.15831679833024 ], [ 20.932240758797182, 52.158316791011295 ], [ 20.934252656726972, 52.156035183623381 ], [ 20.934252658483363, 52.15603518183957 ], [ 20.934252661864594, 52.156035181684828 ], [ 20.938471186778472, 52.155965907995821 ], [ 20.9384711901683, 52.155965908039363 ], [ 20.938471192076936, 52.155965909762969 ], [ 20.940678162518417, 52.158178233645728 ], [ 20.940678170350356, 52.158178240717696 ], [ 20.940678179239821, 52.158178247299752 ], [ 20.940678189106322, 52.158178253332316 ], [ 20.940678199860486, 52.158178258760749 ], [ 20.940678211404926, 52.158178263535852 ], [ 20.940678223635111, 52.158178267614417 ], [ 20.940678236440256, 52.158178270959489 ], [ 20.940678249704415, 52.158178273540798 ], [ 20.940678263307465, 52.158178275334947 ], [ 20.940678277126203, 52.1581782763257 ], [ 20.940678291035496, 52.15817827650406 ], [ 20.944896840708413, 52.158108773695709 ], [ 20.944896854582186, 52.158108773059581 ], [ 20.944896868294833, 52.158108771615247 ], [ 20.944896881722165, 52.158108769375765 ], [ 20.94489689474258, 52.158108766361401 ], [ 20.94489690723816, 52.158108762599497 ], [ 20.944896919095743, 52.158108758124051 ], [ 20.944896930207946, 52.158108752975686 ], [ 20.944896940474138, 52.158108747200941 ], [ 20.944896949801343, 52.158108740852164 ], [ 20.944896958105097, 52.158108733986836 ], [ 20.944896965310193, 52.158108726667137 ], [ 20.94690820107008, 52.155826909824981 ], [ 20.946908202825956, 52.155826908040986 ], [ 20.946908206207116, 52.155826907885888 ], [ 20.951126598885253, 52.155757183150158 ], [ 20.951126612758198, 52.155757182513305 ], [ 20.951126626469907, 52.155757181068253 ], [ 20.951126639896199, 52.155757178828075 ], [ 20.951126652915484, 52.155757175813044 ], [ 20.951126665409873, 52.155757172050471 ], [ 20.951126677266192, 52.155757167574436 ], [ 20.951126688377084, 52.155757162425473 ], [ 20.951126698641925, 52.155757156650203 ], [ 20.951126707967742, 52.155757150300943 ], [ 20.9511267162701, 52.155757143435189 ], [ 20.951126723473795, 52.155757136115128 ], [ 20.953137496359687, 52.153475260163482 ], [ 20.953137502398839, 52.153475252455266 ], [ 20.953137507219452, 52.153475244428869 ], [ 20.953137510777857, 52.153475236156936 ], [ 20.953137513041842, 52.153475227714431 ], [ 20.9531375139909, 52.15347521917775 ], [ 20.953137513616436, 52.153475210624258 ], [ 20.953137511921835, 52.153475202131368 ], [ 20.953137508922456, 52.153475193776018 ], [ 20.953137504645447, 52.153475185633873 ], [ 20.95313749912955, 52.153475177778681 ], [ 20.953137492424723, 52.153475170281574 ], [ 20.950930149112253, 52.15126308179174 ], [ 20.950930147478307, 52.151263079964473 ], [ 20.95093014895021, 52.15126307808584 ], [ 20.952940812625922, 52.148981118251157 ], [ 20.952940814381293, 52.148981116467077 ], [ 20.952940817761917, 52.148981116311816 ], [ 20.957158548305983, 52.148911182270147 ], [ 20.957158562176694, 52.148911181632627 ], [ 20.957158575886091, 52.148911180186893 ], [ 20.957158589310009, 52.148911177946047 ], [ 20.957158602326892, 52.148911174930355 ], [ 20.957158614818848, 52.148911171167171 ], [ 20.957158626672744, 52.14891116669056 ], [ 20.957158637781241, 52.148911161541044 ], [ 20.957158648043727, 52.148911155765276 ], [ 20.95715865736728, 52.148911149415532 ], [ 20.95715866566745, 52.148911142549359 ], [ 20.957158672869067, 52.14891113522895 ], [ 20.959168873846096, 52.146629116345018 ], [ 20.959168875601115, 52.146629114560852 ], [ 20.959168878981529, 52.146629114405414 ], [ 20.9633863716065, 52.146558959880828 ], [ 20.963386385476376, 52.146558959242583 ], [ 20.963386399184834, 52.146558957796117 ], [ 20.963386412607715, 52.146558955554568 ], [ 20.963386425623469, 52.146558952538221 ], [ 20.963386438114231, 52.146558948774391 ], [ 20.963386449966869, 52.146558944297148 ], [ 20.963386461074055, 52.146558939147056 ], [ 20.963386471335191, 52.146558933370748 ], [ 20.963386480657352, 52.146558927020543 ], [ 20.963386488956125, 52.14655892015395 ], [ 20.963386496156346, 52.14655891283315 ], [ 20.965396273056481, 52.144276791187821 ], [ 20.965396274811159, 52.144276789403555 ], [ 20.965396278191378, 52.14427678924794 ], [ 20.969613532850754, 52.144206414279381 ], [ 20.969613546719792, 52.144206413640418 ], [ 20.969613560427298, 52.144206412193249 ], [ 20.969613573849148, 52.144206409950975 ], [ 20.969613586863783, 52.144206406933954 ], [ 20.969613599353348, 52.144206403169484 ], [ 20.969613611204736, 52.144206398691615 ], [ 20.9696136223106, 52.144206393540955 ], [ 20.969613632570383, 52.144206387764129 ], [ 20.969613641891165, 52.144206381413447 ], [ 20.969613650188542, 52.144206374546407 ], [ 20.969613657387359, 52.14420636722523 ], [ 20.971623010275152, 52.141924142863523 ], [ 20.971623012029493, 52.141924141079166 ], [ 20.971623015409499, 52.141924140923372 ], [ 20.975840032056837, 52.141853545549807 ], [ 20.975840045925036, 52.14185354491012 ], [ 20.975840059631604, 52.141853543462233 ], [ 20.975840073052414, 52.14185354121927 ], [ 20.975840086065929, 52.141853538201552 ], [ 20.975840098554301, 52.141853534436436 ], [ 20.97584011040442, 52.141853529957977 ], [ 20.975840121508977, 52.141853524806734 ], [ 20.975840131767409, 52.141853519029368 ], [ 20.97584014108681, 52.141853512678203 ], [ 20.975840149382783, 52.141853505810751 ], [ 20.975840156580205, 52.141853498489198 ], [ 20.977849046999371, 52.139571215221842 ], [ 20.977849053032401, 52.139571207512418 ], [ 20.977849057847099, 52.139571199485047 ], [ 20.977849061399873, 52.139571191212397 ], [ 20.977849063658535, 52.139571182769444 ], [ 20.977849064602633, 52.1395711742326 ], [ 20.977849064223619, 52.139571165679207 ], [ 20.977849062524928, 52.139571157186701 ], [ 20.977849059521944, 52.139571148831998 ], [ 20.977849055241855, 52.139571140690762 ], [ 20.977849049723424, 52.139571132836757 ], [ 20.977849043016629, 52.139571125341035 ], [ 20.975641193353511, 52.137359500032005 ], [ 20.975641191719085, 52.137359498205115 ], [ 20.975641193189496, 52.137359496326162 ], [ 20.977649936299567, 52.135077172988282 ], [ 20.977649942332047, 52.135077165278872 ], [ 20.977649947146325, 52.135077157251509 ], [ 20.977649950698794, 52.135077148978887 ], [ 20.97764995295729, 52.135077140535913 ], [ 20.977649953901356, 52.135077131999068 ], [ 20.977649953522448, 52.135077123445654 ], [ 20.977649951823985, 52.135077114953127 ], [ 20.977649948821359, 52.135077106598438 ], [ 20.977649944541756, 52.135077098457188 ], [ 20.977649939023941, 52.13507709060314 ], [ 20.977649932317874, 52.135077083107404 ], [ 20.97544232064865, 52.132865450121542 ], [ 20.975442319014398, 52.132865448294609 ], [ 20.975442320484671, 52.132865446415678 ], [ 20.977450877807296, 52.130583126771278 ], [ 20.977450883839222, 52.130583119061896 ], [ 20.977450888653074, 52.130583111034525 ], [ 20.977450892205248, 52.130583102761904 ], [ 20.977450894463573, 52.130583094318936 ], [ 20.977450895407607, 52.130583085782092 ], [ 20.977450895028795, 52.130583077228671 ], [ 20.977450893330559, 52.130583068736129 ], [ 20.977450890328299, 52.130583060381419 ], [ 20.977450886049187, 52.130583052240155 ], [ 20.977450880531983, 52.130583044386078 ], [ 20.977450873826648, 52.130583036890343 ], [ 20.975243500086762, 52.128371396228765 ], [ 20.975243498452691, 52.128371394401853 ], [ 20.97524349992284, 52.128371392522922 ], [ 20.977251871504365, 52.126089076570899 ], [ 20.977251877535743, 52.126089068861518 ], [ 20.977251882349162, 52.126089060834154 ], [ 20.977251885901037, 52.126089052561539 ], [ 20.977251888159202, 52.126089044118565 ], [ 20.977251889103197, 52.126089035581714 ], [ 20.977251888724485, 52.1260890270283 ], [ 20.977251887026483, 52.126089018535765 ], [ 20.977251884024586, 52.126089010181019 ], [ 20.97725187974596, 52.126089002039741 ], [ 20.977251874229367, 52.126088994185636 ], [ 20.977251867524764, 52.126088986689879 ], [ 20.9750447316497, 52.123877338353807 ], [ 20.975044730015806, 52.123877336526888 ], [ 20.975044731485813, 52.123877334647965 ], [ 20.977052955879213, 52.121594978621751 ], [ 20.977052957632552, 52.121594976837301 ], [ 20.977052961011005, 52.121594976681358 ], [ 20.981268044954412, 52.121524206486463 ], [ 20.981268058816209, 52.121524205846185 ], [ 20.981268072516361, 52.121524204397737 ], [ 20.981268085930797, 52.121524202154212 ], [ 20.981268098938045, 52.121524199135969 ], [ 20.981268111420302, 52.121524195370313 ], [ 20.98126812326452, 52.121524190891336 ], [ 20.98126813436345, 52.121524185739609 ], [ 20.981268144616564, 52.121524179961817 ], [ 20.981268153931016, 52.121524173610254 ], [ 20.981268162222452, 52.121524166742439 ], [ 20.981268169415785, 52.121524159420588 ], [ 20.98327589336056, 52.119241788363766 ], [ 20.983275899389991, 52.119241780654072 ], [ 20.983275904201623, 52.119241772626495 ], [ 20.983275907751864, 52.119241764353681 ], [ 20.983275910008576, 52.119241755910593 ], [ 20.98327591095131, 52.119241747373707 ], [ 20.983275910571539, 52.119241738820307 ], [ 20.983275908872692, 52.11924173032785 ], [ 20.983275905870162, 52.119241721973268 ], [ 20.983275901591135, 52.119241713832196 ], [ 20.983275896074364, 52.119241705978368 ], [ 20.983275889369825, 52.119241698482945 ], [ 20.98106880570208, 52.117030160107028 ], [ 20.981068804068194, 52.117030158280194 ], [ 20.981068805537735, 52.117030156401185 ], [ 20.983076382447262, 52.114747745283594 ], [ 20.983076388476146, 52.114747737573907 ], [ 20.983076393287355, 52.114747729546323 ], [ 20.983076396837294, 52.114747721273517 ], [ 20.983076399093839, 52.11474771283045 ], [ 20.983076400036541, 52.114747704293542 ], [ 20.983076399656866, 52.114747695740135 ], [ 20.983076397958254, 52.114747687247664 ], [ 20.983076394956083, 52.114747678893039 ], [ 20.983076390677546, 52.114747670751996 ], [ 20.98307638516139, 52.114747662898147 ], [ 20.983076378457564, 52.114747655402674 ], [ 20.98086953257198, 52.112536109335331 ], [ 20.980869530938275, 52.112536107508497 ], [ 20.980869532407677, 52.112536105629481 ], [ 20.982876923825877, 52.110253698216795 ], [ 20.982876929854211, 52.110253690507115 ], [ 20.982876934664983, 52.110253682479538 ], [ 20.982876938214634, 52.110253674206753 ], [ 20.982876940471009, 52.110253665763693 ], [ 20.982876941413679, 52.110253657226764 ], [ 20.9828769410341, 52.11025364867335 ], [ 20.982876939335725, 52.110253640180879 ], [ 20.982876936333913, 52.110253631826247 ], [ 20.982876932055863, 52.110253623685153 ], [ 20.982876926540321, 52.110253615831283 ], [ 20.982876919837224, 52.11025360833581 ], [ 20.980670311669325, 52.108042054578185 ], [ 20.980670310035801, 52.108042052751337 ], [ 20.980670311505065, 52.108042050872335 ], [ 20.982677517478194, 52.105759647163438 ], [ 20.982677523505977, 52.105759639453787 ], [ 20.982677528316326, 52.105759631426196 ], [ 20.982677531865679, 52.105759623153411 ], [ 20.982677534121887, 52.105759614710337 ], [ 20.982677535064521, 52.105759606173422 ], [ 20.982677534685045, 52.105759597620015 ], [ 20.982677532986902, 52.105759589127508 ], [ 20.982677529985452, 52.10575958077289 ], [ 20.982677525707896, 52.105759572631776 ], [ 20.982677520192958, 52.105759564777877 ], [ 20.982677513490589, 52.105759557282369 ], [ 20.980471142975933, 52.103547995835655 ], [ 20.980471141342584, 52.103547994008785 ], [ 20.980471142811723, 52.103547992129798 ], [ 20.982478201870297, 52.101265548356444 ], [ 20.982478203622652, 52.101265546571938 ], [ 20.982478206999538, 52.101265546415846 ], [ 20.986691360481597, 52.101194601683119 ], [ 20.986691374336999, 52.101194601042259 ], [ 20.986691388030739, 52.101194599593242 ], [ 20.986691401438819, 52.101194597349163 ], [ 20.986691414439804, 52.101194594330366 ], [ 20.986691426915954, 52.101194590564198 ], [ 20.986691438754281, 52.101194586084716 ], [ 20.986691449847584, 52.101194580932557 ], [ 20.98669146009539, 52.10119457515431 ], [ 20.986691469404903, 52.101194568802335 ], [ 20.98669147769181, 52.101194561934165 ], [ 20.98669148488106, 52.101194554612007 ], [ 20.988698082519189, 52.098912052150695 ], [ 20.988698084271196, 52.098912050366081 ], [ 20.988698087647879, 52.098912050209833 ], [ 20.992911084280721, 52.098840884103886 ], [ 20.992911087666233, 52.098840884145886 ], [ 20.992911089574442, 52.098840885868668 ], [ 20.995117830665436, 52.101052212145866 ], [ 20.995117838495631, 52.101052219214303 ], [ 20.995117847381422, 52.101052225792351 ], [ 20.995117857242317, 52.101052231820489 ], [ 20.995117867989027, 52.101052237244062 ], [ 20.995117879524223, 52.101052242013985 ], [ 20.995117891743437, 52.101052246087029 ], [ 20.995117904536016, 52.101052249426367 ], [ 20.995117917786104, 52.101052252001715 ], [ 20.995117931373713, 52.101052253789746 ], [ 20.995117945175785, 52.101052254774288 ], [ 20.995117959067326, 52.101052254946424 ], [ 20.999331060091535, 52.100980858756508 ], [ 20.999331063477207, 52.100980858798351 ], [ 20.999331065385764, 52.100980860520998 ], [ 21.001538229390814, 52.103192061457584 ], [ 21.001538237222395, 52.103192068525566 ], [ 21.001538246109551, 52.103192075103117 ], [ 21.001538255971777, 52.103192081130679 ], [ 21.00153826671977, 52.103192086553669 ], [ 21.001538278256191, 52.103192091322924 ], [ 21.001538290476564, 52.103192095395308 ], [ 21.001538303270227, 52.103192098733935 ], [ 21.001538316521302, 52.103192101308544 ], [ 21.001538330109796, 52.103192103095836 ], [ 21.001538343912646, 52.103192104079611 ], [ 21.001538357804865, 52.103192104250986 ], [ 21.005751563149214, 52.103120477955287 ], [ 21.005751577004883, 52.103120477312181 ], [ 21.00575159069853, 52.103120475860962 ], [ 21.005751604106173, 52.103120473614709 ], [ 21.005751617106366, 52.103120470593836 ], [ 21.005751629581383, 52.103120466825644 ], [ 21.005751641418257, 52.103120462344279 ], [ 21.005751652509787, 52.103120457190329 ], [ 21.005751662755518, 52.103120451410454 ], [ 21.005751672062676, 52.103120445057009 ], [ 21.005751680346961, 52.103120438187531 ], [ 21.005751687533365, 52.103120430864244 ], [ 21.007757386719945, 52.10083761377583 ], [ 21.007757388471259, 52.100837611990947 ], [ 21.00775739184801, 52.100837611834159 ], [ 21.011970520871532, 52.100765762826626 ], [ 21.01197052425719, 52.100765762868086 ], [ 21.011970526166213, 52.100765764590534 ], [ 21.014178298124705, 52.102976722496514 ], [ 21.014178305958232, 52.102976729563643 ], [ 21.014178314847172, 52.102976736140228 ], [ 21.014178324711029, 52.102976742166717 ], [ 21.014178335460471, 52.102976747588521 ], [ 21.014178346998154, 52.102976752356547 ], [ 21.014178359219581, 52.102976756427623 ], [ 21.014178372014083, 52.10297675976485 ], [ 21.014178385265787, 52.102976762338031 ], [ 21.014178398854686, 52.102976764123866 ], [ 21.014178412657714, 52.102976765106149 ], [ 21.014178426549858, 52.10297676527604 ], [ 21.018391659722614, 52.102904686134359 ], [ 21.018391663108439, 52.102904686175656 ], [ 21.018391665017795, 52.102904687897983 ], [ 21.020599859918054, 52.105115520346686 ], [ 21.020599867752971, 52.105115527413382 ], [ 21.020599876643278, 52.105115533989469 ], [ 21.020599886508464, 52.10511554001539 ], [ 21.020599897259192, 52.105115545436597 ], [ 21.020599908798097, 52.105115550203976 ], [ 21.020599921020683, 52.105115554274363 ], [ 21.020599933816261, 52.105115557610887 ], [ 21.020599947068956, 52.105115560183336 ], [ 21.020599960658743, 52.105115561968425 ], [ 21.020599974462549, 52.105115562949948 ], [ 21.020599988355368, 52.105115563119078 ], [ 21.02481332560604, 52.105043253821471 ], [ 21.024813339461961, 52.105043253176127 ], [ 21.024813353155526, 52.105043251722691 ], [ 21.024813366562718, 52.105043249474285 ], [ 21.024813379562122, 52.105043246451309 ], [ 21.024813392036013, 52.105043242681106 ], [ 21.024813403871427, 52.105043238197858 ], [ 21.024813414961173, 52.105043233042132 ], [ 21.024813425204833, 52.105043227260609 ], [ 21.024813434509625, 52.105043220905685 ], [ 21.024813442791295, 52.105043214034907 ], [ 21.024813449974843, 52.105043206710477 ], [ 21.026818250147436, 52.102760075204841 ], [ 21.026818251898053, 52.102760073419695 ], [ 21.026818255274865, 52.102760073262345 ], [ 21.031031515942434, 52.102687541273419 ], [ 21.031031519328241, 52.102687541314317 ], [ 21.03103152123807, 52.10268754303646 ], [ 21.033240323879607, 52.104898132281427 ], [ 21.03324033171646, 52.104898139347256 ], [ 21.03324034060855, 52.104898145922377 ], [ 21.033240350475371, 52.104898151947225 ], [ 21.033240361227545, 52.104898157367266 ], [ 21.033240372767704, 52.104898162133388 ], [ 21.033240384991352, 52.10489816620246 ], [ 21.033240397787768, 52.104898169537613 ], [ 21.033240411041085, 52.104898172108634 ], [ 21.03324042463127, 52.104898173892245 ], [ 21.033240438435243, 52.104898174872311 ], [ 21.033240452328005, 52.104898175039935 ], [ 21.037453816902481, 52.104825412866752 ], [ 21.037453820288444, 52.104825412907488 ], [ 21.037453822198618, 52.104825414629495 ], [ 21.03966304780937, 52.107035878300564 ], [ 21.039663055647608, 52.107035885365946 ], [ 21.03966306454107, 52.107035891940569 ], [ 21.039663074409216, 52.107035897964884 ], [ 21.039663085162672, 52.1070359033843 ], [ 21.039663096704064, 52.10703590814979 ], [ 21.039663108928863, 52.10703591221818 ], [ 21.039663121726363, 52.107035915552601 ], [ 21.039663134980664, 52.107035918122897 ], [ 21.039663148571737, 52.107035919905755 ], [ 21.039663162376499, 52.107035920885068 ], [ 21.039663176269926, 52.107035921051931 ], [ 21.043876725477876, 52.106962927271603 ], [ 21.043876728864003, 52.106962927312139 ], [ 21.04387673077451, 52.106962929034054 ], [ 21.046086379400457, 52.109173267085531 ], [ 21.046086387240081, 52.109173274150457 ], [ 21.046086396134911, 52.109173280724569 ], [ 21.046086406004395, 52.109173286748309 ], [ 21.046086416759131, 52.109173292167164 ], [ 21.046086428301749, 52.109173296931992 ], [ 21.046086440527706, 52.109173300999693 ], [ 21.046086453326279, 52.10917330433341 ], [ 21.046086466581571, 52.109173306902967 ], [ 21.046086480173528, 52.109173308685094 ], [ 21.046086493979065, 52.109173309663625 ], [ 21.046086507873163, 52.109173309829721 ], [ 21.050300160848394, 52.109100085814333 ], [ 21.050300174705125, 52.10910008516602 ], [ 21.050300188399017, 52.109100083709585 ], [ 21.05030020180606, 52.109100081458287 ], [ 21.050300214804828, 52.109100078432498 ], [ 21.050300227277617, 52.109100074659622 ], [ 21.050300239111465, 52.109100070173824 ], [ 21.0503002501992, 52.109100065015717 ], [ 21.050300260440416, 52.109100059232034 ], [ 21.050300269742358, 52.109100052875128 ], [ 21.050300278020792, 52.109100046002581 ], [ 21.050300285200748, 52.109100038676637 ], [ 21.052303947304971, 52.106816486980236 ], [ 21.052303949054718, 52.106816485194742 ], [ 21.052303952431721, 52.10681648503666 ], [ 21.056517447661129, 52.106743039755344 ], [ 21.056517461517014, 52.106743039106277 ], [ 21.056517475209969, 52.10674303764916 ], [ 21.05651748861597, 52.106743035397159 ], [ 21.056517501613619, 52.106743032370694 ], [ 21.056517514085215, 52.106743028597165 ], [ 21.056517525917801, 52.106743024110763 ], [ 21.056517537004225, 52.106743018952073 ], [ 21.056517547244084, 52.106743013167858 ], [ 21.056517556544652, 52.106743006810468 ], [ 21.056517564821693, 52.106742999937524 ], [ 21.056517572000253, 52.106742992611203 ], [ 21.05852081110806, 52.104459338843782 ], [ 21.058520812857466, 52.104459337058167 ], [ 21.058520816234271, 52.104459336899922 ], [ 21.062734072870107, 52.104385671794397 ], [ 21.062734086725154, 52.104385671144605 ], [ 21.062734100417156, 52.104385669686771 ], [ 21.062734113822124, 52.104385667434073 ], [ 21.062734126818658, 52.104385664406934 ], [ 21.062734139289049, 52.104385660632758 ], [ 21.062734151120381, 52.104385656145723 ], [ 21.062734162205494, 52.10438565098648 ], [ 21.062734172443999, 52.104385645201724 ], [ 21.062734181743188, 52.10438563884388 ], [ 21.062734190018833, 52.10438563197048 ], [ 21.062734197195994, 52.104385624643818 ], [ 21.064737013372152, 52.102101868850255 ], [ 21.064737015121217, 52.102101867064555 ], [ 21.064737018497816, 52.102101866906132 ], [ 21.068950036494225, 52.102027982015386 ], [ 21.068950050348423, 52.102027981364863 ], [ 21.068950064039488, 52.10202797990631 ], [ 21.068950077443414, 52.102027977652924 ], [ 21.068950090438825, 52.102027974625116 ], [ 21.068950102908026, 52.102027970850294 ], [ 21.068950114738094, 52.102027966362648 ], [ 21.0689501258219, 52.102027961202822 ], [ 21.068950136059051, 52.102027955417547 ], [ 21.068950145356858, 52.102027949059199 ], [ 21.068950153631111, 52.102027942185408 ], [ 21.068950160806875, 52.10202793485837 ], [ 21.070952554116143, 52.099744077083592 ], [ 21.070952555864867, 52.099744075297799 ], [ 21.07095255924126, 52.099744075139206 ], [ 21.075165338552406, 52.099669970502234 ], [ 21.075165352405769, 52.099669969850993 ], [ 21.075165366095892, 52.09966996839173 ], [ 21.075165379498781, 52.09966996613764 ], [ 21.075165392493073, 52.09966996310915 ], [ 21.075165404961073, 52.099669959333688 ], [ 21.07516541678989, 52.099669954845439 ], [ 21.075165427872374, 52.099669949685037 ], [ 21.075165438108183, 52.099669943899237 ], [ 21.075165447404615, 52.099669937540419 ], [ 21.075165455677467, 52.099669930666181 ], [ 21.075165462851835, 52.09966992333878 ], [ 21.077167433358984, 52.097385963627687 ], [ 21.07716743510737, 52.097385961841809 ], [ 21.077167438483553, 52.097385961683045 ], [ 21.081380059842289, 52.09731163591217 ], [ 21.081380063227694, 52.097311635951648 ], [ 21.081380065139207, 52.097311637672945 ], [ 21.083591057963687, 52.099521261088356 ], [ 21.083591065807443, 52.099521268150767 ], [ 21.083591074705744, 52.099521274722008 ], [ 21.083591084578018, 52.0995212807426 ], [ 21.08359109533485, 52.099521286157994 ], [ 21.083591106878838, 52.099521290919164 ], [ 21.083591119105431, 52.099521294982985 ], [ 21.083591131903905, 52.099521298312609 ], [ 21.083591145158351, 52.099521300877967 ], [ 21.083591158748735, 52.099521302655774 ], [ 21.083591172551987, 52.099521303629942 ], [ 21.083591186443098, 52.099521303791647 ], [ 21.087803910973857, 52.099446747790196 ], [ 21.087803914359419, 52.099446747829482 ], [ 21.08780391627127, 52.099446749550694 ], [ 21.090015331878806, 52.101656247129128 ], [ 21.090015339723941, 52.101656254191091 ], [ 21.090015348623613, 52.101656260761843 ], [ 21.090015358497215, 52.101656266781887 ], [ 21.090015369255337, 52.101656272196671 ], [ 21.090015380800548, 52.101656276957179 ], [ 21.090015393028295, 52.101656281020304 ], [ 21.090015405827842, 52.101656284349254 ], [ 21.090015419083276, 52.101656286913887 ], [ 21.090015432674548, 52.101656288690933 ], [ 21.090015446478578, 52.101656289664341 ], [ 21.090015460370349, 52.101656289825272 ], [ 21.094228368787263, 52.101581502136035 ], [ 21.094228372172985, 52.101581502175144 ], [ 21.09422837408518, 52.101581503896227 ], [ 21.096440212521475, 52.103790875592004 ], [ 21.096440220367995, 52.103790882653527 ], [ 21.096440229269035, 52.103790889223788 ], [ 21.09644023914397, 52.10379089524325 ], [ 21.096440249903367, 52.103790900657458 ], [ 21.096440261449811, 52.103790905417306 ], [ 21.096440273678709, 52.103790909479777 ], [ 21.096440286479332, 52.103790912808002 ], [ 21.09644029973575, 52.103790915371881 ], [ 21.096440313327911, 52.103790917148189 ], [ 21.096440327132711, 52.103790918120836 ], [ 21.096440341025158, 52.103790918281007 ], [ 21.100653352474151, 52.103715900310547 ], [ 21.100653366328309, 52.103715899656308 ], [ 21.100653380018741, 52.103715898194089 ], [ 21.100653393421471, 52.103715895937086 ], [ 21.100653406415123, 52.103715892905804 ], [ 21.100653418882018, 52.103715889127663 ], [ 21.100653430709254, 52.103715884636863 ], [ 21.100653441789728, 52.103715879474095 ], [ 21.100653452023082, 52.103715873686099 ], [ 21.10065346131665, 52.10371586732532 ], [ 21.100653469586263, 52.103715860449327 ], [ 21.100653476757035, 52.10371585312042 ], [ 21.102654307699044, 52.1014314740777 ], [ 21.102654309446553, 52.101431472291466 ], [ 21.102654312822935, 52.101431472131956 ], [ 21.106867246737632, 52.101356231623981 ], [ 21.106867250123344, 52.101356231662713 ], [ 21.106867252036004, 52.101356233383584 ], [ 21.109079739475302, 52.103565403625076 ], [ 21.109079741113863, 52.103565405450105 ], [ 21.109079739650184, 52.103565407330642 ], [ 21.107079147871929, 52.105849892162176 ], [ 21.107079141865782, 52.105849899877938 ], [ 21.107079137077921, 52.105849907910354 ], [ 21.107079133551704, 52.105849916186642 ], [ 21.107079131319061, 52.105849924631841 ], [ 21.107079130400219, 52.105849933169488 ], [ 21.107079130803495, 52.105849941722241 ], [ 21.107079132525236, 52.105849950212672 ], [ 21.10707913554986, 52.10584995856388 ], [ 21.107079139849954, 52.105849966700227 ], [ 21.107079145386603, 52.105849974548043 ], [ 21.107079152109641, 52.105849982036268 ], [ 21.10929183634472, 52.108059101828758 ], [ 21.109291837983452, 52.108059103653758 ], [ 21.109291836519635, 52.108059105534302 ], [ 21.107291061049978, 52.110343594396767 ], [ 21.107291055043287, 52.110343602112572 ], [ 21.107291050255004, 52.110343610144973 ], [ 21.107291046728495, 52.110343618421254 ], [ 21.107291044495692, 52.110343626866459 ], [ 21.107291043576819, 52.110343635404099 ], [ 21.107291043980204, 52.110343643956845 ], [ 21.107291045702187, 52.110343652447277 ], [ 21.10729104872717, 52.110343660798463 ], [ 21.107291053027769, 52.110343668934803 ], [ 21.107291058565028, 52.110343676782598 ], [ 21.107291065288798, 52.110343684270774 ], [ 21.109503946371227, 52.112552753614203 ], [ 21.109503954221367, 52.112552760674788 ], [ 21.10950396312608, 52.112552767244011 ], [ 21.109503973004706, 52.112552773262337 ], [ 21.109503983767802, 52.112552778675294 ], [ 21.109503995317887, 52.112552783433848 ], [ 21.109504007550363, 52.11255278749487 ], [ 21.109504020354446, 52.112552790821653 ], [ 21.109504033614179, 52.112552793384012 ], [ 21.109504047209491, 52.112552795158777 ], [ 21.109504061017251, 52.112552796129862 ], [ 21.109504074912422, 52.112552796288462 ], [ 21.113717957619446, 52.112477301197025 ], [ 21.113717961005996, 52.11247730123555 ], [ 21.113717962919409, 52.112477302956307 ], [ 21.115931309510664, 52.114686288621265 ], [ 21.115931317362197, 52.114686295681416 ], [ 21.115931326268271, 52.114686302250128 ], [ 21.115931336148236, 52.114686308267913 ], [ 21.11593134691261, 52.114686313680266 ], [ 21.115931358463921, 52.114686318438153 ], [ 21.115931370697545, 52.114686322498521 ], [ 21.115931383502708, 52.114686325824572 ], [ 21.115931396763433, 52.114686328386213 ], [ 21.115931410359625, 52.114686330160239 ], [ 21.115931424168163, 52.114686331130557 ], [ 21.115931438063999, 52.114686331288375 ], [ 21.120145504443055, 52.114610604338019 ], [ 21.120145507829776, 52.114610604376374 ], [ 21.120145509743519, 52.114610606097024 ], [ 21.122359279456795, 52.116819465675917 ], [ 21.122359287309717, 52.116819472735621 ], [ 21.122359296217155, 52.116819479303835 ], [ 21.122359306098449, 52.116819485321052 ], [ 21.122359316864106, 52.116819490732802 ], [ 21.122359328416639, 52.116819495490056 ], [ 21.122359340651421, 52.116819499549742 ], [ 21.122359353457657, 52.116819502875074 ], [ 21.122359366719362, 52.116819505435984 ], [ 21.122359380316446, 52.116819507209257 ], [ 21.122359394125763, 52.116819508178807 ], [ 21.122359408022266, 52.116819508335858 ], [ 21.126573658008304, 52.116743549493201 ], [ 21.126573661395188, 52.116743549531357 ], [ 21.126573663309266, 52.116743551251908 ], [ 21.128787856190165, 52.118952284698977 ], [ 21.128787864044472, 52.118952291758248 ], [ 21.128787872953282, 52.118952298325958 ], [ 21.128787882835908, 52.118952304342628 ], [ 21.128787893602848, 52.118952309753766 ], [ 21.128787905156603, 52.118952314510373 ], [ 21.128787917392543, 52.118952318569391 ], [ 21.128787930199852, 52.118952321894014 ], [ 21.128787943462545, 52.118952324454185 ], [ 21.12878795706051, 52.118952326226697 ], [ 21.128787970870611, 52.118952327195501 ], [ 21.128787984767769, 52.118952327351792 ], [ 21.133002418295703, 52.118876136583395 ], [ 21.133002421682743, 52.118876136621374 ], [ 21.133002423597166, 52.11887613834179 ], [ 21.135217039691266, 52.12108474561137 ], [ 21.135217047546959, 52.121084752670178 ], [ 21.135217056457133, 52.121084759237384 ], [ 21.135217066341088, 52.121084765253499 ], [ 21.135217077109314, 52.121084770664027 ], [ 21.135217088664298, 52.121084775419995 ], [ 21.135217100901389, 52.121084779478316 ], [ 21.135217113709775, 52.121084782802242 ], [ 21.135217126973448, 52.121084785361681 ], [ 21.135217140572301, 52.12108478713342 ], [ 21.135217154383177, 52.121084788101456 ], [ 21.135217168281006, 52.121084788257008 ], [ 21.139431785285691, 52.121008365529505 ], [ 21.139431788672894, 52.121008365567278 ], [ 21.139431790587658, 52.121008367287608 ], [ 21.141646872417759, 52.123216890682848 ], [ 21.141646874058377, 52.123216892507379 ], [ 21.141646872595455, 52.123216894388307 ], [ 21.139647111517473, 52.125501916211149 ], [ 21.139647105514456, 52.125501923928546 ], [ 21.139647100730489, 52.125501931962205 ], [ 21.139647097208883, 52.125501940239388 ], [ 21.139647094981544, 52.125501948685127 ], [ 21.139647094068643, 52.125501957222923 ], [ 21.139647094478441, 52.125501965775484 ], [ 21.13964709620722, 52.125501974265326 ], [ 21.13964709923934, 52.125501982615596 ], [ 21.13964710354734, 52.125501990750628 ], [ 21.139647109092191, 52.125501998596803 ], [ 21.139647115823692, 52.125502006083053 ], [ 21.141862395083329, 52.127710478936208 ], [ 21.141862396724122, 52.127710480760754 ], [ 21.141862395261079, 52.127710482641682 ], [ 21.139862450725964, 52.129995508582233 ], [ 21.139862444722404, 52.12999551629963 ], [ 21.13986243993801, 52.12999552433331 ], [ 21.139862436416117, 52.129995532610501 ], [ 21.139862434188622, 52.129995541056225 ], [ 21.139862433275688, 52.129995549594014 ], [ 21.139862433685597, 52.129995558146582 ], [ 21.139862435414617, 52.129995566636403 ], [ 21.139862438447111, 52.129995574986651 ], [ 21.1398624427556, 52.129995583121691 ], [ 21.139862448301077, 52.129995590967837 ], [ 21.13986245503331, 52.129995598454052 ], [ 21.142077931774264, 52.132204020765066 ], [ 21.142077939633037, 52.13220402782337 ], [ 21.142077948546472, 52.132204034390014 ], [ 21.142077958433841, 52.132204040405504 ], [ 21.142077969205602, 52.132204045815357 ], [ 21.142077980764206, 52.132204050570607 ], [ 21.142077993004982, 52.132204054628168 ], [ 21.142078005817059, 52.132204057951292 ], [ 21.14207801908443, 52.132204060509913 ], [ 21.142078032686936, 52.132204062280834 ], [ 21.142078046501382, 52.132204063248025 ], [ 21.142078060402667, 52.132204063402718 ], [ 21.14629370764905, 52.132127384023995 ], [ 21.146293711037099, 52.132127384061576 ], [ 21.146293712952605, 52.132127385781772 ], [ 21.148509698196175, 52.13433576647823 ], [ 21.14850969983749, 52.134335768302655 ], [ 21.148509698374514, 52.134335770183668 ], [ 21.146509810425119, 52.136620906025477 ], [ 21.146509804421857, 52.136620913743208 ], [ 21.146509799637997, 52.13662092177713 ], [ 21.146509796116856, 52.136620930054491 ], [ 21.146509793890328, 52.13662093850035 ], [ 21.14650979297857, 52.136620947038175 ], [ 21.146509793389843, 52.136620955590665 ], [ 21.146509795120426, 52.136620964080372 ], [ 21.146509798154636, 52.136620972430421 ], [ 21.146509802465005, 52.136620980565205 ], [ 21.1465098080125, 52.136620988411003 ], [ 21.146509814746871, 52.136620995896813 ], [ 21.148725955144752, 52.1388292836847 ], [ 21.148725963005763, 52.138829290742542 ], [ 21.148725971921504, 52.138829297308639 ], [ 21.148725981811246, 52.13882930332354 ], [ 21.148725992585419, 52.13882930873276 ], [ 21.148726004146454, 52.138829313487342 ], [ 21.148726016389638, 52.138829317544165 ], [ 21.148726029204116, 52.138829320866535 ], [ 21.148726042473825, 52.13882932342436 ], [ 21.148726056078598, 52.138829325194493 ], [ 21.148726069895222, 52.138829326160895 ], [ 21.148726083798572, 52.13882932631477 ], [ 21.152942338109174, 52.138752402464597 ], [ 21.152942341497717, 52.138752402502 ], [ 21.15294234341378, 52.138752404222082 ], [ 21.155158949988817, 52.140960607980219 ], [ 21.155158957851206, 52.140960615037606 ], [ 21.155158966768326, 52.14096062160322 ], [ 21.155158976659397, 52.140960627617567 ], [ 21.155158987434856, 52.140960633026175 ], [ 21.155158998997113, 52.140960637780083 ], [ 21.155159011241459, 52.140960641836251 ], [ 21.155159024057006, 52.140960645157904 ], [ 21.155159037327699, 52.140960647715012 ], [ 21.155159050933356, 52.14096064948437 ], [ 21.155159064750762, 52.140960650450012 ], [ 21.15515907865478, 52.140960650603127 ], [ 21.159375516383029, 52.140883494581182 ], [ 21.159375519771739, 52.140883494618386 ], [ 21.159375521688137, 52.140883496338347 ], [ 21.161592551990907, 52.143091573674049 ], [ 21.161592559854704, 52.14309158073101 ], [ 21.161592568773184, 52.143091587296091 ], [ 21.161592578665587, 52.14309159330989 ], [ 21.161592589442336, 52.143091598717909 ], [ 21.161592601005815, 52.143091603471177 ], [ 21.161592613251322, 52.14309160752665 ], [ 21.161592626067943, 52.143091610847591 ], [ 21.16159263933962, 52.143091613403968 ], [ 21.161592652946162, 52.143091615172587 ], [ 21.161592666764346, 52.143091616137433 ], [ 21.16159268066902, 52.143091616289801 ], [ 21.165809220892712, 52.143014229548093 ], [ 21.165809234757869, 52.143014228886081 ], [ 21.165809248457961, 52.143014227416181 ], [ 21.165809261868926, 52.143014225151717 ], [ 21.165809274869297, 52.143014222113173 ], [ 21.16580928734135, 52.143014218328098 ], [ 21.165809299172139, 52.143014213830753 ], [ 21.165809310254513, 52.143014208661874 ], [ 21.165809320488112, 52.143014202868251 ], [ 21.165809329780263, 52.143014196502364 ], [ 21.16580933804682, 52.143014189621866 ], [ 21.165809345212896, 52.143014182289122 ], [ 21.167808512232032, 52.140728729174469 ], [ 21.167808513978393, 52.140728727387291 ], [ 21.167808517357457, 52.140728727225884 ], [ 21.172024978814232, 52.140651117756597 ], [ 21.172024982202924, 52.140651117793439 ], [ 21.172024984119791, 52.140651119513201 ], [ 21.174242621427283, 52.142858952164758 ], [ 21.174242629292998, 52.142858959220838 ], [ 21.174242638213265, 52.142858965784953 ], [ 21.174242648107295, 52.142858971797672 ], [ 21.174242658885476, 52.142858977204511 ], [ 21.174242670450209, 52.142858981956515 ], [ 21.174242682696757, 52.142858986010673 ], [ 21.17424269551422, 52.142858989330243 ], [ 21.174242708786512, 52.14285899188517 ], [ 21.174242722393441, 52.142858993652332 ], [ 21.174242736211774, 52.142858994615686 ], [ 21.174242750116385, 52.142858994766549 ], [ 21.178459313896564, 52.142781154549645 ], [ 21.178459317285419, 52.142781154586309 ], [ 21.17845931920262, 52.142781156305944 ], [ 21.180677380263397, 52.14498886241838 ], [ 21.180677388130508, 52.144988869474012 ], [ 21.18067739705215, 52.144988876037615 ], [ 21.180677406947503, 52.144988882049788 ], [ 21.180677417726972, 52.144988887456002 ], [ 21.180677429292935, 52.144988892207394 ], [ 21.180677441540631, 52.144988896260863 ], [ 21.180677454359166, 52.144988899579701 ], [ 21.180677467632446, 52.144988902133917 ], [ 21.180677481240259, 52.144988903900312 ], [ 21.180677495059371, 52.144988904862913 ], [ 21.180677508964642, 52.144988905012994 ], [ 21.184894255855397, 52.144910832528353 ], [ 21.184894259244405, 52.144910832564818 ], [ 21.184894261161954, 52.144910834284346 ], [ 21.187112746021434, 52.147118413811882 ], [ 21.187112753889942, 52.147118420867081 ], [ 21.187112762812944, 52.147118427430179 ], [ 21.187112772709636, 52.147118433441776 ], [ 21.187112783490385, 52.147118438847414 ], [ 21.187112795057566, 52.147118443598131 ], [ 21.187112807306431, 52.147118447650904 ], [ 21.187112820126039, 52.14711845096906 ], [ 21.187112833400292, 52.147118453522523 ], [ 21.187112847008997, 52.147118455288165 ], [ 21.187112860828883, 52.147118456249991 ], [ 21.187112874734819, 52.147118456399333 ], [ 21.191329804670648, 52.14704015161356 ], [ 21.191329808059823, 52.14704015164984 ], [ 21.191329809977709, 52.147040153369282 ], [ 21.193548718681296, 52.14924760626613 ], [ 21.193548726551192, 52.14924761332086 ], [ 21.193548735475567, 52.149247619883468 ], [ 21.193548745373587, 52.149247625894496 ], [ 21.193548756155622, 52.149247631299524 ], [ 21.193548767724032, 52.149247636049587 ], [ 21.193548779974041, 52.149247640101706 ], [ 21.193548792794722, 52.149247643419123 ], [ 21.193548806069966, 52.149247645971855 ], [ 21.193548819679549, 52.149247647736757 ], [ 21.19354883350022, 52.149247648697823 ], [ 21.19354884740682, 52.149247648846384 ], [ 21.197765879455918, 52.149169113233633 ], [ 21.197765893322398, 52.149169112567826 ], [ 21.197765907023214, 52.149169111094224 ], [ 21.197765920434282, 52.149169108826108 ], [ 21.197765933434155, 52.149169105784068 ], [ 21.1977659459051, 52.149169101995618 ], [ 21.19776595773418, 52.149169097495083 ], [ 21.197765968814274, 52.149169092323227 ], [ 21.19776597904503, 52.149169086526882 ], [ 21.197765988333803, 52.149169080158522 ], [ 21.197765996596466, 52.149169073275836 ], [ 21.197766003758201, 52.149169065941187 ], [ 21.199763784095136, 52.146883088557523 ], [ 21.199763785840435, 52.146883086769883 ], [ 21.199763789219826, 52.146883086607545 ], [ 21.20398074203187, 52.146804328279124 ], [ 21.203980745421028, 52.146804328315028 ], [ 21.20398074733939, 52.146804330034257 ], [ 21.206200262790979, 52.149011537932523 ], [ 21.206200270662809, 52.149011544986379 ], [ 21.206200279588963, 52.149011551548007 ], [ 21.206200289488606, 52.149011557557984 ], [ 21.206200300272084, 52.149011562961817 ], [ 21.206200311841741, 52.149011567710637 ], [ 21.206200324092794, 52.149011571761413 ], [ 21.206200336914311, 52.149011575077445 ], [ 21.206200350190166, 52.149011577628748 ], [ 21.206200363800129, 52.149011579392173 ], [ 21.206200377620956, 52.149011580351754 ], [ 21.206200391527478, 52.149011580498822 ], [ 21.210417446280562, 52.148932591315614 ], [ 21.210417449669883, 52.148932591351347 ], [ 21.210417451588576, 52.148932593070462 ], [ 21.212637390909379, 52.151139674221326 ], [ 21.212637398782597, 52.151139681274749 ], [ 21.212637407710123, 52.151139687835879 ], [ 21.212637417611091, 52.151139693845266 ], [ 21.212637428395858, 52.151139699248532 ], [ 21.212637439966738, 52.151139703996677 ], [ 21.212637452218946, 52.151139708046777 ], [ 21.212637465041535, 52.151139711362113 ], [ 21.212637478318371, 52.151139713912656 ], [ 21.212637491929222, 52.151139715675335 ], [ 21.212637505750823, 52.151139716634169 ], [ 21.212637519658006, 52.151139716780449 ], [ 21.21685475714855, 52.151060495200369 ], [ 21.216854760538034, 52.15106049523591 ], [ 21.216854762457064, 52.151060496954912 ], [ 21.21907512569237, 52.153267451312594 ], [ 21.219075133566975, 52.153267458365576 ], [ 21.219075142495868, 52.153267464926188 ], [ 21.219075152398169, 52.153267470935013 ], [ 21.219075163184218, 52.15326747633766 ], [ 21.21907517475632, 52.153267481085173 ], [ 21.21907518700969, 52.153267485134585 ], [ 21.219075199833348, 52.153267488449202 ], [ 21.219075213111172, 52.153267490999035 ], [ 21.219075226722907, 52.153267492760953 ], [ 21.219075240545283, 52.153267493719007 ], [ 21.219075254453131, 52.15326749386454 ], [ 21.223292674615468, 52.153188039854221 ], [ 21.223292678005109, 52.153188039889585 ], [ 21.22329267992448, 52.15318804160848 ], [ 21.225513467119541, 52.155394869127178 ], [ 21.225513474995541, 52.155394876179699 ], [ 21.225513483925795, 52.155394882739813 ], [ 21.225513493829435, 52.155394888748098 ], [ 21.225513504616767, 52.15539489415012 ], [ 21.225513516190095, 52.155394898897001 ], [ 21.225513528444619, 52.155394902945694 ], [ 21.225513541269354, 52.155394906259623 ], [ 21.225513554548158, 52.155394908808695 ], [ 21.225513568160775, 52.155394910569861 ], [ 21.225513581983932, 52.155394911527168 ], [ 21.225513595892437, 52.15539491167192 ], [ 21.229731198660883, 52.155315225198109 ], [ 21.229731202050687, 52.155315225233274 ], [ 21.229731203970395, 52.155315226952062 ], [ 21.231952415170444, 52.157521927585947 ], [ 21.231952423047836, 52.157521934638019 ], [ 21.231952431979462, 52.157521941197636 ], [ 21.231952441884431, 52.157521947205346 ], [ 21.231952452673049, 52.157521952606807 ], [ 21.231952464247598, 52.157521957353019 ], [ 21.231952476503277, 52.157521961401052 ], [ 21.231952489329082, 52.157521964714242 ], [ 21.231952502608873, 52.157521967262589 ], [ 21.231952516222375, 52.157521969023001 ], [ 21.231952530046303, 52.157521969979534 ], [ 21.231952543955472, 52.157521970123533 ], [ 21.236170248385115, 52.157442052686832 ], [ 21.236170262253456, 52.157442052016506 ], [ 21.236170275955391, 52.157442050538421 ], [ 21.23617028936685, 52.157442048265935 ], [ 21.236170302366368, 52.157442045219653 ], [ 21.236170314836222, 52.15744204142716 ], [ 21.236170326663483, 52.157442036922795 ], [ 21.236170337741036, 52.157442031747379 ], [ 21.236170347968564, 52.157442025947738 ], [ 21.236170357253449, 52.157442019576408 ], [ 21.236170365511605, 52.157442012691099 ], [ 21.236170372668241, 52.157442005354149 ], [ 21.238166522741416, 52.155155398605878 ], [ 21.238166524485479, 52.155155396817683 ], [ 21.238166527865314, 52.155155396654266 ], [ 21.242384071609209, 52.155075258047631 ], [ 21.242384085476687, 52.155075257376573 ], [ 21.242384099177684, 52.155075255897749 ], [ 21.242384112588091, 52.155075253624581 ], [ 21.242384125586479, 52.155075250577632 ], [ 21.242384138055126, 52.155075246784492 ], [ 21.242384149881122, 52.15507524227953 ], [ 21.242384160957357, 52.15507523710351 ], [ 21.242384171183527, 52.155075231303357 ], [ 21.242384180467024, 52.155075224931544 ], [ 21.242384188723779, 52.155075218045823 ], [ 21.242384195879012, 52.155075210708517 ], [ 21.244379883700077, 52.152788546634184 ], [ 21.244379889688343, 52.152788538911651 ], [ 21.244379894456106, 52.152788530873977 ], [ 21.244379897960179, 52.152788522593909 ], [ 21.244379900168848, 52.152788514146451 ], [ 21.244379901062086, 52.152788505608093 ], [ 21.24437990063182, 52.152788497056186 ], [ 21.244379898881938, 52.152788488568149 ], [ 21.244379895828295, 52.152788480220877 ], [ 21.244379891498539, 52.152788472089931 ], [ 21.244379885931885, 52.152788464248978 ], [ 21.244379879178744, 52.152788456769009 ], [ 21.242158303119844, 52.150581992996933 ], [ 21.242158301474127, 52.150581991173858 ], [ 21.242158302933632, 52.15058198929173 ], [ 21.244153884971947, 52.14829524190349 ], [ 21.244153886715509, 52.148295240115189 ], [ 21.244153890094797, 52.148295239951587 ], [ 21.248370768365042, 52.148214894669003 ], [ 21.248370782230289, 52.14821489399727 ], [ 21.24837079592896, 52.148214892517792 ], [ 21.24837080933699, 52.14821489024397 ], [ 21.248370822332966, 52.148214887196374 ], [ 21.248370834799189, 52.148214883402638 ], [ 21.248370846622759, 52.148214878897086 ], [ 21.2483708576966, 52.148214873720555 ], [ 21.248370867920436, 52.148214867919876 ], [ 21.248370877201666, 52.148214861547622 ], [ 21.248370885456247, 52.148214854661475 ], [ 21.248370892609415, 52.148214847323842 ], [ 21.250366012571938, 52.145928042669347 ], [ 21.250366014315155, 52.145928040880975 ], [ 21.250366017694244, 52.145928040717195 ], [ 21.254582654374687, 52.145847475909314 ], [ 21.254582668239088, 52.145847475236856 ], [ 21.254582681936807, 52.145847473756668 ], [ 21.254582695343792, 52.145847471482142 ], [ 21.254582708338635, 52.145847468433871 ], [ 21.254582720803654, 52.145847464639502 ], [ 21.254582732625959, 52.145847460133332 ], [ 21.254582743698485, 52.145847454956211 ], [ 21.25458275392096, 52.145847449155013 ], [ 21.254582763200805, 52.145847442782291 ], [ 21.25458277145399, 52.145847435895746 ], [ 21.254582778605759, 52.145847428557722 ], [ 21.256577474826333, 52.143560522832864 ], [ 21.256577476569216, 52.143560521044414 ], [ 21.256577479948085, 52.143560520880463 ], [ 21.260793955846189, 52.143479735036024 ], [ 21.260793959235091, 52.143479735070315 ], [ 21.260793961155454, 52.143479736788578 ], [ 21.263016126283908, 52.145685887529112 ], [ 21.263016127930285, 52.145685889351896 ], [ 21.263016126471822, 52.14568589123428 ], [ 21.261021671941545, 52.147972902416143 ], [ 21.261021665956804, 52.147972910139458 ], [ 21.261021661192547, 52.147972918177793 ], [ 21.261021657691927, 52.147972926458323 ], [ 21.261021655486637, 52.147972934906058 ], [ 21.261021654596657, 52.147972943444493 ], [ 21.261021655030028, 52.147972951996323 ], [ 21.261021656782855, 52.147972960484083 ], [ 21.261021659839241, 52.147972968830899 ], [ 21.261021664171519, 52.147972976961206 ], [ 21.261021669740447, 52.14797298480137 ], [ 21.261021676495599, 52.147972992280359 ], [ 21.263243998143231, 52.150179049833142 ], [ 21.263244006024166, 52.15017905688309 ], [ 21.263244014958818, 52.150179063440291 ], [ 21.26324402486626, 52.150179069445365 ], [ 21.263244035656776, 52.150179074843912 ], [ 21.263244047232636, 52.150179079587062 ], [ 21.263244059489011, 52.150179083631826 ], [ 21.263244072314919, 52.150179086941613 ], [ 21.263244085594184, 52.15017908948645 ], [ 21.26324409920656, 52.150179091243267 ], [ 21.263244113028765, 52.15017909219614 ], [ 21.263244126935632, 52.150179092336472 ], [ 21.267461127743289, 52.150098062533246 ], [ 21.267461131132688, 52.150098062567338 ], [ 21.267461133053601, 52.150098064285494 ], [ 21.269683963772582, 52.152304079366644 ], [ 21.269683965419482, 52.152304081189314 ], [ 21.269683963961096, 52.152304083071776 ], [ 21.267689531020928, 52.154591248004778 ], [ 21.267689529278083, 52.154591249793405 ], [ 21.267689525898419, 52.154591249957676 ], [ 21.263472101203277, 52.154672292794686 ], [ 21.263472087336307, 52.154672293468202 ], [ 21.263472073636212, 52.154672294949471 ], [ 21.263472060227073, 52.154672297225034 ], [ 21.263472047230312, 52.154672300274306 ], [ 21.263472034763641, 52.154672304069635 ], [ 21.263472022939947, 52.154672308576707 ], [ 21.263472011866316, 52.154672313754638 ], [ 21.263472001643031, 52.154672319556617 ], [ 21.263471992362685, 52.154672325930051 ], [ 21.263471984109302, 52.154672332817228 ], [ 21.263471976957639, 52.154672340155756 ], [ 21.261477196570837, 52.156959316348797 ], [ 21.261477190585019, 52.156959324072162 ], [ 21.261477185819931, 52.156959332110496 ], [ 21.261477182318735, 52.156959340391019 ], [ 21.261477180113143, 52.156959348838761 ], [ 21.261477179223121, 52.156959357377211 ], [ 21.26147717965673, 52.156959365929019 ], [ 21.261477181410047, 52.156959374416743 ], [ 21.261477184467186, 52.156959382763539 ], [ 21.26147718880047, 52.156959390893817 ], [ 21.261477194370649, 52.15695939873391 ], [ 21.261477201127278, 52.156959406212863 ], [ 21.263700049081635, 52.159165488904449 ], [ 21.263700050728559, 52.159165490727219 ], [ 21.263700049269705, 52.15916549260961 ], [ 21.261705048511637, 52.161452517093679 ], [ 21.261705042525275, 52.161452524817051 ], [ 21.261705037759778, 52.161452532855407 ], [ 21.261705034258309, 52.161452541135944 ], [ 21.261705032052554, 52.161452549583686 ], [ 21.26170503116251, 52.161452558122107 ], [ 21.261705031596232, 52.161452566673915 ], [ 21.261705033349795, 52.16145257516164 ], [ 21.261705036407307, 52.1614525835084 ], [ 21.261705040741091, 52.161452591638664 ], [ 21.261705046311899, 52.16145259947875 ], [ 21.261705053069267, 52.161452606957667 ], [ 21.263928100335349, 52.163658638762222 ], [ 21.263928108218842, 52.16365864581207 ], [ 21.263928117156357, 52.163658652369179 ], [ 21.263928127066936, 52.163658658374146 ], [ 21.263928137860841, 52.163658663772587 ], [ 21.263928149440314, 52.163658668515623 ], [ 21.263928161700495, 52.16365867256026 ], [ 21.263928174530349, 52.163658675869918 ], [ 21.263928187813697, 52.163658678414613 ], [ 21.263928201430225, 52.163658680171302 ], [ 21.263928215256637, 52.163658681124069 ], [ 21.263928229167703, 52.163658681264266 ], [ 21.268146501970651, 52.163577612351837 ], [ 21.268146505361081, 52.1635776123859 ], [ 21.268146507282619, 52.163577614104028 ], [ 21.270370021340948, 52.165783561073269 ], [ 21.270370029225838, 52.16578356812267 ], [ 21.270370038164717, 52.165783574679274 ], [ 21.270370048076632, 52.165783580683666 ], [ 21.270370058871823, 52.165783586081517 ], [ 21.270370070452529, 52.165783590823885 ], [ 21.270370082713857, 52.165783594867861 ], [ 21.270370095544781, 52.165783598176795 ], [ 21.270370108829106, 52.165783600720758 ], [ 21.270370122446526, 52.165783602476679 ], [ 21.270370136273705, 52.165783603428686 ], [ 21.270370150185435, 52.165783603568102 ], [ 21.274588605088493, 52.165702301996795 ], [ 21.274588608479078, 52.165702302030681 ], [ 21.274588610400958, 52.165702303748688 ], [ 21.276812591317118, 52.167908165831051 ], [ 21.276812592964898, 52.167908167653593 ], [ 21.276812591506328, 52.16790816953614 ], [ 21.274817892822785, 52.170195409467624 ], [ 21.274817886837589, 52.17019541719165 ], [ 21.274817882073584, 52.170195425230489 ], [ 21.274817878573916, 52.170195433511402 ], [ 21.274817876370282, 52.170195441959343 ], [ 21.274817875482633, 52.170195450497843 ], [ 21.274817875919005, 52.170195459049559 ], [ 21.274817877675449, 52.17019546753702 ], [ 21.274817880736062, 52.170195475883418 ], [ 21.274817885073116, 52.170195484013142 ], [ 21.274817890647352, 52.170195491852546 ], [ 21.274817897408273, 52.170195499330653 ], [ 21.277042077912107, 52.172401310486997 ], [ 21.277042079560076, 52.172401312309553 ], [ 21.27704207810137, 52.172401314192101 ], [ 21.275047159083311, 52.174688602454466 ], [ 21.275047157339998, 52.174688604243187 ], [ 21.275047153958852, 52.174688604407699 ], [ 21.270827850413838, 52.174769932140116 ], [ 21.270827836540761, 52.174769932814591 ], [ 21.270827822834793, 52.174769934296769 ], [ 21.270827809420034, 52.17476993657322 ], [ 21.270827796417983, 52.174769939623339 ], [ 21.270827783946391, 52.174769943419506 ], [ 21.270827772118199, 52.174769947927338 ], [ 21.270827761040525, 52.174769953106029 ], [ 21.270827750813687, 52.174769958908648 ], [ 21.270827741530315, 52.174769965282664 ], [ 21.270827733274459, 52.17476997217036 ], [ 21.270827726120899, 52.174769979509342 ], [ 21.268832459185749, 52.177057078994153 ], [ 21.268832453198623, 52.17705708671788 ], [ 21.268832448432839, 52.177057094756485 ], [ 21.268832444931554, 52.177057103037242 ], [ 21.268832442726477, 52.17705711148507 ], [ 21.268832441837585, 52.17705712002352 ], [ 21.268832442272917, 52.177057128575264 ], [ 21.268832444028536, 52.177057137062839 ], [ 21.268832447088538, 52.177057145409385 ], [ 21.268832451425219, 52.177057153539309 ], [ 21.268832456999299, 52.177057161378997 ], [ 21.268832463760305, 52.177057168857438 ], [ 21.271056704381714, 52.179263090002429 ], [ 21.271056706029704, 52.179263091825071 ], [ 21.27105670457053, 52.179263093707547 ], [ 21.26906121714044, 52.18155024150758 ], [ 21.269061211152771, 52.181550249231314 ], [ 21.269061206386571, 52.18155025726994 ], [ 21.269061202885005, 52.181550265550705 ], [ 21.269061200679779, 52.181550273998532 ], [ 21.269061199790865, 52.181550282536989 ], [ 21.269061200226311, 52.181550291088712 ], [ 21.269061201982172, 52.181550299576266 ], [ 21.269061205042554, 52.181550307922798 ], [ 21.269061209379743, 52.1815503160527 ], [ 21.269061214954451, 52.18155032389236 ], [ 21.269061221716196, 52.181550331370808 ], [ 21.271285704655917, 52.183756243905279 ], [ 21.271285706304081, 52.183756245727899 ], [ 21.271285704844775, 52.183756247610376 ], [ 21.269290035134254, 52.186043399868801 ], [ 21.269290029146049, 52.186043407592535 ], [ 21.269290024379437, 52.186043415631175 ], [ 21.26929002087758, 52.186043423911933 ], [ 21.269290018672201, 52.186043432359781 ], [ 21.269290017783266, 52.186043440898224 ], [ 21.269290018218829, 52.18604344944994 ], [ 21.269290019974939, 52.18604345793748 ], [ 21.269290023035701, 52.186043466283984 ], [ 21.26929002737339, 52.186043474413886 ], [ 21.269290032948721, 52.186043482253538 ], [ 21.269290039711215, 52.186043489731937 ], [ 21.271514765035295, 52.188249393654502 ], [ 21.271514766683641, 52.188249395477122 ], [ 21.271514765224207, 52.188249397359606 ], [ 21.269518874914151, 52.190536597935427 ], [ 21.269518873170021, 52.190536599724076 ], [ 21.269518869787639, 52.190536599888432 ], [ 21.265298049995955, 52.190617747089881 ], [ 21.265298036117851, 52.190617747763753 ], [ 21.265298022406807, 52.190617749245334 ], [ 21.265298008987003, 52.190617751521209 ], [ 21.265297995979964, 52.190617754570781 ], [ 21.265297983503491, 52.190617758366415 ], [ 21.265297971670559, 52.190617762873728 ], [ 21.265297960588342, 52.190617768051922 ], [ 21.265297950357198, 52.190617773854122 ], [ 21.265297941069782, 52.190617780227726 ], [ 21.265297932810199, 52.190617787115059 ], [ 21.265297925653254, 52.190617794453743 ], [ 21.263301648781692, 52.192904850019453 ], [ 21.263301647037213, 52.192904851808009 ], [ 21.263301643654632, 52.192904851972195 ], [ 21.259080581457649, 52.192985779341917 ], [ 21.259080567578692, 52.192985780015093 ], [ 21.259080553866696, 52.192985781495935 ], [ 21.259080540445844, 52.192985783771128 ], [ 21.259080527437668, 52.192985786820003 ], [ 21.259080514959987, 52.192985790614998 ], [ 21.259080503125791, 52.192985795121729 ], [ 21.259080492042251, 52.192985800299347 ], [ 21.259080481809747, 52.192985806101007 ], [ 21.259080472520939, 52.192985812474149 ], [ 21.259080464259959, 52.192985819361063 ], [ 21.259080457101607, 52.192985826699356 ], [ 21.257083755332367, 52.195272781068311 ], [ 21.257083753587548, 52.195272782856783 ], [ 21.257083750204757, 52.195272783020783 ], [ 21.252862445647672, 52.195353490519402 ], [ 21.252862431767866, 52.195353491191831 ], [ 21.25286241805491, 52.195353492671984 ], [ 21.252862404633007, 52.195353494946474 ], [ 21.252862391623704, 52.195353497994702 ], [ 21.252862379144812, 52.195353501789036 ], [ 21.252862367309344, 52.195353506295142 ], [ 21.252862356224487, 52.195353511472192 ], [ 21.252862345990618, 52.195353517273318 ], [ 21.252862336700424, 52.195353523645998 ], [ 21.252862328438042, 52.195353530532472 ], [ 21.252862321278283, 52.195353537870425 ], [ 21.250865232843722, 52.197640347145693 ], [ 21.250865226850802, 52.197640354868525 ], [ 21.250865222079657, 52.197640362906469 ], [ 21.250865218573523, 52.197640371186679 ], [ 21.250865216364122, 52.197640379634237 ], [ 21.250865215471492, 52.197640388172559 ], [ 21.250865215903701, 52.197640396724374 ], [ 21.250865217656834, 52.197640405212212 ], [ 21.250865220715013, 52.197640413559206 ], [ 21.250865225050561, 52.197640421689798 ], [ 21.250865230624193, 52.197640429530317 ], [ 21.25086523738544, 52.19764043700976 ], [ 21.253089657547218, 52.199846688312213 ], [ 21.253089659195268, 52.199846690135089 ], [ 21.253089657734677, 52.199846692017353 ], [ 21.251092348301064, 52.202133549559271 ], [ 21.25109234230759, 52.202133557282117 ], [ 21.25109233753604, 52.202133565320068 ], [ 21.251092334029615, 52.202133573600314 ], [ 21.251092331820068, 52.202133582047836 ], [ 21.25109233092741, 52.202133590586158 ], [ 21.251092331359729, 52.202133599137973 ], [ 21.25109233311311, 52.20213360762579 ], [ 21.251092336171677, 52.202133615972784 ], [ 21.251092340507718, 52.202133624103354 ], [ 21.251092346081975, 52.20213363194383 ], [ 21.251092352843969, 52.202133639423266 ], [ 21.253317015386685, 52.20433988216945 ], [ 21.253317017034913, 52.204339883992326 ], [ 21.253317015574194, 52.204339885874589 ], [ 21.251319523390798, 52.206626747831876 ], [ 21.251319517396784, 52.206626755554751 ], [ 21.251319512624814, 52.206626763592695 ], [ 21.251319509118101, 52.206626771872962 ], [ 21.251319506908402, 52.20662678032047 ], [ 21.251319506015729, 52.206626788858799 ], [ 21.251319506448162, 52.206626797410586 ], [ 21.251319508201785, 52.206626805898402 ], [ 21.251319511260728, 52.206626814245382 ], [ 21.251319515597274, 52.206626822375931 ], [ 21.25131952117216, 52.206626830216408 ], [ 21.251319527934889, 52.206626837695801 ], [ 21.253544390258195, 52.208833029578521 ], [ 21.253544398148289, 52.208833036628953 ], [ 21.253544407093564, 52.208833043186708 ], [ 21.253544417013014, 52.208833049192407 ], [ 21.253544427816809, 52.208833054591636 ], [ 21.253544439407104, 52.208833059335539 ], [ 21.253544451678938, 52.2088330633811 ], [ 21.25354446452117, 52.208833066691732 ], [ 21.253544477817513, 52.208833069237429 ], [ 21.253544491447538, 52.208833070995126 ], [ 21.253544505287813, 52.208833071948938 ], [ 21.253544519213008, 52.208833072090215 ], [ 21.257767018191156, 52.208752327171887 ], [ 21.257767032075044, 52.208752326498825 ], [ 21.257767045791933, 52.208752325018054 ], [ 21.257767059217581, 52.208752322742967 ], [ 21.257767072230425, 52.208752319694192 ], [ 21.257767084712601, 52.208752315899289 ], [ 21.257767096551078, 52.208752311392672 ], [ 21.257767107638646, 52.208752306215125 ], [ 21.257767117874888, 52.208752300413572 ], [ 21.257767127167099, 52.208752294040501 ], [ 21.257767135431141, 52.208752287153665 ], [ 21.257767142592165, 52.208752279815421 ], [ 21.259764392272864, 52.206465312152915 ], [ 21.259764394017992, 52.206465310364408 ], [ 21.259764397401618, 52.206465310200301 ], [ 21.263986815759328, 52.206384342204686 ], [ 21.263986819153015, 52.206384342238835 ], [ 21.263986821076294, 52.206384343957005 ], [ 21.266212376710868, 52.208590374448697 ], [ 21.266212378359782, 52.208590376271374 ], [ 21.266212376899475, 52.208590378153808 ], [ 21.264215369832893, 52.210877451508914 ], [ 21.264215363840588, 52.210877459232407 ], [ 21.26421535907053, 52.210877467270862 ], [ 21.264215355565916, 52.210877475551456 ], [ 21.264215353358487, 52.210877483999212 ], [ 21.264215352468231, 52.210877492537598 ], [ 21.264215352903207, 52.210877501089314 ], [ 21.264215354659473, 52.21087750957691 ], [ 21.264215357721138, 52.210877517923507 ], [ 21.264215362060465, 52.21087752605353 ], [ 21.264215367638158, 52.210877533893374 ], [ 21.264215374403705, 52.210877541371978 ], [ 21.266441130034245, 52.213083520962385 ], [ 21.26644113168334, 52.21308352278507 ], [ 21.266441130222901, 52.213083524667489 ], [ 21.264443902193921, 52.21537064632917 ], [ 21.264443900448644, 52.215370648117741 ], [ 21.264443897064364, 52.215370648281976 ], [ 21.260220708987429, 52.215451640789318 ], [ 21.260220695101502, 52.215451641462685 ], [ 21.260220681382645, 52.215451642943769 ], [ 21.260220667955121, 52.215451645219154 ], [ 21.260220654940511, 52.215451648268228 ], [ 21.260220642456687, 52.215451652063379 ], [ 21.260220630616701, 52.215451656570259 ], [ 21.260220619527786, 52.215451661748041 ], [ 21.260220609290361, 52.21545166754985 ], [ 21.26022059999713, 52.215451673923091 ], [ 21.26022059173226, 52.215451680810112 ], [ 21.260220584570604, 52.215451688148491 ], [ 21.258223007690692, 52.217738620824342 ], [ 21.258223001696457, 52.217738628547551 ], [ 21.258222996924612, 52.217738636585757 ], [ 21.258222993418375, 52.217738644866195 ], [ 21.2582229912095, 52.21773865331383 ], [ 21.258222990317996, 52.217738661852188 ], [ 21.258222990751928, 52.217738670403918 ], [ 21.258222992507367, 52.217738678891607 ], [ 21.258222995568421, 52.217738687238359 ], [ 21.258222999907375, 52.217738695368602 ], [ 21.258223005484911, 52.217738703208717 ], [ 21.258223012250543, 52.217738710687669 ], [ 21.260448827853335, 52.21994480043913 ], [ 21.260448829502447, 52.219944802261878 ], [ 21.26044882804154, 52.219944804144234 ], [ 21.258450991726964, 52.222231828965292 ], [ 21.258450989981174, 52.222231830753799 ], [ 21.258450986596348, 52.222231830917856 ], [ 21.254227130252293, 52.222312616379057 ], [ 21.254227116364113, 52.222312617051749 ], [ 21.25422710264294, 52.22231261853215 ], [ 21.254227089213014, 52.222312620806875 ], [ 21.254227076195988, 52.222312623855331 ], [ 21.254227063709724, 52.222312627649877 ], [ 21.254227051867311, 52.222312632156161 ], [ 21.254227040775991, 52.222312637333417 ], [ 21.254227030536217, 52.222312643134693 ], [ 21.254227021240709, 52.222312649507508 ], [ 21.254227012973661, 52.222312656394124 ], [ 21.254227005809934, 52.222312663732176 ], [ 21.252228820490068, 52.224599499510397 ], [ 21.252228814493897, 52.22459950723335 ], [ 21.252228809720258, 52.224599515271322 ], [ 21.252228806212401, 52.224599523551582 ], [ 21.252228804002087, 52.224599531999111 ], [ 21.252228803109332, 52.224599540537412 ], [ 21.25222880354222, 52.224599549089184 ], [ 21.252228805296834, 52.224599557576958 ], [ 21.252228808357284, 52.224599565923867 ], [ 21.252228812695844, 52.224599574054331 ], [ 21.252228818273238, 52.224599581894715 ], [ 21.252228825038941, 52.224599589374002 ], [ 21.254454700478128, 52.22680578931849 ], [ 21.254454702127266, 52.226805791141345 ], [ 21.254454700665885, 52.226805793023622 ], [ 21.252456294054152, 52.229092677076508 ], [ 21.252456288057434, 52.229092684799468 ], [ 21.252456283283387, 52.229092692837455 ], [ 21.252456279775238, 52.229092701117693 ], [ 21.252456277564772, 52.229092709565244 ], [ 21.252456276672, 52.229092718103558 ], [ 21.252456277104997, 52.229092726655296 ], [ 21.252456278859853, 52.229092735143055 ], [ 21.252456281920679, 52.229092743489957 ], [ 21.252456286259747, 52.229092751620399 ], [ 21.252456291837767, 52.229092759460762 ], [ 21.252456298604223, 52.229092766940013 ], [ 21.254682416821225, 52.231298958320089 ], [ 21.254682418470541, 52.231298960142944 ], [ 21.254682417009032, 52.231298962025228 ], [ 21.252683827375645, 52.233585850500972 ], [ 21.25268382137838, 52.233585858223911 ], [ 21.25268381660392, 52.233585866261926 ], [ 21.252683813095487, 52.2335858745422 ], [ 21.252683810884861, 52.233585882989729 ], [ 21.252683809992067, 52.233585891528016 ], [ 21.252683810425179, 52.233585900079774 ], [ 21.25268381218029, 52.23358590856752 ], [ 21.252683815241486, 52.233585916914414 ], [ 21.252683819581069, 52.233585925044821 ], [ 21.252683825159714, 52.233585932885163 ], [ 21.252683831926909, 52.233585940364392 ], [ 21.254910150293604, 52.235792080873836 ], [ 21.254910158188821, 52.235792087924096 ], [ 21.254910167139837, 52.235792094481653 ], [ 21.254910177065586, 52.235792100487153 ], [ 21.254910187876192, 52.235792105886162 ], [ 21.254910199473738, 52.235792110629809 ], [ 21.254910211753206, 52.235792114675128 ], [ 21.254910224603389, 52.235792117985511 ], [ 21.254910237907907, 52.235792120530952 ], [ 21.254910251546271, 52.235792122288395 ], [ 21.25491026539498, 52.235792123241936 ], [ 21.254910279328616, 52.235792123382957 ], [ 21.259135413071107, 52.235711298905194 ], [ 21.259135416467032, 52.235711298939449 ], [ 21.259135418391423, 52.235711300657677 ], [ 21.261362248117624, 52.23791739837413 ], [ 21.261362249767458, 52.237917400196864 ], [ 21.261362248306025, 52.237917402079212 ], [ 21.25936368024642, 52.240204444657074 ], [ 21.259363678499991, 52.240204446445588 ], [ 21.259363675113796, 52.240204446609702 ], [ 21.255138115348615, 52.240285284098192 ], [ 21.255138101454847, 52.240285284771034 ], [ 21.25513808772817, 52.240285286251599 ], [ 21.255138074292908, 52.240285288526486 ], [ 21.255138061270713, 52.240285291575091 ], [ 21.255138048779532, 52.24028529536978 ], [ 21.255138036932482, 52.240285299876199 ], [ 21.25513802583686, 52.240285305053582 ], [ 21.255138015593133, 52.240285310854972 ], [ 21.255138006294089, 52.24028531722788 ], [ 21.255137998023923, 52.240285324114573 ], [ 21.255137990857541, 52.240285331452675 ], [ 21.253139073374349, 52.242572184924548 ], [ 21.253139067376004, 52.242572192647529 ], [ 21.253139062600706, 52.242572200685558 ], [ 21.253139059091701, 52.242572208965825 ], [ 21.253139056880769, 52.242572217413347 ], [ 21.25313905598793, 52.242572225951662 ], [ 21.253139056421276, 52.242572234503378 ], [ 21.253139058176878, 52.242572242991109 ], [ 21.25313906123883, 52.242572251337961 ], [ 21.253139065579415, 52.242572259468339 ], [ 21.253139071159318, 52.24257226730861 ], [ 21.253139077928008, 52.242572274787797 ], [ 21.255365882172281, 52.244778398161941 ], [ 21.255365890069207, 52.244778405212145 ], [ 21.255365899022138, 52.24477841176963 ], [ 21.255365908949997, 52.244778417775038 ], [ 21.255365919762873, 52.244778423173997 ], [ 21.255365931362839, 52.244778427917552 ], [ 21.255365943644861, 52.244778431962814 ], [ 21.255365956497684, 52.244778435273091 ], [ 21.255365969804927, 52.244778437818447 ], [ 21.25536598344609, 52.244778439575811 ], [ 21.255365997297609, 52.244778440529274 ], [ 21.255366011234056, 52.244778440670189 ], [ 21.259591997133604, 52.244697590168343 ], [ 21.259592000530219, 52.24469759020257 ], [ 21.259592002455033, 52.244697591920769 ], [ 21.261819318300791, 52.246903672459553 ], [ 21.261819319950991, 52.246903674282265 ], [ 21.261819318489295, 52.246903676164614 ], [ 21.259820422617469, 52.249190683773527 ], [ 21.259820416619434, 52.249190691496814 ], [ 21.259820411844682, 52.249190699535092 ], [ 21.259820408336441, 52.249190707815565 ], [ 21.259820406126494, 52.249190716263186 ], [ 21.259820405234848, 52.249190724801508 ], [ 21.259820405669576, 52.249190733353203 ], [ 21.259820407426755, 52.249190741840799 ], [ 21.259820410490448, 52.249190750187424 ], [ 21.259820414832934, 52.249190758317575 ], [ 21.259820420414869, 52.24919076615749 ], [ 21.259820427185712, 52.249190773636251 ], [ 21.26204794347851, 52.251396803281324 ], [ 21.262047945128895, 52.251396805104044 ], [ 21.26204794366706, 52.251396806986406 ], [ 21.260048826322528, 52.253683862895024 ], [ 21.260048824575613, 52.253683864683552 ], [ 21.260048821188395, 52.253683864847687 ], [ 21.255821982684946, 52.253764741384117 ], [ 21.255821968786975, 52.253764742057079 ], [ 21.255821955056181, 52.253764743537779 ], [ 21.255821941616901, 52.253764745812788 ], [ 21.255821928590837, 52.253764748861499 ], [ 21.255821916095964, 52.253764752656302 ], [ 21.255821904245444, 52.253764757162827 ], [ 21.255821893146571, 52.253764762340296 ], [ 21.255821882899891, 52.25376476814175 ], [ 21.25582187359818, 52.253764774514735 ], [ 21.255821865325675, 52.2537647814015 ], [ 21.255821858157304, 52.253764788739637 ], [ 21.253822391075065, 52.256051655494865 ], [ 21.253822385075097, 52.256051663217889 ], [ 21.253822380298548, 52.256051671255925 ], [ 21.25382237678868, 52.256051679536228 ], [ 21.253822374577286, 52.256051687983756 ], [ 21.25382237368439, 52.256051696522036 ], [ 21.253822374118073, 52.256051705073752 ], [ 21.253822375874417, 52.256051713561433 ], [ 21.253822378937507, 52.256051721908236 ], [ 21.253822383279605, 52.256051730038557 ], [ 21.253822388861394, 52.256051737878771 ], [ 21.253822395632312, 52.25605174535788 ], [ 21.256049971907974, 52.25825788532287 ], [ 21.256049973558376, 52.258257887145668 ], [ 21.256049972096072, 52.258257889027981 ], [ 21.254050283379648, 52.260544804067187 ], [ 21.254050277379129, 52.260544811790211 ], [ 21.254050272602161, 52.260544819828262 ], [ 21.254050269092012, 52.260544828108586 ], [ 21.254050266880469, 52.260544836556107 ], [ 21.254050265987551, 52.260544845094394 ], [ 21.254050266421345, 52.260544853646081 ], [ 21.254050268177938, 52.26054486213377 ], [ 21.254050271241404, 52.260544870480537 ], [ 21.25405027558401, 52.260544878610858 ], [ 21.254050281166421, 52.260544886451029 ], [ 21.254050287938092, 52.260544893930131 ], [ 21.256278107455707, 52.262751025321172 ], [ 21.25627810910629, 52.262751027143949 ], [ 21.256278107643855, 52.262751029026255 ], [ 21.254278197236861, 52.265037992350287 ], [ 21.254278195489277, 52.265037994138723 ], [ 21.254278192101172, 52.265037994302723 ], [ 21.25005017616412, 52.265118677992788 ], [ 21.250050172765942, 52.265118677958306 ], [ 21.250050170840584, 52.265118676239943 ], [ 21.247822534718384, 52.262912425923012 ], [ 21.247822526819331, 52.262912418872368 ], [ 21.24782251786376, 52.262912412314343 ], [ 21.247822507932774, 52.262912406308352 ], [ 21.247822497116321, 52.262912400908775 ], [ 21.247822485512341, 52.262912396164523 ], [ 21.247822473225927, 52.262912392118537 ], [ 21.247822460368351, 52.2629123888075 ], [ 21.247822447056041, 52.262912386261348 ], [ 21.247822433409574, 52.262912384503188 ], [ 21.247822419552524, 52.262912383548908 ], [ 21.247822405610382, 52.262912383407176 ], [ 21.243594735269152, 52.262992830577289 ], [ 21.24359472136808, 52.262992831248859 ], [ 21.243594707633985, 52.262992832728159 ], [ 21.243594694191259, 52.26299283500181 ], [ 21.243594681161632, 52.262992838049222 ], [ 21.243594668663103, 52.262992841842738 ], [ 21.24359465680887, 52.262992846348084 ], [ 21.243594645706267, 52.262992851524423 ], [ 21.243594635455867, 52.262992857324868 ], [ 21.243594626150482, 52.262992863696944 ], [ 21.243594617874386, 52.262992870582856 ], [ 21.243594610702527, 52.26299287792029 ], [ 21.241594068731992, 52.265279589902612 ], [ 21.241594066983879, 52.26527959169087 ], [ 21.241594063595702, 52.265279591854494 ], [ 21.237365987957883, 52.265359821624791 ], [ 21.237365984559688, 52.265359821589925 ], [ 21.237365982634806, 52.265359819871364 ], [ 21.235138956744571, 52.263153323204229 ], [ 21.23513894884746, 52.263153316152703 ], [ 21.235138939893684, 52.263153309593712 ], [ 21.235138929964332, 52.263153303586613 ], [ 21.235138919149314, 52.263153298185856 ], [ 21.235138907546592, 52.263153293440361 ], [ 21.235138895261226, 52.263153289393038 ], [ 21.235138882404481, 52.263153286080616 ], [ 21.235138869092786, 52.263153283533043 ], [ 21.235138855446703, 52.263153281773384 ], [ 21.235138841589798, 52.263153280817619 ], [ 21.235138827647575, 52.263153280674366 ], [ 21.230911016714323, 52.263233275503765 ], [ 21.230911013316287, 52.263233275468707 ], [ 21.230911011391743, 52.263233273750039 ], [ 21.228684412180609, 52.261026649698941 ], [ 21.228684404284895, 52.261026642646982 ], [ 21.228684395332493, 52.261026636087472 ], [ 21.228684385404481, 52.261026630079819 ], [ 21.228684374590763, 52.261026624678451 ], [ 21.228684362989263, 52.261026619932309 ], [ 21.228684350705059, 52.261026615884298 ], [ 21.228684337849394, 52.261026612571143 ], [ 21.22868432453869, 52.261026610022846 ], [ 21.228684310893499, 52.261026608262434 ], [ 21.228684297037375, 52.261026607305901 ], [ 21.228684283095824, 52.261026607161881 ], [ 21.224456736926776, 52.261106367095671 ], [ 21.224456723025934, 52.261106367764974 ], [ 21.224456709291719, 52.26110636924205 ], [ 21.224456695848517, 52.261106371513534 ], [ 21.224456682818065, 52.261106374558821 ], [ 21.224456670318368, 52.261106378350355 ], [ 21.224456658462628, 52.261106382853797 ], [ 21.224456647358213, 52.261106388028345 ], [ 21.224456637105693, 52.261106393827163 ], [ 21.224456627797903, 52.261106400197733 ], [ 21.224456619519138, 52.261106407082345 ], [ 21.224456612344383, 52.261106414418649 ], [ 21.222455157662136, 52.263392812774903 ], [ 21.22245515591332, 52.263392814562884 ], [ 21.222455152525196, 52.263392814725975 ], [ 21.218227201333676, 52.263472357185456 ], [ 21.218227197935622, 52.263472357150043 ], [ 21.218227196011551, 52.263472355431169 ], [ 21.216001207252077, 52.261265485203175 ], [ 21.216001199358306, 52.261265478150328 ], [ 21.216001190407692, 52.261265471589823 ], [ 21.21600118048131, 52.261265465581083 ], [ 21.216001169669038, 52.261265460178542 ], [ 21.216001158068799, 52.261265455431136 ], [ 21.216001145785647, 52.26126545138181 ], [ 21.216001132930813, 52.261265448067256 ], [ 21.216001119620721, 52.261265445517502 ], [ 21.216001105975913, 52.261265443755619 ], [ 21.216001092119946, 52.261265442797615 ], [ 21.216001078178309, 52.261265442652089 ], [ 21.211773391933431, 52.261344750246494 ], [ 21.211773388535541, 52.261344750210888 ], [ 21.211773386611814, 52.261344748491879 ], [ 21.209547824506469, 52.259137750997219 ], [ 21.209547816614105, 52.259137743943924 ], [ 21.209547807664872, 52.259137737382915 ], [ 21.209547797739823, 52.259137731373642 ], [ 21.209547786928844, 52.25913772597049 ], [ 21.209547775329838, 52.259137721222402 ], [ 21.209547763047844, 52.259137717172386 ], [ 21.209547750194101, 52.25913771385715 ], [ 21.209547736885003, 52.25913771130665 ], [ 21.209547723241069, 52.259137709544021 ], [ 21.209547709385891, 52.259137708585222 ], [ 21.209547695444918, 52.259137708438928 ], [ 21.205320274206237, 52.259216781213574 ], [ 21.20532026030563, 52.259216781880625 ], [ 21.205320246571297, 52.259216783355463 ], [ 21.205320233127615, 52.259216785624787 ], [ 21.205320220096333, 52.259216788667963 ], [ 21.205320207595477, 52.259216792457487 ], [ 21.205320195738242, 52.259216796959024 ], [ 21.205320184632008, 52.259216802131789 ], [ 21.205320174377366, 52.259216807928965 ], [ 21.205320165067175, 52.259216814298057 ], [ 21.20532015678576, 52.259216821181361 ], [ 21.205320149608095, 52.25921682851655 ], [ 21.203317782777866, 52.261502913033354 ], [ 21.203317781028339, 52.261502914821044 ], [ 21.203317777640272, 52.261502914983595 ], [ 21.199089951653335, 52.261581770209567 ], [ 21.199089948255423, 52.261581770173606 ], [ 21.199089946332172, 52.261581768454384 ], [ 21.196864994897716, 52.259374524956208 ], [ 21.196864987007295, 52.259374517902039 ], [ 21.196864978059853, 52.259374511340056 ], [ 21.196864968136438, 52.259374505329689 ], [ 21.196864957326913, 52.25937449992535 ], [ 21.196864945729157, 52.259374495176019 ], [ 21.196864933448218, 52.25937449112466 ], [ 21.196864920595303, 52.259374487808024 ], [ 21.196864907286823, 52.259374485256082 ], [ 21.196864893643284, 52.259374483491996 ], [ 21.196864879788254, 52.259374482531712 ], [ 21.196864865847214, 52.259374482383919 ], [ 21.192637305048795, 52.259453102820714 ], [ 21.192637301651047, 52.259453102784569 ], [ 21.192637299728137, 52.259453101065233 ], [ 21.190412774922589, 52.257245730417623 ], [ 21.19041276703356, 52.25724572336302 ], [ 21.190412758087504, 52.25724571680054 ], [ 21.190412748165425, 52.257245710789604 ], [ 21.190412737357192, 52.257245705384662 ], [ 21.19041272576067, 52.257245700634684 ], [ 21.190412713480892, 52.257245696582643 ], [ 21.190412700629068, 52.257245693265283 ], [ 21.190412687321565, 52.257245690712594 ], [ 21.190412673678921, 52.257245688947748 ], [ 21.190412659824673, 52.257245687986696 ], [ 21.190412645884294, 52.257245687838143 ], [ 21.186185350333847, 52.25732407353108 ], [ 21.186185336433475, 52.257324074195878 ], [ 21.186185322699025, 52.257324075668514 ], [ 21.186185309254878, 52.257324077935628 ], [ 21.186185296222774, 52.257324080976723 ], [ 21.18618528372075, 52.257324084764207 ], [ 21.186185271862019, 52.25732408926384 ], [ 21.186185260753973, 52.257324094434836 ], [ 21.186185250497214, 52.257324100230385 ], [ 21.186185241184624, 52.257324106597999 ], [ 21.186185232900545, 52.257324113479974 ], [ 21.186185225719996, 52.257324120814033 ], [ 21.184181985722322, 52.259609847447102 ], [ 21.184181979709681, 52.259609855166694 ], [ 21.18418197492009, 52.259609863202073 ], [ 21.184181971396924, 52.259609871480428 ], [ 21.184181969172098, 52.259609879926785 ], [ 21.184181968265751, 52.259609888464695 ], [ 21.184181968686101, 52.259609897016801 ], [ 21.184181970429325, 52.25960990550567 ], [ 21.184181973479649, 52.259609913854412 ], [ 21.184181977809455, 52.259609921987426 ], [ 21.18418198337951, 52.259609929831065 ], [ 21.184181990139393, 52.259609937314288 ], [ 21.186406288048879, 52.261817384383875 ], [ 21.186406295938106, 52.261817391438754 ], [ 21.186406304884521, 52.261817398001533 ], [ 21.186406314807108, 52.261817404012795 ], [ 21.186406325615994, 52.261817409418093 ], [ 21.186406337213302, 52.261817414168455 ], [ 21.186406349494003, 52.261817418220886 ], [ 21.186406362346883, 52.261817421538694 ], [ 21.18640637565554, 52.261817424091809 ], [ 21.186406389299446, 52.26181742585711 ], [ 21.186406403155054, 52.26181742681861 ], [ 21.186406417096869, 52.261817426967625 ], [ 21.190634220349498, 52.261739027148664 ], [ 21.190634223747423, 52.261739027184852 ], [ 21.190634225670362, 52.261739028904216 ], [ 21.192859035590033, 52.26394643350789 ], [ 21.192859037238083, 52.263946435331604 ], [ 21.192859035772901, 52.263946437213143 ], [ 21.190855777115846, 52.26623236191034 ], [ 21.190855775365634, 52.266232363697867 ], [ 21.190855771977152, 52.266232363860041 ], [ 21.186627541973525, 52.266310776302973 ], [ 21.18662752807036, 52.266310776967849 ], [ 21.186627514333157, 52.266310778440563 ], [ 21.186627500886321, 52.266310780707762 ], [ 21.186627487851634, 52.266310783748921 ], [ 21.186627475347141, 52.266310787536504 ], [ 21.186627463486086, 52.26631079203618 ], [ 21.186627452375877, 52.266310797207232 ], [ 21.186627442117139, 52.266310803002838 ], [ 21.186627432802769, 52.266310809370488 ], [ 21.186627424517123, 52.266310816252528 ], [ 21.186627417335238, 52.266310823586593 ], [ 21.184623808706068, 52.26859655872412 ], [ 21.184623802692332, 52.26859656644374 ], [ 21.184623797901903, 52.268596574479119 ], [ 21.184623794378162, 52.268596582757489 ], [ 21.184623792153015, 52.26859659120386 ], [ 21.184623791246626, 52.268596599741748 ], [ 21.184623791667189, 52.268596608293848 ], [ 21.184623793410907, 52.268596616782666 ], [ 21.184623796461981, 52.268596625131387 ], [ 21.184623800792789, 52.268596633264387 ], [ 21.184623806364097, 52.268596641107976 ], [ 21.184623813125462, 52.268596648591149 ], [ 21.186848638574308, 52.270804121283746 ], [ 21.186848640222387, 52.270804123107517 ], [ 21.186848638756722, 52.270804124989006 ], [ 21.18484476889299, 52.273089952043954 ], [ 21.18484476714228, 52.273089953831402 ], [ 21.184844763753244, 52.273089953993406 ], [ 21.180615864345622, 52.273168158332275 ], [ 21.180615850440194, 52.273168158996462 ], [ 21.18061583670066, 52.273168160468501 ], [ 21.180615823251433, 52.27316816273504 ], [ 21.180615810214316, 52.273168165775559 ], [ 21.180615797707379, 52.27316816956251 ], [ 21.180615785843884, 52.27316817406161 ], [ 21.180615774731272, 52.27316817923213 ], [ 21.180615764470172, 52.273168185027224 ], [ 21.180615755153521, 52.273168191394419 ], [ 21.180615746865683, 52.273168198276039 ], [ 21.180615739681716, 52.273168205609785 ], [ 21.178611481256006, 52.275453886877301 ], [ 21.178611479504951, 52.275453888664643 ], [ 21.178611476115698, 52.275453888826469 ], [ 21.174382334212861, 52.27553187239532 ], [ 21.174382320306581, 52.275531873058796 ], [ 21.174382306566088, 52.275531874530088 ], [ 21.174382293115812, 52.275531876795952 ], [ 21.174382280077559, 52.275531879835789 ], [ 21.174382267569413, 52.275531883622101 ], [ 21.174382255704643, 52.275531888120589 ], [ 21.174382244590699, 52.275531893290527 ], [ 21.174382234328235, 52.275531899085081 ], [ 21.174382225010184, 52.275531905451793 ], [ 21.174382216720936, 52.275531912333008 ], [ 21.174382209535565, 52.275531919666385 ], [ 21.172377562502025, 52.277817455105769 ], [ 21.172377556484939, 52.277817462824821 ], [ 21.172377551691334, 52.277817470859709 ], [ 21.172377548164611, 52.277817479137731 ], [ 21.172377545936726, 52.277817487583896 ], [ 21.172377545027835, 52.277817496121713 ], [ 21.172377545446185, 52.277817504673855 ], [ 21.172377547187981, 52.277817513162887 ], [ 21.172377550237449, 52.277817521511928 ], [ 21.172377554566971, 52.277817529645375 ], [ 21.172377560137345, 52.27781753748954 ], [ 21.172377566898113, 52.277817544973388 ], [ 21.17460226579631, 52.280025246914029 ], [ 21.174602267444239, 52.280025248737992 ], [ 21.174602265977764, 52.280025250619332 ], [ 21.17259739584685, 52.282310834110689 ], [ 21.172597389829221, 52.282310841829741 ], [ 21.172597385035193, 52.282310849864658 ], [ 21.172597381508183, 52.282310858142665 ], [ 21.172597379280138, 52.282310866588844 ], [ 21.172597378371226, 52.282310875126647 ], [ 21.172597378789682, 52.28231088367879 ], [ 21.17259738053172, 52.282310892167821 ], [ 21.172597383581564, 52.282310900516833 ], [ 21.172597387911591, 52.282310908650246 ], [ 21.172597393482587, 52.282310916494396 ], [ 21.172597400244094, 52.282310923978216 ], [ 21.174822341657766, 52.28451861760113 ], [ 21.17482234330588, 52.284518619425072 ], [ 21.174822341839267, 52.284518621306404 ], [ 21.172817287004523, 52.286804209022861 ], [ 21.17281728098634, 52.286804216741913 ], [ 21.172817276191893, 52.286804224776851 ], [ 21.172817272664595, 52.28680423305488 ], [ 21.172817270436386, 52.286804241501024 ], [ 21.172817269527449, 52.286804250038827 ], [ 21.17281726994602, 52.286804258590969 ], [ 21.172817271688299, 52.286804267079972 ], [ 21.172817274738517, 52.286804275428992 ], [ 21.172817279069044, 52.286804283562375 ], [ 21.172817284640665, 52.286804291406497 ], [ 21.172817291402922, 52.286804298890331 ], [ 21.175042475398232, 52.289011984194147 ], [ 21.175042477046521, 52.289011986018089 ], [ 21.175042475579779, 52.289011987899421 ], [ 21.173037197541245, 52.291297623669919 ], [ 21.173037195789352, 52.29129762545719 ], [ 21.173037192398876, 52.291297625618874 ], [ 21.168806526190274, 52.291375425955877 ], [ 21.16880651227893, 52.29137542661875 ], [ 21.168806498533343, 52.291375428089466 ], [ 21.16880648507799, 52.291375430354734 ], [ 21.168806472034717, 52.291375433394002 ], [ 21.168806459521651, 52.291375437179752 ], [ 21.168806447652106, 52.291375441677744 ], [ 21.16880643653359, 52.291375446847169 ], [ 21.168806426266787, 52.291375452641297 ], [ 21.168806416944662, 52.291375459007597 ], [ 21.168806408651648, 52.291375465888422 ], [ 21.168806401462859, 52.291375473221485 ], [ 21.166800734420736, 52.293660963070515 ], [ 21.166800732668499, 52.2936609648577 ], [ 21.166800729277814, 52.2936609650192 ], [ 21.16256973933616, 52.293738545887756 ], [ 21.16256973593579, 52.293738545850772 ], [ 21.162569734012507, 52.293738544130974 ], [ 21.160344877080622, 52.291530578829708 ], [ 21.160344875432834, 52.291530577005553 ], [ 21.160344876900286, 52.291530575124391 ], [ 21.162350786488158, 52.289245191608515 ], [ 21.162350792508491, 52.289245183889975 ], [ 21.162350797305095, 52.289245175855449 ], [ 21.162350800834542, 52.289245167577711 ], [ 21.16235080306485, 52.289245159131731 ], [ 21.162350803975841, 52.289245150593985 ], [ 21.162350803559253, 52.289245142041786 ], [ 21.162350801818857, 52.289245133552619 ], [ 21.162350798770422, 52.28924512520333 ], [ 21.162350794441547, 52.28924511706952 ], [ 21.162350788871439, 52.289245109224886 ], [ 21.162350782110551, 52.289245101740455 ], [ 21.160126252988832, 52.287037212836623 ], [ 21.160126245099132, 52.287037205780024 ], [ 21.160126236151346, 52.287037199215298 ], [ 21.160126226226524, 52.287037193201868 ], [ 21.160126215414536, 52.287037187794219 ], [ 21.160126203813292, 52.287037183041321 ], [ 21.160126191527869, 52.287037178986239 ], [ 21.160126178669518, 52.287037175665645 ], [ 21.160126165354679, 52.287037173109645 ], [ 21.160126151703949, 52.287037171341382 ], [ 21.160126137840944, 52.287037170376877 ], [ 21.160126123891203, 52.287037170224849 ], [ 21.155895827472232, 52.287114503696948 ], [ 21.155895824072367, 52.287114503659772 ], [ 21.155895822149635, 52.287114501939868 ], [ 21.153671677729527, 52.284906443637361 ], [ 21.153671669841227, 52.284906436580314 ], [ 21.153671660894819, 52.284906430015063 ], [ 21.153671650971344, 52.284906424001079 ], [ 21.153671640160653, 52.284906418592833 ], [ 21.153671628560648, 52.284906413839302 ], [ 21.153671616276387, 52.284906409783488 ], [ 21.15367160341912, 52.284906406462213 ], [ 21.153671590105279, 52.284906403905467 ], [ 21.153671576455437, 52.284906402136436 ], [ 21.153671562593217, 52.284906401171177 ], [ 21.153671548644152, 52.284906401018368 ], [ 21.149441437219373, 52.284983501109892 ], [ 21.149441433819675, 52.284983501072539 ], [ 21.149441431897273, 52.284983499352499 ], [ 21.147217714792806, 52.282775314035796 ], [ 21.147217706905906, 52.282775306978316 ], [ 21.147217697960887, 52.28277530041256 ], [ 21.147217688038744, 52.282775294398022 ], [ 21.147217677229346, 52.282775288989171 ], [ 21.147217665630578, 52.28277528423498 ], [ 21.147217653347489, 52.282775280178498 ], [ 21.147217640491302, 52.282775276856498 ], [ 21.147217627178453, 52.282775274299006 ], [ 21.147217613529509, 52.282775272529229 ], [ 21.147217599668071, 52.282775271563196 ], [ 21.14721758571967, 52.282775271409626 ], [ 21.142987659355171, 52.282852138154155 ], [ 21.142987655955633, 52.282852138116603 ], [ 21.142987654033583, 52.282852136396457 ], [ 21.140764364198688, 52.280643824111678 ], [ 21.140764356313188, 52.280643817053722 ], [ 21.14076434736954, 52.280643810487454 ], [ 21.140764337448747, 52.280643804472362 ], [ 21.140764326640642, 52.280643799062894 ], [ 21.140764315043114, 52.280643794308055 ], [ 21.140764302761188, 52.280643790250899 ], [ 21.140764289906087, 52.280643786928181 ], [ 21.140764276594233, 52.28064378436995 ], [ 21.140764262946181, 52.280643782599419 ], [ 21.140764249085525, 52.280643781632605 ], [ 21.140764235137798, 52.280643781478268 ], [ 21.136534493899603, 52.280720414909432 ], [ 21.136534490500228, 52.280720414871702 ], [ 21.136534488578523, 52.280720413151457 ], [ 21.134311625967118, 52.278511973944624 ], [ 21.134311618083025, 52.278511966886221 ], [ 21.134311609140756, 52.27851196031947 ], [ 21.134311599221306, 52.278511954303809 ], [ 21.134311588414494, 52.278511948893737 ], [ 21.134311576818199, 52.278511944138252 ], [ 21.134311564537434, 52.278511940080413 ], [ 21.134311551683425, 52.278511936756956 ], [ 21.134311538372561, 52.278511934197994 ], [ 21.134311524725401, 52.278511932426703 ], [ 21.134311510865537, 52.278511931459121 ], [ 21.134311496918478, 52.278511931304024 ], [ 21.130082021977859, 52.278588329991848 ], [ 21.13008200806981, 52.278588330650123 ], [ 21.130081994326758, 52.278588332116314 ], [ 21.13008198087315, 52.278588334377133 ], [ 21.13008196783084, 52.278588337412131 ], [ 21.13008195531793, 52.278588341193775 ], [ 21.130081943447735, 52.278588345687879 ], [ 21.130081932327759, 52.278588350853695 ], [ 21.130081922058714, 52.278588356644477 ], [ 21.130081912733583, 52.278588363007771 ], [ 21.130081904436828, 52.278588369885931 ], [ 21.130081897243574, 52.278588377216686 ], [ 21.128074776609118, 52.280873228879784 ], [ 21.128074774855794, 52.280873230666415 ], [ 21.128074771465919, 52.280873230826806 ], [ 21.123844892381481, 52.280949411460902 ], [ 21.123844888982088, 52.280949411422796 ], [ 21.123844887060852, 52.28094940970233 ], [ 21.12162263694114, 52.278740724945095 ], [ 21.121622629058997, 52.278740717885846 ], [ 21.121622620118529, 52.278740711318093 ], [ 21.121622610200713, 52.278740705301345 ], [ 21.121622599395362, 52.278740699890108 ], [ 21.121622587800328, 52.278740695133351 ], [ 21.121622575520622, 52.278740691074177 ], [ 21.121622562667451, 52.278740687749341 ], [ 21.121622549357213, 52.278740685188936 ], [ 21.121622535710451, 52.278740683416181 ], [ 21.12162252185075, 52.278740682447108 ], [ 21.121622507903616, 52.278740682290504 ], [ 21.117392895299073, 52.278816628212134 ], [ 21.117392891899843, 52.278816628173836 ], [ 21.117392889978944, 52.278816626453278 ], [ 21.115171067056401, 52.276607814891456 ], [ 21.115171059175655, 52.276607807831752 ], [ 21.115171050236569, 52.276607801263502 ], [ 21.115171040320096, 52.2766077952462 ], [ 21.115171029516038, 52.276607789834337 ], [ 21.115171017922247, 52.276607785076941 ], [ 21.115171005643703, 52.27660778101707 ], [ 21.115170992791619, 52.276607777691517 ], [ 21.115170979482375, 52.276607775130394 ], [ 21.115170965836505, 52.276607773356872 ], [ 21.115170951977582, 52.276607772387045 ], [ 21.115170938031124, 52.27660777222966 ], [ 21.110941591965624, 52.276683483484305 ], [ 21.110941578057826, 52.276683484140314 ], [ 21.110941564314668, 52.276683485604273 ], [ 21.110941550860602, 52.276683487862925 ], [ 21.110941537817475, 52.276683490895813 ], [ 21.110941525303407, 52.276683494675474 ], [ 21.110941513431726, 52.276683499167639 ], [ 21.110941502309945, 52.276683504331679 ], [ 21.110941492038787, 52.276683510120804 ], [ 21.110941482711265, 52.27668351648262 ], [ 21.110941474411856, 52.276683523359466 ], [ 21.110941467215707, 52.276683530689084 ], [ 21.108933435796416, 52.278968067150046 ], [ 21.108933434042385, 52.2789680689364 ], [ 21.108933430652563, 52.278968069096244 ], [ 21.104703761825984, 52.279043560777062 ], [ 21.104703747917338, 52.279043561432353 ], [ 21.104703734173224, 52.279043562895573 ], [ 21.104703720718113, 52.279043565153515 ], [ 21.104703707673849, 52.279043568185735 ], [ 21.104703695158573, 52.279043571964721 ], [ 21.104703683285621, 52.279043576456303 ], [ 21.104703672162515, 52.27904358161976 ], [ 21.104703661889989, 52.279043587408346 ], [ 21.104703652561074, 52.279043593769686 ], [ 21.104703644260251, 52.279043600646098 ], [ 21.104703637062698, 52.27904360797536 ], [ 21.102695216942315, 52.281327998211637 ], [ 21.102695210912568, 52.281328005927257 ], [ 21.10269520610591, 52.281328013959467 ], [ 21.102695202565879, 52.281328022235542 ], [ 21.102695200324543, 52.281328030680513 ], [ 21.102695199402188, 52.281328039217939 ], [ 21.102695199807172, 52.281328047770479 ], [ 21.10269520153583, 52.281328056260655 ], [ 21.102695204572505, 52.281328064611607 ], [ 21.102695208889703, 52.281328072747741 ], [ 21.10269521444831, 52.281328080595323 ], [ 21.102695221198001, 52.281328088083299 ], [ 21.104916673023819, 52.283537136925752 ], [ 21.104916674669052, 52.283537138750702 ], [ 21.104916673199487, 52.283537140631203 ], [ 21.102908028906821, 52.285821578717787 ], [ 21.102908022876505, 52.285821586433393 ], [ 21.102908018069424, 52.28582159446561 ], [ 21.102908014529106, 52.285821602741699 ], [ 21.102908012287603, 52.28582161118667 ], [ 21.102908011365219, 52.285821619724089 ], [ 21.102908011770317, 52.285821628276615 ], [ 21.102908013499217, 52.285821636766798 ], [ 21.102908016536258, 52.285821645117743 ], [ 21.102908020853953, 52.285821653253848 ], [ 21.102908026413186, 52.285821661101409 ], [ 21.102908033163615, 52.28582166858935 ], [ 21.105129726667698, 52.288030709334741 ], [ 21.105129728313109, 52.288030711159699 ], [ 21.105129726843412, 52.288030713040193 ], [ 21.103120858321116, 52.29031519897778 ], [ 21.10312085656642, 52.290315200764041 ], [ 21.10312085317571, 52.290315200923743 ], [ 21.09889008794709, 52.290390495786369 ], [ 21.098890074034784, 52.290390496441013 ], [ 21.098890060286955, 52.290390497903601 ], [ 21.098890046828107, 52.290390500160925 ], [ 21.098890033780119, 52.290390503192533 ], [ 21.098890021261155, 52.29039050697093 ], [ 21.098890009384597, 52.29039051146195 ], [ 21.098889998257988, 52.290390516624896 ], [ 21.098889987982112, 52.290390522413041 ], [ 21.098889978650018, 52.290390528773912 ], [ 21.098889970346203, 52.290390535649955 ], [ 21.098889963145893, 52.290390542978869 ], [ 21.096880705635542, 52.292674882614079 ], [ 21.096880703880498, 52.29267488440027 ], [ 21.096880700489578, 52.292674884559752 ], [ 21.092649693563143, 52.292749958245956 ], [ 21.092649679649984, 52.292749958899861 ], [ 21.092649665901199, 52.292749960361732 ], [ 21.092649652441303, 52.292749962618359 ], [ 21.092649639392182, 52.292749965649293 ], [ 21.092649626872007, 52.292749969427042 ], [ 21.092649614994169, 52.292749973917445 ], [ 21.092649603866246, 52.292749979079822 ], [ 21.092649593588995, 52.292749984867399 ], [ 21.092649584255504, 52.292749991227815 ], [ 21.092649575950283, 52.292749998103439 ], [ 21.092649568748559, 52.292750005431955 ], [ 21.090639922204598, 52.29503419872411 ], [ 21.090639916170936, 52.295034206439105 ], [ 21.090639911360672, 52.29503421447086 ], [ 21.090639907817366, 52.295034222746587 ], [ 21.090639905573106, 52.295034231191373 ], [ 21.090639904648221, 52.2950342397287 ], [ 21.090639905051088, 52.295034248281276 ], [ 21.090639906778048, 52.295034256771622 ], [ 21.090639909813472, 52.295034265122922 ], [ 21.09063991412987, 52.295034273259454 ], [ 21.090639919688154, 52.29503428110759 ], [ 21.090639926437984, 52.295034288596241 ], [ 21.092861489955641, 52.29724355857828 ], [ 21.09286149160091, 52.297243560403409 ], [ 21.092861490130389, 52.297243562283747 ], [ 21.090851580530739, 52.299527847194888 ], [ 21.09085157877519, 52.299527848981 ], [ 21.09085157538372, 52.299527849140325 ], [ 21.08661989911095, 52.299602713667838 ], [ 21.086619885195539, 52.299602714321068 ], [ 21.08661987144442, 52.299602715782278 ], [ 21.086619857982122, 52.299602718038223 ], [ 21.086619844930567, 52.299602721068496 ], [ 21.086619832407948, 52.299602724845641 ], [ 21.086619820527677, 52.299602729335447 ], [ 21.086619809397327, 52.299602734497284 ], [ 21.08661979911772, 52.299602740284371 ], [ 21.086619789781935, 52.299602746644311 ], [ 21.086619781474518, 52.299602753519515 ], [ 21.086619774270705, 52.299602760847698 ], [ 21.08460951400998, 52.301886855554073 ], [ 21.08460950797436, 52.301886863268805 ], [ 21.084609503162291, 52.301886871300304 ], [ 21.084609499617343, 52.301886879575861 ], [ 21.084609497371627, 52.301886888020526 ], [ 21.084609496445474, 52.301886896557818 ], [ 21.084609496847275, 52.301886905110408 ], [ 21.084609498573396, 52.301886913600868 ], [ 21.084609501608195, 52.301886921952288 ], [ 21.084609505924199, 52.301886930089061 ], [ 21.084609511482306, 52.301886937937468 ], [ 21.084609518232199, 52.301886945426446 ], [ 21.08683113738714, 52.304096326025963 ], [ 21.086831139032419, 52.304096327851163 ], [ 21.086831137561425, 52.304096329731451 ], [ 21.08482065261737, 52.306380472238438 ], [ 21.084820646581203, 52.306380479953177 ], [ 21.084820641768705, 52.306380487984683 ], [ 21.084820638223459, 52.30638049626026 ], [ 21.084820635977579, 52.306380504704904 ], [ 21.084820635051393, 52.306380513242196 ], [ 21.084820635453305, 52.3063805217948 ], [ 21.084820637179664, 52.306380530285232 ], [ 21.084820640214833, 52.306380538636638 ], [ 21.08482064453133, 52.306380546773397 ], [ 21.084820650090073, 52.306380554621775 ], [ 21.084820656840702, 52.306380562110725 ], [ 21.087042517732463, 52.308589934667822 ], [ 21.087042519377921, 52.308589936493028 ], [ 21.087042517906788, 52.308589938373302 ], [ 21.085031846780073, 52.310874084881632 ], [ 21.085031840743348, 52.310874092596372 ], [ 21.085031835930415, 52.310874100627892 ], [ 21.085031832384882, 52.310874108903462 ], [ 21.085031830138838, 52.310874117348114 ], [ 21.085031829212625, 52.310874125885391 ], [ 21.085031829614636, 52.310874134437974 ], [ 21.085031831341237, 52.310874142928412 ], [ 21.085031834376778, 52.310874151279812 ], [ 21.08503183869378, 52.310874159416535 ], [ 21.085031844253134, 52.310874167264906 ], [ 21.085031851004508, 52.310874174753849 ], [ 21.087253953698998, 52.313083539267275 ], [ 21.087253955344639, 52.313083541092453 ], [ 21.087253953873375, 52.313083542972741 ], [ 21.085243096517519, 52.315367693483559 ], [ 21.08524309048024, 52.315367701198312 ], [ 21.085243085666892, 52.315367709229847 ], [ 21.085243082121057, 52.315367717505403 ], [ 21.08524307987485, 52.315367725950075 ], [ 21.085243078948608, 52.315367734487346 ], [ 21.085243079350725, 52.315367743039914 ], [ 21.085243081077568, 52.315367751530353 ], [ 21.085243084113475, 52.315367759881724 ], [ 21.085243088430975, 52.315367768018433 ], [ 21.085243093990957, 52.315367775866797 ], [ 21.085243100743071, 52.31536778335569 ], [ 21.087465445306218, 52.317577139824202 ], [ 21.087465446952042, 52.31757714164938 ], [ 21.087465445480643, 52.317577143529675 ], [ 21.085454401849184, 52.31986129804416 ], [ 21.08545439581135, 52.319861305758934 ], [ 21.085454390997569, 52.319861313790469 ], [ 21.085454387451446, 52.319861322066046 ], [ 21.085454385205068, 52.319861330510712 ], [ 21.085454384278798, 52.319861339047968 ], [ 21.085454384681029, 52.319861347600543 ], [ 21.085454386408106, 52.319861356090968 ], [ 21.08545438944439, 52.319861364442325 ], [ 21.085454393762383, 52.319861372579027 ], [ 21.085454399322991, 52.319861380427341 ], [ 21.085454406075844, 52.319861387916227 ], [ 21.087676949951629, 52.322070693972996 ], [ 21.087676957836322, 52.322070701034455 ], [ 21.087676966780755, 52.322070707604695 ], [ 21.087676976703904, 52.322070713624171 ], [ 21.087676987515902, 52.322070719038436 ], [ 21.087676999118845, 52.322070723798426 ], [ 21.087677011407653, 52.322070727860989 ], [ 21.087677024271038, 52.322070731189392 ], [ 21.087677037592496, 52.322070733753492 ], [ 21.087677051251401, 52.322070735530048 ], [ 21.087677065124041, 52.322070736502937 ], [ 21.087677079084795, 52.322070736663413 ], [ 21.091910895517035, 52.321995811813537 ], [ 21.091910898919572, 52.321995811852531 ], [ 21.091910900841402, 52.321995813573473 ], [ 21.09413395827805, 52.324205077536881 ], [ 21.094133959924392, 52.324205079361981 ], [ 21.094133958453067, 52.32420508124234 ], [ 21.092122970556353, 52.326489346465458 ], [ 21.092122964518826, 52.326489354180545 ], [ 21.092122959705581, 52.326489362212328 ], [ 21.0921229561602, 52.326489370488083 ], [ 21.09212295391481, 52.326489378932855 ], [ 21.092122952989726, 52.326489387470161 ], [ 21.092122953393329, 52.32648939602268 ], [ 21.092122955121976, 52.326489404512984 ], [ 21.092122958160001, 52.326489412864142 ], [ 21.092122962479891, 52.326489421000566 ], [ 21.092122968042535, 52.326489428848539 ], [ 21.09212297479754, 52.32648943633702 ], [ 21.094346231721364, 52.328698649868237 ], [ 21.09434623336789, 52.328698651693301 ], [ 21.094346231896431, 52.328698653573674 ], [ 21.092335057697145, 52.330982922819871 ], [ 21.09233505165906, 52.330982930534987 ], [ 21.092335046845388, 52.330982938566784 ], [ 21.092335043299716, 52.330982946842553 ], [ 21.092335041054152, 52.330982955287311 ], [ 21.092335040129043, 52.330982963824624 ], [ 21.092335040532756, 52.330982972377136 ], [ 21.092335042261642, 52.330982980867404 ], [ 21.092335045300036, 52.330982989218562 ], [ 21.092335049620434, 52.330982997354965 ], [ 21.092335055183696, 52.33098300520291 ], [ 21.092335061939448, 52.330983012691362 ], [ 21.094558561042419, 52.333192218153158 ], [ 21.094558562689127, 52.33319221997823 ], [ 21.094558561217536, 52.333192221858596 ], [ 21.09254716209778, 52.335476538931509 ], [ 21.092547160340914, 52.335476540717622 ], [ 21.092547156946708, 52.335476540877039 ], [ 21.088312055069263, 52.335551501949531 ], [ 21.088312041142615, 52.335551502603074 ], [ 21.088312027380443, 52.335551504064583 ], [ 21.08831201390737, 52.335551506320826 ], [ 21.088312000845413, 52.335551509351383 ], [ 21.088311988312874, 52.335551513128785 ], [ 21.088311976423242, 52.33555151761886 ], [ 21.088311965284195, 52.335551522780911 ], [ 21.088311954996602, 52.335551528568182 ], [ 21.088311945653636, 52.335551534928314 ], [ 21.08831193733991, 52.33555154180366 ], [ 21.0883119301307, 52.335551549131964 ], [ 21.086300179507436, 52.337835675871865 ], [ 21.086300173467393, 52.337835683586682 ], [ 21.08630016865191, 52.337835691618238 ], [ 21.086300165104596, 52.337835699893837 ], [ 21.086300162857572, 52.337835708338503 ], [ 21.086300161931185, 52.337835716875759 ], [ 21.086300162333835, 52.337835725428299 ], [ 21.086300164061871, 52.337835733918659 ], [ 21.086300167099644, 52.337835742269966 ], [ 21.086300171419637, 52.337835750406576 ], [ 21.086300176982736, 52.337835758254812 ], [ 21.086300183738555, 52.337835765743598 ], [ 21.088523738634855, 52.340045081968718 ], [ 21.08852374028158, 52.340045083793868 ], [ 21.08852373880951, 52.340045085674191 ], [ 21.086511763102362, 52.34232926022473 ], [ 21.086511757061771, 52.342329267939554 ], [ 21.086511752245858, 52.342329275971139 ], [ 21.086511748698239, 52.342329284246745 ], [ 21.086511746451063, 52.342329292691396 ], [ 21.086511745524646, 52.342329301228645 ], [ 21.086511745927403, 52.342329309781171 ], [ 21.086511747655674, 52.342329318271531 ], [ 21.086511750693813, 52.342329326622824 ], [ 21.08651175501431, 52.342329334759427 ], [ 21.086511760578027, 52.342329342607641 ], [ 21.086511767334592, 52.342329350096378 ], [ 21.088735564495668, 52.344538658269073 ], [ 21.088735566142567, 52.34453866009423 ], [ 21.088735564670362, 52.344538661974518 ], [ 21.086723402408445, 52.346822840535836 ], [ 21.086723396367294, 52.346822848250682 ], [ 21.086723391550954, 52.346822856282259 ], [ 21.086723388003048, 52.346822864557872 ], [ 21.086723385755693, 52.346822873002509 ], [ 21.086723384829252, 52.346822881539765 ], [ 21.086723385232119, 52.346822890092277 ], [ 21.086723386960632, 52.346822898582644 ], [ 21.086723389999143, 52.346822906933916 ], [ 21.086723394320135, 52.34682291507049 ], [ 21.086723399884484, 52.346822922918676 ], [ 21.086723406641791, 52.346822930407406 ], [ 21.088947446133734, 52.349032230526397 ], [ 21.088947447780821, 52.349032232351554 ], [ 21.088947446308474, 52.349032234231842 ], [ 21.086935097445213, 52.351316416805105 ], [ 21.086935091403511, 52.351316424519943 ], [ 21.086935086586745, 52.351316432551535 ], [ 21.086935083038536, 52.351316440827119 ], [ 21.086935080791022, 52.351316449271806 ], [ 21.086935079864553, 52.351316457809034 ], [ 21.086935080267519, 52.351316466361546 ], [ 21.08693508199627, 52.351316474851878 ], [ 21.086935085035158, 52.351316483203128 ], [ 21.086935089356654, 52.351316491339695 ], [ 21.086935094921621, 52.351316499187881 ], [ 21.086935101679664, 52.351316506676582 ], [ 21.089159383568614, 52.353525798740634 ], [ 21.089159385215883, 52.353525800565755 ], [ 21.089159383743404, 52.353525802446072 ], [ 21.087146809638259, 52.355810032833205 ], [ 21.087146807880391, 52.355810034619246 ], [ 21.0871468044846, 52.355810034778514 ], [ 21.082909744640428, 52.355884822466876 ], [ 21.082909730707296, 52.355884823119837 ], [ 21.082909716938627, 52.355884824580784 ], [ 21.082909703459109, 52.355884826836473 ], [ 21.082909690390814, 52.35588482986649 ], [ 21.082909677852086, 52.35588483364338 ], [ 21.082909665956493, 52.355884838132944 ], [ 21.082909654811754, 52.355884843294518 ], [ 21.082909644518796, 52.355884849081363 ], [ 21.082909635170832, 52.355884855441097 ], [ 21.082909626852523, 52.355884862316088 ], [ 21.082909619639203, 52.355884869644093 ], [ 21.080896693558724, 52.358168909592592 ], [ 21.080896687515065, 52.35816891730714 ], [ 21.08089668269648, 52.358168925338511 ], [ 21.080896679146626, 52.358168933613932 ], [ 21.080896676897648, 52.358168942058477 ], [ 21.080896675969903, 52.358168950595683 ], [ 21.080896676371808, 52.358168959148209 ], [ 21.080896678099716, 52.35816896763864 ], [ 21.080896681137968, 52.35816897599004 ], [ 21.080896685459063, 52.35816898412682 ], [ 21.080896691023867, 52.358168991975269 ], [ 21.080896697781981, 52.358168999464318 ], [ 21.083121035383122, 52.360378402378302 ], [ 21.083121037030409, 52.36037840420353 ], [ 21.083121035557451, 52.360378406083761 ], [ 21.081107845465656, 52.362662537628935 ], [ 21.081107843707272, 52.362662539414906 ], [ 21.081107840310938, 52.362662539574011 ], [ 21.076870108760211, 52.362737117525768 ], [ 21.076870094824816, 52.362737118178046 ], [ 21.076870081053798, 52.362737119638311 ], [ 21.076870067571875, 52.362737121893332 ], [ 21.076870054501139, 52.362737124922702 ], [ 21.076870041959964, 52.36273712869896 ], [ 21.076870030061915, 52.362737133187942 ], [ 21.07687001891475, 52.362737138348969 ], [ 21.076870008619419, 52.362737144135316 ], [ 21.076869999269157, 52.362737150494603 ], [ 21.076869990948644, 52.362737157369175 ], [ 21.076869983733225, 52.362737164696817 ], [ 21.074856402896767, 52.365021149542713 ], [ 21.074856401138046, 52.365021151328612 ], [ 21.074856397741495, 52.365021151487525 ], [ 21.070618423754773, 52.365095507609794 ], [ 21.070618409818522, 52.365095508261362 ], [ 21.070618396046552, 52.365095509720895 ], [ 21.07061838256357, 52.36509551197522 ], [ 21.070618369491697, 52.365095515003908 ], [ 21.0706183569493, 52.365095518779512 ], [ 21.070618345049983, 52.365095523267868 ], [ 21.070618333901486, 52.365095528428334 ], [ 21.07061832360478, 52.365095534214149 ], [ 21.070618314253117, 52.365095540572931 ], [ 21.070618305931184, 52.36509554744709 ], [ 21.070618298714351, 52.365095554774356 ], [ 21.068604288465281, 52.367379436675066 ], [ 21.068604286706208, 52.367379438460873 ], [ 21.068604283309451, 52.367379438619615 ], [ 21.064365985662132, 52.367453574293073 ], [ 21.064365982256099, 52.367453574253332 ], [ 21.064365980333299, 52.367453572531922 ], [ 21.06214220366202, 52.365243812935113 ], [ 21.062142195773461, 52.365243805872041 ], [ 21.062142186823873, 52.365243799299975 ], [ 21.062142176894298, 52.365243793278438 ], [ 21.062142166074665, 52.365243787861971 ], [ 21.062142154462954, 52.365243783099601 ], [ 21.062142142164326, 52.365243779034508 ], [ 21.062142129290152, 52.365243775703455 ], [ 21.06214211595703, 52.365243773136605 ], [ 21.062142102285708, 52.36524377135725 ], [ 21.062142088399991, 52.365243770381497 ], [ 21.062142074425633, 52.365243770218107 ], [ 21.057904045195205, 52.365317670648487 ], [ 21.057904041789339, 52.365317670608533 ], [ 21.057904039866884, 52.365317668887052 ], [ 21.055680692627586, 52.363107782449283 ], [ 21.055680684740441, 52.363107775385764 ], [ 21.055680675792232, 52.363107768813194 ], [ 21.05568066586401, 52.363107762791081 ], [ 21.055680655045681, 52.363107757374003 ], [ 21.055680643435213, 52.363107752611015 ], [ 21.055680631137758, 52.363107748545197 ], [ 21.055680618264681, 52.363107745213426 ], [ 21.055680604932558, 52.363107742645866 ], [ 21.055680591262139, 52.36310774086575 ], [ 21.05568057737722, 52.363107739889209 ], [ 21.055680563403531, 52.363107739725073 ], [ 21.051442802649262, 52.363181404958091 ], [ 21.051442788713274, 52.363181405607385 ], [ 21.051442774941201, 52.363181407064687 ], [ 21.051442761457771, 52.363181409316816 ], [ 21.051442748385085, 52.36318141234338 ], [ 21.051442735841533, 52.363181416116987 ], [ 21.051442723940724, 52.363181420603432 ], [ 21.051442712790418, 52.363181425762093 ], [ 21.051442702491599, 52.363181431546252 ], [ 21.051442693137545, 52.363181437903549 ], [ 21.051442684812947, 52.36318144477638 ], [ 21.051442677593208, 52.363181452102516 ], [ 21.049427753406157, 52.365465017058824 ], [ 21.04942775164638, 52.365465018844326 ], [ 21.049427748249691, 52.365465019002507 ], [ 21.045189664114911, 52.365538463733209 ], [ 21.045189650178063, 52.365538464381778 ], [ 21.045189636405034, 52.365538465838355 ], [ 21.045189622920546, 52.365538468089795 ], [ 21.045189609846727, 52.365538471115677 ], [ 21.045189597301967, 52.365538474888616 ], [ 21.045189585399871, 52.365538479374436 ], [ 21.045189574248244, 52.365538484532536 ], [ 21.04518956394805, 52.365538490316162 ], [ 21.045189554592589, 52.365538496672961 ], [ 21.045189546266574, 52.365538503545366 ], [ 21.04518953904542, 52.365538510871126 ], [ 21.043174185407132, 52.367821972732415 ], [ 21.043174183647011, 52.367821974517838 ], [ 21.043174180250109, 52.367821974675849 ], [ 21.038935772772035, 52.367895198853347 ], [ 21.038935769365978, 52.36789519881286 ], [ 21.038935767444137, 52.367895197091052 ], [ 21.036713224371933, 52.365684946201867 ], [ 21.0367132164873, 52.365684939137047 ], [ 21.036713207541339, 52.365684932563006 ], [ 21.036713197615072, 52.365684926539309 ], [ 21.036713186798373, 52.365684921120462 ], [ 21.03671317518921, 52.365684916355569 ], [ 21.036713162892724, 52.365684912287804 ], [ 21.036713150020258, 52.365684908953966 ], [ 21.036713136688398, 52.36568490638426 ], [ 21.036713123017883, 52.365684904601942 ], [ 21.03671310913251, 52.365684903623183 ], [ 21.036713095158021, 52.365684903456803 ], [ 21.032475037726702, 52.365757891070338 ], [ 21.032475023789566, 52.365757891717394 ], [ 21.032475010016004, 52.365757893172479 ], [ 21.03247499653077, 52.365757895422483 ], [ 21.032474983455977, 52.365757898446979 ], [ 21.03247497091003, 52.365757902218569 ], [ 21.03247495900656, 52.365757906703138 ], [ 21.032474947853352, 52.365757911860037 ], [ 21.032474937551424, 52.365757917642576 ], [ 21.032474928194066, 52.365757923998402 ], [ 21.032474919866015, 52.365757930869925 ], [ 21.032474912642694, 52.365757938194932 ], [ 21.030458887520631, 52.368041189861366 ], [ 21.030458885759973, 52.368041191646604 ], [ 21.030458882363003, 52.368041191804245 ], [ 21.026220420477678, 52.368113960213513 ], [ 21.026220417071606, 52.368113960172685 ], [ 21.026220415150242, 52.368113958450664 ], [ 21.023998489174687, 52.365903462070179 ], [ 21.023998481292029, 52.365903455004506 ], [ 21.023998472347884, 52.365903448429485 ], [ 21.023998462423261, 52.365903442404672 ], [ 21.023998451608037, 52.365903436984674 ], [ 21.023998440000152, 52.365903432218524 ], [ 21.023998427704729, 52.365903428149402 ], [ 21.02399841483313, 52.365903424814171 ], [ 21.023998401501899, 52.365903422243015 ], [ 21.023998387831785, 52.365903420459226 ], [ 21.023998373946579, 52.365903419478968 ], [ 21.02399835997203, 52.365903419311103 ], [ 21.019760167043572, 52.365975952593274 ], [ 21.01976016363766, 52.365975952552233 ], [ 21.019760161716643, 52.365975950830119 ], [ 21.017538622633669, 52.363765285433082 ], [ 21.017538620988937, 52.363765283606924 ], [ 21.017538622464805, 52.363765281727474 ], [ 21.019555131181171, 52.361482244206812 ], [ 21.019555137236047, 52.361482236495277 ], [ 21.019555142066167, 52.361482228466343 ], [ 21.019555145627784, 52.36148222019262 ], [ 21.019555147888642, 52.361482211749134 ], [ 21.019555148828275, 52.36148220321229 ], [ 21.019555148438172, 52.361482194659438 ], [ 21.01955514672186, 52.361482186167997 ], [ 21.019555143694891, 52.361482177814906 ], [ 21.019555139384661, 52.361482169675774 ], [ 21.019555133830224, 52.361482161824341 ], [ 21.019555127081876, 52.361482154331689 ], [ 21.017333914876417, 52.359271565878998 ], [ 21.017333906996019, 52.359271558812843 ], [ 21.017333898054222, 52.359271552237288 ], [ 21.017333888132004, 52.3592715462119 ], [ 21.017333877319217, 52.359271540791255 ], [ 21.017333865713795, 52.35927153602443 ], [ 21.017333853420826, 52.35927153195459 ], [ 21.017333840551643, 52.359271528618585 ], [ 21.017333827222792, 52.359271526046648 ], [ 21.017333813554981, 52.359271524262084 ], [ 21.017333799671984, 52.359271523281009 ], [ 21.017333785699535, 52.359271523112319 ], [ 21.013096291164732, 52.359343809662036 ], [ 21.013096277229259, 52.359343810306783 ], [ 21.01309626345699, 52.359343811759615 ], [ 21.013096249972651, 52.359343814007389 ], [ 21.01309623689836, 52.359343817029732 ], [ 21.013096224352516, 52.359343820799261 ], [ 21.013096212448733, 52.35934382528189 ], [ 21.013096201294815, 52.35934383043697 ], [ 21.013096190991778, 52.359343836217846 ], [ 21.013096181632925, 52.359343842572137 ], [ 21.013096173303015, 52.359343849442332 ], [ 21.013096166077474, 52.359343856766195 ], [ 21.011079454408033, 52.361626743418817 ], [ 21.011079448351655, 52.361626751129911 ], [ 21.011079443519979, 52.361626759158554 ], [ 21.011079439956756, 52.361626767432014 ], [ 21.011079437694271, 52.361626775875351 ], [ 21.011079436752993, 52.361626784412152 ], [ 21.011079437141468, 52.361626792965069 ], [ 21.011079438856161, 52.361626801456623 ], [ 21.011079441881549, 52.361626809809962 ], [ 21.011079446190237, 52.361626817949421 ], [ 21.011079451743203, 52.361626825801274 ], [ 21.011079458490162, 52.361626833294395 ], [ 21.013300525533939, 52.363837582880031 ], [ 21.013300527178501, 52.363837584706246 ], [ 21.013300525702448, 52.363837586585646 ], [ 21.01128354886928, 52.36612056460941 ], [ 21.011283547107919, 52.366120566394358 ], [ 21.011283543711009, 52.366120566551466 ], [ 21.007045215622412, 52.366192645474392 ], [ 21.007045212216482, 52.36619264543301 ], [ 21.007045210295942, 52.366192643710654 ], [ 21.004824331123174, 52.363981775388311 ], [ 21.004824323243888, 52.36398176832131 ], [ 21.004824314302951, 52.363981761744817 ], [ 21.004824304381334, 52.363981755718385 ], [ 21.004824293568884, 52.363981750296574 ], [ 21.004824281963526, 52.363981745528513 ], [ 21.004824269670351, 52.363981741457387 ], [ 21.004824256800696, 52.363981738120039 ], [ 21.004824243471106, 52.363981735546702 ], [ 21.004824229802299, 52.363981733760681 ], [ 21.004824215918063, 52.363981732778157 ], [ 21.004824201944135, 52.363981732608018 ], [ 21.000586224322859, 52.364053575104833 ], [ 21.000586210385688, 52.36405357574813 ], [ 21.000586196611508, 52.364053577199527 ], [ 21.000586183125069, 52.36405357944588 ], [ 21.000586170048503, 52.364053582466873 ], [ 21.000586157500233, 52.364053586235087 ], [ 21.000586145593893, 52.364053590716452 ], [ 21.00058613443732, 52.364053595870402 ], [ 21.000586124131548, 52.364053601650205 ], [ 21.000586114769892, 52.364053608003537 ], [ 21.000586106437144, 52.364053614872866 ], [ 21.000586099208771, 52.364053622195989 ], [ 20.99856849000798, 52.366336345972385 ], [ 20.998568488246093, 52.366336347757169 ], [ 20.99856848484912, 52.366336347913894 ], [ 20.994330103209666, 52.366407971072022 ], [ 20.994330099803726, 52.366407971030242 ], [ 20.994330097883669, 52.366407969307716 ], [ 20.992109836221864, 52.364196855772583 ], [ 20.992109828344553, 52.364196848704708 ], [ 20.992109819405428, 52.364196842127228 ], [ 20.992109809485466, 52.364196836099708 ], [ 20.992109798674488, 52.364196830676725 ], [ 20.992109787070408, 52.364196825907406 ], [ 20.992109774778314, 52.364196821834931 ], [ 20.992109761909511, 52.364196818496204 ], [ 20.992109748580564, 52.364196815921424 ], [ 20.992109734912166, 52.364196814133912 ], [ 20.992109721028104, 52.36419681314991 ], [ 20.992109707054109, 52.364196812978243 ], [ 20.987871594793461, 52.364268201125277 ], [ 20.987871591387684, 52.36426820108332 ], [ 20.987871589467971, 52.364268199360666 ], [ 20.985651757286099, 52.362056959389655 ], [ 20.985651749410199, 52.362056952321346 ], [ 20.985651740472463, 52.362056945743362 ], [ 20.985651730553851, 52.362056939715274 ], [ 20.98565171974418, 52.362056934291694 ], [ 20.985651708141344, 52.362056929521721 ], [ 20.985651695850422, 52.362056925448556 ], [ 20.985651682982716, 52.362056922109126 ], [ 20.985651669654771, 52.362056919533593 ], [ 20.985651655987272, 52.362056917745342 ], [ 20.985651642104006, 52.362056916760551 ], [ 20.9856516281307, 52.362056916588131 ], [ 20.981413704042044, 52.362128071132901 ], [ 20.981413700636438, 52.362128071090758 ], [ 20.981413698717066, 52.362128069367976 ], [ 20.979194295967986, 52.35991670300735 ], [ 20.979194288093488, 52.359916695938587 ], [ 20.979194279157145, 52.359916689360098 ], [ 20.97919426923988, 52.35991668333147 ], [ 20.979194258431512, 52.359916677907279 ], [ 20.979194246829927, 52.359916673136659 ], [ 20.979194234540181, 52.359916669062812 ], [ 20.97919422167357, 52.359916665722643 ], [ 20.979194208346623, 52.359916663146372 ], [ 20.979194194680034, 52.359916661357374 ], [ 20.97919418079756, 52.359916660371816 ], [ 20.979194166824936, 52.359916660198628 ], [ 20.974956512236123, 52.359987579816604 ], [ 20.974956498299775, 52.359987580456867 ], [ 20.974956484525947, 52.359987581905251 ], [ 20.974956471039363, 52.359987584148698 ], [ 20.974956457962161, 52.359987587166856 ], [ 20.974956445412783, 52.359987590932377 ], [ 20.974956433504868, 52.359987595411198 ], [ 20.974956422346253, 52.359987600562718 ], [ 20.974956412038001, 52.359987606340304 ], [ 20.97495640267346, 52.35998761269164 ], [ 20.97495639433744, 52.359987619559199 ], [ 20.974956387105436, 52.359987626880766 ], [ 20.972937663308549, 52.362269881885375 ], [ 20.972937657245392, 52.362269889594579 ], [ 20.972937652406689, 52.362269897621736 ], [ 20.972937648836265, 52.362269905894109 ], [ 20.972937646566454, 52.362269914336792 ], [ 20.972937645617808, 52.362269922873352 ], [ 20.972937645998922, 52.362269931426468 ], [ 20.972937647706345, 52.362269939918654 ], [ 20.972937650724614, 52.362269948273024 ], [ 20.972937655026389, 52.362269956413954 ], [ 20.972937660572722, 52.362269964267654 ], [ 20.972937667313378, 52.362269971763034 ], [ 20.975156881768257, 52.36448145677155 ], [ 20.975156883411284, 52.364481458598306 ], [ 20.975156881933582, 52.364481460477244 ], [ 20.97313789235972, 52.366763806729224 ], [ 20.973137890596778, 52.366763808513618 ], [ 20.973137887199659, 52.366763808669631 ], [ 20.968899480749879, 52.366834518904206 ], [ 20.968899466811269, 52.366834519543779 ], [ 20.968899453035096, 52.366834520991503 ], [ 20.96889943954611, 52.366834523234282 ], [ 20.968899426466471, 52.366834526251765 ], [ 20.968899413914635, 52.366834530016668 ], [ 20.968899402004265, 52.366834534494878 ], [ 20.968899390843234, 52.366834539645851 ], [ 20.968899380532601, 52.36683454542294 ], [ 20.968899371165765, 52.366834551773813 ], [ 20.968899362827528, 52.366834558640953 ], [ 20.968899355593415, 52.366834565962186 ], [ 20.966879975168304, 52.369116764904518 ], [ 20.966879973405025, 52.369116766688819 ], [ 20.966879970007692, 52.369116766844648 ], [ 20.962641241168427, 52.369187256213849 ], [ 20.962641237762277, 52.36918725617118 ], [ 20.962641235843314, 52.369187254448093 ], [ 20.960422398315579, 52.366975532162137 ], [ 20.960422390442758, 52.36697552509213 ], [ 20.960422381507716, 52.366975518512199 ], [ 20.960422371591363, 52.366975512481964 ], [ 20.960422360783504, 52.366975507056083 ], [ 20.960422349182021, 52.366975502283616 ], [ 20.960422336891973, 52.366975498207843 ], [ 20.960422324024655, 52.366975494865628 ], [ 20.960422310696615, 52.366975492287274 ], [ 20.96042229702854, 52.36697549049611 ], [ 20.960422283144212, 52.366975489508349 ], [ 20.960422269169367, 52.366975489332965 ], [ 20.956183891461837, 52.367045742423571 ], [ 20.956183877522943, 52.367045743061659 ], [ 20.956183863746251, 52.367045744507884 ], [ 20.956183850256519, 52.367045746749213 ], [ 20.956183837175914, 52.36704574976531 ], [ 20.956183824622897, 52.367045753528878 ], [ 20.95618381271116, 52.367045758005823 ], [ 20.956183801548555, 52.367045763155609 ], [ 20.956183791236189, 52.367045768931597 ], [ 20.956183781867448, 52.367045775281483 ], [ 20.956183773527179, 52.367045782147756 ], [ 20.95618376629092, 52.367045789468229 ], [ 20.954163715229704, 52.369327777515991 ], [ 20.954163713465899, 52.369327779300122 ], [ 20.954163710068499, 52.369327779455588 ], [ 20.94992492885509, 52.369397812977574 ], [ 20.949924925448929, 52.369397812934523 ], [ 20.949924923530457, 52.369397811211229 ], [ 20.947706704284041, 52.367185844054696 ], [ 20.947706696413192, 52.367185836983808 ], [ 20.947706687479972, 52.367185830402917 ], [ 20.947706677565272, 52.36718582437161 ], [ 20.94770666675889, 52.367185818944535 ], [ 20.947706655158687, 52.367185814170803 ], [ 20.947706642869719, 52.367185810093687 ], [ 20.947706630003267, 52.367185806750086 ], [ 20.947706616675866, 52.36718580417029 ], [ 20.9477066030082, 52.367185802377655 ], [ 20.947706589124053, 52.367185801388388 ], [ 20.947706575149155, 52.367185801211512 ], [ 20.943468063971149, 52.367255599839595 ], [ 20.943468060565149, 52.367255599796366 ], [ 20.94346805864701, 52.367255598072958 ], [ 20.941250269001571, 52.36504350472164 ], [ 20.941250261132133, 52.365043497650305 ], [ 20.941250252200295, 52.365043491068917 ], [ 20.941250242286959, 52.365043485037063 ], [ 20.941250231481874, 52.365043479609362 ], [ 20.941250219882924, 52.365043474834998 ], [ 20.941250207595125, 52.365043470757207 ], [ 20.941250194729772, 52.365043467412868 ], [ 20.941250181403376, 52.365043464832333 ], [ 20.941250167736619, 52.36504346303893 ], [ 20.941250153853264, 52.365043462048938 ], [ 20.941250139879049, 52.365043461871267 ], [ 20.937011898795131, 52.365113025651375 ], [ 20.937011884856506, 52.365113026287169 ], [ 20.937011871079729, 52.365113027731162 ], [ 20.937011857589557, 52.36511302997031 ], [ 20.937011844508163, 52.365113032984297 ], [ 20.937011831954003, 52.365113036745839 ], [ 20.937011820040784, 52.365113041220866 ], [ 20.937011808876392, 52.365113046368855 ], [ 20.937011798561926, 52.365113052143201 ], [ 20.937011789190798, 52.365113058491588 ], [ 20.937011780847879, 52.365113065356532 ], [ 20.93701177360872, 52.365113072675854 ], [ 20.934990811320517, 52.367394742354065 ], [ 20.934990809556002, 52.367394744137918 ], [ 20.934990806158666, 52.36739474429281 ], [ 20.930752161847412, 52.367464088430985 ], [ 20.930752158441408, 52.367464088387386 ], [ 20.930752156523749, 52.367464086663766 ], [ 20.928534942860836, 52.365251706193625 ], [ 20.928534941219677, 52.365251704366202 ], [ 20.928534942699404, 52.365251702487832 ], [ 20.93055614560749, 52.362970140180323 ], [ 20.930556151678175, 52.362970132473194 ], [ 20.930556156524684, 52.362970124447742 ], [ 20.930556160103116, 52.362970116176562 ], [ 20.930556162381059, 52.362970107734604 ], [ 20.930556163337897, 52.362970099198321 ], [ 20.930556162964951, 52.362970090644986 ], [ 20.930556161265617, 52.362970082152103 ], [ 20.930556158255268, 52.362970073796582 ], [ 20.930556153961167, 52.362970065654054 ], [ 20.930556148422212, 52.362970057798272 ], [ 20.930556141688562, 52.362970050300405 ], [ 20.928339253616457, 52.360757747121262 ], [ 20.928339245749839, 52.360757740049053 ], [ 20.928339236820776, 52.360757733466649 ], [ 20.92833922691014, 52.360757727433658 ], [ 20.92833921610768, 52.360757722004763 ], [ 20.928339204511211, 52.36075771722912 ], [ 20.928339192225771, 52.360757713149944 ], [ 20.928339179362609, 52.360757709804197 ], [ 20.928339166038224, 52.36075770722217 ], [ 20.928339152373283, 52.360757705427254 ], [ 20.92833913849152, 52.360757704435727 ], [ 20.928339124518672, 52.360757704256507 ], [ 20.924101179999557, 52.360826802440307 ], [ 20.924101176594061, 52.360826802396517 ], [ 20.924101174676945, 52.360826800672797 ], [ 20.921884673550085, 52.35861432901455 ], [ 20.921884665684871, 52.35861432194185 ], [ 20.9218846567572, 52.358614315358949 ], [ 20.921884646847918, 52.358614309325418 ], [ 20.921884636046755, 52.358614303895912 ], [ 20.92188462445154, 52.358614299119616 ], [ 20.921884612167279, 52.358614295039736 ], [ 20.921884599305216, 52.358614291693279 ], [ 20.921884585981836, 52.358614289110527 ], [ 20.921884572317786, 52.35861428731485 ], [ 20.921884558436837, 52.358614286322549 ], [ 20.921884544464664, 52.35861428614259 ], [ 20.917646788962866, 52.358683150913052 ], [ 20.917646785557533, 52.358683150869076 ], [ 20.917646783640773, 52.35868314914525 ], [ 20.915430711925243, 52.35647055147713 ], [ 20.915430704061439, 52.356470544404004 ], [ 20.915430695135157, 52.356470537820591 ], [ 20.915430685227221, 52.35647053178652 ], [ 20.91543067442737, 52.356470526356389 ], [ 20.915430662833405, 52.356470521579446 ], [ 20.91543065055032, 52.356470517498906 ], [ 20.915430637689347, 52.356470514151738 ], [ 20.915430624366977, 52.356470511568226 ], [ 20.915430610703837, 52.356470509771803 ], [ 20.915430596823679, 52.356470508778742 ], [ 20.915430582852192, 52.356470508597994 ], [ 20.91119301643316, 52.356539139989202 ], [ 20.911193013027994, 52.356539139945028 ], [ 20.911193011111582, 52.356539138221102 ], [ 20.908977326275366, 52.354326372158219 ], [ 20.90897732463544, 52.354326370330497 ], [ 20.908977326115643, 52.354326368452348 ], [ 20.910999061057602, 52.352045131878953 ], [ 20.91099906713027, 52.352045124172818 ], [ 20.910999071979198, 52.352045116148119 ], [ 20.910999075560461, 52.35204510787748 ], [ 20.910999077841641, 52.352045099435848 ], [ 20.910999078802067, 52.352045090899672 ], [ 20.910999078433047, 52.352045082346244 ], [ 20.910999076737927, 52.35204507385302 ], [ 20.910999073732047, 52.352045065496931 ], [ 20.910999069442642, 52.352045057353621 ], [ 20.910999063908541, 52.352045049496873 ], [ 20.910999057179879, 52.35204504199784 ], [ 20.908783654991762, 52.349832310872387 ], [ 20.90878365335201, 52.349832309044672 ], [ 20.908783654832082, 52.34983230716653 ], [ 20.910805239436115, 52.347551030396232 ], [ 20.91080524120084, 52.347551028612749 ], [ 20.910805244596755, 52.347551028458568 ], [ 20.915041952513782, 52.347482419185511 ], [ 20.915041966447244, 52.347482418552346 ], [ 20.915041980219335, 52.347482417110953 ], [ 20.915041993705344, 52.347482414874342 ], [ 20.915042006783118, 52.347482411862821 ], [ 20.915042019334241, 52.34748240810363 ], [ 20.915042031245036, 52.347482403630828 ], [ 20.915042042407649, 52.347482398484921 ], [ 20.915042052720985, 52.347482392712514 ], [ 20.91504206209164, 52.347482386365847 ], [ 20.915042070434751, 52.347482379502416 ], [ 20.915042077674773, 52.347482372184409 ], [ 20.917063194373924, 52.34520103534949 ], [ 20.917063196138304, 52.345201033565878 ], [ 20.917063199534017, 52.345201033411513 ], [ 20.921299667309704, 52.345132201928294 ], [ 20.921299681242317, 52.34513220129439 ], [ 20.92129969501346, 52.345132199852259 ], [ 20.92129970849841, 52.345132197614966 ], [ 20.92129972157506, 52.345132194602762 ], [ 20.921299734124968, 52.345132190842918 ], [ 20.921299746034496, 52.345132186369504 ], [ 20.921299757195783, 52.345132181223008 ], [ 20.921299767507744, 52.345132175450047 ], [ 20.921299776876999, 52.345132169102897 ], [ 20.921299785218704, 52.345132162239068 ], [ 20.921299792457305, 52.34513215492067 ], [ 20.923320441337349, 52.342850758071151 ], [ 20.923320447406638, 52.342850750364406 ], [ 20.923320452252355, 52.342850742339195 ], [ 20.92332045583062, 52.342850734068215 ], [ 20.923320458109011, 52.342850725626377 ], [ 20.923320459066911, 52.342850717090116 ], [ 20.923320458695638, 52.342850708536716 ], [ 20.923320456998553, 52.342850700043698 ], [ 20.923320453991028, 52.342850691687914 ], [ 20.923320449700299, 52.342850683545059 ], [ 20.923320444165221, 52.342850675688886 ], [ 20.923320437435937, 52.342850668190543 ], [ 20.921104897460847, 52.340638166402172 ], [ 20.921104895820939, 52.340638164574642 ], [ 20.921104897300182, 52.340638162696351 ], [ 20.923125396102815, 52.338356725677713 ], [ 20.923125402171546, 52.338356717970981 ], [ 20.923125407016826, 52.338356709945785 ], [ 20.923125410594778, 52.338356701674805 ], [ 20.923125412873002, 52.338356693232953 ], [ 20.923125413830864, 52.33835668469667 ], [ 20.923125413459687, 52.338356676143306 ], [ 20.923125411762836, 52.338356667650245 ], [ 20.923125408755677, 52.338356659294469 ], [ 20.923125404465438, 52.338356651151607 ], [ 20.923125398930981, 52.338356643295398 ], [ 20.923125392202426, 52.338356635797027 ], [ 20.920910092350727, 52.336144126479219 ], [ 20.920910090710994, 52.336144124651653 ], [ 20.920910092190109, 52.336144122773362 ], [ 20.922930402212447, 52.333862689332626 ], [ 20.92293040828061, 52.333862681625916 ], [ 20.922930413125464, 52.33386267360072 ], [ 20.92293041670311, 52.333862665329747 ], [ 20.92293041898116, 52.333862656887902 ], [ 20.922930419938989, 52.333862648351634 ], [ 20.922930419567908, 52.33386263979822 ], [ 20.922930417871289, 52.333862631305159 ], [ 20.922930414864489, 52.333862622949354 ], [ 20.92293041057475, 52.333862614806478 ], [ 20.922930405040905, 52.333862606950255 ], [ 20.922930398313085, 52.333862599451855 ], [ 20.920715338519422, 52.331650082605719 ], [ 20.920715336879873, 52.331650080778154 ], [ 20.920715338358846, 52.331650078899884 ], [ 20.922735459648258, 52.329368649035956 ], [ 20.92273546571586, 52.329368641329246 ], [ 20.922735470560276, 52.329368633304057 ], [ 20.922735474137625, 52.329368625033077 ], [ 20.9227354764155, 52.329368616591232 ], [ 20.922735477373287, 52.329368608054942 ], [ 20.922735477002313, 52.329368599501549 ], [ 20.922735475305917, 52.329368591008482 ], [ 20.922735472299486, 52.329368582652663 ], [ 20.922735468010234, 52.329368574509765 ], [ 20.922735462477007, 52.329368566653535 ], [ 20.922735455749923, 52.3293685591551 ], [ 20.920520678417756, 52.327156077209104 ], [ 20.920520670558478, 52.327156070136262 ], [ 20.920520661637461, 52.327156063553147 ], [ 20.920520651735497, 52.327156057519403 ], [ 20.920520640942271, 52.327156052089663 ], [ 20.920520629355515, 52.327156047313117 ], [ 20.920520617080168, 52.327156043233018 ], [ 20.920520604227399, 52.327156039886319 ], [ 20.920520590913593, 52.327156037303268 ], [ 20.920520577259339, 52.327156035507343 ], [ 20.920520563388273, 52.327156034514779 ], [ 20.92052054942603, 52.327156034334543 ], [ 20.916285797039691, 52.327224821466139 ], [ 20.916285793636781, 52.327224821422092 ], [ 20.916285791721464, 52.327224819698223 ], [ 20.914071400538226, 52.325012169459917 ], [ 20.914071392680349, 52.325012162386592 ], [ 20.914071383760717, 52.325012155802987 ], [ 20.914071373860111, 52.325012149768689 ], [ 20.914071363068182, 52.325012144338338 ], [ 20.914071351482672, 52.325012139561139 ], [ 20.914071339208501, 52.325012135480357 ], [ 20.914071326356826, 52.325012132132947 ], [ 20.914071313044023, 52.325012129549172 ], [ 20.91407129939067, 52.325012127752508 ], [ 20.914071285520404, 52.325012126759155 ], [ 20.914071271558839, 52.325012126578159 ], [ 20.90983678912464, 52.325080679281712 ], [ 20.909836775198119, 52.325080679914194 ], [ 20.909836761432786, 52.325080681354912 ], [ 20.909836747953293, 52.325080683590876 ], [ 20.909836734881711, 52.325080686601787 ], [ 20.909836722336426, 52.325080690360352 ], [ 20.909836710431048, 52.325080694832586 ], [ 20.909836699273399, 52.325080699977995 ], [ 20.909836688964511, 52.325080705749933 ], [ 20.909836679597756, 52.32508071209616 ], [ 20.909836671257949, 52.325080718959207 ], [ 20.909836664020624, 52.325080726276887 ], [ 20.907816062971062, 52.327361941579348 ], [ 20.907816061206994, 52.327361943362789 ], [ 20.90781605781261, 52.327361943516905 ], [ 20.903581173204159, 52.327430276773541 ], [ 20.903581169801235, 52.327430276729118 ], [ 20.903581167886401, 52.327430275005021 ], [ 20.901367394150181, 52.325217380638996 ], [ 20.901367386294279, 52.32521737356484 ], [ 20.901367377376463, 52.325217366980247 ], [ 20.901367367477508, 52.325217360944862 ], [ 20.901367356687061, 52.325217355513352 ], [ 20.901367345102834, 52.325217350734903 ], [ 20.901367332829743, 52.325217346652771 ], [ 20.901367319978924, 52.325217343303969 ], [ 20.901367306666771, 52.325217340718773 ], [ 20.901367293013823, 52.325217338920602 ], [ 20.901367279143745, 52.325217337925778 ], [ 20.901367265182135, 52.325217337743275 ], [ 20.897132650707931, 52.325285436603558 ], [ 20.897132647305177, 52.32528543655895 ], [ 20.897132645390677, 52.325285434834747 ], [ 20.894919300246887, 52.323072414720805 ], [ 20.894919292392387, 52.323072407646194 ], [ 20.894919283475957, 52.323072401061097 ], [ 20.89491927357836, 52.323072395025157 ], [ 20.894919262789212, 52.323072389593037 ], [ 20.894919251206229, 52.323072384813941 ], [ 20.894919238934317, 52.323072380731134 ], [ 20.894919226084589, 52.323072377381607 ], [ 20.894919212773438, 52.323072374795679 ], [ 20.894919199121397, 52.323072372996762 ], [ 20.894919185252114, 52.323072372001164 ], [ 20.894919171291182, 52.323072371817901 ], [ 20.890684745810884, 52.323140237627648 ], [ 20.890684742408293, 52.323140237582841 ], [ 20.890684740494137, 52.323140235858538 ], [ 20.888471781463046, 52.320927047603575 ], [ 20.888471779825217, 52.320927045775541 ], [ 20.888471781305221, 52.320927043897647 ], [ 20.890493101150373, 52.318646150528302 ], [ 20.890493107222206, 52.318646142823198 ], [ 20.890493112071368, 52.31864613479928 ], [ 20.890493115653936, 52.318646126529224 ], [ 20.890493117937471, 52.318646118087919 ], [ 20.890493118901293, 52.318646109551828 ], [ 20.890493118536671, 52.318646100998251 ], [ 20.890493116846912, 52.31864609250465 ], [ 20.89049311384731, 52.318646084147929 ], [ 20.890493109565039, 52.318646076003773 ], [ 20.890493104038871, 52.318646068145938 ], [ 20.890493097318863, 52.318646060645612 ], [ 20.888280462581658, 52.316432949843936 ], [ 20.888280454729404, 52.316432942768856 ], [ 20.888280445815315, 52.316432936183219 ], [ 20.888280435920105, 52.316432930146718 ], [ 20.888280425133395, 52.316432924713965 ], [ 20.888280413552863, 52.316432919934179 ], [ 20.888280401283392, 52.316432915850648 ], [ 20.88828038843609, 52.316432912500389 ], [ 20.888280375127309, 52.316432909913665 ], [ 20.888280361477573, 52.31643290811396 ], [ 20.888280347610497, 52.316432907117573 ], [ 20.888280333651661, 52.316432906933493 ], [ 20.884046525671625, 52.316500528830829 ], [ 20.884046522269546, 52.316500528785831 ], [ 20.884046520355938, 52.316500527061429 ], [ 20.881834271571702, 52.314287248186098 ], [ 20.881834263720854, 52.314287241110556 ], [ 20.881834254808151, 52.314287234524443 ], [ 20.881834244914288, 52.314287228487359 ], [ 20.881834234128878, 52.314287223054002 ], [ 20.881834222549593, 52.314287218273591 ], [ 20.881834210281294, 52.31428721418937 ], [ 20.88183419743509, 52.314287210838373 ], [ 20.881834184127314, 52.314287208250938 ], [ 20.881834170478484, 52.314287206450473 ], [ 20.881834156612204, 52.314287205453311 ], [ 20.881834142654053, 52.314287205268464 ], [ 20.877600604933818, 52.314354592930293 ], [ 20.877600591010111, 52.314354593558953 ], [ 20.877600577246955, 52.314354594995891 ], [ 20.877600563768986, 52.314354597228153 ], [ 20.877600550698279, 52.314354600235482 ], [ 20.877600538153185, 52.314354603990644 ], [ 20.877600526247328, 52.314354608459674 ], [ 20.87760051508852, 52.314354613602028 ], [ 20.877600504777831, 52.314354619371173 ], [ 20.877600495408622, 52.314354625714884 ], [ 20.877600487065745, 52.314354632575679 ], [ 20.877600479824757, 52.314354639891448 ], [ 20.875578681345456, 52.316635318578264 ], [ 20.875578679580499, 52.31663532036125 ], [ 20.875578676186805, 52.316635320514408 ], [ 20.871344736891491, 52.31670248866633 ], [ 20.871344733489401, 52.316702488620969 ], [ 20.871344731576276, 52.316702486896332 ], [ 20.869133057919822, 52.314488921805669 ], [ 20.869133056283037, 52.314488919977336 ], [ 20.869133057763658, 52.314488918099698 ], [ 20.871155134163391, 52.312208303040151 ], [ 20.871155135928362, 52.31220830125725 ], [ 20.87115513932174, 52.312208301104199 ], [ 20.875388569083412, 52.312141145062263 ], [ 20.875388583006465, 52.312141144433873 ], [ 20.875388596769017, 52.312141142997177 ], [ 20.875388610246432, 52.312141140765185 ], [ 20.875388623316653, 52.312141137758104 ], [ 20.875388635861317, 52.312141134003177 ], [ 20.875388647766815, 52.312141129534396 ], [ 20.875388658925324, 52.312141124392241 ], [ 20.875388669235811, 52.312141118623281 ], [ 20.875388678604878, 52.312141112279747 ], [ 20.875388686947687, 52.312141105419101 ], [ 20.875388694188697, 52.312141098103488 ], [ 20.877410264758364, 52.30986046660545 ], [ 20.877410270831316, 52.309860458900992 ], [ 20.877410275681939, 52.309860450877601 ], [ 20.877410279266289, 52.309860442607892 ], [ 20.877410281551914, 52.309860434166829 ], [ 20.877410282518106, 52.309860425630809 ], [ 20.87741028215612, 52.30986041707714 ], [ 20.877410280469238, 52.309860408583312 ], [ 20.87741027747273, 52.309860400226206 ], [ 20.877410273193739, 52.309860392081568 ], [ 20.87741026767101, 52.309860384223079 ], [ 20.877410260954559, 52.30986037672195 ], [ 20.875198679651547, 52.307646964874429 ], [ 20.875198678014769, 52.307646963046203 ], [ 20.875198679494911, 52.307646961168466 ], [ 20.877220099738292, 52.305366289391301 ], [ 20.877220105810689, 52.305366281686858 ], [ 20.877220110660868, 52.305366273663459 ], [ 20.877220114244917, 52.305366265393779 ], [ 20.877220116530367, 52.305366256952716 ], [ 20.877220117496517, 52.305366248416668 ], [ 20.87722011713463, 52.305366239863034 ], [ 20.877220115447976, 52.305366231369156 ], [ 20.87722011245183, 52.305366223012058 ], [ 20.877220108173322, 52.305366214867369 ], [ 20.877220102651208, 52.305366207008888 ], [ 20.877220095935488, 52.305366199507731 ], [ 20.875008796109068, 52.303152822723455 ], [ 20.875008788261319, 52.303152815647422 ], [ 20.875008779351884, 52.303152809060734 ], [ 20.875008769461463, 52.303152803023046 ], [ 20.87500875867962, 52.303152797589036 ], [ 20.875008747103983, 52.303152792807886 ], [ 20.875008734839405, 52.30315278872294 ], [ 20.875008721996934, 52.303152785371147 ], [ 20.875008708692892, 52.303152782782902 ], [ 20.875008695047757, 52.30315278098162 ], [ 20.875008681185101, 52.303152779983606 ], [ 20.87500866723046, 52.303152779797934 ], [ 20.870776093823697, 52.303219914205378 ], [ 20.870776090422634, 52.303219914159996 ], [ 20.870776088510127, 52.303219912435353 ], [ 20.868565131948436, 52.301006325258648 ], [ 20.868565130312181, 52.301006323430322 ], [ 20.868565131792394, 52.30100632155267 ], [ 20.87058660194236, 52.298725760536492 ], [ 20.870586608015039, 52.298725752832389 ], [ 20.870586612865729, 52.298725744809239 ], [ 20.87058661645051, 52.298725736539744 ], [ 20.870586618736912, 52.298725728098795 ], [ 20.870586619704238, 52.298725719562803 ], [ 20.870586619343712, 52.298725711009091 ], [ 20.87058661765861, 52.298725702515128 ], [ 20.870586614664187, 52.298725694157817 ], [ 20.870586610387562, 52.298725686012872 ], [ 20.870586604867469, 52.298725678154014 ], [ 20.870586598153896, 52.298725670652473 ], [ 20.868375922887466, 52.296512118562163 ], [ 20.868375921251388, 52.29651211673383 ], [ 20.868375922731467, 52.296512114856178 ], [ 20.870397242574931, 52.294231513543139 ], [ 20.870397244339234, 52.294231511760238 ], [ 20.870397247731244, 52.294231511607229 ], [ 20.874628965232858, 52.294164398825558 ], [ 20.874628979150291, 52.29416439819731 ], [ 20.874628992907311, 52.294164396760763 ], [ 20.874629006379326, 52.294164394528906 ], [ 20.874629019444338, 52.29416439152196 ], [ 20.874629031984025, 52.294164387767125 ], [ 20.874629043884823, 52.294164383298465 ], [ 20.874629055038959, 52.294164378156417 ], [ 20.874629065345424, 52.294164372387542 ], [ 20.874629074710871, 52.294164366044079 ], [ 20.8746290830505, 52.294164359183512 ], [ 20.874629090288771, 52.294164351867941 ], [ 20.876649904780937, 52.291883734180345 ], [ 20.876649910851643, 52.291883726475938 ], [ 20.876649915700519, 52.291883718452539 ], [ 20.876649919283643, 52.29188371018288 ], [ 20.876649921568571, 52.291883701741796 ], [ 20.876649922534611, 52.291883693205776 ], [ 20.876649922173009, 52.29188368465207 ], [ 20.87664992048704, 52.291883676158214 ], [ 20.876649917491971, 52.291883667801052 ], [ 20.876649913214933, 52.291883659656307 ], [ 20.876649907694656, 52.29188365179774 ], [ 20.876649900981135, 52.291883644296547 ], [ 20.874439317974705, 52.289670245375589 ], [ 20.874439310129478, 52.289670238299486 ], [ 20.874439301222889, 52.289670231712712 ], [ 20.874439291335595, 52.289670225674932 ], [ 20.87443928055713, 52.289670220240822 ], [ 20.874439268985114, 52.289670215459573 ], [ 20.874439256724337, 52.289670211374514 ], [ 20.874439243885842, 52.289670208022628 ], [ 20.874439230585889, 52.28967020543427 ], [ 20.874439216944932, 52.289670203632859 ], [ 20.874439203086503, 52.289670202634774 ], [ 20.874439189136105, 52.28967020244896 ], [ 20.870207899418499, 52.289737304421024 ], [ 20.870207896018474, 52.28973730437562 ], [ 20.870207894106581, 52.289737302650948 ], [ 20.867997654055227, 52.287523693398143 ], [ 20.867997652419511, 52.287523691569803 ], [ 20.867997653899309, 52.287523689692165 ], [ 20.870018556999106, 52.285243138977627 ], [ 20.870018563070101, 52.285243131273539 ], [ 20.870018567919487, 52.285243123250417 ], [ 20.870018571503348, 52.285243114980922 ], [ 20.870018573789231, 52.285243106539973 ], [ 20.870018574756433, 52.28524309800396 ], [ 20.870018574396191, 52.285243089450233 ], [ 20.870018572711775, 52.285243080956221 ], [ 20.870018569718429, 52.285243072598895 ], [ 20.870018565443274, 52.285243064453873 ], [ 20.870018559925015, 52.285243056594993 ], [ 20.870018553213633, 52.285243049093367 ], [ 20.867808594249134, 52.283029474930686 ], [ 20.867808592613592, 52.283029473102353 ], [ 20.867808594093255, 52.283029471224701 ], [ 20.869829347018065, 52.280748880210282 ], [ 20.869829348781867, 52.280748878427389 ], [ 20.869829352172847, 52.280748878274402 ], [ 20.874059786659359, 52.280681797915079 ], [ 20.874059800572585, 52.280681797286931 ], [ 20.874059814325456, 52.280681795850469 ], [ 20.874059827793424, 52.280681793618719 ], [ 20.874059840854532, 52.28068179061183 ], [ 20.874059853390492, 52.28068178685713 ], [ 20.874059865287773, 52.280681782388541 ], [ 20.874059876438626, 52.280681777246556 ], [ 20.874059886742081, 52.280681771477752 ], [ 20.874059896104818, 52.280681765134354 ], [ 20.874059904442053, 52.280681758273822 ], [ 20.874059911678273, 52.280681750958301 ], [ 20.876080159610424, 52.278401143617259 ], [ 20.876080165679454, 52.278401135912851 ], [ 20.876080170527022, 52.278401127889502 ], [ 20.876080174109234, 52.278401119619843 ], [ 20.876080176393639, 52.278401111178752 ], [ 20.876080177359558, 52.278401102642718 ], [ 20.87608017699824, 52.27840109408902 ], [ 20.876080175312953, 52.278401085595107 ], [ 20.876080172318972, 52.278401077237916 ], [ 20.876080168043398, 52.278401069093114 ], [ 20.876080162524957, 52.27840106123449 ], [ 20.876080155813625, 52.278401053733212 ], [ 20.873870246668453, 52.276187590240205 ], [ 20.873870245032919, 52.276187588411936 ], [ 20.873870246512105, 52.276187586534235 ], [ 20.875890344424654, 52.273906938907025 ], [ 20.875890350493123, 52.273906931202632 ], [ 20.875890355340257, 52.273906923179275 ], [ 20.87589035892216, 52.273906914909624 ], [ 20.875890361206388, 52.273906906468518 ], [ 20.875890362172271, 52.273906897932484 ], [ 20.875890361811042, 52.273906889378758 ], [ 20.875890360125993, 52.273906880884851 ], [ 20.875890357132366, 52.273906872527647 ], [ 20.875890352857279, 52.273906864382823 ], [ 20.875890347339453, 52.273906856524199 ], [ 20.87589034062885, 52.273906849022879 ], [ 20.873680670103852, 52.271693378156407 ], [ 20.873680668468499, 52.27169337632813 ], [ 20.87368066994755, 52.271693374450422 ], [ 20.875700579145306, 52.26941273026889 ], [ 20.875700585213213, 52.269412722564518 ], [ 20.87570059005991, 52.269412714541176 ], [ 20.875700593641508, 52.269412706271517 ], [ 20.875700595925565, 52.269412697830433 ], [ 20.875700596891406, 52.269412689294377 ], [ 20.875700596530283, 52.269412680740651 ], [ 20.875700594845451, 52.269412672246723 ], [ 20.875700591852187, 52.269412663889511 ], [ 20.875700587577594, 52.269412655744667 ], [ 20.875700582060375, 52.269412647886007 ], [ 20.875700575350503, 52.269412640384679 ], [ 20.873491143380868, 52.267199162145808 ], [ 20.873491141745696, 52.267199160317531 ], [ 20.873491143224605, 52.267199158439837 ], [ 20.87551086375494, 52.264918517702903 ], [ 20.875510869822278, 52.264918509998537 ], [ 20.875510874668546, 52.264918501975203 ], [ 20.875510878249838, 52.264918493705537 ], [ 20.875510880533721, 52.264918485264481 ], [ 20.875510881499519, 52.264918476728418 ], [ 20.875510881138485, 52.264918468174685 ], [ 20.875510879453888, 52.264918459680736 ], [ 20.875510876460986, 52.26491845132351 ], [ 20.875510872186876, 52.264918443178658 ], [ 20.875510866670268, 52.264918435319984 ], [ 20.875510859961128, 52.264918427818621 ], [ 20.873301708842977, 52.262704984654214 ], [ 20.873301701002802, 52.262704977577982 ], [ 20.873301692101883, 52.262704970991038 ], [ 20.873301682220834, 52.262704964953066 ], [ 20.873301671449131, 52.262704959518764 ], [ 20.873301659884326, 52.262704954737309 ], [ 20.873301647631163, 52.262704950652065 ], [ 20.87330163480059, 52.262704947299952 ], [ 20.873301621508819, 52.262704944711381 ], [ 20.873301607876211, 52.262704942909771 ], [ 20.873301594026231, 52.262704941911444 ], [ 20.873301580084298, 52.262704941725431 ], [ 20.869072854713362, 52.262771978885453 ], [ 20.869072851315398, 52.262771978840021 ], [ 20.869072849404734, 52.2627719771153 ], [ 20.866864040623323, 52.260558323740092 ], [ 20.86686403898867, 52.260558321911716 ], [ 20.866864040467647, 52.260558320034093 ], [ 20.868883810747683, 52.258277789893882 ], [ 20.868883816815302, 52.258277782189843 ], [ 20.868883821662077, 52.2582777741668 ], [ 20.868883825244101, 52.258277765897311 ], [ 20.868883827528936, 52.258277757456334 ], [ 20.86888382849591, 52.258277748920321 ], [ 20.868883828136234, 52.258277740366552 ], [ 20.868883826453182, 52.258277731872482 ], [ 20.868883823461996, 52.25827772351505 ], [ 20.868883819189769, 52.258277715369942 ], [ 20.868883813675179, 52.258277707510921 ], [ 20.868883806968174, 52.258277700009167 ], [ 20.866675321205626, 52.256064124179822 ], [ 20.866675313367697, 52.256064117103101 ], [ 20.866675304469101, 52.256064110515631 ], [ 20.866675294590433, 52.25606410447709 ], [ 20.866675283821163, 52.256064099042135 ], [ 20.866675272258799, 52.25606409426004 ], [ 20.866675260008073, 52.256064090174043 ], [ 20.866675247179909, 52.256064086821212 ], [ 20.866675233890497, 52.256064084231838 ], [ 20.866675220260184, 52.25606408242944 ], [ 20.86667520641241, 52.256064081430317 ], [ 20.866675192472567, 52.256064081243508 ], [ 20.862447082737674, 52.256130875184276 ], [ 20.862447079340225, 52.256130875138602 ], [ 20.862447077430105, 52.256130873413788 ], [ 20.860238933870409, 52.253917087434999 ], [ 20.860238932236275, 52.25391708560651 ], [ 20.860238933715319, 52.253917083728979 ], [ 20.862258753550918, 52.251636664162142 ], [ 20.862258759618825, 52.25163665645843 ], [ 20.862258764466105, 52.2516366484356 ], [ 20.862258768048861, 52.251636640166325 ], [ 20.862258770334655, 52.251636631725447 ], [ 20.862258771302781, 52.251636623189484 ], [ 20.862258770944468, 52.251636614635643 ], [ 20.862258769262962, 52.25163660614146 ], [ 20.862258766273502, 52.251636597783857 ], [ 20.862258762003144, 52.25163658963848 ], [ 20.862258756490576, 52.251636581779124 ], [ 20.862258749785706, 52.251636574276958 ], [ 20.860050886707267, 52.249422823419799 ], [ 20.860050885073306, 52.249422821591331 ], [ 20.860050886552219, 52.249422819713786 ], [ 20.862070556459081, 52.247142359824913 ], [ 20.862070558221895, 52.24714235804214 ], [ 20.862070561610345, 52.247142357889423 ], [ 20.866297898839676, 52.247075584173885 ], [ 20.86629790223644, 52.247075584219445 ], [ 20.866297904146304, 52.247075585944209 ], [ 20.868505955823565, 52.24928921891803 ], [ 20.868505963660557, 52.249289225994616 ], [ 20.868505972558044, 52.249289232581965 ], [ 20.868505982435419, 52.249289238620399 ], [ 20.868505993203254, 52.249289244055205 ], [ 20.868506004764026, 52.24928924883713 ], [ 20.868506017013036, 52.249289252922956 ], [ 20.868506029839363, 52.249289256275617 ], [ 20.868506043126843, 52.249289258864799 ], [ 20.868506056755141, 52.249289260666998 ], [ 20.868506070600841, 52.249289261665943 ], [ 20.868506084538552, 52.249289261852539 ], [ 20.872733448185134, 52.249222258352596 ], [ 20.872733462088547, 52.249222257724703 ], [ 20.872733475831755, 52.24922225628849 ], [ 20.872733489290304, 52.249222254056953 ], [ 20.872733502342317, 52.249222251050305 ], [ 20.872733514869584, 52.249222247295791 ], [ 20.872733526758658, 52.249222242827386 ], [ 20.872733537901873, 52.249222237685579 ], [ 20.872733548198312, 52.249222231916931 ], [ 20.872733557554728, 52.249222225573661 ], [ 20.872733565886385, 52.249222218713243 ], [ 20.872733573117838, 52.249222211397814 ], [ 20.874752539447805, 52.246941584428001 ], [ 20.874752541210096, 52.246941582645043 ], [ 20.874752544598486, 52.246941582491957 ], [ 20.878979751078134, 52.24687435615035 ], [ 20.878979764980702, 52.246874355521719 ], [ 20.878979778722972, 52.246874354084788 ], [ 20.878979792180481, 52.246874351852547 ], [ 20.878979805231371, 52.246874348845232 ], [ 20.878979817757433, 52.246874345090049 ], [ 20.878979829645246, 52.246874340621041 ], [ 20.878979840787139, 52.246874335478651 ], [ 20.878979851082217, 52.246874329709456 ], [ 20.878979860437251, 52.246874323365709 ], [ 20.878979868767502, 52.246874316504858 ], [ 20.878979875997544, 52.246874309189046 ], [ 20.880998415673663, 52.244593578585985 ], [ 20.880998417435617, 52.244593576802934 ], [ 20.880998420823797, 52.244593576649677 ], [ 20.885225389024505, 52.24452612878887 ], [ 20.885225402926235, 52.244526128159514 ], [ 20.885225416667559, 52.244526126721851 ], [ 20.885225430124031, 52.244526124488914 ], [ 20.885225443173788, 52.244526121480924 ], [ 20.885225455698659, 52.244526117725087 ], [ 20.885225467585197, 52.244526113255453 ], [ 20.885225478725779, 52.244526108112481 ], [ 20.885225489019497, 52.244526102342753 ], [ 20.885225498373135, 52.244526095998538 ], [ 20.885225506701985, 52.244526089137246 ], [ 20.885225513930621, 52.244526081821057 ], [ 20.887243588320629, 52.242245291367126 ], [ 20.887243594382937, 52.242245283662186 ], [ 20.8872435992247, 52.242245275638361 ], [ 20.88724360280208, 52.242245267368375 ], [ 20.887243605082681, 52.242245258927078 ], [ 20.887243606045846, 52.242245250390916 ], [ 20.887243605682851, 52.242245241837189 ], [ 20.887243603996986, 52.242245233343397 ], [ 20.887243601003512, 52.242245224986448 ], [ 20.887243596729554, 52.242245216841994 ], [ 20.887243591213799, 52.24224520898381 ], [ 20.887243584506216, 52.24224520148308 ], [ 20.885034967704236, 52.240031922196664 ], [ 20.885034966069618, 52.240031920368544 ], [ 20.885034967547163, 52.2400319184907 ], [ 20.887052892431011, 52.237751087771699 ], [ 20.887052898492751, 52.237751080066744 ], [ 20.887052903334084, 52.237751072042954 ], [ 20.887052906911158, 52.237751063772933 ], [ 20.887052909191588, 52.237751055331643 ], [ 20.887052910154711, 52.237751046795474 ], [ 20.887052909791809, 52.237751038241754 ], [ 20.887052908106178, 52.237751029747962 ], [ 20.887052905113066, 52.237751021390984 ], [ 20.887052900839588, 52.237751013246509 ], [ 20.887052895324452, 52.237751005388326 ], [ 20.887052888617596, 52.237750997887581 ], [ 20.884844552422354, 52.235537753638667 ], [ 20.88484454458526, 52.235537746563118 ], [ 20.884844535688195, 52.235537739976998 ], [ 20.884844525811737, 52.235537733939942 ], [ 20.884844515045316, 52.235537728506614 ], [ 20.884844503486434, 52.235537723726232 ], [ 20.884844491239786, 52.235537719642075 ], [ 20.884844478416266, 52.235537716291141 ], [ 20.884844465132019, 52.235537713703792 ], [ 20.88484445150733, 52.235537711903412 ], [ 20.884844437665603, 52.235537710906385 ], [ 20.884844423732183, 52.235537710721651 ], [ 20.880618308485985, 52.235605136867292 ], [ 20.880618305090092, 52.23560513682213 ], [ 20.880618303180174, 52.235605135097614 ], [ 20.878410351000795, 52.233391723140905 ], [ 20.878410343165104, 52.233391716064958 ], [ 20.878410334269415, 52.233391709478312 ], [ 20.878410324394299, 52.233391703440681 ], [ 20.878410313629171, 52.233391698006777 ], [ 20.878410302071533, 52.233391693225748 ], [ 20.878410289826054, 52.233391689140902 ], [ 20.878410277003628, 52.233391685789272 ], [ 20.878410263720369, 52.23339168320117 ], [ 20.878410250096593, 52.233391681400064 ], [ 20.878410236255657, 52.233391680402249 ], [ 20.878410222322913, 52.233391680216748 ], [ 20.874184295301216, 52.233458874095064 ], [ 20.87418429190549, 52.233458874049717 ], [ 20.874184289995924, 52.23345887232508 ], [ 20.871976764134718, 52.231245335147683 ], [ 20.871976756300427, 52.23124532807126 ], [ 20.871976747406116, 52.231245321484124 ], [ 20.871976737532339, 52.231245315445946 ], [ 20.871976726768512, 52.23124531001141 ], [ 20.871976715212114, 52.231245305229734 ], [ 20.871976702967803, 52.231245301144241 ], [ 20.871976690146461, 52.231245297791894 ], [ 20.871976676864207, 52.23124529520306 ], [ 20.87197666324133, 52.231245293401201 ], [ 20.871976649401187, 52.231245292402612 ], [ 20.871976635469125, 52.231245292216343 ], [ 20.867750896736535, 52.231312253861248 ], [ 20.867750893340986, 52.231312253815737 ], [ 20.867750891431758, 52.231312252090973 ], [ 20.865543749520757, 52.229098547289674 ], [ 20.865543747887344, 52.229098545461255 ], [ 20.865543749365365, 52.229098543583646 ], [ 20.867562200176575, 52.226818037398246 ], [ 20.867562206240269, 52.226818029694279 ], [ 20.867562211083992, 52.226818021671249 ], [ 20.867562214663881, 52.226818013401775 ], [ 20.867562216947508, 52.226818004960812 ], [ 20.867562217914195, 52.226817996424757 ], [ 20.867562217555186, 52.226817987870938 ], [ 20.867562215873729, 52.226817979376797 ], [ 20.867562212885055, 52.226817971019273 ], [ 20.867562208616231, 52.226817962874037 ], [ 20.867562203105916, 52.226817955014887 ], [ 20.867562196404013, 52.226817947512963 ], [ 20.865355334679375, 52.224604277817896 ], [ 20.865355333046143, 52.224604275989492 ], [ 20.865355334524025, 52.224604274111876 ], [ 20.867373635728597, 52.222323727613549 ], [ 20.867373637490243, 52.222323725830719 ], [ 20.867373640876785, 52.222323725677839 ], [ 20.871598527291038, 52.222256785589174 ], [ 20.871598541186053, 52.222256784961495 ], [ 20.871598554920993, 52.222256783525488 ], [ 20.871598568371486, 52.222256781294142 ], [ 20.871598581415711, 52.222256778287687 ], [ 20.871598593935545, 52.222256774533342 ], [ 20.871598605817606, 52.222256770065115 ], [ 20.871598616954273, 52.222256764923465 ], [ 20.871598627244705, 52.222256759154938 ], [ 20.871598636595717, 52.222256752811781 ], [ 20.87159864492261, 52.222256745951455 ], [ 20.871598652149984, 52.222256738636105 ], [ 20.873616449911768, 52.219976176018577 ], [ 20.873616455973515, 52.219976168314311 ], [ 20.87361646081543, 52.219976160291019 ], [ 20.873616464393667, 52.21997615202141 ], [ 20.87361646667582, 52.219976143580318 ], [ 20.873616467641231, 52.219976135044227 ], [ 20.873616467281142, 52.219976126490415 ], [ 20.873616465598829, 52.21997611799636 ], [ 20.873616462609508, 52.219976109638999 ], [ 20.873616458340273, 52.219976101493963 ], [ 20.873616452829776, 52.219976093635097 ], [ 20.873616446127915, 52.219976086133514 ], [ 20.871409676311995, 52.217762569318367 ], [ 20.871409668480215, 52.217762562241859 ], [ 20.871409659588732, 52.217762555654652 ], [ 20.871409649718071, 52.217762549616374 ], [ 20.871409638957612, 52.21776254418176 ], [ 20.871409627404812, 52.217762539399992 ], [ 20.871409615164296, 52.217762535314364 ], [ 20.871409602346915, 52.217762531961924 ], [ 20.871409589068726, 52.217762529372976 ], [ 20.871409575450006, 52.217762527570997 ], [ 20.87140956161408, 52.217762526572315 ], [ 20.871409547686241, 52.217762526385947 ], [ 20.867185087263525, 52.217829455699764 ], [ 20.867185083869, 52.217829455654211 ], [ 20.867185081960379, 52.217829453929419 ], [ 20.86497865345358, 52.215615727104861 ], [ 20.864978651820699, 52.215615725276429 ], [ 20.864978653298312, 52.215615723398827 ], [ 20.866996539331836, 52.213335227463759 ], [ 20.86699654539386, 52.21333521975982 ], [ 20.866996550236284, 52.213335211736791 ], [ 20.866996553815252, 52.213335203467345 ], [ 20.866996556098364, 52.213335195026367 ], [ 20.866996557064926, 52.213335186490305 ], [ 20.866996556706194, 52.21333517793645 ], [ 20.86699655502542, 52.213335169442288 ], [ 20.866996552037826, 52.213335161084721 ], [ 20.866996547770459, 52.213335152939436 ], [ 20.866996542261973, 52.213335145080215 ], [ 20.866996535562251, 52.21333513757822 ], [ 20.864790429337127, 52.211121488313331 ], [ 20.864790421507578, 52.211121481236347 ], [ 20.864790412618415, 52.211121474648614 ], [ 20.864790402750131, 52.211121468609768 ], [ 20.864790391992095, 52.2111214631745 ], [ 20.864790380441729, 52.21112145839205 ], [ 20.864790368203646, 52.211121454305733 ], [ 20.864790355388664, 52.211121450952547 ], [ 20.864790342112837, 52.211121448362825 ], [ 20.864790328496408, 52.211121446560057 ], [ 20.86479031466267, 52.211121445560572 ], [ 20.864790300736921, 52.211121445373408 ], [ 20.860566454358846, 52.211188131865171 ], [ 20.860566450964829, 52.211188131819441 ], [ 20.860566449056762, 52.211188130094563 ], [ 20.858360726301687, 52.208974313333542 ], [ 20.858360718473545, 52.208974306256131 ], [ 20.858360709585753, 52.208974299667894 ], [ 20.858360699718812, 52.208974293628479 ], [ 20.858360688962073, 52.208974288192614 ], [ 20.858360677412943, 52.208974283409546 ], [ 20.858360665176026, 52.208974279322533 ], [ 20.85836065236213, 52.208974275968622 ], [ 20.858360639087309, 52.208974273378182 ], [ 20.858360625471775, 52.20897427157464 ], [ 20.858360611638833, 52.208974270574394 ], [ 20.858360597713766, 52.208974270386477 ], [ 20.854136939564942, 52.209040724862845 ], [ 20.854136936171095, 52.209040724816923 ], [ 20.854136934263362, 52.209040723091917 ], [ 20.851931594951704, 52.206826738875087 ], [ 20.851931593319684, 52.206826737046462 ], [ 20.85193159479757, 52.206826735169017 ], [ 20.853949767649787, 52.204546456613691 ], [ 20.853949773712923, 52.204546448910421 ], [ 20.853949778556796, 52.204546440887889 ], [ 20.853949782137537, 52.20454643261882 ], [ 20.85394978442271, 52.204546424178062 ], [ 20.853949785391638, 52.204546415642085 ], [ 20.853949785035525, 52.204546407088152 ], [ 20.853949783357606, 52.204546398593749 ], [ 20.853949780373085, 52.204546390235798 ], [ 20.853949776108976, 52.204546382090008 ], [ 20.853949770603901, 52.204546374230141 ], [ 20.853949763907718, 52.204546366727378 ], [ 20.851744704266636, 52.202332417667279 ], [ 20.851744702634797, 52.202332415838661 ], [ 20.851744704112544, 52.202332413961209 ], [ 20.853762688718334, 52.20005213878521 ], [ 20.853762694780908, 52.200052131081932 ], [ 20.853762699624347, 52.200052123059429 ], [ 20.853762703204783, 52.200052114790346 ], [ 20.853762705489782, 52.200052106349609 ], [ 20.853762706458664, 52.200052097813597 ], [ 20.85376270610265, 52.200052089259657 ], [ 20.853762704424959, 52.200052080765261 ], [ 20.85376270144079, 52.200052072407317 ], [ 20.853762697177167, 52.200052064261513 ], [ 20.853762691672706, 52.20005205640161 ], [ 20.853762684977244, 52.200052048898804 ], [ 20.851557862651941, 52.197838092542902 ], [ 20.851557861020279, 52.197838090714271 ], [ 20.851557862497895, 52.197838088836811 ], [ 20.853575658904465, 52.195557817039088 ], [ 20.853575664966485, 52.19555780933581 ], [ 20.853575669809491, 52.195557801313306 ], [ 20.853575673389617, 52.195557793044237 ], [ 20.853575675674442, 52.195557784603494 ], [ 20.853575676643285, 52.195557776067496 ], [ 20.853575676287363, 52.195557767513556 ], [ 20.853575674609903, 52.195557759019131 ], [ 20.853575671626093, 52.195557750661173 ], [ 20.853575667362954, 52.195557742515341 ], [ 20.85357566185909, 52.195557734655424 ], [ 20.853575655164363, 52.19555772715259 ], [ 20.851371070090508, 52.193343763501964 ], [ 20.85137106845902, 52.193343761673326 ], [ 20.851371069936505, 52.193343759795887 ], [ 20.853388678191056, 52.191063491375338 ], [ 20.853388684252515, 52.191063483672082 ], [ 20.853388689095084, 52.191063475649592 ], [ 20.853388692674908, 52.19106346738053 ], [ 20.853388694959559, 52.191063458939773 ], [ 20.853388695928359, 52.191063450403767 ], [ 20.853388695572537, 52.191063441849813 ], [ 20.853388693895297, 52.191063433355403 ], [ 20.853388690911839, 52.191063424997409 ], [ 20.853388686649186, 52.191063416851563 ], [ 20.85338868114594, 52.191063408991631 ], [ 20.853388674451935, 52.191063401488783 ], [ 20.85118432656521, 52.188849430544501 ], [ 20.8511843249339, 52.188849428715855 ], [ 20.851184326411239, 52.188849426838416 ] ] ], [ [ [ 21.240461341483165, 52.242813588089462 ], [ 21.240461335482571, 52.242813595811818 ], [ 21.240461330704939, 52.242813603849356 ], [ 21.240461327193543, 52.242813612129275 ], [ 21.240461324980188, 52.242813620576619 ], [ 21.240461324084912, 52.242813629114828 ], [ 21.240461324515817, 52.242813637666643 ], [ 21.240461326269013, 52.24281364615458 ], [ 21.240461329328614, 52.242813654501788 ], [ 21.240461333666925, 52.242813662632656 ], [ 21.240461339244639, 52.242813670473581 ], [ 21.240461346011255, 52.242813677953507 ], [ 21.242687540842482, 52.245020047542525 ], [ 21.242687548737464, 52.245020054593574 ], [ 21.242687557688612, 52.245020061152054 ], [ 21.242687567614841, 52.245020067158556 ], [ 21.242687578426271, 52.245020072558688 ], [ 21.242687590024985, 52.245020077303487 ], [ 21.242687602305953, 52.245020081350084 ], [ 21.242687615157951, 52.245020084661761 ], [ 21.242687628464587, 52.245020087208552 ], [ 21.242687642105359, 52.245020088967387 ], [ 21.242687655956729, 52.245020089922328 ], [ 21.242687669893265, 52.245020090064749 ], [ 21.246913634528632, 52.244939694681634 ], [ 21.246913648424009, 52.244939694009759 ], [ 21.246913662152416, 52.244939692530131 ], [ 21.246913675589528, 52.244939690256146 ], [ 21.246913688613667, 52.244939687208436 ], [ 21.24691370110687, 52.244939683414593 ], [ 21.246913712956001, 52.24493967890897 ], [ 21.246913724053755, 52.244939673732375 ], [ 21.246913734299625, 52.244939667931668 ], [ 21.246913743600825, 52.244939661559371 ], [ 21.24691375187313, 52.244939654673253 ], [ 21.246913759041615, 52.24493964733562 ], [ 21.248913102661444, 52.242652895304815 ], [ 21.248913108660542, 52.242652887582047 ], [ 21.248913113436622, 52.242652879544195 ], [ 21.248913116946419, 52.242652871264042 ], [ 21.248913119158157, 52.24265286281657 ], [ 21.24891312005181, 52.242652854278298 ], [ 21.248913119619278, 52.242652845726532 ], [ 21.248913117864475, 52.24265283723873 ], [ 21.248913114803305, 52.242652828891785 ], [ 21.248913110463484, 52.242652820761222 ], [ 21.248913104884306, 52.242652812920745 ], [ 21.248913098116311, 52.242652805441296 ], [ 21.246686720008686, 52.240446554672744 ], [ 21.246686712113902, 52.240446547621936 ], [ 21.246686703163121, 52.240446541063747 ], [ 21.246686693237404, 52.240446535057565 ], [ 21.246686682426628, 52.240446529657802 ], [ 21.246686670828698, 52.240446524913331 ], [ 21.246686658548661, 52.240446520867181 ], [ 21.246686645697711, 52.240446517555938 ], [ 21.246686632392233, 52.24044651500958 ], [ 21.246686618752729, 52.240446513251179 ], [ 21.246686604902717, 52.2404465122967 ], [ 21.246686590967613, 52.240446512154726 ], [ 21.242461052479321, 52.240526894597572 ], [ 21.242461038585233, 52.240526895268935 ], [ 21.242461024858024, 52.240526896748037 ], [ 21.242461011421991, 52.240526899021489 ], [ 21.242460998398819, 52.240526902068687 ], [ 21.242460985906447, 52.240526905862055 ], [ 21.242460974058012, 52.240526910367237 ], [ 21.242460962960816, 52.240526915543413 ], [ 21.242460952715351, 52.240526921343744 ], [ 21.242460943414404, 52.240526927715678 ], [ 21.242460935142208, 52.240526934601505 ], [ 21.242460927973674, 52.240526941938867 ], [ 21.240461341483165, 52.242813588089462 ] ] ] ] } }
]
}
