id,lon,lat,pop,srv_school,srv_pharmacy,srv_university,srv_mall
0,19.3193270,51.8077365,21.99,0,0,0,0
1,19.3224762,51.8088522,100.96,0,0,0,0
2,19.3224602,51.8066037,709.29,0,0,0,0
3,19.3224281,51.8021068,0.33,0,0,0,0
4,19.3256094,51.8077193,434.69,0,0,0,0
5,19.3255932,51.8054708,173.15,0,0,0,0
6,19.3255770,51.8032224,19.73,0,0,0,0
7,19.3255608,51.8009739,1.53,0,0,0,0
8,19.3287588,51.8088348,1.41,0,0,0,0
9,19.3287424,51.8065863,24.43,0,0,0,0
10,19.3287261,51.8043379,23.39,0,0,0,0
11,19.3287097,51.8020894,16.47,0,0,0,0
12,19.3286934,51.7998410,3.01,0,0,0,0
13,19.3286770,51.7975925,5.92,0,0,0,0
14,19.3286607,51.7953441,1.6,0,0,0,0
15,19.3318918,51.8077017,15.72,0,0,0,0
16,19.3318753,51.8054533,24.34,0,0,0,0
17,19.3318588,51.8032048,22.47,0,0,0,0
18,19.3318423,51.8009564,22.05,0,0,0,0
19,19.3318258,51.7987079,22.47,0,0,0,0
20,19.3318093,51.7964595,17.06,0,0,0,0
21,19.3351247,51.8200593,0.53,0,0,0,0
22,19.3351080,51.8178108,0.59,0,0,0,0
23,19.3350413,51.8088170,7.09,0,0,0,0
24,19.3350247,51.8065686,24.43,0,0,0,0
25,19.3350080,51.8043201,23.21,0,0,0,0
26,19.3349913,51.8020717,22.47,0,0,0,0
27,19.3349747,51.7998232,22.47,0,0,0,0
28,19.3349580,51.7975748,22.47,0,0,0,0
29,19.3349413,51.7953263,2.44,0,0,0,0
30,19.3348414,51.7818356,1.47,0,0,0,0
31,19.3348248,51.7795871,0.24,0,0,0,0
32,19.3344758,51.7323693,0.23,0,0,0,0
33,19.3344592,51.7301208,0.41,0,0,0,0
34,19.3382752,51.8211745,0.84,0,0,0,0
35,19.3382583,51.8189261,14.11,0,0,0,0
36,19.3382415,51.8166776,8.26,0,0,0,0
37,19.3382078,51.8121807,11.54,0,0,0,0
38,19.3381910,51.8099323,23.18,0,0,0,0
39,19.3381742,51.8076838,24.43,0,0,0,0
40,19.3381574,51.8054354,24.24,0,0,0,0
41,19.3381405,51.8031869,22.47,0,0,0,0
42,19.3381237,51.8009385,22.47,0,0,0,0
43,19.3381069,51.7986900,21.2,0,0,0,0
44,19.3380901,51.7964416,11.6,0,0,0,0
45,19.3380060,51.7851993,1.17,0,0,0,0
46,19.3379892,51.7829508,13.07,0,0,0,0
47,19.3379724,51.7807024,12.06,0,0,0,0
48,19.3379053,51.7717085,1.43,0,0,0,0
49,19.3378885,51.7694601,6.85,0,0,0,0
50,19.3378717,51.7672116,0.0,0,0,0,0
51,19.3376536,51.7379815,0.54,0,0,0,0
52,19.3376201,51.7334845,0.03,0,0,0,0
53,19.3376034,51.7312361,2.17,0,0,0,0
54,19.3375866,51.7289876,0.76,0,0,0,0
55,19.3375699,51.7267391,1.4,0,0,0,0
56,19.3375531,51.7244906,0.02,0,0,0,0
57,19.3414088,51.8200412,9.46,0,0,0,0
58,19.3413918,51.8177928,14.66,0,0,0,0
59,19.3413748,51.8155443,8.45,0,0,0,0
60,19.3413578,51.8132959,10.91,0,0,0,0
61,19.3413409,51.8110474,24.79,0,0,0,0
62,19.3413239,51.8087990,32.42,0,0,0,0
63,19.3413069,51.8065505,34.22,0,0,0,0
64,19.3412899,51.8043021,33.62,0,0,0,0
65,19.3412729,51.8020536,30.5,0,0,0,0
66,19.3412560,51.7998052,4.65,0,0,0,0
67,19.3412390,51.7975567,0.23,0,0,0,0
68,19.3411372,51.7840660,13.06,0,0,0,0
69,19.3411202,51.7818175,15.15,0,0,0,0
70,19.3411033,51.7795691,7.48,0,0,0,0
71,19.3410863,51.7773206,4.78,0,0,0,0
72,19.3410694,51.7750722,9.08,0,0,0,0
73,19.3410524,51.7728237,13.13,0,0,0,0
74,19.3410355,51.7705752,21.71,0,0,0,0
75,19.3410185,51.7683268,21.85,0,0,0,0
76,19.3410016,51.7660783,6.28,0,0,0,0
77,19.3407985,51.7390967,7.92,0,0,0,0
78,19.3407815,51.7368482,5.07,0,0,0,0
79,19.3407646,51.7345997,0.1,0,0,0,0
80,19.3407477,51.7323512,2.38,0,0,0,0
81,19.3407308,51.7301028,2.77,0,0,0,0
82,19.3407139,51.7278543,2.45,0,0,0,0
83,19.3406970,51.7256058,0.07,0,0,0,0
84,19.3406463,51.7188604,0.11,0,0,0,0
85,19.3446281,51.8301500,2.72,0,0,0,0
86,19.3446109,51.8279016,4.38,0,0,0,0
87,19.3445938,51.8256532,4.25,0,0,0,0
88,19.3445766,51.8234047,4.13,0,0,0,0
89,19.3445594,51.8211563,5.24,0,0,0,0
90,19.3445423,51.8189078,14.66,0,0,0,0
91,19.3445251,51.8166594,14.66,0,0,0,0
92,19.3445080,51.8144109,14.66,0,0,0,0
93,19.3444909,51.8121625,18.65,0,0,0,0
94,19.3444737,51.8099140,39.36,0,0,0,0
95,19.3444566,51.8076656,40.58,0,0,0,0
96,19.3444394,51.8054172,41.77,0,0,0,0
97,19.3444223,51.8031687,40.79,0,0,0,0
98,19.3444052,51.8009203,40.58,0,0,0,0
99,19.3443880,51.7986718,21.33,0,0,0,0
100,19.3442853,51.7851811,4.58,0,0,0,0
101,19.3442682,51.7829326,15.15,0,0,0,0
102,19.3442511,51.7806842,15.15,0,0,0,0
103,19.3442340,51.7784357,15.15,0,0,0,0
104,19.3442169,51.7761872,15.15,0,0,0,0
105,19.3441997,51.7739388,15.17,0,0,0,0
106,19.3441826,51.7716903,17.66,0,0,0,0
107,19.3441655,51.7694419,21.85,0,0,0,0
108,19.3441484,51.7671934,21.85,0,0,0,0
109,19.3441313,51.7649449,1.96,0,0,0,0
110,19.3439434,51.7402118,6.49,0,0,0,0
111,19.3439264,51.7379633,10.48,0,0,0,0
112,19.3439093,51.7357148,9.64,0,0,0,0
113,19.3438922,51.7334664,3.29,0,0,0,0
114,19.3438752,51.7312179,2.77,0,0,0,0
115,19.3438581,51.7289694,1.03,0,0,0,0
116,19.3438069,51.7222240,1.89,0,0,0,0
117,19.3437899,51.7199755,3.22,0,0,0,0
118,19.3437728,51.7177270,3.35,0,0,0,0
119,19.3437558,51.7154785,0.1,0,0,0,0
120,19.3478314,51.8380103,0.05,0,0,0,0
121,19.3477795,51.8312650,0.07,0,0,0,0
122,19.3477622,51.8290166,5.38,0,0,0,0
123,19.3477448,51.8267681,5.38,0,0,0,0
124,19.3477275,51.8245197,5.38,0,0,0,0
125,19.3477102,51.8222712,5.38,0,0,0,0
126,19.3476929,51.8200228,10.14,0,0,0,0
127,19.3476756,51.8177744,14.66,0,0,0,0
128,19.3476583,51.8155259,14.66,0,0,0,0
129,19.3476410,51.8132775,16.53,0,0,0,0
130,19.3476237,51.8110290,33.67,0,0,0,0
131,19.3476064,51.8087806,39.7,0,0,0,0
132,19.3475891,51.8065321,44.78,0,0,0,0
133,19.3475718,51.8042837,45.19,0,0,0,0
134,19.3475545,51.8020352,40.58,0,0,0,0
135,19.3475372,51.7997868,40.58,0,0,0,0
136,19.3475200,51.7975383,35.2,0,0,0,0
137,19.3475027,51.7952899,0.97,0,0,0,0
138,19.3474163,51.7840476,12.36,0,0,0,0
139,19.3473990,51.7817992,15.15,0,0,0,0
140,19.3473818,51.7795507,15.15,0,0,0,0
141,19.3473645,51.7773022,15.15,0,0,0,0
142,19.3473472,51.7750538,19.42,0,0,0,0
143,19.3473300,51.7728053,21.05,0,0,0,0
144,19.3473127,51.7705569,21.85,0,0,0,0
145,19.3472955,51.7683084,21.85,0,0,0,0
146,19.3472782,51.7660599,20.18,0,0,0,0
147,19.3472609,51.7638115,0.0,0,0,0,0
148,19.3470885,51.7413268,1.43,0,0,0,0
149,19.3470713,51.7390783,10.48,0,0,0,0
150,19.3470541,51.7368298,10.48,0,0,0,0
151,19.3470369,51.7345814,6.62,0,0,0,0
152,19.3470197,51.7323329,2.77,0,0,0,0
153,19.3470024,51.7300844,2.62,0,0,0,0
154,19.3469852,51.7278359,2.45,0,0,0,0
155,19.3469680,51.7255875,10.85,0,0,0,0
156,19.3469508,51.7233390,12.04,0,0,0,0
157,19.3469336,51.7210905,4.15,0,0,0,0
158,19.3469164,51.7188420,4.15,0,0,0,0
159,19.3468992,51.7165935,4.15,0,0,0,0
160,19.3468820,51.7143451,2.59,0,0,0,0
161,19.3468648,51.7120966,0.23,0,0,0,0
162,19.3509835,51.8391252,0.26,0,0,0,0
163,19.3509660,51.8368768,4.16,0,0,0,0
164,19.3509485,51.8346283,1.31,0,0,0,0
165,19.3509311,51.8323799,1.39,0,0,0,0
166,19.3509136,51.8301314,3.26,0,0,0,0
167,19.3508961,51.8278830,5.38,0,0,0,0
168,19.3508786,51.8256346,5.38,0,0,0,0
169,19.3508612,51.8233861,5.38,0,0,0,0
170,19.3508437,51.8211377,6.14,0,0,0,0
171,19.3508262,51.8188892,14.66,0,0,0,0
172,19.3508088,51.8166408,14.66,0,0,0,0
173,19.3507913,51.8143924,14.79,0,0,0,0
174,19.3507739,51.8121439,32.67,0,0,0,0
175,19.3507564,51.8098955,33.57,0,0,0,0
176,19.3507390,51.8076470,38.8,0,0,0,0
177,19.3507215,51.8053986,46.37,0,0,0,0
178,19.3507041,51.8031501,39.6,0,0,0,0
179,19.3506866,51.8009017,36.21,0,0,0,0
180,19.3506692,51.7986532,36.11,0,0,0,0
181,19.3506517,51.7964048,36.93,0,0,0,0
182,19.3506343,51.7941563,1.79,0,0,0,0
183,19.3505820,51.7874110,8.61,0,0,0,0
184,19.3505646,51.7851625,26.39,0,0,0,0
185,19.3505471,51.7829141,15.15,0,0,0,0
186,19.3505297,51.7806656,15.15,0,0,0,0
187,19.3505123,51.7784172,15.15,0,0,0,0
188,19.3504949,51.7761687,16.96,0,0,0,0
189,19.3504774,51.7739202,21.85,0,0,0,0
190,19.3504600,51.7716718,21.85,0,0,0,0
191,19.3504426,51.7694233,21.85,0,0,0,0
192,19.3504252,51.7671749,21.07,0,0,0,0
193,19.3504078,51.7649264,12.66,0,0,0,0
194,19.3502164,51.7401933,8.69,0,0,0,0
195,19.3501991,51.7379448,10.48,0,0,0,0
196,19.3501817,51.7356963,7.98,0,0,0,0
197,19.3501643,51.7334478,2.77,0,0,0,0
198,19.3501469,51.7311994,2.77,0,0,0,0
199,19.3501296,51.7289509,3.81,0,0,0,0
200,19.3501122,51.7267024,14.66,0,0,0,0
201,19.3500948,51.7244539,14.69,0,0,0,0
202,19.3500775,51.7222054,6.8,0,0,0,0
203,19.3500601,51.7199570,4.15,0,0,0,0
204,19.3500427,51.7177085,4.15,0,0,0,0
205,19.3500254,51.7154600,4.15,0,0,0,0
206,19.3500080,51.7132115,4.15,0,0,0,0
207,19.3499907,51.7109630,2.5,0,0,0,0
208,19.3499733,51.7087146,0.59,0,0,0,0
209,19.3541180,51.8379916,0.04,0,0,0,0
210,19.3541004,51.8357431,3.78,0,0,0,0
211,19.3540828,51.8334947,5.1,0,0,0,0
212,19.3540651,51.8312462,5.05,0,0,0,0
213,19.3540475,51.8289978,4.99,0,0,0,0
214,19.3540299,51.8267494,4.98,0,0,0,0
215,19.3540123,51.8245009,5.38,0,0,0,0
216,19.3539946,51.8222525,5.12,0,0,0,0
217,19.3539770,51.8200041,9.71,0,0,0,0
218,19.3539594,51.8177556,14.66,0,0,0,0
219,19.3539418,51.8155072,14.66,0,0,0,0
220,19.3539242,51.8132587,29.81,0,0,0,0
221,19.3539066,51.8110103,28.52,0,0,0,0
222,19.3538889,51.8087618,5.69,0,0,0,0
223,19.3538713,51.8065134,12.75,0,0,0,0
224,19.3538537,51.8042649,46.08,0,0,0,0
225,19.3538361,51.8020165,37.25,0,0,0,0
226,19.3538185,51.7997681,34.96,0,0,0,0
227,19.3538009,51.7975196,34.96,0,0,0,0
228,19.3537833,51.7952712,33.87,0,0,0,0
229,19.3537657,51.7930227,1.52,0,0,0,0
230,19.3537481,51.7907743,6.79,0,0,0,0
231,19.3537306,51.7885258,31.93,0,0,0,0
232,19.3537130,51.7862773,41.42,0,0,0,0
233,19.3536954,51.7840289,18.77,0,0,0,0
234,19.3536778,51.7817804,15.15,0,0,0,0
235,19.3536602,51.7795320,15.15,0,0,0,0
236,19.3536427,51.7772835,15.15,0,0,0,0
237,19.3536251,51.7750351,20.64,0,0,0,0
238,19.3536075,51.7727866,19.4,0,0,0,0
239,19.3535899,51.7705382,13.79,0,0,0,0
240,19.3535724,51.7682897,9.4,0,0,0,0
241,19.3535548,51.7660412,7.23,0,0,0,0
242,19.3535372,51.7637928,5.17,0,0,0,0
243,19.3535197,51.7615443,4.87,0,0,0,0
244,19.3535021,51.7592958,2.0,0,0,0,0
245,19.3533617,51.7413081,5.02,0,0,0,0
246,19.3533442,51.7390596,10.48,0,0,0,0
247,19.3533266,51.7368112,5.82,0,0,0,0
248,19.3533091,51.7345627,2.77,0,0,0,0
249,19.3532916,51.7323142,2.77,0,0,0,0
250,19.3532741,51.7300657,3.0,0,0,0,0
251,19.3532565,51.7278173,14.16,0,0,0,0
252,19.3532390,51.7255688,14.69,0,0,0,0
253,19.3532215,51.7233203,12.39,0,0,0,0
254,19.3532040,51.7210718,4.15,0,0,0,0
255,19.3531864,51.7188233,4.15,0,0,0,0
256,19.3531689,51.7165749,4.15,0,0,0,0
257,19.3531514,51.7143264,4.15,0,0,0,0
258,19.3531339,51.7120779,4.15,0,0,0,0
259,19.3531164,51.7098294,4.15,0,0,0,0
260,19.3530989,51.7075809,3.59,0,0,0,0
261,19.3530814,51.7053325,2.08,0,0,0,0
262,19.3530639,51.7030840,0.8,0,0,0,0
263,19.3572347,51.8346094,4.25,0,0,0,0
264,19.3572169,51.8323610,4.52,0,0,0,0
265,19.3571991,51.8301125,4.52,0,0,0,0
266,19.3571813,51.8278641,4.52,0,0,0,0
267,19.3571635,51.8256157,4.88,0,0,0,0
268,19.3571457,51.8233672,4.54,0,0,0,0
269,19.3571279,51.8211188,4.86,0,0,0,0
270,19.3571102,51.8188703,11.23,0,0,0,0
271,19.3570924,51.8166219,14.66,0,0,0,0
272,19.3570746,51.8143735,25.73,0,0,0,0
273,19.3570569,51.8121250,33.67,0,0,0,0
274,19.3570391,51.8098766,23.72,0,0,0,0
275,19.3570213,51.8076281,0.76,0,0,0,0
276,19.3570036,51.8053797,51.91,0,0,0,0
277,19.3569858,51.8031312,46.43,0,0,0,0
278,19.3569680,51.8008828,44.34,0,0,0,0
279,19.3569503,51.7986343,44.74,0,0,0,0
280,19.3569325,51.7963859,40.01,0,0,0,0
281,19.3569148,51.7941374,42.77,0,0,0,0
282,19.3568970,51.7918890,31.8,0,0,0,0
283,19.3568793,51.7896405,41.42,0,0,0,0
284,19.3568615,51.7873921,41.42,0,0,0,0
285,19.3568438,51.7851436,27.18,0,0,0,0
286,19.3568261,51.7828952,21.65,0,0,0,0
287,19.3568083,51.7806467,18.94,0,0,0,0
288,19.3567906,51.7783983,21.42,0,0,0,0
289,19.3567729,51.7761498,21.55,0,0,0,0
290,19.3567551,51.7739014,14.98,0,0,0,0
291,19.3567374,51.7716529,14.38,0,0,0,0
292,19.3567197,51.7694044,7.22,0,0,0,0
293,19.3567020,51.7671560,7.22,0,0,0,0
294,19.3566842,51.7649075,7.22,0,0,0,0
295,19.3566665,51.7626591,7.22,0,0,0,0
296,19.3566488,51.7604106,7.22,0,0,0,0
297,19.3566311,51.7581621,0.45,0,0,0,0
298,19.3565072,51.7424229,1.37,0,0,0,0
299,19.3564895,51.7401744,10.48,0,0,0,0
300,19.3564718,51.7379259,4.49,0,0,0,0
301,19.3564541,51.7356775,2.77,0,0,0,0
302,19.3564364,51.7334290,2.77,0,0,0,0
303,19.3564187,51.7311805,3.09,0,0,0,0
304,19.3564010,51.7289320,14.33,0,0,0,0
305,19.3563833,51.7266836,14.69,0,0,0,0
306,19.3563657,51.7244351,14.69,0,0,0,0
307,19.3563480,51.7221866,11.82,0,0,0,0
308,19.3563303,51.7199381,5.25,0,0,0,0
309,19.3563126,51.7176896,4.15,0,0,0,0
310,19.3562950,51.7154412,4.15,0,0,0,0
311,19.3562773,51.7131927,4.15,0,0,0,0
312,19.3562596,51.7109442,4.15,0,0,0,0
313,19.3562420,51.7086957,4.15,0,0,0,0
314,19.3562243,51.7064472,4.15,0,0,0,0
315,19.3562066,51.7041988,4.15,0,0,0,0
316,19.3561890,51.7019503,1.07,0,0,0,0
317,19.3603867,51.8357240,1.8,0,0,0,0
318,19.3603687,51.8334756,4.52,0,0,0,0
319,19.3603508,51.8312272,4.52,0,0,0,0
320,19.3603329,51.8289787,4.52,0,0,0,0
321,19.3603149,51.8267303,4.52,0,0,0,0
322,19.3602970,51.8244819,4.52,0,0,0,0
323,19.3602790,51.8222334,4.52,0,0,0,0
324,19.3602611,51.8199850,5.27,0,0,0,0
325,19.3602432,51.8177365,14.73,0,0,0,0
326,19.3602252,51.8154881,28.39,0,0,0,0
327,19.3602073,51.8132397,35.77,0,0,0,0
328,19.3601894,51.8109912,86.2,0,0,0,0
329,19.3601715,51.8087428,105.29,0,0,0,0
330,19.3601535,51.8064943,133.59,0,0,0,0
331,19.3601356,51.8042459,90.41,0,0,0,0
332,19.3601177,51.8019974,46.88,0,0,0,0
333,19.3600998,51.7997490,46.88,0,0,0,0
334,19.3600819,51.7975005,50.31,0,0,0,0
335,19.3600640,51.7952521,98.5,0,0,0,0
336,19.3600461,51.7930036,124.15,0,0,0,0
337,19.3600282,51.7907552,36.53,0,0,0,0
338,19.3600103,51.7885067,83.43,0,0,0,0
339,19.3599924,51.7862583,64.7,0,0,0,0
340,19.3599745,51.7840098,67.28,0,0,0,0
341,19.3599566,51.7817614,35.9,0,0,0,0
342,19.3599387,51.7795129,24.21,0,0,0,0
343,19.3599208,51.7772645,24.21,0,0,0,0
344,19.3599029,51.7750160,15.79,0,0,0,0
345,19.3598850,51.7727676,14.61,0,0,0,0
346,19.3598671,51.7705191,7.69,0,0,0,0
347,19.3598493,51.7682706,7.22,0,0,0,0
348,19.3598314,51.7660222,7.22,0,0,0,0
349,19.3598135,51.7637737,7.22,0,0,0,0
350,19.3597956,51.7615253,7.22,0,0,0,0
351,19.3597778,51.7592768,6.18,0,0,0,0
352,19.3596349,51.7412891,8.86,0,0,0,0
353,19.3596170,51.7390406,8.23,0,0,0,0
354,19.3595992,51.7367921,5.57,0,0,0,0
355,19.3595813,51.7345437,3.45,0,0,0,0
356,19.3595635,51.7322952,2.77,0,0,0,0
357,19.3595457,51.7300467,13.35,0,0,0,0
358,19.3595278,51.7277982,14.69,0,0,0,0
359,19.3595100,51.7255498,14.69,0,0,0,0
360,19.3594922,51.7233013,14.68,0,0,0,0
361,19.3594743,51.7210528,11.88,0,0,0,0
362,19.3594565,51.7188043,4.47,0,0,0,0
363,19.3594387,51.7165559,4.15,0,0,0,0
364,19.3594208,51.7143074,4.15,0,0,0,0
365,19.3594030,51.7120589,4.15,0,0,0,0
366,19.3593852,51.7098104,4.15,0,0,0,0
367,19.3593674,51.7075619,4.15,0,0,0,0
368,19.3593496,51.7053134,4.15,0,0,0,0
369,19.3593318,51.7030650,3.69,0,0,0,0
370,19.3593139,51.7008165,2.06,0,0,0,0
371,19.3592961,51.6985680,0.45,0,0,0,0
372,19.3635389,51.8368386,0.61,0,0,0,0
373,19.3635208,51.8345901,4.52,0,0,0,0
374,19.3635027,51.8323417,4.52,0,0,0,0
375,19.3634846,51.8300933,4.52,0,0,0,0
376,19.3634665,51.8278448,4.52,0,0,0,0
377,19.3634484,51.8255964,4.52,0,0,0,0
378,19.3634303,51.8233480,4.52,0,0,0,0
379,19.3634122,51.8210995,4.54,0,0,0,0
380,19.3633941,51.8188511,9.13,0,0,0,0
381,19.3633760,51.8166026,16.22,0,0,0,0
382,19.3633579,51.8143542,56.67,0,0,0,0
383,19.3633398,51.8121058,133.93,0,0,0,0
384,19.3633218,51.8098573,139.44,0,0,0,0
385,19.3633037,51.8076089,127.63,0,0,0,0
386,19.3632856,51.8053604,69.77,0,0,0,0
387,19.3632675,51.8031120,40.84,0,0,0,0
388,19.3632495,51.8008636,46.88,0,0,0,0
389,19.3632314,51.7986151,93.55,0,0,0,0
390,19.3632133,51.7963667,186.5,0,0,0,0
391,19.3631953,51.7941182,153.94,0,0,0,0
392,19.3631772,51.7918698,105.69,0,0,0,0
393,19.3631592,51.7896213,57.07,0,0,0,0
394,19.3631411,51.7873729,84.94,0,0,0,0
395,19.3631230,51.7851244,69.73,0,0,0,0
396,19.3631050,51.7828760,64.69,0,0,0,0
397,19.3630869,51.7806275,24.21,0,0,0,0
398,19.3630689,51.7783791,24.21,0,0,0,0
399,19.3630509,51.7761306,21.27,0,0,0,0
400,19.3630328,51.7738821,14.98,0,0,0,0
401,19.3630148,51.7716337,8.18,0,0,0,0
402,19.3629967,51.7693852,7.22,0,0,0,0
403,19.3629787,51.7671368,7.22,0,0,0,0
404,19.3629607,51.7648883,7.22,0,0,0,0
405,19.3629426,51.7626398,7.22,0,0,0,0
406,19.3629246,51.7603914,7.22,0,0,0,0
407,19.3629066,51.7581429,4.21,0,0,0,0
408,19.3627805,51.7424037,0.02,0,0,0,0
409,19.3627625,51.7401552,4.61,0,0,0,0
410,19.3627445,51.7379067,7.75,0,0,0,0
411,19.3627265,51.7356583,6.27,0,0,0,0
412,19.3627085,51.7334098,2.77,0,0,0,0
413,19.3626905,51.7311613,12.03,0,0,0,0
414,19.3626725,51.7289128,14.69,0,0,0,0
415,19.3626545,51.7266644,14.69,0,0,0,0
416,19.3626365,51.7244159,14.1,0,0,0,0
417,19.3626185,51.7221674,8.36,0,0,0,0
418,19.3626005,51.7199189,4.03,0,0,0,0
419,19.3625825,51.7176705,4.03,0,0,0,0
420,19.3625645,51.7154220,4.12,0,0,0,0
421,19.3625466,51.7131735,4.15,0,0,0,0
422,19.3625286,51.7109250,4.15,0,0,0,0
423,19.3625106,51.7086765,4.15,0,0,0,0
424,19.3624926,51.7064281,4.15,0,0,0,0
425,19.3624747,51.7041796,4.15,0,0,0,0
426,19.3624567,51.7019311,4.15,0,0,0,0
427,19.3624387,51.6996826,3.86,0,0,0,0
428,19.3666730,51.8357046,4.52,0,0,0,0
429,19.3666547,51.8334562,4.52,0,0,0,0
430,19.3666364,51.8312077,4.52,0,0,0,0
431,19.3666182,51.8289593,4.52,0,0,0,0
432,19.3665999,51.8267109,4.52,0,0,0,0
433,19.3665817,51.8244624,4.52,0,0,0,0
434,19.3665634,51.8222140,4.52,0,0,0,0
435,19.3665452,51.8199656,4.82,0,0,0,0
436,19.3665269,51.8177171,11.7,0,0,0,0
437,19.3665087,51.8154687,12.87,0,0,0,0
438,19.3664905,51.8132202,59.16,0,0,0,0
439,19.3664722,51.8109718,128.47,0,0,0,0
440,19.3664540,51.8087234,67.58,0,0,0,0
441,19.3664358,51.8064749,21.15,0,0,0,0
442,19.3664175,51.8042265,20.81,0,0,0,0
443,19.3663993,51.8019780,106.36,0,0,0,0
444,19.3663811,51.7997296,321.68,0,0,0,0
445,19.3663628,51.7974811,170.24,0,0,0,0
446,19.3663446,51.7952327,230.16,0,0,0,0
447,19.3663264,51.7929842,291.33,0,0,0,0
448,19.3663082,51.7907358,94.9,0,0,0,0
449,19.3662900,51.7884873,84.28,0,0,0,0
450,19.3662718,51.7862389,72.81,0,0,0,0
451,19.3662536,51.7839904,74.47,0,0,0,0
452,19.3662354,51.7817420,49.27,0,0,0,0
453,19.3662172,51.7794935,24.21,0,0,0,0
454,19.3661989,51.7772451,24.21,0,0,0,0
455,19.3661807,51.7749966,17.88,0,0,0,0
456,19.3661626,51.7727482,13.69,0,0,0,0
457,19.3661444,51.7704997,10.24,0,0,0,0
458,19.3661262,51.7682513,10.91,0,0,0,0
459,19.3661080,51.7660028,10.42,0,0,0,0
460,19.3660898,51.7637543,8.91,0,0,0,0
461,19.3660716,51.7615059,7.62,0,0,0,0
462,19.3660534,51.7592574,7.24,0,0,0,0
463,19.3660352,51.7570090,2.15,0,0,0,0
464,19.3659080,51.7412697,2.89,0,0,0,0
465,19.3658899,51.7390212,7.75,0,0,0,0
466,19.3658717,51.7367728,7.21,0,0,0,0
467,19.3658536,51.7345243,2.77,0,0,0,0
468,19.3658354,51.7322758,11.83,0,0,0,0
469,19.3658173,51.7300274,14.69,0,0,0,0
470,19.3657991,51.7277789,14.48,0,0,0,0
471,19.3657810,51.7255304,13.36,0,0,0,0
472,19.3657628,51.7232819,12.81,0,0,0,0
473,19.3657447,51.7210335,4.06,0,0,0,0
474,19.3657265,51.7187850,4.03,0,0,0,0
475,19.3657084,51.7165365,4.03,0,0,0,0
476,19.3656903,51.7142880,4.06,0,0,0,0
477,19.3656721,51.7120396,4.11,0,0,0,0
478,19.3656540,51.7097911,4.15,0,0,0,0
479,19.3656359,51.7075426,4.15,0,0,0,0
480,19.3656178,51.7052941,4.15,0,0,0,0
481,19.3655996,51.7030456,4.15,0,0,0,0
482,19.3655815,51.7007971,4.15,0,0,0,0
483,19.3655634,51.6985487,2.58,0,0,0,0
484,19.3698253,51.8368190,2.59,0,0,0,0
485,19.3698069,51.8345705,4.52,0,0,0,0
486,19.3697885,51.8323221,4.52,0,0,0,0
487,19.3697701,51.8300737,4.52,0,0,0,0
488,19.3697516,51.8278252,4.52,0,0,0,0
489,19.3697332,51.8255768,4.52,0,0,0,0
490,19.3697148,51.8233284,4.52,0,0,0,0
491,19.3696964,51.8210799,4.52,0,0,0,0
492,19.3696780,51.8188315,5.37,0,0,0,0
493,19.3696596,51.8165831,12.79,0,0,0,0
494,19.3696412,51.8143346,12.87,0,0,0,0
495,19.3696228,51.8120862,22.61,0,0,0,0
496,19.3696044,51.8098377,21.15,0,0,0,0
497,19.3695860,51.8075893,21.15,0,0,0,0
498,19.3695677,51.8053409,14.46,0,0,0,0
499,19.3695493,51.8030924,20.0,0,0,0,0
500,19.3695309,51.8008440,739.61,0,0,0,0
501,19.3695125,51.7985955,252.0,0,0,0,0
502,19.3694941,51.7963471,347.81,0,0,0,0
503,19.3694758,51.7940986,285.25,0,0,0,0
504,19.3694574,51.7918502,229.48,0,0,0,0
505,19.3694390,51.7896017,46.9,0,0,0,0
506,19.3694206,51.7873533,90.19,0,0,0,0
507,19.3694023,51.7851048,83.46,0,0,0,0
508,19.3693839,51.7828564,81.99,0,0,0,0
509,19.3693656,51.7806079,32.82,0,0,0,0
510,19.3693472,51.7783595,24.21,0,0,0,0
511,19.3693288,51.7761110,24.21,0,0,0,0
512,19.3693105,51.7738626,22.31,0,0,0,0
513,19.3692921,51.7716141,13.11,0,0,0,0
514,19.3692738,51.7693657,11.81,0,0,0,0
515,19.3692554,51.7671172,11.81,0,0,0,0
516,19.3692371,51.7648688,11.81,0,0,0,0
517,19.3692188,51.7626203,11.81,0,0,0,0
518,19.3692004,51.7603718,11.4,0,0,0,0
519,19.3691821,51.7581234,11.29,0,0,0,0
520,19.3691637,51.7558749,0.65,0,0,0,0
521,19.3691271,51.7513780,0.31,0,0,0,0
522,19.3691088,51.7491295,1.84,0,0,0,0
523,19.3690904,51.7468811,2.49,0,0,0,0
524,19.3690721,51.7446326,0.49,0,0,0,0
525,19.3690538,51.7423841,1.16,0,0,0,0
526,19.3690355,51.7401357,7.75,0,0,0,0
527,19.3690171,51.7378872,7.77,0,0,0,0
528,19.3689988,51.7356387,51.93,0,0,0,0
529,19.3689805,51.7333903,25.26,0,0,0,0
530,19.3689622,51.7311418,13.69,0,0,0,0
531,19.3689439,51.7288933,11.98,0,0,0,0
532,19.3689256,51.7266448,5.91,0,0,0,0
533,19.3689073,51.7243964,12.41,0,0,0,0
534,19.3688890,51.7221479,10.2,0,0,0,0
535,19.3688707,51.7198994,4.03,0,0,0,0
536,19.3688524,51.7176510,4.03,0,0,0,0
537,19.3688341,51.7154025,4.03,0,0,0,0
538,19.3688158,51.7131540,4.03,0,0,0,0
539,19.3687975,51.7109055,4.05,0,0,0,0
540,19.3687793,51.7086570,4.15,0,0,0,0
541,19.3687610,51.7064086,4.15,0,0,0,0
542,19.3687427,51.7041601,4.15,0,0,0,0
543,19.3687244,51.7019116,4.15,0,0,0,0
544,19.3687061,51.6996631,4.15,0,0,0,0
545,19.3686879,51.6974146,1.06,0,0,0,0
546,19.3729778,51.8379333,0.04,0,0,0,0
547,19.3729592,51.8356848,4.48,0,0,0,0
548,19.3729406,51.8334364,4.52,0,0,0,0
549,19.3729221,51.8311880,4.52,0,0,0,0
550,19.3729035,51.8289395,4.52,0,0,0,0
551,19.3728849,51.8266911,4.52,0,0,0,0
552,19.3728664,51.8244427,4.52,0,0,0,0
553,19.3728478,51.8221942,4.52,0,0,0,0
554,19.3728293,51.8199458,4.55,0,0,0,0
555,19.3728107,51.8176974,12.41,0,0,0,0
556,19.3727921,51.8154489,12.87,0,0,0,0
557,19.3727736,51.8132005,12.87,0,0,0,0
558,19.3727550,51.8109521,18.95,0,0,0,0
559,19.3727365,51.8087036,16.35,0,0,0,0
560,19.3727180,51.8064552,4.72,0,0,0,0
561,19.3726994,51.8042067,2.26,0,0,0,0
562,19.3726809,51.8019583,62.43,0,0,0,0
563,19.3726623,51.7997098,951.84,0,0,0,0
564,19.3726438,51.7974614,840.6,0,0,0,0
565,19.3726253,51.7952130,1204.95,0,0,0,0
566,19.3726067,51.7929645,744.62,0,0,0,0
567,19.3725882,51.7907161,70.56,0,0,0,0
568,19.3725697,51.7884676,59.4,0,0,0,0
569,19.3725512,51.7862192,90.0,0,0,0,0
570,19.3725326,51.7839707,82.03,0,0,0,0
571,19.3725141,51.7817223,77.6,0,0,0,0
572,19.3724956,51.7794738,24.21,0,0,0,0
573,19.3724771,51.7772254,24.21,0,0,0,0
574,19.3724586,51.7749769,24.21,0,0,0,0
575,19.3724401,51.7727285,22.37,0,0,0,0
576,19.3724216,51.7704800,15.1,0,0,0,0
577,19.3724031,51.7682315,11.81,0,0,0,0
578,19.3723846,51.7659831,11.81,0,0,0,0
579,19.3723661,51.7637346,11.81,0,0,0,0
580,19.3723476,51.7614862,11.81,0,0,0,0
581,19.3723291,51.7592377,11.81,0,0,0,0
582,19.3723106,51.7569893,9.96,0,0,0,0
583,19.3722921,51.7547408,0.61,0,0,0,0
584,19.3722736,51.7524923,4.14,0,0,0,0
585,19.3722551,51.7502439,10.31,0,0,0,0
586,19.3722366,51.7479954,10.37,0,0,0,0
587,19.3722182,51.7457469,10.27,0,0,0,0
588,19.3721997,51.7434985,102.21,0,0,0,0
589,19.3721812,51.7412500,147.34,0,0,0,0
590,19.3721627,51.7390015,10.69,0,0,0,0
591,19.3721443,51.7367531,44.67,0,0,0,0
592,19.3721258,51.7345046,43.76,0,0,0,0
593,19.3721073,51.7322561,13.05,0,0,0,0
594,19.3720889,51.7300077,13.03,0,0,0,0
595,19.3720704,51.7277592,4.64,0,0,0,0
596,19.3720519,51.7255107,6.14,0,0,0,0
597,19.3720335,51.7232623,13.05,0,0,0,0
598,19.3720150,51.7210138,6.88,0,0,0,0
599,19.3719966,51.7187653,4.03,0,0,0,0
600,19.3719781,51.7165168,4.03,0,0,0,0
601,19.3719597,51.7142684,4.03,0,0,0,0
602,19.3719412,51.7120199,4.03,0,0,0,0
603,19.3719228,51.7097714,4.03,0,0,0,0
604,19.3719044,51.7075229,4.05,0,0,0,0
605,19.3718859,51.7052744,4.05,0,0,0,0
606,19.3718675,51.7030260,4.05,0,0,0,0
607,19.3718491,51.7007775,4.05,0,0,0,0
608,19.3718306,51.6985290,3.93,0,0,0,0
609,19.3718122,51.6962805,0.01,0,0,0,0
610,19.3761117,51.8367990,2.55,0,0,0,0
611,19.3760930,51.8345506,4.52,0,0,0,0
612,19.3760743,51.8323022,4.52,0,0,0,0
613,19.3760555,51.8300538,4.52,0,0,0,0
614,19.3760368,51.8278053,4.52,0,0,0,0
615,19.3760181,51.8255569,4.52,0,0,0,0
616,19.3759994,51.8233085,4.52,0,0,0,0
617,19.3759806,51.8210600,4.52,0,0,0,0
618,19.3759619,51.8188116,7.94,0,0,0,0
619,19.3759432,51.8165631,12.54,0,0,0,0
620,19.3759245,51.8143147,12.87,0,0,0,0
621,19.3759058,51.8120663,12.99,0,0,0,0
622,19.3758871,51.8098178,6.22,0,0,0,0
623,19.3758684,51.8075694,2.26,0,0,0,0
624,19.3758497,51.8053210,2.26,0,0,0,0
625,19.3758310,51.8030725,2.26,0,0,0,0
626,19.3758123,51.8008241,104.23,0,0,0,0
627,19.3757936,51.7985756,1170.75,0,0,0,0
628,19.3757749,51.7963272,590.14,0,0,0,0
629,19.3757562,51.7940787,816.3,0,0,0,0
630,19.3757375,51.7918303,591.46,0,0,0,0
631,19.3757189,51.7895818,34.7,0,0,0,0
632,19.3757002,51.7873334,66.29,0,0,0,0
633,19.3756815,51.7850850,97.07,0,0,0,0
634,19.3756628,51.7828365,130.45,0,0,0,0
635,19.3756442,51.7805881,100.16,0,0,0,0
636,19.3756255,51.7783396,60.49,0,0,0,0
637,19.3756068,51.7760912,33.12,0,0,0,0
638,19.3755882,51.7738427,30.26,0,0,0,0
639,19.3755695,51.7715942,17.55,0,0,0,0
640,19.3755508,51.7693458,11.95,0,0,0,0
641,19.3755322,51.7670973,11.81,0,0,0,0
642,19.3755135,51.7648489,11.56,0,0,0,0
643,19.3754949,51.7626004,10.65,0,0,0,0
644,19.3754762,51.7603520,9.93,0,0,0,0
645,19.3754576,51.7581035,7.59,0,0,0,0
646,19.3754389,51.7558550,9.81,0,0,0,0
647,19.3754203,51.7536066,10.7,0,0,0,0
648,19.3754016,51.7513581,10.83,0,0,0,0
649,19.3753830,51.7491097,10.37,0,0,0,0
650,19.3753644,51.7468612,17.08,0,0,0,0
651,19.3753457,51.7446127,53.58,0,0,0,0
652,19.3753271,51.7423643,257.17,0,0,0,0
653,19.3753085,51.7401158,298.33,0,0,0,0
654,19.3752898,51.7378673,217.73,0,0,0,0
655,19.3752712,51.7356189,62.73,0,0,0,0
656,19.3752526,51.7333704,44.45,0,0,0,0
657,19.3752340,51.7311219,27.33,0,0,0,0
658,19.3752153,51.7288735,6.14,0,0,0,0
659,19.3751967,51.7266250,4.2,0,0,0,0
660,19.3751781,51.7243765,9.8,0,0,0,0
661,19.3751595,51.7221281,13.03,0,0,0,0
662,19.3751409,51.7198796,4.28,0,0,0,0
663,19.3751223,51.7176311,4.03,0,0,0,0
664,19.3751037,51.7153826,4.03,0,0,0,0
665,19.3750851,51.7131342,4.03,0,0,0,0
666,19.3750665,51.7108857,4.03,0,0,0,0
667,19.3750479,51.7086372,4.03,0,0,0,0
668,19.3750293,51.7063887,4.03,0,0,0,0
669,19.3750107,51.7041402,4.03,0,0,0,0
670,19.3749921,51.7018918,4.03,0,0,0,0
671,19.3749735,51.6996433,4.03,0,0,0,0
672,19.3749550,51.6973948,2.74,0,0,0,0
673,19.3792644,51.8379132,0.38,0,0,0,0
674,19.3792455,51.8356647,4.52,0,0,0,0
675,19.3792266,51.8334163,4.52,0,0,0,0
676,19.3792077,51.8311679,4.52,0,0,0,0
677,19.3791888,51.8289194,4.52,0,0,0,0
678,19.3791699,51.8266710,4.52,0,0,0,0
679,19.3791511,51.8244226,4.52,0,0,0,0
680,19.3791322,51.8221742,4.45,0,0,0,0
681,19.3791133,51.8199257,7.23,0,0,0,0
682,19.3790945,51.8176773,7.83,0,0,0,0
683,19.3790756,51.8154288,12.12,0,0,0,0
684,19.3790567,51.8131804,7.29,0,0,0,0
685,19.3790379,51.8109320,4.31,0,0,0,0
686,19.3790190,51.8086835,3.04,0,0,0,0
687,19.3790001,51.8064351,2.26,0,0,0,0
688,19.3789813,51.8041867,2.26,0,0,0,0
689,19.3789624,51.8019382,2.26,0,0,0,0
690,19.3789436,51.7996898,515.86,0,0,0,0
691,19.3789247,51.7974413,882.15,0,0,0,0
692,19.3789059,51.7951929,862.73,0,0,0,0
693,19.3788870,51.7929444,517.93,0,0,0,0
694,19.3788682,51.7906960,136.43,0,0,0,0
695,19.3788494,51.7884476,34.7,0,0,0,0
696,19.3788305,51.7861991,72.14,0,0,0,0
697,19.3788117,51.7839507,109.22,0,0,0,0
698,19.3787929,51.7817022,114.17,0,0,0,0
699,19.3787740,51.7794538,127.63,0,0,0,0
700,19.3787552,51.7772053,91.22,0,0,0,0
701,19.3787364,51.7749569,55.91,0,0,0,0
702,19.3787176,51.7727084,36.2,0,0,0,0
703,19.3786988,51.7704600,14.38,0,0,0,0
704,19.3786799,51.7682115,8.94,0,0,0,0
705,19.3786611,51.7659630,6.13,0,0,0,0
706,19.3786423,51.7637146,4.22,0,0,0,0
707,19.3786235,51.7614661,6.15,0,0,0,0
708,19.3786047,51.7592177,4.17,0,0,0,0
709,19.3785859,51.7569692,9.31,0,0,0,0
710,19.3785671,51.7547208,10.7,0,0,0,0
711,19.3785483,51.7524723,10.44,0,0,0,0
712,19.3785295,51.7502238,10.37,0,0,0,0
713,19.3785107,51.7479754,14.3,0,0,0,0
714,19.3784919,51.7457269,181.57,0,0,0,0
715,19.3784731,51.7434784,234.63,0,0,0,0
716,19.3784543,51.7412300,188.95,0,0,0,0
717,19.3784356,51.7389815,344.31,0,0,0,0
718,19.3784168,51.7367331,130.93,0,0,0,0
719,19.3783980,51.7344846,83.18,0,0,0,0
720,19.3783792,51.7322361,56.95,0,0,0,0
721,19.3783604,51.7299876,4.2,0,0,0,0
722,19.3783417,51.7277392,4.2,0,0,0,0
723,19.3783229,51.7254907,4.2,0,0,0,0
724,19.3783041,51.7232422,6.37,0,0,0,0
725,19.3782854,51.7209938,5.56,0,0,0,0
726,19.3782666,51.7187453,4.03,0,0,0,0
727,19.3782479,51.7164968,4.03,0,0,0,0
728,19.3782291,51.7142483,4.03,0,0,0,0
729,19.3782103,51.7119999,4.03,0,0,0,0
730,19.3781916,51.7097514,4.03,0,0,0,0
731,19.3781728,51.7075029,4.03,0,0,0,0
732,19.3781541,51.7052544,4.03,0,0,0,0
733,19.3781353,51.7030060,4.03,0,0,0,0
734,19.3781166,51.7007575,4.03,0,0,0,0
735,19.3780979,51.6985090,4.03,0,0,0,0
736,19.3780791,51.6962605,1.29,0,0,0,0
737,19.3823981,51.8367788,2.15,0,0,0,0
738,19.3823791,51.8345303,4.25,0,0,0,0
739,19.3823600,51.8322819,3.7,0,0,0,0
740,19.3823410,51.8300335,3.41,0,0,0,0
741,19.3823220,51.8277851,2.73,0,0,0,0
742,19.3823029,51.8255366,1.84,0,0,0,0
743,19.3822839,51.8232882,1.46,0,0,0,0
744,19.3822649,51.8210398,5.77,0,0,0,0
745,19.3822458,51.8187913,7.72,0,0,0,0
746,19.3822268,51.8165429,7.72,0,0,0,0
747,19.3822078,51.8142945,4.82,0,0,0,0
748,19.3821888,51.8120460,4.31,0,0,0,0
749,19.3821698,51.8097976,4.31,0,0,0,0
750,19.3821507,51.8075491,3.91,0,0,0,0
751,19.3821317,51.8053007,2.37,0,0,0,0
752,19.3821127,51.8030523,2.26,0,0,0,0
753,19.3820937,51.8008038,8.05,0,0,0,0
754,19.3820747,51.7985554,726.25,0,0,0,0
755,19.3820557,51.7963069,928.69,0,0,0,0
756,19.3820367,51.7940585,584.22,0,0,0,0
757,19.3820177,51.7918101,67.09,0,0,0,0
758,19.3819987,51.7895616,34.74,0,0,0,0
759,19.3819797,51.7873132,34.7,0,0,0,0
760,19.3819607,51.7850647,81.29,0,0,0,0
761,19.3819417,51.7828163,138.93,0,0,0,0
762,19.3819228,51.7805678,155.5,0,0,0,0
763,19.3819038,51.7783194,130.48,0,0,0,0
764,19.3818848,51.7760709,56.13,0,0,0,0
765,19.3818658,51.7738225,56.13,0,0,0,0
766,19.3818468,51.7715740,17.01,0,0,0,0
767,19.3818279,51.7693256,4.21,0,0,0,0
768,19.3818089,51.7670771,4.17,0,0,0,0
769,19.3817899,51.7648287,4.17,0,0,0,0
770,19.3817710,51.7625802,4.17,0,0,0,0
771,19.3817520,51.7603318,4.17,0,0,0,0
772,19.3817330,51.7580833,8.91,0,0,0,0
773,19.3817141,51.7558348,10.7,0,0,0,0
774,19.3816951,51.7535864,10.53,0,0,0,0
775,19.3816762,51.7513379,10.37,0,0,0,0
776,19.3816572,51.7490895,10.37,0,0,0,0
777,19.3816383,51.7468410,258.84,0,0,0,0
778,19.3816193,51.7445925,335.1,0,0,0,0
779,19.3816004,51.7423441,122.06,0,0,0,0
780,19.3815814,51.7400956,89.1,0,0,0,0
781,19.3815625,51.7378471,99.83,0,0,0,0
782,19.3815436,51.7355987,77.51,0,0,0,0
783,19.3815246,51.7333502,62.17,0,0,0,0
784,19.3815057,51.7311017,3.41,0,0,0,0
785,19.3814868,51.7288533,4.19,0,0,0,0
786,19.3814678,51.7266048,4.2,0,0,0,0
787,19.3814489,51.7243563,4.2,0,0,0,0
788,19.3814300,51.7221079,4.2,0,0,0,0
789,19.3814111,51.7198594,4.12,0,0,0,0
790,19.3813922,51.7176109,3.43,0,0,0,0
791,19.3813733,51.7153624,2.46,0,0,0,0
792,19.3813543,51.7131140,4.4,0,0,0,0
793,19.3813354,51.7108655,4.41,0,0,0,0
794,19.3813165,51.7086170,4.38,0,0,0,0
795,19.3812976,51.7063685,4.37,0,0,0,0
796,19.3812787,51.7041201,4.37,0,0,0,0
797,19.3812598,51.7018716,4.38,0,0,0,0
798,19.3812409,51.6996231,4.38,0,0,0,0
799,19.3812220,51.6973746,4.38,0,0,0,0
800,19.3812031,51.6951261,0.19,0,0,0,0
801,19.3855317,51.8356443,0.41,0,0,0,0
802,19.3855125,51.8333959,0.01,0,0,0,0
803,19.3854933,51.8311474,0.02,0,0,0,0
804,19.3854358,51.8244022,1.85,0,0,0,0
805,19.3854166,51.8221537,3.22,0,0,0,0
806,19.3853974,51.8199053,8.35,0,0,0,0
807,19.3853782,51.8176569,7.72,0,0,0,0
808,19.3853590,51.8154084,7.72,0,0,0,0
809,19.3853398,51.8131600,5.06,0,0,0,0
810,19.3853207,51.8109116,4.31,0,0,0,0
811,19.3853015,51.8086631,4.31,0,0,0,0
812,19.3852823,51.8064147,4.73,0,0,0,0
813,19.3852632,51.8041662,2.27,0,0,0,0
814,19.3852440,51.8019178,2.26,0,0,0,0
815,19.3852248,51.7996694,52.06,0,0,0,0
816,19.3852057,51.7974209,326.19,0,0,0,0
817,19.3851865,51.7951725,779.01,0,0,0,0
818,19.3851674,51.7929240,756.09,0,0,0,0
819,19.3851482,51.7906756,468.85,0,0,0,0
820,19.3851291,51.7884272,34.7,0,0,0,0
821,19.3851099,51.7861787,34.7,0,0,0,0
822,19.3850908,51.7839303,112.39,0,0,0,0
823,19.3850716,51.7816818,171.7,0,0,0,0
824,19.3850525,51.7794334,168.91,0,0,0,0
825,19.3850333,51.7771849,124.28,0,0,0,0
826,19.3850142,51.7749365,110.77,0,0,0,0
827,19.3849951,51.7726880,57.36,0,0,0,0
828,19.3849759,51.7704396,4.18,0,0,0,0
829,19.3849568,51.7681911,4.17,0,0,0,0
830,19.3849377,51.7659427,4.17,0,0,0,0
831,19.3849186,51.7636942,4.17,0,0,0,0
832,19.3848994,51.7614457,4.17,0,0,0,0
833,19.3848803,51.7591973,8.53,0,0,0,0
834,19.3848612,51.7569488,10.7,0,0,0,0
835,19.3848421,51.7547004,10.55,0,0,0,0
836,19.3848230,51.7524519,10.37,0,0,0,0
837,19.3848039,51.7502035,10.37,0,0,0,0
838,19.3847848,51.7479550,465.91,0,0,0,0
839,19.3847657,51.7457065,1340.69,0,0,0,0
840,19.3847466,51.7434581,974.07,0,0,0,0
841,19.3847275,51.7412096,669.46,0,0,0,0
842,19.3847084,51.7389612,351.71,0,0,0,0
843,19.3846893,51.7367127,92.99,0,0,0,0
844,19.3846702,51.7344642,56.6,0,0,0,0
845,19.3846511,51.7322158,0.06,0,0,0,0
846,19.3846320,51.7299673,0.14,0,0,0,0
847,19.3846129,51.7277188,2.84,0,0,0,0
848,19.3845939,51.7254704,4.2,0,0,0,0
849,19.3845748,51.7232219,4.2,0,0,0,0
850,19.3845557,51.7209734,2.12,0,0,0,0
851,19.3845366,51.7187249,0.52,0,0,0,0
852,19.3845176,51.7164765,0.17,0,0,0,0
853,19.3844985,51.7142280,0.99,0,0,0,0
854,19.3844794,51.7119795,4.43,0,0,0,0
855,19.3844604,51.7097310,4.72,0,0,0,0
856,19.3844413,51.7074826,4.72,0,0,0,0
857,19.3844223,51.7052341,4.72,0,0,0,0
858,19.3844032,51.7029856,4.72,0,0,0,0
859,19.3843841,51.7007371,4.72,0,0,0,0
860,19.3843651,51.6984887,4.72,0,0,0,0
861,19.3843460,51.6962402,3.65,0,0,0,0
862,19.3885878,51.8255160,2.25,0,0,0,0
863,19.3885684,51.8232676,3.22,0,0,0,0
864,19.3885491,51.8210192,4.29,0,0,0,0
865,19.3885297,51.8187707,7.72,0,0,0,0
866,19.3885104,51.8165223,7.72,0,0,0,0
867,19.3884911,51.8142739,7.53,0,0,0,0
868,19.3884717,51.8120254,4.33,0,0,0,0
869,19.3884524,51.8097770,4.51,0,0,0,0
870,19.3884331,51.8075286,7.31,0,0,0,0
871,19.3884138,51.8052801,7.25,0,0,0,0
872,19.3883944,51.8030317,4.39,0,0,0,0
873,19.3883751,51.8007833,5.69,0,0,0,0
874,19.3883558,51.7985348,126.97,0,0,0,0
875,19.3883365,51.7962864,844.88,0,0,0,0
876,19.3883172,51.7940379,606.2,0,0,0,0
877,19.3882979,51.7917895,766.32,0,0,0,0
878,19.3882785,51.7895410,246.93,0,0,0,0
879,19.3882592,51.7872926,83.06,0,0,0,0
880,19.3882399,51.7850442,155.85,0,0,0,0
881,19.3882206,51.7827957,193.25,0,0,0,0
882,19.3882013,51.7805473,151.92,0,0,0,0
883,19.3881820,51.7782988,135.95,0,0,0,0
884,19.3881628,51.7760504,104.97,0,0,0,0
885,19.3881435,51.7738019,30.61,0,0,0,0
886,19.3881242,51.7715535,4.17,0,0,0,0
887,19.3881049,51.7693050,4.17,0,0,0,0
888,19.3880856,51.7670566,4.17,0,0,0,0
889,19.3880663,51.7648081,4.17,0,0,0,0
890,19.3880471,51.7625597,4.17,0,0,0,0
891,19.3880278,51.7603112,6.96,0,0,0,0
892,19.3880085,51.7580627,10.7,0,0,0,0
893,19.3879892,51.7558143,10.56,0,0,0,0
894,19.3879700,51.7535658,10.37,0,0,0,0
895,19.3879507,51.7513174,10.37,0,0,0,0
896,19.3879314,51.7490689,235.01,0,0,0,0
897,19.3879122,51.7468205,787.36,0,0,0,0
898,19.3878929,51.7445720,621.92,0,0,0,0
899,19.3878737,51.7423235,743.24,0,0,0,0
900,19.3878544,51.7400751,780.48,0,0,0,0
901,19.3878352,51.7378266,517.01,0,0,0,0
902,19.3878159,51.7355781,59.9,0,0,0,0
903,19.3877967,51.7333297,0.5,0,0,0,0
904,19.3877774,51.7310812,0.0,0,0,0,0
905,19.3877582,51.7288328,0.0,0,0,0,0
906,19.3877390,51.7265843,2.06,0,0,0,0
907,19.3877197,51.7243358,3.41,0,0,0,0
908,19.3877005,51.7220873,0.49,0,0,0,0
909,19.3876813,51.7198389,0.17,0,0,0,0
910,19.3876620,51.7175904,0.17,0,0,0,0
911,19.3876428,51.7153419,0.17,0,0,0,0
912,19.3876236,51.7130935,1.75,0,0,0,0
913,19.3876044,51.7108450,4.75,0,0,0,0
914,19.3875852,51.7085965,4.78,0,0,0,0
915,19.3875659,51.7063480,4.83,0,0,0,0
916,19.3875467,51.7040996,4.84,0,0,0,0
917,19.3875275,51.7018511,4.85,0,0,0,0
918,19.3875083,51.6996026,4.86,0,0,0,0
919,19.3874891,51.6973541,4.87,0,0,0,0
920,19.3874699,51.6951056,2.01,0,0,0,0
921,19.3917399,51.8266298,0.6,0,0,0,0
922,19.3917204,51.8243814,3.22,0,0,0,0
923,19.3917009,51.8221330,3.22,0,0,0,0
924,19.3916814,51.8198845,5.32,0,0,0,0
925,19.3916619,51.8176361,7.72,0,0,0,0
926,19.3916424,51.8153877,7.66,0,0,0,0
927,19.3916230,51.8131392,4.85,0,0,0,0
928,19.3916035,51.8108908,4.31,0,0,0,0
929,19.3915840,51.8086424,7.4,0,0,0,0
930,19.3915645,51.8063939,8.68,0,0,0,0
931,19.3915450,51.8041455,8.68,0,0,0,0
932,19.3915255,51.8018971,8.68,0,0,0,0
933,19.3915061,51.7996486,8.68,0,0,0,0
934,19.3914866,51.7974002,760.61,0,0,0,0
935,19.3914671,51.7951517,930.76,0,0,0,0
936,19.3914477,51.7929033,1224.02,0,0,0,0
937,19.3914282,51.7906549,1052.9,0,0,0,0
938,19.3914087,51.7884064,187.66,0,0,0,0
939,19.3913893,51.7861580,338.83,0,0,0,0
940,19.3913698,51.7839095,446.61,0,0,0,0
941,19.3913504,51.7816611,123.18,0,0,0,0
942,19.3913309,51.7794126,142.36,0,0,0,0
943,19.3913115,51.7771642,140.43,0,0,0,0
944,19.3912920,51.7749157,43.48,0,0,0,0
945,19.3912726,51.7726673,23.74,0,0,0,0
946,19.3912531,51.7704188,4.45,0,0,0,0
947,19.3912337,51.7681704,4.17,0,0,0,0
948,19.3912142,51.7659219,4.17,0,0,0,0
949,19.3911948,51.7636735,4.17,0,0,0,0
950,19.3911754,51.7614250,5.43,0,0,0,0
951,19.3911560,51.7591766,10.7,0,0,0,0
952,19.3911365,51.7569281,10.56,0,0,0,0
953,19.3911171,51.7546797,10.37,0,0,0,0
954,19.3910977,51.7524312,10.37,0,0,0,0
955,19.3910783,51.7501828,471.11,0,0,0,0
956,19.3910588,51.7479343,604.04,0,0,0,0
957,19.3910394,51.7456858,1197.67,0,0,0,0
958,19.3910200,51.7434374,763.37,0,0,0,0
959,19.3910006,51.7411889,552.31,0,0,0,0
960,19.3909812,51.7389405,987.73,0,0,0,0
961,19.3909618,51.7366920,228.59,0,0,0,0
962,19.3909424,51.7344435,3.21,0,0,0,0
963,19.3909230,51.7321951,0.0,0,0,0,0
964,19.3909036,51.7299466,0.0,0,0,0,0
965,19.3908842,51.7276981,0.0,0,0,0,0
966,19.3908648,51.7254497,0.53,0,0,0,0
967,19.3908454,51.7232012,0.17,0,0,0,0
968,19.3908260,51.7209527,0.17,0,0,0,0
969,19.3908067,51.7187043,0.17,0,0,0,0
970,19.3907873,51.7164558,0.17,0,0,0,0
971,19.3907679,51.7142073,0.52,0,0,0,0
972,19.3907485,51.7119588,6.08,0,0,0,0
973,19.3907291,51.7097104,6.21,0,0,0,0
974,19.3907098,51.7074619,6.29,0,0,0,0
975,19.3906904,51.7052134,6.29,0,0,0,0
976,19.3906710,51.7029649,6.3,0,0,0,0
977,19.3906517,51.7007165,6.3,0,0,0,0
978,19.3906323,51.6984680,6.3,0,0,0,0
979,19.3906130,51.6962195,6.3,0,0,0,0
980,19.3905936,51.6939710,0.54,0,0,0,0
981,19.3948726,51.8254951,2.62,0,0,0,0
982,19.3948529,51.8232467,3.22,0,0,0,0
983,19.3948333,51.8209982,3.22,0,0,0,0
984,19.3948136,51.8187498,9.92,0,0,0,0
985,19.3947940,51.8165014,13.97,0,0,0,0
986,19.3947743,51.8142529,4.73,0,0,0,0
987,19.3947547,51.8120045,4.31,0,0,0,0
988,19.3947350,51.8097561,4.33,0,0,0,0
989,19.3947154,51.8075076,8.28,0,0,0,0
990,19.3946958,51.8052592,8.87,0,0,0,0
991,19.3946761,51.8030108,9.09,0,0,0,0
992,19.3946565,51.8007623,9.33,0,0,0,0
993,19.3946369,51.7985139,9.53,0,0,0,0
994,19.3946172,51.7962655,904.4,0,0,0,0
995,19.3945976,51.7940170,1220.67,0,0,0,0
996,19.3945780,51.7917686,1266.5,0,0,0,0
997,19.3945584,51.7895201,546.53,0,0,0,0
998,19.3945388,51.7872717,122.2,0,0,0,0
999,19.3945191,51.7850233,124.07,0,0,0,0
1000,19.3944995,51.7827748,130.37,0,0,0,0
1001,19.3944799,51.7805264,140.78,0,0,0,0
1002,19.3944603,51.7782779,141.12,0,0,0,0
1003,19.3944407,51.7760295,87.6,0,0,0,0
1004,19.3944211,51.7737810,81.75,0,0,0,0
1005,19.3944015,51.7715326,151.92,0,0,0,0
1006,19.3943819,51.7692841,110.6,0,0,0,0
1007,19.3943623,51.7670357,58.36,0,0,0,0
1008,19.3943427,51.7647872,5.69,0,0,0,0
1009,19.3943231,51.7625388,5.68,0,0,0,0
1010,19.3943036,51.7602903,10.59,0,0,0,0
1011,19.3942840,51.7580419,10.56,0,0,0,0
1012,19.3942644,51.7557934,10.37,0,0,0,0
1013,19.3942448,51.7535450,10.37,0,0,0,0
1014,19.3942252,51.7512965,134.31,0,0,0,0
1015,19.3942057,51.7490480,1309.49,0,0,0,0
1016,19.3941861,51.7467996,935.5,0,0,0,0
1017,19.3941665,51.7445511,1215.54,0,0,0,0
1018,19.3941470,51.7423027,433.63,0,0,0,0
1019,19.3941274,51.7400542,577.28,0,0,0,0
1020,19.3941078,51.7378057,386.66,0,0,0,0
1021,19.3940883,51.7355573,27.09,0,0,0,0
1022,19.3940687,51.7333088,0.04,0,0,0,0
1023,19.3940492,51.7310604,0.16,0,0,0,0
1024,19.3940296,51.7288119,0.0,0,0,0,0
1025,19.3940101,51.7265634,0.0,0,0,0,0
1026,19.3939905,51.7243150,0.08,0,0,0,0
1027,19.3939710,51.7220665,0.17,0,0,0,0
1028,19.3939514,51.7198180,0.17,0,0,0,0
1029,19.3939319,51.7175696,0.17,0,0,0,0
1030,19.3939124,51.7153211,0.17,0,0,0,0
1031,19.3938928,51.7130726,2.26,0,0,0,0
1032,19.3938733,51.7108241,6.32,0,0,0,0
1033,19.3938538,51.7085757,6.32,0,0,0,0
1034,19.3938342,51.7063272,6.32,0,0,0,0
1035,19.3938147,51.7040787,6.32,0,0,0,0
1036,19.3937952,51.7018302,6.32,0,0,0,0
1037,19.3937757,51.6995818,6.32,0,0,0,0
1038,19.3937562,51.6973333,6.32,0,0,0,0
1039,19.3937367,51.6950848,5.27,0,0,0,0
1040,19.3980447,51.8288571,1.09,0,0,0,0
1041,19.3980249,51.8266087,2.74,0,0,0,0
1042,19.3980051,51.8243603,3.22,0,0,0,0
1043,19.3979853,51.8221119,3.22,0,0,0,0
1044,19.3979655,51.8198634,20.11,0,0,0,0
1045,19.3979457,51.8176150,31.12,0,0,0,0
1046,19.3979259,51.8153666,30.12,0,0,0,0
1047,19.3979061,51.8131181,14.86,0,0,0,0
1048,19.3978863,51.8108697,9.23,0,0,0,0
1049,19.3978665,51.8086213,9.85,0,0,0,0
1050,19.3978467,51.8063728,10.36,0,0,0,0
1051,19.3978269,51.8041244,10.4,0,0,0,0
1052,19.3978071,51.8018760,10.4,0,0,0,0
1053,19.3977873,51.7996275,10.4,0,0,0,0
1054,19.3977675,51.7973791,126.82,0,0,0,0
1055,19.3977477,51.7951307,1096.17,0,0,0,0
1056,19.3977280,51.7928822,839.74,0,0,0,0
1057,19.3977082,51.7906338,458.58,0,0,0,0
1058,19.3976884,51.7883853,89.44,0,0,0,0
1059,19.3976686,51.7861369,156.64,0,0,0,0
1060,19.3976489,51.7838885,161.42,0,0,0,0
1061,19.3976291,51.7816400,146.85,0,0,0,0
1062,19.3976093,51.7793916,156.86,0,0,0,0
1063,19.3975896,51.7771431,63.94,0,0,0,0
1064,19.3975698,51.7748947,64.17,0,0,0,0
1065,19.3975501,51.7726462,139.4,0,0,0,0
1066,19.3975303,51.7703978,149.73,0,0,0,0
1067,19.3975105,51.7681493,144.15,0,0,0,0
1068,19.3974908,51.7659009,61.05,0,0,0,0
1069,19.3974711,51.7636524,42.95,0,0,0,0
1070,19.3974513,51.7614040,46.7,0,0,0,0
1071,19.3974316,51.7591555,21.78,0,0,0,0
1072,19.3974118,51.7569071,10.96,0,0,0,0
1073,19.3973921,51.7546586,10.98,0,0,0,0
1074,19.3973724,51.7524102,113.43,0,0,0,0
1075,19.3973526,51.7501617,676.99,0,0,0,0
1076,19.3973329,51.7479133,623.74,0,0,0,0
1077,19.3973132,51.7456648,770.33,0,0,0,0
1078,19.3972935,51.7434163,876.9,0,0,0,0
1079,19.3972737,51.7411679,1040.31,0,0,0,0
1080,19.3972540,51.7389194,441.49,0,0,0,0
1081,19.3972343,51.7366710,93.22,0,0,0,0
1082,19.3972146,51.7344225,45.06,0,0,0,0
1083,19.3971949,51.7321740,45.46,0,0,0,0
1084,19.3971752,51.7299256,10.6,0,0,0,0
1085,19.3971555,51.7276771,0.0,0,0,0,0
1086,19.3971358,51.7254286,0.0,0,0,0,0
1087,19.3971161,51.7231802,0.17,0,0,0,0
1088,19.3970964,51.7209317,0.17,0,0,0,0
1089,19.3970767,51.7186832,0.17,0,0,0,0
1090,19.3970570,51.7164348,0.17,0,0,0,0
1091,19.3970373,51.7141863,0.17,0,0,0,0
1092,19.3970176,51.7119378,4.35,0,0,0,0
1093,19.3969979,51.7096894,6.65,0,0,0,0
1094,19.3969782,51.7074409,6.66,0,0,0,0
1095,19.3969586,51.7051924,6.66,0,0,0,0
1096,19.3969389,51.7029439,6.66,0,0,0,0
1097,19.3969192,51.7006955,6.66,0,0,0,0
1098,19.3968995,51.6984470,6.67,0,0,0,0
1099,19.3968799,51.6961985,6.67,0,0,0,0
1100,19.3968602,51.6939500,3.27,0,0,0,0
1101,19.4011974,51.8299707,0.31,0,0,0,0
1102,19.4011774,51.8277223,3.22,0,0,0,0
1103,19.4011574,51.8254738,4.01,0,0,0,0
1104,19.4011375,51.8232254,11.43,0,0,0,0
1105,19.4011175,51.8209770,16.64,0,0,0,0
1106,19.4010975,51.8187286,25.53,0,0,0,0
1107,19.4010776,51.8164801,31.12,0,0,0,0
1108,19.4010576,51.8142317,30.49,0,0,0,0
1109,19.4010376,51.8119833,10.4,0,0,0,0
1110,19.4010177,51.8097348,10.4,0,0,0,0
1111,19.4009977,51.8074864,10.4,0,0,0,0
1112,19.4009778,51.8052380,10.4,0,0,0,0
1113,19.4009578,51.8029895,10.4,0,0,0,0
1114,19.4009379,51.8007411,10.4,0,0,0,0
1115,19.4009179,51.7984927,10.4,0,0,0,0
1116,19.4008980,51.7962442,497.68,0,0,0,0
1117,19.4008781,51.7939958,770.15,0,0,0,0
1118,19.4008581,51.7917473,864.46,0,0,0,0
1119,19.4008382,51.7894989,40.44,0,0,0,0
1120,19.4008183,51.7872505,73.1,0,0,0,0
1121,19.4007983,51.7850020,163.65,0,0,0,0
1122,19.4007784,51.7827536,114.39,0,0,0,0
1123,19.4007585,51.7805051,42.63,0,0,0,0
1124,19.4007386,51.7782567,14.74,0,0,0,0
1125,19.4007187,51.7760082,10.1,0,0,0,0
1126,19.4006987,51.7737598,63.31,0,0,0,0
1127,19.4006788,51.7715114,111.51,0,0,0,0
1128,19.4006589,51.7692629,137.97,0,0,0,0
1129,19.4006390,51.7670145,57.46,0,0,0,0
1130,19.4006191,51.7647660,54.76,0,0,0,0
1131,19.4005992,51.7625176,90.69,0,0,0,0
1132,19.4005793,51.7602691,105.3,0,0,0,0
1133,19.4005594,51.7580207,32.59,0,0,0,0
1134,19.4005395,51.7557722,11.81,0,0,0,0
1135,19.4005196,51.7535237,23.46,0,0,0,0
1136,19.4004998,51.7512753,997.17,0,0,0,0
1137,19.4004799,51.7490268,1454.62,0,0,0,0
1138,19.4004600,51.7467784,490.54,0,0,0,0
1139,19.4004401,51.7445299,581.4,0,0,0,0
1140,19.4004202,51.7422815,1183.8,0,0,0,0
1141,19.4004004,51.7400330,496.15,0,0,0,0
1142,19.4003805,51.7377845,112.6,0,0,0,0
1143,19.4003606,51.7355361,53.13,0,0,0,0
1144,19.4003407,51.7332876,45.5,0,0,0,0
1145,19.4003209,51.7310392,1.59,0,0,0,0
1146,19.4003010,51.7287907,0.0,0,0,0,0
1147,19.4002812,51.7265422,0.0,0,0,0,0
1148,19.4002613,51.7242938,0.13,0,0,0,0
1149,19.4002414,51.7220453,0.17,0,0,0,0
1150,19.4002216,51.7197968,0.17,0,0,0,0
1151,19.4002017,51.7175484,0.17,0,0,0,0
1152,19.4001819,51.7152999,0.17,0,0,0,0
1153,19.4001621,51.7130514,3.12,0,0,0,0
1154,19.4001422,51.7108030,6.77,0,0,0,0
1155,19.4001224,51.7085545,6.77,0,0,0,0
1156,19.4001025,51.7063060,6.77,0,0,0,0
1157,19.4000827,51.7040575,6.77,0,0,0,0
1158,19.4000629,51.7018091,6.77,0,0,0,0
1159,19.4000430,51.6995606,6.77,0,0,0,0
1160,19.4000232,51.6973121,6.77,0,0,0,0
1161,19.4000034,51.6950636,5.69,0,0,0,0
1162,19.3999836,51.6928152,0.55,0,0,0,0
1163,19.4043300,51.8288357,1.5,0,0,0,0
1164,19.4043099,51.8265873,3.24,0,0,0,0
1165,19.4042898,51.8243389,15.89,0,0,0,0
1166,19.4042696,51.8220904,18.97,0,0,0,0
1167,19.4042495,51.8198420,18.97,0,0,0,0
1168,19.4042294,51.8175936,26.06,0,0,0,0
1169,19.4042093,51.8153451,31.12,0,0,0,0
1170,19.4041892,51.8130967,22.92,0,0,0,0
1171,19.4041690,51.8108483,10.4,0,0,0,0
1172,19.4041489,51.8085999,10.4,0,0,0,0
1173,19.4041288,51.8063514,9.76,0,0,0,0
1174,19.4041087,51.8041030,7.91,0,0,0,0
1175,19.4040886,51.8018546,7.28,0,0,0,0
1176,19.4040685,51.7996061,7.9,0,0,0,0
1177,19.4040484,51.7973577,9.31,0,0,0,0
1178,19.4040283,51.7951093,109.19,0,0,0,0
1179,19.4040082,51.7928608,540.31,0,0,0,0
1180,19.4039882,51.7906124,345.17,0,0,0,0
1181,19.4039681,51.7883639,40.44,0,0,0,0
1182,19.4039480,51.7861155,63.46,0,0,0,0
1183,19.4039279,51.7838671,19.03,0,0,0,0
1184,19.4039078,51.7816186,9.91,0,0,0,0
1185,19.4038877,51.7793702,9.91,0,0,0,0
1186,19.4038677,51.7771217,9.91,0,0,0,0
1187,19.4038476,51.7748733,62.22,0,0,0,0
1188,19.4038275,51.7726248,6.61,0,0,0,0
1189,19.4038075,51.7703764,6.67,0,0,0,0
1190,19.4037874,51.7681279,15.46,0,0,0,0
1191,19.4037673,51.7658795,34.67,0,0,0,0
1192,19.4037473,51.7636310,83.29,0,0,0,0
1193,19.4037272,51.7613826,105.58,0,0,0,0
1194,19.4037072,51.7591341,73.63,0,0,0,0
1195,19.4036871,51.7568857,11.81,0,0,0,0
1196,19.4036671,51.7546372,11.81,0,0,0,0
1197,19.4036470,51.7523888,693.22,0,0,0,0
1198,19.4036270,51.7501403,1083.04,0,0,0,0
1199,19.4036069,51.7478919,885.08,0,0,0,0
1200,19.4035869,51.7456434,889.03,0,0,0,0
1201,19.4035669,51.7433950,873.51,0,0,0,0
1202,19.4035468,51.7411465,522.25,0,0,0,0
1203,19.4035268,51.7388980,382.52,0,0,0,0
1204,19.4035068,51.7366496,309.57,0,0,0,0
1205,19.4034868,51.7344011,62.49,0,0,0,0
1206,19.4034667,51.7321527,0.0,0,0,0,0
1207,19.4034467,51.7299042,0.0,0,0,0,0
1208,19.4034267,51.7276557,0.0,0,0,0,0
1209,19.4034067,51.7254073,0.1,0,0,0,0
1210,19.4033867,51.7231588,0.17,0,0,0,0
1211,19.4033667,51.7209103,0.17,0,0,0,0
1212,19.4033467,51.7186619,0.17,0,0,0,0
1213,19.4033267,51.7164134,0.17,0,0,0,0
1214,19.4033067,51.7141649,0.48,0,0,0,0
1215,19.4032867,51.7119165,6.75,0,0,0,0
1216,19.4032667,51.7096680,6.77,0,0,0,0
1217,19.4032467,51.7074195,6.77,0,0,0,0
1218,19.4032267,51.7051711,6.77,0,0,0,0
1219,19.4032067,51.7029226,6.77,0,0,0,0
1220,19.4031867,51.7006741,6.77,0,0,0,0
1221,19.4031667,51.6984256,6.77,0,0,0,0
1222,19.4031468,51.6961772,2.03,0,0,0,0
1223,19.4074625,51.8277007,3.22,0,0,0,0
1224,19.4074422,51.8254522,13.25,0,0,0,0
1225,19.4074220,51.8232038,18.57,0,0,0,0
1226,19.4074017,51.8209554,18.97,0,0,0,0
1227,19.4073814,51.8187070,18.97,0,0,0,0
1228,19.4073611,51.8164585,25.08,0,0,0,0
1229,19.4073408,51.8142101,31.12,0,0,0,0
1230,19.4073206,51.8119617,22.7,0,0,0,0
1231,19.4073003,51.8097132,8.18,0,0,0,0
1232,19.4072800,51.8074648,6.14,0,0,0,0
1233,19.4072598,51.8052164,5.29,0,0,0,0
1234,19.4072395,51.8029679,5.29,0,0,0,0
1235,19.4072193,51.8007195,5.29,0,0,0,0
1236,19.4071990,51.7984711,5.29,0,0,0,0
1237,19.4071788,51.7962226,13.51,0,0,0,0
1238,19.4071585,51.7939742,145.87,0,0,0,0
1239,19.4071383,51.7917258,205.12,0,0,0,0
1240,19.4071180,51.7894773,51.09,0,0,0,0
1241,19.4070978,51.7872289,34.08,0,0,0,0
1242,19.4070775,51.7849804,9.91,0,0,0,0
1243,19.4070573,51.7827320,9.91,0,0,0,0
1244,19.4070371,51.7804836,10.59,0,0,0,0
1245,19.4070168,51.7782351,10.43,0,0,0,0
1246,19.4069966,51.7759867,133.68,0,0,0,0
1247,19.4069764,51.7737382,81.59,0,0,0,0
1248,19.4069562,51.7714898,6.61,0,0,0,0
1249,19.4069359,51.7692413,6.61,0,0,0,0
1250,19.4069157,51.7669929,6.61,0,0,0,0
1251,19.4068955,51.7647444,17.35,0,0,0,0
1252,19.4068753,51.7624960,59.3,0,0,0,0
1253,19.4068551,51.7602476,51.48,0,0,0,0
1254,19.4068349,51.7579991,11.81,0,0,0,0
1255,19.4068147,51.7557506,11.81,0,0,0,0
1256,19.4067945,51.7535022,38.92,0,0,0,0
1257,19.4067743,51.7512537,1140.09,0,0,0,0
1258,19.4067541,51.7490053,641.64,0,0,0,0
1259,19.4067339,51.7467568,939.09,0,0,0,0
1260,19.4067137,51.7445084,591.37,0,0,0,0
1261,19.4066935,51.7422599,601.44,0,0,0,0
1262,19.4066733,51.7400115,207.5,0,0,0,0
1263,19.4066531,51.7377630,710.12,0,0,0,0
1264,19.4066329,51.7355145,410.81,0,0,0,0
1265,19.4066128,51.7332661,0.37,0,0,0,0
1266,19.4065926,51.7310176,0.39,0,0,0,0
1267,19.4065724,51.7287692,0.51,0,0,0,0
1268,19.4065522,51.7265207,0.75,0,0,0,0
1269,19.4065321,51.7242722,0.37,0,0,0,0
1270,19.4065119,51.7220238,0.17,0,0,0,0
1271,19.4064918,51.7197753,0.17,0,0,0,0
1272,19.4064716,51.7175268,0.17,0,0,0,0
1273,19.4064514,51.7152784,0.17,0,0,0,0
1274,19.4064313,51.7130299,4.56,0,0,0,0
1275,19.4064111,51.7107814,6.58,0,0,0,0
1276,19.4063910,51.7085330,6.57,0,0,0,0
1277,19.4063708,51.7062845,8.58,0,0,0,0
1278,19.4063507,51.7040360,8.6,0,0,0,0
1279,19.4063305,51.7017876,8.61,0,0,0,0
1280,19.4063104,51.6995391,8.63,0,0,0,0
1281,19.4062903,51.6972906,8.64,0,0,0,0
1282,19.4062701,51.6950421,0.53,0,0,0,0
1283,19.4106153,51.8288139,2.28,0,0,0,0
1284,19.4105949,51.8265655,15.84,0,0,0,0
1285,19.4105744,51.8243171,18.45,0,0,0,0
1286,19.4105540,51.8220687,18.97,0,0,0,0
1287,19.4105335,51.8198202,18.97,0,0,0,0
1288,19.4105131,51.8175718,19.55,0,0,0,0
1289,19.4104927,51.8153234,56.15,0,0,0,0
1290,19.4104723,51.8130750,28.83,0,0,0,0
1291,19.4104518,51.8108265,5.29,0,0,0,0
1292,19.4104314,51.8085781,5.24,0,0,0,0
1293,19.4104110,51.8063297,5.06,0,0,0,0
1294,19.4103906,51.8040812,4.92,0,0,0,0
1295,19.4103702,51.8018328,4.55,0,0,0,0
1296,19.4103497,51.7995844,5.29,0,0,0,0
1297,19.4103293,51.7973359,5.29,0,0,0,0
1298,19.4103089,51.7950875,88.27,0,0,0,0
1299,19.4102885,51.7928391,1117.15,0,0,0,0
1300,19.4102681,51.7905906,786.68,0,0,0,0
1301,19.4102477,51.7883422,133.97,0,0,0,0
1302,19.4102273,51.7860938,47.31,0,0,0,0
1303,19.4102069,51.7838453,11.32,0,0,0,0
1304,19.4101865,51.7815969,85.62,0,0,0,0
1305,19.4101661,51.7793484,96.23,0,0,0,0
1306,19.4101458,51.7771000,157.83,0,0,0,0
1307,19.4101254,51.7748515,199.35,0,0,0,0
1308,19.4101050,51.7726031,6.61,0,0,0,0
1309,19.4100846,51.7703547,6.61,0,0,0,0
1310,19.4100642,51.7681062,6.61,0,0,0,0
1311,19.4100439,51.7658578,6.61,0,0,0,0
1312,19.4100235,51.7636093,6.61,0,0,0,0
1313,19.4100031,51.7613609,7.65,0,0,0,0
1314,19.4099828,51.7591124,10.96,0,0,0,0
1315,19.4099624,51.7568640,11.81,0,0,0,0
1316,19.4099421,51.7546155,11.81,0,0,0,0
1317,19.4099217,51.7523671,129.0,0,0,0,0
1318,19.4099013,51.7501186,382.36,0,0,0,0
1319,19.4098810,51.7478702,952.07,0,0,0,0
1320,19.4098606,51.7456217,931.07,0,0,0,0
1321,19.4098403,51.7433733,1112.81,0,0,0,0
1322,19.4098200,51.7411248,419.49,0,0,0,0
1323,19.4097996,51.7388763,461.99,0,0,0,0
1324,19.4097793,51.7366279,232.47,0,0,0,0
1325,19.4097589,51.7343794,8.46,0,0,0,0
1326,19.4097386,51.7321310,8.42,0,0,0,0
1327,19.4097183,51.7298825,8.51,0,0,0,0
1328,19.4096979,51.7276340,8.62,0,0,0,0
1329,19.4096776,51.7253856,8.7,0,0,0,0
1330,19.4096573,51.7231371,61.08,0,0,0,0
1331,19.4096370,51.7208887,7.19,0,0,0,0
1332,19.4096167,51.7186402,1.6,0,0,0,0
1333,19.4095964,51.7163917,0.17,0,0,0,0
1334,19.4095760,51.7141433,1.77,0,0,0,0
1335,19.4095557,51.7118948,6.1,0,0,0,0
1336,19.4095354,51.7096463,6.1,0,0,0,0
1337,19.4095151,51.7073979,8.62,0,0,0,0
1338,19.4094948,51.7051494,11.31,0,0,0,0
1339,19.4094745,51.7029009,11.31,0,0,0,0
1340,19.4094542,51.7006524,11.31,0,0,0,0
1341,19.4094339,51.6984040,11.31,0,0,0,0
1342,19.4094136,51.6961555,11.21,0,0,0,0
1343,19.4137476,51.8276787,14.21,0,0,0,0
1344,19.4137270,51.8254303,17.97,0,0,0,0
1345,19.4137064,51.8231819,19.24,0,0,0,0
1346,19.4136859,51.8209334,38.13,0,0,0,0
1347,19.4136653,51.8186850,47.94,0,0,0,0
1348,19.4136447,51.8164366,63.56,0,0,0,0
1349,19.4136241,51.8141882,103.28,0,0,0,0
1350,19.4136035,51.8119397,51.99,0,0,0,0
1351,19.4135829,51.8096913,4.23,0,0,0,0
1352,19.4135623,51.8074429,0.64,0,0,0,0
1353,19.4135418,51.8051944,0.48,0,0,0,0
1354,19.4135212,51.8029460,0.46,0,0,0,0
1355,19.4135006,51.8006976,2.13,0,0,0,0
1356,19.4134801,51.7984492,5.29,0,0,0,0
1357,19.4134595,51.7962007,5.29,0,0,0,0
1358,19.4134389,51.7939523,528.06,0,0,0,0
1359,19.4134184,51.7917038,747.55,0,0,0,0
1360,19.4133978,51.7894554,760.41,0,0,0,0
1361,19.4133773,51.7872070,348.87,0,0,0,0
1362,19.4133567,51.7849585,366.32,0,0,0,0
1363,19.4133362,51.7827101,78.35,0,0,0,0
1364,19.4133156,51.7804617,140.6,0,0,0,0
1365,19.4132951,51.7782132,81.22,0,0,0,0
1366,19.4132745,51.7759648,438.23,0,0,0,0
1367,19.4132540,51.7737163,665.04,0,0,0,0
1368,19.4132335,51.7714679,6.61,0,0,0,0
1369,19.4132129,51.7692194,6.61,0,0,0,0
1370,19.4131924,51.7669710,6.61,0,0,0,0
1371,19.4131719,51.7647226,6.61,0,0,0,0
1372,19.4131514,51.7624741,6.61,0,0,0,0
1373,19.4131308,51.7602257,6.61,0,0,0,0
1374,19.4131103,51.7579772,43.15,0,0,0,0
1375,19.4130898,51.7557288,437.59,0,0,0,0
1376,19.4130693,51.7534803,51.98,0,0,0,0
1377,19.4130488,51.7512319,852.45,0,0,0,0
1378,19.4130283,51.7489834,1108.89,0,0,0,0
1379,19.4130078,51.7467350,1072.59,0,0,0,0
1380,19.4129873,51.7444865,1245.85,0,0,0,0
1381,19.4129668,51.7422380,390.37,0,0,0,0
1382,19.4129463,51.7399896,280.44,0,0,0,0
1383,19.4129258,51.7377411,46.17,0,0,0,0
1384,19.4129053,51.7354927,8.8,0,0,0,0
1385,19.4128848,51.7332442,8.8,0,0,0,0
1386,19.4128643,51.7309958,8.8,0,0,0,0
1387,19.4128438,51.7287473,8.8,0,0,0,0
1388,19.4128233,51.7264988,8.8,0,0,0,0
1389,19.4128028,51.7242504,30.03,0,0,0,0
1390,19.4127824,51.7220019,79.9,0,0,0,0
1391,19.4127619,51.7197535,20.05,0,0,0,0
1392,19.4127414,51.7175050,37.61,0,0,0,0
1393,19.4127210,51.7152565,12.19,0,0,0,0
1394,19.4127005,51.7130081,6.1,0,0,0,0
1395,19.4126800,51.7107596,6.1,0,0,0,0
1396,19.4126596,51.7085111,6.1,0,0,0,0
1397,19.4126391,51.7062627,10.95,0,0,0,0
1398,19.4126187,51.7040142,11.31,0,0,0,0
1399,19.4125982,51.7017657,11.31,0,0,0,0
1400,19.4125778,51.6995172,11.8,0,0,0,0
1401,19.4125573,51.6972688,14.93,0,0,0,0
1402,19.4125369,51.6950203,11.0,0,0,0,0
1403,19.4169006,51.8287918,13.08,0,0,0,0
1404,19.4168798,51.8265434,24.21,0,0,0,0
1405,19.4168591,51.8242950,31.58,0,0,0,0
1406,19.4168383,51.8220466,181.6,0,0,0,0
1407,19.4168176,51.8197981,267.8,0,0,0,0
1408,19.4167968,51.8175497,65.03,0,0,0,0
1409,19.4167761,51.8153013,100.32,0,0,0,0
1410,19.4167553,51.8130529,105.51,0,0,0,0
1411,19.4167346,51.8108044,80.95,0,0,0,0
1412,19.4167139,51.8085560,59.95,0,0,0,0
1413,19.4166931,51.8063076,0.69,0,0,0,0
1414,19.4166724,51.8040591,0.37,0,0,0,0
1415,19.4166517,51.8018107,0.37,0,0,0,0
1416,19.4166309,51.7995623,4.23,0,0,0,0
1417,19.4166102,51.7973139,5.29,0,0,0,0
1418,19.4165895,51.7950654,138.73,0,0,0,0
1419,19.4165688,51.7928170,878.72,0,0,0,0
1420,19.4165481,51.7905686,700.52,0,0,0,0
1421,19.4165274,51.7883201,725.79,0,0,0,0
1422,19.4165067,51.7860717,847.07,0,0,0,0
1423,19.4164859,51.7838232,91.98,0,0,0,0
1424,19.4164652,51.7815748,27.28,0,0,0,0
1425,19.4164445,51.7793264,39.75,0,0,0,0
1426,19.4164238,51.7770779,72.7,0,0,0,0
1427,19.4164032,51.7748295,384.39,0,0,0,0
1428,19.4163825,51.7725810,88.34,0,0,0,0
1429,19.4163618,51.7703326,6.61,0,0,0,0
1430,19.4163411,51.7680842,6.61,0,0,0,0
1431,19.4163204,51.7658357,6.61,0,0,0,0
1432,19.4162997,51.7635873,6.61,0,0,0,0
1433,19.4162790,51.7613388,6.61,0,0,0,0
1434,19.4162584,51.7590904,6.61,0,0,0,0
1435,19.4162377,51.7568419,924.66,0,0,0,0
1436,19.4162170,51.7545935,654.0,0,0,0,0
1437,19.4161964,51.7523450,326.45,0,0,0,0
1438,19.4161757,51.7500966,713.63,0,0,0,0
1439,19.4161550,51.7478481,935.14,0,0,0,0
1440,19.4161344,51.7455997,702.84,0,0,0,0
1441,19.4161137,51.7433512,221.39,0,0,0,0
1442,19.4160931,51.7411028,234.86,0,0,0,0
1443,19.4160724,51.7388543,9.59,0,0,0,0
1444,19.4160518,51.7366058,7.04,0,0,0,0
1445,19.4160311,51.7343574,8.8,0,0,0,0
1446,19.4160105,51.7321089,8.8,0,0,0,0
1447,19.4159898,51.7298605,8.8,0,0,0,0
1448,19.4159692,51.7276120,8.8,0,0,0,0
1449,19.4159485,51.7253636,8.8,0,0,0,0
1450,19.4159279,51.7231151,102.92,0,0,0,0
1451,19.4159073,51.7208666,99.74,0,0,0,0
1452,19.4158867,51.7186182,43.35,0,0,0,0
1453,19.4158660,51.7163697,43.26,0,0,0,0
1454,19.4158454,51.7141212,8.35,0,0,0,0
1455,19.4158248,51.7118728,6.1,0,0,0,0
1456,19.4158042,51.7096243,6.1,0,0,0,0
1457,19.4157836,51.7073758,7.6,0,0,0,0
1458,19.4157629,51.7051274,11.31,0,0,0,0
1459,19.4157423,51.7028789,11.31,0,0,0,0
1460,19.4157217,51.7006304,13.84,0,0,0,0
1461,19.4157011,51.6983820,15.96,0,0,0,0
1462,19.4156805,51.6961335,15.96,0,0,0,0
1463,19.4156599,51.6938850,7.66,0,0,0,0
1464,19.4200537,51.8299049,11.66,0,0,0,0
1465,19.4200328,51.8276564,25.69,0,0,0,0
1466,19.4200118,51.8254080,35.02,0,0,0,0
1467,19.4199909,51.8231596,133.82,0,0,0,0
1468,19.4199700,51.8209112,1017.04,0,0,0,0
1469,19.4199491,51.8186627,904.85,0,0,0,0
1470,19.4199282,51.8164143,242.08,0,0,0,0
1471,19.4199073,51.8141659,112.35,0,0,0,0
1472,19.4198864,51.8119175,88.28,0,0,0,0
1473,19.4198655,51.8096690,87.93,0,0,0,0
1474,19.4198446,51.8074206,119.02,0,0,0,0
1475,19.4198238,51.8051722,13.17,0,0,0,0
1476,19.4198029,51.8029238,0.37,0,0,0,0
1477,19.4197820,51.8006753,1.24,0,0,0,0
1478,19.4197611,51.7984269,5.29,0,0,0,0
1479,19.4197402,51.7961785,5.29,0,0,0,0
1480,19.4197194,51.7939300,94.35,0,0,0,0
1481,19.4196985,51.7916816,303.6,0,0,0,0
1482,19.4196776,51.7894332,432.03,0,0,0,0
1483,19.4196568,51.7871847,315.88,0,0,0,0
1484,19.4196359,51.7849363,84.3,0,0,0,0
1485,19.4196150,51.7826879,27.28,0,0,0,0
1486,19.4195942,51.7804394,35.97,0,0,0,0
1487,19.4195733,51.7781910,51.37,0,0,0,0
1488,19.4195525,51.7759425,30.24,0,0,0,0
1489,19.4195316,51.7736941,54.15,0,0,0,0
1490,19.4195108,51.7714457,11.37,0,0,0,0
1491,19.4194899,51.7691972,8.23,0,0,0,0
1492,19.4194691,51.7669488,6.61,0,0,0,0
1493,19.4194482,51.7647003,6.61,0,0,0,0
1494,19.4194274,51.7624519,6.61,0,0,0,0
1495,19.4194066,51.7602034,6.61,0,0,0,0
1496,19.4193857,51.7579550,6.61,0,0,0,0
1497,19.4193649,51.7557065,954.11,0,0,0,0
1498,19.4193441,51.7534581,754.64,0,0,0,0
1499,19.4193233,51.7512096,208.42,0,0,0,0
1500,19.4193024,51.7489612,516.4,0,0,0,0
1501,19.4192816,51.7467127,323.27,0,0,0,0
1502,19.4192608,51.7444643,125.17,0,0,0,0
1503,19.4192400,51.7422158,45.86,0,0,0,0
1504,19.4192192,51.7399674,4.58,0,0,0,0
1505,19.4191984,51.7377189,4.58,0,0,0,0
1506,19.4191776,51.7354705,4.92,0,0,0,0
1507,19.4191568,51.7332220,32.0,0,0,0,0
1508,19.4191360,51.7309736,40.08,0,0,0,0
1509,19.4191152,51.7287251,41.36,0,0,0,0
1510,19.4190944,51.7264766,62.16,0,0,0,0
1511,19.4190736,51.7242282,33.33,0,0,0,0
1512,19.4190528,51.7219797,106.1,0,0,0,0
1513,19.4190320,51.7197313,68.28,0,0,0,0
1514,19.4190113,51.7174828,43.35,0,0,0,0
1515,19.4189905,51.7152343,45.03,0,0,0,0
1516,19.4189697,51.7129859,48.67,0,0,0,0
1517,19.4189489,51.7107374,6.1,0,0,0,0
1518,19.4189282,51.7084889,6.1,0,0,0,0
1519,19.4189074,51.7062405,10.17,0,0,0,0
1520,19.4188866,51.7039920,47.4,0,0,0,0
1521,19.4188659,51.7017435,66.35,0,0,0,0
1522,19.4188451,51.6994951,48.93,0,0,0,0
1523,19.4188243,51.6972466,15.96,0,0,0,0
1524,19.4188036,51.6949981,15.96,0,0,0,0
1525,19.4187828,51.6927497,12.1,0,0,0,0
1526,19.4187621,51.6905012,13.35,0,0,0,0
1527,19.4187413,51.6882527,4.95,0,0,0,0
1528,19.4232069,51.8310178,9.12,0,0,0,0
1529,19.4231858,51.8287694,23.63,0,0,0,0
1530,19.4231648,51.8265210,35.02,0,0,0,0
1531,19.4231437,51.8242725,96.84,0,0,0,0
1532,19.4231226,51.8220241,223.35,0,0,0,0
1533,19.4231016,51.8197757,533.49,0,0,0,0
1534,19.4230805,51.8175273,785.48,0,0,0,0
1535,19.4230595,51.8152789,368.82,0,0,0,0
1536,19.4230384,51.8130304,88.37,0,0,0,0
1537,19.4230174,51.8107820,64.99,0,0,0,0
1538,19.4229963,51.8085336,165.19,0,0,0,0
1539,19.4229753,51.8062851,145.86,0,0,0,0
1540,19.4229542,51.8040367,0.37,0,0,0,0
1541,19.4229332,51.8017883,1.96,0,0,0,0
1542,19.4229121,51.7995399,12.54,0,0,0,0
1543,19.4228911,51.7972914,27.32,0,0,0,0
1544,19.4228701,51.7950430,37.67,0,0,0,0
1545,19.4228491,51.7927946,95.62,0,0,0,0
1546,19.4228280,51.7905461,602.91,0,0,0,0
1547,19.4228070,51.7882977,530.36,0,0,0,0
1548,19.4227860,51.7860493,847.51,0,0,0,0
1549,19.4227650,51.7838008,193.35,0,0,0,0
1550,19.4227439,51.7815524,75.49,0,0,0,0
1551,19.4227229,51.7793040,572.32,0,0,0,0
1552,19.4227019,51.7770555,630.45,0,0,0,0
1553,19.4226809,51.7748071,645.87,0,0,0,0
1554,19.4226599,51.7725586,368.0,0,0,0,0
1555,19.4226389,51.7703102,13.1,0,0,0,0
1556,19.4226179,51.7680618,9.8,0,0,0,0
1557,19.4225969,51.7658133,6.7,0,0,0,0
1558,19.4225759,51.7635649,6.61,0,0,0,0
1559,19.4225549,51.7613164,6.61,0,0,0,0
1560,19.4225339,51.7590680,6.61,0,0,0,0
1561,19.4225130,51.7568195,20.61,0,0,0,0
1562,19.4224920,51.7545711,218.36,0,0,0,0
1563,19.4224710,51.7523226,56.85,0,0,0,0
1564,19.4224500,51.7500742,901.22,0,0,0,0
1565,19.4224290,51.7478257,997.88,0,0,0,0
1566,19.4224081,51.7455773,297.61,0,0,0,0
1567,19.4223871,51.7433288,4.63,0,0,0,0
1568,19.4223661,51.7410804,4.58,0,0,0,0
1569,19.4223452,51.7388319,4.58,0,0,0,0
1570,19.4223242,51.7365835,4.58,0,0,0,0
1571,19.4223033,51.7343350,44.64,0,0,0,0
1572,19.4222823,51.7320866,72.28,0,0,0,0
1573,19.4222614,51.7298381,73.73,0,0,0,0
1574,19.4222404,51.7275897,150.08,0,0,0,0
1575,19.4222195,51.7253412,115.01,0,0,0,0
1576,19.4221985,51.7230927,79.48,0,0,0,0
1577,19.4221776,51.7208443,74.64,0,0,0,0
1578,19.4221566,51.7185958,95.59,0,0,0,0
1579,19.4221357,51.7163474,101.45,0,0,0,0
1580,19.4221148,51.7140989,236.36,0,0,0,0
1581,19.4220938,51.7118504,131.6,0,0,0,0
1582,19.4220729,51.7096020,6.1,0,0,0,0
1583,19.4220520,51.7073535,15.24,0,0,0,0
1584,19.4220311,51.7051050,91.13,0,0,0,0
1585,19.4220101,51.7028566,136.27,0,0,0,0
1586,19.4219892,51.7006081,96.64,0,0,0,0
1587,19.4219683,51.6983596,33.72,0,0,0,0
1588,19.4219474,51.6961112,15.96,0,0,0,0
1589,19.4219265,51.6938627,17.26,0,0,0,0
1590,19.4219056,51.6916142,22.52,0,0,0,0
1591,19.4218847,51.6893657,22.52,0,0,0,0
1592,19.4218638,51.6871173,9.77,0,0,0,0
1593,19.4263603,51.8321307,1.87,0,0,0,0
1594,19.4263391,51.8298822,53.82,0,0,0,0
1595,19.4263179,51.8276338,49.16,0,0,0,0
1596,19.4262966,51.8253854,73.39,0,0,0,0
1597,19.4262754,51.8231370,518.03,0,0,0,0
1598,19.4262542,51.8208886,471.84,0,0,0,0
1599,19.4262330,51.8186401,666.33,0,0,0,0
1600,19.4262118,51.8163917,367.37,0,0,0,0
1601,19.4261905,51.8141433,91.0,0,0,0,0
1602,19.4261693,51.8118949,55.91,0,0,0,0
1603,19.4261481,51.8096464,86.67,0,0,0,0
1604,19.4261269,51.8073980,287.59,0,0,0,0
1605,19.4261057,51.8051496,63.26,0,0,0,0
1606,19.4260845,51.8029012,32.59,0,0,0,0
1607,19.4260633,51.8006527,36.65,0,0,0,0
1608,19.4260421,51.7984043,81.8,0,0,0,0
1609,19.4260210,51.7961559,86.68,0,0,0,0
1610,19.4259998,51.7939074,32.03,0,0,0,0
1611,19.4259786,51.7916590,239.63,0,0,0,0
1612,19.4259574,51.7894106,718.35,0,0,0,0
1613,19.4259362,51.7871622,731.62,0,0,0,0
1614,19.4259151,51.7849137,808.2,0,0,0,0
1615,19.4258939,51.7826653,106.12,0,0,0,0
1616,19.4258727,51.7804168,736.77,0,0,0,0
1617,19.4258515,51.7781684,774.47,0,0,0,0
1618,19.4258304,51.7759200,949.26,0,0,0,0
1619,19.4258092,51.7736715,638.84,0,0,0,0
1620,19.4257881,51.7714231,13.1,0,0,0,0
1621,19.4257669,51.7691747,34.56,0,0,0,0
1622,19.4257457,51.7669262,8.42,0,0,0,0
1623,19.4257246,51.7646778,6.99,0,0,0,0
1624,19.4257035,51.7624293,6.8,0,0,0,0
1625,19.4256823,51.7601809,6.62,0,0,0,0
1626,19.4256612,51.7579324,6.61,0,0,0,0
1627,19.4256400,51.7556840,19.55,0,0,0,0
1628,19.4256189,51.7534355,150.24,0,0,0,0
1629,19.4255978,51.7511871,523.96,0,0,0,0
1630,19.4255766,51.7489386,696.77,0,0,0,0
1631,19.4255555,51.7466902,592.66,0,0,0,0
1632,19.4255344,51.7444417,10.54,0,0,0,0
1633,19.4255132,51.7421933,4.58,0,0,0,0
1634,19.4254921,51.7399448,4.58,0,0,0,0
1635,19.4254710,51.7376964,4.58,0,0,0,0
1636,19.4254499,51.7354479,32.24,0,0,0,0
1637,19.4254288,51.7331995,82.88,0,0,0,0
1638,19.4254077,51.7309510,81.52,0,0,0,0
1639,19.4253866,51.7287026,79.73,0,0,0,0
1640,19.4253655,51.7264541,195.55,0,0,0,0
1641,19.4253444,51.7242057,100.54,0,0,0,0
1642,19.4253233,51.7219572,78.47,0,0,0,0
1643,19.4253022,51.7197087,102.54,0,0,0,0
1644,19.4252811,51.7174603,138.04,0,0,0,0
1645,19.4252600,51.7152118,153.74,0,0,0,0
1646,19.4252389,51.7129634,163.38,0,0,0,0
1647,19.4252178,51.7107149,106.42,0,0,0,0
1648,19.4251967,51.7084664,51.82,0,0,0,0
1649,19.4251757,51.7062180,99.32,0,0,0,0
1650,19.4251546,51.7039695,110.37,0,0,0,0
1651,19.4251335,51.7017210,97.66,0,0,0,0
1652,19.4251124,51.6994726,74.42,0,0,0,0
1653,19.4250914,51.6972241,15.96,0,0,0,0
1654,19.4250703,51.6949756,15.96,0,0,0,0
1655,19.4250492,51.6927272,22.19,0,0,0,0
1656,19.4250282,51.6904787,22.52,0,0,0,0
1657,19.4250071,51.6882302,21.69,0,0,0,0
1658,19.4249861,51.6859817,2.85,0,0,0,0
1659,19.4294925,51.8309950,40.25,0,0,0,0
1660,19.4294711,51.8287466,70.08,0,0,0,0
1661,19.4294497,51.8264982,130.97,0,0,0,0
1662,19.4294283,51.8242498,513.72,0,0,0,0
1663,19.4294070,51.8220013,564.54,0,0,0,0
1664,19.4293856,51.8197529,558.9,0,0,0,0
1665,19.4293642,51.8175045,1048.14,0,0,0,0
1666,19.4293428,51.8152561,87.74,0,0,0,0
1667,19.4293215,51.8130077,64.23,0,0,0,0
1668,19.4293001,51.8107592,42.31,0,0,0,0
1669,19.4292788,51.8085108,325.99,0,0,0,0
1670,19.4292574,51.8062624,268.25,0,0,0,0
1671,19.4292360,51.8040140,46.14,0,0,0,0
1672,19.4292147,51.8017655,36.96,0,0,0,0
1673,19.4291933,51.7995171,52.07,0,0,0,0
1674,19.4291720,51.7972687,118.57,0,0,0,0
1675,19.4291506,51.7950202,57.08,0,0,0,0
1676,19.4291293,51.7927718,97.83,0,0,0,0
1677,19.4291080,51.7905234,479.57,0,0,0,0
1678,19.4290866,51.7882750,714.34,0,0,0,0
1679,19.4290653,51.7860265,1041.64,0,0,0,0
1680,19.4290440,51.7837781,930.8,0,0,0,0
1681,19.4290226,51.7815297,503.15,0,0,0,0
1682,19.4290013,51.7792812,1043.99,0,0,0,0
1683,19.4289800,51.7770328,1124.44,0,0,0,0
1684,19.4289587,51.7747843,1235.65,0,0,0,0
1685,19.4289374,51.7725359,13.1,0,0,0,0
1686,19.4289160,51.7702875,253.09,0,0,0,0
1687,19.4288947,51.7680390,42.8,0,0,0,0
1688,19.4288734,51.7657906,7.04,0,0,0,0
1689,19.4288521,51.7635421,7.04,0,0,0,0
1690,19.4288308,51.7612937,7.04,0,0,0,0
1691,19.4288095,51.7590453,6.9,0,0,0,0
1692,19.4287882,51.7567968,6.7,0,0,0,0
1693,19.4287669,51.7545484,323.83,0,0,0,0
1694,19.4287456,51.7522999,900.79,0,0,0,0
1695,19.4287244,51.7500515,643.81,0,0,0,0
1696,19.4287031,51.7478030,167.22,0,0,0,0
1697,19.4286818,51.7455546,7.56,0,0,0,0
1698,19.4286605,51.7433061,4.58,0,0,0,0
1699,19.4286392,51.7410577,4.58,0,0,0,0
1700,19.4286180,51.7388092,4.58,0,0,0,0
1701,19.4285967,51.7365608,446.08,0,0,0,0
1702,19.4285754,51.7343123,137.63,0,0,0,0
1703,19.4285541,51.7320639,36.22,0,0,0,0
1704,19.4285329,51.7298154,36.22,0,0,0,0
1705,19.4285116,51.7275670,69.45,0,0,0,0
1706,19.4284904,51.7253185,147.73,0,0,0,0
1707,19.4284691,51.7230700,247.09,0,0,0,0
1708,19.4284479,51.7208216,122.31,0,0,0,0
1709,19.4284266,51.7185731,107.6,0,0,0,0
1710,19.4284054,51.7163247,174.86,0,0,0,0
1711,19.4283841,51.7140762,154.11,0,0,0,0
1712,19.4283629,51.7118277,131.89,0,0,0,0
1713,19.4283416,51.7095793,117.71,0,0,0,0
1714,19.4283204,51.7073308,87.18,0,0,0,0
1715,19.4282992,51.7050823,76.0,0,0,0,0
1716,19.4282779,51.7028339,95.42,0,0,0,0
1717,19.4282567,51.7005854,83.72,0,0,0,0
1718,19.4282355,51.6983369,35.72,0,0,0,0
1719,19.4282143,51.6960885,21.57,0,0,0,0
1720,19.4281930,51.6938400,25.49,0,0,0,0
1721,19.4281718,51.6915915,26.65,0,0,0,0
1722,19.4281506,51.6893431,22.52,0,0,0,0
1723,19.4281294,51.6870946,19.63,0,0,0,0
1724,19.4326460,51.8321077,23.03,0,0,0,0
1725,19.4326245,51.8298593,80.33,0,0,0,0
1726,19.4326030,51.8276109,430.61,0,0,0,0
1727,19.4325814,51.8253625,904.3,0,0,0,0
1728,19.4325599,51.8231140,505.59,0,0,0,0
1729,19.4325383,51.8208656,456.47,0,0,0,0
1730,19.4325168,51.8186172,298.79,0,0,0,0
1731,19.4324953,51.8163688,337.79,0,0,0,0
1732,19.4324738,51.8141204,69.23,0,0,0,0
1733,19.4324522,51.8118719,70.88,0,0,0,0
1734,19.4324307,51.8096235,79.81,0,0,0,0
1735,19.4324092,51.8073751,442.28,0,0,0,0
1736,19.4323877,51.8051267,206.51,0,0,0,0
1737,19.4323662,51.8028782,96.4,0,0,0,0
1738,19.4323447,51.8006298,226.31,0,0,0,0
1739,19.4323232,51.7983814,176.63,0,0,0,0
1740,19.4323017,51.7961330,782.39,0,0,0,0
1741,19.4322802,51.7938845,506.27,0,0,0,0
1742,19.4322587,51.7916361,111.16,0,0,0,0
1743,19.4322372,51.7893877,799.95,0,0,0,0
1744,19.4322157,51.7871392,701.16,0,0,0,0
1745,19.4321942,51.7848908,639.33,0,0,0,0
1746,19.4321727,51.7826424,261.24,0,0,0,0
1747,19.4321512,51.7803939,489.63,0,0,0,0
1748,19.4321298,51.7781455,254.02,0,0,0,0
1749,19.4321083,51.7758971,316.23,0,0,0,0
1750,19.4320868,51.7736486,20.91,0,0,0,0
1751,19.4320653,51.7714002,113.7,0,0,0,0
1752,19.4320439,51.7691518,329.84,0,0,0,0
1753,19.4320224,51.7669033,7.04,0,0,0,0
1754,19.4320009,51.7646549,20.39,0,0,0,0
1755,19.4319795,51.7624064,12.55,0,0,0,0
1756,19.4319580,51.7601580,443.18,0,0,0,0
1757,19.4319366,51.7579095,7.0,0,0,0,0
1758,19.4319151,51.7556611,3.82,0,0,0,0
1759,19.4318937,51.7534127,95.99,0,0,0,0
1760,19.4318722,51.7511642,84.82,0,0,0,0
1761,19.4318508,51.7489158,3.36,0,0,0,0
1762,19.4318294,51.7466673,9.29,0,0,0,0
1763,19.4318079,51.7444189,4.82,0,0,0,0
1764,19.4317865,51.7421704,5.52,0,0,0,0
1765,19.4317650,51.7399220,4.83,0,0,0,0
1766,19.4317436,51.7376735,121.23,0,0,0,0
1767,19.4317222,51.7354251,629.83,0,0,0,0
1768,19.4317008,51.7331766,116.51,0,0,0,0
1769,19.4316793,51.7309282,120.61,0,0,0,0
1770,19.4316579,51.7286797,124.04,0,0,0,0
1771,19.4316365,51.7264312,130.79,0,0,0,0
1772,19.4316151,51.7241828,137.51,0,0,0,0
1773,19.4315937,51.7219343,233.47,0,0,0,0
1774,19.4315723,51.7196859,138.72,0,0,0,0
1775,19.4315509,51.7174374,65.24,0,0,0,0
1776,19.4315295,51.7151890,206.53,0,0,0,0
1777,19.4315081,51.7129405,153.04,0,0,0,0
1778,19.4314867,51.7106920,256.52,0,0,0,0
1779,19.4314653,51.7084436,138.06,0,0,0,0
1780,19.4314439,51.7061951,33.32,0,0,0,0
1781,19.4314225,51.7039466,25.52,0,0,0,0
1782,19.4314011,51.7016982,67.67,0,0,0,0
1783,19.4313798,51.6994497,72.04,0,0,0,0
1784,19.4313584,51.6972013,39.77,0,0,0,0
1785,19.4313370,51.6949528,39.77,0,0,0,0
1786,19.4313156,51.6927043,39.77,0,0,0,0
1787,19.4312943,51.6904558,23.98,0,0,0,0
1788,19.4312729,51.6882074,22.52,0,0,0,0
1789,19.4312515,51.6859589,3.56,0,0,0,0
1790,19.4357997,51.8332203,3.71,0,0,0,0
1791,19.4357780,51.8309719,41.41,0,0,0,0
1792,19.4357563,51.8287235,83.27,0,0,0,0
1793,19.4357346,51.8264751,340.3,0,0,0,0
1794,19.4357130,51.8242267,199.14,0,0,0,0
1795,19.4356913,51.8219782,457.39,0,0,0,0
1796,19.4356696,51.8197298,915.38,0,0,0,0
1797,19.4356479,51.8174814,233.59,0,0,0,0
1798,19.4356262,51.8152330,68.53,0,0,0,0
1799,19.4356045,51.8129846,97.99,0,0,0,0
1800,19.4355829,51.8107361,117.34,0,0,0,0
1801,19.4355612,51.8084877,42.35,0,0,0,0
1802,19.4355395,51.8062393,564.12,0,0,0,0
1803,19.4355178,51.8039909,319.77,0,0,0,0
1804,19.4354962,51.8017424,356.94,0,0,0,0
1805,19.4354745,51.7994940,311.96,0,0,0,0
1806,19.4354529,51.7972456,839.1,0,0,0,0
1807,19.4354312,51.7949972,880.19,0,0,0,0
1808,19.4354096,51.7927487,538.69,0,0,0,0
1809,19.4353879,51.7905003,266.93,0,0,0,0
1810,19.4353663,51.7882519,946.12,0,0,0,0
1811,19.4353446,51.7860034,854.21,0,0,0,0
1812,19.4353230,51.7837550,601.07,0,0,0,0
1813,19.4353013,51.7815066,54.91,0,0,0,0
1814,19.4352797,51.7792581,18.76,0,0,0,0
1815,19.4352581,51.7770097,18.76,0,0,0,0
1816,19.4352364,51.7747613,13.92,0,0,0,0
1817,19.4352148,51.7725128,97.45,0,0,0,0
1818,19.4351932,51.7702644,472.0,0,0,0,0
1819,19.4351715,51.7680160,57.29,0,0,0,0
1820,19.4351499,51.7657675,224.37,0,0,0,0
1821,19.4351283,51.7635191,120.49,0,0,0,0
1822,19.4351067,51.7612706,368.33,0,0,0,0
1823,19.4350851,51.7590222,639.86,0,0,0,0
1824,19.4350635,51.7567738,147.88,0,0,0,0
1825,19.4350419,51.7545253,3.36,0,0,0,0
1826,19.4350203,51.7522769,3.36,0,0,0,0
1827,19.4349987,51.7500284,5.19,0,0,0,0
1828,19.4349771,51.7477800,3.94,0,0,0,0
1829,19.4349555,51.7455315,13.67,0,0,0,0
1830,19.4349339,51.7432831,14.25,0,0,0,0
1831,19.4349123,51.7410346,15.24,0,0,0,0
1832,19.4348907,51.7387862,15.63,0,0,0,0
1833,19.4348691,51.7365377,102.89,0,0,0,0
1834,19.4348475,51.7342893,100.56,0,0,0,0
1835,19.4348260,51.7320408,68.3,0,0,0,0
1836,19.4348044,51.7297924,68.41,0,0,0,0
1837,19.4347828,51.7275439,82.45,0,0,0,0
1838,19.4347613,51.7252955,133.57,0,0,0,0
1839,19.4347397,51.7230470,143.37,0,0,0,0
1840,19.4347181,51.7207986,119.8,0,0,0,0
1841,19.4346966,51.7185501,68.85,0,0,0,0
1842,19.4346750,51.7163016,54.45,0,0,0,0
1843,19.4346535,51.7140532,57.71,0,0,0,0
1844,19.4346319,51.7118047,142.29,0,0,0,0
1845,19.4346104,51.7095563,196.87,0,0,0,0
1846,19.4345888,51.7073078,145.02,0,0,0,0
1847,19.4345673,51.7050593,81.24,0,0,0,0
1848,19.4345457,51.7028109,34.76,0,0,0,0
1849,19.4345242,51.7005624,77.42,0,0,0,0
1850,19.4345026,51.6983139,40.41,0,0,0,0
1851,19.4344811,51.6960655,36.92,0,0,0,0
1852,19.4344596,51.6938170,39.93,0,0,0,0
1853,19.4344381,51.6915685,30.22,0,0,0,0
1854,19.4344165,51.6893201,22.52,0,0,0,0
1855,19.4343950,51.6870716,10.21,0,0,0,0
1856,19.4389536,51.8343328,6.18,0,0,0,0
1857,19.4389318,51.8320844,13.07,0,0,0,0
1858,19.4389099,51.8298360,33.77,0,0,0,0
1859,19.4388880,51.8275876,68.2,0,0,0,0
1860,19.4388662,51.8253392,103.07,0,0,0,0
1861,19.4388443,51.8230908,426.83,0,0,0,0
1862,19.4388225,51.8208423,660.96,0,0,0,0
1863,19.4388007,51.8185939,849.66,0,0,0,0
1864,19.4387788,51.8163455,301.88,0,0,0,0
1865,19.4387570,51.8140971,65.77,0,0,0,0
1866,19.4387351,51.8118487,59.73,0,0,0,0
1867,19.4387133,51.8096002,40.45,0,0,0,0
1868,19.4386915,51.8073518,61.48,0,0,0,0
1869,19.4386697,51.8051034,470.36,0,0,0,0
1870,19.4386478,51.8028550,146.24,0,0,0,0
1871,19.4386260,51.8006066,72.49,0,0,0,0
1872,19.4386042,51.7983581,1056.78,0,0,0,0
1873,19.4385824,51.7961097,960.14,0,0,0,0
1874,19.4385606,51.7938613,1228.64,0,0,0,0
1875,19.4385388,51.7916128,177.74,0,0,0,0
1876,19.4385170,51.7893644,494.1,0,0,0,0
1877,19.4384952,51.7871160,962.76,0,0,0,0
1878,19.4384734,51.7848676,562.99,0,0,0,0
1879,19.4384516,51.7826191,67.46,0,0,0,0
1880,19.4384298,51.7803707,32.72,0,0,0,0
1881,19.4384080,51.7781223,15.64,0,0,0,0
1882,19.4383862,51.7758738,170.0,0,0,0,0
1883,19.4383644,51.7736254,464.55,0,0,0,0
1884,19.4383426,51.7713770,571.46,0,0,0,0
1885,19.4383208,51.7691285,727.75,0,0,0,0
1886,19.4382991,51.7668801,384.22,0,0,0,0
1887,19.4382773,51.7646316,622.19,0,0,0,0
1888,19.4382555,51.7623832,158.51,0,0,0,0
1889,19.4382338,51.7601348,707.95,0,0,0,0
1890,19.4382120,51.7578863,512.48,0,0,0,0
1891,19.4381902,51.7556379,56.91,0,0,0,0
1892,19.4381685,51.7533894,3.36,0,0,0,0
1893,19.4381467,51.7511410,34.51,0,0,0,0
1894,19.4381250,51.7488925,48.05,0,0,0,0
1895,19.4381032,51.7466441,40.92,0,0,0,0
1896,19.4380815,51.7443957,24.11,0,0,0,0
1897,19.4380597,51.7421472,19.69,0,0,0,0
1898,19.4380380,51.7398988,10.7,0,0,0,0
1899,19.4380162,51.7376503,14.42,0,0,0,0
1900,19.4379945,51.7354019,91.99,0,0,0,0
1901,19.4379727,51.7331534,61.0,0,0,0,0
1902,19.4379510,51.7309050,77.86,0,0,0,0
1903,19.4379293,51.7286565,92.22,0,0,0,0
1904,19.4379076,51.7264080,127.88,0,0,0,0
1905,19.4378858,51.7241596,127.72,0,0,0,0
1906,19.4378641,51.7219111,96.77,0,0,0,0
1907,19.4378424,51.7196627,84.27,0,0,0,0
1908,19.4378207,51.7174142,33.94,0,0,0,0
1909,19.4377990,51.7151658,29.71,0,0,0,0
1910,19.4377773,51.7129173,107.04,0,0,0,0
1911,19.4377556,51.7106689,198.15,0,0,0,0
1912,19.4377339,51.7084204,171.81,0,0,0,0
1913,19.4377122,51.7061719,130.15,0,0,0,0
1914,19.4376905,51.7039235,141.37,0,0,0,0
1915,19.4376688,51.7016750,74.64,0,0,0,0
1916,19.4376471,51.6994265,74.26,0,0,0,0
1917,19.4376254,51.6971781,14.51,0,0,0,0
1918,19.4376037,51.6949296,14.15,0,0,0,0
1919,19.4375820,51.6926811,17.02,0,0,0,0
1920,19.4375603,51.6904327,16.05,0,0,0,0
1921,19.4375387,51.6881842,18.65,0,0,0,0
1922,19.4421076,51.8354453,1.42,0,0,0,0
1923,19.4420856,51.8331969,13.07,0,0,0,0
1924,19.4420636,51.8309484,13.07,0,0,0,0
1925,19.4420416,51.8287000,17.44,0,0,0,0
1926,19.4420196,51.8264516,65.29,0,0,0,0
1927,19.4419976,51.8242032,315.63,0,0,0,0
1928,19.4419756,51.8219548,1114.19,0,0,0,0
1929,19.4419536,51.8197064,885.71,0,0,0,0
1930,19.4419316,51.8174580,505.44,0,0,0,0
1931,19.4419096,51.8152095,135.01,0,0,0,0
1932,19.4418876,51.8129611,86.66,0,0,0,0
1933,19.4418656,51.8107127,64.97,0,0,0,0
1934,19.4418436,51.8084643,38.27,0,0,0,0
1935,19.4418216,51.8062159,5.42,0,0,0,0
1936,19.4417996,51.8039674,33.99,0,0,0,0
1937,19.4417777,51.8017190,17.26,0,0,0,0
1938,19.4417557,51.7994706,640.76,0,0,0,0
1939,19.4417337,51.7972222,486.73,0,0,0,0
1940,19.4417118,51.7949737,478.12,0,0,0,0
1941,19.4416898,51.7927253,239.84,0,0,0,0
1942,19.4416678,51.7904769,942.47,0,0,0,0
1943,19.4416459,51.7882284,822.28,0,0,0,0
1944,19.4416239,51.7859800,703.99,0,0,0,0
1945,19.4416020,51.7837316,79.15,0,0,0,0
1946,19.4415800,51.7814832,19.54,0,0,0,0
1947,19.4415581,51.7792347,12.68,0,0,0,0
1948,19.4415361,51.7769863,238.93,0,0,0,0
1949,19.4415142,51.7747379,655.15,0,0,0,0
1950,19.4414922,51.7724894,1250.78,0,0,0,0
1951,19.4414703,51.7702410,1291.07,0,0,0,0
1952,19.4414484,51.7679926,586.77,0,0,0,0
1953,19.4414264,51.7657441,586.46,0,0,0,0
1954,19.4414045,51.7634957,227.84,0,0,0,0
1955,19.4413826,51.7612472,171.5,0,0,0,0
1956,19.4413606,51.7589988,356.33,0,0,0,0
1957,19.4413387,51.7567504,155.98,0,0,0,0
1958,19.4413168,51.7545019,3.36,0,0,0,0
1959,19.4412949,51.7522535,24.39,0,0,0,0
1960,19.4412730,51.7500050,53.57,0,0,0,0
1961,19.4412511,51.7477566,81.88,0,0,0,0
1962,19.4412292,51.7455081,69.72,0,0,0,0
1963,19.4412073,51.7432597,172.74,0,0,0,0
1964,19.4411854,51.7410112,48.42,0,0,0,0
1965,19.4411635,51.7387628,36.36,0,0,0,0
1966,19.4411416,51.7365144,29.07,0,0,0,0
1967,19.4411197,51.7342659,62.59,0,0,0,0
1968,19.4410978,51.7320175,150.28,0,0,0,0
1969,19.4410759,51.7297690,55.79,0,0,0,0
1970,19.4410540,51.7275205,92.75,0,0,0,0
1971,19.4410321,51.7252721,421.58,0,0,0,0
1972,19.4410103,51.7230236,205.17,0,0,0,0
1973,19.4409884,51.7207752,107.02,0,0,0,0
1974,19.4409665,51.7185267,84.61,0,0,0,0
1975,19.4409447,51.7162783,33.32,0,0,0,0
1976,19.4409228,51.7140298,52.2,0,0,0,0
1977,19.4409009,51.7117814,221.57,0,0,0,0
1978,19.4408791,51.7095329,108.57,0,0,0,0
1979,19.4408572,51.7072844,93.59,0,0,0,0
1980,19.4408354,51.7050360,95.73,0,0,0,0
1981,19.4408135,51.7027875,79.15,0,0,0,0
1982,19.4407917,51.7005391,66.87,0,0,0,0
1983,19.4407698,51.6982906,113.85,0,0,0,0
1984,19.4407480,51.6960421,33.31,0,0,0,0
1985,19.4407261,51.6937937,25.22,0,0,0,0
1986,19.4407043,51.6915452,12.96,0,0,0,0
1987,19.4406824,51.6892967,12.96,0,0,0,0
1988,19.4406606,51.6870483,5.05,0,0,0,0
1989,19.4453949,51.8500481,3.48,0,0,0,0
1990,19.4453727,51.8477996,0.4,0,0,0,0
1991,19.4452396,51.8343092,10.92,0,0,0,0
1992,19.4452175,51.8320608,13.07,0,0,0,0
1993,19.4451953,51.8298124,13.07,0,0,0,0
1994,19.4451731,51.8275640,13.14,0,0,0,0
1995,19.4451510,51.8253156,44.52,0,0,0,0
1996,19.4451288,51.8230671,569.34,0,0,0,0
1997,19.4451066,51.8208187,1123.95,0,0,0,0
1998,19.4450845,51.8185703,515.57,0,0,0,0
1999,19.4450623,51.8163219,202.6,0,0,0,0
2000,19.4450402,51.8140735,157.11,0,0,0,0
2001,19.4450180,51.8118251,104.04,0,0,0,0
2002,19.4449959,51.8095766,87.38,0,0,0,0
2003,19.4449737,51.8073282,5.42,0,0,0,0
2004,19.4449516,51.8050798,5.42,0,0,0,0
2005,19.4449295,51.8028314,20.46,0,0,0,0
2006,19.4449073,51.8005830,122.56,0,0,0,0
2007,19.4448852,51.7983345,197.41,0,0,0,0
2008,19.4448631,51.7960861,1136.9,0,0,0,0
2009,19.4448410,51.7938377,854.2,0,0,0,0
2010,19.4448188,51.7915893,366.83,0,0,0,0
2011,19.4447967,51.7893408,940.65,0,0,0,0
2012,19.4447746,51.7870924,897.1,0,0,0,0
2013,19.4447525,51.7848440,822.62,0,0,0,0
2014,19.4447304,51.7825955,301.83,0,0,0,0
2015,19.4447083,51.7803471,13.7,0,0,0,0
2016,19.4446862,51.7780987,230.51,0,0,0,0
2017,19.4446641,51.7758502,1396.49,0,0,0,0
2018,19.4446420,51.7736018,1313.86,0,0,0,0
2019,19.4446199,51.7713534,1274.99,0,0,0,0
2020,19.4445978,51.7691049,1258.92,0,0,0,0
2021,19.4445757,51.7668565,868.71,0,0,0,0
2022,19.4445536,51.7646081,1164.88,0,0,0,0
2023,19.4445315,51.7623596,389.95,0,0,0,0
2024,19.4445095,51.7601112,191.85,0,0,0,0
2025,19.4444874,51.7578628,79.4,0,0,0,0
2026,19.4444653,51.7556143,3.36,0,0,0,0
2027,19.4444432,51.7533659,3.36,0,0,0,0
2028,19.4444212,51.7511174,596.62,0,0,0,0
2029,19.4443991,51.7488690,93.98,0,0,0,0
2030,19.4443770,51.7466205,83.42,0,0,0,0
2031,19.4443550,51.7443721,233.52,0,0,0,0
2032,19.4443329,51.7421237,228.07,0,0,0,0
2033,19.4443109,51.7398752,491.81,0,0,0,0
2034,19.4442888,51.7376268,995.41,0,0,0,0
2035,19.4442668,51.7353783,132.01,0,0,0,0
2036,19.4442447,51.7331299,714.38,0,0,0,0
2037,19.4442227,51.7308814,626.43,0,0,0,0
2038,19.4442006,51.7286330,122.01,0,0,0,0
2039,19.4441786,51.7263845,66.25,0,0,0,0
2040,19.4441566,51.7241361,159.59,0,0,0,0
2041,19.4441345,51.7218876,191.09,0,0,0,0
2042,19.4441125,51.7196392,134.65,0,0,0,0
2043,19.4440905,51.7173907,66.68,0,0,0,0
2044,19.4440685,51.7151422,33.97,0,0,0,0
2045,19.4440464,51.7128938,197.64,0,0,0,0
2046,19.4440244,51.7106453,98.9,0,0,0,0
2047,19.4440024,51.7083969,94.56,0,0,0,0
2048,19.4439804,51.7061484,90.79,0,0,0,0
2049,19.4439584,51.7039000,85.21,0,0,0,0
2050,19.4439364,51.7016515,56.56,0,0,0,0
2051,19.4439144,51.6994030,31.52,0,0,0,0
2052,19.4438924,51.6971546,32.69,0,0,0,0
2053,19.4438704,51.6949061,23.7,0,0,0,0
2054,19.4438484,51.6926576,36.18,0,0,0,0
2055,19.4438264,51.6904092,13.87,0,0,0,0
2056,19.4438044,51.6881607,12.19,0,0,0,0
2057,19.4485502,51.8511603,0.08,0,0,0,0
2058,19.4485278,51.8489119,9.77,0,0,0,0
2059,19.4485055,51.8466635,0.35,0,0,0,0
2060,19.4483938,51.8354215,6.24,0,0,0,0
2061,19.4483715,51.8331731,13.07,0,0,0,0
2062,19.4483491,51.8309247,13.07,0,0,0,0
2063,19.4483268,51.8286762,13.07,0,0,0,0
2064,19.4483045,51.8264278,13.07,0,0,0,0
2065,19.4482822,51.8241794,105.54,0,0,0,0
2066,19.4482599,51.8219310,411.72,0,0,0,0
2067,19.4482375,51.8196826,776.3,0,0,0,0
2068,19.4482152,51.8174342,215.53,0,0,0,0
2069,19.4481929,51.8151858,171.03,0,0,0,0
2070,19.4481706,51.8129373,159.63,0,0,0,0
2071,19.4481483,51.8106889,105.99,0,0,0,0
2072,19.4481260,51.8084405,16.97,0,0,0,0
2073,19.4481037,51.8061921,5.52,0,0,0,0
2074,19.4480814,51.8039437,57.32,0,0,0,0
2075,19.4480591,51.8016952,162.64,0,0,0,0
2076,19.4480369,51.7994468,168.72,0,0,0,0
2077,19.4480146,51.7971984,1058.73,0,0,0,0
2078,19.4479923,51.7949500,1100.35,0,0,0,0
2079,19.4479700,51.7927015,464.73,0,0,0,0
2080,19.4479477,51.7904531,314.73,0,0,0,0
2081,19.4479255,51.7882047,685.84,0,0,0,0
2082,19.4479032,51.7859563,1351.3,0,0,0,0
2083,19.4478809,51.7837078,655.49,0,0,0,0
2084,19.4478587,51.7814594,75.28,0,0,0,0
2085,19.4478364,51.7792110,17.51,0,0,0,0
2086,19.4478142,51.7769625,1118.38,0,0,0,0
2087,19.4477919,51.7747141,1586.3,0,0,0,0
2088,19.4477696,51.7724657,1175.83,0,0,0,0
2089,19.4477474,51.7702173,500.6,0,0,0,0
2090,19.4477251,51.7679688,1096.37,0,0,0,0
2091,19.4477029,51.7657204,859.18,0,0,0,0
2092,19.4476807,51.7634719,518.57,0,0,0,0
2093,19.4476584,51.7612235,422.21,0,0,0,0
2094,19.4476362,51.7589751,73.16,0,0,0,0
2095,19.4476140,51.7567266,22.14,0,0,0,0
2096,19.4475917,51.7544782,3.94,0,0,0,0
2097,19.4475695,51.7522298,336.79,0,0,0,0
2098,19.4475473,51.7499813,84.21,0,0,0,0
2099,19.4475251,51.7477329,77.57,0,0,0,0
2100,19.4475028,51.7454844,186.18,0,0,0,0
2101,19.4474806,51.7432360,154.27,0,0,0,0
2102,19.4474584,51.7409875,143.08,0,0,0,0
2103,19.4474362,51.7387391,498.05,0,0,0,0
2104,19.4474140,51.7364906,386.2,0,0,0,0
2105,19.4473918,51.7342422,578.14,0,0,0,0
2106,19.4473696,51.7319937,713.66,0,0,0,0
2107,19.4473474,51.7297453,639.28,0,0,0,0
2108,19.4473252,51.7274968,115.75,0,0,0,0
2109,19.4473030,51.7252484,76.83,0,0,0,0
2110,19.4472808,51.7229999,192.0,0,0,0,0
2111,19.4472586,51.7207515,262.23,0,0,0,0
2112,19.4472365,51.7185030,149.47,0,0,0,0
2113,19.4472143,51.7162546,64.46,0,0,0,0
2114,19.4471921,51.7140061,123.51,0,0,0,0
2115,19.4471699,51.7117577,128.45,0,0,0,0
2116,19.4471478,51.7095092,44.69,0,0,0,0
2117,19.4471256,51.7072608,95.91,0,0,0,0
2118,19.4471034,51.7050123,106.72,0,0,0,0
2119,19.4470813,51.7027638,57.38,0,0,0,0
2120,19.4470591,51.7005154,38.11,0,0,0,0
2121,19.4470370,51.6982669,18.7,0,0,0,0
2122,19.4470148,51.6960185,16.5,0,0,0,0
2123,19.4469926,51.6937700,16.5,0,0,0,0
2124,19.4469705,51.6915215,28.48,0,0,0,0
2125,19.4469484,51.6892731,13.13,0,0,0,0
2126,19.4469262,51.6870246,5.17,0,0,0,0
2127,19.4516831,51.8500241,2.53,0,0,0,0
2128,19.4516606,51.8477757,9.98,0,0,0,0
2129,19.4516381,51.8455273,0.28,0,0,0,0
2130,19.4515481,51.8365337,3.09,0,0,0,0
2131,19.4515256,51.8342852,13.07,0,0,0,0
2132,19.4515031,51.8320368,13.07,0,0,0,0
2133,19.4514807,51.8297884,13.07,0,0,0,0
2134,19.4514582,51.8275400,13.07,0,0,0,0
2135,19.4514357,51.8252916,13.07,0,0,0,0
2136,19.4514132,51.8230432,21.66,0,0,0,0
2137,19.4513908,51.8207948,65.37,0,0,0,0
2138,19.4513683,51.8185464,73.14,0,0,0,0
2139,19.4513458,51.8162979,97.11,0,0,0,0
2140,19.4513234,51.8140495,117.69,0,0,0,0
2141,19.4513009,51.8118011,138.33,0,0,0,0
2142,19.4512785,51.8095527,53.14,0,0,0,0
2143,19.4512560,51.8073043,18.37,0,0,0,0
2144,19.4512336,51.8050559,126.56,0,0,0,0
2145,19.4512111,51.8028074,154.07,0,0,0,0
2146,19.4511887,51.8005590,166.57,0,0,0,0
2147,19.4511662,51.7983106,1164.51,0,0,0,0
2148,19.4511438,51.7960622,1070.93,0,0,0,0
2149,19.4511213,51.7938138,675.78,0,0,0,0
2150,19.4510989,51.7915653,166.79,0,0,0,0
2151,19.4510765,51.7893169,371.04,0,0,0,0
2152,19.4510541,51.7870685,390.17,0,0,0,0
2153,19.4510316,51.7848201,951.92,0,0,0,0
2154,19.4510092,51.7825716,787.69,0,0,0,0
2155,19.4509868,51.7803232,195.05,0,0,0,0
2156,19.4509644,51.7780748,287.19,0,0,0,0
2157,19.4509420,51.7758263,801.93,0,0,0,0
2158,19.4509196,51.7735779,1124.18,0,0,0,0
2159,19.4508971,51.7713295,822.19,0,0,0,0
2160,19.4508747,51.7690810,465.46,0,0,0,0
2161,19.4508523,51.7668326,353.77,0,0,0,0
2162,19.4508299,51.7645842,415.63,0,0,0,0
2163,19.4508076,51.7623357,745.38,0,0,0,0
2164,19.4507852,51.7600873,212.09,0,0,0,0
2165,19.4507628,51.7578389,392.67,0,0,0,0
2166,19.4507404,51.7555904,169.75,0,0,0,0
2167,19.4507180,51.7533420,20.24,0,0,0,0
2168,19.4506956,51.7510935,85.31,0,0,0,0
2169,19.4506732,51.7488451,39.27,0,0,0,0
2170,19.4506509,51.7465967,173.48,0,0,0,0
2171,19.4506285,51.7443482,101.05,0,0,0,0
2172,19.4506061,51.7420998,59.63,0,0,0,0
2173,19.4505838,51.7398513,340.6,0,0,0,0
2174,19.4505614,51.7376029,1036.13,0,0,0,0
2175,19.4505390,51.7353544,138.27,0,0,0,0
2176,19.4505167,51.7331060,273.31,0,0,0,0
2177,19.4504943,51.7308575,532.32,0,0,0,0
2178,19.4504720,51.7286091,745.66,0,0,0,0
2179,19.4504496,51.7263606,1004.23,0,0,0,0
2180,19.4504273,51.7241122,99.02,0,0,0,0
2181,19.4504049,51.7218637,95.48,0,0,0,0
2182,19.4503826,51.7196153,142.55,0,0,0,0
2183,19.4503603,51.7173668,46.66,0,0,0,0
2184,19.4503379,51.7151184,49.57,0,0,0,0
2185,19.4503156,51.7128699,137.75,0,0,0,0
2186,19.4502933,51.7106215,57.76,0,0,0,0
2187,19.4502710,51.7083730,65.85,0,0,0,0
2188,19.4502486,51.7061246,161.46,0,0,0,0
2189,19.4502263,51.7038761,118.64,0,0,0,0
2190,19.4502040,51.7016276,38.11,0,0,0,0
2191,19.4501817,51.6993792,32.95,0,0,0,0
2192,19.4501594,51.6971307,16.5,0,0,0,0
2193,19.4501371,51.6948823,16.5,0,0,0,0
2194,19.4501148,51.6926338,16.5,0,0,0,0
2195,19.4500925,51.6903853,25.07,0,0,0,0
2196,19.4500702,51.6881369,20.41,0,0,0,0
2197,19.4548159,51.8488878,6.08,0,0,0,0
2198,19.4547932,51.8466394,10.09,0,0,0,0
2199,19.4547706,51.8443910,5.61,0,0,0,0
2200,19.4547479,51.8421426,8.5,0,0,0,0
2201,19.4547253,51.8398942,0.28,0,0,0,0
2202,19.4547026,51.8376457,1.36,0,0,0,0
2203,19.4546800,51.8353973,14.5,0,0,0,0
2204,19.4546573,51.8331489,15.6,0,0,0,0
2205,19.4546347,51.8309005,15.39,0,0,0,0
2206,19.4546120,51.8286521,15.07,0,0,0,0
2207,19.4545894,51.8264037,13.9,0,0,0,0
2208,19.4545668,51.8241553,13.07,0,0,0,0
2209,19.4545441,51.8219069,13.25,0,0,0,0
2210,19.4545215,51.8196585,98.58,0,0,0,0
2211,19.4544989,51.8174101,89.9,0,0,0,0
2212,19.4544763,51.8151616,90.67,0,0,0,0
2213,19.4544537,51.8129132,111.66,0,0,0,0
2214,19.4544310,51.8106648,143.95,0,0,0,0
2215,19.4544084,51.8084164,101.22,0,0,0,0
2216,19.4543858,51.8061680,161.39,0,0,0,0
2217,19.4543632,51.8039196,141.6,0,0,0,0
2218,19.4543406,51.8016711,130.59,0,0,0,0
2219,19.4543180,51.7994227,819.71,0,0,0,0
2220,19.4542954,51.7971743,1096.76,0,0,0,0
2221,19.4542728,51.7949259,928.72,0,0,0,0
2222,19.4542502,51.7926775,267.37,0,0,0,0
2223,19.4542276,51.7904290,544.35,0,0,0,0
2224,19.4542051,51.7881806,814.02,0,0,0,0
2225,19.4541825,51.7859322,981.27,0,0,0,0
2226,19.4541599,51.7836838,855.07,0,0,0,0
2227,19.4541373,51.7814353,519.19,0,0,0,0
2228,19.4541148,51.7791869,415.76,0,0,0,0
2229,19.4540922,51.7769385,733.22,0,0,0,0
2230,19.4540696,51.7746900,1006.91,0,0,0,0
2231,19.4540471,51.7724416,929.57,0,0,0,0
2232,19.4540245,51.7701932,344.65,0,0,0,0
2233,19.4540019,51.7679447,309.87,0,0,0,0
2234,19.4539794,51.7656963,532.91,0,0,0,0
2235,19.4539568,51.7634479,579.71,0,0,0,0
2236,19.4539343,51.7611994,388.46,0,0,0,0
2237,19.4539117,51.7589510,226.32,0,0,0,0
2238,19.4538892,51.7567026,789.61,0,0,0,0
2239,19.4538667,51.7544541,298.88,0,0,0,0
2240,19.4538441,51.7522057,54.23,0,0,0,0
2241,19.4538216,51.7499573,48.58,0,0,0,0
2242,19.4537990,51.7477088,59.97,0,0,0,0
2243,19.4537765,51.7454604,67.73,0,0,0,0
2244,19.4537540,51.7432119,123.52,0,0,0,0
2245,19.4537315,51.7409635,270.15,0,0,0,0
2246,19.4537089,51.7387150,467.41,0,0,0,0
2247,19.4536864,51.7364666,216.21,0,0,0,0
2248,19.4536639,51.7342182,105.45,0,0,0,0
2249,19.4536414,51.7319697,75.95,0,0,0,0
2250,19.4536189,51.7297213,1018.11,0,0,0,0
2251,19.4535964,51.7274728,1038.43,0,0,0,0
2252,19.4535739,51.7252244,299.38,0,0,0,0
2253,19.4535514,51.7229759,32.37,0,0,0,0
2254,19.4535289,51.7207275,74.86,0,0,0,0
2255,19.4535064,51.7184790,97.79,0,0,0,0
2256,19.4534839,51.7162306,29.65,0,0,0,0
2257,19.4534614,51.7139821,69.0,0,0,0,0
2258,19.4534389,51.7117336,97.8,0,0,0,0
2259,19.4534165,51.7094852,49.72,0,0,0,0
2260,19.4533940,51.7072367,165.73,0,0,0,0
2261,19.4533715,51.7049883,145.48,0,0,0,0
2262,19.4533490,51.7027398,39.17,0,0,0,0
2263,19.4533266,51.7004914,38.11,0,0,0,0
2264,19.4533041,51.6982429,29.05,0,0,0,0
2265,19.4532816,51.6959944,16.5,0,0,0,0
2266,19.4532592,51.6937460,16.23,0,0,0,0
2267,19.4532367,51.6914975,13.56,0,0,0,0
2268,19.4532143,51.6892491,15.66,0,0,0,0
2269,19.4579713,51.8499998,0.53,0,0,0,0
2270,19.4579485,51.8477514,10.36,0,0,0,0
2271,19.4579257,51.8455030,10.53,0,0,0,0
2272,19.4579029,51.8432546,10.87,0,0,0,0
2273,19.4578800,51.8410062,45.12,0,0,0,0
2274,19.4578572,51.8387578,38.45,0,0,0,0
2275,19.4578344,51.8365094,36.86,0,0,0,0
2276,19.4578116,51.8342609,18.45,0,0,0,0
2277,19.4577888,51.8320125,18.45,0,0,0,0
2278,19.4577660,51.8297641,18.45,0,0,0,0
2279,19.4577432,51.8275157,18.45,0,0,0,0
2280,19.4577205,51.8252673,17.09,0,0,0,0
2281,19.4576977,51.8230189,11.88,0,0,0,0
2282,19.4576749,51.8207705,10.77,0,0,0,0
2283,19.4576521,51.8185221,17.16,0,0,0,0
2284,19.4576293,51.8162737,10.89,0,0,0,0
2285,19.4576066,51.8140253,38.53,0,0,0,0
2286,19.4575838,51.8117768,143.75,0,0,0,0
2287,19.4575610,51.8095284,162.42,0,0,0,0
2288,19.4575382,51.8072800,167.53,0,0,0,0
2289,19.4575155,51.8050316,165.87,0,0,0,0
2290,19.4574927,51.8027832,149.63,0,0,0,0
2291,19.4574700,51.8005348,395.8,0,0,0,0
2292,19.4574472,51.7982863,642.45,0,0,0,0
2293,19.4574245,51.7960379,541.51,0,0,0,0
2294,19.4574017,51.7937895,10.88,0,0,0,0
2295,19.4573790,51.7915411,327.99,0,0,0,0
2296,19.4573562,51.7892926,727.76,0,0,0,0
2297,19.4573335,51.7870442,1119.26,0,0,0,0
2298,19.4573108,51.7847958,1312.9,0,0,0,0
2299,19.4572880,51.7825474,849.08,0,0,0,0
2300,19.4572653,51.7802989,289.58,0,0,0,0
2301,19.4572426,51.7780505,1367.54,0,0,0,0
2302,19.4572198,51.7758021,1265.36,0,0,0,0
2303,19.4571971,51.7735537,1395.98,0,0,0,0
2304,19.4571744,51.7713052,982.33,0,0,0,0
2305,19.4571517,51.7690568,473.36,0,0,0,0
2306,19.4571290,51.7668084,717.41,0,0,0,0
2307,19.4571063,51.7645599,445.57,0,0,0,0
2308,19.4570836,51.7623115,656.08,0,0,0,0
2309,19.4570609,51.7600631,262.73,0,0,0,0
2310,19.4570382,51.7578146,481.85,0,0,0,0
2311,19.4570155,51.7555662,922.62,0,0,0,0
2312,19.4569928,51.7533178,310.53,0,0,0,0
2313,19.4569701,51.7510693,258.54,0,0,0,0
2314,19.4569474,51.7488209,165.95,0,0,0,0
2315,19.4569247,51.7465724,276.2,0,0,0,0
2316,19.4569020,51.7443240,97.24,0,0,0,0
2317,19.4568793,51.7420756,117.94,0,0,0,0
2318,19.4568567,51.7398271,209.56,0,0,0,0
2319,19.4568340,51.7375787,261.63,0,0,0,0
2320,19.4568113,51.7353302,955.53,0,0,0,0
2321,19.4567886,51.7330818,209.26,0,0,0,0
2322,19.4567660,51.7308333,0.15,0,0,0,0
2323,19.4567433,51.7285849,428.79,0,0,0,0
2324,19.4567207,51.7263364,163.51,0,0,0,0
2325,19.4566980,51.7240880,100.14,0,0,0,0
2326,19.4566753,51.7218395,28.82,0,0,0,0
2327,19.4566527,51.7195911,40.88,0,0,0,0
2328,19.4566300,51.7173426,11.26,0,0,0,0
2329,19.4566074,51.7150942,11.26,0,0,0,0
2330,19.4565848,51.7128457,19.3,0,0,0,0
2331,19.4565621,51.7105973,36.74,0,0,0,0
2332,19.4565395,51.7083488,96.1,0,0,0,0
2333,19.4565169,51.7061004,175.09,0,0,0,0
2334,19.4564942,51.7038519,46.79,0,0,0,0
2335,19.4564716,51.7016035,40.83,0,0,0,0
2336,19.4564490,51.6993550,40.2,0,0,0,0
2337,19.4564263,51.6971065,30.44,0,0,0,0
2338,19.4564037,51.6948581,15.63,0,0,0,0
2339,19.4563811,51.6926096,13.01,0,0,0,0
2340,19.4563585,51.6903612,13.01,0,0,0,0
2341,19.4563359,51.6881127,9.95,0,0,0,0
2342,19.4611269,51.8511117,0.2,0,0,0,0
2343,19.4611039,51.8488633,10.06,0,0,0,0
2344,19.4610809,51.8466149,10.53,0,0,0,0
2345,19.4610580,51.8443665,10.53,0,0,0,0
2346,19.4610350,51.8421181,26.59,0,0,0,0
2347,19.4610120,51.8398697,43.34,0,0,0,0
2348,19.4609891,51.8376213,41.33,0,0,0,0
2349,19.4609661,51.8353729,35.05,0,0,0,0
2350,19.4609432,51.8331245,18.46,0,0,0,0
2351,19.4609202,51.8308761,18.45,0,0,0,0
2352,19.4608972,51.8286277,18.45,0,0,0,0
2353,19.4608743,51.8263792,11.52,0,0,0,0
2354,19.4608514,51.8241308,5.0,0,0,0,0
2355,19.4608284,51.8218824,7.12,0,0,0,0
2356,19.4608055,51.8196340,7.12,0,0,0,0
2357,19.4607825,51.8173856,7.12,0,0,0,0
2358,19.4607596,51.8151372,7.12,0,0,0,0
2359,19.4607367,51.8128888,37.84,0,0,0,0
2360,19.4607138,51.8106404,121.16,0,0,0,0
2361,19.4606908,51.8083920,146.52,0,0,0,0
2362,19.4606679,51.8061435,165.7,0,0,0,0
2363,19.4606450,51.8038951,160.13,0,0,0,0
2364,19.4606221,51.8016467,79.12,0,0,0,0
2365,19.4605992,51.7993983,906.9,0,0,0,0
2366,19.4605763,51.7971499,822.87,0,0,0,0
2367,19.4605534,51.7949014,636.21,0,0,0,0
2368,19.4605304,51.7926530,693.62,0,0,0,0
2369,19.4605075,51.7904046,756.14,0,0,0,0
2370,19.4604847,51.7881562,1012.84,0,0,0,0
2371,19.4604618,51.7859078,1124.63,0,0,0,0
2372,19.4604389,51.7836593,639.57,0,0,0,0
2373,19.4604160,51.7814109,656.86,0,0,0,0
2374,19.4603931,51.7791625,464.92,0,0,0,0
2375,19.4603702,51.7769141,886.1,0,0,0,0
2376,19.4603473,51.7746656,642.41,0,0,0,0
2377,19.4603245,51.7724172,1279.62,0,0,0,0
2378,19.4603016,51.7701688,491.58,0,0,0,0
2379,19.4602787,51.7679203,719.38,0,0,0,0
2380,19.4602558,51.7656719,461.31,0,0,0,0
2381,19.4602330,51.7634235,634.42,0,0,0,0
2382,19.4602101,51.7611750,413.41,0,0,0,0
2383,19.4601873,51.7589266,751.62,0,0,0,0
2384,19.4601644,51.7566782,1157.69,0,0,0,0
2385,19.4601416,51.7544297,921.62,0,0,0,0
2386,19.4601187,51.7521813,474.45,0,0,0,0
2387,19.4600959,51.7499329,471.96,0,0,0,0
2388,19.4600730,51.7476844,553.43,0,0,0,0
2389,19.4600502,51.7454360,110.52,0,0,0,0
2390,19.4600273,51.7431875,42.9,0,0,0,0
2391,19.4600045,51.7409391,109.71,0,0,0,0
2392,19.4599817,51.7386907,86.44,0,0,0,0
2393,19.4599588,51.7364422,360.6,0,0,0,0
2394,19.4599360,51.7341938,461.52,0,0,0,0
2395,19.4599132,51.7319453,902.38,0,0,0,0
2396,19.4598904,51.7296969,948.49,0,0,0,0
2397,19.4598676,51.7274484,746.63,0,0,0,0
2398,19.4598448,51.7252000,153.54,0,0,0,0
2399,19.4598219,51.7229515,32.38,0,0,0,0
2400,19.4597991,51.7207031,35.13,0,0,0,0
2401,19.4597763,51.7184546,23.21,0,0,0,0
2402,19.4597535,51.7162062,11.26,0,0,0,0
2403,19.4597307,51.7139577,11.2,0,0,0,0
2404,19.4597079,51.7117093,8.57,0,0,0,0
2405,19.4596851,51.7094608,8.52,0,0,0,0
2406,19.4596624,51.7072124,19.1,0,0,0,0
2407,19.4596396,51.7049639,37.43,0,0,0,0
2408,19.4596168,51.7027155,83.74,0,0,0,0
2409,19.4595940,51.7004670,125.49,0,0,0,0
2410,19.4595712,51.6982186,40.98,0,0,0,0
2411,19.4595484,51.6959701,23.1,0,0,0,0
2412,19.4595257,51.6937216,14.14,0,0,0,0
2413,19.4595029,51.6914732,14.57,0,0,0,0
2414,19.4594801,51.6892247,26.28,0,0,0,0
2415,19.4642826,51.8522235,0.04,0,0,0,0
2416,19.4642595,51.8499751,9.52,0,0,0,0
2417,19.4642364,51.8477267,10.53,0,0,0,0
2418,19.4642132,51.8454783,10.53,0,0,0,0
2419,19.4641901,51.8432299,10.53,0,0,0,0
2420,19.4641670,51.8409815,47.35,0,0,0,0
2421,19.4641439,51.8387331,41.95,0,0,0,0
2422,19.4641207,51.8364847,41.33,0,0,0,0
2423,19.4640976,51.8342363,32.43,0,0,0,0
2424,19.4640745,51.8319879,12.6,0,0,0,0
2425,19.4640514,51.8297395,7.27,0,0,0,0
2426,19.4640283,51.8274911,1.29,0,0,0,0
2427,19.4640052,51.8252427,0.54,0,0,0,0
2428,19.4639821,51.8229943,4.5,0,0,0,0
2429,19.4639590,51.8207459,7.12,0,0,0,0
2430,19.4639359,51.8184975,7.12,0,0,0,0
2431,19.4639128,51.8162490,7.12,0,0,0,0
2432,19.4638897,51.8140006,7.12,0,0,0,0
2433,19.4638666,51.8117522,75.95,0,0,0,0
2434,19.4638436,51.8095038,109.58,0,0,0,0
2435,19.4638205,51.8072554,155.22,0,0,0,0
2436,19.4637974,51.8050070,176.95,0,0,0,0
2437,19.4637743,51.8027586,110.25,0,0,0,0
2438,19.4637513,51.8005101,804.29,0,0,0,0
2439,19.4637282,51.7982617,630.12,0,0,0,0
2440,19.4637051,51.7960133,1109.34,0,0,0,0
2441,19.4636821,51.7937649,1021.49,0,0,0,0
2442,19.4636590,51.7915165,1262.96,0,0,0,0
2443,19.4636360,51.7892681,656.3,0,0,0,0
2444,19.4636129,51.7870196,1245.1,0,0,0,0
2445,19.4635899,51.7847712,330.46,0,0,0,0
2446,19.4635668,51.7825228,76.95,0,0,0,0
2447,19.4635438,51.7802744,68.41,0,0,0,0
2448,19.4635207,51.7780259,281.0,0,0,0,0
2449,19.4634977,51.7757775,655.87,0,0,0,0
2450,19.4634747,51.7735291,985.83,0,0,0,0
2451,19.4634516,51.7712806,822.4,0,0,0,0
2452,19.4634286,51.7690322,281.42,0,0,0,0
2453,19.4634056,51.7667838,343.65,0,0,0,0
2454,19.4633826,51.7645354,202.95,0,0,0,0
2455,19.4633596,51.7622869,675.51,0,0,0,0
2456,19.4633365,51.7600385,116.59,0,0,0,0
2457,19.4633135,51.7577901,500.03,0,0,0,0
2458,19.4632905,51.7555416,553.1,0,0,0,0
2459,19.4632675,51.7532932,513.6,0,0,0,0
2460,19.4632445,51.7510448,78.24,0,0,0,0
2461,19.4632215,51.7487963,50.74,0,0,0,0
2462,19.4631985,51.7465479,40.44,0,0,0,0
2463,19.4631755,51.7442994,35.95,0,0,0,0
2464,19.4631525,51.7420510,719.82,0,0,0,0
2465,19.4631295,51.7398026,58.53,0,0,0,0
2466,19.4631065,51.7375541,71.95,0,0,0,0
2467,19.4630836,51.7353057,167.3,0,0,0,0
2468,19.4630606,51.7330572,588.03,0,0,0,0
2469,19.4630376,51.7308088,1072.13,0,0,0,0
2470,19.4630146,51.7285603,597.9,0,0,0,0
2471,19.4629917,51.7263119,274.72,0,0,0,0
2472,19.4629687,51.7240635,43.58,0,0,0,0
2473,19.4629457,51.7218150,52.32,0,0,0,0
2474,19.4629228,51.7195666,41.68,0,0,0,0
2475,19.4628998,51.7173181,11.26,0,0,0,0
2476,19.4628769,51.7150697,11.26,0,0,0,0
2477,19.4628539,51.7128212,34.37,0,0,0,0
2478,19.4628310,51.7105728,8.52,0,0,0,0
2479,19.4628080,51.7083243,8.52,0,0,0,0
2480,19.4627851,51.7060759,8.52,0,0,0,0
2481,19.4627621,51.7038274,10.94,0,0,0,0
2482,19.4627392,51.7015789,215.05,0,0,0,0
2483,19.4627163,51.6993305,40.79,0,0,0,0
2484,19.4626933,51.6970820,29.55,0,0,0,0
2485,19.4626704,51.6948336,16.5,0,0,0,0
2486,19.4626475,51.6925851,13.23,0,0,0,0
2487,19.4626245,51.6903367,18.59,0,0,0,0
2488,19.4626016,51.6880882,11.61,0,0,0,0
2489,19.4674385,51.8533353,0.0,0,0,0,0
2490,19.4674152,51.8510869,8.99,0,0,0,0
2491,19.4673919,51.8488385,10.53,0,0,0,0
2492,19.4673686,51.8465901,10.53,0,0,0,0
2493,19.4673454,51.8443417,10.53,0,0,0,0
2494,19.4673221,51.8420933,16.46,0,0,0,0
2495,19.4672988,51.8398449,28.98,0,0,0,0
2496,19.4672755,51.8375965,15.74,0,0,0,0
2497,19.4672523,51.8353481,3.13,0,0,0,0
2498,19.4672290,51.8330997,0.54,0,0,0,0
2499,19.4672057,51.8308513,0.54,0,0,0,0
2500,19.4671825,51.8286029,0.54,0,0,0,0
2501,19.4671592,51.8263545,0.54,0,0,0,0
2502,19.4671359,51.8241060,0.54,0,0,0,0
2503,19.4671127,51.8218576,2.88,0,0,0,0
2504,19.4670894,51.8196092,5.36,0,0,0,0
2505,19.4670662,51.8173608,5.05,0,0,0,0
2506,19.4670429,51.8151124,4.84,0,0,0,0
2507,19.4670197,51.8128640,6.81,0,0,0,0
2508,19.4669965,51.8106156,67.42,0,0,0,0
2509,19.4669732,51.8083672,146.84,0,0,0,0
2510,19.4669500,51.8061188,178.98,0,0,0,0
2511,19.4669268,51.8038703,154.81,0,0,0,0
2512,19.4669035,51.8016219,142.31,0,0,0,0
2513,19.4668803,51.7993735,287.32,0,0,0,0
2514,19.4668571,51.7971251,132.62,0,0,0,0
2515,19.4668339,51.7948767,160.51,0,0,0,0
2516,19.4668107,51.7926283,501.07,0,0,0,0
2517,19.4667874,51.7903798,467.32,0,0,0,0
2518,19.4667642,51.7881314,874.19,0,0,0,0
2519,19.4667410,51.7858830,556.07,0,0,0,0
2520,19.4667178,51.7836346,39.21,0,0,0,0
2521,19.4666946,51.7813862,32.11,0,0,0,0
2522,19.4666714,51.7791377,195.89,0,0,0,0
2523,19.4666482,51.7768893,212.78,0,0,0,0
2524,19.4666250,51.7746409,241.54,0,0,0,0
2525,19.4666019,51.7723924,714.26,0,0,0,0
2526,19.4665787,51.7701440,177.47,0,0,0,0
2527,19.4665555,51.7678956,56.63,0,0,0,0
2528,19.4665323,51.7656472,643.95,0,0,0,0
2529,19.4665091,51.7633987,670.02,0,0,0,0
2530,19.4664860,51.7611503,453.04,0,0,0,0
2531,19.4664628,51.7589019,259.44,0,0,0,0
2532,19.4664396,51.7566534,220.9,0,0,0,0
2533,19.4664165,51.7544050,848.03,0,0,0,0
2534,19.4663933,51.7521566,492.98,0,0,0,0
2535,19.4663701,51.7499081,133.56,0,0,0,0
2536,19.4663470,51.7476597,87.64,0,0,0,0
2537,19.4663238,51.7454113,583.01,0,0,0,0
2538,19.4663007,51.7431628,689.79,0,0,0,0
2539,19.4662775,51.7409144,549.35,0,0,0,0
2540,19.4662544,51.7386659,97.04,0,0,0,0
2541,19.4662313,51.7364175,268.4,0,0,0,0
2542,19.4662081,51.7341691,730.39,0,0,0,0
2543,19.4661850,51.7319206,880.22,0,0,0,0
2544,19.4661619,51.7296722,995.48,0,0,0,0
2545,19.4661387,51.7274237,564.25,0,0,0,0
2546,19.4661156,51.7251753,388.42,0,0,0,0
2547,19.4660925,51.7229268,66.67,0,0,0,0
2548,19.4660694,51.7206784,52.79,0,0,0,0
2549,19.4660463,51.7184299,11.99,0,0,0,0
2550,19.4660231,51.7161815,108.41,0,0,0,0
2551,19.4660000,51.7139330,143.15,0,0,0,0
2552,19.4659769,51.7116846,80.52,0,0,0,0
2553,19.4659538,51.7094361,32.97,0,0,0,0
2554,19.4659307,51.7071877,8.52,0,0,0,0
2555,19.4659076,51.7049392,11.29,0,0,0,0
2556,19.4658845,51.7026908,13.59,0,0,0,0
2557,19.4658614,51.7004423,13.59,0,0,0,0
2558,19.4658383,51.6981939,17.37,0,0,0,0
2559,19.4658153,51.6959454,16.32,0,0,0,0
2560,19.4657922,51.6936970,13.98,0,0,0,0
2561,19.4657691,51.6914485,13.01,0,0,0,0
2562,19.4657460,51.6892000,21.42,0,0,0,0
2563,19.4705711,51.8521985,8.57,0,0,0,0
2564,19.4705477,51.8499501,10.53,0,0,0,0
2565,19.4705242,51.8477017,10.53,0,0,0,0
2566,19.4705008,51.8454533,10.23,0,0,0,0
2567,19.4704773,51.8432049,9.05,0,0,0,0
2568,19.4704539,51.8409565,6.69,0,0,0,0
2569,19.4704305,51.8387081,3.64,0,0,0,0
2570,19.4704070,51.8364597,0.54,0,0,0,0
2571,19.4703836,51.8342113,0.54,0,0,0,0
2572,19.4703602,51.8319629,0.54,0,0,0,0
2573,19.4703368,51.8297145,0.54,0,0,0,0
2574,19.4703133,51.8274661,0.54,0,0,0,0
2575,19.4702899,51.8252177,0.54,0,0,0,0
2576,19.4702665,51.8229693,0.54,0,0,0,0
2577,19.4702431,51.8207209,3.85,0,0,0,0
2578,19.4702197,51.8184725,4.01,0,0,0,0
2579,19.4701963,51.8162241,4.01,0,0,0,0
2580,19.4701729,51.8139757,4.9,0,0,0,0
2581,19.4701495,51.8117273,7.12,0,0,0,0
2582,19.4701261,51.8094789,39.04,0,0,0,0
2583,19.4701027,51.8072305,124.23,0,0,0,0
2584,19.4700793,51.8049820,136.75,0,0,0,0
2585,19.4700559,51.8027336,159.03,0,0,0,0
2586,19.4700326,51.8004852,113.46,0,0,0,0
2587,19.4700092,51.7982368,59.43,0,0,0,0
2588,19.4699858,51.7959884,62.17,0,0,0,0
2589,19.4699624,51.7937400,57.56,0,0,0,0
2590,19.4699391,51.7914915,76.18,0,0,0,0
2591,19.4699157,51.7892431,353.47,0,0,0,0
2592,19.4698923,51.7869947,715.9,0,0,0,0
2593,19.4698690,51.7847463,45.26,0,0,0,0
2594,19.4698456,51.7824979,31.81,0,0,0,0
2595,19.4698223,51.7802494,254.95,0,0,0,0
2596,19.4697989,51.7780010,370.18,0,0,0,0
2597,19.4697756,51.7757526,392.87,0,0,0,0
2598,19.4697522,51.7735042,286.18,0,0,0,0
2599,19.4697289,51.7712557,580.16,0,0,0,0
2600,19.4697055,51.7690073,14.35,0,0,0,0
2601,19.4696822,51.7667589,230.27,0,0,0,0
2602,19.4696589,51.7645105,425.08,0,0,0,0
2603,19.4696355,51.7622620,517.65,0,0,0,0
2604,19.4696122,51.7600136,354.65,0,0,0,0
2605,19.4695889,51.7577652,318.22,0,0,0,0
2606,19.4695656,51.7555167,542.67,0,0,0,0
2607,19.4695422,51.7532683,936.56,0,0,0,0
2608,19.4695189,51.7510199,254.64,0,0,0,0
2609,19.4694956,51.7487714,61.53,0,0,0,0
2610,19.4694723,51.7465230,410.32,0,0,0,0
2611,19.4694490,51.7442746,805.56,0,0,0,0
2612,19.4694257,51.7420261,496.47,0,0,0,0
2613,19.4694024,51.7397777,188.89,0,0,0,0
2614,19.4693791,51.7375292,225.4,0,0,0,0
2615,19.4693558,51.7352808,830.58,0,0,0,0
2616,19.4693325,51.7330324,592.56,0,0,0,0
2617,19.4693092,51.7307839,928.32,0,0,0,0
2618,19.4692859,51.7285355,839.83,0,0,0,0
2619,19.4692627,51.7262870,633.82,0,0,0,0
2620,19.4692394,51.7240386,101.36,0,0,0,0
2621,19.4692161,51.7217901,352.34,0,0,0,0
2622,19.4691928,51.7195417,28.43,0,0,0,0
2623,19.4691696,51.7172932,161.75,0,0,0,0
2624,19.4691463,51.7150448,207.39,0,0,0,0
2625,19.4691230,51.7127963,105.18,0,0,0,0
2626,19.4690998,51.7105479,125.09,0,0,0,0
2627,19.4690765,51.7082994,91.46,0,0,0,0
2628,19.4690533,51.7060510,24.64,0,0,0,0
2629,19.4690300,51.7038025,13.59,0,0,0,0
2630,19.4690068,51.7015541,13.59,0,0,0,0
2631,19.4689835,51.6993056,13.59,0,0,0,0
2632,19.4689603,51.6970572,14.02,0,0,0,0
2633,19.4689370,51.6948087,1.51,0,0,0,0
2634,19.4689138,51.6925603,1.61,0,0,0,0
2635,19.4688906,51.6903118,4.05,0,0,0,0
2636,19.4688673,51.6880634,4.73,0,0,0,0
2637,19.4737272,51.8533101,7.91,0,0,0,0
2638,19.4737036,51.8510617,10.53,0,0,0,0
2639,19.4736799,51.8488133,9.61,0,0,0,0
2640,19.4736563,51.8465649,7.44,0,0,0,0
2641,19.4736327,51.8443165,0.9,0,0,0,0
2642,19.4736092,51.8420681,0.54,0,0,0,0
2643,19.4735856,51.8398197,0.54,0,0,0,0
2644,19.4735620,51.8375713,0.54,0,0,0,0
2645,19.4735384,51.8353229,0.54,0,0,0,0
2646,19.4735148,51.8330745,0.54,0,0,0,0
2647,19.4734912,51.8308261,0.54,0,0,0,0
2648,19.4734676,51.8285777,0.54,0,0,0,0
2649,19.4734441,51.8263293,0.54,0,0,0,0
2650,19.4734205,51.8240809,0.54,0,0,0,0
2651,19.4733969,51.8218325,1.88,0,0,0,0
2652,19.4733734,51.8195841,4.01,0,0,0,0
2653,19.4733498,51.8173357,4.01,0,0,0,0
2654,19.4733263,51.8150873,4.01,0,0,0,0
2655,19.4733027,51.8128389,58.51,0,0,0,0
2656,19.4732791,51.8105905,90.91,0,0,0,0
2657,19.4732556,51.8083421,95.8,0,0,0,0
2658,19.4732321,51.8060936,72.56,0,0,0,0
2659,19.4732085,51.8038452,92.94,0,0,0,0
2660,19.4731850,51.8015968,124.15,0,0,0,0
2661,19.4731614,51.7993484,427.54,0,0,0,0
2662,19.4731379,51.7971000,692.27,0,0,0,0
2663,19.4731144,51.7948516,876.73,0,0,0,0
2664,19.4730908,51.7926032,522.31,0,0,0,0
2665,19.4730673,51.7903547,837.3,0,0,0,0
2666,19.4730438,51.7881063,308.07,0,0,0,0
2667,19.4730203,51.7858579,71.24,0,0,0,0
2668,19.4729968,51.7836095,13.47,0,0,0,0
2669,19.4729733,51.7813611,96.54,0,0,0,0
2670,19.4729497,51.7791126,556.99,0,0,0,0
2671,19.4729262,51.7768642,625.36,0,0,0,0
2672,19.4729027,51.7746158,267.46,0,0,0,0
2673,19.4728792,51.7723674,280.07,0,0,0,0
2674,19.4728557,51.7701189,25.26,0,0,0,0
2675,19.4728322,51.7678705,65.84,0,0,0,0
2676,19.4728088,51.7656221,415.85,0,0,0,0
2677,19.4727853,51.7633737,514.76,0,0,0,0
2678,19.4727618,51.7611252,457.75,0,0,0,0
2679,19.4727383,51.7588768,284.29,0,0,0,0
2680,19.4727148,51.7566284,454.72,0,0,0,0
2681,19.4726913,51.7543799,504.74,0,0,0,0
2682,19.4726679,51.7521315,296.19,0,0,0,0
2683,19.4726444,51.7498831,22.16,0,0,0,0
2684,19.4726209,51.7476346,1166.8,0,0,0,0
2685,19.4725975,51.7453862,1004.7,0,0,0,0
2686,19.4725740,51.7431378,850.07,0,0,0,0
2687,19.4725506,51.7408893,575.93,0,0,0,0
2688,19.4725271,51.7386409,61.29,0,0,0,0
2689,19.4725037,51.7363925,864.9,0,0,0,0
2690,19.4724802,51.7341440,1089.32,0,0,0,0
2691,19.4724568,51.7318956,866.68,0,0,0,0
2692,19.4724333,51.7296471,579.86,0,0,0,0
2693,19.4724099,51.7273987,219.84,0,0,0,0
2694,19.4723864,51.7251502,165.47,0,0,0,0
2695,19.4723630,51.7229018,620.29,0,0,0,0
2696,19.4723396,51.7206534,822.42,0,0,0,0
2697,19.4723162,51.7184049,247.02,0,0,0,0
2698,19.4722927,51.7161565,147.46,0,0,0,0
2699,19.4722693,51.7139080,99.99,0,0,0,0
2700,19.4722459,51.7116596,112.76,0,0,0,0
2701,19.4722225,51.7094111,106.23,0,0,0,0
2702,19.4721991,51.7071627,163.04,0,0,0,0
2703,19.4721757,51.7049142,242.0,0,0,0,0
2704,19.4721523,51.7026658,65.81,0,0,0,0
2705,19.4721289,51.7004173,13.59,0,0,0,0
2706,19.4721055,51.6981689,13.59,0,0,0,0
2707,19.4720821,51.6959204,7.69,0,0,0,0
2708,19.4768834,51.8544216,7.38,0,0,0,0
2709,19.4768596,51.8521732,10.53,0,0,0,0
2710,19.4768358,51.8499248,5.24,0,0,0,0
2711,19.4768121,51.8476764,0.09,0,0,0,0
2712,19.4767883,51.8454280,0.54,0,0,0,0
2713,19.4767646,51.8431796,0.54,0,0,0,0
2714,19.4767408,51.8409312,0.54,0,0,0,0
2715,19.4767171,51.8386828,0.54,0,0,0,0
2716,19.4766933,51.8364344,0.54,0,0,0,0
2717,19.4766696,51.8341860,0.54,0,0,0,0
2718,19.4766458,51.8319376,0.54,0,0,0,0
2719,19.4766221,51.8296892,0.54,0,0,0,0
2720,19.4765984,51.8274408,0.54,0,0,0,0
2721,19.4765746,51.8251924,0.54,0,0,0,0
2722,19.4765509,51.8229440,0.54,0,0,0,0
2723,19.4765272,51.8206956,3.69,0,0,0,0
2724,19.4765035,51.8184472,4.01,0,0,0,0
2725,19.4764798,51.8161988,4.01,0,0,0,0
2726,19.4764561,51.8139504,34.83,0,0,0,0
2727,19.4764323,51.8117020,138.08,0,0,0,0
2728,19.4764086,51.8094536,179.91,0,0,0,0
2729,19.4763849,51.8072052,122.35,0,0,0,0
2730,19.4763612,51.8049568,66.85,0,0,0,0
2731,19.4763375,51.8027083,67.89,0,0,0,0
2732,19.4763138,51.8004599,155.08,0,0,0,0
2733,19.4762902,51.7982115,558.43,0,0,0,0
2734,19.4762665,51.7959631,478.06,0,0,0,0
2735,19.4762428,51.7937147,951.91,0,0,0,0
2736,19.4762191,51.7914663,1103.33,0,0,0,0
2737,19.4761954,51.7892179,758.91,0,0,0,0
2738,19.4761717,51.7869694,102.51,0,0,0,0
2739,19.4761481,51.7847210,45.77,0,0,0,0
2740,19.4761244,51.7824726,33.91,0,0,0,0
2741,19.4761007,51.7802242,775.3,0,0,0,0
2742,19.4760771,51.7779758,1036.09,0,0,0,0
2743,19.4760534,51.7757273,621.84,0,0,0,0
2744,19.4760298,51.7734789,252.07,0,0,0,0
2745,19.4760061,51.7712305,343.99,0,0,0,0
2746,19.4759824,51.7689821,352.2,0,0,0,0
2747,19.4759588,51.7667336,435.87,0,0,0,0
2748,19.4759352,51.7644852,772.43,0,0,0,0
2749,19.4759115,51.7622368,654.39,0,0,0,0
2750,19.4758879,51.7599884,84.43,0,0,0,0
2751,19.4758642,51.7577399,47.74,0,0,0,0
2752,19.4758406,51.7554915,8.88,0,0,0,0
2753,19.4758170,51.7532431,9.06,0,0,0,0
2754,19.4757933,51.7509946,7.35,0,0,0,0
2755,19.4757697,51.7487462,247.09,0,0,0,0
2756,19.4757461,51.7464978,262.72,0,0,0,0
2757,19.4757225,51.7442493,682.26,0,0,0,0
2758,19.4756989,51.7420009,1105.29,0,0,0,0
2759,19.4756753,51.7397525,206.93,0,0,0,0
2760,19.4756517,51.7375040,64.74,0,0,0,0
2761,19.4756281,51.7352556,734.96,0,0,0,0
2762,19.4756044,51.7330071,1421.42,0,0,0,0
2763,19.4755809,51.7307587,370.17,0,0,0,0
2764,19.4755573,51.7285103,240.21,0,0,0,0
2765,19.4755337,51.7262618,173.3,0,0,0,0
2766,19.4755101,51.7240134,370.8,0,0,0,0
2767,19.4754865,51.7217649,625.24,0,0,0,0
2768,19.4754629,51.7195165,755.8,0,0,0,0
2769,19.4754393,51.7172680,700.73,0,0,0,0
2770,19.4754157,51.7150196,273.73,0,0,0,0
2771,19.4753922,51.7127712,48.15,0,0,0,0
2772,19.4753686,51.7105227,67.34,0,0,0,0
2773,19.4753450,51.7082743,149.72,0,0,0,0
2774,19.4753215,51.7060258,354.26,0,0,0,0
2775,19.4752979,51.7037774,670.99,0,0,0,0
2776,19.4752743,51.7015289,224.77,0,0,0,0
2777,19.4752508,51.6992805,13.59,0,0,0,0
2778,19.4752272,51.6970320,12.29,0,0,0,0
2779,19.4752037,51.6947835,0.0,0,0,0,0
2780,19.4800397,51.8555330,2.47,0,0,0,0
2781,19.4800158,51.8532846,4.42,0,0,0,0
2782,19.4799919,51.8510362,1.08,0,0,0,0
2783,19.4799679,51.8487878,0.0,0,0,0,0
2784,19.4799440,51.8465394,0.26,0,0,0,0
2785,19.4799201,51.8442910,0.52,0,0,0,0
2786,19.4798962,51.8420426,0.53,0,0,0,0
2787,19.4798723,51.8397943,0.54,0,0,0,0
2788,19.4798484,51.8375459,0.54,0,0,0,0
2789,19.4798245,51.8352975,0.54,0,0,0,0
2790,19.4798006,51.8330491,0.54,0,0,0,0
2791,19.4797767,51.8308007,0.54,0,0,0,0
2792,19.4797528,51.8285523,0.54,0,0,0,0
2793,19.4797289,51.8263039,0.54,0,0,0,0
2794,19.4797051,51.8240555,0.54,0,0,0,0
2795,19.4796812,51.8218070,1.0,0,0,0,0
2796,19.4796573,51.8195586,4.01,0,0,0,0
2797,19.4796334,51.8173102,4.01,0,0,0,0
2798,19.4796096,51.8150618,30.24,0,0,0,0
2799,19.4795857,51.8128134,126.1,0,0,0,0
2800,19.4795618,51.8105650,143.25,0,0,0,0
2801,19.4795380,51.8083166,134.64,0,0,0,0
2802,19.4795141,51.8060682,89.95,0,0,0,0
2803,19.4794903,51.8038198,62.21,0,0,0,0
2804,19.4794664,51.8015714,4.14,0,0,0,0
2805,19.4794426,51.7993230,17.68,0,0,0,0
2806,19.4794187,51.7970746,13.63,0,0,0,0
2807,19.4793949,51.7948261,47.32,0,0,0,0
2808,19.4793710,51.7925777,346.84,0,0,0,0
2809,19.4793472,51.7903293,691.75,0,0,0,0
2810,19.4793234,51.7880809,63.6,0,0,0,0
2811,19.4792995,51.7858325,5.24,0,0,0,0
2812,19.4792757,51.7835841,48.53,0,0,0,0
2813,19.4792519,51.7813356,114.11,0,0,0,0
2814,19.4792281,51.7790872,669.35,0,0,0,0
2815,19.4792042,51.7768388,576.0,0,0,0,0
2816,19.4791804,51.7745904,386.43,0,0,0,0
2817,19.4791566,51.7723419,349.82,0,0,0,0
2818,19.4791328,51.7700935,97.02,0,0,0,0
2819,19.4791090,51.7678451,298.78,0,0,0,0
2820,19.4790852,51.7655967,810.45,0,0,0,0
2821,19.4790614,51.7633482,691.36,0,0,0,0
2822,19.4790376,51.7610998,522.78,0,0,0,0
2823,19.4790138,51.7588514,48.52,0,0,0,0
2824,19.4789900,51.7566030,89.32,0,0,0,0
2825,19.4789662,51.7543545,95.67,0,0,0,0
2826,19.4789424,51.7521061,31.09,0,0,0,0
2827,19.4789187,51.7498577,116.98,0,0,0,0
2828,19.4788949,51.7476092,104.32,0,0,0,0
2829,19.4788711,51.7453608,64.9,0,0,0,0
2830,19.4788473,51.7431124,423.65,0,0,0,0
2831,19.4788236,51.7408639,384.12,0,0,0,0
2832,19.4787998,51.7386155,294.45,0,0,0,0
2833,19.4787760,51.7363671,66.15,0,0,0,0
2834,19.4787523,51.7341186,559.16,0,0,0,0
2835,19.4787285,51.7318702,393.89,0,0,0,0
2836,19.4787048,51.7296218,335.78,0,0,0,0
2837,19.4786810,51.7273733,161.0,0,0,0,0
2838,19.4786573,51.7251249,305.9,0,0,0,0
2839,19.4786335,51.7228764,287.5,0,0,0,0
2840,19.4786098,51.7206280,578.04,0,0,0,0
2841,19.4785861,51.7183795,923.1,0,0,0,0
2842,19.4785623,51.7161311,809.28,0,0,0,0
2843,19.4785386,51.7138827,147.35,0,0,0,0
2844,19.4785149,51.7116342,45.64,0,0,0,0
2845,19.4784911,51.7093858,50.94,0,0,0,0
2846,19.4784674,51.7071373,16.22,0,0,0,0
2847,19.4784437,51.7048889,123.82,0,0,0,0
2848,19.4784200,51.7026404,383.18,0,0,0,0
2849,19.4783963,51.7003920,155.04,0,0,0,0
2850,19.4783726,51.6981435,12.93,0,0,0,0
2851,19.4783489,51.6958951,0.81,0,0,0,0
2852,19.4831962,51.8566443,0.31,0,0,0,0
2853,19.4831721,51.8543959,0.52,0,0,0,0
2854,19.4831481,51.8521476,0.52,0,0,0,0
2855,19.4831240,51.8498992,0.28,0,0,0,0
2856,19.4830999,51.8476508,0.0,0,0,0,0
2857,19.4830758,51.8454024,0.48,0,0,0,0
2858,19.4830518,51.8431540,0.52,0,0,0,0
2859,19.4830277,51.8409056,0.52,0,0,0,0
2860,19.4830037,51.8386572,0.52,0,0,0,0
2861,19.4829796,51.8364088,0.53,0,0,0,0
2862,19.4829555,51.8341604,0.54,0,0,0,0
2863,19.4829315,51.8319120,0.54,0,0,0,0
2864,19.4829074,51.8296636,0.54,0,0,0,0
2865,19.4828834,51.8274152,0.54,0,0,0,0
2866,19.4828594,51.8251668,0.54,0,0,0,0
2867,19.4828353,51.8229184,0.54,0,0,0,0
2868,19.4828113,51.8206700,1.61,0,0,0,0
2869,19.4827873,51.8184216,4.01,0,0,0,0
2870,19.4827632,51.8161732,35.2,0,0,0,0
2871,19.4827392,51.8139248,110.0,0,0,0,0
2872,19.4827152,51.8116764,131.59,0,0,0,0
2873,19.4826912,51.8094280,131.26,0,0,0,0
2874,19.4826671,51.8071796,55.09,0,0,0,0
2875,19.4826431,51.8049311,48.83,0,0,0,0
2876,19.4826191,51.8026827,39.04,0,0,0,0
2877,19.4825951,51.8004343,0.79,0,0,0,0
2878,19.4825711,51.7981859,0.77,0,0,0,0
2879,19.4825471,51.7959375,0.77,0,0,0,0
2880,19.4825231,51.7936891,156.8,0,0,0,0
2881,19.4824991,51.7914407,960.21,0,0,0,0
2882,19.4824751,51.7891923,49.4,0,0,0,0
2883,19.4824511,51.7869438,6.73,0,0,0,0
2884,19.4824272,51.7846954,15.15,0,0,0,0
2885,19.4824032,51.7824470,81.56,0,0,0,0
2886,19.4823792,51.7801986,133.8,0,0,0,0
2887,19.4823552,51.7779502,61.36,0,0,0,0
2888,19.4823312,51.7757017,120.52,0,0,0,0
2889,19.4823073,51.7734533,245.14,0,0,0,0
2890,19.4822833,51.7712049,397.95,0,0,0,0
2891,19.4822593,51.7689565,119.14,0,0,0,0
2892,19.4822354,51.7667081,580.43,0,0,0,0
2893,19.4822114,51.7644596,536.49,0,0,0,0
2894,19.4821875,51.7622112,611.6,0,0,0,0
2895,19.4821635,51.7599628,831.43,0,0,0,0
2896,19.4821396,51.7577144,377.65,0,0,0,0
2897,19.4821156,51.7554659,247.93,0,0,0,0
2898,19.4820917,51.7532175,296.67,0,0,0,0
2899,19.4820678,51.7509691,101.33,0,0,0,0
2900,19.4820438,51.7487206,108.84,0,0,0,0
2901,19.4820199,51.7464722,75.34,0,0,0,0
2902,19.4819960,51.7442238,148.32,0,0,0,0
2903,19.4819720,51.7419753,375.56,0,0,0,0
2904,19.4819481,51.7397269,1027.77,0,0,0,0
2905,19.4819242,51.7374785,603.47,0,0,0,0
2906,19.4819003,51.7352300,835.51,0,0,0,0
2907,19.4818764,51.7329816,758.6,0,0,0,0
2908,19.4818525,51.7307332,1091.31,0,0,0,0
2909,19.4818286,51.7284847,912.78,0,0,0,0
2910,19.4818046,51.7262363,66.19,0,0,0,0
2911,19.4817807,51.7239878,213.0,0,0,0,0
2912,19.4817568,51.7217394,355.6,0,0,0,0
2913,19.4817330,51.7194910,1003.54,0,0,0,0
2914,19.4817091,51.7172425,676.54,0,0,0,0
2915,19.4816852,51.7149941,362.75,0,0,0,0
2916,19.4816613,51.7127456,98.88,0,0,0,0
2917,19.4816374,51.7104972,59.66,0,0,0,0
2918,19.4816135,51.7082487,16.49,0,0,0,0
2919,19.4815897,51.7060003,16.22,0,0,0,0
2920,19.4815658,51.7037518,49.95,0,0,0,0
2921,19.4815419,51.7015034,60.48,0,0,0,0
2922,19.4815180,51.6992549,8.5,0,0,0,0
2923,19.4814942,51.6970065,2.04,0,0,0,0
2924,19.4863529,51.8577556,0.28,0,0,0,0
2925,19.4863286,51.8555072,0.52,0,0,0,0
2926,19.4863044,51.8532588,0.52,0,0,0,0
2927,19.4862802,51.8510104,0.52,0,0,0,0
2928,19.4862559,51.8487620,0.15,0,0,0,0
2929,19.4862317,51.8465136,0.18,0,0,0,0
2930,19.4862075,51.8442652,0.52,0,0,0,0
2931,19.4861833,51.8420168,0.52,0,0,0,0
2932,19.4861591,51.8397684,0.52,0,0,0,0
2933,19.4861348,51.8375200,0.52,0,0,0,0
2934,19.4861106,51.8352716,0.52,0,0,0,0
2935,19.4860864,51.8330232,0.52,0,0,0,0
2936,19.4860622,51.8307749,0.53,0,0,0,0
2937,19.4860380,51.8285265,0.54,0,0,0,0
2938,19.4860138,51.8262781,0.54,0,0,0,0
2939,19.4859896,51.8240297,0.59,0,0,0,0
2940,19.4859654,51.8217813,0.92,0,0,0,0
2941,19.4859412,51.8195328,1.61,0,0,0,0
2942,19.4859170,51.8172844,30.05,0,0,0,0
2943,19.4858929,51.8150360,90.57,0,0,0,0
2944,19.4858687,51.8127876,104.19,0,0,0,0
2945,19.4858445,51.8105392,96.36,0,0,0,0
2946,19.4858203,51.8082908,57.61,0,0,0,0
2947,19.4857962,51.8060424,48.64,0,0,0,0
2948,19.4857720,51.8037940,45.24,0,0,0,0
2949,19.4857478,51.8015456,37.32,0,0,0,0
2950,19.4857237,51.7992972,0.77,0,0,0,0
2951,19.4856995,51.7970488,0.77,0,0,0,0
2952,19.4856754,51.7948004,64.18,0,0,0,0
2953,19.4856512,51.7925520,711.85,0,0,0,0
2954,19.4856271,51.7903035,77.31,0,0,0,0
2955,19.4856029,51.7880551,13.81,0,0,0,0
2956,19.4855788,51.7858067,20.92,0,0,0,0
2957,19.4855546,51.7835583,48.58,0,0,0,0
2958,19.4855305,51.7813099,618.34,0,0,0,0
2959,19.4855064,51.7790615,243.72,0,0,0,0
2960,19.4854822,51.7768130,37.82,0,0,0,0
2961,19.4854581,51.7745646,36.17,0,0,0,0
2962,19.4854340,51.7723162,446.28,0,0,0,0
2963,19.4854099,51.7700678,169.58,0,0,0,0
2964,19.4853857,51.7678194,25.85,0,0,0,0
2965,19.4853616,51.7655709,54.27,0,0,0,0
2966,19.4853375,51.7633225,107.69,0,0,0,0
2967,19.4853134,51.7610741,293.8,0,0,0,0
2968,19.4852893,51.7588257,362.48,0,0,0,0
2969,19.4852652,51.7565772,1065.11,0,0,0,0
2970,19.4852411,51.7543288,184.41,0,0,0,0
2971,19.4852170,51.7520804,180.11,0,0,0,0
2972,19.4851929,51.7498319,694.8,0,0,0,0
2973,19.4851688,51.7475835,693.61,0,0,0,0
2974,19.4851447,51.7453351,770.77,0,0,0,0
2975,19.4851207,51.7430866,666.71,0,0,0,0
2976,19.4850966,51.7408382,42.25,0,0,0,0
2977,19.4850725,51.7385898,655.89,0,0,0,0
2978,19.4850484,51.7363413,1087.28,0,0,0,0
2979,19.4850244,51.7340929,858.13,0,0,0,0
2980,19.4850003,51.7318445,647.85,0,0,0,0
2981,19.4849762,51.7295960,930.95,0,0,0,0
2982,19.4849522,51.7273476,41.01,0,0,0,0
2983,19.4849281,51.7250992,75.24,0,0,0,0
2984,19.4849041,51.7228507,152.85,0,0,0,0
2985,19.4848800,51.7206023,387.88,0,0,0,0
2986,19.4848560,51.7183538,355.06,0,0,0,0
2987,19.4848319,51.7161054,761.95,0,0,0,0
2988,19.4848079,51.7138570,312.03,0,0,0,0
2989,19.4847838,51.7116085,40.11,0,0,0,0
2990,19.4847598,51.7093601,54.03,0,0,0,0
2991,19.4847358,51.7071116,15.52,0,0,0,0
2992,19.4847117,51.7048632,10.9,0,0,0,0
2993,19.4846877,51.7026147,8.31,0,0,0,0
2994,19.4846637,51.7003663,8.31,0,0,0,0
2995,19.4846397,51.6981178,4.47,0,0,0,0
2996,19.4895097,51.8588667,0.24,0,0,0,0
2997,19.4894853,51.8566183,0.52,0,0,0,0
2998,19.4894609,51.8543699,0.52,0,0,0,0
2999,19.4894365,51.8521216,0.52,0,0,0,0
3000,19.4894121,51.8498732,0.52,0,0,0,0
3001,19.4893877,51.8476248,0.46,0,0,0,0
3002,19.4893634,51.8453764,0.52,0,0,0,0
3003,19.4893390,51.8431280,0.52,0,0,0,0
3004,19.4893146,51.8408796,0.52,0,0,0,0
3005,19.4892902,51.8386312,0.52,0,0,0,0
3006,19.4892659,51.8363828,0.52,0,0,0,0
3007,19.4892415,51.8341344,0.52,0,0,0,0
3008,19.4892171,51.8318860,0.52,0,0,0,0
3009,19.4891928,51.8296376,0.52,0,0,0,0
3010,19.4891684,51.8273892,0.52,0,0,0,0
3011,19.4891441,51.8251408,4.57,0,0,0,0
3012,19.4891197,51.8228924,6.9,0,0,0,0
3013,19.4890954,51.8206440,7.28,0,0,0,0
3014,19.4890710,51.8183956,12.05,0,0,0,0
3015,19.4890467,51.8161472,18.13,0,0,0,0
3016,19.4890223,51.8138988,56.92,0,0,0,0
3017,19.4889980,51.8116504,80.47,0,0,0,0
3018,19.4889737,51.8094020,47.87,0,0,0,0
3019,19.4889493,51.8071536,53.16,0,0,0,0
3020,19.4889250,51.8049052,76.89,0,0,0,0
3021,19.4889007,51.8026568,77.35,0,0,0,0
3022,19.4888764,51.8004084,73.69,0,0,0,0
3023,19.4888521,51.7981600,35.88,0,0,0,0
3024,19.4888277,51.7959116,30.28,0,0,0,0
3025,19.4888034,51.7936631,124.18,0,0,0,0
3026,19.4887791,51.7914147,18.77,0,0,0,0
3027,19.4887548,51.7891663,12.92,0,0,0,0
3028,19.4887305,51.7869179,20.88,0,0,0,0
3029,19.4887062,51.7846695,20.92,0,0,0,0
3030,19.4886819,51.7824211,172.73,0,0,0,0
3031,19.4886576,51.7801727,342.03,0,0,0,0
3032,19.4886334,51.7779242,372.05,0,0,0,0
3033,19.4886091,51.7756758,54.6,0,0,0,0
3034,19.4885848,51.7734274,289.22,0,0,0,0
3035,19.4885605,51.7711790,298.4,0,0,0,0
3036,19.4885362,51.7689306,30.01,0,0,0,0
3037,19.4885120,51.7666821,0.0,0,0,0,0
3038,19.4884877,51.7644337,0.0,0,0,0,0
3039,19.4884634,51.7621853,177.8,0,0,0,0
3040,19.4884392,51.7599369,660.01,0,0,0,0
3041,19.4884149,51.7576884,557.31,0,0,0,0
3042,19.4883907,51.7554400,439.04,0,0,0,0
3043,19.4883664,51.7531916,73.59,0,0,0,0
3044,19.4883422,51.7509432,235.71,0,0,0,0
3045,19.4883179,51.7486947,437.42,0,0,0,0
3046,19.4882937,51.7464463,630.65,0,0,0,0
3047,19.4882694,51.7441979,1047.4,0,0,0,0
3048,19.4882452,51.7419494,651.36,0,0,0,0
3049,19.4882210,51.7397010,306.22,0,0,0,0
3050,19.4881967,51.7374526,563.38,0,0,0,0
3051,19.4881725,51.7352041,1057.4,0,0,0,0
3052,19.4881483,51.7329557,535.74,0,0,0,0
3053,19.4881241,51.7307073,604.29,0,0,0,0
3054,19.4880998,51.7284588,293.18,0,0,0,0
3055,19.4880756,51.7262104,41.97,0,0,0,0
3056,19.4880514,51.7239620,163.52,0,0,0,0
3057,19.4880272,51.7217135,244.84,0,0,0,0
3058,19.4880030,51.7194651,902.18,0,0,0,0
3059,19.4879788,51.7172166,1162.94,0,0,0,0
3060,19.4879546,51.7149682,320.35,0,0,0,0
3061,19.4879304,51.7127198,117.18,0,0,0,0
3062,19.4879062,51.7104713,51.53,0,0,0,0
3063,19.4878820,51.7082229,20.01,0,0,0,0
3064,19.4878578,51.7059744,8.31,0,0,0,0
3065,19.4878336,51.7037260,8.31,0,0,0,0
3066,19.4878095,51.7014775,8.31,0,0,0,0
3067,19.4877853,51.6992291,8.06,0,0,0,0
3068,19.4926421,51.8577294,0.23,0,0,0,0
3069,19.4926176,51.8554810,0.52,0,0,0,0
3070,19.4925930,51.8532326,0.52,0,0,0,0
3071,19.4925685,51.8509842,0.52,0,0,0,0
3072,19.4925439,51.8487359,0.52,0,0,0,0
3073,19.4925194,51.8464875,0.52,0,0,0,0
3074,19.4924949,51.8442391,0.52,0,0,0,0
3075,19.4924703,51.8419907,0.52,0,0,0,0
3076,19.4924458,51.8397423,0.52,0,0,0,0
3077,19.4924213,51.8374939,0.52,0,0,0,0
3078,19.4923967,51.8352455,0.52,0,0,0,0
3079,19.4923722,51.8329971,0.52,0,0,0,0
3080,19.4923477,51.8307487,0.52,0,0,0,0
3081,19.4923232,51.8285003,0.52,0,0,0,0
3082,19.4922987,51.8262519,1.08,0,0,0,0
3083,19.4922742,51.8240035,7.35,0,0,0,0
3084,19.4922496,51.8217551,7.35,0,0,0,0
3085,19.4922251,51.8195067,10.73,0,0,0,0
3086,19.4922006,51.8172583,18.13,0,0,0,0
3087,19.4921762,51.8150099,25.79,0,0,0,0
3088,19.4921517,51.8127615,66.01,0,0,0,0
3089,19.4921272,51.8105131,65.92,0,0,0,0
3090,19.4921027,51.8082647,65.82,0,0,0,0
3091,19.4920782,51.8060163,126.4,0,0,0,0
3092,19.4920537,51.8037679,134.11,0,0,0,0
3093,19.4920292,51.8015195,156.35,0,0,0,0
3094,19.4920048,51.7992711,141.49,0,0,0,0
3095,19.4919803,51.7970227,75.78,0,0,0,0
3096,19.4919558,51.7947743,68.86,0,0,0,0
3097,19.4919314,51.7925258,25.74,0,0,0,0
3098,19.4919069,51.7902774,12.77,0,0,0,0
3099,19.4918824,51.7880290,19.84,0,0,0,0
3100,19.4918580,51.7857806,22.86,0,0,0,0
3101,19.4918335,51.7835322,26.08,0,0,0,0
3102,19.4918091,51.7812838,45.72,0,0,0,0
3103,19.4917846,51.7790354,381.25,0,0,0,0
3104,19.4917602,51.7767869,15.43,0,0,0,0
3105,19.4917358,51.7745385,91.15,0,0,0,0
3106,19.4917113,51.7722901,180.36,0,0,0,0
3107,19.4916869,51.7700417,92.67,0,0,0,0
3108,19.4916625,51.7677933,9.77,0,0,0,0
3109,19.4916380,51.7655448,0.0,0,0,0,0
3110,19.4916136,51.7632964,0.0,0,0,0,0
3111,19.4915892,51.7610480,586.03,0,0,0,0
3112,19.4915648,51.7587996,353.73,0,0,0,0
3113,19.4915404,51.7565512,27.37,0,0,0,0
3114,19.4915160,51.7543027,27.37,0,0,0,0
3115,19.4914916,51.7520543,125.37,0,0,0,0
3116,19.4914672,51.7498059,224.94,0,0,0,0
3117,19.4914428,51.7475574,632.79,0,0,0,0
3118,19.4914184,51.7453090,1484.6,0,0,0,0
3119,19.4913940,51.7430606,783.78,0,0,0,0
3120,19.4913696,51.7408122,750.73,0,0,0,0
3121,19.4913452,51.7385637,951.29,0,0,0,0
3122,19.4913208,51.7363153,981.0,0,0,0,0
3123,19.4912964,51.7340669,1489.02,0,0,0,0
3124,19.4912720,51.7318184,1449.41,0,0,0,0
3125,19.4912477,51.7295700,1012.7,0,0,0,0
3126,19.4912233,51.7273216,70.53,0,0,0,0
3127,19.4911989,51.7250731,114.79,0,0,0,0
3128,19.4911746,51.7228247,444.83,0,0,0,0
3129,19.4911502,51.7205762,797.0,0,0,0,0
3130,19.4911258,51.7183278,824.17,0,0,0,0
3131,19.4911015,51.7160794,914.29,0,0,0,0
3132,19.4910771,51.7138309,503.28,0,0,0,0
3133,19.4910528,51.7115825,37.68,0,0,0,0
3134,19.4910284,51.7093340,8.31,0,0,0,0
3135,19.4910041,51.7070856,8.31,0,0,0,0
3136,19.4909797,51.7048371,8.31,0,0,0,0
3137,19.4909554,51.7025887,8.31,0,0,0,0
3138,19.4909311,51.7003403,8.31,0,0,0,0
3139,19.4909067,51.6980918,2.94,0,0,0,0
3140,19.4957744,51.8565920,0.39,0,0,0,0
3141,19.4957497,51.8543436,0.52,0,0,0,0
3142,19.4957250,51.8520952,0.52,0,0,0,0
3143,19.4957003,51.8498468,0.52,0,0,0,0
3144,19.4956756,51.8475985,0.52,0,0,0,0
3145,19.4956509,51.8453501,0.52,0,0,0,0
3146,19.4956262,51.8431017,0.52,0,0,0,0
3147,19.4956015,51.8408533,0.52,0,0,0,0
3148,19.4955768,51.8386049,0.52,0,0,0,0
3149,19.4955521,51.8363565,0.52,0,0,0,0
3150,19.4955274,51.8341081,0.52,0,0,0,0
3151,19.4955028,51.8318597,0.52,0,0,0,0
3152,19.4954781,51.8296113,0.52,0,0,0,0
3153,19.4954534,51.8273629,0.52,0,0,0,0
3154,19.4954288,51.8251145,4.48,0,0,0,0
3155,19.4954041,51.8228661,7.35,0,0,0,0
3156,19.4953794,51.8206177,7.68,0,0,0,0
3157,19.4953548,51.8183693,18.13,0,0,0,0
3158,19.4953301,51.8161209,18.13,0,0,0,0
3159,19.4953055,51.8138725,37.11,0,0,0,0
3160,19.4952808,51.8116241,23.06,0,0,0,0
3161,19.4952562,51.8093757,36.78,0,0,0,0
3162,19.4952315,51.8071273,39.96,0,0,0,0
3163,19.4952069,51.8048789,66.13,0,0,0,0
3164,19.4951823,51.8026305,19.63,0,0,0,0
3165,19.4951576,51.8003821,35.52,0,0,0,0
3166,19.4951330,51.7981337,70.73,0,0,0,0
3167,19.4951084,51.7958853,81.47,0,0,0,0
3168,19.4950838,51.7936369,46.85,0,0,0,0
3169,19.4950591,51.7913885,34.83,0,0,0,0
3170,19.4950345,51.7891401,47.56,0,0,0,0
3171,19.4950099,51.7868916,25.99,0,0,0,0
3172,19.4949853,51.7846432,25.99,0,0,0,0
3173,19.4949607,51.7823948,26.96,0,0,0,0
3174,19.4949361,51.7801464,157.55,0,0,0,0
3175,19.4949115,51.7778980,93.41,0,0,0,0
3176,19.4948869,51.7756496,65.68,0,0,0,0
3177,19.4948623,51.7734011,451.32,0,0,0,0
3178,19.4948377,51.7711527,156.72,0,0,0,0
3179,19.4948131,51.7689043,26.54,0,0,0,0
3180,19.4947885,51.7666559,0.0,0,0,0,0
3181,19.4947640,51.7644075,0.0,0,0,0,0
3182,19.4947394,51.7621591,416.0,0,0,0,0
3183,19.4947148,51.7599106,513.36,0,0,0,0
3184,19.4946902,51.7576622,27.37,0,0,0,0
3185,19.4946657,51.7554138,27.37,0,0,0,0
3186,19.4946411,51.7531654,43.91,0,0,0,0
3187,19.4946165,51.7509169,121.51,0,0,0,0
3188,19.4945920,51.7486685,349.6,0,0,0,0
3189,19.4945674,51.7464201,1170.14,0,0,0,0
3190,19.4945429,51.7441716,883.1,0,0,0,0
3191,19.4945183,51.7419232,842.5,0,0,0,0
3192,19.4944938,51.7396748,867.81,0,0,0,0
3193,19.4944693,51.7374264,462.3,0,0,0,0
3194,19.4944447,51.7351779,542.2,0,0,0,0
3195,19.4944202,51.7329295,686.64,0,0,0,0
3196,19.4943956,51.7306811,970.7,0,0,0,0
3197,19.4943711,51.7284326,670.86,0,0,0,0
3198,19.4943466,51.7261842,73.28,0,0,0,0
3199,19.4943221,51.7239358,166.38,0,0,0,0
3200,19.4942975,51.7216873,621.39,0,0,0,0
3201,19.4942730,51.7194389,526.35,0,0,0,0
3202,19.4942485,51.7171904,886.88,0,0,0,0
3203,19.4942240,51.7149420,849.82,0,0,0,0
3204,19.4941995,51.7126936,109.65,0,0,0,0
3205,19.4941750,51.7104451,11.64,0,0,0,0
3206,19.4941505,51.7081967,11.41,0,0,0,0
3207,19.4941260,51.7059482,7.79,0,0,0,0
3208,19.4941015,51.7036998,7.08,0,0,0,0
3209,19.4940770,51.7014513,7.15,0,0,0,0
3210,19.4940525,51.6992029,6.62,0,0,0,0
3211,19.4989314,51.8577029,0.33,0,0,0,0
3212,19.4989065,51.8554545,0.52,0,0,0,0
3213,19.4988816,51.8532061,0.52,0,0,0,0
3214,19.4988568,51.8509577,0.52,0,0,0,0
3215,19.4988319,51.8487094,0.52,0,0,0,0
3216,19.4988070,51.8464610,0.52,0,0,0,0
3217,19.4987822,51.8442126,0.52,0,0,0,0
3218,19.4987574,51.8419642,0.52,0,0,0,0
3219,19.4987325,51.8397158,0.52,0,0,0,0
3220,19.4987077,51.8374674,0.52,0,0,0,0
3221,19.4986828,51.8352190,0.52,0,0,0,0
3222,19.4986580,51.8329706,0.52,0,0,0,0
3223,19.4986332,51.8307222,0.52,0,0,0,0
3224,19.4986083,51.8284738,0.52,0,0,0,0
3225,19.4985835,51.8262254,0.54,0,0,0,0
3226,19.4985587,51.8239770,6.88,0,0,0,0
3227,19.4985339,51.8217286,7.35,0,0,0,0
3228,19.4985091,51.8194802,20.32,0,0,0,0
3229,19.4984842,51.8172319,18.13,0,0,0,0
3230,19.4984594,51.8149835,103.12,0,0,0,0
3231,19.4984346,51.8127351,101.32,0,0,0,0
3232,19.4984098,51.8104866,38.92,0,0,0,0
3233,19.4983850,51.8082382,39.76,0,0,0,0
3234,19.4983602,51.8059898,25.31,0,0,0,0
3235,19.4983354,51.8037414,9.41,0,0,0,0
3236,19.4983106,51.8014930,9.41,0,0,0,0
3237,19.4982859,51.7992446,9.41,0,0,0,0
3238,19.4982611,51.7969962,9.41,0,0,0,0
3239,19.4982363,51.7947478,35.18,0,0,0,0
3240,19.4982115,51.7924994,28.19,0,0,0,0
3241,19.4981867,51.7902510,66.94,0,0,0,0
3242,19.4981620,51.7880026,25.99,0,0,0,0
3243,19.4981372,51.7857542,25.99,0,0,0,0
3244,19.4981124,51.7835058,26.23,0,0,0,0
3245,19.4980877,51.7812573,34.28,0,0,0,0
3246,19.4980629,51.7790089,129.6,0,0,0,0
3247,19.4980382,51.7767605,162.97,0,0,0,0
3248,19.4980134,51.7745121,412.28,0,0,0,0
3249,19.4979887,51.7722637,373.53,0,0,0,0
3250,19.4979639,51.7700153,81.64,0,0,0,0
3251,19.4979392,51.7677669,15.47,0,0,0,0
3252,19.4979145,51.7655184,3.98,0,0,0,0
3253,19.4978897,51.7632700,4.35,0,0,0,0
3254,19.4978650,51.7610216,113.74,0,0,0,0
3255,19.4978403,51.7587732,15.05,0,0,0,0
3256,19.4978155,51.7565247,22.31,0,0,0,0
3257,19.4977908,51.7542763,26.69,0,0,0,0
3258,19.4977661,51.7520279,236.52,0,0,0,0
3259,19.4977414,51.7497795,263.26,0,0,0,0
3260,19.4977167,51.7475310,1175.62,0,0,0,0
3261,19.4976920,51.7452826,992.44,0,0,0,0
3262,19.4976673,51.7430342,641.31,0,0,0,0
3263,19.4976426,51.7407858,978.92,0,0,0,0
3264,19.4976179,51.7385373,969.51,0,0,0,0
3265,19.4975932,51.7362889,1551.85,0,0,0,0
3266,19.4975685,51.7340405,1123.67,0,0,0,0
3267,19.4975438,51.7317920,1350.12,0,0,0,0
3268,19.4975191,51.7295436,1437.14,0,0,0,0
3269,19.4974944,51.7272952,133.91,0,0,0,0
3270,19.4974697,51.7250467,112.36,0,0,0,0
3271,19.4974451,51.7227983,824.16,0,0,0,0
3272,19.4974204,51.7205499,678.97,0,0,0,0
3273,19.4973957,51.7183014,141.75,0,0,0,0
3274,19.4973710,51.7160530,291.78,0,0,0,0
3275,19.4973464,51.7138046,160.47,0,0,0,0
3276,19.4973217,51.7115561,12.95,0,0,0,0
3277,19.4972971,51.7093077,12.95,0,0,0,0
3278,19.4972724,51.7070592,11.08,0,0,0,0
3279,19.4972478,51.7048108,6.23,0,0,0,0
3280,19.4972231,51.7025623,6.23,0,0,0,0
3281,19.4971985,51.7003139,6.23,0,0,0,0
3282,19.4971738,51.6980655,3.6,0,0,0,0
3283,19.5020885,51.8588137,0.28,0,0,0,0
3284,19.5020635,51.8565653,0.52,0,0,0,0
3285,19.5020384,51.8543169,0.52,0,0,0,0
3286,19.5020134,51.8520686,0.52,0,0,0,0
3287,19.5019884,51.8498202,1.02,0,0,0,0
3288,19.5019634,51.8475718,2.98,0,0,0,0
3289,19.5019384,51.8453234,5.5,0,0,0,0
3290,19.5019134,51.8430750,7.71,0,0,0,0
3291,19.5018884,51.8408266,10.15,0,0,0,0
3292,19.5018634,51.8385782,11.11,0,0,0,0
3293,19.5018384,51.8363298,0.54,0,0,0,0
3294,19.5018134,51.8340815,0.52,0,0,0,0
3295,19.5017884,51.8318331,0.52,0,0,0,0
3296,19.5017634,51.8295847,0.52,0,0,0,0
3297,19.5017384,51.8273363,0.52,0,0,0,0
3298,19.5017134,51.8250879,0.86,0,0,0,0
3299,19.5016885,51.8228395,7.33,0,0,0,0
3300,19.5016635,51.8205911,8.08,0,0,0,0
3301,19.5016385,51.8183427,18.13,0,0,0,0
3302,19.5016136,51.8160943,18.13,0,0,0,0
3303,19.5015886,51.8138459,132.98,0,0,0,0
3304,19.5015636,51.8115975,53.96,0,0,0,0
3305,19.5015387,51.8093491,31.08,0,0,0,0
3306,19.5015137,51.8071007,16.99,0,0,0,0
3307,19.5014888,51.8048523,9.41,0,0,0,0
3308,19.5014638,51.8026039,9.41,0,0,0,0
3309,19.5014389,51.8003555,9.41,0,0,0,0
3310,19.5014139,51.7981071,9.41,0,0,0,0
3311,19.5013890,51.7958587,15.27,0,0,0,0
3312,19.5013641,51.7936103,21.55,0,0,0,0
3313,19.5013391,51.7913619,37.69,0,0,0,0
3314,19.5013142,51.7891134,29.1,0,0,0,0
3315,19.5012893,51.7868650,24.07,0,0,0,0
3316,19.5012644,51.7846166,23.9,0,0,0,0
3317,19.5012394,51.7823682,46.56,0,0,0,0
3318,19.5012145,51.7801198,309.6,0,0,0,0
3319,19.5011896,51.7778714,19.55,0,0,0,0
3320,19.5011647,51.7756230,14.14,0,0,0,0
3321,19.5011398,51.7733746,14.14,0,0,0,0
3322,19.5011149,51.7711261,28.84,0,0,0,0
3323,19.5010900,51.7688777,27.08,0,0,0,0
3324,19.5010651,51.7666293,342.36,0,0,0,0
3325,19.5010402,51.7643809,729.54,0,0,0,0
3326,19.5010153,51.7621325,60.98,0,0,0,0
3327,19.5009904,51.7598840,0.55,0,0,0,0
3328,19.5009656,51.7576356,0.55,0,0,0,0
3329,19.5009407,51.7553872,1.02,0,0,0,0
3330,19.5009158,51.7531388,111.78,0,0,0,0
3331,19.5008909,51.7508904,87.65,0,0,0,0
3332,19.5008661,51.7486419,559.53,0,0,0,0
3333,19.5008412,51.7463935,973.65,0,0,0,0
3334,19.5008163,51.7441451,402.68,0,0,0,0
3335,19.5007915,51.7418967,852.23,0,0,0,0
3336,19.5007666,51.7396482,1194.67,0,0,0,0
3337,19.5007418,51.7373998,1312.14,0,0,0,0
3338,19.5007169,51.7351514,965.21,0,0,0,0
3339,19.5006921,51.7329029,1130.79,0,0,0,0
3340,19.5006672,51.7306545,906.97,0,0,0,0
3341,19.5006424,51.7284061,639.09,0,0,0,0
3342,19.5006175,51.7261576,24.58,0,0,0,0
3343,19.5005927,51.7239092,515.93,0,0,0,0
3344,19.5005679,51.7216608,622.71,0,0,0,0
3345,19.5005431,51.7194123,119.8,0,0,0,0
3346,19.5005182,51.7171639,58.98,0,0,0,0
3347,19.5004934,51.7149155,56.96,0,0,0,0
3348,19.5004686,51.7126670,13.22,0,0,0,0
3349,19.5004438,51.7104186,12.95,0,0,0,0
3350,19.5004190,51.7081701,12.95,0,0,0,0
3351,19.5003942,51.7059217,7.13,0,0,0,0
3352,19.5003694,51.7036733,6.23,0,0,0,0
3353,19.5003446,51.7014248,6.23,0,0,0,0
3354,19.5003198,51.6991764,6.23,0,0,0,0
3355,19.5002950,51.6969279,0.89,0,0,0,0
3356,19.5052458,51.8599244,0.15,0,0,0,0
3357,19.5052206,51.8576761,0.52,0,0,0,0
3358,19.5051954,51.8554277,0.52,0,0,0,0
3359,19.5051702,51.8531793,0.52,0,0,0,0
3360,19.5051450,51.8509309,0.85,0,0,0,0
3361,19.5051199,51.8486825,13.39,0,0,0,0
3362,19.5050947,51.8464341,13.72,0,0,0,0
3363,19.5050695,51.8441858,13.72,0,0,0,0
3364,19.5050444,51.8419374,13.72,0,0,0,0
3365,19.5050192,51.8396890,13.15,0,0,0,0
3366,19.5049941,51.8374406,3.68,0,0,0,0
3367,19.5049689,51.8351922,0.52,0,0,0,0
3368,19.5049438,51.8329438,0.52,0,0,0,0
3369,19.5049186,51.8306954,0.52,0,0,0,0
3370,19.5048935,51.8284470,0.52,0,0,0,0
3371,19.5048683,51.8261986,0.52,0,0,0,0
3372,19.5048432,51.8239502,1.84,0,0,0,0
3373,19.5048181,51.8217018,7.35,0,0,0,0
3374,19.5047929,51.8194534,11.81,0,0,0,0
3375,19.5047678,51.8172050,16.03,0,0,0,0
3376,19.5047427,51.8149567,17.3,0,0,0,0
3377,19.5047176,51.8127083,18.46,0,0,0,0
3378,19.5046925,51.8104599,12.83,0,0,0,0
3379,19.5046674,51.8082115,12.31,0,0,0,0
3380,19.5046422,51.8059631,9.41,0,0,0,0
3381,19.5046171,51.8037147,9.41,0,0,0,0
3382,19.5045920,51.8014662,9.41,0,0,0,0
3383,19.5045669,51.7992178,9.41,0,0,0,0
3384,19.5045418,51.7969694,11.7,0,0,0,0
3385,19.5045168,51.7947210,21.55,0,0,0,0
3386,19.5044917,51.7924726,21.55,0,0,0,0
3387,19.5044666,51.7902242,19.84,0,0,0,0
3388,19.5044415,51.7879758,18.02,0,0,0,0
3389,19.5044164,51.7857274,18.02,0,0,0,0
3390,19.5043913,51.7834790,22.44,0,0,0,0
3391,19.5043663,51.7812306,93.4,0,0,0,0
3392,19.5043412,51.7789822,24.01,0,0,0,0
3393,19.5043161,51.7767338,14.14,0,0,0,0
3394,19.5042911,51.7744853,14.14,0,0,0,0
3395,19.5042660,51.7722369,15.3,0,0,0,0
3396,19.5042410,51.7699885,27.08,0,0,0,0
3397,19.5042159,51.7677401,133.53,0,0,0,0
3398,19.5041909,51.7654917,573.1,0,0,0,0
3399,19.5041658,51.7632433,273.44,0,0,0,0
3400,19.5041408,51.7609948,0.55,0,0,0,0
3401,19.5041157,51.7587464,0.55,0,0,0,0
3402,19.5040907,51.7564980,0.55,0,0,0,0
3403,19.5040657,51.7542496,0.55,0,0,0,0
3404,19.5040406,51.7520012,0.55,0,0,0,0
3405,19.5040156,51.7497527,51.48,0,0,0,0
3406,19.5039906,51.7475043,305.76,0,0,0,0
3407,19.5039656,51.7452559,421.71,0,0,0,0
3408,19.5039405,51.7430075,396.26,0,0,0,0
3409,19.5039155,51.7407590,971.8,0,0,0,0
3410,19.5038905,51.7385106,1006.66,0,0,0,0
3411,19.5038655,51.7362622,597.49,0,0,0,0
3412,19.5038405,51.7340138,1310.23,0,0,0,0
3413,19.5038155,51.7317653,869.01,0,0,0,0
3414,19.5037905,51.7295169,220.95,0,0,0,0
3415,19.5037655,51.7272685,22.25,0,0,0,0
3416,19.5037405,51.7250200,27.57,0,0,0,0
3417,19.5037155,51.7227716,147.06,0,0,0,0
3418,19.5036906,51.7205232,127.93,0,0,0,0
3419,19.5036656,51.7182747,58.33,0,0,0,0
3420,19.5036406,51.7160263,58.98,0,0,0,0
3421,19.5036156,51.7137778,19.31,0,0,0,0
3422,19.5035906,51.7115294,12.95,0,0,0,0
3423,19.5035657,51.7092810,12.95,0,0,0,0
3424,19.5035407,51.7070325,11.65,0,0,0,0
3425,19.5035158,51.7047841,6.23,0,0,0,0
3426,19.5034908,51.7025357,6.23,0,0,0,0
3427,19.5034658,51.7002872,6.23,0,0,0,0
3428,19.5034409,51.6980388,4.7,0,0,0,0
3429,19.5083778,51.8587867,0.11,0,0,0,0
3430,19.5083525,51.8565383,0.34,0,0,0,0
3431,19.5083272,51.8542899,0.52,0,0,0,0
3432,19.5083018,51.8520416,0.52,0,0,0,0
3433,19.5082765,51.8497932,2.92,0,0,0,0
3434,19.5082512,51.8475448,13.72,0,0,0,0
3435,19.5082259,51.8452964,13.72,0,0,0,0
3436,19.5082005,51.8430480,13.72,0,0,0,0
3437,19.5081752,51.8407996,8.7,0,0,0,0
3438,19.5081499,51.8385512,0.52,0,0,0,0
3439,19.5081246,51.8363029,0.52,0,0,0,0
3440,19.5080993,51.8340545,0.52,0,0,0,0
3441,19.5080740,51.8318061,0.52,0,0,0,0
3442,19.5080487,51.8295577,0.52,0,0,0,0
3443,19.5080234,51.8273093,0.52,0,0,0,0
3444,19.5079981,51.8250609,0.52,0,0,0,0
3445,19.5079728,51.8228125,1.37,0,0,0,0
3446,19.5079475,51.8205641,7.93,0,0,0,0
3447,19.5079223,51.8183157,12.71,0,0,0,0
3448,19.5078970,51.8160673,12.83,0,0,0,0
3449,19.5078717,51.8138189,12.83,0,0,0,0
3450,19.5078464,51.8115705,12.83,0,0,0,0
3451,19.5078212,51.8093221,12.83,0,0,0,0
3452,19.5077959,51.8070737,10.73,0,0,0,0
3453,19.5077706,51.8048253,9.65,0,0,0,0
3454,19.5077454,51.8025769,9.49,0,0,0,0
3455,19.5077201,51.8003285,9.41,0,0,0,0
3456,19.5076949,51.7980801,9.41,0,0,0,0
3457,19.5076696,51.7958317,19.67,0,0,0,0
3458,19.5076444,51.7935833,21.55,0,0,0,0
3459,19.5076191,51.7913349,20.94,0,0,0,0
3460,19.5075939,51.7890865,18.02,0,0,0,0
3461,19.5075686,51.7868381,18.02,0,0,0,0
3462,19.5075434,51.7845897,18.02,0,0,0,0
3463,19.5075182,51.7823413,39.51,0,0,0,0
3464,19.5074930,51.7800929,56.04,0,0,0,0
3465,19.5074677,51.7778445,31.91,0,0,0,0
3466,19.5074425,51.7755960,14.14,0,0,0,0
3467,19.5074173,51.7733476,14.16,0,0,0,0
3468,19.5073921,51.7710992,25.91,0,0,0,0
3469,19.5073669,51.7688508,27.08,0,0,0,0
3470,19.5073417,51.7666024,451.17,0,0,0,0
3471,19.5073165,51.7643540,883.49,0,0,0,0
3472,19.5072913,51.7621056,27.64,0,0,0,0
3473,19.5072661,51.7598571,0.55,0,0,0,0
3474,19.5072409,51.7576087,0.55,0,0,0,0
3475,19.5072157,51.7553603,0.55,0,0,0,0
3476,19.5071905,51.7531119,0.55,0,0,0,0
3477,19.5071653,51.7508635,0.55,0,0,0,0
3478,19.5071401,51.7486150,415.62,0,0,0,0
3479,19.5071149,51.7463666,617.96,0,0,0,0
3480,19.5070898,51.7441182,37.76,0,0,0,0
3481,19.5070646,51.7418698,41.1,0,0,0,0
3482,19.5070394,51.7396213,64.04,0,0,0,0
3483,19.5070143,51.7373729,60.44,0,0,0,0
3484,19.5069891,51.7351245,22.46,0,0,0,0
3485,19.5069639,51.7328761,22.25,0,0,0,0
3486,19.5069388,51.7306276,22.25,0,0,0,0
3487,19.5069136,51.7283792,22.18,0,0,0,0
3488,19.5068885,51.7261308,20.5,0,0,0,0
3489,19.5068633,51.7238823,24.43,0,0,0,0
3490,19.5068382,51.7216339,31.77,0,0,0,0
3491,19.5068131,51.7193855,32.15,0,0,0,0
3492,19.5067879,51.7171370,36.88,0,0,0,0
3493,19.5067628,51.7148886,27.48,0,0,0,0
3494,19.5067377,51.7126402,12.95,0,0,0,0
3495,19.5067125,51.7103917,12.95,0,0,0,0
3496,19.5066874,51.7081433,12.95,0,0,0,0
3497,19.5066623,51.7058948,7.82,0,0,0,0
3498,19.5066372,51.7036464,6.23,0,0,0,0
3499,19.5066121,51.7013980,6.23,0,0,0,0
3500,19.5065870,51.6991495,6.23,0,0,0,0
3501,19.5065619,51.6969011,0.62,0,0,0,0
3502,19.5114843,51.8554005,0.01,0,0,0,0
3503,19.5114588,51.8531521,0.25,0,0,0,0
3504,19.5114333,51.8509037,0.51,0,0,0,0
3505,19.5114078,51.8486554,8.77,0,0,0,0
3506,19.5113823,51.8464070,13.29,0,0,0,0
3507,19.5113569,51.8441586,12.86,0,0,0,0
3508,19.5113314,51.8419102,11.23,0,0,0,0
3509,19.5113059,51.8396618,1.62,0,0,0,0
3510,19.5112805,51.8374134,0.52,0,0,0,0
3511,19.5112550,51.8351650,0.52,0,0,0,0
3512,19.5112295,51.8329167,0.52,0,0,0,0
3513,19.5112041,51.8306683,0.52,0,0,0,0
3514,19.5111786,51.8284199,0.54,0,0,0,0
3515,19.5111532,51.8261715,1.0,0,0,0,0
3516,19.5111277,51.8239231,0.74,0,0,0,0
3517,19.5111023,51.8216747,3.45,0,0,0,0
3518,19.5110768,51.8194263,12.83,0,0,0,0
3519,19.5110514,51.8171779,12.83,0,0,0,0
3520,19.5110260,51.8149295,12.83,0,0,0,0
3521,19.5110005,51.8126811,12.83,0,0,0,0
3522,19.5109751,51.8104327,12.83,0,0,0,0
3523,19.5109497,51.8081843,12.81,0,0,0,0
3524,19.5109243,51.8059359,9.92,0,0,0,0
3525,19.5108988,51.8036875,9.92,0,0,0,0
3526,19.5108734,51.8014391,8.21,0,0,0,0
3527,19.5108480,51.7991907,8.26,0,0,0,0
3528,19.5108226,51.7969423,13.44,0,0,0,0
3529,19.5107972,51.7946939,21.55,0,0,0,0
3530,19.5107718,51.7924455,21.55,0,0,0,0
3531,19.5107464,51.7901971,18.38,0,0,0,0
3532,19.5107210,51.7879487,18.02,0,0,0,0
3533,19.5106956,51.7857003,18.02,0,0,0,0
3534,19.5106702,51.7834519,18.02,0,0,0,0
3535,19.5106448,51.7812035,54.56,0,0,0,0
3536,19.5106195,51.7789551,55.02,0,0,0,0
3537,19.5105941,51.7767067,27.36,0,0,0,0
3538,19.5105687,51.7744582,14.71,0,0,0,0
3539,19.5105433,51.7722098,74.27,0,0,0,0
3540,19.5105180,51.7699614,89.43,0,0,0,0
3541,19.5104926,51.7677130,81.81,0,0,0,0
3542,19.5104673,51.7654646,441.58,0,0,0,0
3543,19.5104419,51.7632162,194.85,0,0,0,0
3544,19.5104165,51.7609678,45.21,0,0,0,0
3545,19.5103912,51.7587193,35.52,0,0,0,0
3546,19.5103658,51.7564709,24.78,0,0,0,0
3547,19.5103405,51.7542225,7.79,0,0,0,0
3548,19.5103152,51.7519741,0.55,0,0,0,0
3549,19.5102898,51.7497257,30.54,0,0,0,0
3550,19.5102645,51.7474772,232.94,0,0,0,0
3551,19.5102391,51.7452288,39.1,0,0,0,0
3552,19.5102138,51.7429804,37.76,0,0,0,0
3553,19.5101885,51.7407320,50.04,0,0,0,0
3554,19.5101632,51.7384835,53.62,0,0,0,0
3555,19.5101379,51.7362351,26.51,0,0,0,0
3556,19.5101125,51.7339867,16.09,0,0,0,0
3557,19.5100872,51.7317383,13.36,0,0,0,0
3558,19.5100619,51.7294898,15.06,0,0,0,0
3559,19.5100366,51.7272414,19.73,0,0,0,0
3560,19.5100113,51.7249930,19.7,0,0,0,0
3561,19.5099860,51.7227445,36.69,0,0,0,0
3562,19.5099607,51.7204961,31.77,0,0,0,0
3563,19.5099354,51.7182477,31.77,0,0,0,0
3564,19.5099101,51.7159992,30.94,0,0,0,0
3565,19.5098849,51.7137508,10.67,0,0,0,0
3566,19.5098596,51.7115024,10.69,0,0,0,0
3567,19.5098343,51.7092539,10.71,0,0,0,0
3568,19.5098090,51.7070055,10.43,0,0,0,0
3569,19.5097837,51.7047571,8.76,0,0,0,0
3570,19.5097585,51.7025086,8.69,0,0,0,0
3571,19.5097332,51.7002602,8.64,0,0,0,0
3572,19.5097079,51.6980117,5.61,0,0,0,0
3573,19.5145646,51.8497658,1.52,0,0,0,0
3574,19.5145390,51.8475175,11.89,0,0,0,0
3575,19.5145133,51.8452691,11.88,0,0,0,0
3576,19.5144877,51.8430207,11.88,0,0,0,0
3577,19.5144621,51.8407723,11.88,0,0,0,0
3578,19.5144365,51.8385239,4.53,0,0,0,0
3579,19.5144108,51.8362755,3.09,0,0,0,0
3580,19.5143852,51.8340272,4.16,0,0,0,0
3581,19.5143596,51.8317788,5.21,0,0,0,0
3582,19.5143340,51.8295304,6.29,0,0,0,0
3583,19.5143084,51.8272820,7.27,0,0,0,0
3584,19.5142828,51.8250336,7.22,0,0,0,0
3585,19.5142572,51.8227852,5.0,0,0,0,0
3586,19.5142316,51.8205368,12.83,0,0,0,0
3587,19.5142060,51.8182884,12.83,0,0,0,0
3588,19.5141804,51.8160400,12.83,0,0,0,0
3589,19.5141548,51.8137916,12.83,0,0,0,0
3590,19.5141292,51.8115432,12.83,0,0,0,0
3591,19.5141036,51.8092948,12.83,0,0,0,0
3592,19.5140780,51.8070464,10.83,0,0,0,0
3593,19.5140525,51.8047980,9.92,0,0,0,0
3594,19.5140269,51.8025496,9.92,0,0,0,0
3595,19.5140013,51.8003012,9.73,0,0,0,0
3596,19.5139758,51.7980528,9.92,0,0,0,0
3597,19.5139502,51.7958044,20.83,0,0,0,0
3598,19.5139246,51.7935560,21.55,0,0,0,0
3599,19.5138991,51.7913076,19.92,0,0,0,0
3600,19.5138735,51.7890592,18.02,0,0,0,0
3601,19.5138480,51.7868108,18.02,0,0,0,0
3602,19.5138224,51.7845624,18.02,0,0,0,0
3603,19.5137969,51.7823140,78.29,0,0,0,0
3604,19.5137714,51.7800656,99.82,0,0,0,0
3605,19.5137458,51.7778172,28.86,0,0,0,0
3606,19.5137203,51.7755688,32.33,0,0,0,0
3607,19.5136948,51.7733204,70.93,0,0,0,0
3608,19.5136692,51.7710720,179.47,0,0,0,0
3609,19.5136437,51.7688235,251.18,0,0,0,0
3610,19.5136182,51.7665751,73.7,0,0,0,0
3611,19.5135927,51.7643267,19.5,0,0,0,0
3612,19.5135672,51.7620783,49.75,0,0,0,0
3613,19.5135417,51.7598299,55.25,0,0,0,0
3614,19.5135162,51.7575815,67.09,0,0,0,0
3615,19.5134907,51.7553331,69.4,0,0,0,0
3616,19.5134652,51.7530846,31.16,0,0,0,0
3617,19.5134397,51.7508362,32.03,0,0,0,0
3618,19.5134142,51.7485878,26.73,0,0,0,0
3619,19.5133887,51.7463394,25.2,0,0,0,0
3620,19.5133632,51.7440910,23.65,0,0,0,0
3621,19.5133377,51.7418425,21.62,0,0,0,0
3622,19.5133122,51.7395941,13.44,0,0,0,0
3623,19.5132868,51.7373457,13.0,0,0,0,0
3624,19.5132613,51.7350973,9.14,0,0,0,0
3625,19.5132358,51.7328488,6.95,0,0,0,0
3626,19.5132104,51.7306004,6.95,0,0,0,0
3627,19.5131849,51.7283520,17.87,0,0,0,0
3628,19.5131594,51.7261035,19.7,0,0,0,0
3629,19.5131340,51.7238551,19.8,0,0,0,0
3630,19.5131085,51.7216067,31.41,0,0,0,0
3631,19.5130831,51.7193583,31.77,0,0,0,0
3632,19.5130576,51.7171098,25.68,0,0,0,0
3633,19.5130322,51.7148614,11.93,0,0,0,0
3634,19.5130067,51.7126130,9.88,0,0,0,0
3635,19.5129813,51.7103645,9.88,0,0,0,0
3636,19.5129559,51.7081161,9.88,0,0,0,0
3637,19.5129304,51.7058676,10.91,0,0,0,0
3638,19.5129050,51.7036192,11.45,0,0,0,0
3639,19.5128796,51.7013708,9.67,0,0,0,0
3640,19.5128542,51.6991223,9.73,0,0,0,0
3641,19.5128288,51.6968739,3.4,0,0,0,0
3642,19.5128034,51.6946254,1.73,0,0,0,0
3643,19.5127779,51.6923770,0.2,0,0,0,0
3644,19.5176958,51.8486279,8.77,0,0,0,0
3645,19.5176700,51.8463795,11.88,0,0,0,0
3646,19.5176442,51.8441311,11.88,0,0,0,0
3647,19.5176184,51.8418827,11.48,0,0,0,0
3648,19.5175926,51.8396343,9.5,0,0,0,0
3649,19.5175668,51.8373859,8.71,0,0,0,0
3650,19.5175411,51.8351376,7.79,0,0,0,0
3651,19.5175153,51.8328892,7.79,0,0,0,0
3652,19.5174895,51.8306408,7.79,0,0,0,0
3653,19.5174637,51.8283924,7.79,0,0,0,0
3654,19.5174380,51.8261440,7.79,0,0,0,0
3655,19.5174122,51.8238956,10.11,0,0,0,0
3656,19.5173865,51.8216472,12.83,0,0,0,0
3657,19.5173607,51.8193988,12.83,0,0,0,0
3658,19.5173350,51.8171504,12.83,0,0,0,0
3659,19.5173092,51.8149020,12.83,0,0,0,0
3660,19.5172835,51.8126537,12.83,0,0,0,0
3661,19.5172577,51.8104053,12.79,0,0,0,0
3662,19.5172320,51.8081569,9.83,0,0,0,0
3663,19.5172063,51.8059085,9.92,0,0,0,0
3664,19.5171805,51.8036601,9.92,0,0,0,0
3665,19.5171548,51.8014117,9.92,0,0,0,0
3666,19.5171291,51.7991633,9.92,0,0,0,0
3667,19.5171034,51.7969149,42.86,0,0,0,0
3668,19.5170776,51.7946665,60.62,0,0,0,0
3669,19.5170519,51.7924181,82.02,0,0,0,0
3670,19.5170262,51.7901697,18.02,0,0,0,0
3671,19.5170005,51.7879213,18.02,0,0,0,0
3672,19.5169748,51.7856729,18.06,0,0,0,0
3673,19.5169491,51.7834244,130.61,0,0,0,0
3674,19.5169234,51.7811760,182.24,0,0,0,0
3675,19.5168977,51.7789276,71.39,0,0,0,0
3676,19.5168720,51.7766792,28.65,0,0,0,0
3677,19.5168463,51.7744308,59.56,0,0,0,0
3678,19.5168207,51.7721824,96.94,0,0,0,0
3679,19.5167950,51.7699340,88.47,0,0,0,0
3680,19.5167693,51.7676856,113.17,0,0,0,0
3681,19.5167436,51.7654372,25.28,0,0,0,0
3682,19.5167180,51.7631888,50.77,0,0,0,0
3683,19.5166923,51.7609403,103.24,0,0,0,0
3684,19.5166666,51.7586919,134.87,0,0,0,0
3685,19.5166410,51.7564435,154.48,0,0,0,0
3686,19.5166153,51.7541951,84.12,0,0,0,0
3687,19.5165897,51.7519467,70.55,0,0,0,0
3688,19.5165640,51.7496983,19.78,0,0,0,0
3689,19.5165384,51.7474498,18.53,0,0,0,0
3690,19.5165127,51.7452014,18.53,0,0,0,0
3691,19.5164871,51.7429530,18.53,0,0,0,0
3692,19.5164614,51.7407046,14.15,0,0,0,0
3693,19.5164358,51.7384562,13.0,0,0,0,0
3694,19.5164102,51.7362077,12.69,0,0,0,0
3695,19.5163846,51.7339593,6.95,0,0,0,0
3696,19.5163589,51.7317109,6.95,0,0,0,0
3697,19.5163333,51.7294625,9.2,0,0,0,0
3698,19.5163077,51.7272140,19.7,0,0,0,0
3699,19.5162821,51.7249656,19.7,0,0,0,0
3700,19.5162565,51.7227172,21.79,0,0,0,0
3701,19.5162309,51.7204687,31.77,0,0,0,0
3702,19.5162053,51.7182203,30.15,0,0,0,0
3703,19.5161797,51.7159719,8.01,0,0,0,0
3704,19.5161541,51.7137234,6.76,0,0,0,0
3705,19.5161285,51.7114750,7.08,0,0,0,0
3706,19.5161029,51.7092266,13.09,0,0,0,0
3707,19.5160773,51.7069781,16.7,0,0,0,0
3708,19.5160517,51.7047297,17.37,0,0,0,0
3709,19.5160261,51.7024813,11.27,0,0,0,0
3710,19.5160006,51.7002328,8.69,0,0,0,0
3711,19.5159750,51.6979844,8.71,0,0,0,0
3712,19.5159494,51.6957359,8.69,0,0,0,0
3713,19.5159239,51.6934875,7.91,0,0,0,0
3714,19.5208527,51.8497382,0.02,0,0,0,0
3715,19.5208268,51.8474898,11.17,0,0,0,0
3716,19.5208008,51.8452414,11.88,0,0,0,0
3717,19.5207749,51.8429930,10.64,0,0,0,0
3718,19.5207489,51.8407446,9.29,0,0,0,0
3719,19.5207230,51.8384963,9.29,0,0,0,0
3720,19.5206971,51.8362479,9.14,0,0,0,0
3721,19.5206711,51.8339995,7.96,0,0,0,0
3722,19.5206452,51.8317511,7.79,0,0,0,0
3723,19.5206193,51.8295027,7.79,0,0,0,0
3724,19.5205933,51.8272543,7.79,0,0,0,0
3725,19.5205674,51.8250059,10.74,0,0,0,0
3726,19.5205415,51.8227576,12.83,0,0,0,0
3727,19.5205156,51.8205092,12.83,0,0,0,0
3728,19.5204897,51.8182608,12.83,0,0,0,0
3729,19.5204638,51.8160124,12.83,0,0,0,0
3730,19.5204379,51.8137640,12.83,0,0,0,0
3731,19.5204120,51.8115156,10.87,0,0,0,0
3732,19.5203861,51.8092672,7.3,0,0,0,0
3733,19.5203602,51.8070188,9.37,0,0,0,0
3734,19.5203343,51.8047704,9.92,0,0,0,0
3735,19.5203084,51.8025220,9.92,0,0,0,0
3736,19.5202825,51.8002736,9.92,0,0,0,0
3737,19.5202567,51.7980252,10.5,0,0,0,0
3738,19.5202308,51.7957768,110.5,0,0,0,0
3739,19.5202049,51.7935284,115.51,0,0,0,0
3740,19.5201791,51.7912800,58.81,0,0,0,0
3741,19.5201532,51.7890316,18.02,0,0,0,0
3742,19.5201273,51.7867832,18.02,0,0,0,0
3743,19.5201015,51.7845348,132.01,0,0,0,0
3744,19.5200756,51.7822864,121.42,0,0,0,0
3745,19.5200498,51.7800380,113.95,0,0,0,0
3746,19.5200239,51.7777896,38.05,0,0,0,0
3747,19.5199981,51.7755412,32.68,0,0,0,0
3748,19.5199722,51.7732928,27.35,0,0,0,0
3749,19.5199464,51.7710444,21.93,0,0,0,0
3750,19.5199206,51.7687960,58.64,0,0,0,0
3751,19.5198947,51.7665475,71.23,0,0,0,0
3752,19.5198689,51.7642991,33.18,0,0,0,0
3753,19.5198431,51.7620507,101.33,0,0,0,0
3754,19.5198173,51.7598023,126.46,0,0,0,0
3755,19.5197914,51.7575539,274.08,0,0,0,0
3756,19.5197656,51.7553055,409.38,0,0,0,0
3757,19.5197398,51.7530571,274.22,0,0,0,0
3758,19.5197140,51.7508086,62.41,0,0,0,0
3759,19.5196882,51.7485602,18.53,0,0,0,0
3760,19.5196624,51.7463118,18.53,0,0,0,0
3761,19.5196366,51.7440634,18.53,0,0,0,0
3762,19.5196108,51.7418150,18.34,0,0,0,0
3763,19.5195850,51.7395665,13.0,0,0,0,0
3764,19.5195592,51.7373181,13.0,0,0,0,0
3765,19.5195335,51.7350697,10.13,0,0,0,0
3766,19.5195077,51.7328213,6.95,0,0,0,0
3767,19.5194819,51.7305728,6.95,0,0,0,0
3768,19.5194561,51.7283244,15.24,0,0,0,0
3769,19.5194304,51.7260760,19.7,0,0,0,0
3770,19.5194046,51.7238276,19.7,0,0,0,0
3771,19.5193788,51.7215791,21.69,0,0,0,0
3772,19.5193531,51.7193307,15.98,0,0,0,0
3773,19.5193273,51.7170823,3.81,0,0,0,0
3774,19.5193016,51.7148338,3.8,0,0,0,0
3775,19.5192758,51.7125854,3.8,0,0,0,0
3776,19.5192501,51.7103370,11.03,0,0,0,0
3777,19.5192243,51.7080885,17.37,0,0,0,0
3778,19.5191986,51.7058401,17.37,0,0,0,0
3779,19.5191728,51.7035917,13.66,0,0,0,0
3780,19.5191471,51.7013432,8.69,0,0,0,0
3781,19.5191214,51.6990948,8.69,0,0,0,0
3782,19.5190956,51.6968464,8.69,0,0,0,0
3783,19.5190699,51.6945979,8.69,0,0,0,0
3784,19.5190442,51.6923495,7.96,0,0,0,0
3785,19.5190185,51.6901010,4.37,0,0,0,0
3786,19.5239837,51.8486000,1.48,0,0,0,0
3787,19.5239576,51.8463516,11.73,0,0,0,0
3788,19.5239315,51.8441033,9.78,0,0,0,0
3789,19.5239054,51.8418549,9.29,0,0,0,0
3790,19.5238793,51.8396065,9.29,0,0,0,0
3791,19.5238532,51.8373581,9.29,0,0,0,0
3792,19.5238271,51.8351097,9.29,0,0,0,0
3793,19.5238010,51.8328613,8.07,0,0,0,0
3794,19.5237749,51.8306130,7.79,0,0,0,0
3795,19.5237489,51.8283646,7.79,0,0,0,0
3796,19.5237228,51.8261162,11.33,0,0,0,0
3797,19.5236967,51.8238678,12.83,0,0,0,0
3798,19.5236706,51.8216194,12.83,0,0,0,0
3799,19.5236446,51.8193710,12.83,0,0,0,0
3800,19.5236185,51.8171226,12.83,0,0,0,0
3801,19.5235925,51.8148742,12.26,0,0,0,0
3802,19.5235664,51.8126259,8.41,0,0,0,0
3803,19.5235403,51.8103775,7.26,0,0,0,0
3804,19.5235143,51.8081291,7.8,0,0,0,0
3805,19.5234883,51.8058807,9.92,0,0,0,0
3806,19.5234622,51.8036323,9.92,0,0,0,0
3807,19.5234362,51.8013839,9.92,0,0,0,0
3808,19.5234101,51.7991355,9.92,0,0,0,0
3809,19.5233841,51.7968871,36.63,0,0,0,0
3810,19.5233581,51.7946387,76.85,0,0,0,0
3811,19.5233320,51.7923903,104.2,0,0,0,0
3812,19.5233060,51.7901419,60.4,0,0,0,0
3813,19.5232800,51.7878935,49.31,0,0,0,0
3814,19.5232540,51.7856451,74.46,0,0,0,0
3815,19.5232280,51.7833967,107.77,0,0,0,0
3816,19.5232020,51.7811483,126.16,0,0,0,0
3817,19.5231760,51.7788999,90.13,0,0,0,0
3818,19.5231500,51.7766515,47.69,0,0,0,0
3819,19.5231240,51.7744031,18.46,0,0,0,0
3820,19.5230980,51.7721546,9.07,0,0,0,0
3821,19.5230720,51.7699062,20.61,0,0,0,0
3822,19.5230460,51.7676578,54.14,0,0,0,0
3823,19.5230200,51.7654094,29.81,0,0,0,0
3824,19.5229940,51.7631610,177.03,0,0,0,0
3825,19.5229680,51.7609126,1202.67,0,0,0,0
3826,19.5229421,51.7586642,842.59,0,0,0,0
3827,19.5229161,51.7564158,630.67,0,0,0,0
3828,19.5228901,51.7541674,804.51,0,0,0,0
3829,19.5228642,51.7519189,142.66,0,0,0,0
3830,19.5228382,51.7496705,18.53,0,0,0,0
3831,19.5228122,51.7474221,18.53,0,0,0,0
3832,19.5227863,51.7451737,18.53,0,0,0,0
3833,19.5227603,51.7429253,18.53,0,0,0,0
3834,19.5227344,51.7406768,14.66,0,0,0,0
3835,19.5227085,51.7384284,11.98,0,0,0,0
3836,19.5226825,51.7361800,12.03,0,0,0,0
3837,19.5226566,51.7339316,7.51,0,0,0,0
3838,19.5226306,51.7316832,6.95,0,0,0,0
3839,19.5226047,51.7294347,7.39,0,0,0,0
3840,19.5225788,51.7271863,19.7,0,0,0,0
3841,19.5225529,51.7249379,19.7,0,0,0,0
3842,19.5225269,51.7226895,18.15,0,0,0,0
3843,19.5225010,51.7204410,3.8,0,0,0,0
3844,19.5224751,51.7181926,3.8,0,0,0,0
3845,19.5224492,51.7159442,3.8,0,0,0,0
3846,19.5224233,51.7136957,3.8,0,0,0,0
3847,19.5223974,51.7114473,9.0,0,0,0,0
3848,19.5223715,51.7091989,18.0,0,0,0,0
3849,19.5223456,51.7069504,17.82,0,0,0,0
3850,19.5223197,51.7047020,17.51,0,0,0,0
3851,19.5222938,51.7024536,10.49,0,0,0,0
3852,19.5222679,51.7002051,8.69,0,0,0,0
3853,19.5222420,51.6979567,8.69,0,0,0,0
3854,19.5222161,51.6957083,8.69,0,0,0,0
3855,19.5221903,51.6934598,8.69,0,0,0,0
3856,19.5221644,51.6912114,8.69,0,0,0,0
3857,19.5221385,51.6889629,0.59,0,0,0,0
3858,19.5271145,51.8474618,5.01,0,0,0,0
3859,19.5270883,51.8452134,9.29,0,0,0,0
3860,19.5270620,51.8429650,9.29,0,0,0,0
3861,19.5270358,51.8407166,9.29,0,0,0,0
3862,19.5270095,51.8384683,9.29,0,0,0,0
3863,19.5269833,51.8362199,9.29,0,0,0,0
3864,19.5269570,51.8339715,7.64,0,0,0,0
3865,19.5269308,51.8317231,7.01,0,0,0,0
3866,19.5269045,51.8294747,7.81,0,0,0,0
3867,19.5268783,51.8272263,11.92,0,0,0,0
3868,19.5268521,51.8249780,12.83,0,0,0,0
3869,19.5268258,51.8227296,12.83,0,0,0,0
3870,19.5267996,51.8204812,12.83,0,0,0,0
3871,19.5267734,51.8182328,12.56,0,0,0,0
3872,19.5267472,51.8159844,9.68,0,0,0,0
3873,19.5267210,51.8137360,7.26,0,0,0,0
3874,19.5266948,51.8114876,7.26,0,0,0,0
3875,19.5266685,51.8092392,7.26,0,0,0,0
3876,19.5266423,51.8069908,9.11,0,0,0,0
3877,19.5266161,51.8047424,9.92,0,0,0,0
3878,19.5265899,51.8024941,9.92,0,0,0,0
3879,19.5265638,51.8002457,9.92,0,0,0,0
3880,19.5265376,51.7979973,10.13,0,0,0,0
3881,19.5265114,51.7957489,65.14,0,0,0,0
3882,19.5264852,51.7935005,91.96,0,0,0,0
3883,19.5264590,51.7912521,111.18,0,0,0,0
3884,19.5264328,51.7890037,128.43,0,0,0,0
3885,19.5264067,51.7867553,43.37,0,0,0,0
3886,19.5263805,51.7845069,92.25,0,0,0,0
3887,19.5263543,51.7822585,258.38,0,0,0,0
3888,19.5263282,51.7800101,295.55,0,0,0,0
3889,19.5263020,51.7777617,69.42,0,0,0,0
3890,19.5262758,51.7755132,68.81,0,0,0,0
3891,19.5262497,51.7732648,7.69,0,0,0,0
3892,19.5262235,51.7710164,7.69,0,0,0,0
3893,19.5261974,51.7687680,17.65,0,0,0,0
3894,19.5261713,51.7665196,25.65,0,0,0,0
3895,19.5261451,51.7642712,3.22,0,0,0,0
3896,19.5261190,51.7620228,768.67,0,0,0,0
3897,19.5260928,51.7597744,1509.69,0,0,0,0
3898,19.5260667,51.7575260,340.68,0,0,0,0
3899,19.5260406,51.7552776,1302.85,0,0,0,0
3900,19.5260145,51.7530291,313.33,0,0,0,0
3901,19.5259884,51.7507807,18.53,0,0,0,0
3902,19.5259622,51.7485323,18.53,0,0,0,0
3903,19.5259361,51.7462839,18.53,0,0,0,0
3904,19.5259100,51.7440355,18.53,0,0,0,0
3905,19.5258839,51.7417871,18.53,0,0,0,0
3906,19.5258578,51.7395386,11.66,0,0,0,0
3907,19.5258317,51.7372902,7.16,0,0,0,0
3908,19.5258056,51.7350418,7.12,0,0,0,0
3909,19.5257795,51.7327934,6.95,0,0,0,0
3910,19.5257534,51.7305450,8.27,0,0,0,0
3911,19.5257274,51.7282965,17.13,0,0,0,0
3912,19.5257013,51.7260481,19.7,0,0,0,0
3913,19.5256752,51.7237997,19.7,0,0,0,0
3914,19.5256491,51.7215513,6.53,0,0,0,0
3915,19.5256231,51.7193028,3.8,0,0,0,0
3916,19.5255970,51.7170544,3.8,0,0,0,0
3917,19.5255709,51.7148060,3.8,0,0,0,0
3918,19.5255449,51.7125575,6.51,0,0,0,0
3919,19.5255188,51.7103091,18.65,0,0,0,0
3920,19.5254927,51.7080607,18.65,0,0,0,0
3921,19.5254667,51.7058122,18.38,0,0,0,0
3922,19.5254406,51.7035638,17.37,0,0,0,0
3923,19.5254146,51.7013154,15.18,0,0,0,0
3924,19.5253886,51.6990669,8.69,0,0,0,0
3925,19.5253625,51.6968185,8.69,0,0,0,0
3926,19.5253365,51.6945701,8.69,0,0,0,0
3927,19.5253105,51.6923216,8.69,0,0,0,0
3928,19.5252844,51.6900732,4.14,0,0,0,0
3929,19.5302452,51.8463235,9.29,0,0,0,0
3930,19.5302188,51.8440751,9.29,0,0,0,0
3931,19.5301924,51.8418267,9.29,0,0,0,0
3932,19.5301660,51.8395783,9.29,0,0,0,0
3933,19.5301396,51.8373300,8.96,0,0,0,0
3934,19.5301132,51.8350816,6.91,0,0,0,0
3935,19.5300868,51.8328332,6.66,0,0,0,0
3936,19.5300604,51.8305848,6.73,0,0,0,0
3937,19.5300340,51.8283364,10.56,0,0,0,0
3938,19.5300076,51.8260880,11.22,0,0,0,0
3939,19.5299812,51.8238397,10.73,0,0,0,0
3940,19.5299548,51.8215913,10.29,0,0,0,0
3941,19.5299284,51.8193429,9.15,0,0,0,0
3942,19.5299021,51.8170945,7.26,0,0,0,0
3943,19.5298757,51.8148461,7.26,0,0,0,0
3944,19.5298493,51.8125977,7.26,0,0,0,0
3945,19.5298230,51.8103493,7.26,0,0,0,0
3946,19.5297966,51.8081009,7.29,0,0,0,0
3947,19.5297702,51.8058525,10.06,0,0,0,0
3948,19.5297439,51.8036041,10.94,0,0,0,0
3949,19.5297175,51.8013557,13.43,0,0,0,0
3950,19.5296912,51.7991074,15.26,0,0,0,0
3951,19.5296648,51.7968590,27.36,0,0,0,0
3952,19.5296385,51.7946106,77.63,0,0,0,0
3953,19.5296122,51.7923622,100.12,0,0,0,0
3954,19.5295858,51.7901138,123.5,0,0,0,0
3955,19.5295595,51.7878654,84.26,0,0,0,0
3956,19.5295332,51.7856170,63.03,0,0,0,0
3957,19.5295068,51.7833686,123.15,0,0,0,0
3958,19.5294805,51.7811202,268.15,0,0,0,0
3959,19.5294542,51.7788718,361.97,0,0,0,0
3960,19.5294279,51.7766234,262.67,0,0,0,0
3961,19.5294016,51.7743750,72.15,0,0,0,0
3962,19.5293753,51.7721265,7.69,0,0,0,0
3963,19.5293490,51.7698781,7.69,0,0,0,0
3964,19.5293227,51.7676297,14.06,0,0,0,0
3965,19.5292964,51.7653813,14.4,0,0,0,0
3966,19.5292701,51.7631329,101.99,0,0,0,0
3967,19.5292438,51.7608845,1242.19,0,0,0,0
3968,19.5292175,51.7586361,604.67,0,0,0,0
3969,19.5291912,51.7563877,669.41,0,0,0,0
3970,19.5291649,51.7541393,895.96,0,0,0,0
3971,19.5291387,51.7518909,80.98,0,0,0,0
3972,19.5291124,51.7496424,17.78,0,0,0,0
3973,19.5290861,51.7473940,18.25,0,0,0,0
3974,19.5290599,51.7451456,18.53,0,0,0,0
3975,19.5290336,51.7428972,18.53,0,0,0,0
3976,19.5290073,51.7406488,19.09,0,0,0,0
3977,19.5289811,51.7384004,7.16,0,0,0,0
3978,19.5289548,51.7361519,7.16,0,0,0,0
3979,19.5289286,51.7339035,7.1,0,0,0,0
3980,19.5289023,51.7316551,11.6,0,0,0,0
3981,19.5288761,51.7294067,19.7,0,0,0,0
3982,19.5288498,51.7271583,19.7,0,0,0,0
3983,19.5288236,51.7249098,19.7,0,0,0,0
3984,19.5287974,51.7226614,9.38,0,0,0,0
3985,19.5287712,51.7204130,3.8,0,0,0,0
3986,19.5287449,51.7181646,3.8,0,0,0,0
3987,19.5287187,51.7159161,3.8,0,0,0,0
3988,19.5286925,51.7136677,4.43,0,0,0,0
3989,19.5286663,51.7114193,18.49,0,0,0,0
3990,19.5286401,51.7091708,18.65,0,0,0,0
3991,19.5286139,51.7069224,20.1,0,0,0,0
3992,19.5285876,51.7046740,17.38,0,0,0,0
3993,19.5285614,51.7024255,16.93,0,0,0,0
3994,19.5285353,51.7001771,8.81,0,0,0,0
3995,19.5285091,51.6979287,8.69,0,0,0,0
3996,19.5284829,51.6956802,8.69,0,0,0,0
3997,19.5284567,51.6934318,8.69,0,0,0,0
3998,19.5284305,51.6911834,7.84,0,0,0,0
3999,19.5334023,51.8474334,2.16,0,0,0,0
4000,19.5333757,51.8451851,9.29,0,0,0,0
4001,19.5333492,51.8429367,9.29,0,0,0,0
4002,19.5333226,51.8406883,9.29,0,0,0,0
4003,19.5332960,51.8384399,8.17,0,0,0,0
4004,19.5332695,51.8361916,6.66,0,0,0,0
4005,19.5332429,51.8339432,6.66,0,0,0,0
4006,19.5332163,51.8316948,6.66,0,0,0,0
4007,19.5331898,51.8294464,6.66,0,0,0,0
4008,19.5331632,51.8271980,6.66,0,0,0,0
4009,19.5331367,51.8249496,6.66,0,0,0,0
4010,19.5331102,51.8227013,6.66,0,0,0,0
4011,19.5330836,51.8204529,7.08,0,0,0,0
4012,19.5330571,51.8182045,7.26,0,0,0,0
4013,19.5330306,51.8159561,7.26,0,0,0,0
4014,19.5330040,51.8137077,7.26,0,0,0,0
4015,19.5329775,51.8114593,7.26,0,0,0,0
4016,19.5329510,51.8092109,7.26,0,0,0,0
4017,19.5329245,51.8069625,11.37,0,0,0,0
4018,19.5328980,51.8047141,16.25,0,0,0,0
4019,19.5328715,51.8024658,16.39,0,0,0,0
4020,19.5328449,51.8002174,16.39,0,0,0,0
4021,19.5328184,51.7979690,16.39,0,0,0,0
4022,19.5327919,51.7957206,72.89,0,0,0,0
4023,19.5327654,51.7934722,95.17,0,0,0,0
4024,19.5327390,51.7912238,90.66,0,0,0,0
4025,19.5327125,51.7889754,46.74,0,0,0,0
4026,19.5326860,51.7867270,41.62,0,0,0,0
4027,19.5326595,51.7844786,98.27,0,0,0,0
4028,19.5326330,51.7822302,118.36,0,0,0,0
4029,19.5326065,51.7799818,123.62,0,0,0,0
4030,19.5325801,51.7777334,214.86,0,0,0,0
4031,19.5325536,51.7754850,268.21,0,0,0,0
4032,19.5325271,51.7732366,26.22,0,0,0,0
4033,19.5325007,51.7709882,7.69,0,0,0,0
4034,19.5324742,51.7687398,7.69,0,0,0,0
4035,19.5324478,51.7664914,12.65,0,0,0,0
4036,19.5324213,51.7642429,21.84,0,0,0,0
4037,19.5323949,51.7619945,337.98,0,0,0,0
4038,19.5323684,51.7597461,1703.79,0,0,0,0
4039,19.5323420,51.7574977,659.58,0,0,0,0
4040,19.5323155,51.7552493,1158.46,0,0,0,0
4041,19.5322891,51.7530009,200.4,0,0,0,0
4042,19.5322627,51.7507525,0.54,0,0,0,0
4043,19.5322363,51.7485041,0.94,0,0,0,0
4044,19.5322098,51.7462557,2.41,0,0,0,0
4045,19.5321834,51.7440072,3.73,0,0,0,0
4046,19.5321570,51.7417588,4.73,0,0,0,0
4047,19.5321306,51.7395104,7.81,0,0,0,0
4048,19.5321042,51.7372620,7.89,0,0,0,0
4049,19.5320778,51.7350136,7.16,0,0,0,0
4050,19.5320514,51.7327652,9.42,0,0,0,0
4051,19.5320250,51.7305167,15.62,0,0,0,0
4052,19.5319986,51.7282683,19.7,0,0,0,0
4053,19.5319722,51.7260199,19.7,0,0,0,0
4054,19.5319458,51.7237715,12.29,0,0,0,0
4055,19.5319194,51.7215230,3.8,0,0,0,0
4056,19.5318930,51.7192746,3.8,0,0,0,0
4057,19.5318666,51.7170262,3.8,0,0,0,0
4058,19.5318403,51.7147778,3.8,0,0,0,0
4059,19.5318139,51.7125293,16.98,0,0,0,0
4060,19.5317875,51.7102809,18.65,0,0,0,0
4061,19.5317612,51.7080325,18.65,0,0,0,0
4062,19.5317348,51.7057840,19.01,0,0,0,0
4063,19.5317084,51.7035356,17.32,0,0,0,0
4064,19.5316821,51.7012872,9.31,0,0,0,0
4065,19.5316557,51.6990388,8.69,0,0,0,0
4066,19.5316294,51.6967903,8.69,0,0,0,0
4067,19.5316030,51.6945419,8.69,0,0,0,0
4068,19.5315767,51.6922934,7.88,0,0,0,0
4069,19.5315504,51.6900450,1.95,0,0,0,0
4070,19.5365328,51.8462950,6.02,0,0,0,0
4071,19.5365061,51.8440466,9.29,0,0,0,0
4072,19.5364794,51.8417982,9.28,0,0,0,0
4073,19.5364526,51.8395498,6.57,0,0,0,0
4074,19.5364259,51.8373015,6.24,0,0,0,0
4075,19.5363992,51.8350531,6.56,0,0,0,0
4076,19.5363725,51.8328047,6.37,0,0,0,0
4077,19.5363458,51.8305563,6.48,0,0,0,0
4078,19.5363191,51.8283079,6.66,0,0,0,0
4079,19.5362924,51.8260595,6.66,0,0,0,0
4080,19.5362657,51.8238112,6.66,0,0,0,0
4081,19.5362390,51.8215628,6.66,0,0,0,0
4082,19.5362123,51.8193144,7.02,0,0,0,0
4083,19.5361856,51.8170660,7.26,0,0,0,0
4084,19.5361589,51.8148176,7.26,0,0,0,0
4085,19.5361322,51.8125692,7.26,0,0,0,0
4086,19.5361055,51.8103208,7.26,0,0,0,0
4087,19.5360789,51.8080725,8.25,0,0,0,0
4088,19.5360522,51.8058241,16.39,0,0,0,0
4089,19.5360255,51.8035757,16.39,0,0,0,0
4090,19.5359989,51.8013273,16.39,0,0,0,0
4091,19.5359722,51.7990789,16.39,0,0,0,0
4092,19.5359456,51.7968305,15.82,0,0,0,0
4093,19.5359189,51.7945821,30.31,0,0,0,0
4094,19.5358922,51.7923337,49.77,0,0,0,0
4095,19.5358656,51.7900853,53.96,0,0,0,0
4096,19.5358390,51.7878369,41.62,0,0,0,0
4097,19.5358123,51.7855885,43.62,0,0,0,0
4098,19.5357857,51.7833401,120.13,0,0,0,0
4099,19.5357591,51.7810917,143.41,0,0,0,0
4100,19.5357324,51.7788433,116.03,0,0,0,0
4101,19.5357058,51.7765949,171.71,0,0,0,0
4102,19.5356792,51.7743465,173.62,0,0,0,0
4103,19.5356526,51.7720981,7.69,0,0,0,0
4104,19.5356259,51.7698497,7.69,0,0,0,0
4105,19.5355993,51.7676013,7.69,0,0,0,0
4106,19.5355727,51.7653529,13.88,0,0,0,0
4107,19.5355461,51.7631045,26.03,0,0,0,0
4108,19.5355195,51.7608561,388.15,0,0,0,0
4109,19.5354929,51.7586077,655.87,0,0,0,0
4110,19.5354663,51.7563593,508.52,0,0,0,0
4111,19.5354397,51.7541109,1083.29,0,0,0,0
4112,19.5354131,51.7518624,213.27,0,0,0,0
4113,19.5353866,51.7496140,0.0,0,0,0,0
4114,19.5353600,51.7473656,0.0,0,0,0,0
4115,19.5353334,51.7451172,0.0,0,0,0,0
4116,19.5353068,51.7428688,0.0,0,0,0,0
4117,19.5352803,51.7406204,7.29,0,0,0,0
4118,19.5352537,51.7383720,13.7,0,0,0,0
4119,19.5352271,51.7361235,9.44,0,0,0,0
4120,19.5352006,51.7338751,9.6,0,0,0,0
4121,19.5351740,51.7316267,12.35,0,0,0,0
4122,19.5351475,51.7293783,12.52,0,0,0,0
4123,19.5351209,51.7271299,16.93,0,0,0,0
4124,19.5350944,51.7248814,15.22,0,0,0,0
4125,19.5350678,51.7226330,3.8,0,0,0,0
4126,19.5350413,51.7203846,3.8,0,0,0,0
4127,19.5350147,51.7181362,3.8,0,0,0,0
4128,19.5349882,51.7158877,3.8,0,0,0,0
4129,19.5349617,51.7136393,33.64,0,0,0,0
4130,19.5349352,51.7113909,18.65,0,0,0,0
4131,19.5349086,51.7091425,18.65,0,0,0,0
4132,19.5348821,51.7068940,11.1,0,0,0,0
4133,19.5348556,51.7046456,12.37,0,0,0,0
4134,19.5348291,51.7023972,9.92,0,0,0,0
4135,19.5348026,51.7001487,8.69,0,0,0,0
4136,19.5347761,51.6979003,8.69,0,0,0,0
4137,19.5347496,51.6956519,8.69,0,0,0,0
4138,19.5347231,51.6934034,4.22,0,0,0,0
4139,19.5346966,51.6911550,0.09,0,0,0,0
4140,19.5396632,51.8451564,8.2,0,0,0,0
4141,19.5396363,51.8429080,8.28,0,0,0,0
4142,19.5396094,51.8406596,5.38,0,0,0,0
4143,19.5395825,51.8384113,4.98,0,0,0,0
4144,19.5395556,51.8361629,4.98,0,0,0,0
4145,19.5395288,51.8339145,5.14,0,0,0,0
4146,19.5395019,51.8316661,4.98,0,0,0,0
4147,19.5394750,51.8294177,5.17,0,0,0,0
4148,19.5394482,51.8271694,6.66,0,0,0,0
4149,19.5394213,51.8249210,6.66,0,0,0,0
4150,19.5393945,51.8226726,6.66,0,0,0,0
4151,19.5393676,51.8204242,6.66,0,0,0,0
4152,19.5393408,51.8181758,6.95,0,0,0,0
4153,19.5393139,51.8159275,7.26,0,0,0,0
4154,19.5392871,51.8136791,7.26,0,0,0,0
4155,19.5392603,51.8114307,7.26,0,0,0,0
4156,19.5392334,51.8091823,7.26,0,0,0,0
4157,19.5392066,51.8069339,18.06,0,0,0,0
4158,19.5391798,51.8046855,16.39,0,0,0,0
4159,19.5391529,51.8024371,16.39,0,0,0,0
4160,19.5391261,51.8001887,16.39,0,0,0,0
4161,19.5390993,51.7979403,16.39,0,0,0,0
4162,19.5390725,51.7956919,11.17,0,0,0,0
4163,19.5390457,51.7934436,8.85,0,0,0,0
4164,19.5390189,51.7911952,8.85,0,0,0,0
4165,19.5389921,51.7889468,18.16,0,0,0,0
4166,19.5389653,51.7866984,38.69,0,0,0,0
4167,19.5389385,51.7844500,68.27,0,0,0,0
4168,19.5389117,51.7822016,88.84,0,0,0,0
4169,19.5388849,51.7799532,62.49,0,0,0,0
4170,19.5388581,51.7777048,62.47,0,0,0,0
4171,19.5388314,51.7754564,166.39,0,0,0,0
4172,19.5388046,51.7732080,69.0,0,0,0,0
4173,19.5387778,51.7709596,7.69,0,0,0,0
4174,19.5387510,51.7687112,7.69,0,0,0,0
4175,19.5387243,51.7664628,7.69,0,0,0,0
4176,19.5386975,51.7642144,66.94,0,0,0,0
4177,19.5386707,51.7619659,233.64,0,0,0,0
4178,19.5386440,51.7597175,571.71,0,0,0,0
4179,19.5386172,51.7574691,1380.92,0,0,0,0
4180,19.5385905,51.7552207,215.97,0,0,0,0
4181,19.5385637,51.7529723,953.38,0,0,0,0
4182,19.5385370,51.7507239,20.78,0,0,0,0
4183,19.5385103,51.7484755,0.0,0,0,0,0
4184,19.5384835,51.7462271,0.0,0,0,0,0
4185,19.5384568,51.7439787,0.0,0,0,0,0
4186,19.5384301,51.7417303,0.48,0,0,0,0
4187,19.5384034,51.7394818,13.7,0,0,0,0
4188,19.5383766,51.7372334,13.7,0,0,0,0
4189,19.5383499,51.7349850,9.98,0,0,0,0
4190,19.5383232,51.7327366,12.35,0,0,0,0
4191,19.5382965,51.7304882,12.35,0,0,0,0
4192,19.5382698,51.7282398,12.35,0,0,0,0
4193,19.5382431,51.7259913,12.43,0,0,0,0
4194,19.5382164,51.7237429,5.15,0,0,0,0
4195,19.5381897,51.7214945,4.3,0,0,0,0
4196,19.5381630,51.7192461,3.8,0,0,0,0
4197,19.5381363,51.7169976,3.8,0,0,0,0
4198,19.5381096,51.7147492,54.7,0,0,0,0
4199,19.5380829,51.7125008,82.96,0,0,0,0
4200,19.5380563,51.7102524,14.66,0,0,0,0
4201,19.5380296,51.7080039,11.17,0,0,0,0
4202,19.5380029,51.7057555,7.32,0,0,0,0
4203,19.5379762,51.7035071,7.32,0,0,0,0
4204,19.5379496,51.7012587,7.59,0,0,0,0
4205,19.5379229,51.6990102,8.19,0,0,0,0
4206,19.5378962,51.6967618,8.69,0,0,0,0
4207,19.5378696,51.6945134,1.86,0,0,0,0
4208,19.5428204,51.8462661,0.57,0,0,0,0
4209,19.5427934,51.8440177,6.16,0,0,0,0
4210,19.5427663,51.8417694,4.98,0,0,0,0
4211,19.5427393,51.8395210,4.98,0,0,0,0
4212,19.5427122,51.8372726,4.98,0,0,0,0
4213,19.5426852,51.8350242,4.98,0,0,0,0
4214,19.5426582,51.8327759,4.98,0,0,0,0
4215,19.5426312,51.8305275,4.98,0,0,0,0
4216,19.5426042,51.8282791,5.83,0,0,0,0
4217,19.5425771,51.8260307,6.66,0,0,0,0
4218,19.5425501,51.8237823,6.66,0,0,0,0
4219,19.5425231,51.8215340,6.66,0,0,0,0
4220,19.5424961,51.8192856,6.66,0,0,0,0
4221,19.5424691,51.8170372,6.88,0,0,0,0
4222,19.5424421,51.8147888,7.26,0,0,0,0
4223,19.5424151,51.8125404,7.26,0,0,0,0
4224,19.5423881,51.8102920,7.26,0,0,0,0
4225,19.5423611,51.8080437,8.72,0,0,0,0
4226,19.5423342,51.8057953,16.35,0,0,0,0
4227,19.5423072,51.8035469,15.63,0,0,0,0
4228,19.5422802,51.8012985,14.43,0,0,0,0
4229,19.5422532,51.7990501,13.06,0,0,0,0
4230,19.5422263,51.7968017,11.39,0,0,0,0
4231,19.5421993,51.7945533,8.85,0,0,0,0
4232,19.5421723,51.7923049,8.85,0,0,0,0
4233,19.5421454,51.7900565,8.85,0,0,0,0
4234,19.5421184,51.7878081,8.85,0,0,0,0
4235,19.5420915,51.7855597,23.25,0,0,0,0
4236,19.5420645,51.7833113,54.79,0,0,0,0
4237,19.5420376,51.7810629,59.27,0,0,0,0
4238,19.5420106,51.7788145,60.5,0,0,0,0
4239,19.5419837,51.7765661,98.09,0,0,0,0
4240,19.5419568,51.7743177,238.53,0,0,0,0
4241,19.5419298,51.7720693,25.95,0,0,0,0
4242,19.5419029,51.7698209,8.25,0,0,0,0
4243,19.5418760,51.7675725,7.98,0,0,0,0
4244,19.5418491,51.7653241,42.13,0,0,0,0
4245,19.5418221,51.7630757,142.89,0,0,0,0
4246,19.5417952,51.7608273,754.74,0,0,0,0
4247,19.5417683,51.7585789,1255.1,0,0,0,0
4248,19.5417414,51.7563305,750.17,0,0,0,0
4249,19.5417145,51.7540821,458.6,0,0,0,0
4250,19.5416876,51.7518337,563.99,0,0,0,0
4251,19.5416607,51.7495853,0.0,0,0,0,0
4252,19.5416338,51.7473369,0.0,0,0,0,0
4253,19.5416069,51.7450885,0.0,0,0,0,0
4254,19.5415800,51.7428401,0.05,0,0,0,0
4255,19.5415532,51.7405916,8.57,0,0,0,0
4256,19.5415263,51.7383432,13.7,0,0,0,0
4257,19.5414994,51.7360948,8.53,0,0,0,0
4258,19.5414725,51.7338464,5.17,0,0,0,0
4259,19.5414457,51.7315980,10.57,0,0,0,0
4260,19.5414188,51.7293496,12.35,0,0,0,0
4261,19.5413920,51.7271011,12.05,0,0,0,0
4262,19.5413651,51.7248527,6.5,0,0,0,0
4263,19.5413382,51.7226043,6.39,0,0,0,0
4264,19.5413114,51.7203559,6.24,0,0,0,0
4265,19.5412845,51.7181075,5.48,0,0,0,0
4266,19.5412577,51.7158590,32.04,0,0,0,0
4267,19.5412309,51.7136106,99.08,0,0,0,0
4268,19.5412040,51.7113622,70.6,0,0,0,0
4269,19.5411772,51.7091138,7.32,0,0,0,0
4270,19.5411504,51.7068653,7.32,0,0,0,0
4271,19.5411235,51.7046169,7.32,0,0,0,0
4272,19.5410967,51.7023685,7.32,0,0,0,0
4273,19.5410699,51.7001201,7.45,0,0,0,0
4274,19.5410431,51.6978716,8.52,0,0,0,0
4275,19.5410163,51.6956232,5.58,0,0,0,0
4276,19.5459506,51.8451274,1.32,0,0,0,0
4277,19.5459234,51.8428790,4.98,0,0,0,0
4278,19.5458962,51.8406306,4.98,0,0,0,0
4279,19.5458690,51.8383823,4.98,0,0,0,0
4280,19.5458418,51.8361339,4.98,0,0,0,0
4281,19.5458146,51.8338855,4.98,0,0,0,0
4282,19.5457875,51.8316371,4.98,0,0,0,0
4283,19.5457603,51.8293888,4.98,0,0,0,0
4284,19.5457331,51.8271404,6.6,0,0,0,0
4285,19.5457059,51.8248920,6.66,0,0,0,0
4286,19.5456788,51.8226436,6.66,0,0,0,0
4287,19.5456516,51.8203952,6.66,0,0,0,0
4288,19.5456244,51.8181469,6.66,0,0,0,0
4289,19.5455973,51.8158985,6.81,0,0,0,0
4290,19.5455701,51.8136501,7.26,0,0,0,0
4291,19.5455430,51.8114017,7.26,0,0,0,0
4292,19.5455158,51.8091533,7.26,0,0,0,0
4293,19.5454887,51.8069049,9.49,0,0,0,0
4294,19.5454616,51.8046565,8.17,0,0,0,0
4295,19.5454344,51.8024082,7.72,0,0,0,0
4296,19.5454073,51.8001598,7.72,0,0,0,0
4297,19.5453802,51.7979114,7.72,0,0,0,0
4298,19.5453531,51.7956630,8.53,0,0,0,0
4299,19.5453259,51.7934146,8.85,0,0,0,0
4300,19.5452988,51.7911662,8.85,0,0,0,0
4301,19.5452717,51.7889178,8.85,0,0,0,0
4302,19.5452446,51.7866694,8.85,0,0,0,0
4303,19.5452175,51.7844210,8.85,0,0,0,0
4304,19.5451904,51.7821726,10.06,0,0,0,0
4305,19.5451633,51.7799242,9.32,0,0,0,0
4306,19.5451362,51.7776758,54.94,0,0,0,0
4307,19.5451091,51.7754274,90.74,0,0,0,0
4308,19.5450820,51.7731790,47.86,0,0,0,0
4309,19.5450549,51.7709306,8.57,0,0,0,0
4310,19.5450278,51.7686822,8.57,0,0,0,0
4311,19.5450008,51.7664338,8.57,0,0,0,0
4312,19.5449737,51.7641854,49.79,0,0,0,0
4313,19.5449466,51.7619370,233.28,0,0,0,0
4314,19.5449196,51.7596886,499.32,0,0,0,0
4315,19.5448925,51.7574402,970.28,0,0,0,0
4316,19.5448654,51.7551918,148.06,0,0,0,0
4317,19.5448384,51.7529434,32.52,0,0,0,0
4318,19.5448113,51.7506950,26.73,0,0,0,0
4319,19.5447843,51.7484466,1.08,0,0,0,0
4320,19.5447572,51.7461982,0.09,0,0,0,0
4321,19.5447302,51.7439498,9.82,0,0,0,0
4322,19.5447031,51.7417014,12.9,0,0,0,0
4323,19.5446761,51.7394529,13.1,0,0,0,0
4324,19.5446491,51.7372045,6.01,0,0,0,0
4325,19.5446220,51.7349561,4.22,0,0,0,0
4326,19.5445950,51.7327077,4.22,0,0,0,0
4327,19.5445680,51.7304593,6.43,0,0,0,0
4328,19.5445410,51.7282109,11.5,0,0,0,0
4329,19.5445140,51.7259624,6.74,0,0,0,0
4330,19.5444870,51.7237140,6.39,0,0,0,0
4331,19.5444599,51.7214656,6.39,0,0,0,0
4332,19.5444329,51.7192172,6.39,0,0,0,0
4333,19.5444059,51.7169688,9.99,0,0,0,0
4334,19.5443789,51.7147203,30.1,0,0,0,0
4335,19.5443520,51.7124719,49.38,0,0,0,0
4336,19.5443250,51.7102235,21.4,0,0,0,0
4337,19.5442980,51.7079751,10.19,0,0,0,0
4338,19.5442710,51.7057266,7.32,0,0,0,0
4339,19.5442440,51.7034782,7.32,0,0,0,0
4340,19.5442170,51.7012298,7.32,0,0,0,0
4341,19.5441901,51.6989814,7.34,0,0,0,0
4342,19.5441631,51.6967329,7.75,0,0,0,0
4343,19.5441361,51.6944845,0.04,0,0,0,0
4344,19.5490806,51.8439886,2.53,0,0,0,0
4345,19.5490533,51.8417402,4.98,0,0,0,0
4346,19.5490259,51.8394918,4.98,0,0,0,0
4347,19.5489986,51.8372434,4.98,0,0,0,0
4348,19.5489712,51.8349951,4.98,0,0,0,0
4349,19.5489439,51.8327467,4.98,0,0,0,0
4350,19.5489166,51.8304983,4.69,0,0,0,0
4351,19.5488892,51.8282499,1.12,0,0,0,0
4352,19.5488619,51.8260016,3.12,0,0,0,0
4353,19.5488346,51.8237532,3.94,0,0,0,0
4354,19.5488073,51.8215048,2.82,0,0,0,0
4355,19.5487799,51.8192564,1.69,0,0,0,0
4356,19.5487526,51.8170080,0.98,0,0,0,0
4357,19.5487253,51.8147597,5.93,0,0,0,0
4358,19.5486980,51.8125113,7.26,0,0,0,0
4359,19.5486707,51.8102629,7.26,0,0,0,0
4360,19.5486434,51.8080145,7.38,0,0,0,0
4361,19.5486161,51.8057661,7.72,0,0,0,0
4362,19.5485888,51.8035177,7.72,0,0,0,0
4363,19.5485615,51.8012694,7.72,0,0,0,0
4364,19.5485342,51.7990210,7.72,0,0,0,0
4365,19.5485070,51.7967726,7.88,0,0,0,0
4366,19.5484797,51.7945242,8.85,0,0,0,0
4367,19.5484524,51.7922758,8.85,0,0,0,0
4368,19.5484251,51.7900274,8.85,0,0,0,0
4369,19.5483979,51.7877790,8.85,0,0,0,0
4370,19.5483706,51.7855306,8.85,0,0,0,0
4371,19.5483433,51.7832822,8.85,0,0,0,0
4372,19.5483161,51.7810338,8.85,0,0,0,0
4373,19.5482888,51.7787854,8.85,0,0,0,0
4374,19.5482616,51.7765370,42.55,0,0,0,0
4375,19.5482343,51.7742886,50.67,0,0,0,0
4376,19.5482071,51.7720402,21.26,0,0,0,0
4377,19.5481799,51.7697918,8.57,0,0,0,0
4378,19.5481526,51.7675434,8.57,0,0,0,0
4379,19.5481254,51.7652950,8.96,0,0,0,0
4380,19.5480982,51.7630466,183.83,0,0,0,0
4381,19.5480709,51.7607982,420.24,0,0,0,0
4382,19.5480437,51.7585498,846.66,0,0,0,0
4383,19.5480165,51.7563014,1935.28,0,0,0,0
4384,19.5479893,51.7540530,434.78,0,0,0,0
4385,19.5479621,51.7518046,30.06,0,0,0,0
4386,19.5479349,51.7495562,16.75,0,0,0,0
4387,19.5479077,51.7473078,1.05,0,0,0,0
4388,19.5478805,51.7450594,7.82,0,0,0,0
4389,19.5478533,51.7428110,13.7,0,0,0,0
4390,19.5478261,51.7405626,11.39,0,0,0,0
4391,19.5477989,51.7383142,4.22,0,0,0,0
4392,19.5477717,51.7360657,4.22,0,0,0,0
4393,19.5477445,51.7338173,4.22,0,0,0,0
4394,19.5477173,51.7315689,4.22,0,0,0,0
4395,19.5476902,51.7293205,4.22,0,0,0,0
4396,19.5476630,51.7270721,5.51,0,0,0,0
4397,19.5476358,51.7248237,6.39,0,0,0,0
4398,19.5476087,51.7225752,6.39,0,0,0,0
4399,19.5475815,51.7203268,6.39,0,0,0,0
4400,19.5475543,51.7180784,7.01,0,0,0,0
4401,19.5475272,51.7158300,27.6,0,0,0,0
4402,19.5475000,51.7135816,27.99,0,0,0,0
4403,19.5474729,51.7113331,27.99,0,0,0,0
4404,19.5474457,51.7090847,22.19,0,0,0,0
4405,19.5474186,51.7068363,7.32,0,0,0,0
4406,19.5473915,51.7045879,7.32,0,0,0,0
4407,19.5473643,51.7023394,7.32,0,0,0,0
4408,19.5473372,51.7000910,7.32,0,0,0,0
4409,19.5473101,51.6978426,7.32,0,0,0,0
4410,19.5472830,51.6955942,2.5,0,0,0,0
4411,19.5522380,51.8450980,1.44,0,0,0,0
4412,19.5522105,51.8428497,4.78,0,0,0,0
4413,19.5521830,51.8406013,4.98,0,0,0,0
4414,19.5521555,51.8383529,4.98,0,0,0,0
4415,19.5521280,51.8361045,4.98,0,0,0,0
4416,19.5521005,51.8338562,4.98,0,0,0,0
4417,19.5520730,51.8316078,3.16,0,0,0,0
4418,19.5518532,51.8136208,4.27,0,0,0,0
4419,19.5518257,51.8113724,7.22,0,0,0,0
4420,19.5517983,51.8091240,7.26,0,0,0,0
4421,19.5517708,51.8068756,8.44,0,0,0,0
4422,19.5517434,51.8046272,7.72,0,0,0,0
4423,19.5517159,51.8023789,7.72,0,0,0,0
4424,19.5516885,51.8001305,7.72,0,0,0,0
4425,19.5516610,51.7978821,7.72,0,0,0,0
4426,19.5516336,51.7956337,8.54,0,0,0,0
4427,19.5516062,51.7933853,8.85,0,0,0,0
4428,19.5515787,51.7911369,8.85,0,0,0,0
4429,19.5515513,51.7888885,8.85,0,0,0,0
4430,19.5515239,51.7866401,8.85,0,0,0,0
4431,19.5514965,51.7843917,8.85,0,0,0,0
4432,19.5514690,51.7821433,8.85,0,0,0,0
4433,19.5514416,51.7798949,8.85,0,0,0,0
4434,19.5514142,51.7776466,8.85,0,0,0,0
4435,19.5513868,51.7753982,20.37,0,0,0,0
4436,19.5513594,51.7731498,42.49,0,0,0,0
4437,19.5513320,51.7709014,9.43,0,0,0,0
4438,19.5513046,51.7686530,8.57,0,0,0,0
4439,19.5512772,51.7664046,8.57,0,0,0,0
4440,19.5512499,51.7641562,41.13,0,0,0,0
4441,19.5512225,51.7619078,170.54,0,0,0,0
4442,19.5511951,51.7596594,857.39,0,0,0,0
4443,19.5511677,51.7574110,696.46,0,0,0,0
4444,19.5511403,51.7551626,834.49,0,0,0,0
4445,19.5511130,51.7529141,169.15,0,0,0,0
4446,19.5510856,51.7506657,18.53,0,0,0,0
4447,19.5510583,51.7484173,13.7,0,0,0,0
4448,19.5510309,51.7461689,14.4,0,0,0,0
4449,19.5510035,51.7439205,22.87,0,0,0,0
4450,19.5509762,51.7416721,19.1,0,0,0,0
4451,19.5509488,51.7394237,4.22,0,0,0,0
4452,19.5509215,51.7371753,4.22,0,0,0,0
4453,19.5508942,51.7349269,4.22,0,0,0,0
4454,19.5508668,51.7326785,4.22,0,0,0,0
4455,19.5508395,51.7304301,4.22,0,0,0,0
4456,19.5508122,51.7281816,4.22,0,0,0,0
4457,19.5507848,51.7259332,4.69,0,0,0,0
4458,19.5507575,51.7236848,6.07,0,0,0,0
4459,19.5507302,51.7214364,6.39,0,0,0,0
4460,19.5507029,51.7191880,6.39,0,0,0,0
4461,19.5506756,51.7169396,25.0,0,0,0,0
4462,19.5506483,51.7146911,27.99,0,0,0,0
4463,19.5506210,51.7124427,25.2,0,0,0,0
4464,19.5505937,51.7101943,23.59,0,0,0,0
4465,19.5505664,51.7079459,7.32,0,0,0,0
4466,19.5505391,51.7056974,7.32,0,0,0,0
4467,19.5505118,51.7034490,7.32,0,0,0,0
4468,19.5504845,51.7012006,7.32,0,0,0,0
4469,19.5504572,51.6989522,7.32,0,0,0,0
4470,19.5504299,51.6967037,5.8,0,0,0,0
4471,19.5554232,51.8484558,0.83,0,0,0,0
4472,19.5553956,51.8462074,4.25,0,0,0,0
4473,19.5553679,51.8439590,4.98,0,0,0,0
4474,19.5553402,51.8417107,4.98,0,0,0,0
4475,19.5553126,51.8394623,4.98,0,0,0,0
4476,19.5552849,51.8372139,4.98,0,0,0,0
4477,19.5552572,51.8349656,4.9,0,0,0,0
4478,19.5552296,51.8327172,1.34,0,0,0,0
4479,19.5549809,51.8124818,2.38,0,0,0,0
4480,19.5549533,51.8102334,7.17,0,0,0,0
4481,19.5549257,51.8079850,7.45,0,0,0,0
4482,19.5548980,51.8057367,7.72,0,0,0,0
4483,19.5548704,51.8034883,7.72,0,0,0,0
4484,19.5548428,51.8012399,7.72,0,0,0,0
4485,19.5548152,51.7989915,7.72,0,0,0,0
4486,19.5547876,51.7967431,7.9,0,0,0,0
4487,19.5547601,51.7944947,9.67,0,0,0,0
4488,19.5547325,51.7922463,9.92,0,0,0,0
4489,19.5547049,51.7899979,8.94,0,0,0,0
4490,19.5546773,51.7877496,8.85,0,0,0,0
4491,19.5546497,51.7855012,8.85,0,0,0,0
4492,19.5546222,51.7832528,8.85,0,0,0,0
4493,19.5545946,51.7810044,8.85,0,0,0,0
4494,19.5545670,51.7787560,8.85,0,0,0,0
4495,19.5545395,51.7765076,9.19,0,0,0,0
4496,19.5545119,51.7742592,14.03,0,0,0,0
4497,19.5544844,51.7720108,15.38,0,0,0,0
4498,19.5544568,51.7697624,8.57,0,0,0,0
4499,19.5544293,51.7675140,8.57,0,0,0,0
4500,19.5544017,51.7652656,8.57,0,0,0,0
4501,19.5543742,51.7630172,23.01,0,0,0,0
4502,19.5543466,51.7607688,502.1,0,0,0,0
4503,19.5543191,51.7585204,379.61,0,0,0,0
4504,19.5542916,51.7562720,40.96,0,0,0,0
4505,19.5542640,51.7540236,25.23,0,0,0,0
4506,19.5542365,51.7517752,11.24,0,0,0,0
4507,19.5542090,51.7495268,13.5,0,0,0,0
4508,19.5541815,51.7472784,29.63,0,0,0,0
4509,19.5541540,51.7450300,41.93,0,0,0,0
4510,19.5541265,51.7427816,41.92,0,0,0,0
4511,19.5540990,51.7405332,36.36,0,0,0,0
4512,19.5540715,51.7382848,19.24,0,0,0,0
4513,19.5540440,51.7360363,4.22,0,0,0,0
4514,19.5540165,51.7337879,4.22,0,0,0,0
4515,19.5539890,51.7315395,4.22,0,0,0,0
4516,19.5539615,51.7292911,4.22,0,0,0,0
4517,19.5539340,51.7270427,4.22,0,0,0,0
4518,19.5539065,51.7247943,4.22,0,0,0,0
4519,19.5538791,51.7225459,4.39,0,0,0,0
4520,19.5538516,51.7202974,5.11,0,0,0,0
4521,19.5538241,51.7180490,21.02,0,0,0,0
4522,19.5537967,51.7158006,27.99,0,0,0,0
4523,19.5537692,51.7135522,24.43,0,0,0,0
4524,19.5537417,51.7113038,18.25,0,0,0,0
4525,19.5537143,51.7090554,9.47,0,0,0,0
4526,19.5536868,51.7068069,7.32,0,0,0,0
4527,19.5536594,51.7045585,7.32,0,0,0,0
4528,19.5536319,51.7023101,7.32,0,0,0,0
4529,19.5536045,51.7000617,7.32,0,0,0,0
4530,19.5535771,51.6978132,7.32,0,0,0,0
4531,19.5535496,51.6955648,0.79,0,0,0,0
4532,19.5585532,51.8473167,1.58,0,0,0,0
4533,19.5585254,51.8450683,4.97,0,0,0,0
4534,19.5584976,51.8428200,4.98,0,0,0,0
4535,19.5584698,51.8405716,4.98,0,0,0,0
4536,19.5584420,51.8383232,4.98,0,0,0,0
4537,19.5584141,51.8360749,4.25,0,0,0,0
4538,19.5583863,51.8338265,0.05,0,0,0,0
4539,19.5581084,51.8113427,0.75,0,0,0,0
4540,19.5580807,51.8090944,6.57,0,0,0,0
4541,19.5580529,51.8068460,7.72,0,0,0,0
4542,19.5580251,51.8045976,7.78,0,0,0,0
4543,19.5579974,51.8023492,7.92,0,0,0,0
4544,19.5579696,51.8001008,8.07,0,0,0,0
4545,19.5579419,51.7978524,8.15,0,0,0,0
4546,19.5579141,51.7956041,13.51,0,0,0,0
4547,19.5578864,51.7933557,16.27,0,0,0,0
4548,19.5578586,51.7911073,16.0,0,0,0,0
4549,19.5578309,51.7888589,15.12,0,0,0,0
4550,19.5578032,51.7866105,9.06,0,0,0,0
4551,19.5577754,51.7843621,8.85,0,0,0,0
4552,19.5577477,51.7821137,8.85,0,0,0,0
4553,19.5577200,51.7798653,10.13,0,0,0,0
4554,19.5576923,51.7776169,12.87,0,0,0,0
4555,19.5576645,51.7753685,14.45,0,0,0,0
4556,19.5576368,51.7731202,14.45,0,0,0,0
4557,19.5576091,51.7708718,10.49,0,0,0,0
4558,19.5575814,51.7686234,8.57,0,0,0,0
4559,19.5575537,51.7663750,8.57,0,0,0,0
4560,19.5575260,51.7641266,8.57,0,0,0,0
4561,19.5574983,51.7618782,10.39,0,0,0,0
4562,19.5574706,51.7596298,11.24,0,0,0,0
4563,19.5574429,51.7573814,11.24,0,0,0,0
4564,19.5574153,51.7551330,11.24,0,0,0,0
4565,19.5573876,51.7528846,11.24,0,0,0,0
4566,19.5573599,51.7506362,20.9,0,0,0,0
4567,19.5573322,51.7483878,31.37,0,0,0,0
4568,19.5573046,51.7461393,37.37,0,0,0,0
4569,19.5572769,51.7438909,41.92,0,0,0,0
4570,19.5572492,51.7416425,46.08,0,0,0,0
4571,19.5572216,51.7393941,71.14,0,0,0,0
4572,19.5571939,51.7371457,56.25,0,0,0,0
4573,19.5571663,51.7348973,14.76,0,0,0,0
4574,19.5571386,51.7326489,4.22,0,0,0,0
4575,19.5571110,51.7304005,4.22,0,0,0,0
4576,19.5570833,51.7281521,4.22,0,0,0,0
4577,19.5570557,51.7259037,4.22,0,0,0,0
4578,19.5570281,51.7236552,4.22,0,0,0,0
4579,19.5570004,51.7214068,4.22,0,0,0,0
4580,19.5569728,51.7191584,16.32,0,0,0,0
4581,19.5569452,51.7169100,27.99,0,0,0,0
4582,19.5569176,51.7146616,20.78,0,0,0,0
4583,19.5568900,51.7124132,18.25,0,0,0,0
4584,19.5568623,51.7101647,15.53,0,0,0,0
4585,19.5568347,51.7079163,7.32,0,0,0,0
4586,19.5568071,51.7056679,7.32,0,0,0,0
4587,19.5567795,51.7034195,7.32,0,0,0,0
4588,19.5567519,51.7011711,7.32,0,0,0,0
4589,19.5567243,51.6989226,7.32,0,0,0,0
4590,19.5566968,51.6966742,3.85,0,0,0,0
4591,19.5616831,51.8461776,1.47,0,0,0,0
4592,19.5616551,51.8439292,4.98,0,0,0,0
4593,19.5616271,51.8416808,4.98,0,0,0,0
4594,19.5615992,51.8394325,4.98,0,0,0,0
4595,19.5615712,51.8371841,4.97,0,0,0,0
4596,19.5615432,51.8349357,0.07,0,0,0,0
4597,19.5612358,51.8102036,0.06,0,0,0,0
4598,19.5612079,51.8079552,8.01,0,0,0,0
4599,19.5611800,51.8057068,8.2,0,0,0,0
4600,19.5611521,51.8034585,8.23,0,0,0,0
4601,19.5611241,51.8012101,8.23,0,0,0,0
4602,19.5610962,51.7989617,8.23,0,0,0,0
4603,19.5610683,51.7967133,8.67,0,0,0,0
4604,19.5610404,51.7944649,16.27,0,0,0,0
4605,19.5610125,51.7922165,16.27,0,0,0,0
4606,19.5609846,51.7899682,16.27,0,0,0,0
4607,19.5609567,51.7877198,22.64,0,0,0,0
4608,19.5609288,51.7854714,13.43,0,0,0,0
4609,19.5609010,51.7832230,11.14,0,0,0,0
4610,19.5608731,51.7809746,13.82,0,0,0,0
4611,19.5608452,51.7787262,14.45,0,0,0,0
4612,19.5608173,51.7764778,14.45,0,0,0,0
4613,19.5607895,51.7742294,14.45,0,0,0,0
4614,19.5607616,51.7719810,14.39,0,0,0,0
4615,19.5607337,51.7697326,8.97,0,0,0,0
4616,19.5607059,51.7674842,8.58,0,0,0,0
4617,19.5606780,51.7652358,8.57,0,0,0,0
4618,19.5606502,51.7629874,8.57,0,0,0,0
4619,19.5606223,51.7607390,10.62,0,0,0,0
4620,19.5605945,51.7584906,11.24,0,0,0,0
4621,19.5605666,51.7562422,11.24,0,0,0,0
4622,19.5605388,51.7539938,11.24,0,0,0,0
4623,19.5605110,51.7517454,22.37,0,0,0,0
4624,19.5604831,51.7494970,31.95,0,0,0,0
4625,19.5604553,51.7472486,31.95,0,0,0,0
4626,19.5604275,51.7450002,40.91,0,0,0,0
4627,19.5603997,51.7427518,47.76,0,0,0,0
4628,19.5603718,51.7405034,234.01,0,0,0,0
4629,19.5603440,51.7382550,163.49,0,0,0,0
4630,19.5603162,51.7360066,144.42,0,0,0,0
4631,19.5602884,51.7337582,61.52,0,0,0,0
4632,19.5602606,51.7315098,5.16,0,0,0,0
4633,19.5602328,51.7292614,4.22,0,0,0,0
4634,19.5602050,51.7270130,4.22,0,0,0,0
4635,19.5601772,51.7247646,4.22,0,0,0,0
4636,19.5601495,51.7225161,9.87,0,0,0,0
4637,19.5601217,51.7202677,20.87,0,0,0,0
4638,19.5600939,51.7180193,27.99,0,0,0,0
4639,19.5600661,51.7157709,22.27,0,0,0,0
4640,19.5600383,51.7135225,18.25,0,0,0,0
4641,19.5600106,51.7112741,18.25,0,0,0,0
4642,19.5599828,51.7090256,9.4,0,0,0,0
4643,19.5599550,51.7067772,7.32,0,0,0,0
4644,19.5599273,51.7045288,7.32,0,0,0,0
4645,19.5598995,51.7022804,5.37,0,0,0,0
4646,19.5598718,51.7000320,6.95,0,0,0,0
4647,19.5598440,51.6977835,5.48,0,0,0,0
4648,19.5648128,51.8450383,0.65,0,0,0,0
4649,19.5647847,51.8427900,2.72,0,0,0,0
4650,19.5647565,51.8405416,4.6,0,0,0,0
4651,19.5647284,51.8382932,4.98,0,0,0,0
4652,19.5647003,51.8360449,1.18,0,0,0,0
4653,19.5643911,51.8113128,0.25,0,0,0,0
4654,19.5643631,51.8090644,7.58,0,0,0,0
4655,19.5643350,51.8068160,8.23,0,0,0,0
4656,19.5643069,51.8045676,8.23,0,0,0,0
4657,19.5642788,51.8023192,8.23,0,0,0,0
4658,19.5642508,51.8000709,8.23,0,0,0,0
4659,19.5642227,51.7978225,8.23,0,0,0,0
4660,19.5641946,51.7955741,12.16,0,0,0,0
4661,19.5641666,51.7933257,16.27,0,0,0,0
4662,19.5641385,51.7910773,16.27,0,0,0,0
4663,19.5641105,51.7888289,21.11,0,0,0,0
4664,19.5640824,51.7865805,23.86,0,0,0,0
4665,19.5640544,51.7843322,20.01,0,0,0,0
4666,19.5640263,51.7820838,14.45,0,0,0,0
4667,19.5639983,51.7798354,14.45,0,0,0,0
4668,19.5639703,51.7775870,14.45,0,0,0,0
4669,19.5639422,51.7753386,14.45,0,0,0,0
4670,19.5639142,51.7730902,14.45,0,0,0,0
4671,19.5638862,51.7708418,13.49,0,0,0,0
4672,19.5638582,51.7685934,11.48,0,0,0,0
4673,19.5638302,51.7663450,10.92,0,0,0,0
4674,19.5638022,51.7640966,11.53,0,0,0,0
4675,19.5637742,51.7618482,8.66,0,0,0,0
4676,19.5637462,51.7595998,11.24,0,0,0,0
4677,19.5637182,51.7573514,11.24,0,0,0,0
4678,19.5636902,51.7551030,17.37,0,0,0,0
4679,19.5636622,51.7528546,29.14,0,0,0,0
4680,19.5636342,51.7506062,98.16,0,0,0,0
4681,19.5636062,51.7483578,314.34,0,0,0,0
4682,19.5635782,51.7461094,299.69,0,0,0,0
4683,19.5635502,51.7438610,643.9,0,0,0,0
4684,19.5635223,51.7416126,1049.32,0,0,0,0
4685,19.5634943,51.7393642,884.98,0,0,0,0
4686,19.5634663,51.7371158,369.24,0,0,0,0
4687,19.5634384,51.7348674,91.47,0,0,0,0
4688,19.5634104,51.7326190,84.89,0,0,0,0
4689,19.5633825,51.7303706,38.16,0,0,0,0
4690,19.5633545,51.7281222,4.22,0,0,0,0
4691,19.5633266,51.7258738,4.22,0,0,0,0
4692,19.5632986,51.7236254,9.26,0,0,0,0
4693,19.5632707,51.7213769,10.97,0,0,0,0
4694,19.5632427,51.7191285,11.76,0,0,0,0
4695,19.5632148,51.7168801,17.07,0,0,0,0
4696,19.5631869,51.7146317,18.25,0,0,0,0
4697,19.5631589,51.7123833,18.25,0,0,0,0
4698,19.5631310,51.7101349,17.94,0,0,0,0
4699,19.5631031,51.7078865,7.32,0,0,0,0
4700,19.5630752,51.7056380,7.32,0,0,0,0
4701,19.5630473,51.7033896,3.14,0,0,0,0
4702,19.5629915,51.6988928,0.52,0,0,0,0
4703,19.5629636,51.6966444,0.02,0,0,0,0
4704,19.5678858,51.8394023,1.09,0,0,0,0
4705,19.5678575,51.8371539,1.05,0,0,0,0
4706,19.5675466,51.8124218,0.35,0,0,0,0
4707,19.5675184,51.8101735,8.49,0,0,0,0
4708,19.5674901,51.8079251,8.23,0,0,0,0
4709,19.5674619,51.8056767,8.23,0,0,0,0
4710,19.5674337,51.8034283,8.23,0,0,0,0
4711,19.5674054,51.8011799,8.23,0,0,0,0
4712,19.5673772,51.7989316,8.23,0,0,0,0
4713,19.5673490,51.7966832,8.23,0,0,0,0
4714,19.5673208,51.7944348,15.73,0,0,0,0
4715,19.5672926,51.7921864,16.27,0,0,0,0
4716,19.5672644,51.7899380,19.04,0,0,0,0
4717,19.5672362,51.7876896,23.86,0,0,0,0
4718,19.5672080,51.7854413,23.86,0,0,0,0
4719,19.5671798,51.7831929,21.12,0,0,0,0
4720,19.5671516,51.7809445,14.45,0,0,0,0
4721,19.5671234,51.7786961,14.45,0,0,0,0
4722,19.5670952,51.7764477,14.45,0,0,0,0
4723,19.5670670,51.7741993,14.45,0,0,0,0
4724,19.5670388,51.7719509,14.45,0,0,0,0
4725,19.5670107,51.7697025,12.26,0,0,0,0
4726,19.5669825,51.7674541,11.61,0,0,0,0
4727,19.5669543,51.7652057,11.66,0,0,0,0
4728,19.5669262,51.7629573,13.4,0,0,0,0
4729,19.5668980,51.7607089,11.25,0,0,0,0
4730,19.5668698,51.7584605,11.24,0,0,0,0
4731,19.5668417,51.7562122,78.44,0,0,0,0
4732,19.5668135,51.7539638,563.86,0,0,0,0
4733,19.5667854,51.7517154,200.52,0,0,0,0
4734,19.5667572,51.7494670,705.06,0,0,0,0
4735,19.5667291,51.7472186,904.46,0,0,0,0
4736,19.5667010,51.7449702,551.55,0,0,0,0
4737,19.5666728,51.7427217,1174.25,0,0,0,0
4738,19.5666447,51.7404733,1253.76,0,0,0,0
4739,19.5666166,51.7382249,355.64,0,0,0,0
4740,19.5665885,51.7359765,80.3,0,0,0,0
4741,19.5665604,51.7337281,79.64,0,0,0,0
4742,19.5665322,51.7314797,79.39,0,0,0,0
4743,19.5665041,51.7292313,49.49,0,0,0,0
4744,19.5664760,51.7269829,20.61,0,0,0,0
4745,19.5664479,51.7247345,13.17,0,0,0,0
4746,19.5664198,51.7224861,10.97,0,0,0,0
4747,19.5663917,51.7202377,10.97,0,0,0,0
4748,19.5663636,51.7179893,10.97,0,0,0,0
4749,19.5663356,51.7157408,20.64,0,0,0,0
4750,19.5663075,51.7134924,18.25,0,0,0,0
4751,19.5662794,51.7112440,18.25,0,0,0,0
4752,19.5662513,51.7089956,13.11,0,0,0,0
4753,19.5662233,51.7067472,7.32,0,0,0,0
4754,19.5661952,51.7044988,5.6,0,0,0,0
4755,19.5707022,51.8135308,2.71,0,0,0,0
4756,19.5706738,51.8112824,10.04,0,0,0,0
4757,19.5706454,51.8090341,9.56,0,0,0,0
4758,19.5706170,51.8067857,8.25,0,0,0,0
4759,19.5705887,51.8045373,8.23,0,0,0,0
4760,19.5705603,51.8022889,8.23,0,0,0,0
4761,19.5705319,51.8000406,8.23,0,0,0,0
4762,19.5705035,51.7977922,8.23,0,0,0,0
4763,19.5704751,51.7955438,10.56,0,0,0,0
4764,19.5704468,51.7932954,54.54,0,0,0,0
4765,19.5704184,51.7910470,72.11,0,0,0,0
4766,19.5703900,51.7887986,23.86,0,0,0,0
4767,19.5703617,51.7865503,23.86,0,0,0,0
4768,19.5703333,51.7843019,29.98,0,0,0,0
4769,19.5703050,51.7820535,22.99,0,0,0,0
4770,19.5702766,51.7798051,13.69,0,0,0,0
4771,19.5702483,51.7775567,14.28,0,0,0,0
4772,19.5702199,51.7753083,14.45,0,0,0,0
4773,19.5701916,51.7730599,14.45,0,0,0,0
4774,19.5701633,51.7708115,15.74,0,0,0,0
4775,19.5701349,51.7685631,11.61,0,0,0,0
4776,19.5701066,51.7663148,11.61,0,0,0,0
4777,19.5700783,51.7640664,12.55,0,0,0,0
4778,19.5700500,51.7618180,15.58,0,0,0,0
4779,19.5700217,51.7595696,12.73,0,0,0,0
4780,19.5699934,51.7573212,12.33,0,0,0,0
4781,19.5699651,51.7550728,244.97,0,0,0,0
4782,19.5699368,51.7528244,698.52,0,0,0,0
4783,19.5699085,51.7505760,654.19,0,0,0,0
4784,19.5698802,51.7483276,962.35,0,0,0,0
4785,19.5698519,51.7460792,720.19,0,0,0,0
4786,19.5698236,51.7438308,561.61,0,0,0,0
4787,19.5697953,51.7415824,905.31,0,0,0,0
4788,19.5697670,51.7393340,392.34,0,0,0,0
4789,19.5697387,51.7370856,184.89,0,0,0,0
4790,19.5697105,51.7348372,48.86,0,0,0,0
4791,19.5696822,51.7325888,44.13,0,0,0,0
4792,19.5696539,51.7303404,49.13,0,0,0,0
4793,19.5696257,51.7280920,38.57,0,0,0,0
4794,19.5695974,51.7258435,23.85,0,0,0,0
4795,19.5695691,51.7235951,10.97,0,0,0,0
4796,19.5695409,51.7213467,10.97,0,0,0,0
4797,19.5695126,51.7190983,10.97,0,0,0,0
4798,19.5694844,51.7168499,11.0,0,0,0,0
4799,19.5694562,51.7146015,17.86,0,0,0,0
4800,19.5694279,51.7123531,18.25,0,0,0,0
4801,19.5693997,51.7101047,14.63,0,0,0,0
4802,19.5693715,51.7078562,7.32,0,0,0,0
4803,19.5693432,51.7056078,6.89,0,0,0,0
4804,19.5693150,51.7033594,0.03,0,0,0,0
4805,19.5738580,51.8146397,3.09,0,0,0,0
4806,19.5738294,51.8123913,10.21,0,0,0,0
4807,19.5738009,51.8101430,10.21,0,0,0,0
4808,19.5737723,51.8078946,10.19,0,0,0,0
4809,19.5737438,51.8056462,8.88,0,0,0,0
4810,19.5737153,51.8033978,8.23,0,0,0,0
4811,19.5736867,51.8011495,8.23,0,0,0,0
4812,19.5736582,51.7989011,8.23,0,0,0,0
4813,19.5736297,51.7966527,8.23,0,0,0,0
4814,19.5736011,51.7944043,31.23,0,0,0,0
4815,19.5735726,51.7921559,112.29,0,0,0,0
4816,19.5735441,51.7899076,30.38,0,0,0,0
4817,19.5735156,51.7876592,23.86,0,0,0,0
4818,19.5734871,51.7854108,32.87,0,0,0,0
4819,19.5734585,51.7831624,39.35,0,0,0,0
4820,19.5734300,51.7809140,16.33,0,0,0,0
4821,19.5734015,51.7786656,12.22,0,0,0,0
4822,19.5733730,51.7764172,12.48,0,0,0,0
4823,19.5733445,51.7741689,12.83,0,0,0,0
4824,19.5733161,51.7719205,13.32,0,0,0,0
4825,19.5732876,51.7696721,11.92,0,0,0,0
4826,19.5732591,51.7674237,11.61,0,0,0,0
4827,19.5732306,51.7651753,11.61,0,0,0,0
4828,19.5732021,51.7629269,13.06,0,0,0,0
4829,19.5731737,51.7606785,15.29,0,0,0,0
4830,19.5731452,51.7584301,28.54,0,0,0,0
4831,19.5731167,51.7561817,37.06,0,0,0,0
4832,19.5730883,51.7539333,141.03,0,0,0,0
4833,19.5730598,51.7516849,60.96,0,0,0,0
4834,19.5730314,51.7494365,441.77,0,0,0,0
4835,19.5730029,51.7471881,251.65,0,0,0,0
4836,19.5729745,51.7449397,106.42,0,0,0,0
4837,19.5729460,51.7426913,742.28,0,0,0,0
4838,19.5729176,51.7404429,631.02,0,0,0,0
4839,19.5728891,51.7381945,437.68,0,0,0,0
4840,19.5728607,51.7359461,190.31,0,0,0,0
4841,19.5728323,51.7336977,98.09,0,0,0,0
4842,19.5728039,51.7314493,37.55,0,0,0,0
4843,19.5727754,51.7292009,32.21,0,0,0,0
4844,19.5727470,51.7269525,23.18,0,0,0,0
4845,19.5727186,51.7247041,10.97,0,0,0,0
4846,19.5726902,51.7224557,10.97,0,0,0,0
4847,19.5726618,51.7202073,10.97,0,0,0,0
4848,19.5726334,51.7179589,10.97,0,0,0,0
4849,19.5726050,51.7157105,11.69,0,0,0,0
4850,19.5725766,51.7134621,18.25,0,0,0,0
4851,19.5725482,51.7112136,17.72,0,0,0,0
4852,19.5725198,51.7089652,7.32,0,0,0,0
4853,19.5724914,51.7067168,7.26,0,0,0,0
4854,19.5724631,51.7044684,0.44,0,0,0,0
4855,19.5770139,51.8157485,1.68,0,0,0,0
4856,19.5769852,51.8135002,10.21,0,0,0,0
4857,19.5769565,51.8112518,10.21,0,0,0,0
4858,19.5769278,51.8090034,10.21,0,0,0,0
4859,19.5768991,51.8067550,10.21,0,0,0,0
4860,19.5768704,51.8045067,9.73,0,0,0,0
4861,19.5768417,51.8022583,8.34,0,0,0,0
4862,19.5768130,51.8000099,8.23,0,0,0,0
4863,19.5767843,51.7977615,8.23,0,0,0,0
4864,19.5767556,51.7955132,9.28,0,0,0,0
4865,19.5767270,51.7932648,80.48,0,0,0,0
4866,19.5766983,51.7910164,49.87,0,0,0,0
4867,19.5766696,51.7887680,23.9,0,0,0,0
4868,19.5766409,51.7865196,35.88,0,0,0,0
4869,19.5766123,51.7842712,39.35,0,0,0,0
4870,19.5765836,51.7820229,39.35,0,0,0,0
4871,19.5765549,51.7797745,18.88,0,0,0,0
4872,19.5765263,51.7775261,12.22,0,0,0,0
4873,19.5764976,51.7752777,12.22,0,0,0,0
4874,19.5764690,51.7730293,12.22,0,0,0,0
4875,19.5764403,51.7707809,12.0,0,0,0,0
4876,19.5764117,51.7685325,11.61,0,0,0,0
4877,19.5763831,51.7662842,11.61,0,0,0,0
4878,19.5763544,51.7640358,11.61,0,0,0,0
4879,19.5763258,51.7617874,12.95,0,0,0,0
4880,19.5762972,51.7595390,17.36,0,0,0,0
4881,19.5762686,51.7572906,34.04,0,0,0,0
4882,19.5762399,51.7550422,37.05,0,0,0,0
4883,19.5762113,51.7527938,50.86,0,0,0,0
4884,19.5761827,51.7505454,52.13,0,0,0,0
4885,19.5761541,51.7482970,59.9,0,0,0,0
4886,19.5761255,51.7460486,99.49,0,0,0,0
4887,19.5760969,51.7438002,240.16,0,0,0,0
4888,19.5760683,51.7415518,573.68,0,0,0,0
4889,19.5760397,51.7393034,535.45,0,0,0,0
4890,19.5760111,51.7370550,284.68,0,0,0,0
4891,19.5759825,51.7348066,151.78,0,0,0,0
4892,19.5759540,51.7325582,12.46,0,0,0,0
4893,19.5759254,51.7303098,8.06,0,0,0,0
4894,19.5758968,51.7280614,7.74,0,0,0,0
4895,19.5758682,51.7258130,10.83,0,0,0,0
4896,19.5758397,51.7235646,10.97,0,0,0,0
4897,19.5758111,51.7213162,10.97,0,0,0,0
4898,19.5757825,51.7190678,10.97,0,0,0,0
4899,19.5757540,51.7168194,10.97,0,0,0,0
4900,19.5757254,51.7145709,12.95,0,0,0,0
4901,19.5756969,51.7123225,18.25,0,0,0,0
4902,19.5756683,51.7100741,9.7,0,0,0,0
4903,19.5756398,51.7078257,7.32,0,0,0,0
4904,19.5756113,51.7055773,1.71,0,0,0,0
4905,19.5801700,51.8168573,0.28,0,0,0,0
4906,19.5801411,51.8146089,10.1,0,0,0,0
4907,19.5801123,51.8123605,10.21,0,0,0,0
4908,19.5800834,51.8101121,10.21,0,0,0,0
4909,19.5800546,51.8078638,10.21,0,0,0,0
4910,19.5800257,51.8056154,10.21,0,0,0,0
4911,19.5799968,51.8033670,10.21,0,0,0,0
4912,19.5799680,51.8011186,9.06,0,0,0,0
4913,19.5799391,51.7988703,8.23,0,0,0,0
4914,19.5799103,51.7966219,8.23,0,0,0,0
4915,19.5798815,51.7943735,17.21,0,0,0,0
4916,19.5798526,51.7921251,73.26,0,0,0,0
4917,19.5798238,51.7898768,25.32,0,0,0,0
4918,19.5797950,51.7876284,38.38,0,0,0,0
4919,19.5797661,51.7853800,39.35,0,0,0,0
4920,19.5797373,51.7831316,40.26,0,0,0,0
4921,19.5797085,51.7808832,41.46,0,0,0,0
4922,19.5796797,51.7786348,12.98,0,0,0,0
4923,19.5796509,51.7763865,12.22,0,0,0,0
4924,19.5796221,51.7741381,12.22,0,0,0,0
4925,19.5795933,51.7718897,12.22,0,0,0,0
4926,19.5795645,51.7696413,11.65,0,0,0,0
4927,19.5795357,51.7673929,11.61,0,0,0,0
4928,19.5795069,51.7651445,11.61,0,0,0,0
4929,19.5794781,51.7628961,11.78,0,0,0,0
4930,19.5794493,51.7606477,15.58,0,0,0,0
4931,19.5794205,51.7583994,15.62,0,0,0,0
4932,19.5793918,51.7561510,35.0,0,0,0,0
4933,19.5793630,51.7539026,38.84,0,0,0,0
4934,19.5793342,51.7516542,52.13,0,0,0,0
4935,19.5793054,51.7494058,36.6,0,0,0,0
4936,19.5792767,51.7471574,11.86,0,0,0,0
4937,19.5792479,51.7449090,84.32,0,0,0,0
4938,19.5792192,51.7426606,92.82,0,0,0,0
4939,19.5791904,51.7404122,127.39,0,0,0,0
4940,19.5791617,51.7381638,13.12,0,0,0,0
4941,19.5791329,51.7359154,7.73,0,0,0,0
4942,19.5791042,51.7336670,7.73,0,0,0,0
4943,19.5790755,51.7314186,7.73,0,0,0,0
4944,19.5790467,51.7291702,7.73,0,0,0,0
4945,19.5790180,51.7269218,9.97,0,0,0,0
4946,19.5789893,51.7246734,10.98,0,0,0,0
4947,19.5789606,51.7224250,10.97,0,0,0,0
4948,19.5789318,51.7201766,10.97,0,0,0,0
4949,19.5789031,51.7179282,10.97,0,0,0,0
4950,19.5788744,51.7156797,10.97,0,0,0,0
4951,19.5788457,51.7134313,14.35,0,0,0,0
4952,19.5788170,51.7111829,17.88,0,0,0,0
4953,19.5787883,51.7089345,7.7,0,0,0,0
4954,19.5787596,51.7066861,7.32,0,0,0,0
4955,19.5787309,51.7044377,4.0,0,0,0,0
4956,19.5832972,51.8157175,6.82,0,0,0,0
4957,19.5832682,51.8134692,10.21,0,0,0,0
4958,19.5832392,51.8112208,10.21,0,0,0,0
4959,19.5832102,51.8089724,10.21,0,0,0,0
4960,19.5831811,51.8067240,10.21,0,0,0,0
4961,19.5831521,51.8044757,10.21,0,0,0,0
4962,19.5831231,51.8022273,10.21,0,0,0,0
4963,19.5830941,51.7999789,9.87,0,0,0,0
4964,19.5830651,51.7977306,8.46,0,0,0,0
4965,19.5830361,51.7954822,8.27,0,0,0,0
4966,19.5830071,51.7932338,32.35,0,0,0,0
4967,19.5829781,51.7909854,27.77,0,0,0,0
4968,19.5829491,51.7887370,39.35,0,0,0,0
4969,19.5829202,51.7864887,40.39,0,0,0,0
4970,19.5828912,51.7842403,41.93,0,0,0,0
4971,19.5828622,51.7819919,42.16,0,0,0,0
4972,19.5828332,51.7797435,39.65,0,0,0,0
4973,19.5828043,51.7774951,12.56,0,0,0,0
4974,19.5827753,51.7752468,12.22,0,0,0,0
4975,19.5827463,51.7729984,12.22,0,0,0,0
4976,19.5827174,51.7707500,11.99,0,0,0,0
4977,19.5826884,51.7685016,11.61,0,0,0,0
4978,19.5826595,51.7662532,11.61,0,0,0,0
4979,19.5826305,51.7640048,11.61,0,0,0,0
4980,19.5826016,51.7617564,14.06,0,0,0,0
4981,19.5825727,51.7595080,15.58,0,0,0,0
4982,19.5825437,51.7572597,17.67,0,0,0,0
4983,19.5825148,51.7550113,37.05,0,0,0,0
4984,19.5824859,51.7527629,42.81,0,0,0,0
4985,19.5824570,51.7505145,49.89,0,0,0,0
4986,19.5824280,51.7482661,7.64,0,0,0,0
4987,19.5823991,51.7460177,7.62,0,0,0,0
4988,19.5823702,51.7437693,7.7,0,0,0,0
4989,19.5823413,51.7415209,7.73,0,0,0,0
4990,19.5823124,51.7392725,7.73,0,0,0,0
4991,19.5822835,51.7370241,7.73,0,0,0,0
4992,19.5822546,51.7347757,7.73,0,0,0,0
4993,19.5822257,51.7325273,7.73,0,0,0,0
4994,19.5821968,51.7302789,7.73,0,0,0,0
4995,19.5821679,51.7280305,8.87,0,0,0,0
4996,19.5821391,51.7257821,10.98,0,0,0,0
4997,19.5821102,51.7235337,10.98,0,0,0,0
4998,19.5820813,51.7212853,10.97,0,0,0,0
4999,19.5820524,51.7190369,10.97,0,0,0,0
5000,19.5820236,51.7167885,10.97,0,0,0,0
5001,19.5819947,51.7145401,10.97,0,0,0,0
5002,19.5819658,51.7122916,15.81,0,0,0,0
5003,19.5819370,51.7100432,17.56,0,0,0,0
5004,19.5819081,51.7077948,7.5,0,0,0,0
5005,19.5818793,51.7055464,7.32,0,0,0,0
5006,19.5818505,51.7032980,3.47,0,0,0,0
5007,19.5864535,51.8168261,1.36,0,0,0,0
5008,19.5864243,51.8145777,10.21,0,0,0,0
5009,19.5863951,51.8123294,10.21,0,0,0,0
5010,19.5863659,51.8100810,10.21,0,0,0,0
5011,19.5863367,51.8078326,10.21,0,0,0,0
5012,19.5863076,51.8055842,10.21,0,0,0,0
5013,19.5862784,51.8033359,10.21,0,0,0,0
5014,19.5862492,51.8010875,10.21,0,0,0,0
5015,19.5862201,51.7988391,10.21,0,0,0,0
5016,19.5861909,51.7965908,9.21,0,0,0,0
5017,19.5861618,51.7943424,11.49,0,0,0,0
5018,19.5861326,51.7920940,30.83,0,0,0,0
5019,19.5861035,51.7898456,39.35,0,0,0,0
5020,19.5860743,51.7875972,44.92,0,0,0,0
5021,19.5860452,51.7853489,42.16,0,0,0,0
5022,19.5860161,51.7831005,42.16,0,0,0,0
5023,19.5859869,51.7808521,42.16,0,0,0,0
5024,19.5859578,51.7786037,38.18,0,0,0,0
5025,19.5859287,51.7763553,12.22,0,0,0,0
5026,19.5858996,51.7741070,12.22,0,0,0,0
5027,19.5858705,51.7718586,12.22,0,0,0,0
5028,19.5858414,51.7696102,11.65,0,0,0,0
5029,19.5858122,51.7673618,11.61,0,0,0,0
5030,19.5857831,51.7651134,11.61,0,0,0,0
5031,19.5857540,51.7628650,11.77,0,0,0,0
5032,19.5857250,51.7606166,15.58,0,0,0,0
5033,19.5856959,51.7583683,15.58,0,0,0,0
5034,19.5856668,51.7561199,21.15,0,0,0,0
5035,19.5856377,51.7538715,29.14,0,0,0,0
5036,19.5856086,51.7516231,24.11,0,0,0,0
5037,19.5855795,51.7493747,11.89,0,0,0,0
5038,19.5855505,51.7471263,7.62,0,0,0,0
5039,19.5855214,51.7448779,7.62,0,0,0,0
5040,19.5854923,51.7426295,7.73,0,0,0,0
5041,19.5854633,51.7403811,7.73,0,0,0,0
5042,19.5854342,51.7381327,7.73,0,0,0,0
5043,19.5854052,51.7358843,7.73,0,0,0,0
5044,19.5853761,51.7336359,7.73,0,0,0,0
5045,19.5853471,51.7313875,7.73,0,0,0,0
5046,19.5853180,51.7291391,7.91,0,0,0,0
5047,19.5852890,51.7268907,10.98,0,0,0,0
5048,19.5852599,51.7246423,10.98,0,0,0,0
5049,19.5852309,51.7223939,10.98,0,0,0,0
5050,19.5852019,51.7201455,10.97,0,0,0,0
5051,19.5851729,51.7178971,10.97,0,0,0,0
5052,19.5851438,51.7156487,10.97,0,0,0,0
5053,19.5851148,51.7134003,10.97,0,0,0,0
5054,19.5850858,51.7111519,17.19,0,0,0,0
5055,19.5850568,51.7089035,17.23,0,0,0,0
5056,19.5850278,51.7066551,5.6,0,0,0,0
5057,19.5849988,51.7044066,1.79,0,0,0,0
5058,19.5895805,51.8156862,5.96,0,0,0,0
5059,19.5895512,51.8134378,10.21,0,0,0,0
5060,19.5895218,51.8111895,10.21,0,0,0,0
5061,19.5894925,51.8089411,10.2,0,0,0,0
5062,19.5894632,51.8066927,10.18,0,0,0,0
5063,19.5894338,51.8044444,10.16,0,0,0,0
5064,19.5894045,51.8021960,10.13,0,0,0,0
5065,19.5893752,51.7999476,10.08,0,0,0,0
5066,19.5893459,51.7976992,10.04,0,0,0,0
5067,19.5893166,51.7954509,9.76,0,0,0,0
5068,19.5892873,51.7932025,21.09,0,0,0,0
5069,19.5892580,51.7909541,25.73,0,0,0,0
5070,19.5892287,51.7887057,23.65,0,0,0,0
5071,19.5891994,51.7864574,27.61,0,0,0,0
5072,19.5891701,51.7842090,20.62,0,0,0,0
5073,19.5891408,51.7819606,18.17,0,0,0,0
5074,19.5891115,51.7797122,15.89,0,0,0,0
5075,19.5890822,51.7774638,10.52,0,0,0,0
5076,19.5890530,51.7752155,11.78,0,0,0,0
5077,19.5890237,51.7729671,12.22,0,0,0,0
5078,19.5889944,51.7707187,11.97,0,0,0,0
5079,19.5889652,51.7684703,11.61,0,0,0,0
5080,19.5889359,51.7662219,11.61,0,0,0,0
5081,19.5889066,51.7639735,11.61,0,0,0,0
5082,19.5888774,51.7617252,13.83,0,0,0,0
5083,19.5888481,51.7594768,15.24,0,0,0,0
5084,19.5888189,51.7572284,9.36,0,0,0,0
5085,19.5887897,51.7549800,7.82,0,0,0,0
5086,19.5887604,51.7527316,7.62,0,0,0,0
5087,19.5887312,51.7504832,7.62,0,0,0,0
5088,19.5887020,51.7482348,7.62,0,0,0,0
5089,19.5886727,51.7459864,7.62,0,0,0,0
5090,19.5886435,51.7437380,7.69,0,0,0,0
5091,19.5886143,51.7414896,7.73,0,0,0,0
5092,19.5885851,51.7392412,7.73,0,0,0,0
5093,19.5885559,51.7369928,7.73,0,0,0,0
5094,19.5885267,51.7347445,7.73,0,0,0,0
5095,19.5884975,51.7324961,7.77,0,0,0,0
5096,19.5884683,51.7302477,8.38,0,0,0,0
5097,19.5884391,51.7279993,12.65,0,0,0,0
5098,19.5884099,51.7257509,10.98,0,0,0,0
5099,19.5883807,51.7235025,10.98,0,0,0,0
5100,19.5883515,51.7212541,10.98,0,0,0,0
5101,19.5883223,51.7190056,10.97,0,0,0,0
5102,19.5882931,51.7167572,10.97,0,0,0,0
5103,19.5882640,51.7145088,10.96,0,0,0,0
5104,19.5882348,51.7122604,10.71,0,0,0,0
5105,19.5882056,51.7100120,14.39,0,0,0,0
5106,19.5881765,51.7077636,15.46,0,0,0,0
5107,19.5881473,51.7055152,0.14,0,0,0,0
5108,19.5881182,51.7032668,2.8,0,0,0,0
5109,19.5880890,51.7010184,1.0,0,0,0,0
5110,19.5927369,51.8167946,0.0,0,0,0,0
5111,19.5927074,51.8145462,9.5,0,0,0,0
5112,19.5926779,51.8122979,9.63,0,0,0,0
5113,19.5926484,51.8100495,9.58,0,0,0,0
5114,19.5926189,51.8078011,9.55,0,0,0,0
5115,19.5925894,51.8055528,9.52,0,0,0,0
5116,19.5925600,51.8033044,9.5,0,0,0,0
5117,19.5925305,51.8010560,9.5,0,0,0,0
5118,19.5925010,51.7988076,40.79,0,0,0,0
5119,19.5924716,51.7965593,147.96,0,0,0,0
5120,19.5924421,51.7943109,19.25,0,0,0,0
5121,19.5924126,51.7920625,9.18,0,0,0,0
5122,19.5923832,51.7898142,8.02,0,0,0,0
5123,19.5923537,51.7875658,8.02,0,0,0,0
5124,19.5923243,51.7853174,8.02,0,0,0,0
5125,19.5922948,51.7830690,8.02,0,0,0,0
5126,19.5922654,51.7808206,8.02,0,0,0,0
5127,19.5922359,51.7785723,8.02,0,0,0,0
5128,19.5922065,51.7763239,8.02,0,0,0,0
5129,19.5921771,51.7740755,11.7,0,0,0,0
5130,19.5921477,51.7718271,12.19,0,0,0,0
5131,19.5921182,51.7695787,11.61,0,0,0,0
5132,19.5920888,51.7673304,11.61,0,0,0,0
5133,19.5920594,51.7650820,11.61,0,0,0,0
5134,19.5920300,51.7628336,11.73,0,0,0,0
5135,19.5920006,51.7605852,12.62,0,0,0,0
5136,19.5919712,51.7583368,8.61,0,0,0,0
5137,19.5919418,51.7560884,7.2,0,0,0,0
5138,19.5919124,51.7538400,7.16,0,0,0,0
5139,19.5918830,51.7515917,8.03,0,0,0,0
5140,19.5918536,51.7493433,7.65,0,0,0,0
5141,19.5918242,51.7470949,7.62,0,0,0,0
5142,19.5917948,51.7448465,7.62,0,0,0,0
5143,19.5917655,51.7425981,7.73,0,0,0,0
5144,19.5917361,51.7403497,7.8,0,0,0,0
5145,19.5917067,51.7381013,7.86,0,0,0,0
5146,19.5916774,51.7358529,9.0,0,0,0,0
5147,19.5916480,51.7336045,9.86,0,0,0,0
5148,19.5916186,51.7313561,10.49,0,0,0,0
5149,19.5915893,51.7291077,10.73,0,0,0,0
5150,19.5915599,51.7268593,10.98,0,0,0,0
5151,19.5915306,51.7246109,10.98,0,0,0,0
5152,19.5915013,51.7223625,10.98,0,0,0,0
5153,19.5914719,51.7201141,10.98,0,0,0,0
5154,19.5914426,51.7178657,10.97,0,0,0,0
5155,19.5914132,51.7156173,10.63,0,0,0,0
5156,19.5913839,51.7133689,10.28,0,0,0,0
5157,19.5913546,51.7111205,10.28,0,0,0,0
5158,19.5913253,51.7088721,10.28,0,0,0,0
5159,19.5912960,51.7066237,10.16,0,0,0,0
5160,19.5912667,51.7043753,10.25,0,0,0,0
5161,19.5912373,51.7021269,10.25,0,0,0,0
5162,19.5912080,51.6998785,1.54,0,0,0,0
5163,19.5958638,51.8156545,2.61,0,0,0,0
5164,19.5958341,51.8134062,9.5,0,0,0,0
5165,19.5958045,51.8111578,9.5,0,0,0,0
5166,19.5957748,51.8089094,9.5,0,0,0,0
5167,19.5957452,51.8066611,9.5,0,0,0,0
5168,19.5957156,51.8044127,9.5,0,0,0,0
5169,19.5956859,51.8021643,9.5,0,0,0,0
5170,19.5956563,51.7999160,116.56,0,0,0,0
5171,19.5956267,51.7976676,200.23,0,0,0,0
5172,19.5955970,51.7954192,29.5,0,0,0,0
5173,19.5955674,51.7931709,11.63,0,0,0,0
5174,19.5955378,51.7909225,9.82,0,0,0,0
5175,19.5955082,51.7886741,8.54,0,0,0,0
5176,19.5954786,51.7864257,8.02,0,0,0,0
5177,19.5954490,51.7841774,8.02,0,0,0,0
5178,19.5954194,51.7819290,8.02,0,0,0,0
5179,19.5953898,51.7796806,8.02,0,0,0,0
5180,19.5953602,51.7774322,8.02,0,0,0,0
5181,19.5953306,51.7751838,8.02,0,0,0,0
5182,19.5953010,51.7729355,9.82,0,0,0,0
5183,19.5952715,51.7706871,11.05,0,0,0,0
5184,19.5952419,51.7684387,11.17,0,0,0,0
5185,19.5952123,51.7661903,10.61,0,0,0,0
5186,19.5951827,51.7639419,9.03,0,0,0,0
5187,19.5951532,51.7616936,7.15,0,0,0,0
5188,19.5951236,51.7594452,7.07,0,0,0,0
5189,19.5950941,51.7571968,7.07,0,0,0,0
5190,19.5950645,51.7549484,7.07,0,0,0,0
5191,19.5950350,51.7527000,9.31,0,0,0,0
5192,19.5950054,51.7504516,13.93,0,0,0,0
5193,19.5949759,51.7482032,10.1,0,0,0,0
5194,19.5949463,51.7459548,7.62,0,0,0,0
5195,19.5949168,51.7437064,7.96,0,0,0,0
5196,19.5948873,51.7414581,10.26,0,0,0,0
5197,19.5948577,51.7392097,10.39,0,0,0,0
5198,19.5948282,51.7369613,10.67,0,0,0,0
5199,19.5947987,51.7347129,10.54,0,0,0,0
5200,19.5947692,51.7324645,10.54,0,0,0,0
5201,19.5947397,51.7302161,10.55,0,0,0,0
5202,19.5947102,51.7279677,10.98,0,0,0,0
5203,19.5946807,51.7257193,10.98,0,0,0,0
5204,19.5946512,51.7234709,10.98,0,0,0,0
5205,19.5946217,51.7212225,10.98,0,0,0,0
5206,19.5945922,51.7189741,10.98,0,0,0,0
5207,19.5945627,51.7167257,10.59,0,0,0,0
5208,19.5945332,51.7144773,10.28,0,0,0,0
5209,19.5945037,51.7122289,10.28,0,0,0,0
5210,19.5944742,51.7099805,10.28,0,0,0,0
5211,19.5944448,51.7077321,10.28,0,0,0,0
5212,19.5944153,51.7054837,10.28,0,0,0,0
5213,19.5943858,51.7032353,10.28,0,0,0,0
5214,19.5943564,51.7009869,10.28,0,0,0,0
5215,19.5943269,51.6987384,2.03,0,0,0,0
5216,19.5989905,51.8145144,7.3,0,0,0,0
5217,19.5989607,51.8122660,9.5,0,0,0,0
5218,19.5989309,51.8100177,9.5,0,0,0,0
5219,19.5989011,51.8077693,9.5,0,0,0,0
5220,19.5988713,51.8055209,9.5,0,0,0,0
5221,19.5988415,51.8032726,9.5,0,0,0,0
5222,19.5988117,51.8010242,9.5,0,0,0,0
5223,19.5987819,51.7987758,57.44,0,0,0,0
5224,19.5987522,51.7965275,26.13,0,0,0,0
5225,19.5987224,51.7942791,15.7,0,0,0,0
5226,19.5986926,51.7920307,9.88,0,0,0,0
5227,19.5986628,51.7897823,9.88,0,0,0,0
5228,19.5986331,51.7875340,9.32,0,0,0,0
5229,19.5986033,51.7852856,8.19,0,0,0,0
5230,19.5985736,51.7830372,8.02,0,0,0,0
5231,19.5985438,51.7807889,8.02,0,0,0,0
5232,19.5985141,51.7785405,8.02,0,0,0,0
5233,19.5984843,51.7762921,8.02,0,0,0,0
5234,19.5984546,51.7740437,7.82,0,0,0,0
5235,19.5984248,51.7717953,7.08,0,0,0,0
5236,19.5983951,51.7695470,7.1,0,0,0,0
5237,19.5983654,51.7672986,7.1,0,0,0,0
5238,19.5983356,51.7650502,7.07,0,0,0,0
5239,19.5983059,51.7628018,7.07,0,0,0,0
5240,19.5982762,51.7605534,7.07,0,0,0,0
5241,19.5982465,51.7583050,7.07,0,0,0,0
5242,19.5982168,51.7560567,7.07,0,0,0,0
5243,19.5981871,51.7538083,10.45,0,0,0,0
5244,19.5981574,51.7515599,13.0,0,0,0,0
5245,19.5981277,51.7493115,13.99,0,0,0,0
5246,19.5980980,51.7470631,12.33,0,0,0,0
5247,19.5980683,51.7448147,9.92,0,0,0,0
5248,19.5980386,51.7425663,9.84,0,0,0,0
5249,19.5980089,51.7403179,10.54,0,0,0,0
5250,19.5979792,51.7380696,10.54,0,0,0,0
5251,19.5979496,51.7358212,10.54,0,0,0,0
5252,19.5979199,51.7335728,10.54,0,0,0,0
5253,19.5978902,51.7313244,10.54,0,0,0,0
5254,19.5978605,51.7290760,10.88,0,0,0,0
5255,19.5978309,51.7268276,10.92,0,0,0,0
5256,19.5978012,51.7245792,10.98,0,0,0,0
5257,19.5977716,51.7223308,10.98,0,0,0,0
5258,19.5977419,51.7200824,10.98,0,0,0,0
5259,19.5977123,51.7178340,10.98,0,0,0,0
5260,19.5976826,51.7155856,10.61,0,0,0,0
5261,19.5976530,51.7133372,10.28,0,0,0,0
5262,19.5976234,51.7110888,10.28,0,0,0,0
5263,19.5975937,51.7088404,10.28,0,0,0,0
5264,19.5975641,51.7065920,10.28,0,0,0,0
5265,19.5975345,51.7043436,10.28,0,0,0,0
5266,19.5975049,51.7020952,10.28,0,0,0,0
5267,19.5974753,51.6998468,10.28,0,0,0,0
5268,19.5974457,51.6975983,2.49,0,0,0,0
5269,19.6021470,51.8156225,2.36,0,0,0,0
5270,19.6021171,51.8133742,9.5,0,0,0,0
5271,19.6020871,51.8111258,9.5,0,0,0,0
5272,19.6020572,51.8088774,9.5,0,0,0,0
5273,19.6020272,51.8066291,9.5,0,0,0,0
5274,19.6019973,51.8043807,9.5,0,0,0,0
5275,19.6019673,51.8021323,9.5,0,0,0,0
5276,19.6019374,51.7998840,18.58,0,0,0,0
5277,19.6019074,51.7976356,26.73,0,0,0,0
5278,19.6018775,51.7953872,17.55,0,0,0,0
5279,19.6018476,51.7931389,12.79,0,0,0,0
5280,19.6018176,51.7908905,9.88,0,0,0,0
5281,19.6017877,51.7886421,9.88,0,0,0,0
5282,19.6017578,51.7863938,9.87,0,0,0,0
5283,19.6017279,51.7841454,8.66,0,0,0,0
5284,19.6016980,51.7818970,8.02,0,0,0,0
5285,19.6016681,51.7796486,8.02,0,0,0,0
5286,19.6016382,51.7774003,8.02,0,0,0,0
5287,19.6016083,51.7751519,7.64,0,0,0,0
5288,19.6015784,51.7729035,7.07,0,0,0,0
5289,19.6015485,51.7706551,7.07,0,0,0,0
5290,19.6015186,51.7684068,7.07,0,0,0,0
5291,19.6014887,51.7661584,7.07,0,0,0,0
5292,19.6014588,51.7639100,7.07,0,0,0,0
5293,19.6014289,51.7616616,7.07,0,0,0,0
5294,19.6013991,51.7594132,7.07,0,0,0,0
5295,19.6013692,51.7571648,7.09,0,0,0,0
5296,19.6013393,51.7549165,11.64,0,0,0,0
5297,19.6013095,51.7526681,12.99,0,0,0,0
5298,19.6012796,51.7504197,12.99,0,0,0,0
5299,19.6012498,51.7481713,13.85,0,0,0,0
5300,19.6012199,51.7459229,14.21,0,0,0,0
5301,19.6011901,51.7436745,14.21,0,0,0,0
5302,19.6011602,51.7414261,17.84,0,0,0,0
5303,19.6011304,51.7391777,11.33,0,0,0,0
5304,19.6011006,51.7369294,10.54,0,0,0,0
5305,19.6010707,51.7346810,10.54,0,0,0,0
5306,19.6010409,51.7324326,10.54,0,0,0,0
5307,19.6010111,51.7301842,10.36,0,0,0,0
5308,19.6009813,51.7279358,9.14,0,0,0,0
5309,19.6009515,51.7256874,10.46,0,0,0,0
5310,19.6009216,51.7234390,10.98,0,0,0,0
5311,19.6008918,51.7211906,10.98,0,0,0,0
5312,19.6008620,51.7189422,10.98,0,0,0,0
5313,19.6008322,51.7166938,10.24,0,0,0,0
5314,19.6008024,51.7144454,9.63,0,0,0,0
5315,19.6007726,51.7121970,10.28,0,0,0,0
5316,19.6007429,51.7099486,10.28,0,0,0,0
5317,19.6007131,51.7077002,10.28,0,0,0,0
5318,19.6006833,51.7054518,10.28,0,0,0,0
5319,19.6006535,51.7032034,10.28,0,0,0,0
5320,19.6006238,51.7009550,10.11,0,0,0,0
5321,19.6005940,51.6987066,6.23,0,0,0,0
5322,19.6005642,51.6964582,0.07,0,0,0,0
5323,19.6052736,51.8144822,7.88,0,0,0,0
5324,19.6052435,51.8122339,9.5,0,0,0,0
5325,19.6052134,51.8099855,9.5,0,0,0,0
5326,19.6051833,51.8077371,9.5,0,0,0,0
5327,19.6051532,51.8054888,9.5,0,0,0,0
5328,19.6051231,51.8032404,9.5,0,0,0,0
5329,19.6050929,51.8009920,22.03,0,0,0,0
5330,19.6050629,51.7987437,26.73,0,0,0,0
5331,19.6050328,51.7964953,20.19,0,0,0,0
5332,19.6050027,51.7942469,16.15,0,0,0,0
5333,19.6049726,51.7919986,10.11,0,0,0,0
5334,19.6049425,51.7897502,9.88,0,0,0,0
5335,19.6049124,51.7875018,9.88,0,0,0,0
5336,19.6048824,51.7852535,9.88,0,0,0,0
5337,19.6048523,51.7830051,9.43,0,0,0,0
5338,19.6048222,51.7807567,8.13,0,0,0,0
5339,19.6047922,51.7785083,8.02,0,0,0,0
5340,19.6047621,51.7762600,7.44,0,0,0,0
5341,19.6047320,51.7740116,7.07,0,0,0,0
5342,19.6047020,51.7717632,7.07,0,0,0,0
5343,19.6046720,51.7695148,7.07,0,0,0,0
5344,19.6046419,51.7672665,7.07,0,0,0,0
5345,19.6046119,51.7650181,7.07,0,0,0,0
5346,19.6045818,51.7627697,7.07,0,0,0,0
5347,19.6045518,51.7605213,7.07,0,0,0,0
5348,19.6045218,51.7582729,7.64,0,0,0,0
5349,19.6044918,51.7560246,12.64,0,0,0,0
5350,19.6044617,51.7537762,12.99,0,0,0,0
5351,19.6044317,51.7515278,12.99,0,0,0,0
5352,19.6044017,51.7492794,12.99,0,0,0,0
5353,19.6043717,51.7470310,13.69,0,0,0,0
5354,19.6043417,51.7447826,18.63,0,0,0,0
5355,19.6043117,51.7425342,45.73,0,0,0,0
5356,19.6042817,51.7402859,117.95,0,0,0,0
5357,19.6042517,51.7380375,44.9,0,0,0,0
5358,19.6042217,51.7357891,10.54,0,0,0,0
5359,19.6041918,51.7335407,10.54,0,0,0,0
5360,19.6041618,51.7312923,9.93,0,0,0,0
5361,19.6041318,51.7290439,8.59,0,0,0,0
5362,19.6041018,51.7267955,8.59,0,0,0,0
5363,19.6040719,51.7245471,10.38,0,0,0,0
5364,19.6040419,51.7222987,10.75,0,0,0,0
5365,19.6040119,51.7200503,9.98,0,0,0,0
5366,19.6039820,51.7178019,8.78,0,0,0,0
5367,19.6039520,51.7155535,8.59,0,0,0,0
5368,19.6039221,51.7133051,9.41,0,0,0,0
5369,19.6038921,51.7110567,10.28,0,0,0,0
5370,19.6038622,51.7088083,10.28,0,0,0,0
5371,19.6038323,51.7065599,10.28,0,0,0,0
5372,19.6038023,51.7043115,10.28,0,0,0,0
5373,19.6037724,51.7020631,6.63,0,0,0,0
5374,19.6037425,51.6998147,0.03,0,0,0,0
5375,19.6084303,51.8155902,1.14,0,0,0,0
5376,19.6084000,51.8133418,9.5,0,0,0,0
5377,19.6083697,51.8110935,9.5,0,0,0,0
5378,19.6083395,51.8088451,9.5,0,0,0,0
5379,19.6083092,51.8065968,9.5,0,0,0,0
5380,19.6082789,51.8043484,10.47,0,0,0,0
5381,19.6082487,51.8021000,25.04,0,0,0,0
5382,19.6082184,51.7998517,26.73,0,0,0,0
5383,19.6081882,51.7976033,23.02,0,0,0,0
5384,19.6081579,51.7953549,16.15,0,0,0,0
5385,19.6081277,51.7931066,14.06,0,0,0,0
5386,19.6080974,51.7908582,9.88,0,0,0,0
5387,19.6080672,51.7886098,9.88,0,0,0,0
5388,19.6080370,51.7863615,9.88,0,0,0,0
5389,19.6080068,51.7841131,9.88,0,0,0,0
5390,19.6079765,51.7818647,9.88,0,0,0,0
5391,19.6079463,51.7796163,8.76,0,0,0,0
5392,19.6079161,51.7773680,7.24,0,0,0,0
5393,19.6078859,51.7751196,7.07,0,0,0,0
5394,19.6078557,51.7728712,7.07,0,0,0,0
5395,19.6078255,51.7706228,7.07,0,0,0,0
5396,19.6077953,51.7683745,7.07,0,0,0,0
5397,19.6077651,51.7661261,7.07,0,0,0,0
5398,19.6077349,51.7638777,7.07,0,0,0,0
5399,19.6077047,51.7616293,7.07,0,0,0,0
5400,19.6076745,51.7593810,10.32,0,0,0,0
5401,19.6076443,51.7571326,16.21,0,0,0,0
5402,19.6076142,51.7548842,12.99,0,0,0,0
5403,19.6075840,51.7526358,12.99,0,0,0,0
5404,19.6075538,51.7503874,12.99,0,0,0,0
5405,19.6075237,51.7481390,12.99,0,0,0,0
5406,19.6074935,51.7458907,20.63,0,0,0,0
5407,19.6074633,51.7436423,45.92,0,0,0,0
5408,19.6074332,51.7413939,117.86,0,0,0,0
5409,19.6074030,51.7391455,94.63,0,0,0,0
5410,19.6073729,51.7368971,53.08,0,0,0,0
5411,19.6073427,51.7346487,14.05,0,0,0,0
5412,19.6073126,51.7324003,10.47,0,0,0,0
5413,19.6072825,51.7301519,8.59,0,0,0,0
5414,19.6072524,51.7279035,8.59,0,0,0,0
5415,19.6072222,51.7256552,8.59,0,0,0,0
5416,19.6071921,51.7234068,8.9,0,0,0,0
5417,19.6071620,51.7211584,8.62,0,0,0,0
5418,19.6071319,51.7189100,8.59,0,0,0,0
5419,19.6071018,51.7166616,8.59,0,0,0,0
5420,19.6070717,51.7144132,8.59,0,0,0,0
5421,19.6070416,51.7121648,9.37,0,0,0,0
5422,19.6070115,51.7099164,10.28,0,0,0,0
5423,19.6069814,51.7076680,10.28,0,0,0,0
5424,19.6069513,51.7054196,10.28,0,0,0,0
5425,19.6069212,51.7031712,10.28,0,0,0,0
5426,19.6068911,51.7009228,9.88,0,0,0,0
5427,19.6068610,51.6986744,4.48,0,0,0,0
5428,19.6115567,51.8144497,2.86,0,0,0,0
5429,19.6115263,51.8122014,9.5,0,0,0,0
5430,19.6114958,51.8099530,9.5,0,0,0,0
5431,19.6114654,51.8077046,9.5,0,0,0,0
5432,19.6114350,51.8054563,13.12,0,0,0,0
5433,19.6114046,51.8032079,26.65,0,0,0,0
5434,19.6113742,51.8009596,26.73,0,0,0,0
5435,19.6113438,51.7987112,25.53,0,0,0,0
5436,19.6113133,51.7964628,16.15,0,0,0,0
5437,19.6112829,51.7942145,16.15,0,0,0,0
5438,19.6112525,51.7919661,10.99,0,0,0,0
5439,19.6112222,51.7897177,9.88,0,0,0,0
5440,19.6111918,51.7874694,9.88,0,0,0,0
5441,19.6111614,51.7852210,9.88,0,0,0,0
5442,19.6111310,51.7829726,9.88,0,0,0,0
5443,19.6111006,51.7807243,8.4,0,0,0,0
5444,19.6110702,51.7784759,1.58,0,0,0,0
5445,19.6110399,51.7762275,6.3,0,0,0,0
5446,19.6110095,51.7739791,7.07,0,0,0,0
5447,19.6109792,51.7717308,7.07,0,0,0,0
5448,19.6109488,51.7694824,7.07,0,0,0,0
5449,19.6109184,51.7672340,7.07,0,0,0,0
5450,19.6108881,51.7649856,7.07,0,0,0,0
5451,19.6108577,51.7627373,7.07,0,0,0,0
5452,19.6108274,51.7604889,12.85,0,0,0,0
5453,19.6107971,51.7582405,19.25,0,0,0,0
5454,19.6107667,51.7559921,18.84,0,0,0,0
5455,19.6107364,51.7537437,14.72,0,0,0,0
5456,19.6107061,51.7514954,12.99,0,0,0,0
5457,19.6106758,51.7492470,12.99,0,0,0,0
5458,19.6106454,51.7469986,12.99,0,0,0,0
5459,19.6106151,51.7447502,19.07,0,0,0,0
5460,19.6105848,51.7425018,38.35,0,0,0,0
5461,19.6105545,51.7402534,80.23,0,0,0,0
5462,19.6105242,51.7380051,85.81,0,0,0,0
5463,19.6104939,51.7357567,85.81,0,0,0,0
5464,19.6104636,51.7335083,38.04,0,0,0,0
5465,19.6104333,51.7312599,9.12,0,0,0,0
5466,19.6104030,51.7290115,8.59,0,0,0,0
5467,19.6103727,51.7267631,8.59,0,0,0,0
5468,19.6103425,51.7245147,8.59,0,0,0,0
5469,19.6103122,51.7222663,8.59,0,0,0,0
5470,19.6102819,51.7200179,8.59,0,0,0,0
5471,19.6102517,51.7177695,8.59,0,0,0,0
5472,19.6102214,51.7155211,8.59,0,0,0,0
5473,19.6101911,51.7132727,8.59,0,0,0,0
5474,19.6101609,51.7110243,9.32,0,0,0,0
5475,19.6101306,51.7087759,10.28,0,0,0,0
5476,19.6101004,51.7065275,10.28,0,0,0,0
5477,19.6100701,51.7042791,10.28,0,0,0,0
5478,19.6100399,51.7020307,8.52,0,0,0,0
5479,19.6100097,51.6997823,3.08,0,0,0,0
5480,19.6146829,51.8133092,6.39,0,0,0,0
5481,19.6146524,51.8110608,4.35,0,0,0,0
5482,19.6146218,51.8088124,2.81,0,0,0,0
5483,19.6145912,51.8065641,7.84,0,0,0,0
5484,19.6145606,51.8043157,24.29,0,0,0,0
5485,19.6145300,51.8020674,26.73,0,0,0,0
5486,19.6144995,51.7998190,26.73,0,0,0,0
5487,19.6144689,51.7975706,16.96,0,0,0,0
5488,19.6144384,51.7953223,16.15,0,0,0,0
5489,19.6144078,51.7930739,15.14,0,0,0,0
5490,19.6143773,51.7908256,9.88,0,0,0,0
5491,19.6143467,51.7885772,9.88,0,0,0,0
5492,19.6143162,51.7863288,9.88,0,0,0,0
5493,19.6142856,51.7840805,9.88,0,0,0,0
5494,19.6142551,51.7818321,6.4,0,0,0,0
5495,19.6141635,51.7750870,3.56,0,0,0,0
5496,19.6141330,51.7728386,7.07,0,0,0,0
5497,19.6141025,51.7705902,7.07,0,0,0,0
5498,19.6140720,51.7683419,7.07,0,0,0,0
5499,19.6140414,51.7660935,7.07,0,0,0,0
5500,19.6140109,51.7638451,7.07,0,0,0,0
5501,19.6139804,51.7615967,15.28,0,0,0,0
5502,19.6139499,51.7593483,19.25,0,0,0,0
5503,19.6139195,51.7571000,19.25,0,0,0,0
5504,19.6138890,51.7548516,19.25,0,0,0,0
5505,19.6138585,51.7526032,17.72,0,0,0,0
5506,19.6138280,51.7503548,13.55,0,0,0,0
5507,19.6137975,51.7481064,12.99,0,0,0,0
5508,19.6137671,51.7458581,56.81,0,0,0,0
5509,19.6137366,51.7436097,148.71,0,0,0,0
5510,19.6137061,51.7413613,43.18,0,0,0,0
5511,19.6136757,51.7391129,94.98,0,0,0,0
5512,19.6136452,51.7368645,125.37,0,0,0,0
5513,19.6136148,51.7346161,44.93,0,0,0,0
5514,19.6135843,51.7323678,34.16,0,0,0,0
5515,19.6135539,51.7301194,13.16,0,0,0,0
5516,19.6135234,51.7278710,8.59,0,0,0,0
5517,19.6134930,51.7256226,8.59,0,0,0,0
5518,19.6134626,51.7233742,8.59,0,0,0,0
5519,19.6134321,51.7211258,8.59,0,0,0,0
5520,19.6134017,51.7188774,8.59,0,0,0,0
5521,19.6133713,51.7166290,8.59,0,0,0,0
5522,19.6133409,51.7143806,8.59,0,0,0,0
5523,19.6133105,51.7121322,8.59,0,0,0,0
5524,19.6132800,51.7098838,9.28,0,0,0,0
5525,19.6132496,51.7076354,10.28,0,0,0,0
5526,19.6132192,51.7053870,7.71,0,0,0,0
5527,19.6131888,51.7031386,2.15,0,0,0,0
5528,19.6178398,51.8144169,0.15,0,0,0,0
5529,19.6176861,51.8031751,5.28,0,0,0,0
5530,19.6176554,51.8009267,13.61,0,0,0,0
5531,19.6176246,51.7986784,13.08,0,0,0,0
5532,19.6175939,51.7964300,13.06,0,0,0,0
5533,19.6175632,51.7941816,15.01,0,0,0,0
5534,19.6175325,51.7919333,8.89,0,0,0,0
5535,19.6175018,51.7896849,4.79,0,0,0,0
5536,19.6174711,51.7874366,3.73,0,0,0,0
5537,19.6174404,51.7851882,3.07,0,0,0,0
5538,19.6174097,51.7829398,3.93,0,0,0,0
5539,19.6172870,51.7739463,0.82,0,0,0,0
5540,19.6172563,51.7716980,5.87,0,0,0,0
5541,19.6172256,51.7694496,7.07,0,0,0,0
5542,19.6171950,51.7672012,7.07,0,0,0,0
5543,19.6171643,51.7649529,6.82,0,0,0,0
5544,19.6171336,51.7627045,13.1,0,0,0,0
5545,19.6171030,51.7604561,19.25,0,0,0,0
5546,19.6170723,51.7582077,19.25,0,0,0,0
5547,19.6170417,51.7559594,19.25,0,0,0,0
5548,19.6170110,51.7537110,19.25,0,0,0,0
5549,19.6169804,51.7514626,19.25,0,0,0,0
5550,19.6169498,51.7492142,17.6,0,0,0,0
5551,19.6169191,51.7469658,118.54,0,0,0,0
5552,19.6168885,51.7447175,166.62,0,0,0,0
5553,19.6168579,51.7424691,138.86,0,0,0,0
5554,19.6168273,51.7402207,47.13,0,0,0,0
5555,19.6167967,51.7379723,80.1,0,0,0,0
5556,19.6167661,51.7357239,36.66,0,0,0,0
5557,19.6167355,51.7334755,37.92,0,0,0,0
5558,19.6167049,51.7312271,37.92,0,0,0,0
5559,19.6166743,51.7289788,22.23,0,0,0,0
5560,19.6166437,51.7267304,8.59,0,0,0,0
5561,19.6166131,51.7244820,8.59,0,0,0,0
5562,19.6165825,51.7222336,8.59,0,0,0,0
5563,19.6165519,51.7199852,8.59,0,0,0,0
5564,19.6165213,51.7177368,8.59,0,0,0,0
5565,19.6164908,51.7154884,8.59,0,0,0,0
5566,19.6164602,51.7132400,8.59,0,0,0,0
5567,19.6164296,51.7109916,8.59,0,0,0,0
5568,19.6163991,51.7087432,6.03,0,0,0,0
5569,19.6163685,51.7064948,1.31,0,0,0,0
5570,19.6207188,51.7952893,0.06,0,0,0,0
5571,19.6206879,51.7930409,0.97,0,0,0,0
5572,19.6203794,51.7705573,2.97,0,0,0,0
5573,19.6203486,51.7683089,7.07,0,0,0,0
5574,19.6203178,51.7660605,5.73,0,0,0,0
5575,19.6202870,51.7638122,0.09,0,0,0,0
5576,19.6202562,51.7615638,6.24,0,0,0,0
5577,19.6202254,51.7593154,19.03,0,0,0,0
5578,19.6201946,51.7570670,19.19,0,0,0,0
5579,19.6201638,51.7548187,19.25,0,0,0,0
5580,19.6201330,51.7525703,19.25,0,0,0,0
5581,19.6201022,51.7503219,23.36,0,0,0,0
5582,19.6200714,51.7480735,36.21,0,0,0,0
5583,19.6200406,51.7458251,127.39,0,0,0,0
5584,19.6200098,51.7435768,139.14,0,0,0,0
5585,19.6199791,51.7413284,117.57,0,0,0,0
5586,19.6199483,51.7390800,58.37,0,0,0,0
5587,19.6199175,51.7368316,54.98,0,0,0,0
5588,19.6198868,51.7345832,33.11,0,0,0,0
5589,19.6198560,51.7323348,36.7,0,0,0,0
5590,19.6198252,51.7300865,29.5,0,0,0,0
5591,19.6197945,51.7278381,27.27,0,0,0,0
5592,19.6197637,51.7255897,9.78,0,0,0,0
5593,19.6197330,51.7233413,8.59,0,0,0,0
5594,19.6197023,51.7210929,8.59,0,0,0,0
5595,19.6196715,51.7188445,8.59,0,0,0,0
5596,19.6196408,51.7165961,8.59,0,0,0,0
5597,19.6196101,51.7143477,8.58,0,0,0,0
5598,19.6195793,51.7120993,4.87,0,0,0,0
5599,19.6195486,51.7098509,0.53,0,0,0,0
5600,19.6235024,51.7694165,0.41,0,0,0,0
5601,19.6234715,51.7671681,3.27,0,0,0,0
5602,19.6233786,51.7604230,0.11,0,0,0,0
5603,19.6233476,51.7581746,11.31,0,0,0,0
5604,19.6233166,51.7559262,7.65,0,0,0,0
5605,19.6232857,51.7536779,24.13,0,0,0,0
5606,19.6232547,51.7514295,25.02,0,0,0,0
5607,19.6232238,51.7491811,29.84,0,0,0,0
5608,19.6231929,51.7469327,63.4,0,0,0,0
5609,19.6231619,51.7446844,85.75,0,0,0,0
5610,19.6231310,51.7424360,121.23,0,0,0,0
5611,19.6231001,51.7401876,97.57,0,0,0,0
5612,19.6230691,51.7379392,68.85,0,0,0,0
5613,19.6230382,51.7356908,60.55,0,0,0,0
5614,19.6230073,51.7334425,36.72,0,0,0,0
5615,19.6229764,51.7311941,28.35,0,0,0,0
5616,19.6229455,51.7289457,28.35,0,0,0,0
5617,19.6229146,51.7266973,27.67,0,0,0,0
5618,19.6228837,51.7244489,9.25,0,0,0,0
5619,19.6228528,51.7222005,8.59,0,0,0,0
5620,19.6228219,51.7199521,8.59,0,0,0,0
5621,19.6227910,51.7177037,8.16,0,0,0,0
5622,19.6227601,51.7154554,3.87,0,0,0,0
5623,19.6227292,51.7132070,0.08,0,0,0,0
5624,19.6264386,51.7547854,20.72,0,0,0,0
5625,19.6264074,51.7525370,27.06,0,0,0,0
5626,19.6263763,51.7502886,35.95,0,0,0,0
5627,19.6263452,51.7480403,67.1,0,0,0,0
5628,19.6263142,51.7457919,68.24,0,0,0,0
5629,19.6262831,51.7435435,70.08,0,0,0,0
5630,19.6262520,51.7412951,80.36,0,0,0,0
5631,19.6262209,51.7390467,92.44,0,0,0,0
5632,19.6261898,51.7367984,71.04,0,0,0,0
5633,19.6261587,51.7345500,61.25,0,0,0,0
5634,19.6261277,51.7323016,31.89,0,0,0,0
5635,19.6260966,51.7300532,28.35,0,0,0,0
5636,19.6260655,51.7278048,28.35,0,0,0,0
5637,19.6260345,51.7255564,26.93,0,0,0,0
5638,19.6260034,51.7233081,8.79,0,0,0,0
5639,19.6259724,51.7210597,7.58,0,0,0,0
5640,19.6259413,51.7188113,3.09,0,0,0,0
5641,19.6295916,51.7558928,3.6,0,0,0,0
5642,19.6295603,51.7536444,27.06,0,0,0,0
5643,19.6295290,51.7513961,27.06,0,0,0,0
5644,19.6294978,51.7491477,17.7,0,0,0,0
5645,19.6294665,51.7468993,1.66,0,0,0,0
5646,19.6294353,51.7446509,3.63,0,0,0,0
5647,19.6294040,51.7424026,5.99,0,0,0,0
5648,19.6293728,51.7401542,10.43,0,0,0,0
5649,19.6293416,51.7379058,18.6,0,0,0,0
5650,19.6293103,51.7356574,16.24,0,0,0,0
5651,19.6292791,51.7334090,16.94,0,0,0,0
5652,19.6292479,51.7311607,10.96,0,0,0,0
5653,19.6292167,51.7289123,12.9,0,0,0,0
5654,19.6291855,51.7266639,14.85,0,0,0,0
5655,19.6291542,51.7244155,14.08,0,0,0,0
5656,19.6291230,51.7221671,2.31,0,0,0,0
5657,19.6327133,51.7547518,17.38,0,0,0,0
5658,19.6326819,51.7525034,27.06,0,0,0,0
5659,19.6326505,51.7502550,7.51,0,0,0,0
5660,19.6358665,51.7558590,1.12,0,0,0,0
5661,19.6358349,51.7536107,24.88,0,0,0,0
5662,19.6358034,51.7513623,2.28,0,0,0,0
5663,19.6389881,51.7547178,6.99,0,0,0,0
5664,19.6389564,51.7524695,0.0,0,0,0,0
mp/11591119,19.4690166,51.7568509,0,1,0,0,0
mp/w88825592,19.4767229,51.7509886,0,1,0,0,0
mp/w101350371,19.5338952,51.7807166,0,1,0,0,0
mp/w101370836,19.4042791,51.7930724,0,1,0,0,0
mp/w102980572,19.4230176,51.8203276,0,1,0,0,0
mp/w103000058,19.4258228,51.8179113,0,1,0,0,0
mp/w103004822,19.4714959,51.7794312,0,1,0,0,0
mp/w103526304,19.4905946,51.7747733,0,1,0,0,0
mp/w105116071,19.4677165,51.7262183,0,1,0,0,0
mp/w106780763,19.4659973,51.7918671,0,1,0,0,0
mp/w112391229,19.3442850,51.6559605,0,1,0,0,0
mp/w112398657,19.3299815,51.6566390,0,1,0,0,0
mp/w119370159,19.3867154,51.6856522,0,1,0,0,0
mp/w124532736,19.4535135,51.7939992,0,1,0,0,0
mp/w124532756,19.4538189,51.7938000,0,1,0,0,0
mp/w128875646,19.3538330,51.6688040,0,1,0,0,0
mp/w129042860,19.6354136,51.8499596,0,1,0,0,0
mp/w132539793,19.4185750,51.6626866,0,1,0,0,0
mp/w132904774,19.2870417,51.6441711,0,1,0,0,0
mp/w132954939,19.4318694,51.7158836,0,1,0,0,0
mp/w135762660,19.4851996,51.7662469,0,1,0,0,0
mp/w149827958,19.3761409,51.6628113,0,1,0,0,0
mp/w165776817,19.3304210,51.6595474,0,1,0,0,0
mp/w165786001,19.3478392,51.6664247,0,1,0,0,0
mp/w165840089,19.3559868,51.6705237,0,1,0,0,0
mp/w165840191,19.3563275,51.6698213,0,1,0,0,0
mp/w171449120,19.3884483,51.7472024,0,1,0,0,0
mp/w171561195,19.4408055,51.7004698,0,1,0,0,0
mp/w172170169,19.4440514,51.7306103,0,1,0,0,0
mp/w173690470,19.3874452,51.7946688,0,1,0,0,0
mp/w174542160,19.4547579,51.8038977,0,1,0,0,0
mp/w174638544,19.4401549,51.7801847,0,1,0,0,0
mp/w175758281,19.5602689,51.7415775,0,1,0,0,0
mp/w176868455,19.2937731,51.6787337,0,1,0,0,0
mp/w176877430,19.4029337,51.7641343,0,1,0,0,0
mp/w177295103,19.4255486,51.7047217,0,1,0,0,0
mp/w178200747,19.5453023,51.7109217,0,1,0,0,0
mp/w178283860,19.4635248,51.7637288,0,1,0,0,0
mp/w178288921,19.4662842,51.7281810,0,1,0,0,0
mp/w178479599,19.4238498,51.7520027,0,1,0,0,0
mp/w179581625,19.3225649,51.7908931,0,1,0,0,0
mp/w188086606,19.4463871,51.7554174,0,1,0,0,0
mp/w201543322,19.2176062,51.7702450,0,1,0,0,0
mp/w209291088,19.3788203,51.6550708,0,1,0,0,0
mp/w222695306,19.3848227,51.7795459,0,1,0,0,0
mp/w238370464,19.3881864,51.7474756,0,1,0,0,0
mp/w243109153,19.4514720,51.7735747,0,1,0,0,0
mp/w255614305,19.4423843,51.7633895,0,1,0,0,0
mp/w255854318,19.3900407,51.7956911,0,1,0,0,0
mp/w256775162,19.5099525,51.7625123,0,1,0,0,0
mp/w260254419,19.3897943,51.8006637,0,1,0,0,0
mp/w271252108,19.4460517,51.7114008,0,1,0,0,0
mp/w277525353,19.4919237,51.7423403,0,1,0,0,0
mp/w298557776,19.4486335,51.7947347,0,1,0,0,0
mp/w305970214,19.4436639,51.8241076,0,1,0,0,0
mp/w309048674,19.4868871,51.7947279,0,1,0,0,0
mp/w313238879,19.4540967,51.7938799,0,1,0,0,0
mp/w313238880,19.4536562,51.7938642,0,1,0,0,0
mp/w313238881,19.4539838,51.7938593,0,1,0,0,0
mp/w314487712,19.5027031,51.7409901,0,1,0,0,0
mp/w317163737,19.5448677,51.7609149,0,1,0,0,0
mp/w318807496,19.4778594,51.7616312,0,1,0,0,0
mp/w318976354,19.4843080,51.7551315,0,1,0,0,0
mp/w319393888,19.4583561,51.7967581,0,1,0,0,0
mp/w319493079,19.6818244,51.8842173,0,1,0,0,0
mp/w321034219,19.4308600,51.8263218,0,1,0,0,0
mp/w327877752,19.4587687,51.6417222,0,1,0,0,0
mp/w331588689,19.6344897,51.7208273,0,1,0,0,0
mp/w340202443,19.5007506,51.7442889,0,1,0,0,0
mp/w340488269,19.4971390,51.7430634,0,1,0,0,0
mp/w359309704,19.3871126,51.6854748,0,1,0,0,0
mp/w362098186,19.4039159,51.7930189,0,1,0,0,0
mp/w364456780,19.3983933,51.7902501,0,1,0,0,0
mp/w364457393,19.3865402,51.7922921,0,1,0,0,0
mp/w364560848,19.4057500,51.7913220,0,1,0,0,0
mp/w366435765,19.3744136,51.7923824,0,1,0,0,0
mp/w366502335,19.3783381,51.7945275,0,1,0,0,0
mp/w366520193,19.3806050,51.7987211,0,1,0,0,0
mp/w366938062,19.3730453,51.7970560,0,1,0,0,0
mp/w367297160,19.3988003,51.7928380,0,1,0,0,0
mp/w368905313,19.3894098,51.7842738,0,1,0,0,0
mp/w377972887,19.4265633,51.7501087,0,1,0,0,0
mp/w378173035,19.4156006,51.7900721,0,1,0,0,0
mp/w378173560,19.4278228,51.7817645,0,1,0,0,0
mp/w379371923,19.4320451,51.7832354,0,1,0,0,0
mp/w379756725,19.4237260,51.7874938,0,1,0,0,0
mp/w380570076,19.3958730,51.7991426,0,1,0,0,0
mp/w388082553,19.3413162,51.6655229,0,1,0,0,0
mp/w388083321,19.3527616,51.6671375,0,1,0,0,0
mp/w395856967,19.4771518,51.7778993,0,1,0,0,0
mp/w401292034,19.4127012,51.7754955,0,1,0,0,0
mp/w405201471,19.4947272,51.7498252,0,1,0,0,0
mp/w405380330,19.4580123,51.7454481,0,1,0,0,0
mp/w406067483,19.5102448,51.7629045,0,1,0,0,0
mp/w406286705,19.4842217,51.7458983,0,1,0,0,0
mp/w410517040,19.4619004,51.7566121,0,1,0,0,0
mp/w410517042,19.4626412,51.7572619,0,1,0,0,0
mp/w410545640,19.4619187,51.7546027,0,1,0,0,0
mp/w412748306,19.5060951,51.7723018,0,1,0,0,0
mp/w412758558,19.4427330,51.7514930,0,1,0,0,0
mp/w415804411,19.4947992,51.7722585,0,1,0,0,0
mp/w417598262,19.3184255,51.6908668,0,1,0,0,0
mp/w429856101,19.4721165,51.7563251,0,1,0,0,0
mp/w429911162,19.4645708,51.7556471,0,1,0,0,0
mp/w436868272,19.4627182,51.7637126,0,1,0,0,0
mp/w439364487,19.3740071,51.8107251,0,1,0,0,0
mp/w439378761,19.4302932,51.7924586,0,1,0,0,0
mp/w441764337,19.4374372,51.7588291,0,1,0,0,0
mp/w443201679,19.4657070,51.7740195,0,1,0,0,0
mp/w443203723,19.4596476,51.7756886,0,1,0,0,0
mp/w443203724,19.4610404,51.7767740,0,1,0,0,0
mp/w443203735,19.4582650,51.7776610,0,1,0,0,0
mp/w443794150,19.4699680,51.7756553,0,1,0,0,0
mp/w444603014,19.4464226,51.7711169,0,1,0,0,0
mp/w444603038,19.4417709,51.7702642,0,1,0,0,0
mp/w444607118,19.4331254,51.7700190,0,1,0,0,0
mp/w444610885,19.4471831,51.7724568,0,1,0,0,0
mp/w444610886,19.4458849,51.7720757,0,1,0,0,0
mp/w444627076,19.4500262,51.7752543,0,1,0,0,0
mp/w445153364,19.4572234,51.7828719,0,1,0,0,0
mp/w446330272,19.4767631,51.7777748,0,1,0,0,0
mp/w447705472,19.4773837,51.7628813,0,1,0,0,0
mp/w447831220,19.4813523,51.7659876,0,1,0,0,0
mp/w448926544,19.4534499,51.7410422,0,1,0,0,0
mp/w449894862,19.4807470,51.7769686,0,1,0,0,0
mp/w450002145,19.4986114,51.7342450,0,1,0,0,0
mp/w450107872,19.4956407,51.7300492,0,1,0,0,0
mp/w450110018,19.4926798,51.7309758,0,1,0,0,0
mp/w450131804,19.4903220,51.7359315,0,1,0,0,0
mp/w450808536,19.4231258,51.7748412,0,1,0,0,0
mp/w450808542,19.4280782,51.7783851,0,1,0,0,0
mp/w451515337,19.4910271,51.7773947,0,1,0,0,0
mp/w453591141,19.4922779,51.7729881,0,1,0,0,0
mp/w454588141,19.4357690,51.7956985,0,1,0,0,0
mp/w456154202,19.4662587,51.7462413,0,1,0,0,0
mp/w456202123,19.4659254,51.7428475,0,1,0,0,0
mp/w462362916,19.4710211,51.7466040,0,1,0,0,0
mp/w462400851,19.4566251,51.7389291,0,1,0,0,0
mp/w463896450,19.4817977,51.8057001,0,1,0,0,0
mp/w466418130,19.4753738,51.7442735,0,1,0,0,0
mp/w467727234,19.2918348,51.8106108,0,1,0,0,0
mp/w469364841,19.3107146,51.8158863,0,1,0,0,0
mp/w470592985,19.3044681,51.8172115,0,1,0,0,0
mp/w470952267,19.3094776,51.8204036,0,1,0,0,0
mp/w471117359,19.3021198,51.8219140,0,1,0,0,0
mp/w471126975,19.3039919,51.8224832,0,1,0,0,0
mp/w471711862,19.2813113,51.8347055,0,1,0,0,0
mp/w472125169,19.4476205,51.7370484,0,1,0,0,0
mp/w473984231,19.4530320,51.7557865,0,1,0,0,0
mp/w474131928,19.4528128,51.7561291,0,1,0,0,0
mp/w474685696,19.4463680,51.7114336,0,1,0,0,0
mp/w475509064,19.4609570,51.7606066,0,1,0,0,0
mp/w481851283,19.4458026,51.7322498,0,1,0,0,0
mp/w481851309,19.4457028,51.7298937,0,1,0,0,0
mp/w482812380,19.5532387,51.7086908,0,1,0,0,0
mp/w483293616,19.4956348,51.6598291,0,1,0,0,0
mp/w483534796,19.5036020,51.7650606,0,1,0,0,0
mp/w493445030,19.4344036,51.7961759,0,1,0,0,0
mp/w494829593,19.2431702,51.6347716,0,1,0,0,0
mp/w499094684,19.3225040,51.7513342,0,1,0,0,0
mp/w499128954,19.4735562,51.8100336,0,1,0,0,0
mp/w499242220,19.3253344,51.7495808,0,1,0,0,0
mp/w500081399,19.3537974,51.7477099,0,1,0,0,0
mp/w500436118,19.3281318,51.7462137,0,1,0,0,0
mp/w500642500,19.4397506,51.7969740,0,1,0,0,0
mp/w501000223,19.3147339,51.7481022,0,1,0,0,0
mp/w501661341,19.3069213,51.7507379,0,1,0,0,0
mp/w527841543,19.4927593,51.7141346,0,1,0,0,0
mp/w527841552,19.4925061,51.7157959,0,1,0,0,0
mp/w528117155,19.4912261,51.7198730,0,1,0,0,0
mp/w528993358,19.2410837,51.6998027,0,1,0,0,0
mp/w530244378,19.4812483,51.7880380,0,1,0,0,0
mp/w531091358,19.4232977,51.7516715,0,1,0,0,0
mp/w534581561,19.5452129,51.7566134,0,1,0,0,0
mp/w542597546,19.4741404,51.7760066,0,1,0,0,0
mp/w543085767,19.4780038,51.7784079,0,1,0,0,0
mp/w555535042,19.3954965,51.6822707,0,1,0,0,0
mp/w556280041,19.4295015,51.7277913,0,1,0,0,0
mp/w556351741,19.4613842,51.7259373,0,1,0,0,0
mp/w630309305,19.4666747,51.7918573,0,1,0,0,0
mp/w630330508,19.4616341,51.7961759,0,1,0,0,0
mp/w631290504,19.4528028,51.7243702,0,1,0,0,0
mp/w637243748,19.4678380,51.8080814,0,1,0,0,0
mp/w637606657,19.4581148,51.7903475,0,1,0,0,0
mp/w637606658,19.4621349,51.7897793,0,1,0,0,0
mp/w637606660,19.4666062,51.7897975,0,1,0,0,0
mp/w637606663,19.4760057,51.7933075,0,1,0,0,0
mp/w637606665,19.4728729,51.7929711,0,1,0,0,0
mp/w643377826,19.4843199,51.7317667,0,1,0,0,0
mp/w648175906,19.3503238,51.6631945,0,1,0,0,0
mp/w651195717,19.3529005,51.6683717,0,1,0,0,0
mp/w651989765,19.3544144,51.6686082,0,1,0,0,0
mp/w653238864,19.3564115,51.6679301,0,1,0,0,0
mp/w654280768,19.3621494,51.6654369,0,1,0,0,0
mp/w659688970,19.4515332,51.7642811,0,1,0,0,0
mp/w659688975,19.4525483,51.7630635,0,1,0,0,0
mp/w669568716,19.4340952,51.7848258,0,1,0,0,0
mp/w670262514,19.4417019,51.7854739,0,1,0,0,0
mp/w671248966,19.4364056,51.7871223,0,1,0,0,0
mp/w671586481,19.4317926,51.7890777,0,1,0,0,0
mp/w671586494,19.4314026,51.7883253,0,1,0,0,0
mp/w671601357,19.4103642,51.7902395,0,1,0,0,0
mp/w671671779,19.4047786,51.8546290,0,1,0,0,0
mp/w671860332,19.4904107,51.7785093,0,1,0,0,0
mp/w673873351,19.4465171,51.7890597,0,1,0,0,0
mp/w695729146,19.4758100,51.7358432,0,1,0,0,0
mp/w700313314,19.2171536,51.7705765,0,1,0,0,0
mp/w750458697,19.3527453,51.6584398,0,1,0,0,0
mp/w796910762,19.6766462,51.6916802,0,1,0,0,0
mp/w815798783,19.4200754,51.8051941,0,1,0,0,0
mp/w825399170,19.4737120,51.8472317,0,1,0,0,0
mp/w825402488,19.4726845,51.7892191,0,1,0,0,0
mp/w835860401,19.6244687,51.7682531,0,1,0,0,0
mp/w850118987,19.3884159,51.7412480,0,1,0,0,0
mp/w850802824,19.3886499,51.7472590,0,1,0,0,0
mp/w851427520,19.3918810,51.7481736,0,1,0,0,0
mp/w851795943,19.3946837,51.7420342,0,1,0,0,0
mp/w851803550,19.3973520,51.7448719,0,1,0,0,0
mp/w853995160,19.4116120,51.7446806,0,1,0,0,0
mp/w853995177,19.4097311,51.7441495,0,1,0,0,0
mp/w854463204,19.4006615,51.7517501,0,1,0,0,0
mp/w854470023,19.4046671,51.7500698,0,1,0,0,0
mp/w859177699,19.4143708,51.7501042,0,1,0,0,0
mp/w859649222,19.4121119,51.7507138,0,1,0,0,0
mp/w861000982,19.4158679,51.7559491,0,1,0,0,0
mp/w866905312,19.3849611,51.7796805,0,1,0,0,0
mp/w879318755,19.3444150,51.6557013,0,1,0,0,0
mp/w879417960,19.6903656,51.6648186,0,1,0,0,0
mp/w900420634,19.6487158,51.7424295,0,1,0,0,0
mp/w913233875,19.6824612,51.7252369,0,1,0,0,0
mp/w935143979,19.5232397,51.7916340,0,1,0,0,0
mp/w938812621,19.4673099,51.7262469,0,1,0,0,0
mp/w939344200,19.4670434,51.7333568,0,1,0,0,0
mp/w940979582,19.4324149,51.7162782,0,1,0,0,0
mp/w941279438,19.4840790,51.7342107,0,1,0,0,0
mp/w941279439,19.4849905,51.7352725,0,1,0,0,0
mp/w941279441,19.4853676,51.7342405,0,1,0,0,0
mp/w947726000,19.4540976,51.7940779,0,1,0,0,0
mp/w969788155,19.4498808,51.8126292,0,1,0,0,0
mp/w980829559,19.4611293,51.7735350,0,1,0,0,0
mp/w993872695,19.4855540,51.7396822,0,1,0,0,0
mp/w995287753,19.4631484,51.7280752,0,1,0,0,0
mp/w996583066,19.3908023,51.7479530,0,1,0,0,0
mp/w996829049,19.5042698,51.7402679,0,1,0,0,0
mp/w996831967,19.4982796,51.7387538,0,1,0,0,0
mp/w998788504,19.6111707,51.6742039,0,1,0,0,0
mp/w1001503799,19.6102801,51.7388924,0,1,0,0,0
mp/w1005811766,19.5197472,51.7563020,0,1,0,0,0
mp/w1005811778,19.5308870,51.7566159,0,1,0,0,0
mp/w1015951902,19.5686788,51.7698051,0,1,0,0,0
mp/w1017114613,19.3691420,51.7977118,0,1,0,0,0
mp/w1019949953,19.5274900,51.7572326,0,1,0,0,0
mp/w1021500123,19.2183548,51.7498628,0,1,0,0,0
mp/w1022656878,19.4689589,51.7210527,0,1,0,0,0
mp/w1023226100,19.4818681,51.7150194,0,1,0,0,0
mp/w1028703688,19.3301997,51.6563313,0,1,0,0,0
mp/w1028705062,19.3299583,51.6593857,0,1,0,0,0
mp/w1028706243,19.3345593,51.6601430,0,1,0,0,0
mp/w1028865901,19.3703747,51.6603699,0,1,0,0,0
mp/w1028867587,19.3758243,51.6628873,0,1,0,0,0
mp/w1032982175,19.3645523,51.6617428,0,1,0,0,0
mp/w1032982176,19.3653729,51.6626407,0,1,0,0,0
mp/w1039297588,19.5117727,51.7679593,0,1,0,0,0
mp/w1040140838,19.4849556,51.7286712,0,1,0,0,0
mp/w1065091902,19.4901635,51.7611766,0,1,0,0,0
mp/w1067867891,19.4742901,51.7892073,0,1,0,0,0
mp/w1069910735,19.5036815,51.7656796,0,1,0,0,0
mp/w1076805023,19.5615752,51.7439769,0,1,0,0,0
mp/w1130932099,19.5872074,51.7934155,0,1,0,0,0
mp/w1146962394,19.5375684,51.7560171,0,1,0,0,0
mp/w1150896309,19.4980556,51.8154095,0,1,0,0,0
mp/w1151275638,19.4212606,51.8521971,0,1,0,0,0
mp/w1152372547,19.4172816,51.8529608,0,1,0,0,0
mp/w1152372557,19.4179066,51.8538992,0,1,0,0,0
mp/w1163898672,19.5032159,51.7356492,0,1,0,0,0
mp/w1165443700,19.4912458,51.7340333,0,1,0,0,0
mp/w1234038705,19.4686899,51.7461637,0,1,0,0,0
mp/w1240986983,19.4251218,51.8567612,0,1,0,0,0
mp/w1264493690,19.4223829,51.8509906,0,1,0,0,0
mp/w1266184382,19.4101910,51.8619261,0,1,0,0,0
pt/506145809,19.5410487,51.7555866,0,1,0,0,0
pt/729938954,19.4503023,51.7608897,0,1,0,0,0
pt/738461059,19.4770755,51.7023678,0,1,0,0,0
pt/766790950,19.4558735,51.7743369,0,1,0,0,0
pt/766798731,19.3927724,51.8766943,0,1,0,0,0
pt/803014185,19.3896924,51.8601182,0,1,0,0,0
pt/882547849,19.3798977,51.8640172,0,1,0,0,0
pt/1098231740,19.4011520,51.8633673,0,1,0,0,0
pt/1098250760,19.3828253,51.8600108,0,1,0,0,0
pt/1355537809,19.5568309,51.6762042,0,1,0,0,0
pt/1561703145,19.4254541,51.8638779,0,1,0,0,0
pt/1561704070,19.4164848,51.8469667,0,1,0,0,0
pt/1813613826,19.4822752,51.8350509,0,1,0,0,0
pt/1858904122,19.5761490,51.7395170,0,1,0,0,0
pt/1885231479,19.4582627,51.7617375,0,1,0,0,0
pt/1948683686,19.4256932,51.8536990,0,1,0,0,0
pt/2185272967,19.4015320,51.8633709,0,1,0,0,0
pt/2277986593,19.5006063,51.7305873,0,1,0,0,0
pt/2845740218,19.6719215,51.8068054,0,1,0,0,0
pt/4156199389,19.4101150,51.7215060,0,1,0,0,0
pt/4393654389,19.4490660,51.7914256,0,1,0,0,0
pt/4393654391,19.4363417,51.7874703,0,1,0,0,0
pt/4420373006,19.3902082,51.7415290,0,1,0,0,0
pt/4450182656,19.4730796,51.7781213,0,1,0,0,0
pt/5380749909,19.4682240,51.7300318,0,1,0,0,0
pt/5612604980,19.4514995,51.7372745,0,1,0,0,0
pt/6614988269,19.4482065,51.7327701,0,1,0,0,0
pt/9278688658,19.3895622,51.8601143,0,1,0,0,0
pt/9278784635,19.5411144,51.7557510,0,1,0,0,0
pt/9278784636,19.5409588,51.7554156,0,1,0,0,0
pt/10748874005,19.3771287,51.6624582,0,1,0,0,0
mp/w103533259,19.3911832,51.7930786,0,0,1,0,0
mp/w180379625,19.4427289,51.7792715,0,0,1,0,0
mp/w196292599,19.4171527,51.7044238,0,0,1,0,0
mp/w257335120,19.4414840,51.8225088,0,0,1,0,0
mp/w622059232,19.5101509,51.7926459,0,0,1,0,0
mp/w690686288,19.5348534,51.7571468,0,0,1,0,0
pt/1045963165,19.3986424,51.7479890,0,0,1,0,0
pt/935801508,19.4421559,51.8199906,0,0,1,0,0
pt/767570730,19.4720211,51.7171927,0,0,1,0,0
pt/767570721,19.4860482,51.7174255,0,0,1,0,0
pt/766807496,19.3911643,51.8627546,0,0,1,0,0
pt/766780590,19.4541918,51.7762721,0,0,1,0,0
pt/766771803,19.4275491,51.7109911,0,0,1,0,0
pt/766763731,19.4561793,51.7769923,0,0,1,0,0
pt/766742864,19.4481809,51.7763418,0,0,1,0,0
pt/766715151,19.4802190,51.7051803,0,0,1,0,0
pt/765067275,19.4392073,51.7999702,0,0,1,0,0
pt/765043991,19.4461738,51.8186976,0,0,1,0,0
pt/765036780,19.5686586,51.7410426,0,0,1,0,0
pt/748038827,19.4886626,51.7439247,0,0,1,0,0
pt/602752035,19.4749461,51.7316782,0,0,1,0,0
pt/602752034,19.4731830,51.7332174,0,0,1,0,0
pt/506151007,19.5712232,51.7491557,0,0,1,0,0
pt/506145810,19.5368181,51.7572646,0,0,1,0,0
pt/483557677,19.4831034,51.7732206,0,0,1,0,0
pt/483556065,19.4818436,51.7730819,0,0,1,0,0
pt/470856784,19.4403573,51.8239247,0,0,1,0,0
pt/464756601,19.3841441,51.7472988,0,0,1,0,0
pt/439206500,19.4475980,51.7696778,0,0,1,0,0
pt/432504794,19.4270931,51.7746287,0,0,1,0,0
pt/432504792,19.4256377,51.7764834,0,0,1,0,0
pt/432504791,19.4258121,51.7764476,0,0,1,0,0
pt/432504790,19.4234450,51.7741721,0,0,1,0,0
pt/4340719333,19.4870636,51.7328357,0,0,1,0,0
pt/4338977716,19.5695110,51.7392707,0,0,1,0,0
pt/4329060300,19.4920625,51.7109866,0,0,1,0,0
pt/4312033453,19.4540469,51.7655846,0,0,1,0,0
pt/4311864868,19.3924051,51.7846651,0,0,1,0,0
pt/4289336285,19.4574251,51.7653532,0,0,1,0,0
pt/4270779019,19.3302118,51.7469053,0,0,1,0,0
pt/4262812545,19.4475957,51.7599610,0,0,1,0,0
pt/4262793550,19.4458818,51.7691182,0,0,1,0,0
pt/4262611854,19.4457866,51.7695602,0,0,1,0,0
pt/4262432276,19.4528982,51.7744353,0,0,1,0,0
pt/4262382577,19.4406687,51.7717062,0,0,1,0,0
pt/4231033689,19.4846784,51.7812020,0,0,1,0,0
pt/4155599777,19.3763191,51.7962300,0,0,1,0,0
pt/4155592736,19.3762306,51.7960309,0,0,1,0,0
pt/4145058489,19.4657101,51.7859394,0,0,1,0,0
pt/4143243151,19.4301354,51.7227703,0,0,1,0,0
pt/4111137952,19.4799107,51.7361424,0,0,1,0,0
pt/4109453029,19.4384184,51.7985219,0,0,1,0,0
pt/4066688285,19.4796796,51.7348615,0,0,1,0,0
pt/3872842632,19.4287667,51.7874556,0,0,1,0,0
pt/3833923269,19.3939137,51.7385904,0,0,1,0,0
pt/3815522192,19.3994354,51.7522393,0,0,1,0,0
pt/3812339063,19.4960748,51.7195915,0,0,1,0,0
pt/3799118150,19.4011490,51.7481222,0,0,1,0,0
pt/3794283939,19.4001179,51.7448095,0,0,1,0,0
pt/3794267761,19.3977288,51.7440601,0,0,1,0,0
pt/3794111704,19.4745951,51.7785955,0,0,1,0,0
pt/3782110663,19.4563421,51.7684079,0,0,1,0,0
pt/3770752658,19.4722781,51.7346059,0,0,1,0,0
pt/3770233472,19.3998608,51.7443860,0,0,1,0,0
pt/3761709361,19.3845521,51.7372647,0,0,1,0,0
pt/3716102821,19.4394440,51.7507732,0,0,1,0,0
pt/3711632166,19.4743717,51.7427459,0,0,1,0,0
pt/3667344550,19.3991639,51.7454648,0,0,1,0,0
pt/3659124257,19.3945813,51.7952962,0,0,1,0,0
pt/3627187849,19.4500628,51.7831257,0,0,1,0,0
pt/3587446632,19.4490841,51.7335511,0,0,1,0,0
pt/3491596633,19.4128269,51.7471061,0,0,1,0,0
pt/3491596632,19.4118395,51.7461466,0,0,1,0,0
pt/3471408293,19.4744385,51.7322454,0,0,1,0,0
pt/3464306878,19.4134583,51.7493514,0,0,1,0,0
pt/3450958408,19.5678617,51.7409585,0,0,1,0,0
pt/3401484017,19.5266777,51.7817595,0,0,1,0,0
pt/3302501871,19.4581615,51.7825011,0,0,1,0,0
pt/3234531791,19.4954321,51.7374389,0,0,1,0,0
pt/3234531787,19.4957108,51.7383566,0,0,1,0,0
pt/3201527147,19.5009520,51.7453770,0,0,1,0,0
pt/3201527139,19.4940908,51.7475348,0,0,1,0,0
pt/3099369136,19.4628242,51.7430478,0,0,1,0,0
pt/3098275393,19.4572081,51.7708031,0,0,1,0,0
pt/3040093566,19.3558518,51.6618741,0,0,1,0,0
pt/2655474696,19.5734719,51.7532389,0,0,1,0,0
pt/2622505065,19.4998488,51.7352449,0,0,1,0,0
pt/2619798243,19.4430013,51.8199929,0,0,1,0,0
pt/2619378989,19.4310355,51.8222120,0,0,1,0,0
pt/2611773605,19.4546920,51.7881521,0,0,1,0,0
pt/2607459806,19.4743234,51.7313762,0,0,1,0,0
pt/2607459275,19.4724916,51.7772843,0,0,1,0,0
pt/2607413830,19.4188249,51.8186146,0,0,1,0,0
pt/2601385900,19.4576973,51.7748787,0,0,1,0,0
pt/2558647137,19.3909021,51.7446240,0,0,1,0,0
pt/2558588316,19.3921356,51.7405029,0,0,1,0,0
pt/2534909296,19.2453768,51.6348750,0,0,1,0,0
pt/9590934533,19.4166505,51.8554629,0,0,1,0,0
pt/9590934532,19.4698897,51.8733604,0,0,1,0,0
pt/9590934531,19.3160637,51.8161805,0,0,1,0,0
pt/9590934529,19.4156675,51.8549287,0,0,1,0,0
pt/9590934528,19.3102433,51.8182000,0,0,1,0,0
pt/9590934523,19.3071641,51.8155388,0,0,1,0,0
pt/9590934522,19.4250251,51.8532069,0,0,1,0,0
pt/9590934521,19.3033513,51.8234640,0,0,1,0,0
pt/9590924409,19.3163882,51.8127406,0,0,1,0,0
pt/9590914531,19.3048125,51.8216963,0,0,1,0,0
pt/9590894108,19.3807720,51.8619872,0,0,1,0,0
pt/9590894106,19.4155133,51.8444531,0,0,1,0,0
pt/9590894104,19.3935902,51.8611482,0,0,1,0,0
pt/9590894103,19.4048924,51.8558349,0,0,1,0,0
pt/9590894102,19.3094094,51.8183466,0,0,1,0,0
pt/9590894100,19.4128069,51.8574600,0,0,1,0,0
pt/9590836796,19.3787429,51.8608341,0,0,1,0,0
pt/9590836794,19.4221759,51.8540034,0,0,1,0,0
pt/9590836793,19.3058954,51.8188326,0,0,1,0,0
pt/9590836790,19.4163944,51.8616207,0,0,1,0,0
pt/9590836788,19.3938424,51.8605867,0,0,1,0,0
pt/9590791523,19.3026010,51.8218202,0,0,1,0,0
pt/9590791522,19.4073637,51.8552807,0,0,1,0,0
pt/9590791521,19.3173719,51.7897425,0,0,1,0,0
pt/9590791520,19.4157218,51.8618804,0,0,1,0,0
pt/9590791519,19.3968652,51.8625487,0,0,1,0,0
pt/9590791518,19.4242761,51.8643037,0,0,1,0,0
pt/9590791517,19.3055373,51.8220747,0,0,1,0,0
pt/9590781116,19.3200561,51.7898048,0,0,1,0,0
pt/9581795857,19.3549557,51.6600889,0,0,1,0,0
pt/9581789501,19.3269816,51.6596421,0,0,1,0,0
pt/9581774874,19.3245990,51.7509108,0,0,1,0,0
pt/9581774704,19.4039201,51.6826682,0,0,1,0,0
pt/9581774687,19.3741053,51.6599716,0,0,1,0,0
pt/9581774598,19.3291175,51.6571436,0,0,1,0,0
pt/9581773676,19.3654545,51.6640532,0,0,1,0,0
pt/9581773071,19.3215200,51.7506008,0,0,1,0,0
pt/9581773070,19.3829140,51.6553960,0,0,1,0,0
pt/9581771527,19.3439117,51.6640357,0,0,1,0,0
pt/9581763534,19.3761978,51.6598975,0,0,1,0,0
pt/9581762691,19.3515982,51.6699868,0,0,1,0,0
pt/9581755504,19.3367938,51.6602161,0,0,1,0,0
pt/9581746759,19.3812293,51.6531551,0,0,1,0,0
pt/9581745368,19.3216011,51.7514532,0,0,1,0,0
pt/9581744570,19.3316513,51.6559648,0,0,1,0,0
pt/9581727858,19.4034447,51.6823448,0,0,1,0,0
pt/9581725244,19.3301138,51.6613467,0,0,1,0,0
pt/9581713117,19.3416333,51.6587609,0,0,1,0,0
pt/9581708549,19.3520777,51.6641780,0,0,1,0,0
pt/9581704378,19.3645848,51.6637558,0,0,1,0,0
pt/9581698452,19.3230641,51.7494380,0,0,1,0,0
pt/9581671411,19.3213275,51.6621046,0,0,1,0,0
pt/9581665961,19.3561614,51.6624373,0,0,1,0,0
pt/9581655492,19.3738250,51.6545575,0,0,1,0,0
pt/9581650708,19.3725121,51.6498975,0,0,1,0,0
pt/9581645283,19.3607318,51.6472438,0,0,1,0,0
pt/9579357640,19.4642184,51.7714417,0,0,1,0,0
pt/9579354844,19.4795272,51.7185622,0,0,1,0,0
pt/9579348405,19.4696782,51.7282443,0,0,1,0,0
pt/9579346407,19.3793649,51.7387169,0,0,1,0,0
pt/9579346406,19.4163298,51.7867853,0,0,1,0,0
pt/9579346405,19.4818493,51.7177888,0,0,1,0,0
pt/9579339579,19.4754915,51.7988894,0,0,1,0,0
pt/9579335956,19.3944285,51.7470831,0,0,1,0,0
pt/12100102476,19.4620847,51.7602156,0,0,1,0,0
pt/11349495271,19.4911680,51.7791807,0,0,1,0,0
pt/11081882122,19.4682644,51.7305898,0,0,1,0,0
pt/11074278591,19.4041119,51.7941828,0,0,1,0,0
pt/10591290253,19.4140298,51.7925296,0,0,1,0,0
pt/10589914147,19.3026550,51.8227445,0,0,1,0,0
pt/10282659607,19.4765603,51.6910326,0,0,1,0,0
pt/10282659602,19.4453970,51.7873793,0,0,1,0,0
pt/10282659601,19.4864074,51.7198324,0,0,1,0,0
pt/10282659600,19.4690167,51.7987096,0,0,1,0,0
pt/10282659599,19.4556836,51.7915046,0,0,1,0,0
pt/10282659598,19.5050491,51.7748872,0,0,1,0,0
pt/10282659597,19.3833650,51.7978439,0,0,1,0,0
pt/10282659596,19.4745717,51.7804589,0,0,1,0,0
pt/10282659595,19.3477787,51.6644404,0,0,1,0,0
pt/10282080260,19.5881427,51.7932280,0,0,1,0,0
pt/10281889131,19.4519460,51.7868078,0,0,1,0,0
pt/10281889124,19.4320063,51.8208402,0,0,1,0,0
pt/10281889121,19.4795745,51.7868822,0,0,1,0,0
pt/10281889109,19.4832014,51.7493385,0,0,1,0,0
pt/10281831007,19.3863625,51.7788707,0,0,1,0,0
pt/9879640821,19.4618751,51.7767309,0,0,1,0,0
pt/9590934542,19.3863443,51.8589310,0,0,1,0,0
pt/9590934538,19.3863228,51.8581847,0,0,1,0,0
pt/9590934534,19.4074425,51.8559425,0,0,1,0,0
pt/9579123564,19.4947512,51.7360254,0,0,1,0,0
pt/9579122203,19.4979328,51.7321309,0,0,1,0,0
pt/9579092164,19.4406081,51.7231435,0,0,1,0,0
pt/9579085988,19.5245770,51.7605331,0,0,1,0,0
pt/9579083031,19.4743620,51.7808619,0,0,1,0,0
pt/9579079157,19.4640807,51.7892957,0,0,1,0,0
pt/9579077437,19.4826096,51.7903882,0,0,1,0,0
pt/9579075833,19.3986061,51.7446370,0,0,1,0,0
pt/9579067429,19.4945478,51.7302296,0,0,1,0,0
pt/9579067313,19.4898332,51.7791140,0,0,1,0,0
pt/9579067219,19.3724215,51.7987149,0,0,1,0,0
pt/9579037576,19.4191251,51.7541219,0,0,1,0,0
pt/9558988894,19.4942691,51.6607289,0,0,1,0,0
pt/9558988893,19.4871912,51.6510185,0,0,1,0,0
pt/9558988892,19.4921321,51.6625441,0,0,1,0,0
pt/9558988890,19.6388025,51.7251390,0,0,1,0,0
pt/9558988888,19.6376009,51.7284595,0,0,1,0,0
pt/9558988881,19.6867931,51.6649423,0,0,1,0,0
pt/9558988876,19.6334565,51.7280726,0,0,1,0,0
pt/9558988875,19.6382115,51.7259987,0,0,1,0,0
pt/9485651813,19.4412830,51.6979963,0,0,1,0,0
pt/9472315341,19.4342192,51.8174279,0,0,1,0,0
pt/9167049150,19.4478119,51.7620029,0,0,1,0,0
pt/9035612141,19.3879422,51.7779821,0,0,1,0,0
pt/8755456898,19.4766984,51.7212071,0,0,1,0,0
pt/8635439161,19.3855020,51.7938646,0,0,1,0,0
pt/8575833534,19.6710855,51.7297333,0,0,1,0,0
pt/8565654162,19.4589850,51.7561933,0,0,1,0,0
pt/8170132830,19.6480056,51.6637916,0,0,1,0,0
pt/8041893870,19.3474320,51.6604025,0,0,1,0,0
pt/7798203314,19.3445226,51.6630165,0,0,1,0,0
pt/7700332797,19.4552331,51.7650271,0,0,1,0,0
pt/7695620050,19.4518803,51.7684328,0,0,1,0,0
pt/7271536585,19.3798727,51.6526820,0,0,1,0,0
pt/7241727742,19.4218873,51.8159354,0,0,1,0,0
pt/7129647861,19.4822018,51.7504995,0,0,1,0,0
pt/7098457409,19.5903151,51.7932278,0,0,1,0,0
pt/7072302285,19.4313292,51.8188212,0,0,1,0,0
pt/6569410207,19.4413927,51.7638546,0,0,1,0,0
pt/6385804934,19.4553179,51.7724119,0,0,1,0,0
pt/6219254388,19.4642779,51.7542812,0,0,1,0,0
pt/6184099971,19.3906460,51.7445511,0,0,1,0,0
pt/5752716241,19.4570388,51.7587016,0,0,1,0,0
pt/5743600939,19.4554433,51.7725836,0,0,1,0,0
pt/5743599018,19.4544677,51.7785603,0,0,1,0,0
pt/5687433023,19.4438250,51.7879289,0,0,1,0,0
pt/5573912627,19.4700352,51.7361699,0,0,1,0,0
pt/5556572717,19.4626420,51.7415842,0,0,1,0,0
pt/5348491921,19.3394177,51.6563253,0,0,1,0,0
pt/5287594364,19.4600742,51.7599718,0,0,1,0,0
pt/5220528731,19.4695894,51.7527082,0,0,1,0,0
pt/4978902839,19.6124754,51.7404683,0,0,1,0,0
pt/4592979591,19.3467521,51.6585801,0,0,1,0,0
pt/4554393493,19.5244848,51.7914391,0,0,1,0,0
pt/4514125459,19.4125939,51.7479600,0,0,1,0,0
pt/4505594996,19.4392296,51.7884213,0,0,1,0,0
pt/4503100515,19.4305617,51.7903570,0,0,1,0,0
pt/4458998741,19.4847488,51.7558779,0,0,1,0,0
pt/4447998966,19.4707261,51.7717845,0,0,1,0,0
pt/4432902076,19.4602473,51.7868692,0,0,1,0,0
pt/4393599289,19.4551784,51.7988324,0,0,1,0,0
pt/4363479317,19.4182899,51.7520328,0,0,1,0,0
pt/4360195806,19.4775084,51.7768944,0,0,1,0,0
pt/4349462943,19.4927687,51.7329065,0,0,1,0,0
pt/9579331430,19.5522568,51.7592747,0,0,1,0,0
pt/9579331418,19.4526252,51.7849961,0,0,1,0,0
pt/9579328723,19.4955287,51.7475381,0,0,1,0,0
pt/9579314505,19.4717487,51.7444679,0,0,1,0,0
pt/9579313307,19.4646051,51.7595146,0,0,1,0,0
pt/9579287547,19.4176477,51.7873561,0,0,1,0,0
pt/9579276519,19.4758345,51.7152507,0,0,1,0,0
pt/9579276517,19.4840982,51.7920567,0,0,1,0,0
pt/9579270286,19.3921160,51.7975580,0,0,1,0,0
pt/9579264701,19.4248836,51.7375112,0,0,1,0,0
pt/9579263400,19.4721862,51.7426707,0,0,1,0,0
pt/9579262874,19.4035358,51.7936869,0,0,1,0,0
pt/9579259716,19.4940819,51.7645906,0,0,1,0,0
pt/9579258782,19.4910019,51.7389449,0,0,1,0,0
pt/9579257980,19.4293792,51.7114888,0,0,1,0,0
pt/9579256185,19.4960261,51.7463967,0,0,1,0,0
pt/9579251441,19.5361401,51.7563574,0,0,1,0,0
pt/9579248396,19.5336278,51.7570816,0,0,1,0,0
pt/9579248356,19.4883212,51.7373656,0,0,1,0,0
pt/9579244993,19.5010021,51.7379859,0,0,1,0,0
pt/9579244073,19.4857865,51.7201264,0,0,1,0,0
pt/9579240576,19.5536999,51.7130373,0,0,1,0,0
pt/9579240237,19.5229039,51.7968653,0,0,1,0,0
pt/9579236890,19.4941541,51.7366264,0,0,1,0,0
pt/9579232175,19.3854911,51.7431221,0,0,1,0,0
pt/9579231589,19.4239759,51.7500757,0,0,1,0,0
pt/9579229185,19.4716336,51.7335988,0,0,1,0,0
pt/9579224339,19.3863756,51.7433357,0,0,1,0,0
pt/9579223468,19.4311436,51.7863897,0,0,1,0,0
pt/9579211329,19.3816992,51.7941920,0,0,1,0,0
pt/9579201680,19.5321778,51.7558145,0,0,1,0,0
pt/9579201519,19.4353575,51.8243171,0,0,1,0,0
pt/9579199658,19.5217084,51.7564474,0,0,1,0,0
pt/9579194077,19.4563631,51.7289125,0,0,1,0,0
pt/9579194070,19.5352929,51.7583757,0,0,1,0,0
pt/9579193713,19.4701744,51.7783652,0,0,1,0,0
pt/9579191528,19.4234513,51.7486093,0,0,1,0,0
pt/9579191396,19.5487039,51.7562254,0,0,1,0,0
pt/9579191395,19.4617264,51.7314931,0,0,1,0,0
pt/9579191158,19.4855704,51.7473345,0,0,1,0,0
pt/9579186046,19.3798090,51.8042204,0,0,1,0,0
pt/9579182907,19.4997602,51.7334662,0,0,1,0,0
pt/9579180080,19.4405690,51.7701211,0,0,1,0,0
pt/9579177903,19.4135447,51.7924700,0,0,1,0,0
pt/9579177891,19.3957880,51.7483434,0,0,1,0,0
pt/9579174539,19.4093362,51.7510482,0,0,1,0,0
pt/9579173184,19.4043354,51.7942681,0,0,1,0,0
pt/9579173100,19.3761185,51.7972242,0,0,1,0,0
pt/9579172457,19.3946534,51.7968493,0,0,1,0,0
pt/9579171602,19.4440586,51.7604900,0,0,1,0,0
pt/9579171531,19.4530324,51.7649349,0,0,1,0,0
pt/9579170632,19.4283966,51.7805809,0,0,1,0,0
pt/9579164297,19.4826545,51.7074495,0,0,1,0,0
pt/9579161939,19.4790063,51.7905659,0,0,1,0,0
pt/9579159713,19.5006080,51.7321532,0,0,1,0,0
pt/9579155991,19.4973222,51.7315894,0,0,1,0,0
pt/9579155952,19.3780774,51.8042950,0,0,1,0,0
pt/9579152367,19.4523645,51.7856896,0,0,1,0,0
pt/9579145746,19.3862729,51.7455694,0,0,1,0,0
pt/9579142116,19.4416223,51.7969119,0,0,1,0,0
pt/9579137895,19.4557715,51.7824317,0,0,1,0,0
pt/9579137879,19.4454794,51.7963352,0,0,1,0,0
pt/9579127858,19.5386546,51.7582726,0,0,1,0,0
pt/9579126103,19.4588354,51.7560228,0,0,1,0,0
pt/2518789433,19.3905870,51.8592804,0,0,1,0,0
pt/2510166239,19.5438418,51.7569907,0,0,1,0,0
pt/2388578593,19.4542824,51.7906046,0,0,1,0,0
pt/2387571380,19.4276937,51.7765868,0,0,1,0,0
pt/2283163978,19.4763294,51.7381314,0,0,1,0,0
pt/2277980946,19.4730629,51.7303721,0,0,1,0,0
pt/2249913128,19.3300099,51.6522511,0,0,1,0,0
pt/2210241437,19.5365390,51.7574338,0,0,1,0,0
pt/2013554403,19.5267669,51.7601339,0,0,1,0,0
pt/1892235441,19.4481772,51.7844729,0,0,1,0,0
pt/1891350422,19.3746055,51.7948972,0,0,1,0,0
pt/1866785966,19.4092564,51.7754987,0,0,1,0,0
pt/1854479072,19.5303090,51.7765330,0,0,1,0,0
pt/1836706946,19.5076969,51.7637814,0,0,1,0,0
pt/1833297251,19.4801829,51.7643144,0,0,1,0,0
pt/1812888325,19.4252589,51.7516047,0,0,1,0,0
pt/1812858587,19.4224390,51.7495705,0,0,1,0,0
pt/1810234697,19.4473872,51.7328617,0,0,1,0,0
pt/1810217718,19.4489205,51.7324923,0,0,1,0,0
pt/1805179671,19.4444539,51.7367249,0,0,1,0,0
pt/1805124819,19.4580795,51.7396494,0,0,1,0,0
pt/1794967892,19.4492766,51.7278189,0,0,1,0,0
pt/1770626812,19.3184223,51.8113866,0,0,1,0,0
pt/1745628446,19.4644689,51.7883912,0,0,1,0,0
pt/1717926829,19.4216816,51.8009838,0,0,1,0,0
pt/1667203221,19.4350060,51.7882923,0,0,1,0,0
pt/1643154715,19.4581862,51.7292000,0,0,1,0,0
pt/1642868037,19.4548708,51.7277237,0,0,1,0,0
pt/1524711757,19.4042858,51.7405148,0,0,1,0,0
pt/1305720703,19.4305602,51.7874562,0,0,1,0,0
pt/1234960182,19.4518208,51.7937542,0,0,1,0,0
pt/1205571106,19.4560543,51.7713999,0,0,1,0,0
pt/1187744356,19.4597122,51.7528388,0,0,1,0,0
pt/1187744320,19.4556810,51.7524990,0,0,1,0,0
pt/1179398558,19.4772472,51.7906000,0,0,1,0,0
pt/1152777921,19.4395257,51.7962128,0,0,1,0,0
mp/1490649,19.3989735,51.7443017,0,0,0,0,1
mp/2638288,19.4139189,51.7036032,0,0,0,0,1
mp/w34203229,19.5095196,51.7937042,0,0,0,0,1
mp/w39339883,19.4045887,51.7404410,0,0,0,0,1
mp/w39348339,19.4197376,51.7527444,0,0,0,0,1
mp/w39524935,19.4648688,51.7590243,0,0,0,0,1
mp/w61409127,19.4918476,51.7105450,0,0,0,0,1
mp/w100320779,19.4053887,51.7406726,0,0,0,0,1
mp/w100328259,19.3979263,51.7442077,0,0,0,0,1
mp/w100328265,19.3981627,51.7438831,0,0,0,0,1
mp/w103258620,19.4649641,51.7394407,0,0,0,0,1
mp/w103285740,19.4605091,51.7589633,0,0,0,0,1
mp/w103663504,19.4842471,51.7815221,0,0,0,0,1
mp/w104708074,19.4161515,51.7904141,0,0,0,0,1
mp/w104767209,19.4565999,51.7656479,0,0,0,0,1
mp/w106191082,19.3988087,51.7447136,0,0,0,0,1
mp/w106338758,19.3994451,51.7439799,0,0,0,0,1
mp/w106954769,19.3501769,51.6652056,0,0,0,0,1
mp/w108564347,19.4960603,51.6489128,0,0,0,0,1
mp/w108565281,19.4916494,51.6475790,0,0,0,0,1
mp/w108565286,19.4899885,51.6498094,0,0,0,0,1
mp/w121670191,19.4162733,51.8437836,0,0,0,0,1
mp/w129149297,19.3228612,51.7496192,0,0,0,0,1
mp/w140605022,19.4925252,51.6460205,0,0,0,0,1
mp/w142011332,19.3184630,51.8111194,0,0,0,0,1
mp/w152072204,19.5367013,51.7568237,0,0,0,0,1
mp/w152072207,19.5376097,51.7567300,0,0,0,0,1
mp/w152447536,19.4492550,51.7344453,0,0,0,0,1
mp/w154938493,19.3971194,51.7465709,0,0,0,0,1
mp/w173348997,19.4406547,51.7498916,0,0,0,0,1
mp/w173485216,19.4953681,51.7652756,0,0,0,0,1
mp/w174638513,19.4437714,51.7790891,0,0,0,0,1
mp/w192198094,19.3844684,51.7371809,0,0,0,0,1
mp/w229768685,19.3988775,51.8550410,0,0,0,0,1
mp/w236667724,19.4879692,51.6464564,0,0,0,0,1
mp/w243634385,19.5485656,51.7558499,0,0,0,0,1
mp/w285894949,19.3592186,51.7956060,0,0,0,0,1
mp/w319475663,19.4346586,51.8178538,0,0,0,0,1
mp/w344745890,19.4894771,51.6459341,0,0,0,0,1
mp/w376430558,19.3978751,51.8624996,0,0,0,0,1
mp/w438634255,19.4183031,51.7521674,0,0,0,0,1
mp/w439650453,19.4484878,51.7497834,0,0,0,0,1
mp/w624275676,19.3332873,51.6636402,0,0,0,0,1
mp/w650283336,19.3485394,51.6649793,0,0,0,0,1
mp/w739683299,19.3572159,51.6616487,0,0,0,0,1
mp/w739683300,19.3569768,51.6607018,0,0,0,0,1
mp/w859262021,19.4128294,51.7480937,0,0,0,0,1
mp/w881292599,19.6867928,51.6650017,0,0,0,0,1
mp/w938012849,19.4155378,51.8445054,0,0,0,0,1
mp/w964943161,19.6368119,51.7258829,0,0,0,0,1
mp/w1022661915,19.4814344,51.7248882,0,0,0,0,1
mp/w1022661918,19.4819913,51.7245923,0,0,0,0,1
mp/w1040340316,19.3985867,51.7446519,0,0,0,0,1
mp/w1246922050,19.4926302,51.6497359,0,0,0,0,1
mp/w1246922051,19.4919279,51.6470937,0,0,0,0,1
mp/w1246922052,19.4911449,51.6479722,0,0,0,0,1
mp/w1246922053,19.4911156,51.6483644,0,0,0,0,1
pt/582905945,19.4595000,51.7590880,0,0,0,0,1
node/766782678,19.4542642,51.7758704,0,0,0,1,0
node/766790951,19.4570966,51.7744631,0,0,0,1,0
node/1865626236,19.4495583,51.7491574,0,0,0,1,0
way/100815172,19.4553984,51.7473138,0,0,0,1,0
way/103526314,19.4871735,51.7757450,0,0,0,1,0
way/103526315,19.4873568,51.7741967,0,0,0,1,0
way/103646901,19.4737208,51.7707205,0,0,0,1,0
way/103647577,19.4743164,51.7729675,0,0,0,1,0
way/103647580,19.4746460,51.7725429,0,0,0,1,0
way/103651286,19.4832885,51.7778716,0,0,0,1,0
way/104290998,19.4540269,51.7698593,0,0,0,1,0
way/143694392,19.4814169,51.7735107,0,0,0,1,0
way/159859528,19.4559914,51.7473564,0,0,0,1,0
way/174858702,19.4533660,51.7464090,0,0,0,1,0
way/174858708,19.4530820,51.7485781,0,0,0,1,0
way/175909119,19.4522337,51.7536888,0,0,0,1,0
way/176000192,19.4492933,51.7455552,0,0,0,1,0
way/176000205,19.4495432,51.7468216,0,0,0,1,0
way/237600484,19.4519237,51.7454094,0,0,0,1,0
way/284457369,19.4945336,51.7760445,0,0,0,1,0
way/299732166,19.4889858,51.7802767,0,0,0,1,0
way/305309140,19.4615761,51.7494370,0,0,0,1,0
way/329869166,19.4433114,51.7932985,0,0,0,1,0
way/370532020,19.4530357,51.7477018,0,0,0,1,0
way/437251360,19.4721576,51.7716248,0,0,0,1,0
way/437251361,19.4738554,51.7713328,0,0,0,1,0
way/443199477,19.4686717,51.7723190,0,0,0,1,0
way/443201680,19.4644861,51.7749853,0,0,0,1,0
way/443794142,19.4744745,51.7755289,0,0,0,1,0
way/444607148,19.4366839,51.7713574,0,0,0,1,0
way/451472785,19.4944324,51.7765099,0,0,0,1,0
way/451472787,19.4919685,51.7754728,0,0,0,1,0
way/451515326,19.4900796,51.7747233,0,0,0,1,0
way/451515327,19.4873756,51.7741668,0,0,0,1,0
way/451515329,19.4874613,51.7757855,0,0,0,1,0
way/451515332,19.4868567,51.7767766,0,0,0,1,0
way/451515336,19.4891246,51.7768114,0,0,0,1,0
way/451515339,19.4830850,51.7781126,0,0,0,1,0
way/451515340,19.4850399,51.7779132,0,0,0,1,0
way/451515347,19.4828812,51.7754408,0,0,0,1,0
way/451515348,19.4837489,51.7753737,0,0,0,1,0
way/542224473,19.4741784,51.7715542,0,0,0,1,0
way/658408658,19.4543851,51.7698870,0,0,0,1,0
way/875551700,19.4496305,51.7545274,0,0,0,1,0
way/963935965,19.4585665,51.7467550,0,0,0,1,0
way/996256659,19.4537310,51.7468697,0,0,0,1,0
way/1131157968,19.4731270,51.7738589,0,0,0,1,0
