{
"type": "FeatureCollection",
"name": "atlas_cities_coverage",
"crs": { "type": "name", "properties": { "name": "urn:ogc:def:crs:OGC:1.3:CRS84" } },
"features": [
{ "type": "Feature", "properties": { "city_slug": "lodz", "city_name": "Łódź" }, "geometry": { "type": "Polygon", "coordinates": [ [ [ 19.320804142864301, 51.799862754511189 ], [ 19.320804144419149, 51.799862756361094 ], [ 19.322913933386577, 51.802105434180014 ], [ 19.322913939766838, 51.80210544177006 ], [ 19.322913944954486, 51.802105449701742 ], [ 19.322913948902535, 51.802105457903231 ], [ 19.322913951575227, 51.80210546630024 ], [ 19.322913952948369, 51.802105474816756 ], [ 19.322913953009511, 51.80210548337562 ], [ 19.322913951758114, 51.802105491899333 ], [ 19.3229139492055, 51.802105500310681 ], [ 19.32291394537479, 51.80210550853355 ], [ 19.322913940300676, 51.802105516493413 ], [ 19.32291393402911, 51.802105524118197 ], [ 19.320836062780813, 51.804359663031427 ], [ 19.32083606125213, 51.804359664889731 ], [ 19.320836062807139, 51.804359666739629 ], [ 19.322946064269566, 51.80660234190232 ], [ 19.32294607065047, 51.806602349492358 ], [ 19.322946075838644, 51.80660235742404 ], [ 19.322946079787094, 51.806602365625515 ], [ 19.322946082460064, 51.806602374022525 ], [ 19.322946083833347, 51.806602382539026 ], [ 19.322946083894511, 51.806602391097883 ], [ 19.322946082642996, 51.806602399621589 ], [ 19.322946080090137, 51.806602408032951 ], [ 19.322946076259058, 51.806602416255785 ], [ 19.322946071184447, 51.806602424215654 ], [ 19.322946064912266, 51.806602431840439 ], [ 19.320867989492495, 51.808856569937042 ], [ 19.320867987963659, 51.808856571795353 ], [ 19.320867989518824, 51.808856573645244 ], [ 19.322978243999042, 51.811099289156232 ], [ 19.322978245831013, 51.811099290906064 ], [ 19.322978249193213, 51.811099290996104 ], [ 19.32716682315014, 51.81108771325097 ], [ 19.327166826510911, 51.811087713142356 ], [ 19.32716682831763, 51.811087711382456 ], [ 19.329244691132295, 51.808833463211755 ], [ 19.329244698544606, 51.808833455990701 ], [ 19.329244707030671, 51.808833449239103 ], [ 19.329244716513642, 51.808833443018088 ], [ 19.329244726907636, 51.808833437384024 ], [ 19.329244738118526, 51.808833432387914 ], [ 19.329244750044786, 51.808833428075012 ], [ 19.329244762578409, 51.808833424484384 ], [ 19.329244775605883, 51.808833421648522 ], [ 19.329244789009238, 51.808833419593135 ], [ 19.329244802667088, 51.808833418336825 ], [ 19.329244816455745, 51.808833417890959 ], [ 19.333433017121955, 51.808821617780744 ], [ 19.333433030916574, 51.808821618148883 ], [ 19.333433044592276, 51.808821619328192 ], [ 19.333433058025211, 51.808821621307963 ], [ 19.333433071093729, 51.808821624070298 ], [ 19.333433083679484, 51.808821627590142 ], [ 19.333433095668489, 51.808821631835677 ], [ 19.333433106952178, 51.808821636768414 ], [ 19.33343311742836, 51.808821642343659 ], [ 19.333433127002159, 51.808821648510985 ], [ 19.33343313558688, 51.808821655214487 ], [ 19.33343314310477, 51.808821662393477 ], [ 19.335543937586728, 51.811064065333539 ], [ 19.335543943970386, 51.811064072922882 ], [ 19.335543949161281, 51.811064080853988 ], [ 19.33554395311241, 51.811064089055044 ], [ 19.335543955787987, 51.811064097451755 ], [ 19.335543957163786, 51.811064105968093 ], [ 19.33554395722734, 51.811064114526928 ], [ 19.335543955978086, 51.811064123050762 ], [ 19.335543953427326, 51.811064131462381 ], [ 19.335543949598165, 51.811064139685627 ], [ 19.335543944525277, 51.811064147646029 ], [ 19.335543938254606, 51.811064155271481 ], [ 19.333466288153726, 51.813318513506815 ], [ 19.33346628662526, 51.813318515365289 ], [ 19.333466288181093, 51.813318517215016 ], [ 19.335577335906105, 51.815560960463181 ], [ 19.335577342290406, 51.815560968052516 ], [ 19.335577347481824, 51.815560975983622 ], [ 19.335577351433358, 51.815560984184671 ], [ 19.335577354109212, 51.815560992581375 ], [ 19.335577355485157, 51.815561001097699 ], [ 19.335577355548732, 51.815561009656534 ], [ 19.33557735429936, 51.815561018180354 ], [ 19.335577351748356, 51.815561026591972 ], [ 19.335577347918822, 51.815561034815218 ], [ 19.335577342845443, 51.815561042775613 ], [ 19.335577336574158, 51.815561050401051 ], [ 19.333499482360551, 51.817815407855633 ], [ 19.333499480831936, 51.817815409714107 ], [ 19.333499482387928, 51.817815411563821 ], [ 19.335610742936936, 51.820057852118929 ], [ 19.33561074932188, 51.820057859708264 ], [ 19.335610754513826, 51.820057867639349 ], [ 19.335610758465762, 51.820057875840384 ], [ 19.335610761141893, 51.820057884237087 ], [ 19.335610762517987, 51.820057892753404 ], [ 19.335610762581574, 51.820057901312239 ], [ 19.335610761332092, 51.820057909836052 ], [ 19.335610758780845, 51.82005791824767 ], [ 19.335610754950938, 51.820057926470909 ], [ 19.335610749877063, 51.820057934431283 ], [ 19.335610743605166, 51.820057942056735 ], [ 19.333532685225961, 51.822312298730786 ], [ 19.3335326836972, 51.822312300589246 ], [ 19.333532685253346, 51.822312302438974 ], [ 19.335644199173412, 51.824554783301032 ], [ 19.335644201006424, 51.82455478505068 ], [ 19.33564420436965, 51.824554785140343 ], [ 19.339833940378146, 51.824542754307139 ], [ 19.339833954177617, 51.824542754674525 ], [ 19.33983396785824, 51.824542755853059 ], [ 19.339833981296135, 51.824542757832106 ], [ 19.339833994369595, 51.824542760593708 ], [ 19.339834006960228, 51.824542764112863 ], [ 19.339834018954015, 51.824542768357709 ], [ 19.339834030242333, 51.824542773289799 ], [ 19.339834040722959, 51.824542778864483 ], [ 19.339834050300972, 51.824542785031248 ], [ 19.33983405888964, 51.824542791734252 ], [ 19.339834066411171, 51.824542798912823 ], [ 19.341945916497654, 51.826785079042942 ], [ 19.341945922884619, 51.826785086631915 ], [ 19.341945928078456, 51.826785094562702 ], [ 19.341945932032136, 51.826785102763509 ], [ 19.341945934709848, 51.826785111160056 ], [ 19.341945936087345, 51.826785119676295 ], [ 19.341945936152154, 51.826785128235102 ], [ 19.341945934903684, 51.826785136758971 ], [ 19.341945932353241, 51.82678514517071 ], [ 19.341945928523927, 51.826785153394162 ], [ 19.341945923450417, 51.826785161354799 ], [ 19.341945917178663, 51.826785168980571 ], [ 19.339867867571169, 51.829039634982955 ], [ 19.339867866042436, 51.829039636841486 ], [ 19.339867867599075, 51.829039638691128 ], [ 19.341980011728584, 51.831282002106192 ], [ 19.341980013562111, 51.831282003855733 ], [ 19.341980016925852, 51.831282003945226 ], [ 19.346170374356955, 51.831269746294112 ], [ 19.34617038815853, 51.831269746660745 ], [ 19.346170401841356, 51.83126974783854 ], [ 19.346170415281527, 51.831269749816855 ], [ 19.346170428357322, 51.831269752577739 ], [ 19.346170440950324, 51.831269756096219 ], [ 19.346170452946492, 51.831269760340405 ], [ 19.346170464237183, 51.831269765271877 ], [ 19.346170474720154, 51.831269770845978 ], [ 19.346170484300462, 51.831269777012217 ], [ 19.34617049289135, 51.831269783714752 ], [ 19.346170500415017, 51.83126979089289 ], [ 19.348282980848488, 51.833511953517238 ], [ 19.348282987237472, 51.833511961105842 ], [ 19.348282992433198, 51.833511969036358 ], [ 19.348282996388622, 51.833511977236938 ], [ 19.348282999067916, 51.833511985633329 ], [ 19.34828300044682, 51.833511994149475 ], [ 19.348283000512847, 51.833512002708268 ], [ 19.34828299926539, 51.833512011232195 ], [ 19.34828299671576, 51.833512019644061 ], [ 19.348282992887032, 51.833512027867698 ], [ 19.348282987813896, 51.833512035828598 ], [ 19.34828298154228, 51.833512043454704 ], [ 19.346204940874337, 51.835766618811796 ], [ 19.34620493934564, 51.83576662067042 ], [ 19.346204940902773, 51.835766622519969 ], [ 19.348317675052925, 51.838008825410668 ], [ 19.348317681442555, 51.838008832999265 ], [ 19.348317686638811, 51.838008840929767 ], [ 19.348317690594641, 51.83800884913034 ], [ 19.348317693274215, 51.838008857526717 ], [ 19.348317694653264, 51.838008866042848 ], [ 19.348317694719306, 51.838008874601648 ], [ 19.348317693471738, 51.838008883125575 ], [ 19.348317690921863, 51.838008891537427 ], [ 19.348317687092766, 51.838008899761057 ], [ 19.348317682019129, 51.838008907721957 ], [ 19.348317675746902, 51.838008915348055 ], [ 19.346239430866596, 51.840263489961011 ], [ 19.346239429337754, 51.840263491819641 ], [ 19.346239430895043, 51.840263493669184 ], [ 19.348352418830103, 51.842505736825238 ], [ 19.348352420664334, 51.842505738574673 ], [ 19.348352424028921, 51.842505738663974 ], [ 19.352543900945314, 51.842493251841645 ], [ 19.352543904308359, 51.8424932517323 ], [ 19.352543906115336, 51.84249324997203 ], [ 19.35462193767572, 51.840238565233847 ], [ 19.354621945089093, 51.840238558011229 ], [ 19.354621953577237, 51.840238551257826 ], [ 19.354621963063273, 51.840238545034794 ], [ 19.354621973461303, 51.84023853939852 ], [ 19.354621984677156, 51.840238534400001 ], [ 19.354621996609257, 51.840238530084534 ], [ 19.354622009149555, 51.840238526491213 ], [ 19.354622022184479, 51.840238523652545 ], [ 19.354622035595977, 51.840238521594259 ], [ 19.354622049262602, 51.840238520334985 ], [ 19.354622063060582, 51.840238519886135 ], [ 19.358813246229214, 51.840225810312312 ], [ 19.358813249592071, 51.840225810202796 ], [ 19.358813251398711, 51.840225808442419 ], [ 19.360890865429976, 51.837971012880004 ], [ 19.360890872841971, 51.837971005656996 ], [ 19.36089088132875, 51.837970998903138 ], [ 19.360890890813444, 51.837970992679601 ], [ 19.360890901210169, 51.837970987042766 ], [ 19.360890912424761, 51.837970982043657 ], [ 19.360890924355662, 51.837970977727558 ], [ 19.36089093689483, 51.837970974133569 ], [ 19.360890949928699, 51.837970971294212 ], [ 19.360890963339237, 51.837970969235208 ], [ 19.360890977004999, 51.83797096797521 ], [ 19.360890990802222, 51.837970967525621 ], [ 19.365081880178469, 51.837958035248143 ], [ 19.365081893982229, 51.837958035612566 ], [ 19.365081907667566, 51.837958036788159 ], [ 19.365081921110548, 51.837958038764292 ], [ 19.365081934189426, 51.837958041523073 ], [ 19.365081946785761, 51.8379580450395 ], [ 19.365081958785478, 51.837958049281745 ], [ 19.365081970079906, 51.837958054211406 ], [ 19.365081980566757, 51.837958059783794 ], [ 19.365081990151062, 51.837958065948492 ], [ 19.365081998746032, 51.837958072649634 ], [ 19.36508200627382, 51.837958079826549 ], [ 19.367195779479161, 51.840199940787443 ], [ 19.367195781314024, 51.840199942536579 ], [ 19.367195784678476, 51.84019994262534 ], [ 19.371387038780263, 51.840186784818968 ], [ 19.371387042143088, 51.840186784709097 ], [ 19.371387043949234, 51.840186782948521 ], [ 19.373464026972911, 51.837931766545672 ], [ 19.373464034382888, 51.837931759321869 ], [ 19.373464042867774, 51.837931752567115 ], [ 19.37346405235072, 51.837931746342562 ], [ 19.373464062745857, 51.837931740704626 ], [ 19.373464073959042, 51.837931735704316 ], [ 19.373464085888727, 51.837931731386945 ], [ 19.373464098426876, 51.837931727791613 ], [ 19.373464111459935, 51.837931724950856 ], [ 19.373464124869884, 51.837931722890431 ], [ 19.373464138535272, 51.837931721628969 ], [ 19.373464152332346, 51.837931721177902 ], [ 19.377655032111097, 51.837918340964485 ], [ 19.377655045914938, 51.83791834132743 ], [ 19.377655059600581, 51.83791834250156 ], [ 19.377655073044092, 51.837918344476257 ], [ 19.377655086123724, 51.837918347233639 ], [ 19.377655098721018, 51.83791835074873 ], [ 19.3776551107219, 51.837918354989689 ], [ 19.377655122017686, 51.837918359918135 ], [ 19.377655132506074, 51.837918365489401 ], [ 19.377655142092085, 51.837918371653068 ], [ 19.377655150688906, 51.83791837835328 ], [ 19.37765515821868, 51.837918385529385 ], [ 19.379769552830609, 51.840160019314283 ], [ 19.379769554665952, 51.84016002106322 ], [ 19.379769558030425, 51.840160021151618 ], [ 19.383960802369284, 51.840146415357381 ], [ 19.383960805732073, 51.840146415247148 ], [ 19.383960807537726, 51.840146413486387 ], [ 19.38603715939545, 51.837891176352137 ], [ 19.386037166803405, 51.837891169127545 ], [ 19.386037175286397, 51.837891162371889 ], [ 19.386037184767599, 51.837891156146334 ], [ 19.386037195161148, 51.837891150507282 ], [ 19.386037206372926, 51.837891145505779 ], [ 19.386037218301389, 51.837891141187136 ], [ 19.386037230838514, 51.837891137590468 ], [ 19.386037243870767, 51.837891134748325 ], [ 19.386037257280119, 51.837891132686451 ], [ 19.386037270945138, 51.83789113142354 ], [ 19.38603728474207, 51.837891130971002 ], [ 19.390228234961331, 51.837877302557452 ], [ 19.390228238323935, 51.837877302447041 ], [ 19.390228240129254, 51.837877300686195 ], [ 19.392304214326376, 51.835621909668518 ], [ 19.392304215853166, 51.835621907809283 ], [ 19.39230421429415, 51.835621905960359 ], [ 19.390189371696554, 51.833380453618766 ], [ 19.390189369861083, 51.833380451869992 ], [ 19.390189366497101, 51.833380451781878 ], [ 19.38599883368968, 51.833394277975856 ], [ 19.385998819887156, 51.833394277613891 ], [ 19.385998806202675, 51.833394276440728 ], [ 19.385998792760152, 51.833394274466983 ], [ 19.38599877968133, 51.833394271710524 ], [ 19.385998767084651, 51.833394268196329 ], [ 19.385998755084195, 51.833394263956208 ], [ 19.38599874378864, 51.833394259028573 ], [ 19.385998733300276, 51.833394253458039 ], [ 19.385998723714096, 51.833394247295047 ], [ 19.385998715116905, 51.833394240595439 ], [ 19.385998707586563, 51.833394233419867 ], [ 19.383884363444359, 51.831152751985833 ], [ 19.383884357049737, 51.831152744399169 ], [ 19.383884351848039, 51.831152736470237 ], [ 19.383884347886365, 51.831152728270865 ], [ 19.383884345200599, 51.831152719875298 ], [ 19.383884343815051, 51.831152711359579 ], [ 19.383884343742288, 51.831152702800814 ], [ 19.383884344982956, 51.831152694276518 ], [ 19.383884347525818, 51.831152685863898 ], [ 19.383884351347856, 51.83115267763911 ], [ 19.383884356414448, 51.831152669676669 ], [ 19.383884362679712, 51.83115266204868 ], [ 19.385960267345599, 51.828897466883475 ], [ 19.385960274752097, 51.828897459658883 ], [ 19.385960283233416, 51.82889745290322 ], [ 19.385960292712749, 51.828897446677672 ], [ 19.385960303104245, 51.828897441038613 ], [ 19.385960314313802, 51.828897436037124 ], [ 19.3859603262399, 51.828897431718488 ], [ 19.385960338774542, 51.82889742812182 ], [ 19.385960351804204, 51.828897425279678 ], [ 19.385960365210892, 51.828897423217832 ], [ 19.38596037887319, 51.828897421954935 ], [ 19.385960392667375, 51.828897421502411 ], [ 19.39015042782308, 51.828883597794089 ], [ 19.390150441624254, 51.828883598155578 ], [ 19.390150455307477, 51.82888359932825 ], [ 19.390150468748832, 51.828883601301527 ], [ 19.390150481826598, 51.828883604057538 ], [ 19.390150494422336, 51.828883607571285 ], [ 19.390150506421982, 51.828883611810987 ], [ 19.390150517716858, 51.828883616738224 ], [ 19.390150528204675, 51.828883622308403 ], [ 19.390150537790461, 51.828883628471047 ], [ 19.390150546387407, 51.828883635170371 ], [ 19.390150553917646, 51.82888364234568 ], [ 19.392265142217067, 51.831125054564133 ], [ 19.392265144052526, 51.831125056312878 ], [ 19.392265147416349, 51.831125056400928 ], [ 19.396455466476635, 51.83111100740323 ], [ 19.396455480278533, 51.831111007763958 ], [ 19.396455493962591, 51.831111008935906 ], [ 19.396455507404884, 51.831111010908458 ], [ 19.396455520483677, 51.831111013663751 ], [ 19.396455533080523, 51.831111017176823 ], [ 19.396455545081349, 51.831111021415879 ], [ 19.396455556377468, 51.831111026342519 ], [ 19.396455566866578, 51.831111031912123 ], [ 19.3964555764537, 51.831111038074255 ], [ 19.396455585052003, 51.831111044773102 ], [ 19.396455592583617, 51.831111051948014 ], [ 19.398570598184246, 51.83335234908364 ], [ 19.39857060002004, 51.833352350832293 ], [ 19.398570603384041, 51.833352350920144 ], [ 19.402761206300447, 51.833338076586166 ], [ 19.402761209662678, 51.833338076475385 ], [ 19.402761211467325, 51.833338074714334 ], [ 19.404836311094815, 51.831082505809619 ], [ 19.404836318498642, 51.831082498583854 ], [ 19.404836326977541, 51.831082491826841 ], [ 19.404836336454714, 51.831082485599772 ], [ 19.404836346844348, 51.831082479959051 ], [ 19.404836358052346, 51.831082474955771 ], [ 19.404836369977204, 51.831082470635231 ], [ 19.404836382510933, 51.831082467036538 ], [ 19.40483639554003, 51.83108246419232 ], [ 19.40483640894649, 51.831082462128315 ], [ 19.404836422608909, 51.831082460863222 ], [ 19.404836436403556, 51.831082460408489 ], [ 19.409026664702196, 51.831067963856853 ], [ 19.409026678504176, 51.831067964216103 ], [ 19.409026692188537, 51.831067965386588 ], [ 19.409026705631359, 51.831067967357704 ], [ 19.409026718710898, 51.831067970111597 ], [ 19.409026731308707, 51.831067973623334 ], [ 19.40902674331069, 51.831067977861103 ], [ 19.40902675460816, 51.831067982786529 ], [ 19.409026765098812, 51.831067988354995 ], [ 19.409026774687629, 51.831067994516104 ], [ 19.409026783287782, 51.831068001214028 ], [ 19.409026790821382, 51.831068008388122 ], [ 19.411142417164776, 51.833309078136182 ], [ 19.411142419001052, 51.833309079884636 ], [ 19.411142422365067, 51.833309079972139 ], [ 19.415333014707027, 51.833294357764416 ], [ 19.415333018069227, 51.83329435765328 ], [ 19.41533301987338, 51.83329435589205 ], [ 19.417407488187518, 51.831038566581626 ], [ 19.417407495589323, 51.831038559355065 ], [ 19.417407504066325, 51.83103855259715 ], [ 19.417407513541754, 51.831038546369072 ], [ 19.417407523929796, 51.831038540727249 ], [ 19.417407535136384, 51.831038535722783 ], [ 19.417407547060019, 51.831038531400957 ], [ 19.417407559592728, 51.831038527800942 ], [ 19.417407572621013, 51.831038524955325 ], [ 19.417407586026876, 51.831038522889898 ], [ 19.417407599688921, 51.831038521623334 ], [ 19.417407613483423, 51.83103852116713 ], [ 19.421597831046569, 51.831023576796184 ], [ 19.421597844848623, 51.831023577153971 ], [ 19.421597858533289, 51.831023578322984 ], [ 19.421597871976637, 51.831023580292666 ], [ 19.421597885056922, 51.831023583045159 ], [ 19.421597897655687, 51.831023586555538 ], [ 19.421597909658832, 51.831023590792036 ], [ 19.421597920957659, 51.831023595716239 ], [ 19.421597931449838, 51.83102360128359 ], [ 19.421597941040361, 51.831023607443669 ], [ 19.421597949642361, 51.831023614140676 ], [ 19.421597957177948, 51.83102362131396 ], [ 19.423714204095276, 51.83326446356795 ], [ 19.423714205932036, 51.833264465316184 ], [ 19.423714209296076, 51.833264465403339 ], [ 19.427904710380826, 51.833249295616852 ], [ 19.427904724183609, 51.8332492959739 ], [ 19.42790473786911, 51.833249297142189 ], [ 19.427904751313392, 51.833249299111138 ], [ 19.427904764394704, 51.833249301862935 ], [ 19.427904776994577, 51.833249305372632 ], [ 19.427904788998902, 51.833249309608476 ], [ 19.427904800298972, 51.833249314532083 ], [ 19.427904810792445, 51.833249320098858 ], [ 19.427904820384295, 51.833249326258425 ], [ 19.427904828987661, 51.833249332954956 ], [ 19.427904836524622, 51.833249340127828 ], [ 19.430021500788381, 51.835490067110861 ], [ 19.430021502625475, 51.835490068859016 ], [ 19.430021505989689, 51.83549006894598 ], [ 19.4342122101874, 51.83547467399373 ], [ 19.434212223990905, 51.835474674350039 ], [ 19.43421223767724, 51.835474675517581 ], [ 19.434212251122457, 51.83547467748582 ], [ 19.434212264204795, 51.835474680236899 ], [ 19.434212276805773, 51.835474683745915 ], [ 19.434212288811281, 51.835474687981112 ], [ 19.434212300112591, 51.835474692904107 ], [ 19.434212310607361, 51.835474698470321 ], [ 19.434212320200544, 51.835474704629355 ], [ 19.434212328805266, 51.835474711325432 ], [ 19.434212336343599, 51.835474718497885 ], [ 19.436329418006309, 51.837715330164976 ], [ 19.436329419843741, 51.837715331913039 ], [ 19.436329423208129, 51.837715331999817 ], [ 19.440520410826327, 51.837699711545483 ], [ 19.440520414188786, 51.837699711433629 ], [ 19.440520415992129, 51.837699709672009 ], [ 19.442593824154375, 51.835443480357419 ], [ 19.442593831552859, 51.835443473129295 ], [ 19.442593840026898, 51.835443466369576 ], [ 19.442593849499762, 51.83544346013948 ], [ 19.442593859885655, 51.83544345449544 ], [ 19.442593871090523, 51.835443449488565 ], [ 19.442593883012897, 51.835443445164202 ], [ 19.4425938955448, 51.835443441561509 ], [ 19.442593908572746, 51.835443438713114 ], [ 19.442593921978752, 51.835443436644816 ], [ 19.442593935641401, 51.835443435375318 ], [ 19.442593949436976, 51.835443434916165 ], [ 19.446784561882055, 51.835427592371985 ], [ 19.446784575685641, 51.835427592726816 ], [ 19.446784589372278, 51.835427593892902 ], [ 19.446784602818017, 51.835427595859699 ], [ 19.446784615901098, 51.835427598609378 ], [ 19.446784628503035, 51.835427602117043 ], [ 19.446784640509701, 51.835427606350947 ], [ 19.446784651812361, 51.835427611272735 ], [ 19.446784662308666, 51.835427616837826 ], [ 19.446784671903547, 51.835427622995837 ], [ 19.44678468051012, 51.83542762969099 ], [ 19.446784688050435, 51.83542763686264 ], [ 19.44890239011028, 51.837668020786076 ], [ 19.448902391948192, 51.837668022533933 ], [ 19.448902395312604, 51.837668022620349 ], [ 19.453093291008805, 51.837651954538138 ], [ 19.453093304813116, 51.83765195489223 ], [ 19.453093318500585, 51.837651956057577 ], [ 19.453093331947262, 51.837651958023649 ], [ 19.453093345031366, 51.837651960772632 ], [ 19.453093357634412, 51.837651964279623 ], [ 19.453093369642257, 51.837651968512866 ], [ 19.453093380946164, 51.837651973434049 ], [ 19.453093391443758, 51.837651978998558 ], [ 19.453093401039972, 51.837651985156057 ], [ 19.453093409647906, 51.837651991850734 ], [ 19.453093417189596, 51.837651999021986 ], [ 19.455211496078245, 51.839892224554376 ], [ 19.455211502486076, 51.839892232137124 ], [ 19.4552115077013, 51.839892240062845 ], [ 19.455211511676691, 51.839892248259787 ], [ 19.455211514376241, 51.839892256653663 ], [ 19.455211515775513, 51.839892265168487 ], [ 19.45521151586183, 51.839892273727173 ], [ 19.455211514634403, 51.839892282252166 ], [ 19.455211512104359, 51.839892290666299 ], [ 19.455211508294603, 51.839892298893346 ], [ 19.455211503239642, 51.839892306858815 ], [ 19.45521149698525, 51.839892314490569 ], [ 19.453138557692444, 51.842148720205373 ], [ 19.453138550294565, 51.842148727434164 ], [ 19.453138541820852, 51.842148734194623 ], [ 19.453138532348053, 51.842148740425571 ], [ 19.453138521961943, 51.842148746070528 ], [ 19.453138510756588, 51.842148751078405 ], [ 19.453138498833468, 51.842148755403834 ], [ 19.453138486300553, 51.84214875900765 ], [ 19.453138473271348, 51.842148761857217 ], [ 19.453138459863847, 51.842148763926716 ], [ 19.453138446199468, 51.842148765197429 ], [ 19.453138432401961, 51.842148765657825 ], [ 19.448947119203851, 51.842164836319604 ], [ 19.448947115841083, 51.842164836431685 ], [ 19.448947114037892, 51.842164838193426 ], [ 19.446873717439694, 51.844421176886428 ], [ 19.446873710040435, 51.844421184114829 ], [ 19.446873701565355, 51.844421190874854 ], [ 19.446873692091213, 51.844421197105277 ], [ 19.446873681703796, 51.844421202749693 ], [ 19.446873670497183, 51.844421207756973 ], [ 19.446873658572859, 51.84442121208177 ], [ 19.446873646038807, 51.84442121568491 ], [ 19.446873633008547, 51.844421218533796 ], [ 19.44687361960008, 51.844421220602591 ], [ 19.446873605934833, 51.844421221872565 ], [ 19.446873592136562, 51.84442122233223 ], [ 19.442682064323758, 51.844437070265975 ], [ 19.442682060960806, 51.844437070377893 ], [ 19.442682059157278, 51.844437072139534 ], [ 19.440608205177217, 51.846693343760947 ], [ 19.440608203652044, 51.8466933456208 ], [ 19.440608205213419, 51.846693347469071 ], [ 19.442726133391499, 51.848933837765806 ], [ 19.442726139798527, 51.848933845349237 ], [ 19.442726145012617, 51.848933853275497 ], [ 19.442726148986548, 51.848933861472837 ], [ 19.442726151684333, 51.848933869867011 ], [ 19.442726153081541, 51.84893387838197 ], [ 19.442726153165513, 51.848933886940657 ], [ 19.442726151935492, 51.848933895465521 ], [ 19.44272614940262, 51.848933903879363 ], [ 19.442726145589834, 51.84893391210602 ], [ 19.442726140531661, 51.848933920070941 ], [ 19.442726134273911, 51.848933927702014 ], [ 19.44065211695376, 51.851190155579346 ], [ 19.440652115428442, 51.851190157439191 ], [ 19.440652116989977, 51.851190159287469 ], [ 19.44277030040584, 51.853430689541568 ], [ 19.442770302244167, 51.853430691289518 ], [ 19.442770305609738, 51.853430691376111 ], [ 19.44696274925807, 51.853414838047733 ], [ 19.446962752621687, 51.853414837935695 ], [ 19.4469627544254, 51.853414836173975 ], [ 19.449036557072354, 51.851158498404004 ], [ 19.449036564472358, 51.851158491175482 ], [ 19.449036572948373, 51.851158484415315 ], [ 19.449036582423627, 51.851158478184715 ], [ 19.449036592812316, 51.851158472540114 ], [ 19.449036604020357, 51.851158467532635 ], [ 19.449036615946252, 51.851158463207611 ], [ 19.449036628481995, 51.851158459604243 ], [ 19.449036641514059, 51.851158456755122 ], [ 19.449036654924427, 51.851158454686072 ], [ 19.449036668591649, 51.851158453415849 ], [ 19.449036682391956, 51.851158452955914 ], [ 19.45322875053294, 51.851142377440354 ], [ 19.453228764341375, 51.85114237779441 ], [ 19.453228778032944, 51.851142378959729 ], [ 19.453228791483646, 51.851142380925772 ], [ 19.453228804571676, 51.851142383674727 ], [ 19.453228817178505, 51.851142387181682 ], [ 19.453228829189964, 51.851142391414911 ], [ 19.453228840497271, 51.851142396336044 ], [ 19.45322885099803, 51.851142401900546 ], [ 19.453228860597143, 51.851142408057996 ], [ 19.453228869207681, 51.851142414752637 ], [ 19.453228876751663, 51.851142421923853 ], [ 19.455347640429956, 51.853382681289098 ], [ 19.455347642268766, 51.853382683036848 ], [ 19.455347645634358, 51.853382683123066 ], [ 19.459539997155229, 51.853366381921006 ], [ 19.459540010964393, 51.853366382274324 ], [ 19.459540024656789, 51.853366383438903 ], [ 19.459540038108432, 51.853366385404215 ], [ 19.459540051197486, 51.853366388152473 ], [ 19.459540063805424, 51.853366391658746 ], [ 19.459540075818065, 51.853366395891314 ], [ 19.459540087126616, 51.853366400811851 ], [ 19.459540097628672, 51.85336640637577 ], [ 19.459540107229113, 51.853366412532694 ], [ 19.459540115841012, 51.853366419226887 ], [ 19.459540123386368, 51.853366426397685 ], [ 19.461659304891462, 51.855606570230009 ], [ 19.461659306730606, 51.855606571977653 ], [ 19.461659310096376, 51.855606572063706 ], [ 19.465851864552761, 51.855590045446597 ], [ 19.465851878362649, 51.855590045799168 ], [ 19.465851892055881, 51.855590046963009 ], [ 19.465851905508455, 51.855590048927603 ], [ 19.465851918598538, 51.855590051675144 ], [ 19.465851931207585, 51.855590055180748 ], [ 19.465851943221406, 51.855590059412663 ], [ 19.465851954531203, 51.855590064332574 ], [ 19.465851965034549, 51.855590069895939 ], [ 19.46585197463633, 51.855590076052351 ], [ 19.465851983249586, 51.855590082746062 ], [ 19.465851990796317, 51.855590089916454 ], [ 19.467971590180657, 51.85783011817081 ], [ 19.467971592020138, 51.857830119918354 ], [ 19.467971595386082, 51.857830120004223 ], [ 19.472164433120767, 51.857813367614057 ], [ 19.47216443648464, 51.857813367501294 ], [ 19.472164438287546, 51.857813365739197 ], [ 19.474237178328963, 51.855556588105365 ], [ 19.474237185725638, 51.85555658087528 ], [ 19.474237194198686, 51.855556574113301 ], [ 19.474237203671365, 51.85555656788069 ], [ 19.474237214057897, 51.855556562233872 ], [ 19.474237225264215, 51.855556557223991 ], [ 19.474237237188838, 51.855556552896438 ], [ 19.474237249723767, 51.855556549290377 ], [ 19.474237262755491, 51.855556546438471 ], [ 19.47423727616599, 51.855556544366564 ], [ 19.474237289833816, 51.855556543093392 ], [ 19.474237303635192, 51.855556542630509 ], [ 19.478429765467837, 51.855539568126844 ], [ 19.478429779277793, 51.855539568477944 ], [ 19.47842979297133, 51.855539569640321 ], [ 19.478429806424426, 51.855539571603465 ], [ 19.478429819515249, 51.855539574349599 ], [ 19.478429832125251, 51.855539577853854 ], [ 19.47842984414023, 51.855539582084489 ], [ 19.478429855451378, 51.855539587003193 ], [ 19.478429865956254, 51.855539592565421 ], [ 19.478429875559733, 51.855539598720803 ], [ 19.47842988417484, 51.85553960541359 ], [ 19.478429891723557, 51.855539612583165 ], [ 19.480550111807297, 51.857779412662502 ], [ 19.480550113647258, 51.857779414409841 ], [ 19.48055011701322, 51.857779414495361 ], [ 19.484742861954395, 51.857762214182763 ], [ 19.484742875765082, 51.857762214533118 ], [ 19.484742889459447, 51.857762215694763 ], [ 19.484742902913478, 51.857762217657182 ], [ 19.484742916005327, 51.85776222040262 ], [ 19.484742928616441, 51.857762223906185 ], [ 19.484742940632596, 51.85776222813616 ], [ 19.484742951944988, 51.85776223305426 ], [ 19.484742962451161, 51.857762238615926 ], [ 19.484742972055972, 51.857762244770782 ], [ 19.48474298067244, 51.857762251463107 ], [ 19.484742988222532, 51.85776225863227 ], [ 19.48686362623366, 51.860001943016989 ], [ 19.486863628073959, 51.860001944764235 ], [ 19.486863631440098, 51.860001944849564 ], [ 19.49105665944079, 51.859984518681188 ], [ 19.491056662804777, 51.859984518567884 ], [ 19.491056664607026, 51.859984516805511 ], [ 19.493128556235956, 51.857727409384246 ], [ 19.493128563629949, 51.857727402152975 ], [ 19.493128572100559, 51.857727395389652 ], [ 19.493128581571071, 51.857727389155507 ], [ 19.493128591955728, 51.85772738350704 ], [ 19.493128603160471, 51.857727378495362 ], [ 19.49312861508384, 51.857727374165911 ], [ 19.49312862761785, 51.857727370557832 ], [ 19.49312864064899, 51.857727367703845 ], [ 19.493128654059252, 51.857727365629771 ], [ 19.493128667727188, 51.857727364354417 ], [ 19.493128681529019, 51.85772736388931 ], [ 19.497321333349877, 51.857709715671731 ], [ 19.497321347160636, 51.857709716020601 ], [ 19.497321360855299, 51.857709717180782 ], [ 19.497321374309852, 51.857709719141766 ], [ 19.49732138740244, 51.857709721885797 ], [ 19.497321400014506, 51.85770972538802 ], [ 19.49732141203182, 51.857709729616708 ], [ 19.497321423345561, 51.857709734533593 ], [ 19.497321433853266, 51.857709740094123 ], [ 19.497321443459775, 51.857709746247956 ], [ 19.497321452078094, 51.857709752939343 ], [ 19.497321459630168, 51.857709760107703 ], [ 19.499442718166232, 51.85994921613942 ], [ 19.499442720007011, 51.859949217886466 ], [ 19.499442723373168, 51.859949217971426 ], [ 19.503635738486462, 51.859931343518085 ], [ 19.50363574185041, 51.859931343404433 ], [ 19.503635743652165, 51.859931341641854 ], [ 19.505707001873464, 51.857674014369174 ], [ 19.505707009265429, 51.857674007137128 ], [ 19.505707017734139, 51.857674000372896 ], [ 19.505707027202895, 51.857673994137755 ], [ 19.505707037585953, 51.857673988488173 ], [ 19.505707048789279, 51.857673983475308 ], [ 19.505707060711416, 51.857673979144565 ], [ 19.505707073244395, 51.857673975535164 ], [ 19.505707086274715, 51.857673972679777 ], [ 19.505707099684376, 51.857673970604274 ], [ 19.505707113351928, 51.857673969327465 ], [ 19.505707127153599, 51.85767396886088 ], [ 19.509899846324846, 51.85765587206464 ], [ 19.509899849688605, 51.857655871950804 ], [ 19.509899851490022, 51.85765587018814 ], [ 19.511970691792847, 51.855398432888528 ], [ 19.511970699183433, 51.855398425656077 ], [ 19.511970707650775, 51.855398418891397 ], [ 19.511970717118185, 51.855398412655752 ], [ 19.511970727499932, 51.855398407005616 ], [ 19.511970738702001, 51.855398401992169 ], [ 19.511970750622929, 51.855398397660792 ], [ 19.511970763154771, 51.855398394050731 ], [ 19.511970776184036, 51.85539839119464 ], [ 19.511970789592723, 51.855398389118434 ], [ 19.511970803259405, 51.855398387840886 ], [ 19.511970817060316, 51.855398387373569 ], [ 19.516163320640143, 51.855380067929794 ], [ 19.516163324003717, 51.855380067815773 ], [ 19.516163325804801, 51.855380066053009 ], [ 19.518233748245972, 51.853122518771315 ], [ 19.51823375563518, 51.853122511538466 ], [ 19.518233764101158, 51.853122504773353 ], [ 19.518233773567221, 51.853122498537196 ], [ 19.518233783947661, 51.85312249288652 ], [ 19.518233795148461, 51.853122487872469 ], [ 19.518233807068185, 51.853122483540453 ], [ 19.518233819598894, 51.853122479929723 ], [ 19.518233832627097, 51.853122477072944 ], [ 19.518233846034814, 51.853122474996027 ], [ 19.518233859700626, 51.853122473717761 ], [ 19.518233873500769, 51.853122473249712 ], [ 19.522426161436972, 51.853103931195029 ], [ 19.522426164800354, 51.853103931080838 ], [ 19.522426166601104, 51.853103929317982 ], [ 19.52449617123747, 51.850846272099062 ], [ 19.524496178625299, 51.850846264865815 ], [ 19.524496187089905, 51.850846258100248 ], [ 19.52449619655463, 51.850846251863594 ], [ 19.524496206933755, 51.850846246212356 ], [ 19.524496218133294, 51.850846241197729 ], [ 19.524496230051817, 51.850846236865067 ], [ 19.524496242581385, 51.850846233253677 ], [ 19.524496255608533, 51.850846230396208 ], [ 19.52449626901528, 51.850846228318581 ], [ 19.524496282680218, 51.850846227039582 ], [ 19.524496296479594, 51.850846226570809 ], [ 19.528688368720001, 51.850827461941883 ], [ 19.528688372083202, 51.850827461827514 ], [ 19.528688373883611, 51.850827460064558 ], [ 19.530757960772029, 51.848569692953262 ], [ 19.530757968158483, 51.848569685719632 ], [ 19.530757976621725, 51.848569678953609 ], [ 19.530757986085103, 51.848569672716458 ], [ 19.530757996462921, 51.848569667064666 ], [ 19.530758007661195, 51.848569662049428 ], [ 19.530758019578506, 51.848569657716155 ], [ 19.530758032106942, 51.848569654104097 ], [ 19.53075804513303, 51.848569651245924 ], [ 19.530758058538808, 51.84856964916758 ], [ 19.530758072202875, 51.848569647887857 ], [ 19.530758086001487, 51.848569647418351 ], [ 19.534949862111841, 51.848550660617391 ], [ 19.534949875920052, 51.848550660961862 ], [ 19.534949889612868, 51.848550662117667 ], [ 19.534949903066288, 51.848550664074352 ], [ 19.534949916158475, 51.848550666814212 ], [ 19.534949928770864, 51.848550670312392 ], [ 19.534949940789232, 51.84855067453725 ], [ 19.534949952104743, 51.848550679450511 ], [ 19.53494996261492, 51.848550685007687 ], [ 19.534949972224577, 51.848550691158444 ], [ 19.534949980846697, 51.848550697847081 ], [ 19.534949988403188, 51.848550705013018 ], [ 19.537072675720527, 51.850789481911065 ], [ 19.537072677562382, 51.850789483657529 ], [ 19.537072680927917, 51.850789483741416 ], [ 19.541264819695094, 51.850770270622967 ], [ 19.541264823058256, 51.850770270508242 ], [ 19.541264824858175, 51.850770268745094 ], [ 19.543333778201003, 51.848512282181311 ], [ 19.543333785585428, 51.848512274946906 ], [ 19.543333794046767, 51.848512268179981 ], [ 19.543333803508386, 51.848512261941828 ], [ 19.543333813884605, 51.848512256288934 ], [ 19.543333825081458, 51.848512251272503 ], [ 19.543333836997537, 51.84851224693795 ], [ 19.543333849524938, 51.848512243324556 ], [ 19.543333862550206, 51.848512240464999 ], [ 19.54333387595538, 51.848512238385233 ], [ 19.543333889619063, 51.848512237104039 ], [ 19.543333903417508, 51.848512236633063 ], [ 19.547525745889597, 51.848492801381724 ], [ 19.547525749252571, 51.848492801266808 ], [ 19.547525751052152, 51.848492799503568 ], [ 19.549594286708764, 51.84623470316459 ], [ 19.549594294091811, 51.846234695929795 ], [ 19.549594302551782, 51.846234689162415 ], [ 19.549594312012058, 51.846234682923757 ], [ 19.549594322386966, 51.846234677270303 ], [ 19.549594333582554, 51.846234672253281 ], [ 19.549594345497432, 51.846234667918097 ], [ 19.549594358023697, 51.846234664304035 ], [ 19.549594371047903, 51.846234661443809 ], [ 19.549594384452107, 51.846234659363304 ], [ 19.549594398114916, 51.8462346580814 ], [ 19.549594411912597, 51.846234657609699 ], [ 19.553785958045925, 51.846215000273546 ], [ 19.55378597185355, 51.846215000615786 ], [ 19.553785985546124, 51.846215001769409 ], [ 19.553785998999647, 51.846215003723955 ], [ 19.553786012092282, 51.846215006461698 ], [ 19.553786024705463, 51.846215009957866 ], [ 19.553786036724958, 51.846215014180792 ], [ 19.553786048041914, 51.846215019092234 ], [ 19.55378605855385, 51.846215024647726 ], [ 19.553786068165568, 51.846215030796948 ], [ 19.553786076790015, 51.8462150374842 ], [ 19.553786084349095, 51.846215044648922 ], [ 19.55590955213302, 51.848453437195623 ], [ 19.555909558558952, 51.848453444772836 ], [ 19.555909563792824, 51.84845345269401 ], [ 19.555909567787246, 51.84845346088747 ], [ 19.555909570506035, 51.848453469278979 ], [ 19.55590957192457, 51.848453477792546 ], [ 19.555909572030011, 51.848453486351076 ], [ 19.555909570821395, 51.848453494877049 ], [ 19.555909568309676, 51.848453503293278 ], [ 19.555909564517595, 51.848453511523523 ], [ 19.555909559479492, 51.848453519493248 ], [ 19.555909553240998, 51.848453527130296 ], [ 19.553841233599936, 51.850711733036896 ], [ 19.553841232079311, 51.850711734898198 ], [ 19.553841233645453, 51.850711736744955 ], [ 19.555964998943459, 51.852950211802444 ], [ 19.555965000786131, 51.852950213548603 ], [ 19.555965004151862, 51.852950213631956 ], [ 19.560157330402042, 51.852930326727076 ], [ 19.560157333765311, 51.852930326611805 ], [ 19.560157335564572, 51.852930324848373 ], [ 19.562225478736639, 51.850671966078615 ], [ 19.562225480256917, 51.850671964217199 ], [ 19.562225478690436, 51.850671962370555 ], [ 19.560101552503284, 51.84843364298726 ], [ 19.560101546076652, 51.848433635410295 ], [ 19.560101540842044, 51.8484336274893 ], [ 19.560101536846869, 51.848433619295982 ], [ 19.560101534127302, 51.848433610904578 ], [ 19.560101532707975, 51.848433602391061 ], [ 19.560101532601742, 51.848433593832539 ], [ 19.560101533809561, 51.848433585306523 ], [ 19.560101536320499, 51.848433576890208 ], [ 19.560101540111816, 51.848433568659829 ], [ 19.560101545149173, 51.848433560689926 ], [ 19.560101551386953, 51.848433553052665 ], [ 19.562169413691127, 51.846175280747822 ], [ 19.562169421072142, 51.846175273512245 ], [ 19.562169429530211, 51.84617526674397 ], [ 19.562169438988729, 51.846175260504303 ], [ 19.562169449362042, 51.846175254849747 ], [ 19.562169460556206, 51.846175249831532 ], [ 19.562169472469847, 51.846175245495076 ], [ 19.562169484995081, 51.846175241879678 ], [ 19.562169498018463, 51.846175239018066 ], [ 19.562169511422056, 51.846175236936126 ], [ 19.562169525084482, 51.846175235652765 ], [ 19.562169538881999, 51.846175235179579 ], [ 19.566361150884738, 51.846155129421447 ], [ 19.566361154247485, 51.846155129305998 ], [ 19.566361156046238, 51.84615512754246 ], [ 19.568428680025459, 51.843896658967516 ], [ 19.568428681545253, 51.843896657106036 ], [ 19.568428679978755, 51.843896655259464 ], [ 19.566304768463333, 51.841658445261046 ], [ 19.566304762036637, 51.841658437684401 ], [ 19.566304756801738, 51.841658429763676 ], [ 19.566304752806047, 51.841658421570571 ], [ 19.566304750085745, 51.841658413179303 ], [ 19.566304748665473, 51.841658404665857 ], [ 19.566304748558089, 51.841658396107334 ], [ 19.566304749764566, 51.841658387581241 ], [ 19.566304752273979, 51.841658379164798 ], [ 19.566304756063598, 51.841658370934212 ], [ 19.566304761099111, 51.841658362964033 ], [ 19.566304767334913, 51.84165835532643 ], [ 19.568372010630888, 51.839399973237555 ], [ 19.568372018009807, 51.839399966001579 ], [ 19.568372026465678, 51.83939995923285 ], [ 19.568372035921922, 51.839399952992679 ], [ 19.5683720462929, 51.839399947337597 ], [ 19.568372057484702, 51.839399942318792 ], [ 19.568372069395959, 51.839399937981703 ], [ 19.56837208191881, 51.839399934365652 ], [ 19.568372094939843, 51.839399931503344 ], [ 19.568372108341137, 51.839399929420722 ], [ 19.568372122001328, 51.839399928136636 ], [ 19.568372135796707, 51.839399927662726 ], [ 19.572563114112725, 51.839379602778777 ], [ 19.572563117474953, 51.839379602663143 ], [ 19.572563119273191, 51.83937960089952 ], [ 19.574630024386419, 51.837121022598446 ], [ 19.574630025905734, 51.837121020736866 ], [ 19.574630024339221, 51.837121018890379 ], [ 19.572506086925902, 51.83488287533082 ], [ 19.572506085083333, 51.834882873584917 ], [ 19.572506081718924, 51.834882873502025 ], [ 19.568315520806763, 51.834903195123722 ], [ 19.568315507002502, 51.834903194783152 ], [ 19.568315493313005, 51.834903193631213 ], [ 19.568315479862239, 51.834903191678336 ], [ 19.56831546677202, 51.834903188942185 ], [ 19.568315454160899, 51.834903185447573 ], [ 19.568315442143078, 51.834903181226103 ], [ 19.568315430827393, 51.83490317631604 ], [ 19.568315420316324, 51.834903170761834 ], [ 19.568315410705061, 51.834903164613799 ], [ 19.568315402080639, 51.834903157927606 ], [ 19.568315394521168, 51.8349031507638 ], [ 19.566191915186682, 51.832664934018688 ], [ 19.566191913344447, 51.832664932272678 ], [ 19.566191909980216, 51.832664932189608 ], [ 19.562001550360073, 51.832685028267804 ], [ 19.562001536556533, 51.832685027926487 ], [ 19.56200152286786, 51.83268502677381 ], [ 19.562001509418025, 51.832685024820208 ], [ 19.562001496328829, 51.832685022083353 ], [ 19.562001483718809, 51.832685018588059 ], [ 19.562001471702164, 51.832685014365943 ], [ 19.562001460387723, 51.832685009455261 ], [ 19.562001449877943, 51.832685003900494 ], [ 19.562001440268009, 51.832684997751926 ], [ 19.562001431644944, 51.832684991065264 ], [ 19.562001424086848, 51.832684983901046 ], [ 19.559878362049901, 51.830446651098441 ], [ 19.559878360208, 51.830446649352318 ], [ 19.559878356843946, 51.830446649269071 ], [ 19.555688198572778, 51.830466519838957 ], [ 19.555688184769959, 51.830466519496909 ], [ 19.555688171082117, 51.830466518343499 ], [ 19.555688157633213, 51.830466516389166 ], [ 19.555688144545037, 51.830466513651594 ], [ 19.555688131936122, 51.830466510155617 ], [ 19.555688119920653, 51.830466505932854 ], [ 19.555688108607452, 51.830466501021569 ], [ 19.555688098098965, 51.830466495466226 ], [ 19.55568808849036, 51.830466489317139 ], [ 19.555688079868656, 51.830466482630008 ], [ 19.555688072311931, 51.830466475465371 ], [ 19.553565468221986, 51.828228069574671 ], [ 19.553565461799355, 51.828228061997322 ], [ 19.553565456568261, 51.828228054075986 ], [ 19.553565452576084, 51.828228045882412 ], [ 19.553565449858979, 51.828228037490817 ], [ 19.553565448441546, 51.828228028977207 ], [ 19.553565448336627, 51.828228020418635 ], [ 19.553565449545172, 51.828228011892655 ], [ 19.553565452056233, 51.828228003476454 ], [ 19.553565455847075, 51.828227995246252 ], [ 19.553565460883359, 51.828227987276605 ], [ 19.553565467119483, 51.828227979639664 ], [ 19.55563277920762, 51.825969772914902 ], [ 19.555632780727347, 51.825969771053579 ], [ 19.555632779161993, 51.825969769206836 ], [ 19.553510350151981, 51.823731317057067 ], [ 19.553510343730004, 51.823731309479712 ], [ 19.553510338499446, 51.823731301558375 ], [ 19.553510334507685, 51.823731293364787 ], [ 19.553510331790864, 51.823731284973178 ], [ 19.553510330373591, 51.823731276459554 ], [ 19.553510330268701, 51.823731267900989 ], [ 19.553510331477142, 51.823731259374981 ], [ 19.553510333987973, 51.82373125095878 ], [ 19.553510337778448, 51.823731242728584 ], [ 19.553510342814249, 51.823731234758931 ], [ 19.553510349049766, 51.823731227121989 ], [ 19.555577459783915, 51.821473020232617 ], [ 19.555577461303493, 51.821473018371286 ], [ 19.555577459738306, 51.821473016524543 ], [ 19.55345524645675, 51.819234561039615 ], [ 19.553455240035426, 51.819234553462223 ], [ 19.553455234805401, 51.81923454554088 ], [ 19.553455230814055, 51.819234537347292 ], [ 19.553455228097523, 51.819234528955676 ], [ 19.553455226680406, 51.819234520442052 ], [ 19.553455226575544, 51.819234511883465 ], [ 19.553455227783878, 51.819234503357471 ], [ 19.553455230294475, 51.819234494941263 ], [ 19.553455234084591, 51.819234486711053 ], [ 19.553455239119909, 51.8192344787414 ], [ 19.553455245354819, 51.819234471104451 ], [ 19.555522154786875, 51.816976264050098 ], [ 19.555522156306306, 51.816976262188767 ], [ 19.555522154741276, 51.816976260342017 ], [ 19.553400157131318, 51.814737801522178 ], [ 19.553400150710644, 51.814737793944772 ], [ 19.553400145481163, 51.814737786023407 ], [ 19.553400141490226, 51.814737777829819 ], [ 19.553400138773981, 51.814737769438196 ], [ 19.553400137357023, 51.814737760924551 ], [ 19.553400137252186, 51.814737752365957 ], [ 19.553400138460422, 51.81473774383997 ], [ 19.553400140970783, 51.814737735423762 ], [ 19.553400144760538, 51.814737727193545 ], [ 19.553400149795369, 51.814737719223885 ], [ 19.553400156029674, 51.814737711586936 ], [ 19.555466824582734, 51.81247954767047 ], [ 19.555466831959361, 51.81247954043527 ], [ 19.555466840412166, 51.812479533667464 ], [ 19.55546684986459, 51.812479527428316 ], [ 19.555466860231043, 51.812479521774343 ], [ 19.555466871417639, 51.81247951675676 ], [ 19.555466883323067, 51.812479512420985 ], [ 19.555466895839515, 51.812479508806305 ], [ 19.555466908853631, 51.81247950594544 ], [ 19.555466922247554, 51.812479503864282 ], [ 19.555466935899986, 51.812479502581724 ], [ 19.555466949687297, 51.812479502109333 ], [ 19.559655359528584, 51.812459644674355 ], [ 19.559655373325928, 51.812459645015956 ], [ 19.559655387008409, 51.812459646168925 ], [ 19.559655400452115, 51.812459648122832 ], [ 19.559655413535303, 51.812459650859985 ], [ 19.559655426139482, 51.812459654355557 ], [ 19.559655438150518, 51.812459658577943 ], [ 19.559655449459626, 51.812459663488873 ], [ 19.559655459964389, 51.812459669043896 ], [ 19.559655469569684, 51.812459675192692 ], [ 19.559655478188517, 51.81245968187956 ], [ 19.559655485742837, 51.812459689043962 ], [ 19.561777684548669, 51.814698035260228 ], [ 19.561777686389995, 51.814698037006309 ], [ 19.561777689752883, 51.814698037089514 ], [ 19.56596638105334, 51.814677953911826 ], [ 19.565966394851401, 51.814677954252687 ], [ 19.565966408534713, 51.81467795540491 ], [ 19.565966421979347, 51.814677957358086 ], [ 19.565966435063554, 51.814677960094521 ], [ 19.565966447668838, 51.814677963589425 ], [ 19.565966459681047, 51.814677967811157 ], [ 19.565966470991391, 51.814677972721469 ], [ 19.565966481497451, 51.814677978275931 ], [ 19.565966491104071, 51.814677984424193 ], [ 19.565966499724261, 51.814677991110607 ], [ 19.565966507279953, 51.81467799827459 ], [ 19.568089122948233, 51.816916228507637 ], [ 19.568089124789896, 51.816916230253625 ], [ 19.568089128152955, 51.816916230336652 ], [ 19.572278020538054, 51.816895921760441 ], [ 19.572278034336836, 51.816895922100549 ], [ 19.572278048020973, 51.816895923252048 ], [ 19.572278061466534, 51.816895925204513 ], [ 19.572278074551765, 51.81689592794023 ], [ 19.572278087158153, 51.816895931434459 ], [ 19.572278099171534, 51.816895935655531 ], [ 19.572278110483118, 51.816895940565253 ], [ 19.572278120990468, 51.816895946119125 ], [ 19.572278130598416, 51.816895952266869 ], [ 19.572278139219961, 51.816895958952813 ], [ 19.572278146777023, 51.816895966116391 ], [ 19.574401179359569, 51.819134080321241 ], [ 19.574401181201566, 51.819134082067123 ], [ 19.574401184564799, 51.819134082149965 ], [ 19.578590358306752, 51.819113547744905 ], [ 19.578590361667452, 51.819113547629108 ], [ 19.578590363464656, 51.819113545865385 ], [ 19.58065600735096, 51.81685490094474 ], [ 19.580656014724248, 51.816854893707983 ], [ 19.580656023174075, 51.816854886938373 ], [ 19.580656032623921, 51.816854880697207 ], [ 19.580656042988203, 51.816854875041031 ], [ 19.580656054173058, 51.816854870021054 ], [ 19.5806560660772, 51.81685486568275 ], [ 19.580656078592817, 51.816854862065391 ], [ 19.580656091606578, 51.816854859201733 ], [ 19.58065610500061, 51.816854857117718 ], [ 19.580656118653625, 51.816854855832219 ], [ 19.58065613244198, 51.816854855356887 ], [ 19.584844929537045, 51.816834099606297 ], [ 19.584844943335892, 51.816834099944941 ], [ 19.584844957020316, 51.816834101094962 ], [ 19.584844970466392, 51.816834103045977 ], [ 19.584844983552351, 51.816834105780316 ], [ 19.584844996159685, 51.816834109273188 ], [ 19.584845008174213, 51.816834113492973 ], [ 19.58484501948714, 51.816834118401474 ], [ 19.584845029996007, 51.81683412395423 ], [ 19.58484503960565, 51.816834130100936 ], [ 19.584845048229035, 51.81683413678595 ], [ 19.584845055788072, 51.816834143948718 ], [ 19.586968706253071, 51.819072029389474 ], [ 19.586968708095551, 51.819072031135164 ], [ 19.586968711458802, 51.819072031217644 ], [ 19.591157870069825, 51.819051049198976 ], [ 19.591157873430486, 51.819051049082816 ], [ 19.591157875227193, 51.819051047318894 ], [ 19.593222886105629, 51.81679218362914 ], [ 19.593222893476891, 51.816792176391601 ], [ 19.593222901924815, 51.816792169621102 ], [ 19.593222911372902, 51.816792163378935 ], [ 19.593222921735588, 51.81679215772165 ], [ 19.593222932919023, 51.816792152700486 ], [ 19.593222944821928, 51.816792148360904 ], [ 19.593222957336511, 51.816792144742216 ], [ 19.593222970349444, 51.816792141877173 ], [ 19.593222983742866, 51.81679213979173 ], [ 19.593222997395497, 51.81679213850478 ], [ 19.593223011183689, 51.816792138027978 ], [ 19.597411792987952, 51.816770934718733 ], [ 19.597411806786862, 51.816770935055885 ], [ 19.597411820471574, 51.816770936204456 ], [ 19.597411833918162, 51.816770938154029 ], [ 19.597411847004853, 51.816770940886968 ], [ 19.597411859613128, 51.81677094437849 ], [ 19.597411871628807, 51.816770948596989 ], [ 19.597411882943071, 51.816770953504268 ], [ 19.597411893453458, 51.816770959055894 ], [ 19.597411903064785, 51.816770965201577 ], [ 19.597411911690013, 51.816770971885674 ], [ 19.597411919251027, 51.816770979047611 ], [ 19.599536187427525, 51.819008635618431 ], [ 19.599536189270481, 51.819008637363929 ], [ 19.599536192633749, 51.819008637446039 ], [ 19.603725335787651, 51.81898720781755 ], [ 19.603725339148269, 51.818987207701035 ], [ 19.603725340944486, 51.818987205936928 ], [ 19.605789718659938, 51.816728123587701 ], [ 19.605789726029165, 51.816728116349388 ], [ 19.605789734475188, 51.81672810957798 ], [ 19.60578974392152, 51.816728103334803 ], [ 19.605789754282601, 51.816728097676425 ], [ 19.605789765464614, 51.816728092654074 ], [ 19.60578977736629, 51.816728088313226 ], [ 19.605789789879839, 51.816728084693196 ], [ 19.605789802891941, 51.81672808182676 ], [ 19.605789816284755, 51.816728079739896 ], [ 19.605789829936992, 51.816728078451483 ], [ 19.605789843725024, 51.816728077973217 ], [ 19.609978690236755, 51.816706426692519 ], [ 19.609978693597185, 51.816706426575834 ], [ 19.609978695393067, 51.816706424811628 ], [ 19.612042656210104, 51.814447233169737 ], [ 19.612042663577963, 51.814447225931033 ], [ 19.612042672022621, 51.814447219159177 ], [ 19.612042681467607, 51.814447212915503 ], [ 19.612042691827384, 51.814447207256578 ], [ 19.612042703008132, 51.81444720223363 ], [ 19.612042714908601, 51.81444719789215 ], [ 19.612042727421013, 51.814447194271459 ], [ 19.612042740432059, 51.814447191404348 ], [ 19.6120427538239, 51.814447189316759 ], [ 19.612042767475266, 51.814447188027628 ], [ 19.612042781262524, 51.814447187548609 ], [ 19.616231331088862, 51.814425314663843 ], [ 19.616231344887176, 51.8144253149988 ], [ 19.616231358571639, 51.814425316145183 ], [ 19.616231372018323, 51.814425318092617 ], [ 19.616231385105454, 51.814425320823446 ], [ 19.616231397714508, 51.814425324312943 ], [ 19.616231409731302, 51.814425328529531 ], [ 19.616231421047004, 51.814425333434997 ], [ 19.616231431559143, 51.814425338984933 ], [ 19.616231441172516, 51.814425345129074 ], [ 19.616231449800065, 51.814425351811778 ], [ 19.616231457363654, 51.8144253589725 ], [ 19.618356543556683, 51.816662673799712 ], [ 19.618356545400271, 51.81666267554489 ], [ 19.618356548763394, 51.816662675626482 ], [ 19.622545459655971, 51.816640576363973 ], [ 19.622545463016362, 51.816640576246925 ], [ 19.622545464811747, 51.816640574482534 ], [ 19.624608831880334, 51.814381121036817 ], [ 19.62460883339682, 51.814381119174605 ], [ 19.624608831829068, 51.814381117328779 ], [ 19.622483504516552, 51.81214387237695 ], [ 19.622483502672992, 51.812143870631836 ], [ 19.622483499310196, 51.812143870550372 ], [ 19.618295085580367, 51.812165965844251 ], [ 19.618295071782729, 51.812165965509536 ], [ 19.618295058098902, 51.812165964363388 ], [ 19.618295044652804, 51.812165962416195 ], [ 19.618295031566205, 51.812165959685593 ], [ 19.618295018957625, 51.812165956196296 ], [ 19.618295006941246, 51.812165951979935 ], [ 19.618294995625885, 51.812165947074661 ], [ 19.618294985114023, 51.81216594152491 ], [ 19.618294975500856, 51.812165935380932 ], [ 19.618294966873435, 51.812165928698384 ], [ 19.6182949593099, 51.812165921537783 ], [ 19.616170130281702, 51.809928646093361 ], [ 19.61617012385123, 51.80992863851943 ], [ 19.616170118611326, 51.809928630600886 ], [ 19.61617011460946, 51.809928622409444 ], [ 19.616170111881864, 51.809928614019313 ], [ 19.616170110453243, 51.809928605506457 ], [ 19.616170110336537, 51.809928596947962 ], [ 19.616170111532799, 51.809928588421343 ], [ 19.616170114031195, 51.809928580003834 ], [ 19.616170117809105, 51.809928571771628 ], [ 19.616170122832312, 51.809928563799318 ], [ 19.616170129055323, 51.809928556159079 ], [ 19.618233472656843, 51.807669255277368 ], [ 19.618233474173373, 51.807669253415241 ], [ 19.618233472606111, 51.807669251569322 ], [ 19.616108819189492, 51.805431929704071 ], [ 19.616108812759673, 51.805431922130126 ], [ 19.616108807520312, 51.805431914211567 ], [ 19.616108803518859, 51.805431906020111 ], [ 19.616108800791555, 51.80543189762998 ], [ 19.616108799363094, 51.805431889117109 ], [ 19.616108799246419, 51.805431880558615 ], [ 19.616108800442582, 51.805431872031988 ], [ 19.616108802940747, 51.805431863614466 ], [ 19.616108806718298, 51.805431855382274 ], [ 19.616108811741025, 51.805431847409949 ], [ 19.616108817963429, 51.805431839769703 ], [ 19.618171921685839, 51.80317258222059 ], [ 19.618171929050881, 51.803172574981488 ], [ 19.618171937492527, 51.803172568209206 ], [ 19.618171946934318, 51.803172561965042 ], [ 19.618171957290752, 51.803172556305576 ], [ 19.618171968468033, 51.803172551282053 ], [ 19.618171980364949, 51.803172546939955 ], [ 19.618171992873751, 51.803172543318617 ], [ 19.61817200588116, 51.803172540450809 ], [ 19.618172019269377, 51.803172538362546 ], [ 19.618172032917158, 51.803172537072712 ], [ 19.618172046700909, 51.803172536592989 ], [ 19.622359627079589, 51.803150448389587 ], [ 19.622359630438979, 51.803150448272554 ], [ 19.622359632233838, 51.80315044650817 ], [ 19.624422398506095, 51.80089099314047 ], [ 19.624422400022144, 51.800890991278258 ], [ 19.624422398454868, 51.800890989432425 ], [ 19.62229776112796, 51.798653776769484 ], [ 19.622297754698081, 51.798653769195873 ], [ 19.622297749458433, 51.798653761277599 ], [ 19.622297745456471, 51.798653753086342 ], [ 19.622297742728442, 51.798653744696345 ], [ 19.622297741299043, 51.798653736183532 ], [ 19.622297741181221, 51.798653727625044 ], [ 19.622297742376048, 51.79865371909834 ], [ 19.622297744872697, 51.798653710680682 ], [ 19.622297748648567, 51.798653702448291 ], [ 19.62229775366945, 51.798653694475696 ], [ 19.622297759889886, 51.798653686835145 ], [ 19.624360286447175, 51.796394276818255 ], [ 19.624360287963079, 51.796394274956036 ], [ 19.624360286395962, 51.796394273110195 ], [ 19.622235865366079, 51.79415705691067 ], [ 19.622235858936858, 51.794157049337031 ], [ 19.622235853697749, 51.794157041418735 ], [ 19.622235849696199, 51.794157033227478 ], [ 19.622235846968458, 51.79415702483746 ], [ 19.622235845539223, 51.794157016324661 ], [ 19.622235845421429, 51.794157007766152 ], [ 19.622235846616157, 51.794156999239462 ], [ 19.622235849112577, 51.794156990821797 ], [ 19.622235852888085, 51.794156982589378 ], [ 19.622235857908489, 51.794156974616797 ], [ 19.622235864128328, 51.794156966976232 ], [ 19.624298190578514, 51.791897556984132 ], [ 19.624298192094269, 51.791897555121921 ], [ 19.624298190527316, 51.791897553276087 ], [ 19.622173985737405, 51.789660333540219 ], [ 19.622173979308833, 51.78966032596658 ], [ 19.622173974070265, 51.789660318048263 ], [ 19.622173970069134, 51.789660309857005 ], [ 19.622173967341684, 51.789660301466974 ], [ 19.622173965912605, 51.78966029295416 ], [ 19.622173965794847, 51.789660284395644 ], [ 19.622173966989472, 51.789660275868947 ], [ 19.622173969485662, 51.789660267451289 ], [ 19.622173973260814, 51.789660259218863 ], [ 19.622173978280738, 51.789660251246275 ], [ 19.62217398449997, 51.789660243605717 ], [ 19.624236110894525, 51.787400833637975 ], [ 19.624236112410131, 51.78740083177577 ], [ 19.624236110843341, 51.787400829929943 ], [ 19.622112122236363, 51.785163606658024 ], [ 19.622112115808452, 51.785163599084385 ], [ 19.62211211057042, 51.785163591166068 ], [ 19.622112106569706, 51.785163582974782 ], [ 19.622112103842543, 51.78516357458475 ], [ 19.622112102413627, 51.78516356607193 ], [ 19.622112102295901, 51.785163557513407 ], [ 19.622112103490423, 51.785163548986709 ], [ 19.622112105986385, 51.785163540569037 ], [ 19.622112109761179, 51.785163532336611 ], [ 19.622112114780624, 51.785163524364023 ], [ 19.622112120999255, 51.785163516723465 ], [ 19.624174047389616, 51.782904106779689 ], [ 19.624174048905083, 51.782904104917478 ], [ 19.624174047338446, 51.782904103071623 ], [ 19.622050234134399, 51.780666833363036 ], [ 19.62205023229215, 51.780666831617879 ], [ 19.622050228931698, 51.780666831536401 ], [ 19.617864730031201, 51.780688902025901 ], [ 19.617864716243176, 51.7806889016911 ], [ 19.617864702568891, 51.78068890054486 ], [ 19.61786468913218, 51.780688898597589 ], [ 19.617864676054733, 51.780688895866888 ], [ 19.617864663454981, 51.780688892377519 ], [ 19.617864651447025, 51.780688888161045 ], [ 19.617864640139622, 51.780688883255671 ], [ 19.617864629635161, 51.780688877705828 ], [ 19.617864620028779, 51.780688871561757 ], [ 19.617864611407466, 51.780688864879124 ], [ 19.617864603849306, 51.780688857718445 ], [ 19.615741288111774, 51.778451557648481 ], [ 19.615741281685892, 51.778451550074458 ], [ 19.615741276449761, 51.77845154215585 ], [ 19.615741272450801, 51.778451533964336 ], [ 19.615741269725234, 51.778451525574148 ], [ 19.615741268297739, 51.778451517061221 ], [ 19.615741268181246, 51.778451508502691 ], [ 19.615741269376809, 51.778451499976029 ], [ 19.615741271873596, 51.778451491558499 ], [ 19.615741275649, 51.778451483326265 ], [ 19.615741280668836, 51.77845147535394 ], [ 19.61574128688763, 51.778451467713694 ], [ 19.617803189802569, 51.776192210206339 ], [ 19.617803197163319, 51.776192202967245 ], [ 19.617803205600019, 51.77619219619497 ], [ 19.617803215036258, 51.77619218995082 ], [ 19.617803225386588, 51.776192184291382 ], [ 19.617803236557275, 51.776192179267888 ], [ 19.617803248447149, 51.776192174925825 ], [ 19.617803260948538, 51.776192171304537 ], [ 19.617803273948226, 51.776192168436801 ], [ 19.617803287328485, 51.776192166348579 ], [ 19.617803300968145, 51.776192165058809 ], [ 19.617803314743682, 51.776192164579165 ], [ 19.621988397673906, 51.776170097630342 ], [ 19.621988401031292, 51.776170097513315 ], [ 19.621988402825103, 51.776170095748931 ], [ 19.624049968894727, 51.773910642526204 ], [ 19.624049970409899, 51.773910640663999 ], [ 19.624049968843583, 51.773910638818151 ], [ 19.621926628443425, 51.771673404939961 ], [ 19.621926622017476, 51.771673397366257 ], [ 19.62192661678106, 51.771673389447912 ], [ 19.621926612781596, 51.771673381256605 ], [ 19.621926610055301, 51.771673372866552 ], [ 19.621926608626868, 51.77167336435371 ], [ 19.621926608509231, 51.771673355795166 ], [ 19.621926609703458, 51.77167334726844 ], [ 19.621926612198735, 51.771673338850761 ], [ 19.621926615972455, 51.771673330618327 ], [ 19.621926620990454, 51.771673322645739 ], [ 19.621926627207284, 51.771673315005174 ], [ 19.623987914367994, 51.769413948457114 ], [ 19.623987921726659, 51.769413941217621 ], [ 19.623987930161171, 51.769413934444884 ], [ 19.623987939595146, 51.769413928200265 ], [ 19.62398794994316, 51.769413922540274 ], [ 19.623987961111482, 51.769413917516182 ], [ 19.623987972998982, 51.769413913173516 ], [ 19.623987985498005, 51.769413909551567 ], [ 19.623987998495352, 51.769413906683148 ], [ 19.623988011873319, 51.769413904594245 ], [ 19.623988025510751, 51.769413903303757 ], [ 19.623988039284153, 51.769413902823381 ], [ 19.628172490397468, 51.769391617782645 ], [ 19.628172493754331, 51.769391617665448 ], [ 19.628172495547638, 51.769391615900965 ], [ 19.630233446004713, 51.767132053695221 ], [ 19.630233447519405, 51.767132051832945 ], [ 19.630233445953074, 51.767132049987168 ], [ 19.628110081049094, 51.76489488227584 ], [ 19.628110079207257, 51.764894880530782 ], [ 19.628110075847967, 51.764894880449475 ], [ 19.623926040431297, 51.764917161915442 ], [ 19.623926026648039, 51.764917161581323 ], [ 19.623926012978369, 51.764917160435793 ], [ 19.623925999546099, 51.76491715848919 ], [ 19.623925986472855, 51.764917155759122 ], [ 19.623925973877046, 51.764917152270385 ], [ 19.623925961872729, 51.764917148054501 ], [ 19.623925950568626, 51.764917143149702 ], [ 19.623925940067103, 51.764917137600378 ], [ 19.623925930463269, 51.764917131456784 ], [ 19.623925921844094, 51.76491712477457 ], [ 19.623925914287632, 51.764917117614239 ], [ 19.621803046451014, 51.762679919567113 ], [ 19.621803040026375, 51.762679911993416 ], [ 19.621803034791036, 51.762679904075036 ], [ 19.6218030307924, 51.762679895883714 ], [ 19.621803028066687, 51.76267988749364 ], [ 19.621803026638574, 51.762679878980776 ], [ 19.621803026521, 51.762679870422218 ], [ 19.621803027715028, 51.762679861895492 ], [ 19.621803030209843, 51.762679853477799 ], [ 19.62180303398285, 51.762679845245358 ], [ 19.621803038999886, 51.762679837272763 ], [ 19.621803045215515, 51.762679829632191 ], [ 19.623863932838095, 51.760420463128362 ], [ 19.623863940195328, 51.76042045588887 ], [ 19.623863948628195, 51.760420449116154 ], [ 19.623863958060326, 51.760420442871521 ], [ 19.623863968406308, 51.760420437211536 ], [ 19.623863979572437, 51.760420432187466 ], [ 19.623863991457593, 51.760420427844799 ], [ 19.623864003954147, 51.760420424222872 ], [ 19.623864016948925, 51.760420421354475 ], [ 19.623864030324242, 51.760420419265586 ], [ 19.623864043958974, 51.760420417975119 ], [ 19.623864057729637, 51.760420417494778 ], [ 19.628047677557937, 51.760398139602849 ], [ 19.62804768091414, 51.760398139485652 ], [ 19.628047682707095, 51.760398137721175 ], [ 19.630108194317298, 51.758138618922409 ], [ 19.630108201673167, 51.758138611682533 ], [ 19.630108210104673, 51.758138604909377 ], [ 19.630108219535465, 51.758138598664225 ], [ 19.63010822988014, 51.758138593003714 ], [ 19.630108241045011, 51.758138587979055 ], [ 19.630108252928967, 51.758138583635748 ], [ 19.630108265424386, 51.758138580013167 ], [ 19.63010827841811, 51.758138577144074 ], [ 19.63010829179246, 51.758138575054474 ], [ 19.630108305426315, 51.758138573763304 ], [ 19.630108319196218, 51.758138573282217 ], [ 19.634291723132037, 51.758116073866006 ], [ 19.634291726488051, 51.758116073748646 ], [ 19.634291728280672, 51.758116071984063 ], [ 19.636351824413548, 51.755856444260615 ], [ 19.636351831768046, 51.755856437020363 ], [ 19.636351840198191, 51.755856430246745 ], [ 19.636351849627648, 51.755856424001109 ], [ 19.636351859971015, 51.755856418340045 ], [ 19.636351871134629, 51.755856413314795 ], [ 19.636351883017383, 51.755856408970857 ], [ 19.63635189551167, 51.755856405347622 ], [ 19.636351908504334, 51.755856402477825 ], [ 19.636351921877718, 51.755856400387529 ], [ 19.636351935510707, 51.755856399095627 ], [ 19.636351949279842, 51.755856398613822 ], [ 19.640535137271886, 51.75583367770998 ], [ 19.640535140627716, 51.755833677592435 ], [ 19.640535142420003, 51.755833675827766 ], [ 19.642594862626524, 51.753573895891705 ], [ 19.642594864140257, 51.753573894029259 ], [ 19.642594862573898, 51.753573892183653 ], [ 19.640471530553523, 51.751336942523366 ], [ 19.640471528711767, 51.751336940778501 ], [ 19.640471525353465, 51.751336940697534 ], [ 19.636288752727715, 51.751359657957124 ], [ 19.636288738948505, 51.751359657624441 ], [ 19.636288725282636, 51.751359656480332 ], [ 19.636288711853869, 51.751359654535108 ], [ 19.636288698783815, 51.751359651806425 ], [ 19.636288686190845, 51.751359648318989 ], [ 19.636288674188993, 51.751359644104348 ], [ 19.636288662886958, 51.751359639200714 ], [ 19.636288652387091, 51.751359633652477 ], [ 19.636288642784478, 51.751359627509871 ], [ 19.636288634166082, 51.751359620828538 ], [ 19.636288626609954, 51.751359613668996 ], [ 19.634165750619591, 51.749122590752116 ], [ 19.63416574877817, 51.749122589007136 ], [ 19.634165745420042, 51.749122588926006 ], [ 19.629983172222499, 51.74914508112532 ], [ 19.629983158444002, 51.749145080791919 ], [ 19.629983144778951, 51.749145079647057 ], [ 19.629983131351107, 51.749145077701115 ], [ 19.62998311828207, 51.749145074971722 ], [ 19.629983105690194, 51.749145071483596 ], [ 19.629983093689514, 51.749145067268316 ], [ 19.629983082388712, 51.749145062364072 ], [ 19.629983071890127, 51.749145056815266 ], [ 19.62998306228884, 51.749145050672126 ], [ 19.629983053671793, 51.749145043990339 ], [ 19.629983046117033, 51.749145036830384 ], [ 19.627860626085482, 51.746907940706983 ], [ 19.627860619662098, 51.746907933133578 ], [ 19.627860614427547, 51.746907925215453 ], [ 19.627860610429234, 51.746907917024316 ], [ 19.627860607703376, 51.746907908634363 ], [ 19.627860606274648, 51.746907900121549 ], [ 19.627860606155995, 51.746907891562991 ], [ 19.627860607348488, 51.746907883036179 ], [ 19.627860609841335, 51.746907874618337 ], [ 19.627860613611951, 51.746907866385683 ], [ 19.627860618626194, 51.746907858412825 ], [ 19.627860624838654, 51.746907850771926 ], [ 19.629920498337313, 51.744648375415636 ], [ 19.629920505691032, 51.74464836817576 ], [ 19.629920514120073, 51.744648361402604 ], [ 19.629920523548101, 51.74464835515748 ], [ 19.629920533889731, 51.744648349496963 ], [ 19.629920545051309, 51.744648344472317 ], [ 19.629920556931754, 51.744648340129054 ], [ 19.629920569423476, 51.744648336506479 ], [ 19.629920582413348, 51.744648333637421 ], [ 19.629920595783727, 51.74464833154785 ], [ 19.629920609413539, 51.744648330256702 ], [ 19.629920623179338, 51.74464832977565 ], [ 19.634102781169975, 51.744625841183698 ], [ 19.634102784524991, 51.744625841066338 ], [ 19.63410278631709, 51.744625839301783 ], [ 19.636162323655849, 51.742366168414094 ], [ 19.636162325169472, 51.742366166551726 ], [ 19.63616232360377, 51.74236616470602 ], [ 19.634039879212366, 51.740129134649742 ], [ 19.634039872788922, 51.740129127076663 ], [ 19.634039867554083, 51.740129119158802 ], [ 19.634039863555266, 51.740129110967871 ], [ 19.634039860828679, 51.740129102578045 ], [ 19.634039859399017, 51.740129094065317 ], [ 19.634039859279227, 51.740129085506744 ], [ 19.634039860470391, 51.740129076979862 ], [ 19.634039862961721, 51.740129068561885 ], [ 19.634039866730664, 51.740129060329039 ], [ 19.634039871743077, 51.740129052355904 ], [ 19.634039877953573, 51.740129044714678 ], [ 19.636099176472104, 51.737869417211392 ], [ 19.636099177985589, 51.737869415349024 ], [ 19.636099176420039, 51.737869413503311 ], [ 19.633976947744816, 51.735632379877373 ], [ 19.633976941322025, 51.735632372304288 ], [ 19.633976936087731, 51.735632364386433 ], [ 19.633976932089329, 51.735632356195481 ], [ 19.63397692936303, 51.735632347805648 ], [ 19.633976927933531, 51.735632339292906 ], [ 19.633976927813769, 51.735632330734326 ], [ 19.633976929004834, 51.735632322207437 ], [ 19.633976931495937, 51.735632313789473 ], [ 19.633976935264524, 51.735632305556614 ], [ 19.633976940276458, 51.735632297583486 ], [ 19.633976946486353, 51.735632289942252 ], [ 19.636036045730325, 51.733372662493139 ], [ 19.63603604724366, 51.733372660630778 ], [ 19.636036045678274, 51.733372658785058 ], [ 19.633914032662389, 51.731135621589793 ], [ 19.633914026240252, 51.731135614016686 ], [ 19.633914021006493, 51.73113560609881 ], [ 19.633914017008504, 51.731135597907851 ], [ 19.633914014282496, 51.731135589518018 ], [ 19.633914012853154, 51.731135581005262 ], [ 19.633914012733428, 51.731135572446682 ], [ 19.633914013924393, 51.731135563919793 ], [ 19.633914016415268, 51.731135555501808 ], [ 19.633914020183497, 51.731135547268956 ], [ 19.633914025194951, 51.731135539295813 ], [ 19.633914031404249, 51.731135531654594 ], [ 19.635972931424842, 51.728875904259226 ], [ 19.635972932938028, 51.728875902396858 ], [ 19.635972931372802, 51.728875900551152 ], [ 19.633851133959425, 51.726638859786839 ], [ 19.633851127537941, 51.726638852213718 ], [ 19.633851122304719, 51.726638844295849 ], [ 19.633851118307145, 51.726638836104875 ], [ 19.633851115581429, 51.726638827715036 ], [ 19.633851114152247, 51.726638819202265 ], [ 19.633851114032549, 51.726638810643685 ], [ 19.633851115223418, 51.726638802116781 ], [ 19.633851117714062, 51.72663879369879 ], [ 19.633851121481939, 51.726638785465951 ], [ 19.633851126492917, 51.726638777492809 ], [ 19.633851132701615, 51.726638769851569 ], [ 19.635909833549988, 51.724379142509548 ], [ 19.635909835063032, 51.72437914064718 ], [ 19.635909833497962, 51.724379138801467 ], [ 19.633788210949287, 51.722142051570955 ], [ 19.633788209108989, 51.722142049825955 ], [ 19.633788205752861, 51.722142049744804 ], [ 19.629608122175949, 51.722164520310571 ], [ 19.629608108405662, 51.722164519977085 ], [ 19.629608094748765, 51.722164518832159 ], [ 19.629608081328943, 51.722164516886139 ], [ 19.629608068267718, 51.72216451415666 ], [ 19.629608055683384, 51.722164510668463 ], [ 19.62960804368991, 51.722164506453105 ], [ 19.629608032395897, 51.722164501548768 ], [ 19.629608021903639, 51.722164495999877 ], [ 19.629608012308147, 51.722164489856674 ], [ 19.629608003696323, 51.722164483174808 ], [ 19.629607996146156, 51.722164476014775 ], [ 19.62748686956834, 51.719927358586304 ], [ 19.627486863148878, 51.719927351012835 ], [ 19.62748685791755, 51.719927343094646 ], [ 19.627486853921727, 51.719927334903439 ], [ 19.627486851197599, 51.719927326513428 ], [ 19.627486849769834, 51.719927318000579 ], [ 19.627486849651369, 51.719927309441971 ], [ 19.627486850843269, 51.719927300915124 ], [ 19.627486853334741, 51.71992729249726 ], [ 19.627486857103229, 51.719927284264607 ], [ 19.627486862114594, 51.719927276291727 ], [ 19.627486868323459, 51.719927268650821 ], [ 19.629545585485722, 51.717667750184539 ], [ 19.629545586998805, 51.717667748322256 ], [ 19.629545585434233, 51.717667746476451 ], [ 19.627424592891447, 51.715430539699419 ], [ 19.627424591051668, 51.715430537954326 ], [ 19.627424587696044, 51.715430537872976 ], [ 19.623245117804668, 51.715452780063266 ], [ 19.623245104036457, 51.715452779729034 ], [ 19.623245090381737, 51.715452778583348 ], [ 19.623245076964171, 51.715452776636596 ], [ 19.623245063905266, 51.715452773906399 ], [ 19.623245051323284, 51.715452770417507 ], [ 19.623245039332172, 51.715452766201487 ], [ 19.623245028040522, 51.715452761296525 ], [ 19.623245017550598, 51.715452755747052 ], [ 19.623245007957394, 51.715452749603315 ], [ 19.623244999347783, 51.715452742920952 ], [ 19.623244991799744, 51.715452735760508 ], [ 19.621124495044622, 51.713215498853458 ], [ 19.621124488627185, 51.71321549127962 ], [ 19.621124483397743, 51.713215483361132 ], [ 19.621124479403672, 51.713215475169704 ], [ 19.621124476681139, 51.713215466779523 ], [ 19.621124475254788, 51.713215458266582 ], [ 19.621124475137552, 51.713215449707953 ], [ 19.621124476330486, 51.713215441181163 ], [ 19.621124478822779, 51.713215432763413 ], [ 19.621124482591874, 51.713215424530951 ], [ 19.62112448760363, 51.713215416558327 ], [ 19.621124493812658, 51.713215408917755 ], [ 19.623183227118592, 51.710955999301596 ], [ 19.623183228631717, 51.710955997439392 ], [ 19.623183227067635, 51.710955995593494 ], [ 19.621062904863965, 51.708718712254182 ], [ 19.621062898447178, 51.708718704680336 ], [ 19.621062893218276, 51.708718696761849 ], [ 19.621062889224618, 51.708718688570407 ], [ 19.621062886502369, 51.708718680180212 ], [ 19.621062885076185, 51.708718671667263 ], [ 19.621062884958977, 51.708718663108634 ], [ 19.621062886151808, 51.70871865458183 ], [ 19.621062888643877, 51.708718646164094 ], [ 19.621062892412613, 51.708718637931618 ], [ 19.621062897423894, 51.708718629958987 ], [ 19.621062903632321, 51.708718622318408 ], [ 19.623121437806009, 51.706459212719267 ], [ 19.623121439318986, 51.706459210857041 ], [ 19.623121437755064, 51.706459209011157 ], [ 19.621001290058441, 51.704221879238986 ], [ 19.621001288219361, 51.704221877493794 ], [ 19.621001284864583, 51.704221877412252 ], [ 19.616822842746156, 51.704243887805411 ], [ 19.616822828981391, 51.704243887470398 ], [ 19.616822815330202, 51.704243886323965 ], [ 19.616822801916229, 51.70424388437646 ], [ 19.616822788860929, 51.704243881645532 ], [ 19.616822776282557, 51.704243878155928 ], [ 19.616822764295009, 51.704243873939241 ], [ 19.616822753006851, 51.70424386903364 ], [ 19.616822742520309, 51.704243863483576 ], [ 19.616822732930355, 51.704243857339286 ], [ 19.616822724323832, 51.704243850656432 ], [ 19.616822716778682, 51.704243843495561 ], [ 19.614703064570548, 51.702006483679952 ], [ 19.614703058155779, 51.70200647610573 ], [ 19.614703052928768, 51.702006468186944 ], [ 19.61470304893686, 51.702006459995268 ], [ 19.614703046216203, 51.702006451604923 ], [ 19.614703044791426, 51.702006443091868 ], [ 19.614703044675448, 51.702006434533224 ], [ 19.614703045869312, 51.70200642600647 ], [ 19.614703048362202, 51.702006417588862 ], [ 19.614703052131549, 51.702006409356578 ], [ 19.614703057143213, 51.702006401384224 ], [ 19.614703063351808, 51.702006393743972 ], [ 19.616761613493612, 51.699747092951306 ], [ 19.616761615006631, 51.699747091089179 ], [ 19.616761613443202, 51.699747089243189 ], [ 19.614642094940983, 51.697509640107683 ], [ 19.614642093102422, 51.697509638362376 ], [ 19.614642089748148, 51.697509638280671 ], [ 19.61046426084943, 51.697531420550739 ], [ 19.610464247086746, 51.697531420214979 ], [ 19.610464233437732, 51.697531419067793 ], [ 19.61046422002601, 51.697531417119556 ], [ 19.610464206973028, 51.69753141438791 ], [ 19.610464194396997, 51.697531410897618 ], [ 19.610464182411814, 51.697531406680255 ], [ 19.610464171126019, 51.697531401774043 ], [ 19.610464160641808, 51.69753139622339 ], [ 19.610464151054135, 51.697531390078566 ], [ 19.610464142449825, 51.697531383395237 ], [ 19.610464134906806, 51.697531376233933 ], [ 19.608345071077352, 51.695293854216196 ], [ 19.608345069239125, 51.69529385247079 ], [ 19.608345065885022, 51.695293852388907 ], [ 19.604167436129494, 51.695315410099603 ], [ 19.604167422367517, 51.695315409763104 ], [ 19.604167408719327, 51.695315408615187 ], [ 19.604167395308522, 51.695315406666225 ], [ 19.604167382256552, 51.695315403933876 ], [ 19.604167369681619, 51.695315400442908 ], [ 19.604167357697602, 51.695315396224899 ], [ 19.604167346413032, 51.695315391318069 ], [ 19.604167335930107, 51.695315385766847 ], [ 19.604167326343752, 51.695315379621505 ], [ 19.604167317740792, 51.695315372937706 ], [ 19.604167310199131, 51.69531536577599 ], [ 19.602048660346625, 51.693077728017158 ], [ 19.602048658508728, 51.69307772627166 ], [ 19.602048655154803, 51.693077726189571 ], [ 19.597871144493418, 51.693099059783464 ], [ 19.597871141142111, 51.693099059899801 ], [ 19.597871139350616, 51.69309906166383 ], [ 19.595811944707506, 51.695358036027763 ], [ 19.595811937356249, 51.69535804326555 ], [ 19.595811928931187, 51.695358050036312 ], [ 19.59581191950863, 51.695358056278728 ], [ 19.595811909173911, 51.695358061936268 ], [ 19.595811898020607, 51.695358066957681 ], [ 19.59581188614974, 51.69535807129752 ], [ 19.595811873668808, 51.695358074916449 ], [ 19.595811860690837, 51.695358077781727 ], [ 19.595811847333362, 51.695358079867397 ], [ 19.595811833717356, 51.695358081154559 ], [ 19.595811819966116, 51.695358081631561 ], [ 19.591634174738015, 51.695379193709968 ], [ 19.59163417138652, 51.695379193826099 ], [ 19.591634169594691, 51.695379195590043 ], [ 19.589574560969307, 51.697638061053617 ], [ 19.589574553616682, 51.697638068291013 ], [ 19.589574545190267, 51.69763807506132 ], [ 19.589574535766381, 51.697638081303246 ], [ 19.589574525430358, 51.697638086960232 ], [ 19.589574514275803, 51.697638091981055 ], [ 19.589574502403739, 51.697638096320276 ], [ 19.589574489921674, 51.697638099938537 ], [ 19.589574476942659, 51.69763810280314 ], [ 19.589574463584221, 51.6976381048881 ], [ 19.589574449967344, 51.69763810617453 ], [ 19.589574436215344, 51.697638106650807 ], [ 19.585396576366257, 51.697658997587723 ], [ 19.585396573014577, 51.697658997703691 ], [ 19.585396571222418, 51.697658999467542 ], [ 19.583336548558275, 51.699917755986213 ], [ 19.583336541204289, 51.699917763223219 ], [ 19.583336532776521, 51.699917769993085 ], [ 19.583336523351299, 51.699917776234507 ], [ 19.583336513013975, 51.699917781890946 ], [ 19.583336501858167, 51.699917786911193 ], [ 19.583336489984909, 51.699917791249767 ], [ 19.583336477501714, 51.699917794867382 ], [ 19.583336464521643, 51.699917797731288 ], [ 19.583336451162246, 51.699917799815537 ], [ 19.583336437544503, 51.699917801101257 ], [ 19.583336423791742, 51.699917801576802 ], [ 19.579158349372925, 51.699938471335741 ], [ 19.57915834602106, 51.699938471451524 ], [ 19.579158344228567, 51.699938473215283 ], [ 19.577097907469209, 51.702197120744529 ], [ 19.577097900113856, 51.702197127981151 ], [ 19.57709789168473, 51.70219713475057 ], [ 19.577097882258176, 51.702197140991487 ], [ 19.577097871919552, 51.702197146647386 ], [ 19.577097860762493, 51.702197151667036 ], [ 19.577097848888034, 51.702197156004978 ], [ 19.577097836403716, 51.702197159621932 ], [ 19.577097823422594, 51.702197162485163 ], [ 19.577097810062234, 51.702197164568695 ], [ 19.577097796443624, 51.702197165853697 ], [ 19.577097782690096, 51.702197166328517 ], [ 19.572919573874877, 51.702217614482294 ], [ 19.572919560111011, 51.702217614142143 ], [ 19.572919546461502, 51.702217612990594 ], [ 19.572919533049973, 51.702217611038066 ], [ 19.572919519997868, 51.702217608302256 ], [ 19.572919507423396, 51.702217604807934 ], [ 19.572919495440431, 51.702217600586742 ], [ 19.572919484157499, 51.70221759567692 ], [ 19.57291947367677, 51.702217590122913 ], [ 19.572919464093161, 51.702217583975028 ], [ 19.572919455493469, 51.702217577288934 ], [ 19.57291944795557, 51.702217570125214 ], [ 19.570802009915383, 51.699979367863186 ], [ 19.570802008078402, 51.699979366117198 ], [ 19.570802004724015, 51.699979366034242 ], [ 19.566623915473937, 51.699999590087629 ], [ 19.566623901710784, 51.699999589746739 ], [ 19.5666238880621, 51.699999588594459 ], [ 19.566623874651491, 51.699999586641226 ], [ 19.566623861600402, 51.699999583904699 ], [ 19.566623849027025, 51.69999958040971 ], [ 19.566623837045228, 51.699999576187864 ], [ 19.566623825763521, 51.699999571277431 ], [ 19.566623815284075, 51.699999565722862 ], [ 19.566623805701788, 51.699999559574444 ], [ 19.566623797103443, 51.699999552887896 ], [ 19.566623789566904, 51.699999545723742 ], [ 19.564506806220642, 51.697761270837042 ], [ 19.564506799814836, 51.697761263260055 ], [ 19.564506794597069, 51.697761255338996 ], [ 19.56450679061459, 51.697761247145586 ], [ 19.564506787903465, 51.697761238754047 ], [ 19.564506786488245, 51.697761230240367 ], [ 19.564506786381756, 51.697761221681617 ], [ 19.56450678758495, 51.697761213155346 ], [ 19.564506790086934, 51.697761204738768 ], [ 19.564506793865061, 51.697761196508068 ], [ 19.564506798885098, 51.697761188537818 ], [ 19.56450680510159, 51.697761180900187 ], [ 19.56656767068235, 51.695502751203271 ], [ 19.566567672197294, 51.695502749341784 ], [ 19.566567670636047, 51.695502747495127 ], [ 19.564450820405661, 51.693264383400589 ], [ 19.564450818569199, 51.693264381654501 ], [ 19.564450815215316, 51.693264381571339 ], [ 19.560273259597391, 51.693284378341545 ], [ 19.560273256245964, 51.693284378456802 ], [ 19.560273254452998, 51.693284380220256 ], [ 19.558212174623108, 51.695542700986358 ], [ 19.558212167265804, 51.695542708221801 ], [ 19.558212158835079, 51.695542714989884 ], [ 19.558212149407293, 51.695542721229302 ], [ 19.558212139067813, 51.695542726883552 ], [ 19.558212127910281, 51.695542731901405 ], [ 19.558212116035737, 51.695542736237456 ], [ 19.558212103551725, 51.695542739852407 ], [ 19.558212090571296, 51.695542742713535 ], [ 19.558212077212008, 51.695542744794942 ], [ 19.558212063594844, 51.695542746077741 ], [ 19.558212049843121, 51.695542746550338 ], [ 19.55403444024682, 51.695562521340214 ], [ 19.554034426485099, 51.695562520997854 ], [ 19.55403441283806, 51.695562519844096 ], [ 19.554034399429295, 51.695562517889407 ], [ 19.554034386380231, 51.695562515151487 ], [ 19.554034373809046, 51.69556251165514 ], [ 19.554034361829586, 51.695562507432001 ], [ 19.554034350550342, 51.695562502520346 ], [ 19.554034340073454, 51.695562496964634 ], [ 19.554034330493813, 51.695562490815192 ], [ 19.554034321898158, 51.695562484127699 ], [ 19.554034314364348, 51.695562476962735 ], [ 19.551918118471036, 51.693323928195184 ], [ 19.551918116635058, 51.693323926448905 ], [ 19.551918113281189, 51.693323926365387 ], [ 19.547740623430602, 51.693343477146918 ], [ 19.547740609669596, 51.693343476803818 ], [ 19.547740596023377, 51.693343475649336 ], [ 19.547740582615532, 51.693343473693915 ], [ 19.547740569567484, 51.693343470955291 ], [ 19.547740556997397, 51.69334346745827 ], [ 19.547740545019106, 51.693343463234484 ], [ 19.547740533741091, 51.693343458322218 ], [ 19.547740523265485, 51.69334345276593 ], [ 19.54774051368716, 51.69334344661597 ], [ 19.547740505092857, 51.693343439928015 ], [ 19.547740497560405, 51.693343432762639 ], [ 19.54562471561329, 51.691104768582726 ], [ 19.545624713777638, 51.691104766836339 ], [ 19.545624710423947, 51.691104766752652 ], [ 19.541447340382934, 51.691124093549391 ], [ 19.541447337031613, 51.691124093664108 ], [ 19.541447335237997, 51.691124095427277 ], [ 19.539385413338174, 51.693382089131866 ], [ 19.539385405978209, 51.693382096366143 ], [ 19.539385397545065, 51.693382103132876 ], [ 19.539385388115122, 51.693382109370802 ], [ 19.539385377773772, 51.69338211502339 ], [ 19.539385366614678, 51.693382120039466 ], [ 19.539385354738883, 51.69338212437362 ], [ 19.539385342253951, 51.693382127986567 ], [ 19.539385329272935, 51.693382130845627 ], [ 19.539385315913407, 51.693382132924889 ], [ 19.539385302296338, 51.693382134205507 ], [ 19.539385288545059, 51.6933821346759 ], [ 19.535207864785342, 51.693401239479499 ], [ 19.535207851024403, 51.693401239134928 ], [ 19.535207837378476, 51.693401237978989 ], [ 19.535207823971145, 51.69340123602214 ], [ 19.535207810923822, 51.693401233282131 ], [ 19.535207798354673, 51.693401229783753 ], [ 19.535207786377526, 51.693401225558688 ], [ 19.535207775100844, 51.693401220645214 ], [ 19.535207764626751, 51.693401215087803 ], [ 19.535207755050106, 51.69340120893682 ], [ 19.53520774645763, 51.693401202247948 ], [ 19.535207738927145, 51.693401195081762 ], [ 19.533092611455363, 51.691162346416966 ], [ 19.533092605055732, 51.691162338838247 ], [ 19.533092599844203, 51.691162330915766 ], [ 19.533092595867977, 51.691162322721262 ], [ 19.533092593163062, 51.691162314328963 ], [ 19.533092591753949, 51.691162305814878 ], [ 19.533092591653407, 51.691162297256085 ], [ 19.533092592862342, 51.691162288730105 ], [ 19.533092595369805, 51.691162280314167 ], [ 19.53309259915309, 51.691162272084448 ], [ 19.533092604177934, 51.691162264115526 ], [ 19.533092610398835, 51.691162256479544 ], [ 19.535154746173287, 51.68890437176232 ], [ 19.535154747689305, 51.68890436990123 ], [ 19.53515474612956, 51.688904368054146 ], [ 19.533039751362654, 51.686665430251509 ], [ 19.533039749527667, 51.686665428504924 ], [ 19.533039746174325, 51.686665428420874 ], [ 19.528862776134599, 51.686684306606068 ], [ 19.528862772783572, 51.686684306720416 ], [ 19.52886277098964, 51.686684308483407 ], [ 19.526800421448208, 51.688942084203546 ], [ 19.526800414086946, 51.688942091437063 ], [ 19.52680040565274, 51.688942098202894 ], [ 19.526800396221976, 51.688942104439803 ], [ 19.526800385880062, 51.688942110091297 ], [ 19.526800374720654, 51.688942115106201 ], [ 19.52680036284481, 51.688942119439069 ], [ 19.52680035036008, 51.688942123050687 ], [ 19.526800337379534, 51.688942125908348 ], [ 19.526800324020719, 51.688942127986174 ], [ 19.526800310404621, 51.688942129265335 ], [ 19.526800296654542, 51.688942129734272 ], [ 19.522623273096105, 51.688960785941511 ], [ 19.522623259336594, 51.688960785595455 ], [ 19.522623245692316, 51.688960784438052 ], [ 19.522623232286829, 51.688960782479768 ], [ 19.522623219241538, 51.688960779738345 ], [ 19.522623206674581, 51.688960776238616 ], [ 19.522623194699769, 51.688960772012273 ], [ 19.522623183425551, 51.688960767097562 ], [ 19.522623172954024, 51.688960761539036 ], [ 19.522623163380015, 51.688960755387008 ], [ 19.522623154790232, 51.688960748697191 ], [ 19.522623147262468, 51.688960741530188 ], [ 19.520508806980278, 51.686721619384009 ], [ 19.52050880514577, 51.686721617637225 ], [ 19.520508801792442, 51.68672161755282 ], [ 19.516331818228046, 51.686740050221331 ], [ 19.516331814876985, 51.686740050335324 ], [ 19.516331813082562, 51.686740052098123 ], [ 19.514268836085265, 51.688997609514452 ], [ 19.514268828721985, 51.688997616747173 ], [ 19.514268820285896, 51.688997623512108 ], [ 19.514268810853395, 51.68899762974803 ], [ 19.514268800509896, 51.68899763539843 ], [ 19.514268789349082, 51.68899764041214 ], [ 19.514268777472015, 51.688997644743743 ], [ 19.514268764986269, 51.688997648354032 ], [ 19.514268752004906, 51.688997651210315 ], [ 19.514268738645494, 51.688997653286712 ], [ 19.514268725029016, 51.688997654564417 ], [ 19.514268711278781, 51.688997655031883 ], [ 19.51009159425579, 51.689015866049957 ], [ 19.51009159090454, 51.689015866163771 ], [ 19.510091589109784, 51.689015867926472 ], [ 19.50802815869072, 51.691273359289227 ], [ 19.508028157173516, 51.691273361149975 ], [ 19.508028158732238, 51.691273362997414 ], [ 19.510142098421625, 51.69351270911428 ], [ 19.510142104817767, 51.693512716694258 ], [ 19.510142110025566, 51.693512724617776 ], [ 19.510142113997865, 51.693512732813048 ], [ 19.510142116698681, 51.693512741205879 ], [ 19.510142118103566, 51.693512749720263 ], [ 19.510142118199788, 51.693512758279077 ], [ 19.510142116986479, 51.693512766804822 ], [ 19.510142114474629, 51.693512775220292 ], [ 19.510142110686981, 51.693512783449272 ], [ 19.510142105657842, 51.693512791417227 ], [ 19.510142099432752, 51.693512799052002 ], [ 19.508078547747751, 51.695770203540597 ], [ 19.508078540382396, 51.695770210772928 ], [ 19.508078531944129, 51.695770217537429 ], [ 19.508078522509368, 51.69577022377284 ], [ 19.508078512163561, 51.695770229422699 ], [ 19.508078501000394, 51.695770234435805 ], [ 19.508078489120969, 51.695770238766805 ], [ 19.508078476632861, 51.695770242376433 ], [ 19.50807846364917, 51.695770245232033 ], [ 19.508078450287478, 51.695770247307735 ], [ 19.508078436668789, 51.695770248584736 ], [ 19.508078422916434, 51.695770249051463 ], [ 19.503900758540016, 51.695788241278485 ], [ 19.503900744778562, 51.695788240930248 ], [ 19.503900731132692, 51.695788239770671 ], [ 19.50390071772598, 51.695788237810255 ], [ 19.50390070467984, 51.695788235066757 ], [ 19.503900692112421, 51.695788231565032 ], [ 19.503900680137534, 51.695788227336763 ], [ 19.503900668863626, 51.695788222420283 ], [ 19.503900658392794, 51.695788216860088 ], [ 19.503900648819869, 51.695788210706532 ], [ 19.503900640231539, 51.695788204015358 ], [ 19.503900632705587, 51.695788196847161 ], [ 19.501786893474112, 51.693548738757151 ], [ 19.501786891640041, 51.693548737010083 ], [ 19.501786888286244, 51.693548736925131 ], [ 19.497609264202342, 51.693566505585061 ], [ 19.497609260850723, 51.693566505698534 ], [ 19.497609259055302, 51.693566507461036 ], [ 19.495545040331766, 51.695823736719056 ], [ 19.495545032964397, 51.695823743950612 ], [ 19.495545024524247, 51.695823750714219 ], [ 19.495545015087746, 51.695823756948627 ], [ 19.495545004740357, 51.695823762597378 ], [ 19.495544993575788, 51.695823767609305 ], [ 19.495544981695144, 51.695823771939033 ], [ 19.495544969206012, 51.695823775547325 ], [ 19.495544956221508, 51.695823778401547 ], [ 19.495544942859219, 51.695823780475827 ], [ 19.49554492924015, 51.695823781751379 ], [ 19.495544915487638, 51.69582378221665 ], [ 19.491367158112208, 51.695841329129713 ], [ 19.491367154760407, 51.695841329242988 ], [ 19.491367152964653, 51.695841331005411 ], [ 19.489302520220228, 51.698098450788251 ], [ 19.489302512851499, 51.698098458019409 ], [ 19.489302504409991, 51.698098464782575 ], [ 19.489302494972158, 51.698098471016486 ], [ 19.489302484623472, 51.698098476664683 ], [ 19.489302473457649, 51.69809848167602 ], [ 19.489302461575811, 51.698098486005122 ], [ 19.489302449085557, 51.698098489612747 ], [ 19.489302436100004, 51.698098492466286 ], [ 19.489302422736753, 51.698098494539856 ], [ 19.489302409116821, 51.698098495814676 ], [ 19.489302395363552, 51.698098496279222 ], [ 19.485124504756527, 51.698115821420402 ], [ 19.485124490994501, 51.698115821069969 ], [ 19.485124477348393, 51.69811581990821 ], [ 19.485124463941791, 51.698115817945649 ], [ 19.485124450896102, 51.698115815200062 ], [ 19.485124438329471, 51.69811581169634 ], [ 19.485124426355707, 51.698115807466152 ], [ 19.485124415083241, 51.698115802547868 ], [ 19.485124404614162, 51.698115796986002 ], [ 19.485124395043282, 51.698115790830911 ], [ 19.485124386457265, 51.698115784138373 ], [ 19.485124378933882, 51.698115776968962 ], [ 19.483011455018335, 51.695875979881677 ], [ 19.48301145318489, 51.695875978134296 ], [ 19.483011449830951, 51.695875978048825 ], [ 19.478833679891341, 51.695893079304042 ], [ 19.478833666130029, 51.695893078952878 ], [ 19.478833652484752, 51.695893077790387 ], [ 19.47883363907907, 51.695893075827101 ], [ 19.478833626034397, 51.695893073080818 ], [ 19.478833613468868, 51.695893069576407 ], [ 19.47883360149627, 51.695893065345587 ], [ 19.47883359022504, 51.695893060426691 ], [ 19.478833579757243, 51.69589305486425 ], [ 19.478833570187682, 51.695893048708648 ], [ 19.478833561603015, 51.695893042015626 ], [ 19.478833554080992, 51.695893034845817 ], [ 19.476721044190658, 51.69365312272776 ], [ 19.476721042357546, 51.693653120980294 ], [ 19.476721039003781, 51.693653120894631 ], [ 19.472543469903432, 51.693669997965337 ], [ 19.472543456142841, 51.693669997613426 ], [ 19.472543442498385, 51.693669996450197 ], [ 19.47254342909363, 51.6936699944862 ], [ 19.472543416049973, 51.69366999173922 ], [ 19.472543403485542, 51.69366998823412 ], [ 19.472543391514115, 51.693669984002661 ], [ 19.472543380244115, 51.693669979083161 ], [ 19.4725433697776, 51.693669973520144 ], [ 19.472543360209357, 51.693669967364023 ], [ 19.47254335162604, 51.693669960670547 ], [ 19.472543344105379, 51.693669953500319 ], [ 19.470431288687628, 51.691429969350878 ], [ 19.470431282298403, 51.691429961768733 ], [ 19.470431277097767, 51.691429953843446 ], [ 19.470431273132817, 51.691429945646796 ], [ 19.470431270439466, 51.691429937253027 ], [ 19.470431269042095, 51.69142992873816 ], [ 19.470431268953373, 51.691429920179282 ], [ 19.470431270174092, 51.69142991165392 ], [ 19.470431272693197, 51.691429903239282 ], [ 19.470431276487883, 51.691429895011566 ], [ 19.470431281523776, 51.691429887045295 ], [ 19.470431287755279, 51.691429879412595 ], [ 19.472496560057561, 51.689173087117204 ], [ 19.472496561576161, 51.689173085256918 ], [ 19.472496560018957, 51.68917308340901 ], [ 19.470384636627493, 51.686933010260979 ], [ 19.470384634794897, 51.686933008513407 ], [ 19.47038463144164, 51.68693300842758 ], [ 19.4662076771044, 51.686949658679204 ], [ 19.466207663345887, 51.686949658326533 ], [ 19.466207649703613, 51.686949657162565 ], [ 19.466207636301114, 51.686949655197843 ], [ 19.46620762325977, 51.686949652450139 ], [ 19.466207610697683, 51.686949648944363 ], [ 19.466207598728623, 51.68694964471225 ], [ 19.466207587460982, 51.686949639792118 ], [ 19.466207576996794, 51.686949634228533 ], [ 19.466207567430828, 51.686949628071901 ], [ 19.466207558849721, 51.686949621377934 ], [ 19.466207551331181, 51.686949614207286 ], [ 19.464096082252791, 51.684709469090265 ], [ 19.464096080420529, 51.684709467342586 ], [ 19.464096077067445, 51.684709467256575 ], [ 19.459919243536991, 51.684725893743419 ], [ 19.459919240185929, 51.684725893855799 ], [ 19.459919238389389, 51.684725895617738 ], [ 19.457853540253598, 51.686982469540055 ], [ 19.457853532881636, 51.686982476769273 ], [ 19.457853524437486, 51.686982483530194 ], [ 19.45785351499762, 51.686982489761597 ], [ 19.457853504647527, 51.68698249540703 ], [ 19.45785349348094, 51.686982500415397 ], [ 19.457853481598985, 51.686982504741316 ], [ 19.457853469109264, 51.686982508345622 ], [ 19.457853456124891, 51.686982511195673 ], [ 19.457853442763451, 51.686982513265669 ], [ 19.457853429145946, 51.686982514536844 ], [ 19.4578534153957, 51.686982514997702 ], [ 19.453676529245332, 51.686998719413289 ], [ 19.453676515486894, 51.686998719059147 ], [ 19.453676501844917, 51.686998717893722 ], [ 19.453676488442937, 51.686998715927558 ], [ 19.453676475402329, 51.686998713178461 ], [ 19.453676462841187, 51.68699870967135 ], [ 19.453676450873278, 51.686998705437958 ], [ 19.453676439606969, 51.686998700516625 ], [ 19.453676429144302, 51.686998694951917 ], [ 19.453676419580024, 51.686998688794255 ], [ 19.453676411000746, 51.686998682099372 ], [ 19.453676403484174, 51.686998674927914 ], [ 19.451565549177136, 51.684758303133968 ], [ 19.451565547345353, 51.684758301386104 ], [ 19.451565543992292, 51.684758301299738 ], [ 19.447388698715397, 51.684774282288387 ], [ 19.447388695364292, 51.684774282400404 ], [ 19.447388693567262, 51.68477428416216 ], [ 19.445322368909864, 51.687030639200337 ], [ 19.44532236153589, 51.687030646428774 ], [ 19.44532235308986, 51.687030653188792 ], [ 19.445322343648257, 51.687030659419193 ], [ 19.445322333296588, 51.687030665063531 ], [ 19.445322322128597, 51.687030670070705 ], [ 19.44532231024543, 51.687030674395366 ], [ 19.445322297754689, 51.687030677998337 ], [ 19.445322284769507, 51.687030680847009 ], [ 19.445322271407473, 51.687030682915569 ], [ 19.445322257789595, 51.687030684185302 ], [ 19.4453222440392, 51.687030684644697 ], [ 19.441145346302292, 51.687046443542016 ], [ 19.441145332543933, 51.687046443186411 ], [ 19.441145318902251, 51.687046442019522 ], [ 19.441145305500793, 51.687046440051937 ], [ 19.441145292460924, 51.687046437301447 ], [ 19.441145279900731, 51.687046433792986 ], [ 19.441145267933962, 51.687046429558322 ], [ 19.441145256669, 51.687046424635774 ], [ 19.441145246207849, 51.687046419069958 ], [ 19.441145236645255, 51.687046412911265 ], [ 19.441145228067814, 51.687046406215458 ], [ 19.441145220553206, 51.687046399043197 ], [ 19.439034981185014, 51.684805800678014 ], [ 19.43903497935371, 51.684805798929943 ], [ 19.439034976000663, 51.684805798843215 ], [ 19.434858199393265, 51.684821334034339 ], [ 19.434858185635623, 51.684821333678002 ], [ 19.434858171994769, 51.684821332510381 ], [ 19.434858158594235, 51.684821330542078 ], [ 19.434858145555381, 51.684821327790893 ], [ 19.43485813299629, 51.684821324281756 ], [ 19.434858121030693, 51.684821320046431 ], [ 19.43485810976696, 51.684821315123287 ], [ 19.434858099307093, 51.684821309556909 ], [ 19.434858089745816, 51.68482130339769 ], [ 19.434858081169725, 51.684821296701429 ], [ 19.434858073656478, 51.684821289528763 ], [ 19.432748248058559, 51.682580576427455 ], [ 19.432748246227586, 51.682580574679285 ], [ 19.432748242874716, 51.682580574592379 ], [ 19.42857158746023, 51.682595886101005 ], [ 19.428571584109239, 51.682595886212482 ], [ 19.428571582311559, 51.682595887973953 ], [ 19.426504418851771, 51.684851914744897 ], [ 19.42650441147515, 51.684851921972168 ], [ 19.426504403026708, 51.684851928730851 ], [ 19.426504393582967, 51.684851934959731 ], [ 19.426504383229446, 51.684851940602428 ], [ 19.426504372059902, 51.684851945607818 ], [ 19.426504360175496, 51.684851949930575 ], [ 19.426504347683856, 51.684851953531556 ], [ 19.426504334698098, 51.684851956378147 ], [ 19.426504321335834, 51.684851958444582 ], [ 19.426504307718069, 51.68485195971212 ], [ 19.426504293968133, 51.684851960169304 ], [ 19.422327506260263, 51.684867049862277 ], [ 19.422327502909088, 51.684867049973576 ], [ 19.422327501111077, 51.684867051734948 ], [ 19.420259923877197, 51.687122968679219 ], [ 19.420259916499209, 51.687122975906085 ], [ 19.420259908049417, 51.687122982664327 ], [ 19.420259898604343, 51.687122988892718 ], [ 19.420259888249525, 51.687122994534839 ], [ 19.420259877078735, 51.687122999539646 ], [ 19.420259865193138, 51.687123003861771 ], [ 19.420259852700372, 51.687123007462077 ], [ 19.420259839713573, 51.687123010307999 ], [ 19.42025982635035, 51.687123012373711 ], [ 19.420259812731729, 51.687123013640537 ], [ 19.420259798981036, 51.687123014096997 ], [ 19.416082798942618, 51.687137882233074 ], [ 19.416082795591258, 51.687137882344196 ], [ 19.416082793792917, 51.687137884105468 ], [ 19.414014763071929, 51.689393734435058 ], [ 19.41401476155092, 51.689393736294591 ], [ 19.414014763105758, 51.689393738143288 ], [ 19.416123984373019, 51.69163478640796 ], [ 19.416123990753213, 51.691634793993089 ], [ 19.4161239959444, 51.691634801920806 ], [ 19.416123999899568, 51.691634810119297 ], [ 19.416124002582894, 51.691634818514324 ], [ 19.416124003970086, 51.691634827029873 ], [ 19.416124004048569, 51.691634835588815 ], [ 19.416124002817639, 51.691634844113622 ], [ 19.416124000288445, 51.691634852527109 ], [ 19.416123996483886, 51.691634860753098 ], [ 19.416123991438422, 51.691634868717074 ], [ 19.416123985197746, 51.69163487634691 ], [ 19.414055832186289, 51.693890639603062 ], [ 19.414055824806219, 51.693890646829523 ], [ 19.414055816354242, 51.693890653587303 ], [ 19.414055806906916, 51.693890659815196 ], [ 19.414055796549778, 51.693890665456792 ], [ 19.41405578537664, 51.693890670460995 ], [ 19.414055773488681, 51.693890674782494 ], [ 19.414055760993556, 51.693890678382161 ], [ 19.414055748004429, 51.693890681227366 ], [ 19.414055734638932, 51.693890683292395 ], [ 19.414055721018105, 51.693890684558497 ], [ 19.414055707265291, 51.693890685014225 ], [ 19.409878161118321, 51.693905333626113 ], [ 19.409878147358103, 51.693905333266862 ], [ 19.409878133715143, 51.693905332096357 ], [ 19.409878120312996, 51.693905330125205 ], [ 19.409878107273027, 51.693905327371262 ], [ 19.409878094713331, 51.693905323859447 ], [ 19.409878082747653, 51.693905319621599 ], [ 19.409878071484357, 51.69390531469606 ], [ 19.409878061025438, 51.693905309127452 ], [ 19.409878051465622, 51.693905302966208 ], [ 19.409878042891481, 51.693905296268142 ], [ 19.409878035380661, 51.693905289093877 ], [ 19.407769015772292, 51.691664129124632 ], [ 19.407769013941913, 51.691664127376079 ], [ 19.407769010588414, 51.691664127288448 ], [ 19.403591586044936, 51.691678552204827 ], [ 19.403591572285439, 51.691678551844831 ], [ 19.403591558643306, 51.691678550673601 ], [ 19.403591545242083, 51.691678548701717 ], [ 19.403591532203134, 51.691678545947063 ], [ 19.403591519644539, 51.691678542434587 ], [ 19.403591507680034, 51.691678538196093 ], [ 19.40359149641797, 51.69167853326995 ], [ 19.403591485960337, 51.69167852770078 ], [ 19.403591476401839, 51.691678521539018 ], [ 19.403591467829049, 51.691678514840476 ], [ 19.403591460319589, 51.69167850766582 ], [ 19.40148285465234, 51.689437233110773 ], [ 19.401482852822291, 51.689437231362142 ], [ 19.401482849468966, 51.689437231274326 ], [ 19.397305546592303, 51.689451432518922 ], [ 19.397305543240726, 51.689451432629518 ], [ 19.397305541441561, 51.689451434390506 ], [ 19.395236510430653, 51.691706912194611 ], [ 19.395236503047933, 51.691706919419914 ], [ 19.395236494593554, 51.69170692617633 ], [ 19.395236485144085, 51.691706932402724 ], [ 19.395236474785101, 51.691706938042678 ], [ 19.395236463610413, 51.691706943045091 ], [ 19.395236451721221, 51.691706947364693 ], [ 19.395236439225194, 51.691706950962349 ], [ 19.395236426235499, 51.691706953805486 ], [ 19.395236412869778, 51.691706955868362 ], [ 19.395236399249065, 51.69170695713229 ], [ 19.395236385496716, 51.691706957585822 ], [ 19.391058950654752, 51.691720936890263 ], [ 19.391058947302991, 51.691720937000689 ], [ 19.391058945503492, 51.69172093876157 ], [ 19.388989500547922, 51.693976306533607 ], [ 19.388989493163837, 51.693976313758519 ], [ 19.388989484708105, 51.693976320514487 ], [ 19.388989475257308, 51.693976326740376 ], [ 19.388989464897026, 51.693976332379769 ], [ 19.388989453721091, 51.693976337381592 ], [ 19.388989441830702, 51.693976341700562 ], [ 19.388989429333556, 51.693976345297564 ], [ 19.38898941634282, 51.693976348140012 ], [ 19.388989402976136, 51.693976350202185 ], [ 19.38898938935457, 51.693976351465381 ], [ 19.388989375601462, 51.693976351918181 ], [ 19.384811808854501, 51.693990109257577 ], [ 19.384811795094443, 51.693990108895385 ], [ 19.38481178145209, 51.693990107721973 ], [ 19.384811768050987, 51.69399010574795 ], [ 19.3848117550125, 51.693990102991215 ], [ 19.384811742454708, 51.693990099476736 ], [ 19.384811730491336, 51.693990095236323 ], [ 19.384811719230726, 51.693990090308382 ], [ 19.384811708774855, 51.693990084737528 ], [ 19.384811699218414, 51.693990078574245 ], [ 19.384811690647947, 51.693990071874332 ], [ 19.384811683141066, 51.693990064698468 ], [ 19.382703895226257, 51.691748452323885 ], [ 19.382703893396837, 51.691748450574948 ], [ 19.382703890043377, 51.6917484504866 ], [ 19.378526365120312, 51.691761984440397 ], [ 19.378526361768515, 51.691761984550467 ], [ 19.378526359968529, 51.691761986311157 ], [ 19.376456289104002, 51.694017134549888 ], [ 19.37645628171791, 51.694017141774005 ], [ 19.376456273260303, 51.694017148529092 ], [ 19.376456263807768, 51.694017154753965 ], [ 19.376456253445916, 51.694017160392264 ], [ 19.376456242268578, 51.694017165392893 ], [ 19.376456230376984, 51.694017169710591 ], [ 19.376456217878825, 51.694017173306257 ], [ 19.376456204887283, 51.694017176147327 ], [ 19.376456191520013, 51.694017178208064 ], [ 19.376456177898078, 51.69401717946981 ], [ 19.376456164144827, 51.694017179921147 ], [ 19.372278507472686, 51.694030491874408 ], [ 19.372278504120708, 51.694030491984293 ], [ 19.372278502320388, 51.694030493744897 ], [ 19.370208017452235, 51.696285531835251 ], [ 19.370208010064779, 51.696285539058984 ], [ 19.370208001605814, 51.696285545813616 ], [ 19.370207992151951, 51.696285552037992 ], [ 19.370207981788802, 51.696285557675722 ], [ 19.370207970610217, 51.696285562675769 ], [ 19.370207958717433, 51.696285566992835 ], [ 19.370207946218148, 51.696285570587833 ], [ 19.370207933225565, 51.69628557342822 ], [ 19.370207919857339, 51.696285575488254 ], [ 19.370207906234544, 51.696285576749268 ], [ 19.37020789248054, 51.696285577199873 ], [ 19.366030104119705, 51.696298667127721 ], [ 19.366030090359086, 51.69629866676334 ], [ 19.366030076716513, 51.696298665587754 ], [ 19.366030063315538, 51.696298663611586 ], [ 19.366030050277516, 51.696298660852769 ], [ 19.366030037720527, 51.696298657336278 ], [ 19.366030025758295, 51.69629865309394 ], [ 19.366030014499138, 51.696298648164209 ], [ 19.366030004045033, 51.696298642591685 ], [ 19.366029994490649, 51.696298636426867 ], [ 19.366029985922509, 51.696298629725582 ], [ 19.366029978418211, 51.696298622548511 ], [ 19.363923008856755, 51.694056672538224 ], [ 19.363923007027964, 51.694056670789003 ], [ 19.363923003674365, 51.694056670700107 ], [ 19.359745257399901, 51.694069537250584 ], [ 19.35974525404788, 51.694069537360122 ], [ 19.359745252247077, 51.694069539120534 ], [ 19.357674101906088, 51.696324400735037 ], [ 19.357674100382535, 51.696324402593845 ], [ 19.35767410193532, 51.696324404443303 ], [ 19.35978086913255, 51.698566466037128 ], [ 19.359780875504324, 51.698566473625327 ], [ 19.359780880686479, 51.698566481555531 ], [ 19.359780884632087, 51.698566489755947 ], [ 19.359780887305408, 51.698566498152267 ], [ 19.359780888682248, 51.698566506668477 ], [ 19.359780888750119, 51.698566515227469 ], [ 19.359780887508418, 51.698566523751701 ], [ 19.359780884968394, 51.69856653216398 ], [ 19.359780881153036, 51.698566540388164 ], [ 19.359780876096906, 51.698566548349717 ], [ 19.359780869845789, 51.698566555976562 ], [ 19.357709596520955, 51.700821330398185 ], [ 19.357709589130771, 51.700821337621129 ], [ 19.357709580669098, 51.700821344374859 ], [ 19.357709571212574, 51.700821350598233 ], [ 19.357709560846832, 51.700821356234854 ], [ 19.357709549665749, 51.700821361233707 ], [ 19.357709537770582, 51.700821365549523 ], [ 19.357709525269055, 51.700821369143192 ], [ 19.357709512274379, 51.700821371982201 ], [ 19.357709498904249, 51.7008213740408 ], [ 19.357709485279734, 51.700821375300372 ], [ 19.357709471524227, 51.70082137574952 ], [ 19.353531179600871, 51.700834022266712 ], [ 19.353531176248339, 51.700834022376057 ], [ 19.353531174447024, 51.700834024136384 ], [ 19.351459447234983, 51.703088731514164 ], [ 19.351459439843435, 51.703088738736703 ], [ 19.351459431380409, 51.703088745489985 ], [ 19.351459421922552, 51.703088751712848 ], [ 19.351459411555513, 51.703088757348937 ], [ 19.35145940037318, 51.7030887623472 ], [ 19.351459388476822, 51.703088766662376 ], [ 19.351459375974176, 51.703088770255377 ], [ 19.35145936297846, 51.703088773093683 ], [ 19.351459349607371, 51.703088775151592 ], [ 19.351459335981996, 51.703088776410439 ], [ 19.351459322225736, 51.703088776858849 ], [ 19.347280818656543, 51.703101201491606 ], [ 19.347280815303826, 51.703101201600759 ], [ 19.347280813502174, 51.703101203361008 ], [ 19.345208632327644, 51.705355843645386 ], [ 19.345208630803285, 51.705355845504037 ], [ 19.34520863235587, 51.705355847353651 ], [ 19.347315206094908, 51.707598129363184 ], [ 19.347315212465872, 51.707598136952051 ], [ 19.347315217646891, 51.707598144882787 ], [ 19.347315221591039, 51.707598153083609 ], [ 19.347315224262598, 51.707598161480213 ], [ 19.347315225637377, 51.707598169996558 ], [ 19.347315225702918, 51.707598178555536 ], [ 19.347315224458637, 51.70759818707964 ], [ 19.347315221915796, 51.707598195491634 ], [ 19.347315218097428, 51.707598203715413 ], [ 19.347315213038108, 51.707598211676412 ], [ 19.347315206783655, 51.707598219302596 ], [ 19.345242862656114, 51.70985281560128 ], [ 19.345242861131602, 51.709852817459925 ], [ 19.345242862684344, 51.709852819309539 ], [ 19.347349648072328, 51.71209509859267 ], [ 19.347349654443935, 51.712095106181515 ], [ 19.347349659625475, 51.712095114112266 ], [ 19.347349663570025, 51.712095122313073 ], [ 19.347349666241861, 51.712095130709663 ], [ 19.347349667616786, 51.712095139226015 ], [ 19.347349667682348, 51.712095147784979 ], [ 19.34734966643795, 51.712095156309068 ], [ 19.347349663894867, 51.712095164721077 ], [ 19.34734966007613, 51.712095172944835 ], [ 19.34734965501632, 51.712095180905848 ], [ 19.347349648761256, 51.712095188532018 ], [ 19.345277141640036, 51.714349740845989 ], [ 19.345277134245677, 51.714349748068145 ], [ 19.345277125779635, 51.714349754820972 ], [ 19.345277116318584, 51.714349761043323 ], [ 19.345277105948206, 51.714349766678872 ], [ 19.345277094762423, 51.714349771676538 ], [ 19.345277082862523, 51.714349775991082 ], [ 19.345277070356282, 51.714349779583429 ], [ 19.345277057356949, 51.714349782421053 ], [ 19.345277043982261, 51.714349784478259 ], [ 19.34527703035333, 51.714349785736395 ], [ 19.345277016593592, 51.714349786184094 ], [ 19.341097472653196, 51.714361992810339 ], [ 19.341097469299633, 51.714361992919336 ], [ 19.341097467497296, 51.714361994679471 ], [ 19.339024466385968, 51.716616523052416 ], [ 19.339024464860973, 51.716616524910961 ], [ 19.339024466413697, 51.716616526760653 ], [ 19.341131260661371, 51.718858914929967 ], [ 19.3411312670329, 51.718858922519146 ], [ 19.341131272214131, 51.718858930450146 ], [ 19.341131276158151, 51.718858938651167 ], [ 19.341131278829238, 51.718858947047877 ], [ 19.341131280203207, 51.718858955564293 ], [ 19.341131280267611, 51.718858964123264 ], [ 19.341131279021866, 51.718858972647283 ], [ 19.341131276477256, 51.718858981059149 ], [ 19.341131272656824, 51.718858989282687 ], [ 19.34113126759517, 51.71885899724343 ], [ 19.341131261338131, 51.718859004869273 ], [ 19.339058136833355, 51.721113446010527 ], [ 19.339058129436903, 51.721113453232284 ], [ 19.339058120968673, 51.721113459984672 ], [ 19.339058111505359, 51.721113466206518 ], [ 19.339058101132665, 51.721113471841505 ], [ 19.339058089944523, 51.721113476838589 ], [ 19.339058078042257, 51.721113481152507 ], [ 19.339058065533656, 51.721113484744187 ], [ 19.339058052531996, 51.721113487581135 ], [ 19.339058039155027, 51.721113489637631 ], [ 19.33905802552389, 51.72111349089505 ], [ 19.339058011762031, 51.721113491342003 ], [ 19.334877841563504, 51.72112547786238 ], [ 19.334877838209422, 51.721125477971206 ], [ 19.334877836406577, 51.721125479731242 ], [ 19.332804217724618, 51.723379896865119 ], [ 19.332804216199147, 51.723379898723607 ], [ 19.332804217751846, 51.72337990057337 ], [ 19.334911020701874, 51.725622397656522 ], [ 19.334911027073314, 51.725622405246035 ], [ 19.33491103225424, 51.725622413177298 ], [ 19.334911036197731, 51.725622421378503 ], [ 19.334911038868071, 51.725622429775363 ], [ 19.334911040241082, 51.725622438291836 ], [ 19.334911040304323, 51.725622446850799 ], [ 19.334911039057232, 51.725622455374747 ], [ 19.334911036511091, 51.725622463786465 ], [ 19.334911032688964, 51.725622472009803 ], [ 19.33491102762547, 51.725622479970262 ], [ 19.334911021366455, 51.725622487595771 ], [ 19.332837239385935, 51.727876860714055 ], [ 19.332837237860311, 51.727876862572543 ], [ 19.33283723941317, 51.727876864422306 ], [ 19.334944254073662, 51.730119358814882 ], [ 19.334944260445745, 51.730119366404388 ], [ 19.334944265627193, 51.730119374335636 ], [ 19.334944269571086, 51.730119382536841 ], [ 19.3349442722417, 51.730119390933687 ], [ 19.334944273614855, 51.730119399450153 ], [ 19.334944273678119, 51.730119408009109 ], [ 19.33494427243091, 51.730119416533064 ], [ 19.334944269884527, 51.73011942494476 ], [ 19.334944266062035, 51.730119433168099 ], [ 19.334944260998046, 51.730119441128558 ], [ 19.334944254738417, 51.730119448754053 ], [ 19.332870269646282, 51.73237382108676 ], [ 19.332870268120512, 51.732373822945242 ], [ 19.332870269673524, 51.732373824795005 ], [ 19.334977496099981, 51.734616316496883 ], [ 19.334977502472707, 51.734616324086367 ], [ 19.334977507654678, 51.73461633201763 ], [ 19.334977511598971, 51.734616340218821 ], [ 19.334977514269859, 51.734616348615667 ], [ 19.334977515643164, 51.734616357132118 ], [ 19.334977515706441, 51.734616365691075 ], [ 19.334977514459119, 51.734616374215008 ], [ 19.334977511912495, 51.734616382626726 ], [ 19.334977508089629, 51.73461639085005 ], [ 19.334977503025147, 51.734616398810502 ], [ 19.334977496764907, 51.734616406436004 ], [ 19.332903308508634, 51.73687077798337 ], [ 19.332903306982715, 51.736870779841858 ], [ 19.332903308535883, 51.736870781691614 ], [ 19.335010746783812, 51.739113270702667 ], [ 19.335010753157178, 51.739113278292159 ], [ 19.335010758339674, 51.739113286223407 ], [ 19.335010762284366, 51.739113294424584 ], [ 19.335010764955531, 51.73911330282143 ], [ 19.335010766328981, 51.739113311337867 ], [ 19.335010766392273, 51.739113319896816 ], [ 19.335010765144837, 51.739113328420743 ], [ 19.335010762597975, 51.739113336832453 ], [ 19.335010758774736, 51.739113345055777 ], [ 19.33501075370976, 51.739113353016222 ], [ 19.335010747448912, 51.739113360641724 ], [ 19.332936355975953, 51.741367731404004 ], [ 19.332936354449885, 51.741367733262486 ], [ 19.332936356003209, 51.741367735112235 ], [ 19.335044046545995, 51.743610264433428 ], [ 19.335044048375689, 51.743610266183111 ], [ 19.335044051732901, 51.743610266272803 ], [ 19.339226376779898, 51.743598269904886 ], [ 19.339226380135631, 51.743598269795946 ], [ 19.339226381939202, 51.743598268035839 ], [ 19.341300561481098, 51.741343787502707 ], [ 19.341300568880481, 51.741343780280843 ], [ 19.34130057735214, 51.741343773528314 ], [ 19.341300586819358, 51.741343767306283 ], [ 19.34130059719639, 51.741343761671111 ], [ 19.341300608389272, 51.741343756673821 ], [ 19.341300620296625, 51.741343752359697 ], [ 19.341300632810629, 51.741343748767775 ], [ 19.341300645817949, 51.741343745930585 ], [ 19.341300659200783, 51.741343743873841 ], [ 19.341300672837939, 51.741343742616138 ], [ 19.341300686605919, 51.741343742168901 ], [ 19.345482639276174, 51.741331524023849 ], [ 19.345482653050315, 51.741331524390624 ], [ 19.34548266670593, 51.741331525568569 ], [ 19.345482680119353, 51.74133152754704 ], [ 19.3454826931691, 51.741331530308095 ], [ 19.345482705736998, 51.741331533826731 ], [ 19.345482717709231, 51.741331538071101 ], [ 19.345482728977373, 51.741331543002758 ], [ 19.34548273943938, 51.741331548577051 ], [ 19.345482749000499, 51.741331554743475 ], [ 19.345482757574157, 51.741331561446195 ], [ 19.3454827650827, 51.741331568624517 ], [ 19.347591033571554, 51.743573828818477 ], [ 19.347591035401727, 51.743573830567961 ], [ 19.34759103875896, 51.74357383065729 ], [ 19.351773274728572, 51.743561388078561 ], [ 19.351773288503438, 51.743561388444604 ], [ 19.351773302159888, 51.743561389621817 ], [ 19.351773315574242, 51.743561391599556 ], [ 19.351773328625015, 51.743561394359915 ], [ 19.351773341194015, 51.743561397877883 ], [ 19.351773353167424, 51.743561402121607 ], [ 19.351773364436802, 51.74356140705266 ], [ 19.351773374900095, 51.743561412626384 ], [ 19.351773384462547, 51.743561418792282 ], [ 19.351773393037554, 51.743561425494555 ], [ 19.351773400547462, 51.743561432672472 ], [ 19.353882084233568, 51.745803578391047 ], [ 19.353882086064068, 51.745803580140432 ], [ 19.353882089421479, 51.745803580229577 ], [ 19.35806460864255, 51.745790913170389 ], [ 19.358064611998401, 51.745790913060908 ], [ 19.358064613801314, 51.745790911300531 ], [ 19.360137953906975, 51.743536100797364 ], [ 19.360137961303703, 51.743536093574313 ], [ 19.360137969772961, 51.743536086820427 ], [ 19.36013797923804, 51.743536080596904 ], [ 19.360137989613222, 51.743536074960076 ], [ 19.360138000804554, 51.74353606996101 ], [ 19.360138012710681, 51.74353606564496 ], [ 19.360138025223787, 51.743536062051035 ], [ 19.360138038230541, 51.743536059211763 ], [ 19.360138051613156, 51.743536057152866 ], [ 19.360138065250439, 51.743536055893003 ], [ 19.360138079018888, 51.743536055443535 ], [ 19.364320225587004, 51.743523166670514 ], [ 19.364320239361959, 51.743523167035079 ], [ 19.364320253018715, 51.743523168210842 ], [ 19.364320266433594, 51.743523170187146 ], [ 19.364320279485113, 51.743523172946105 ], [ 19.364320292055073, 51.74352317646273 ], [ 19.36432030402964, 51.743523180705168 ], [ 19.364320315300368, 51.74352318563502 ], [ 19.364320325765192, 51.743523191207622 ], [ 19.364320335329339, 51.743523197372504 ], [ 19.36432034390619, 51.743523204073838 ], [ 19.364320351418073, 51.74352321125096 ], [ 19.366429612844573, 51.745765087676297 ], [ 19.366429619224135, 51.745765095264048 ], [ 19.366429624412891, 51.745765103193889 ], [ 19.366429628363854, 51.745765111393993 ], [ 19.366429631041239, 51.745765119790093 ], [ 19.3664296324208, 51.745765128306154 ], [ 19.366429632490046, 51.74576513686506 ], [ 19.366429631248348, 51.745765145389299 ], [ 19.366429628706953, 51.745765153801678 ], [ 19.366429624888873, 51.745765162025997 ], [ 19.366429619828686, 51.745765169987799 ], [ 19.366429613572222, 51.745765177614935 ], [ 19.364356485774525, 51.748020097833376 ], [ 19.364356484249523, 51.748020099692255 ], [ 19.364356485804358, 51.748020101541599 ], [ 19.366466000038407, 51.750262018175761 ], [ 19.366466006418612, 51.750262025763512 ], [ 19.366466011607898, 51.750262033693332 ], [ 19.366466015559261, 51.750262041893436 ], [ 19.366466018236924, 51.750262050289521 ], [ 19.366466019616634, 51.750262058805582 ], [ 19.366466019685898, 51.750262067364481 ], [ 19.366466018444086, 51.750262075888713 ], [ 19.36646601590245, 51.75026208430107 ], [ 19.366466012084, 51.750262092525404 ], [ 19.366466007023323, 51.750262100487191 ], [ 19.366466000766245, 51.750262108114327 ], [ 19.364392670029989, 51.752517027636372 ], [ 19.364392668504834, 51.752517029495266 ], [ 19.364392670059829, 51.752517031344595 ], [ 19.366502396711631, 51.754758945196478 ], [ 19.366502403092479, 51.754758952784222 ], [ 19.366502408282287, 51.754758960714042 ], [ 19.366502412234055, 51.754758968914132 ], [ 19.366502414911995, 51.754758977310217 ], [ 19.366502416291855, 51.754758985826264 ], [ 19.366502416361136, 51.754758994385142 ], [ 19.366502415119211, 51.754759002909388 ], [ 19.366502412577333, 51.754759011321738 ], [ 19.366502408758514, 51.754759019546057 ], [ 19.366502403697346, 51.754759027507831 ], [ 19.36650239743966, 51.754759035134981 ], [ 19.364428903475986, 51.757013910721398 ], [ 19.364428896077751, 51.757013917944704 ], [ 19.364428887606625, 51.757013924698882 ], [ 19.364428878139332, 51.75701393092276 ], [ 19.364428867761603, 51.757013936559943 ], [ 19.364428856567425, 51.757013941559421 ], [ 19.364428844658168, 51.757013945875897 ], [ 19.364428832141691, 51.757013949470263 ], [ 19.364428819131337, 51.757013952310025 ], [ 19.364428805744936, 51.757013954369398 ], [ 19.36442879210372, 51.757013955629787 ], [ 19.364428778331217, 51.757013956079746 ], [ 19.360245385718027, 51.757026851056622 ], [ 19.360245371938998, 51.757026850691595 ], [ 19.360245358278274, 51.75702684951537 ], [ 19.360245344859564, 51.757026847538611 ], [ 19.360245331804393, 51.757026844779212 ], [ 19.360245319230991, 51.757026841262167 ], [ 19.360245307253226, 51.757026837019311 ], [ 19.360245295979571, 51.757026832089096 ], [ 19.360245285512118, 51.757026826516167 ], [ 19.360245275945669, 51.757026820350958 ], [ 19.360245267366846, 51.757026813649333 ], [ 19.360245259853357, 51.757026806471991 ], [ 19.358135736246687, 51.754784780800946 ], [ 19.358135734415654, 51.754784779051626 ], [ 19.358135731057569, 51.754784778962609 ], [ 19.353952381104733, 51.75479745008623 ], [ 19.353952377748211, 51.754797450195596 ], [ 19.353952375944779, 51.754797451955916 ], [ 19.351878214335944, 51.757052150540204 ], [ 19.351878206935694, 51.757052157762722 ], [ 19.351878198462689, 51.757052164515997 ], [ 19.351878188993656, 51.757052170738859 ], [ 19.351878178614349, 51.757052176374941 ], [ 19.351878167418771, 51.757052181373233 ], [ 19.351878155508302, 51.757052185688444 ], [ 19.35187814299081, 51.757052189281481 ], [ 19.351878129979653, 51.757052192119836 ], [ 19.351878116592662, 51.757052194177795 ], [ 19.351878102951076, 51.757052195436721 ], [ 19.351878089178431, 51.757052195885201 ], [ 19.347694607130329, 51.757064644453017 ], [ 19.347694603773618, 51.757064644562213 ], [ 19.347694601969849, 51.757064646322441 ], [ 19.345619985055581, 51.759319277603595 ], [ 19.345619983529428, 51.759319279462225 ], [ 19.345619985083893, 51.759319281311818 ], [ 19.347729102275562, 51.761561530595955 ], [ 19.347729108654235, 51.761561538184708 ], [ 19.347729113841545, 51.761561546115352 ], [ 19.347729117790514, 51.761561554316067 ], [ 19.347729120465381, 51.761561562712572 ], [ 19.347729121841923, 51.761561571228839 ], [ 19.347729121907673, 51.761561579787745 ], [ 19.347729120662034, 51.761561588311771 ], [ 19.347729118116288, 51.761561596723723 ], [ 19.34772911429349, 51.761561604947417 ], [ 19.347729109228261, 51.761561612908388 ], [ 19.347729102966468, 51.761561620534536 ], [ 19.345654362303645, 51.763816164600136 ], [ 19.345654354901303, 51.76381617182227 ], [ 19.345654346426105, 51.763816178575077 ], [ 19.345654336954805, 51.763816184797442 ], [ 19.345654326573175, 51.763816190432983 ], [ 19.345654315375231, 51.763816195430671 ], [ 19.345654303462393, 51.763816199745236 ], [ 19.345654290942537, 51.763816203337626 ], [ 19.345654277929043, 51.763816206175299 ], [ 19.345654264539768, 51.763816208232541 ], [ 19.345654250895965, 51.763816209490741 ], [ 19.345654237121199, 51.763816209938518 ], [ 19.341470127181299, 51.763828438120157 ], [ 19.341470123824074, 51.763828438229176 ], [ 19.341470122019789, 51.76382843998929 ], [ 19.339394925887635, 51.766082916690266 ], [ 19.339394918483926, 51.766082923912009 ], [ 19.339394910007368, 51.766082930664368 ], [ 19.339394900534728, 51.766082936886221 ], [ 19.339394890151802, 51.766082942521216 ], [ 19.339394878952604, 51.766082947518299 ], [ 19.339394867038571, 51.766082951832246 ], [ 19.339394854517586, 51.766082955423954 ], [ 19.339394841503044, 51.766082958260931 ], [ 19.339394828112816, 51.766082960317476 ], [ 19.339394814468154, 51.766082961574952 ], [ 19.339394800692631, 51.766082962021976 ], [ 19.335210478489483, 51.766094967784021 ], [ 19.335210475132076, 51.766094967892847 ], [ 19.335210473327457, 51.766094969652883 ], [ 19.33313482165039, 51.768349378939554 ], [ 19.333134820123426, 51.768349380798035 ], [ 19.333134821677689, 51.76834938264777 ], [ 19.335243744231875, 51.770591852819663 ], [ 19.335243750609735, 51.770591860409077 ], [ 19.335243755795901, 51.770591868340269 ], [ 19.335243759743406, 51.770591876541403 ], [ 19.3352437624165, 51.770591884938163 ], [ 19.335243763790977, 51.770591893454572 ], [ 19.335243763854386, 51.770591902013479 ], [ 19.335243762606154, 51.770591910537355 ], [ 19.335243760057583, 51.77059191894903 ], [ 19.335243756231762, 51.770591927172326 ], [ 19.335243751163329, 51.770591935132742 ], [ 19.335243744898186, 51.770591942758223 ], [ 19.333167929435625, 51.772846308031973 ], [ 19.333167927908509, 51.772846309890454 ], [ 19.333167929462928, 51.772846311740203 ], [ 19.335277104729705, 51.775088822220972 ], [ 19.335277106560685, 51.775088823970634 ], [ 19.335277109920234, 51.775088824060312 ], [ 19.339462263822938, 51.775076814445384 ], [ 19.339462277607311, 51.775076814812834 ], [ 19.339462291272959, 51.775076815991454 ], [ 19.339462304696131, 51.775076817970579 ], [ 19.339462317755256, 51.775076820732281 ], [ 19.339462330332072, 51.775076824251535 ], [ 19.339462342312682, 51.775076828496466 ], [ 19.339462353588591, 51.775076833428663 ], [ 19.339462364057677, 51.775076839003432 ], [ 19.339462373625135, 51.775076845170304 ], [ 19.339462382204317, 51.775076851873422 ], [ 19.339462389717532, 51.775076859052078 ], [ 19.341571900045832, 51.777319169001025 ], [ 19.34157190642571, 51.77731917659009 ], [ 19.341571911613755, 51.777319184520977 ], [ 19.341571915563005, 51.777319192721883 ], [ 19.341571918237673, 51.777319201118495 ], [ 19.341571919613546, 51.777319209634818 ], [ 19.34157191967817, 51.777319218193703 ], [ 19.341571918430954, 51.777319226717651 ], [ 19.34157191588319, 51.777319235129433 ], [ 19.341571912057951, 51.777319243352927 ], [ 19.341571906989888, 51.777319251313614 ], [ 19.341571900724887, 51.777319258939414 ], [ 19.339496133807987, 51.779573690112052 ], [ 19.339496126402096, 51.779573697333788 ], [ 19.33949611792303, 51.779573704086161 ], [ 19.339496108447594, 51.779573710308021 ], [ 19.339496098061588, 51.779573715942995 ], [ 19.339496086859072, 51.779573720940085 ], [ 19.339496074941501, 51.779573725254039 ], [ 19.339496062416792, 51.779573728845762 ], [ 19.339496049398385, 51.779573731682753 ], [ 19.339496036004167, 51.779573733739305 ], [ 19.339496022355441, 51.779573734996795 ], [ 19.339496008575811, 51.779573735443854 ], [ 19.335310438660752, 51.779585746985802 ], [ 19.335310435302343, 51.779585747094643 ], [ 19.335310433497192, 51.779585748854679 ], [ 19.333234170895292, 51.781840155792125 ], [ 19.333234169367874, 51.781840157650592 ], [ 19.333234170922609, 51.781840159500341 ], [ 19.335343730442656, 51.784082621596411 ], [ 19.335343736822448, 51.784082629185804 ], [ 19.335343742010188, 51.784082637116967 ], [ 19.335343745958902, 51.784082645318072 ], [ 19.335343748632823, 51.784082653714826 ], [ 19.335343750007738, 51.784082662231206 ], [ 19.335343750071196, 51.784082670790092 ], [ 19.335343748822623, 51.784082679313954 ], [ 19.335343746273324, 51.784082687725601 ], [ 19.335343742446391, 51.784082695948875 ], [ 19.335343737376476, 51.784082703909291 ], [ 19.335343731109489, 51.784082711534765 ], [ 19.333267304575681, 51.7863370744601 ], [ 19.333267303048114, 51.786337076318581 ], [ 19.333267304603009, 51.786337078168316 ], [ 19.335377117014982, 51.788579580572744 ], [ 19.335377118846516, 51.788579582322406 ], [ 19.335377122207063, 51.78857958241209 ], [ 19.339563604749706, 51.788567566783108 ], [ 19.339563608108772, 51.788567566674132 ], [ 19.339563609914112, 51.788567564914047 ], [ 19.3416398239603, 51.786313092040245 ], [ 19.341639831366951, 51.786313084818396 ], [ 19.341639839846948, 51.786313078065881 ], [ 19.341639849323499, 51.786313071843857 ], [ 19.341639859710781, 51.786313066208685 ], [ 19.341639870914726, 51.786313061211388 ], [ 19.341639882833867, 51.786313056897235 ], [ 19.341639895360263, 51.786313053305278 ], [ 19.341639908380472, 51.786313050468046 ], [ 19.341639921776586, 51.786313048411238 ], [ 19.341639935427288, 51.786313047153506 ], [ 19.341639949208943, 51.786313046706212 ], [ 19.345826058658652, 51.786300808944375 ], [ 19.345826072446496, 51.786300809311086 ], [ 19.3458260861157, 51.786300810488953 ], [ 19.345826099542478, 51.786300812467339 ], [ 19.345826112605231, 51.786300815228323 ], [ 19.345826125185667, 51.786300818746867 ], [ 19.345826137169851, 51.786300822991151 ], [ 19.345826148449252, 51.786300827922723 ], [ 19.345826158921724, 51.786300833496917 ], [ 19.34582616849243, 51.786300839663255 ], [ 19.345826177074688, 51.786300846365883 ], [ 19.345826184590784, 51.786300853544105 ], [ 19.34793657651759, 51.7885430864577 ], [ 19.347936578349604, 51.788543088207149 ], [ 19.347936581710176, 51.788543088296464 ], [ 19.352122975065019, 51.788530625740279 ], [ 19.352122988853584, 51.788530626106244 ], [ 19.352123002523623, 51.788530627283379 ], [ 19.352123015951335, 51.788530629261039 ], [ 19.352123029015114, 51.78853063202132 ], [ 19.352123041596659, 51.788530635539189 ], [ 19.352123053582023, 51.788530639782834 ], [ 19.352123064862663, 51.788530644713781 ], [ 19.352123075336429, 51.788530650287413 ], [ 19.352123084908463, 51.788530656453233 ], [ 19.352123093492079, 51.788530663155399 ], [ 19.352123101009543, 51.788530670333216 ], [ 19.354233868738351, 51.790772745594595 ], [ 19.354233875122254, 51.790772753182949 ], [ 19.354233880314077, 51.790772761113267 ], [ 19.354233884266804, 51.790772769313705 ], [ 19.35423388694463, 51.790772777710025 ], [ 19.354233888323311, 51.790772786226157 ], [ 19.354233888390361, 51.790772794785013 ], [ 19.35423388714517, 51.790772803309068 ], [ 19.354233884599019, 51.790772811721119 ], [ 19.354233880774963, 51.790772819944991 ], [ 19.354233875707628, 51.790772827906203 ], [ 19.354233869442915, 51.790772835532657 ], [ 19.352158120504342, 51.793027485039822 ], [ 19.35215811309828, 51.793027492262318 ], [ 19.352158104618603, 51.793027499015587 ], [ 19.352158095142098, 51.793027505238442 ], [ 19.352158084754596, 51.793027510874545 ], [ 19.352158073550161, 51.793027515872836 ], [ 19.352158061630263, 51.793027520188062 ], [ 19.352158049102844, 51.793027523781134 ], [ 19.352158036081367, 51.793027526619525 ], [ 19.352158022683753, 51.79302752867752 ], [ 19.352158009031324, 51.793027529936488 ], [ 19.35215799524773, 51.793027530385032 ], [ 19.347971185558205, 51.79303999494114 ], [ 19.34797118219883, 51.793039995050343 ], [ 19.347971180393639, 51.79303999681057 ], [ 19.345894975263214, 51.795294578877332 ], [ 19.345894967855781, 51.79529458609943 ], [ 19.345894959374743, 51.795294592852244 ], [ 19.345894949896898, 51.795294599074609 ], [ 19.345894939508092, 51.795294604710158 ], [ 19.3458949283024, 51.795294609707838 ], [ 19.345894916381305, 51.795294614022431 ], [ 19.345894903852763, 51.795294617614829 ], [ 19.345894890830234, 51.795294620452538 ], [ 19.345894877431657, 51.795294622509815 ], [ 19.345894863778369, 51.795294623768072 ], [ 19.345894849994018, 51.79529462421587 ], [ 19.341707907887798, 51.795306865905708 ], [ 19.34170789409724, 51.795306865538528 ], [ 19.341707880425417, 51.795306864360185 ], [ 19.341707866996142, 51.795306862381331 ], [ 19.341707853931034, 51.795306859619892 ], [ 19.341707841348406, 51.795306856100929 ], [ 19.341707829362214, 51.795306851856225 ], [ 19.341707818081009, 51.795306846924277 ], [ 19.341707807606952, 51.795306841349735 ], [ 19.341707798034896, 51.795306835183077 ], [ 19.341707789451526, 51.795306828480157 ], [ 19.341707781934581, 51.795306821301679 ], [ 19.339597381100013, 51.793064479195088 ], [ 19.339597379268135, 51.793064477445498 ], [ 19.339597375907243, 51.793064477355955 ], [ 19.335410477018858, 51.793076494913144 ], [ 19.335410473659447, 51.793076495021978 ], [ 19.335410471853766, 51.793076496782014 ], [ 19.333333637679399, 51.795330858143728 ], [ 19.333333630269951, 51.795330865365045 ], [ 19.333333621787023, 51.795330872116956 ], [ 19.333333612307442, 51.795330878338305 ], [ 19.333333601917055, 51.795330883972746 ], [ 19.333333590709959, 51.795330888969239 ], [ 19.333333578787649, 51.795330893282568 ], [ 19.333333566258091, 51.795330896873622 ], [ 19.333333553234759, 51.795330899709931 ], [ 19.333333539835596, 51.795330901765787 ], [ 19.333333526181942, 51.795330903022574 ], [ 19.333333512397445, 51.795330903468908 ], [ 19.329146481249708, 51.795342698124294 ], [ 19.329146477890109, 51.795342698232957 ], [ 19.329146476084095, 51.795342699992894 ], [ 19.32706922546193, 51.797596950561541 ], [ 19.327069218051111, 51.797596957782474 ], [ 19.327069209566822, 51.79759696453393 ], [ 19.327069200085901, 51.797596970754775 ], [ 19.32706918969421, 51.797596976388661 ], [ 19.327069178485861, 51.797596981384558 ], [ 19.327069166562353, 51.797596985697254 ], [ 19.327069154031669, 51.797596989287641 ], [ 19.327069141007289, 51.79759699212326 ], [ 19.327069127607164, 51.797596994178413 ], [ 19.327069113952646, 51.797596995434468 ], [ 19.327069100167396, 51.797596995880056 ], [ 19.322881856527573, 51.797608567829194 ], [ 19.32288185316779, 51.797608567937687 ], [ 19.322881851361444, 51.797608569697509 ], [ 19.320804144392834, 51.799862752652885 ], [ 19.320804142864301, 51.799862754511189 ] ] ] } },
{ "type": "Feature", "properties": { "city_slug": "warszawa", "city_name": "Warszawa" }, "geometry": { "type": "Polygon", "coordinates": [ [ [ 20.8511843249339, 52.188849428715855 ], [ 20.85118432656521, 52.188849430544501 ], [ 20.853388674451935, 52.19106340148879 ], [ 20.85338868114594, 52.191063408991631 ], [ 20.85338868664919, 52.191063416851563 ], [ 20.853388690911842, 52.191063424997417 ], [ 20.853388693895297, 52.191063433355403 ], [ 20.853388695572537, 52.19106344184982 ], [ 20.853388695928363, 52.191063450403767 ], [ 20.853388694959563, 52.191063458939773 ], [ 20.853388692674908, 52.19106346738053 ], [ 20.853388689095084, 52.191063475649599 ], [ 20.853388684252515, 52.191063483672075 ], [ 20.85338867819106, 52.191063491375346 ], [ 20.851371069936501, 52.193343759795887 ], [ 20.851371068459024, 52.193343761673319 ], [ 20.851371070090508, 52.193343763501964 ], [ 20.853575655164363, 52.195557727152597 ], [ 20.853575661859093, 52.195557734655424 ], [ 20.853575667362954, 52.195557742515341 ], [ 20.853575671626093, 52.195557750661166 ], [ 20.853575674609903, 52.195557759019138 ], [ 20.853575676287363, 52.195557767513556 ], [ 20.853575676643288, 52.195557776067496 ], [ 20.853575675674445, 52.195557784603487 ], [ 20.853575673389617, 52.195557793044244 ], [ 20.853575669809491, 52.195557801313306 ], [ 20.853575664966485, 52.19555780933581 ], [ 20.853575658904468, 52.195557817039088 ], [ 20.851557862497895, 52.197838088836825 ], [ 20.851557861020282, 52.197838090714271 ], [ 20.851557862651944, 52.197838092542895 ], [ 20.853762684977244, 52.200052048898804 ], [ 20.853762691672706, 52.20005205640161 ], [ 20.853762697177171, 52.200052064261506 ], [ 20.853762701440793, 52.20005207240731 ], [ 20.853762704424959, 52.200052080765253 ], [ 20.85376270610265, 52.200052089259664 ], [ 20.853762706458664, 52.200052097813597 ], [ 20.853762705489785, 52.200052106349602 ], [ 20.853762703204783, 52.200052114790346 ], [ 20.853762699624347, 52.200052123059429 ], [ 20.853762694780912, 52.200052131081932 ], [ 20.853762688718334, 52.20005213878521 ], [ 20.851744704112544, 52.202332413961209 ], [ 20.851744702634797, 52.202332415838654 ], [ 20.851744704266636, 52.202332417667279 ], [ 20.853949763907718, 52.204546366727371 ], [ 20.853949770603901, 52.204546374230148 ], [ 20.853949776108976, 52.204546382090015 ], [ 20.853949780373085, 52.204546390235812 ], [ 20.853949783357606, 52.204546398593756 ], [ 20.853949785035525, 52.204546407088152 ], [ 20.853949785391638, 52.204546415642085 ], [ 20.853949784422714, 52.204546424178069 ], [ 20.853949782137537, 52.204546432618812 ], [ 20.8539497785568, 52.204546440887903 ], [ 20.853949773712927, 52.204546448910413 ], [ 20.853949767649791, 52.204546456613691 ], [ 20.851931594797573, 52.206826735169024 ], [ 20.851931593319687, 52.20682673704647 ], [ 20.851931594951704, 52.206826738875094 ], [ 20.854136934263366, 52.209040723091924 ], [ 20.854136936171095, 52.209040724816923 ], [ 20.854136939564945, 52.209040724862845 ], [ 20.858360597713766, 52.208974270386477 ], [ 20.858360611638837, 52.208974270574402 ], [ 20.858360625471775, 52.208974271574654 ], [ 20.858360639087309, 52.208974273378182 ], [ 20.85836065236213, 52.208974275968622 ], [ 20.858360665176026, 52.208974279322533 ], [ 20.858360677412946, 52.208974283409539 ], [ 20.858360688962073, 52.208974288192621 ], [ 20.858360699718812, 52.208974293628486 ], [ 20.858360709585753, 52.208974299667886 ], [ 20.858360718473545, 52.208974306256131 ], [ 20.858360726301687, 52.208974313333542 ], [ 20.860566449056762, 52.211188130094556 ], [ 20.860566450964832, 52.211188131819441 ], [ 20.86056645435885, 52.211188131865178 ], [ 20.864790300736924, 52.211121445373401 ], [ 20.864790314662674, 52.211121445560572 ], [ 20.864790328496408, 52.211121446560057 ], [ 20.86479034211284, 52.211121448362825 ], [ 20.864790355388664, 52.21112145095254 ], [ 20.864790368203646, 52.211121454305733 ], [ 20.864790380441733, 52.211121458392057 ], [ 20.864790391992095, 52.211121463174507 ], [ 20.864790402750135, 52.211121468609768 ], [ 20.864790412618419, 52.211121474648614 ], [ 20.864790421507582, 52.211121481236354 ], [ 20.864790429337123, 52.211121488313331 ], [ 20.866996535562251, 52.21333513757822 ], [ 20.866996542261973, 52.213335145080215 ], [ 20.866996547770459, 52.213335152939436 ], [ 20.866996552037826, 52.213335161084721 ], [ 20.86699655502542, 52.213335169442288 ], [ 20.866996556706198, 52.21333517793645 ], [ 20.866996557064926, 52.213335186490312 ], [ 20.866996556098361, 52.213335195026374 ], [ 20.866996553815252, 52.213335203467345 ], [ 20.866996550236284, 52.213335211736798 ], [ 20.86699654539386, 52.21333521975982 ], [ 20.866996539331836, 52.213335227463752 ], [ 20.864978653298316, 52.215615723398827 ], [ 20.864978651820703, 52.215615725276429 ], [ 20.86497865345358, 52.215615727104861 ], [ 20.867185081960379, 52.217829453929433 ], [ 20.867185083869, 52.217829455654211 ], [ 20.867185087263525, 52.217829455699757 ], [ 20.871409547686245, 52.217762526385954 ], [ 20.87140956161408, 52.217762526572315 ], [ 20.871409575450009, 52.217762527571004 ], [ 20.87140958906873, 52.217762529372976 ], [ 20.871409602346912, 52.217762531961924 ], [ 20.871409615164296, 52.217762535314378 ], [ 20.871409627404816, 52.217762539399992 ], [ 20.871409638957616, 52.21776254418176 ], [ 20.871409649718071, 52.217762549616388 ], [ 20.871409659588736, 52.217762555654652 ], [ 20.871409668480219, 52.217762562241859 ], [ 20.871409676311995, 52.217762569318374 ], [ 20.873616446127915, 52.219976086133506 ], [ 20.873616452829776, 52.219976093635097 ], [ 20.873616458340273, 52.21997610149397 ], [ 20.873616462609512, 52.219976109638992 ], [ 20.873616465598829, 52.21997611799636 ], [ 20.873616467281146, 52.219976126490423 ], [ 20.873616467641234, 52.219976135044227 ], [ 20.873616466675823, 52.219976143580318 ], [ 20.873616464393667, 52.21997615202141 ], [ 20.87361646081543, 52.219976160291033 ], [ 20.873616455973515, 52.219976168314311 ], [ 20.873616449911772, 52.219976176018584 ], [ 20.871598652149984, 52.222256738636105 ], [ 20.871598644922614, 52.222256745951462 ], [ 20.871598636595717, 52.222256752811781 ], [ 20.871598627244708, 52.222256759154938 ], [ 20.871598616954277, 52.222256764923458 ], [ 20.871598605817603, 52.222256770065123 ], [ 20.871598593935545, 52.222256774533342 ], [ 20.871598581415714, 52.222256778287687 ], [ 20.871598568371486, 52.222256781294142 ], [ 20.871598554920997, 52.222256783525488 ], [ 20.871598541186057, 52.222256784961495 ], [ 20.871598527291042, 52.222256785589181 ], [ 20.867373640876785, 52.222323725677839 ], [ 20.867373637490243, 52.222323725830712 ], [ 20.867373635728597, 52.222323727613549 ], [ 20.865355334524029, 52.224604274111883 ], [ 20.865355333046146, 52.224604275989492 ], [ 20.865355334679379, 52.224604277817903 ], [ 20.867562196404013, 52.226817947512963 ], [ 20.867562203105916, 52.226817955014887 ], [ 20.867562208616231, 52.226817962874044 ], [ 20.867562212885055, 52.22681797101928 ], [ 20.867562215873729, 52.226817979376797 ], [ 20.867562217555186, 52.226817987870945 ], [ 20.867562217914195, 52.226817996424764 ], [ 20.867562216947512, 52.226818004960812 ], [ 20.867562214663884, 52.22681801340179 ], [ 20.867562211083996, 52.226818021671249 ], [ 20.867562206240272, 52.226818029694279 ], [ 20.867562200176572, 52.226818037398246 ], [ 20.865543749365369, 52.229098543583646 ], [ 20.865543747887344, 52.229098545461262 ], [ 20.865543749520757, 52.229098547289674 ], [ 20.867750891431758, 52.23131225209098 ], [ 20.867750893340986, 52.231312253815737 ], [ 20.867750896736538, 52.23131225386124 ], [ 20.871976635469128, 52.231245292216343 ], [ 20.871976649401187, 52.231245292402612 ], [ 20.87197666324133, 52.231245293401194 ], [ 20.871976676864211, 52.23124529520306 ], [ 20.871976690146465, 52.231245297791901 ], [ 20.871976702967803, 52.231245301144234 ], [ 20.871976715212114, 52.231245305229749 ], [ 20.871976726768512, 52.231245310011417 ], [ 20.871976737532339, 52.231245315445946 ], [ 20.871976747406116, 52.231245321484124 ], [ 20.871976756300427, 52.23124532807126 ], [ 20.871976764134718, 52.23124533514769 ], [ 20.874184289995924, 52.233458872325073 ], [ 20.874184291905493, 52.233458874049724 ], [ 20.874184295301216, 52.233458874095064 ], [ 20.878410222322913, 52.233391680216748 ], [ 20.878410236255657, 52.233391680402249 ], [ 20.878410250096593, 52.233391681400064 ], [ 20.878410263720372, 52.233391683201177 ], [ 20.878410277003628, 52.233391685789279 ], [ 20.878410289826057, 52.233391689140909 ], [ 20.878410302071536, 52.233391693225748 ], [ 20.878410313629171, 52.23339169800677 ], [ 20.878410324394299, 52.233391703440688 ], [ 20.878410334269418, 52.233391709478312 ], [ 20.878410343165104, 52.233391716064958 ], [ 20.878410351000799, 52.233391723140926 ], [ 20.880618303180178, 52.235605135097614 ], [ 20.880618305090092, 52.235605136822144 ], [ 20.880618308485982, 52.235605136867299 ], [ 20.884844423732183, 52.235537710721651 ], [ 20.884844437665603, 52.235537710906378 ], [ 20.884844451507334, 52.235537711903426 ], [ 20.884844465132019, 52.235537713703785 ], [ 20.884844478416269, 52.235537716291148 ], [ 20.884844491239789, 52.235537719642068 ], [ 20.884844503486438, 52.235537723726232 ], [ 20.884844515045316, 52.235537728506614 ], [ 20.884844525811737, 52.235537733939935 ], [ 20.884844535688195, 52.235537739976998 ], [ 20.884844544585263, 52.235537746563125 ], [ 20.884844552422354, 52.235537753638674 ], [ 20.887052888617596, 52.237750997887581 ], [ 20.887052895324452, 52.237751005388326 ], [ 20.887052900839592, 52.237751013246509 ], [ 20.887052905113066, 52.237751021390984 ], [ 20.887052908106178, 52.237751029747962 ], [ 20.887052909791812, 52.237751038241747 ], [ 20.887052910154715, 52.237751046795481 ], [ 20.887052909191588, 52.237751055331643 ], [ 20.887052906911162, 52.237751063772933 ], [ 20.887052903334087, 52.237751072042954 ], [ 20.887052898492751, 52.237751080066744 ], [ 20.887052892431011, 52.237751087771692 ], [ 20.885034967547163, 52.240031918490693 ], [ 20.885034966069618, 52.240031920368544 ], [ 20.885034967704236, 52.240031922196664 ], [ 20.887243584506216, 52.242245201483094 ], [ 20.887243591213803, 52.242245208983817 ], [ 20.887243596729554, 52.242245216841994 ], [ 20.887243601003515, 52.242245224986448 ], [ 20.887243603996986, 52.242245233343404 ], [ 20.887243605682851, 52.242245241837196 ], [ 20.887243606045846, 52.242245250390908 ], [ 20.887243605082681, 52.24224525892707 ], [ 20.887243602802084, 52.242245267368375 ], [ 20.8872435992247, 52.242245275638375 ], [ 20.887243594382937, 52.242245283662179 ], [ 20.887243588320633, 52.242245291367126 ], [ 20.885225513930621, 52.244526081821064 ], [ 20.885225506701985, 52.244526089137253 ], [ 20.885225498373135, 52.24452609599853 ], [ 20.885225489019497, 52.244526102342753 ], [ 20.885225478725779, 52.244526108112481 ], [ 20.885225467585201, 52.244526113255453 ], [ 20.885225455698659, 52.244526117725094 ], [ 20.885225443173791, 52.244526121480916 ], [ 20.885225430124031, 52.244526124488914 ], [ 20.885225416667559, 52.244526126721858 ], [ 20.885225402926235, 52.244526128159514 ], [ 20.885225389024509, 52.24452612878887 ], [ 20.880998420823797, 52.244593576649685 ], [ 20.880998417435617, 52.244593576802949 ], [ 20.880998415673663, 52.244593578585992 ], [ 20.878979875997544, 52.246874309189046 ], [ 20.878979868767502, 52.246874316504858 ], [ 20.878979860437248, 52.246874323365709 ], [ 20.878979851082217, 52.246874329709456 ], [ 20.878979840787139, 52.246874335478658 ], [ 20.878979829645246, 52.246874340621041 ], [ 20.878979817757436, 52.246874345090049 ], [ 20.878979805231371, 52.246874348845225 ], [ 20.878979792180481, 52.246874351852547 ], [ 20.878979778722972, 52.246874354084788 ], [ 20.878979764980706, 52.246874355521719 ], [ 20.878979751078134, 52.24687435615035 ], [ 20.874752544598486, 52.246941582491957 ], [ 20.8747525412101, 52.24694158264505 ], [ 20.874752539447805, 52.246941584428001 ], [ 20.872733573117841, 52.249222211397807 ], [ 20.872733565886385, 52.24922221871325 ], [ 20.872733557554728, 52.249222225573661 ], [ 20.872733548198312, 52.249222231916931 ], [ 20.872733537901873, 52.249222237685579 ], [ 20.872733526758658, 52.249222242827393 ], [ 20.872733514869584, 52.249222247295791 ], [ 20.872733502342317, 52.249222251050313 ], [ 20.872733489290304, 52.249222254056946 ], [ 20.872733475831755, 52.24922225628849 ], [ 20.872733462088544, 52.249222257724703 ], [ 20.872733448185134, 52.249222258352596 ], [ 20.868506084538552, 52.249289261852546 ], [ 20.868506070600841, 52.249289261665943 ], [ 20.868506056755141, 52.249289260666998 ], [ 20.868506043126843, 52.249289258864792 ], [ 20.868506029839363, 52.249289256275617 ], [ 20.86850601701304, 52.249289252922956 ], [ 20.868506004764029, 52.249289248837137 ], [ 20.868505993203257, 52.249289244055198 ], [ 20.868505982435423, 52.249289238620399 ], [ 20.868505972558044, 52.249289232581972 ], [ 20.86850596366056, 52.24928922599463 ], [ 20.868505955823565, 52.24928921891803 ], [ 20.866297904146304, 52.247075585944202 ], [ 20.86629790223644, 52.247075584219445 ], [ 20.866297898839679, 52.247075584173892 ], [ 20.862070561610349, 52.247142357889416 ], [ 20.862070558221895, 52.247142358042147 ], [ 20.862070556459081, 52.247142359824913 ], [ 20.860050886552219, 52.249422819713786 ], [ 20.860050885073306, 52.249422821591331 ], [ 20.860050886707267, 52.249422823419806 ], [ 20.86225874978571, 52.251636574276958 ], [ 20.862258756490576, 52.251636581779117 ], [ 20.862258762003147, 52.25163658963848 ], [ 20.862258766273502, 52.251636597783857 ], [ 20.862258769262965, 52.251636606141474 ], [ 20.862258770944468, 52.251636614635657 ], [ 20.862258771302781, 52.251636623189476 ], [ 20.862258770334655, 52.251636631725461 ], [ 20.862258768048864, 52.251636640166318 ], [ 20.862258764466105, 52.251636648435607 ], [ 20.862258759618825, 52.25163665645843 ], [ 20.862258753550922, 52.251636664162135 ], [ 20.860238933715323, 52.253917083728979 ], [ 20.860238932236275, 52.253917085606524 ], [ 20.860238933870409, 52.253917087434999 ], [ 20.862447077430108, 52.256130873413788 ], [ 20.862447079340225, 52.256130875138602 ], [ 20.862447082737674, 52.256130875184269 ], [ 20.86667519247257, 52.256064081243508 ], [ 20.86667520641241, 52.256064081430317 ], [ 20.866675220260188, 52.256064082429447 ], [ 20.866675233890497, 52.256064084231852 ], [ 20.866675247179913, 52.256064086821212 ], [ 20.866675260008073, 52.256064090174057 ], [ 20.866675272258803, 52.25606409426004 ], [ 20.866675283821163, 52.256064099042142 ], [ 20.866675294590436, 52.25606410447709 ], [ 20.866675304469101, 52.256064110515631 ], [ 20.866675313367697, 52.256064117103108 ], [ 20.866675321205626, 52.256064124179822 ], [ 20.868883806968174, 52.258277700009167 ], [ 20.868883813675179, 52.258277707510921 ], [ 20.868883819189769, 52.258277715369942 ], [ 20.868883823461996, 52.25827772351505 ], [ 20.868883826453182, 52.258277731872482 ], [ 20.868883828136234, 52.258277740366552 ], [ 20.868883828495907, 52.258277748920321 ], [ 20.86888382752894, 52.258277757456341 ], [ 20.868883825244104, 52.258277765897311 ], [ 20.868883821662077, 52.258277774166793 ], [ 20.868883816815305, 52.258277782189857 ], [ 20.868883810747683, 52.258277789893889 ], [ 20.86686404046765, 52.260558320034093 ], [ 20.86686403898867, 52.260558321911709 ], [ 20.866864040623327, 52.260558323740099 ], [ 20.869072849404734, 52.2627719771153 ], [ 20.869072851315398, 52.262771978840014 ], [ 20.869072854713359, 52.262771978885468 ], [ 20.873301580084298, 52.262704941725431 ], [ 20.873301594026231, 52.262704941911444 ], [ 20.873301607876211, 52.262704942909764 ], [ 20.873301621508819, 52.262704944711381 ], [ 20.87330163480059, 52.262704947299966 ], [ 20.873301647631163, 52.262704950652058 ], [ 20.873301659884326, 52.262704954737323 ], [ 20.873301671449131, 52.262704959518764 ], [ 20.873301682220834, 52.262704964953066 ], [ 20.873301692101883, 52.262704970991038 ], [ 20.873301701002802, 52.262704977577975 ], [ 20.873301708842977, 52.262704984654214 ], [ 20.875510859961128, 52.264918427818621 ], [ 20.875510866670268, 52.264918435319977 ], [ 20.875510872186879, 52.264918443178658 ], [ 20.875510876460986, 52.26491845132351 ], [ 20.875510879453891, 52.264918459680743 ], [ 20.875510881138489, 52.264918468174685 ], [ 20.875510881499522, 52.264918476728418 ], [ 20.875510880533721, 52.264918485264481 ], [ 20.875510878249838, 52.264918493705544 ], [ 20.875510874668546, 52.26491850197521 ], [ 20.875510869822282, 52.264918509998552 ], [ 20.87551086375494, 52.26491851770291 ], [ 20.873491143224605, 52.26719915843983 ], [ 20.873491141745696, 52.267199160317531 ], [ 20.873491143380871, 52.267199162145815 ], [ 20.875700575350503, 52.269412640384679 ], [ 20.875700582060375, 52.269412647886007 ], [ 20.875700587577594, 52.269412655744674 ], [ 20.875700591852187, 52.269412663889504 ], [ 20.875700594845451, 52.269412672246723 ], [ 20.875700596530283, 52.269412680740651 ], [ 20.875700596891409, 52.269412689294377 ], [ 20.875700595925569, 52.269412697830433 ], [ 20.875700593641508, 52.26941270627151 ], [ 20.87570059005991, 52.269412714541176 ], [ 20.875700585213213, 52.269412722564518 ], [ 20.87570057914531, 52.26941273026889 ], [ 20.87368066994755, 52.271693374450422 ], [ 20.873680668468499, 52.27169337632813 ], [ 20.873680670103855, 52.271693378156407 ], [ 20.87589034062885, 52.273906849022879 ], [ 20.875890347339453, 52.273906856524192 ], [ 20.875890352857283, 52.27390686438283 ], [ 20.875890357132366, 52.273906872527647 ], [ 20.875890360125993, 52.273906880884851 ], [ 20.875890361811045, 52.273906889378772 ], [ 20.875890362172271, 52.273906897932484 ], [ 20.875890361206391, 52.273906906468532 ], [ 20.87589035892216, 52.273906914909624 ], [ 20.875890355340257, 52.273906923179283 ], [ 20.875890350493123, 52.273906931202639 ], [ 20.875890344424654, 52.273906938907018 ], [ 20.873870246512105, 52.276187586534235 ], [ 20.873870245032922, 52.276187588411936 ], [ 20.873870246668456, 52.276187590240212 ], [ 20.876080155813625, 52.278401053733212 ], [ 20.876080162524957, 52.27840106123449 ], [ 20.876080168043398, 52.278401069093107 ], [ 20.876080172318975, 52.278401077237909 ], [ 20.876080175312957, 52.278401085595107 ], [ 20.87608017699824, 52.278401094089013 ], [ 20.876080177359558, 52.278401102642718 ], [ 20.876080176393639, 52.278401111178759 ], [ 20.876080174109234, 52.278401119619836 ], [ 20.876080170527025, 52.278401127889509 ], [ 20.876080165679454, 52.278401135912858 ], [ 20.876080159610428, 52.278401143617266 ], [ 20.874059911678273, 52.280681750958294 ], [ 20.874059904442053, 52.280681758273822 ], [ 20.874059896104818, 52.280681765134354 ], [ 20.874059886742081, 52.280681771477752 ], [ 20.874059876438629, 52.280681777246564 ], [ 20.874059865287773, 52.280681782388534 ], [ 20.874059853390495, 52.28068178685713 ], [ 20.874059840854535, 52.280681790611844 ], [ 20.874059827793428, 52.280681793618719 ], [ 20.874059814325456, 52.280681795850477 ], [ 20.874059800572585, 52.280681797286938 ], [ 20.874059786659359, 52.280681797915079 ], [ 20.86982935217285, 52.280748878274409 ], [ 20.869829348781867, 52.280748878427389 ], [ 20.869829347018065, 52.280748880210282 ], [ 20.867808594093258, 52.283029471224701 ], [ 20.867808592613592, 52.283029473102346 ], [ 20.867808594249137, 52.283029474930693 ], [ 20.870018553213637, 52.285243049093367 ], [ 20.870018559925018, 52.285243056595 ], [ 20.870018565443274, 52.285243064453887 ], [ 20.870018569718429, 52.285243072598902 ], [ 20.870018572711775, 52.285243080956235 ], [ 20.870018574396191, 52.285243089450233 ], [ 20.870018574756433, 52.285243098003967 ], [ 20.870018573789231, 52.285243106539973 ], [ 20.870018571503348, 52.285243114980915 ], [ 20.870018567919487, 52.285243123250424 ], [ 20.870018563070101, 52.285243131273539 ], [ 20.870018556999106, 52.28524313897762 ], [ 20.867997653899309, 52.287523689692165 ], [ 20.867997652419511, 52.287523691569803 ], [ 20.86799765405523, 52.28752369339815 ], [ 20.870207894106585, 52.289737302650948 ], [ 20.870207896018478, 52.28973730437562 ], [ 20.870207899418503, 52.289737304421024 ], [ 20.874439189136105, 52.289670202448967 ], [ 20.874439203086506, 52.289670202634767 ], [ 20.874439216944936, 52.289670203632866 ], [ 20.874439230585892, 52.289670205434263 ], [ 20.874439243885842, 52.289670208022628 ], [ 20.874439256724337, 52.289670211374514 ], [ 20.874439268985114, 52.28967021545958 ], [ 20.87443928055713, 52.289670220240822 ], [ 20.874439291335595, 52.289670225674939 ], [ 20.874439301222889, 52.289670231712712 ], [ 20.874439310129482, 52.289670238299486 ], [ 20.874439317974705, 52.289670245375589 ], [ 20.876649900981135, 52.29188364429654 ], [ 20.876649907694656, 52.291883651797747 ], [ 20.876649913214937, 52.291883659656307 ], [ 20.876649917491974, 52.291883667801052 ], [ 20.87664992048704, 52.291883676158207 ], [ 20.876649922173009, 52.291883684652078 ], [ 20.876649922534611, 52.291883693205776 ], [ 20.876649921568575, 52.291883701741803 ], [ 20.876649919283647, 52.29188371018288 ], [ 20.876649915700522, 52.291883718452546 ], [ 20.876649910851647, 52.291883726475938 ], [ 20.876649904780937, 52.291883734180345 ], [ 20.874629090288771, 52.294164351867941 ], [ 20.8746290830505, 52.294164359183505 ], [ 20.874629074710874, 52.294164366044086 ], [ 20.874629065345427, 52.294164372387542 ], [ 20.874629055038962, 52.294164378156417 ], [ 20.874629043884823, 52.294164383298472 ], [ 20.874629031984025, 52.29416438776714 ], [ 20.874629019444342, 52.29416439152196 ], [ 20.87462900637933, 52.294164394528906 ], [ 20.874628992907311, 52.29416439676077 ], [ 20.874628979150295, 52.294164398197324 ], [ 20.874628965232858, 52.294164398825572 ], [ 20.870397247731244, 52.294231511607236 ], [ 20.870397244339234, 52.294231511760245 ], [ 20.870397242574935, 52.294231513543146 ], [ 20.868375922731467, 52.296512114856178 ], [ 20.868375921251392, 52.29651211673383 ], [ 20.86837592288747, 52.296512118562156 ], [ 20.870586598153899, 52.29872567065248 ], [ 20.870586604867469, 52.298725678154028 ], [ 20.870586610387566, 52.298725686012872 ], [ 20.870586614664187, 52.298725694157817 ], [ 20.87058661765861, 52.298725702515128 ], [ 20.870586619343712, 52.298725711009091 ], [ 20.870586619704238, 52.298725719562803 ], [ 20.870586618736915, 52.298725728098788 ], [ 20.870586616450513, 52.298725736539744 ], [ 20.870586612865733, 52.298725744809239 ], [ 20.870586608015039, 52.298725752832389 ], [ 20.87058660194236, 52.298725760536506 ], [ 20.868565131792394, 52.301006321552677 ], [ 20.868565130312184, 52.301006323430322 ], [ 20.86856513194844, 52.301006325258648 ], [ 20.870776088510127, 52.303219912435345 ], [ 20.870776090422638, 52.303219914160003 ], [ 20.870776093823697, 52.303219914205378 ], [ 20.87500866723046, 52.303152779797927 ], [ 20.875008681185101, 52.303152779983606 ], [ 20.875008695047757, 52.30315278098162 ], [ 20.875008708692896, 52.303152782782902 ], [ 20.875008721996938, 52.303152785371154 ], [ 20.875008734839405, 52.30315278872294 ], [ 20.875008747103987, 52.303152792807886 ], [ 20.875008758679616, 52.303152797589028 ], [ 20.875008769461463, 52.303152803023046 ], [ 20.875008779351887, 52.303152809060741 ], [ 20.875008788261319, 52.303152815647422 ], [ 20.875008796109068, 52.303152822723455 ], [ 20.877220095935492, 52.305366199507738 ], [ 20.877220102651208, 52.305366207008881 ], [ 20.877220108173326, 52.305366214867377 ], [ 20.87722011245183, 52.305366223012065 ], [ 20.877220115447976, 52.30536623136917 ], [ 20.87722011713463, 52.305366239863027 ], [ 20.87722011749652, 52.305366248416682 ], [ 20.877220116530367, 52.305366256952716 ], [ 20.877220114244917, 52.305366265393786 ], [ 20.877220110660872, 52.305366273663466 ], [ 20.877220105810689, 52.305366281686865 ], [ 20.877220099738292, 52.305366289391301 ], [ 20.875198679494911, 52.307646961168473 ], [ 20.875198678014769, 52.307646963046203 ], [ 20.875198679651547, 52.307646964874422 ], [ 20.877410260954562, 52.30986037672195 ], [ 20.87741026767101, 52.309860384223079 ], [ 20.877410273193739, 52.309860392081561 ], [ 20.87741027747273, 52.309860400226214 ], [ 20.877410280469238, 52.309860408583312 ], [ 20.877410282156124, 52.30986041707714 ], [ 20.877410282518106, 52.309860425630809 ], [ 20.877410281551914, 52.309860434166822 ], [ 20.877410279266289, 52.309860442607892 ], [ 20.877410275681942, 52.309860450877601 ], [ 20.877410270831319, 52.309860458900992 ], [ 20.877410264758364, 52.30986046660545 ], [ 20.875388694188697, 52.312141098103481 ], [ 20.875388686947691, 52.312141105419101 ], [ 20.875388678604878, 52.312141112279747 ], [ 20.875388669235811, 52.312141118623288 ], [ 20.875388658925328, 52.312141124392241 ], [ 20.875388647766815, 52.312141129534403 ], [ 20.875388635861317, 52.312141134003177 ], [ 20.875388623316656, 52.312141137758104 ], [ 20.875388610246432, 52.312141140765185 ], [ 20.875388596769021, 52.312141142997177 ], [ 20.875388583006469, 52.312141144433873 ], [ 20.875388569083416, 52.31214114506227 ], [ 20.87115513932174, 52.312208301104214 ], [ 20.871155135928362, 52.31220830125725 ], [ 20.871155134163395, 52.312208303040165 ], [ 20.869133057763658, 52.314488918099705 ], [ 20.869133056283037, 52.31448891997735 ], [ 20.869133057919825, 52.314488921805669 ], [ 20.871344731576279, 52.316702486896332 ], [ 20.871344733489401, 52.316702488620962 ], [ 20.871344736891494, 52.316702488666323 ], [ 20.875578676186805, 52.316635320514415 ], [ 20.875578679580499, 52.316635320361257 ], [ 20.875578681345459, 52.316635318578271 ], [ 20.877600479824761, 52.314354639891441 ], [ 20.877600487065749, 52.314354632575686 ], [ 20.877600495408622, 52.314354625714891 ], [ 20.877600504777831, 52.31435461937118 ], [ 20.877600515088524, 52.314354613602021 ], [ 20.877600526247328, 52.314354608459666 ], [ 20.877600538153185, 52.314354603990651 ], [ 20.877600550698279, 52.31435460023549 ], [ 20.87760056376899, 52.31435459722816 ], [ 20.877600577246955, 52.314354594995905 ], [ 20.877600591010111, 52.314354593558953 ], [ 20.877600604933821, 52.314354592930293 ], [ 20.881834142654053, 52.314287205268464 ], [ 20.881834156612204, 52.314287205453311 ], [ 20.881834170478484, 52.314287206450473 ], [ 20.881834184127314, 52.314287208250938 ], [ 20.88183419743509, 52.314287210838373 ], [ 20.881834210281298, 52.31428721418937 ], [ 20.881834222549593, 52.314287218273591 ], [ 20.881834234128878, 52.314287223054002 ], [ 20.881834244914288, 52.314287228487359 ], [ 20.881834254808147, 52.314287234524443 ], [ 20.881834263720854, 52.314287241110556 ], [ 20.881834271571702, 52.314287248186091 ], [ 20.884046520355938, 52.316500527061422 ], [ 20.884046522269546, 52.316500528785831 ], [ 20.884046525671625, 52.316500528830822 ], [ 20.888280333651664, 52.316432906933493 ], [ 20.8882803476105, 52.316432907117573 ], [ 20.888280361477573, 52.31643290811396 ], [ 20.888280375127309, 52.316432909913672 ], [ 20.88828038843609, 52.316432912500382 ], [ 20.888280401283392, 52.316432915850655 ], [ 20.888280413552863, 52.316432919934179 ], [ 20.888280425133395, 52.316432924713965 ], [ 20.888280435920109, 52.316432930146718 ], [ 20.888280445815315, 52.316432936183233 ], [ 20.888280454729408, 52.316432942768856 ], [ 20.888280462581658, 52.316432949843936 ], [ 20.890493097318863, 52.318646060645612 ], [ 20.890493104038871, 52.318646068145938 ], [ 20.890493109565039, 52.318646076003773 ], [ 20.890493113847313, 52.318646084147929 ], [ 20.890493116846912, 52.318646092504657 ], [ 20.890493118536671, 52.318646100998251 ], [ 20.890493118901293, 52.318646109551828 ], [ 20.890493117937471, 52.318646118087926 ], [ 20.890493115653939, 52.318646126529224 ], [ 20.890493112071368, 52.31864613479928 ], [ 20.890493107222209, 52.318646142823198 ], [ 20.890493101150373, 52.318646150528309 ], [ 20.888471781305224, 52.320927043897647 ], [ 20.88847177982522, 52.320927045775541 ], [ 20.888471781463046, 52.320927047603575 ], [ 20.890684740494141, 52.323140235858538 ], [ 20.890684742408297, 52.323140237582841 ], [ 20.890684745810887, 52.323140237627648 ], [ 20.894919171291185, 52.323072371817901 ], [ 20.894919185252114, 52.323072372001164 ], [ 20.8949191991214, 52.323072372996762 ], [ 20.894919212773438, 52.323072374795679 ], [ 20.894919226084593, 52.323072377381607 ], [ 20.894919238934314, 52.323072380731141 ], [ 20.894919251206229, 52.323072384813941 ], [ 20.894919262789212, 52.323072389593044 ], [ 20.89491927357836, 52.323072395025157 ], [ 20.894919283475961, 52.323072401061097 ], [ 20.894919292392387, 52.323072407646194 ], [ 20.894919300246887, 52.323072414720805 ], [ 20.897132645390677, 52.325285434834747 ], [ 20.897132647305177, 52.325285436558943 ], [ 20.897132650707935, 52.325285436603558 ], [ 20.901367265182131, 52.325217337743275 ], [ 20.901367279143745, 52.325217337925771 ], [ 20.901367293013827, 52.325217338920609 ], [ 20.901367306666771, 52.325217340718773 ], [ 20.901367319978927, 52.325217343303969 ], [ 20.901367332829743, 52.325217346652778 ], [ 20.901367345102834, 52.325217350734896 ], [ 20.901367356687064, 52.325217355513352 ], [ 20.901367367477512, 52.325217360944862 ], [ 20.901367377376467, 52.325217366980247 ], [ 20.901367386294279, 52.32521737356484 ], [ 20.901367394150185, 52.325217380639003 ], [ 20.903581167886401, 52.327430275005028 ], [ 20.903581169801239, 52.327430276729118 ], [ 20.903581173204163, 52.327430276773534 ], [ 20.90781605781261, 52.327361943516905 ], [ 20.907816061206994, 52.327361943362789 ], [ 20.907816062971062, 52.327361941579348 ], [ 20.909836664020627, 52.325080726276887 ], [ 20.909836671257953, 52.325080718959207 ], [ 20.909836679597756, 52.325080712096167 ], [ 20.909836688964514, 52.325080705749933 ], [ 20.909836699273399, 52.325080699977995 ], [ 20.909836710431051, 52.325080694832593 ], [ 20.909836722336429, 52.325080690360352 ], [ 20.909836734881715, 52.325080686601787 ], [ 20.909836747953293, 52.325080683590876 ], [ 20.909836761432786, 52.325080681354926 ], [ 20.909836775198119, 52.325080679914194 ], [ 20.90983678912464, 52.325080679281712 ], [ 20.914071271558839, 52.325012126578159 ], [ 20.914071285520404, 52.325012126759155 ], [ 20.91407129939067, 52.325012127752501 ], [ 20.914071313044023, 52.325012129549179 ], [ 20.914071326356826, 52.32501213213294 ], [ 20.914071339208505, 52.325012135480357 ], [ 20.914071351482676, 52.325012139561153 ], [ 20.914071363068185, 52.325012144338345 ], [ 20.914071373860111, 52.325012149768689 ], [ 20.914071383760717, 52.325012155802987 ], [ 20.914071392680352, 52.325012162386599 ], [ 20.914071400538226, 52.32501216945991 ], [ 20.916285791721464, 52.327224819698223 ], [ 20.916285793636785, 52.327224821422092 ], [ 20.916285797039695, 52.327224821466146 ], [ 20.92052054942603, 52.327156034334543 ], [ 20.920520563388273, 52.327156034514779 ], [ 20.920520577259335, 52.327156035507343 ], [ 20.920520590913593, 52.327156037303276 ], [ 20.920520604227399, 52.327156039886312 ], [ 20.920520617080172, 52.327156043233025 ], [ 20.920520629355519, 52.327156047313125 ], [ 20.920520640942271, 52.327156052089663 ], [ 20.920520651735501, 52.327156057519403 ], [ 20.920520661637461, 52.327156063553147 ], [ 20.920520670558478, 52.327156070136269 ], [ 20.920520678417759, 52.327156077209111 ], [ 20.922735455749923, 52.3293685591551 ], [ 20.922735462477011, 52.329368566653528 ], [ 20.922735468010234, 52.329368574509758 ], [ 20.922735472299486, 52.329368582652663 ], [ 20.92273547530592, 52.329368591008482 ], [ 20.922735477002313, 52.329368599501549 ], [ 20.922735477373291, 52.329368608054956 ], [ 20.9227354764155, 52.329368616591232 ], [ 20.922735474137625, 52.329368625033077 ], [ 20.92273547056028, 52.329368633304064 ], [ 20.922735465715864, 52.329368641329239 ], [ 20.922735459648258, 52.329368649035949 ], [ 20.92071533835885, 52.331650078899884 ], [ 20.920715336879873, 52.331650080778161 ], [ 20.920715338519422, 52.331650082605726 ], [ 20.922930398313085, 52.333862599451869 ], [ 20.922930405040905, 52.333862606950262 ], [ 20.92293041057475, 52.333862614806478 ], [ 20.922930414864489, 52.333862622949368 ], [ 20.922930417871289, 52.333862631305159 ], [ 20.922930419567908, 52.33386263979822 ], [ 20.922930419938989, 52.333862648351634 ], [ 20.92293041898116, 52.333862656887902 ], [ 20.92293041670311, 52.333862665329747 ], [ 20.922930413125464, 52.333862673600727 ], [ 20.922930408280614, 52.333862681625916 ], [ 20.922930402212447, 52.333862689332626 ], [ 20.920910092190109, 52.336144122773362 ], [ 20.920910090710997, 52.336144124651653 ], [ 20.920910092350727, 52.336144126479212 ], [ 20.923125392202426, 52.338356635797027 ], [ 20.923125398930981, 52.338356643295398 ], [ 20.923125404465441, 52.338356651151599 ], [ 20.923125408755677, 52.338356659294469 ], [ 20.923125411762836, 52.338356667650253 ], [ 20.923125413459687, 52.338356676143299 ], [ 20.923125413830864, 52.338356684696691 ], [ 20.923125412873002, 52.33835669323296 ], [ 20.923125410594782, 52.338356701674805 ], [ 20.92312540701683, 52.338356709945785 ], [ 20.923125402171546, 52.338356717970981 ], [ 20.923125396102815, 52.338356725677713 ], [ 20.921104897300186, 52.340638162696351 ], [ 20.921104895820939, 52.340638164574635 ], [ 20.921104897460847, 52.340638166402179 ], [ 20.923320437435937, 52.342850668190557 ], [ 20.923320444165224, 52.342850675688886 ], [ 20.923320449700299, 52.342850683545059 ], [ 20.923320453991028, 52.342850691687921 ], [ 20.923320456998553, 52.342850700043698 ], [ 20.923320458695638, 52.342850708536723 ], [ 20.923320459066911, 52.342850717090109 ], [ 20.923320458109011, 52.342850725626377 ], [ 20.92332045583062, 52.342850734068222 ], [ 20.923320452252359, 52.342850742339202 ], [ 20.923320447406642, 52.342850750364406 ], [ 20.923320441337353, 52.342850758071151 ], [ 20.921299792457305, 52.345132154920677 ], [ 20.921299785218704, 52.345132162239061 ], [ 20.921299776877003, 52.345132169102904 ], [ 20.921299767507747, 52.345132175450047 ], [ 20.921299757195783, 52.345132181223008 ], [ 20.921299746034499, 52.345132186369497 ], [ 20.921299734124972, 52.345132190842925 ], [ 20.92129972157506, 52.345132194602762 ], [ 20.921299708498413, 52.345132197614973 ], [ 20.92129969501346, 52.345132199852273 ], [ 20.921299681242321, 52.34513220129439 ], [ 20.921299667309704, 52.345132201928287 ], [ 20.917063199534017, 52.34520103341152 ], [ 20.917063196138308, 52.345201033565885 ], [ 20.917063194373927, 52.345201035349483 ], [ 20.915042077674773, 52.347482372184416 ], [ 20.915042070434751, 52.347482379502431 ], [ 20.91504206209164, 52.347482386365847 ], [ 20.915042052720985, 52.347482392712507 ], [ 20.915042042407649, 52.347482398484928 ], [ 20.915042031245036, 52.347482403630835 ], [ 20.915042019334241, 52.34748240810363 ], [ 20.915042006783118, 52.347482411862813 ], [ 20.915041993705341, 52.347482414874349 ], [ 20.915041980219339, 52.347482417110946 ], [ 20.915041966447244, 52.347482418552346 ], [ 20.915041952513782, 52.347482419185503 ], [ 20.910805244596755, 52.347551028458561 ], [ 20.91080524120084, 52.347551028612749 ], [ 20.910805239436115, 52.347551030396239 ], [ 20.908783654832082, 52.349832307166537 ], [ 20.90878365335201, 52.349832309044672 ], [ 20.908783654991765, 52.349832310872387 ], [ 20.910999057179882, 52.352045041997833 ], [ 20.910999063908545, 52.352045049496887 ], [ 20.910999069442642, 52.352045057353621 ], [ 20.910999073732047, 52.352045065496931 ], [ 20.910999076737927, 52.352045073853027 ], [ 20.910999078433047, 52.352045082346251 ], [ 20.910999078802067, 52.352045090899672 ], [ 20.910999077841641, 52.352045099435855 ], [ 20.910999075560461, 52.35204510787748 ], [ 20.910999071979198, 52.352045116148112 ], [ 20.91099906713027, 52.352045124172825 ], [ 20.910999061057602, 52.352045131878953 ], [ 20.908977326115643, 52.354326368452362 ], [ 20.908977324635437, 52.354326370330497 ], [ 20.908977326275366, 52.354326372158219 ], [ 20.911193011111582, 52.356539138221102 ], [ 20.911193013027997, 52.356539139945042 ], [ 20.911193016433163, 52.356539139989209 ], [ 20.915430582852192, 52.356470508597994 ], [ 20.915430596823679, 52.356470508778735 ], [ 20.91543061070384, 52.356470509771803 ], [ 20.915430624366977, 52.356470511568226 ], [ 20.915430637689351, 52.356470514151738 ], [ 20.91543065055032, 52.356470517498899 ], [ 20.915430662833405, 52.356470521579446 ], [ 20.91543067442737, 52.356470526356397 ], [ 20.915430685227221, 52.356470531786513 ], [ 20.915430695135157, 52.356470537820599 ], [ 20.915430704061443, 52.356470544404011 ], [ 20.915430711925243, 52.35647055147713 ], [ 20.917646783640773, 52.358683149145243 ], [ 20.917646785557537, 52.358683150869076 ], [ 20.917646788962866, 52.358683150913052 ], [ 20.921884544464667, 52.35861428614259 ], [ 20.921884558436837, 52.358614286322549 ], [ 20.92188457231779, 52.358614287314857 ], [ 20.921884585981836, 52.358614289110527 ], [ 20.921884599305216, 52.358614291693293 ], [ 20.921884612167279, 52.358614295039743 ], [ 20.92188462445154, 52.358614299119616 ], [ 20.921884636046759, 52.358614303895912 ], [ 20.921884646847918, 52.358614309325418 ], [ 20.9218846567572, 52.358614315358949 ], [ 20.921884665684875, 52.358614321941857 ], [ 20.921884673550085, 52.35861432901455 ], [ 20.924101174676949, 52.36082680067279 ], [ 20.924101176594057, 52.360826802396517 ], [ 20.924101179999553, 52.360826802440307 ], [ 20.928339124518672, 52.360757704256507 ], [ 20.92833913849152, 52.360757704435727 ], [ 20.92833915237328, 52.360757705427247 ], [ 20.928339166038224, 52.36075770722217 ], [ 20.928339179362613, 52.36075770980419 ], [ 20.928339192225771, 52.360757713149944 ], [ 20.928339204511211, 52.36075771722912 ], [ 20.928339216107677, 52.36075772200477 ], [ 20.92833922691014, 52.360757727433672 ], [ 20.928339236820776, 52.360757733466649 ], [ 20.928339245749839, 52.360757740049053 ], [ 20.928339253616457, 52.360757747121269 ], [ 20.930556141688562, 52.362970050300405 ], [ 20.930556148422212, 52.362970057798272 ], [ 20.93055615396117, 52.362970065654054 ], [ 20.930556158255268, 52.362970073796582 ], [ 20.930556161265617, 52.362970082152103 ], [ 20.930556162964955, 52.362970090644993 ], [ 20.930556163337897, 52.362970099198314 ], [ 20.930556162381059, 52.362970107734604 ], [ 20.930556160103116, 52.362970116176562 ], [ 20.930556156524684, 52.362970124447742 ], [ 20.930556151678179, 52.362970132473215 ], [ 20.93055614560749, 52.362970140180323 ], [ 20.928534942699407, 52.365251702487832 ], [ 20.928534941219681, 52.365251704366202 ], [ 20.928534942860832, 52.365251706193632 ], [ 20.930752156523749, 52.367464086663773 ], [ 20.930752158441408, 52.367464088387393 ], [ 20.930752161847415, 52.367464088430985 ], [ 20.93499080615867, 52.367394744292817 ], [ 20.934990809556005, 52.367394744137918 ], [ 20.934990811320517, 52.367394742354072 ], [ 20.93701177360872, 52.365113072675861 ], [ 20.937011780847879, 52.365113065356532 ], [ 20.937011789190802, 52.365113058491588 ], [ 20.93701179856193, 52.365113052143201 ], [ 20.937011808876392, 52.365113046368862 ], [ 20.937011820040787, 52.365113041220866 ], [ 20.937011831954006, 52.365113036745839 ], [ 20.937011844508163, 52.365113032984297 ], [ 20.93701185758956, 52.365113029970317 ], [ 20.937011871079729, 52.365113027731169 ], [ 20.93701188485651, 52.365113026287176 ], [ 20.937011898795131, 52.365113025651368 ], [ 20.941250139879049, 52.365043461871259 ], [ 20.941250153853264, 52.365043462048938 ], [ 20.941250167736619, 52.365043463038937 ], [ 20.941250181403376, 52.365043464832333 ], [ 20.941250194729776, 52.365043467412875 ], [ 20.941250207595129, 52.3650434707572 ], [ 20.941250219882924, 52.365043474835005 ], [ 20.941250231481877, 52.365043479609369 ], [ 20.941250242286955, 52.365043485037063 ], [ 20.941250252200298, 52.365043491068917 ], [ 20.941250261132133, 52.365043497650312 ], [ 20.941250269001571, 52.365043504721648 ], [ 20.94346805864701, 52.367255598072965 ], [ 20.943468060565149, 52.367255599796366 ], [ 20.943468063971146, 52.367255599839595 ], [ 20.947706575149155, 52.367185801211512 ], [ 20.947706589124053, 52.367185801388395 ], [ 20.9477066030082, 52.367185802377648 ], [ 20.947706616675866, 52.36718580417029 ], [ 20.947706630003271, 52.367185806750093 ], [ 20.947706642869719, 52.367185810093687 ], [ 20.94770665515869, 52.367185814170803 ], [ 20.947706666758894, 52.367185818944535 ], [ 20.947706677565275, 52.36718582437161 ], [ 20.947706687479972, 52.367185830402917 ], [ 20.947706696413196, 52.367185836983808 ], [ 20.947706704284045, 52.367185844054696 ], [ 20.949924923530453, 52.369397811211236 ], [ 20.949924925448933, 52.369397812934523 ], [ 20.949924928855093, 52.369397812977574 ], [ 20.954163710068499, 52.369327779455588 ], [ 20.954163713465899, 52.369327779300122 ], [ 20.954163715229708, 52.369327777515991 ], [ 20.95618376629092, 52.367045789468222 ], [ 20.956183773527183, 52.367045782147756 ], [ 20.956183781867452, 52.367045775281483 ], [ 20.956183791236189, 52.367045768931597 ], [ 20.956183801548555, 52.367045763155609 ], [ 20.956183812711156, 52.367045758005823 ], [ 20.956183824622897, 52.36704575352887 ], [ 20.956183837175914, 52.367045749765317 ], [ 20.956183850256519, 52.367045746749213 ], [ 20.956183863746251, 52.367045744507891 ], [ 20.956183877522943, 52.367045743061652 ], [ 20.956183891461837, 52.367045742423571 ], [ 20.960422269169367, 52.366975489332965 ], [ 20.960422283144212, 52.366975489508363 ], [ 20.96042229702854, 52.36697549049611 ], [ 20.960422310696615, 52.366975492287274 ], [ 20.960422324024659, 52.366975494865628 ], [ 20.960422336891973, 52.366975498207843 ], [ 20.960422349182021, 52.366975502283616 ], [ 20.960422360783507, 52.36697550705609 ], [ 20.960422371591363, 52.366975512481972 ], [ 20.960422381507716, 52.366975518512199 ], [ 20.960422390442762, 52.366975525092123 ], [ 20.960422398315579, 52.366975532162144 ], [ 20.962641235843314, 52.3691872544481 ], [ 20.962641237762277, 52.36918725617118 ], [ 20.962641241168427, 52.369187256213856 ], [ 20.966879970007692, 52.369116766844648 ], [ 20.966879973405025, 52.369116766688819 ], [ 20.966879975168304, 52.369116764904518 ], [ 20.968899355593418, 52.366834565962186 ], [ 20.968899362827528, 52.36683455864096 ], [ 20.968899371165765, 52.366834551773806 ], [ 20.968899380532605, 52.366834545422932 ], [ 20.968899390843234, 52.366834539645858 ], [ 20.968899402004268, 52.366834534494885 ], [ 20.968899413914635, 52.366834530016668 ], [ 20.968899426466475, 52.366834526251772 ], [ 20.968899439546114, 52.366834523234274 ], [ 20.9688994530351, 52.366834520991503 ], [ 20.968899466811273, 52.366834519543787 ], [ 20.968899480749879, 52.366834518904213 ], [ 20.973137887199659, 52.366763808669624 ], [ 20.973137890596782, 52.366763808513618 ], [ 20.97313789235972, 52.366763806729224 ], [ 20.975156881933582, 52.364481460477244 ], [ 20.975156883411287, 52.364481458598306 ], [ 20.97515688176826, 52.36448145677155 ], [ 20.972937667313381, 52.362269971763034 ], [ 20.972937660572725, 52.362269964267654 ], [ 20.972937655026392, 52.362269956413954 ], [ 20.972937650724614, 52.362269948273031 ], [ 20.972937647706349, 52.362269939918654 ], [ 20.972937645998925, 52.362269931426468 ], [ 20.972937645617808, 52.362269922873352 ], [ 20.972937646566454, 52.3622699143368 ], [ 20.972937648836265, 52.362269905894109 ], [ 20.972937652406689, 52.362269897621736 ], [ 20.972937657245396, 52.362269889594593 ], [ 20.972937663308553, 52.362269881885382 ], [ 20.974956387105436, 52.35998762688078 ], [ 20.974956394337443, 52.359987619559199 ], [ 20.974956402673463, 52.359987612691647 ], [ 20.974956412038004, 52.359987606340304 ], [ 20.974956422346256, 52.359987600562718 ], [ 20.974956433504868, 52.359987595411191 ], [ 20.974956445412783, 52.359987590932377 ], [ 20.974956457962161, 52.359987587166856 ], [ 20.974956471039363, 52.359987584148705 ], [ 20.974956484525947, 52.359987581905266 ], [ 20.974956498299779, 52.359987580456874 ], [ 20.974956512236123, 52.359987579816604 ], [ 20.979194166824936, 52.359916660198628 ], [ 20.979194180797563, 52.359916660371816 ], [ 20.979194194680034, 52.359916661357374 ], [ 20.979194208346627, 52.359916663146372 ], [ 20.979194221673573, 52.359916665722643 ], [ 20.979194234540181, 52.359916669062812 ], [ 20.979194246829927, 52.359916673136667 ], [ 20.979194258431516, 52.359916677907279 ], [ 20.97919426923988, 52.35991668333147 ], [ 20.979194279157145, 52.359916689360105 ], [ 20.979194288093488, 52.359916695938594 ], [ 20.979194295967986, 52.359916703007357 ], [ 20.981413698717066, 52.362128069367976 ], [ 20.981413700636438, 52.362128071090758 ], [ 20.981413704042044, 52.362128071132908 ], [ 20.9856516281307, 52.362056916588138 ], [ 20.985651642104006, 52.362056916760551 ], [ 20.985651655987276, 52.362056917745342 ], [ 20.985651669654771, 52.362056919533593 ], [ 20.98565168298272, 52.362056922109119 ], [ 20.985651695850422, 52.36205692544857 ], [ 20.985651708141344, 52.362056929521721 ], [ 20.98565171974418, 52.362056934291694 ], [ 20.985651730553851, 52.362056939715281 ], [ 20.985651740472463, 52.362056945743369 ], [ 20.985651749410199, 52.362056952321346 ], [ 20.985651757286103, 52.362056959389662 ], [ 20.987871589467971, 52.364268199360659 ], [ 20.987871591387684, 52.36426820108332 ], [ 20.987871594793461, 52.364268201125277 ], [ 20.992109707054112, 52.364196812978243 ], [ 20.992109721028104, 52.364196813149903 ], [ 20.992109734912166, 52.364196814133919 ], [ 20.992109748580564, 52.364196815921417 ], [ 20.992109761909514, 52.364196818496204 ], [ 20.992109774778314, 52.364196821834931 ], [ 20.992109787070408, 52.364196825907406 ], [ 20.992109798674491, 52.364196830676725 ], [ 20.99210980948547, 52.364196836099708 ], [ 20.992109819405432, 52.364196842127235 ], [ 20.992109828344553, 52.364196848704715 ], [ 20.992109836221868, 52.364196855772576 ], [ 20.994330097883669, 52.366407969307708 ], [ 20.994330099803726, 52.366407971030249 ], [ 20.994330103209666, 52.366407971072022 ], [ 20.99856848484912, 52.366336347913901 ], [ 20.998568488246097, 52.366336347757169 ], [ 20.99856849000798, 52.366336345972385 ], [ 21.000586099208771, 52.364053622195989 ], [ 21.000586106437144, 52.364053614872866 ], [ 21.000586114769892, 52.364053608003537 ], [ 21.000586124131544, 52.364053601650198 ], [ 21.000586134437324, 52.364053595870402 ], [ 21.000586145593896, 52.364053590716466 ], [ 21.000586157500233, 52.364053586235094 ], [ 21.000586170048503, 52.364053582466866 ], [ 21.000586183125073, 52.36405357944588 ], [ 21.000586196611511, 52.364053577199527 ], [ 21.000586210385688, 52.36405357574813 ], [ 21.000586224322859, 52.364053575104826 ], [ 21.004824201944135, 52.363981732608011 ], [ 21.004824215918067, 52.363981732778157 ], [ 21.004824229802303, 52.363981733760681 ], [ 21.004824243471109, 52.363981735546702 ], [ 21.004824256800696, 52.363981738120039 ], [ 21.004824269670351, 52.36398174145738 ], [ 21.004824281963526, 52.363981745528513 ], [ 21.004824293568884, 52.363981750296574 ], [ 21.004824304381334, 52.363981755718385 ], [ 21.004824314302951, 52.363981761744817 ], [ 21.004824323243888, 52.363981768321317 ], [ 21.004824331123174, 52.363981775388311 ], [ 21.007045210295946, 52.366192643710654 ], [ 21.007045212216486, 52.366192645433003 ], [ 21.007045215622412, 52.366192645474399 ], [ 21.011283543711013, 52.366120566551459 ], [ 21.011283547107922, 52.366120566394365 ], [ 21.011283548869283, 52.36612056460941 ], [ 21.013300525702448, 52.363837586585639 ], [ 21.013300527178504, 52.363837584706239 ], [ 21.013300525533943, 52.363837582880031 ], [ 21.011079458490162, 52.361626833294402 ], [ 21.011079451743207, 52.361626825801267 ], [ 21.011079446190241, 52.361626817949421 ], [ 21.011079441881552, 52.361626809809955 ], [ 21.011079438856161, 52.361626801456623 ], [ 21.011079437141468, 52.361626792965062 ], [ 21.011079436752997, 52.361626784412152 ], [ 21.011079437694271, 52.361626775875365 ], [ 21.011079439956756, 52.361626767432014 ], [ 21.011079443519979, 52.361626759158554 ], [ 21.011079448351655, 52.361626751129918 ], [ 21.011079454408033, 52.361626743418825 ], [ 21.013096166077478, 52.359343856766195 ], [ 21.013096173303015, 52.35934384944234 ], [ 21.013096181632928, 52.359343842572144 ], [ 21.013096190991781, 52.359343836217839 ], [ 21.013096201294818, 52.35934383043697 ], [ 21.013096212448733, 52.35934382528189 ], [ 21.013096224352516, 52.359343820799275 ], [ 21.01309623689836, 52.359343817029732 ], [ 21.013096249972655, 52.359343814007389 ], [ 21.01309626345699, 52.359343811759615 ], [ 21.013096277229259, 52.359343810306783 ], [ 21.013096291164729, 52.359343809662036 ], [ 21.017333785699535, 52.359271523112319 ], [ 21.017333799671984, 52.359271523281002 ], [ 21.017333813554981, 52.359271524262077 ], [ 21.017333827222792, 52.359271526046648 ], [ 21.017333840551647, 52.359271528618592 ], [ 21.017333853420826, 52.35927153195459 ], [ 21.017333865713795, 52.35927153602443 ], [ 21.017333877319221, 52.359271540791248 ], [ 21.017333888132004, 52.359271546211907 ], [ 21.017333898054222, 52.359271552237288 ], [ 21.017333906996022, 52.359271558812843 ], [ 21.017333914876421, 52.359271565878991 ], [ 21.019555127081876, 52.361482154331689 ], [ 21.019555133830227, 52.361482161824341 ], [ 21.019555139384664, 52.361482169675774 ], [ 21.019555143694891, 52.361482177814906 ], [ 21.01955514672186, 52.361482186168004 ], [ 21.019555148438176, 52.361482194659438 ], [ 21.019555148828278, 52.361482203212297 ], [ 21.019555147888646, 52.361482211749134 ], [ 21.019555145627784, 52.361482220192627 ], [ 21.019555142066167, 52.361482228466336 ], [ 21.019555137236047, 52.361482236495284 ], [ 21.019555131181175, 52.361482244206805 ], [ 21.017538622464809, 52.363765281727481 ], [ 21.017538620988937, 52.363765283606924 ], [ 21.017538622633669, 52.363765285433082 ], [ 21.019760161716647, 52.365975950830119 ], [ 21.019760163637663, 52.365975952552247 ], [ 21.019760167043572, 52.365975952593274 ], [ 21.023998359972033, 52.365903419311103 ], [ 21.023998373946583, 52.365903419478975 ], [ 21.023998387831789, 52.365903420459233 ], [ 21.023998401501899, 52.365903422243022 ], [ 21.02399841483313, 52.365903424814178 ], [ 21.023998427704733, 52.365903428149402 ], [ 21.023998440000152, 52.365903432218531 ], [ 21.023998451608037, 52.365903436984681 ], [ 21.023998462423261, 52.365903442404679 ], [ 21.023998472347884, 52.365903448429485 ], [ 21.023998481292029, 52.365903455004506 ], [ 21.023998489174687, 52.365903462070179 ], [ 21.026220415150242, 52.368113958450657 ], [ 21.026220417071602, 52.368113960172685 ], [ 21.026220420477678, 52.368113960213527 ], [ 21.030458882363003, 52.368041191804245 ], [ 21.030458885759977, 52.368041191646604 ], [ 21.030458887520631, 52.368041189861373 ], [ 21.032474912642698, 52.365757938194932 ], [ 21.032474919866015, 52.365757930869925 ], [ 21.032474928194066, 52.365757923998395 ], [ 21.032474937551427, 52.365757917642568 ], [ 21.032474947853355, 52.36575791186003 ], [ 21.03247495900656, 52.365757906703138 ], [ 21.03247497091003, 52.365757902218569 ], [ 21.032474983455977, 52.365757898446972 ], [ 21.03247499653077, 52.365757895422483 ], [ 21.032475010016007, 52.365757893172493 ], [ 21.032475023789566, 52.365757891717394 ], [ 21.032475037726705, 52.365757891070331 ], [ 21.036713095158021, 52.365684903456803 ], [ 21.03671310913251, 52.365684903623176 ], [ 21.036713123017886, 52.365684904601942 ], [ 21.036713136688402, 52.36568490638426 ], [ 21.036713150020262, 52.365684908953959 ], [ 21.036713162892724, 52.365684912287811 ], [ 21.036713175189213, 52.365684916355583 ], [ 21.036713186798373, 52.365684921120469 ], [ 21.036713197615072, 52.365684926539302 ], [ 21.036713207541343, 52.365684932563006 ], [ 21.036713216487303, 52.365684939137047 ], [ 21.03671322437193, 52.365684946201867 ], [ 21.038935767444137, 52.367895197091052 ], [ 21.038935769365978, 52.367895198812867 ], [ 21.038935772772035, 52.367895198853347 ], [ 21.043174180250109, 52.367821974675849 ], [ 21.043174183647011, 52.367821974517838 ], [ 21.043174185407135, 52.367821972732415 ], [ 21.04518953904542, 52.36553851087114 ], [ 21.045189546266577, 52.365538503545366 ], [ 21.045189554592589, 52.365538496672961 ], [ 21.04518956394805, 52.365538490316162 ], [ 21.045189574248241, 52.365538484532529 ], [ 21.045189585399875, 52.365538479374436 ], [ 21.045189597301967, 52.365538474888616 ], [ 21.045189609846727, 52.365538471115684 ], [ 21.04518962292055, 52.365538468089788 ], [ 21.045189636405034, 52.365538465838348 ], [ 21.045189650178063, 52.365538464381771 ], [ 21.045189664114911, 52.365538463733216 ], [ 21.049427748249688, 52.365465019002514 ], [ 21.04942775164638, 52.365465018844333 ], [ 21.049427753406157, 52.365465017058824 ], [ 21.051442677593208, 52.363181452102523 ], [ 21.051442684812947, 52.36318144477638 ], [ 21.051442693137545, 52.363181437903556 ], [ 21.051442702491602, 52.363181431546259 ], [ 21.051442712790418, 52.363181425762093 ], [ 21.051442723940724, 52.363181420603432 ], [ 21.051442735841537, 52.36318141611698 ], [ 21.051442748385085, 52.363181412343387 ], [ 21.051442761457771, 52.363181409316823 ], [ 21.051442774941201, 52.363181407064687 ], [ 21.051442788713274, 52.363181405607385 ], [ 21.051442802649266, 52.363181404958098 ], [ 21.055680563403531, 52.363107739725073 ], [ 21.055680577377217, 52.363107739889209 ], [ 21.055680591262139, 52.363107740865743 ], [ 21.055680604932558, 52.363107742645859 ], [ 21.055680618264681, 52.363107745213433 ], [ 21.055680631137758, 52.363107748545197 ], [ 21.055680643435213, 52.363107752611008 ], [ 21.055680655045681, 52.363107757374017 ], [ 21.055680665864013, 52.363107762791088 ], [ 21.055680675792235, 52.363107768813194 ], [ 21.055680684740441, 52.363107775385764 ], [ 21.055680692627586, 52.363107782449291 ], [ 21.057904039866884, 52.365317668887052 ], [ 21.057904041789339, 52.365317670608547 ], [ 21.057904045195205, 52.365317670648487 ], [ 21.062142074425633, 52.365243770218122 ], [ 21.062142088399995, 52.36524377038149 ], [ 21.062142102285708, 52.365243771357257 ], [ 21.062142115957034, 52.365243773136612 ], [ 21.062142129290155, 52.365243775703455 ], [ 21.062142142164326, 52.3652437790345 ], [ 21.062142154462954, 52.365243783099615 ], [ 21.062142166074665, 52.365243787861971 ], [ 21.062142176894298, 52.365243793278438 ], [ 21.062142186823873, 52.365243799299982 ], [ 21.062142195773465, 52.365243805872048 ], [ 21.06214220366202, 52.365243812935127 ], [ 21.064365980333303, 52.367453572531936 ], [ 21.064365982256103, 52.367453574253325 ], [ 21.064365985662132, 52.367453574293073 ], [ 21.068604283309451, 52.367379438619615 ], [ 21.068604286706208, 52.367379438460873 ], [ 21.068604288465281, 52.36737943667508 ], [ 21.070618298714354, 52.365095554774356 ], [ 21.070618305931188, 52.36509554744709 ], [ 21.070618314253121, 52.365095540572931 ], [ 21.070618323604783, 52.365095534214142 ], [ 21.070618333901486, 52.365095528428334 ], [ 21.070618345049983, 52.365095523267875 ], [ 21.070618356949304, 52.365095518779512 ], [ 21.070618369491697, 52.365095515003908 ], [ 21.070618382563573, 52.36509551197522 ], [ 21.070618396046552, 52.365095509720902 ], [ 21.070618409818522, 52.365095508261362 ], [ 21.070618423754773, 52.365095507609801 ], [ 21.074856397741499, 52.365021151487525 ], [ 21.074856401138046, 52.365021151328612 ], [ 21.074856402896771, 52.36502114954272 ], [ 21.076869983733225, 52.362737164696817 ], [ 21.076869990948644, 52.362737157369175 ], [ 21.07686999926916, 52.362737150494603 ], [ 21.076870008619419, 52.362737144135316 ], [ 21.07687001891475, 52.362737138348976 ], [ 21.076870030061915, 52.362737133187942 ], [ 21.076870041959964, 52.362737128698953 ], [ 21.076870054501139, 52.362737124922702 ], [ 21.076870067571878, 52.362737121893332 ], [ 21.076870081053801, 52.362737119638311 ], [ 21.076870094824816, 52.362737118178046 ], [ 21.076870108760211, 52.362737117525768 ], [ 21.081107840310938, 52.362662539574004 ], [ 21.081107843707276, 52.362662539414906 ], [ 21.081107845465656, 52.362662537628935 ], [ 21.083121035557451, 52.360378406083761 ], [ 21.083121037030409, 52.36037840420353 ], [ 21.083121035383122, 52.360378402378309 ], [ 21.080896697781981, 52.358168999464311 ], [ 21.08089669102387, 52.358168991975269 ], [ 21.080896685459066, 52.358168984126827 ], [ 21.080896681137972, 52.35816897599004 ], [ 21.080896678099716, 52.358168967638633 ], [ 21.080896676371808, 52.358168959148209 ], [ 21.080896675969907, 52.358168950595683 ], [ 21.080896676897648, 52.358168942058469 ], [ 21.08089667914663, 52.358168933613925 ], [ 21.080896682696483, 52.358168925338504 ], [ 21.080896687515065, 52.35816891730714 ], [ 21.080896693558728, 52.358168909592585 ], [ 21.082909619639207, 52.355884869644093 ], [ 21.082909626852526, 52.355884862316088 ], [ 21.082909635170836, 52.355884855441097 ], [ 21.082909644518796, 52.35588484908137 ], [ 21.082909654811754, 52.355884843294518 ], [ 21.082909665956496, 52.355884838132944 ], [ 21.08290967785209, 52.355884833643373 ], [ 21.082909690390814, 52.35588482986649 ], [ 21.082909703459109, 52.355884826836473 ], [ 21.082909716938627, 52.355884824580784 ], [ 21.0829097307073, 52.355884823119837 ], [ 21.082909744640432, 52.355884822466876 ], [ 21.087146804484604, 52.355810034778514 ], [ 21.087146807880391, 52.355810034619253 ], [ 21.087146809638259, 52.355810032833205 ], [ 21.089159383743404, 52.353525802446072 ], [ 21.089159385215883, 52.353525800565755 ], [ 21.089159383568617, 52.353525798740634 ], [ 21.086935101679668, 52.351316506676582 ], [ 21.086935094921621, 52.351316499187881 ], [ 21.086935089356654, 52.351316491339709 ], [ 21.086935085035158, 52.351316483203135 ], [ 21.086935081996273, 52.351316474851885 ], [ 21.086935080267519, 52.351316466361546 ], [ 21.086935079864553, 52.351316457809041 ], [ 21.086935080791022, 52.351316449271799 ], [ 21.086935083038536, 52.351316440827134 ], [ 21.086935086586745, 52.351316432551528 ], [ 21.086935091403511, 52.351316424519943 ], [ 21.086935097445213, 52.351316416805098 ], [ 21.088947446308477, 52.349032234231842 ], [ 21.088947447780821, 52.349032232351547 ], [ 21.088947446133734, 52.349032230526404 ], [ 21.086723406641791, 52.346822930407413 ], [ 21.086723399884484, 52.346822922918676 ], [ 21.086723394320138, 52.34682291507049 ], [ 21.086723389999147, 52.346822906933916 ], [ 21.086723386960632, 52.346822898582644 ], [ 21.086723385232119, 52.346822890092284 ], [ 21.086723384829256, 52.346822881539758 ], [ 21.086723385755697, 52.346822873002509 ], [ 21.086723388003048, 52.346822864557865 ], [ 21.086723391550958, 52.346822856282259 ], [ 21.086723396367297, 52.346822848250675 ], [ 21.086723402408445, 52.346822840535836 ], [ 21.088735564670362, 52.344538661974525 ], [ 21.088735566142571, 52.34453866009423 ], [ 21.088735564495668, 52.344538658269073 ], [ 21.086511767334592, 52.342329350096385 ], [ 21.086511760578031, 52.342329342607641 ], [ 21.08651175501431, 52.34232933475942 ], [ 21.086511750693816, 52.342329326622824 ], [ 21.086511747655674, 52.342329318271531 ], [ 21.0865117459274, 52.342329309781178 ], [ 21.086511745524646, 52.342329301228645 ], [ 21.086511746451059, 52.342329292691396 ], [ 21.086511748698243, 52.342329284246745 ], [ 21.086511752245858, 52.342329275971146 ], [ 21.086511757061771, 52.342329267939562 ], [ 21.086511763102365, 52.342329260224737 ], [ 21.08852373880951, 52.340045085674184 ], [ 21.088523740281584, 52.340045083793875 ], [ 21.088523738634859, 52.340045081968718 ], [ 21.086300183738555, 52.337835765743598 ], [ 21.086300176982736, 52.337835758254819 ], [ 21.086300171419637, 52.337835750406576 ], [ 21.086300167099644, 52.337835742269966 ], [ 21.086300164061875, 52.337835733918659 ], [ 21.086300162333838, 52.337835725428292 ], [ 21.086300161931188, 52.337835716875759 ], [ 21.086300162857572, 52.337835708338496 ], [ 21.086300165104596, 52.337835699893837 ], [ 21.086300168651913, 52.337835691618245 ], [ 21.086300173467396, 52.337835683586682 ], [ 21.08630017950744, 52.337835675871865 ], [ 21.088311930130704, 52.335551549131964 ], [ 21.08831193733991, 52.33555154180366 ], [ 21.08831194565364, 52.335551534928314 ], [ 21.088311954996605, 52.335551528568182 ], [ 21.088311965284195, 52.335551522780904 ], [ 21.088311976423245, 52.335551517618853 ], [ 21.088311988312878, 52.335551513128785 ], [ 21.088312000845416, 52.33555150935139 ], [ 21.08831201390737, 52.335551506320826 ], [ 21.088312027380443, 52.335551504064583 ], [ 21.088312041142615, 52.335551502603082 ], [ 21.088312055069267, 52.335551501949539 ], [ 21.092547156946708, 52.335476540877039 ], [ 21.092547160340914, 52.335476540717636 ], [ 21.09254716209778, 52.335476538931509 ], [ 21.094558561217536, 52.33319222185861 ], [ 21.09455856268913, 52.33319221997823 ], [ 21.094558561042422, 52.333192218153151 ], [ 21.092335061939448, 52.330983012691362 ], [ 21.092335055183696, 52.330983005202917 ], [ 21.092335049620434, 52.330982997354965 ], [ 21.092335045300036, 52.330982989218562 ], [ 21.092335042261642, 52.330982980867411 ], [ 21.092335040532756, 52.330982972377136 ], [ 21.092335040129043, 52.330982963824624 ], [ 21.092335041054156, 52.330982955287311 ], [ 21.092335043299716, 52.330982946842553 ], [ 21.092335046845388, 52.330982938566784 ], [ 21.092335051659063, 52.330982930534987 ], [ 21.092335057697145, 52.330982922819878 ], [ 21.094346231896431, 52.328698653573682 ], [ 21.094346233367894, 52.328698651693308 ], [ 21.094346231721367, 52.328698649868237 ], [ 21.09212297479754, 52.326489436337013 ], [ 21.092122968042535, 52.326489428848539 ], [ 21.092122962479891, 52.326489421000566 ], [ 21.092122958160001, 52.326489412864142 ], [ 21.092122955121976, 52.326489404512984 ], [ 21.092122953393332, 52.326489396022694 ], [ 21.092122952989726, 52.326489387470161 ], [ 21.09212295391481, 52.326489378932862 ], [ 21.092122956160203, 52.326489370488098 ], [ 21.092122959705581, 52.326489362212335 ], [ 21.092122964518829, 52.326489354180545 ], [ 21.092122970556357, 52.326489346465451 ], [ 21.094133958453067, 52.32420508124234 ], [ 21.094133959924392, 52.324205079361974 ], [ 21.09413395827805, 52.324205077536888 ], [ 21.091910900841405, 52.321995813573487 ], [ 21.091910898919572, 52.321995811852538 ], [ 21.091910895517035, 52.321995811813537 ], [ 21.087677079084795, 52.32207073666342 ], [ 21.087677065124044, 52.322070736502944 ], [ 21.087677051251401, 52.322070735530041 ], [ 21.087677037592499, 52.322070733753485 ], [ 21.087677024271038, 52.322070731189392 ], [ 21.087677011407656, 52.322070727860996 ], [ 21.087676999118848, 52.322070723798419 ], [ 21.087676987515906, 52.322070719038436 ], [ 21.087676976703904, 52.322070713624186 ], [ 21.087676966780755, 52.322070707604688 ], [ 21.087676957836326, 52.322070701034455 ], [ 21.087676949951629, 52.322070693972996 ], [ 21.085454406075844, 52.319861387916227 ], [ 21.085454399322991, 52.319861380427341 ], [ 21.085454393762387, 52.31986137257902 ], [ 21.08545438944439, 52.319861364442325 ], [ 21.085454386408106, 52.319861356090968 ], [ 21.085454384681029, 52.319861347600551 ], [ 21.085454384278801, 52.319861339047975 ], [ 21.085454385205072, 52.319861330510712 ], [ 21.085454387451442, 52.319861322066046 ], [ 21.085454390997572, 52.319861313790469 ], [ 21.08545439581135, 52.319861305758927 ], [ 21.08545440184918, 52.31986129804416 ], [ 21.087465445480643, 52.317577143529675 ], [ 21.087465446952042, 52.317577141649387 ], [ 21.087465445306218, 52.317577139824202 ], [ 21.085243100743071, 52.31536778335569 ], [ 21.085243093990957, 52.31536777586679 ], [ 21.085243088430978, 52.315367768018433 ], [ 21.085243084113479, 52.315367759881724 ], [ 21.085243081077568, 52.315367751530353 ], [ 21.085243079350729, 52.315367743039921 ], [ 21.085243078948608, 52.315367734487346 ], [ 21.08524307987485, 52.315367725950075 ], [ 21.085243082121057, 52.315367717505417 ], [ 21.085243085666892, 52.315367709229847 ], [ 21.085243090480244, 52.315367701198312 ], [ 21.085243096517519, 52.315367693483559 ], [ 21.087253953873375, 52.313083542972741 ], [ 21.087253955344639, 52.31308354109246 ], [ 21.087253953698998, 52.313083539267275 ], [ 21.085031851004508, 52.310874174753842 ], [ 21.085031844253137, 52.310874167264906 ], [ 21.08503183869378, 52.310874159416535 ], [ 21.085031834376778, 52.310874151279812 ], [ 21.08503183134124, 52.310874142928419 ], [ 21.085031829614639, 52.310874134437981 ], [ 21.085031829212628, 52.310874125885391 ], [ 21.085031830138838, 52.310874117348114 ], [ 21.085031832384882, 52.310874108903462 ], [ 21.085031835930419, 52.310874100627899 ], [ 21.085031840743348, 52.310874092596372 ], [ 21.085031846780073, 52.310874084881632 ], [ 21.087042517906792, 52.308589938373309 ], [ 21.087042519377924, 52.308589936493028 ], [ 21.087042517732463, 52.308589934667829 ], [ 21.084820656840702, 52.306380562110725 ], [ 21.084820650090073, 52.306380554621775 ], [ 21.084820644531334, 52.306380546773397 ], [ 21.084820640214833, 52.306380538636638 ], [ 21.084820637179664, 52.306380530285232 ], [ 21.084820635453305, 52.306380521794793 ], [ 21.084820635051397, 52.306380513242196 ], [ 21.084820635977579, 52.306380504704912 ], [ 21.084820638223459, 52.306380496260253 ], [ 21.084820641768705, 52.30638048798469 ], [ 21.084820646581203, 52.306380479953177 ], [ 21.084820652617374, 52.306380472238438 ], [ 21.086831137561425, 52.304096329731451 ], [ 21.086831139032419, 52.304096327851163 ], [ 21.08683113738714, 52.304096326025963 ], [ 21.084609518232199, 52.301886945426453 ], [ 21.084609511482309, 52.301886937937468 ], [ 21.084609505924199, 52.301886930089069 ], [ 21.084609501608195, 52.301886921952281 ], [ 21.084609498573396, 52.301886913600875 ], [ 21.084609496847275, 52.301886905110415 ], [ 21.084609496445474, 52.301886896557818 ], [ 21.084609497371627, 52.301886888020519 ], [ 21.084609499617343, 52.301886879575861 ], [ 21.084609503162291, 52.301886871300304 ], [ 21.084609507974363, 52.301886863268805 ], [ 21.08460951400998, 52.301886855554081 ], [ 21.086619774270709, 52.299602760847705 ], [ 21.086619781474518, 52.299602753519515 ], [ 21.086619789781935, 52.299602746644311 ], [ 21.08661979911772, 52.299602740284371 ], [ 21.08661980939733, 52.299602734497277 ], [ 21.086619820527677, 52.299602729335447 ], [ 21.086619832407951, 52.299602724845641 ], [ 21.086619844930571, 52.299602721068496 ], [ 21.086619857982125, 52.299602718038223 ], [ 21.08661987144442, 52.299602715782271 ], [ 21.086619885195539, 52.299602714321061 ], [ 21.08661989911095, 52.299602713667845 ], [ 21.09085157538372, 52.299527849140318 ], [ 21.09085157877519, 52.299527848981 ], [ 21.090851580530742, 52.299527847194902 ], [ 21.092861490130389, 52.297243562283747 ], [ 21.092861491600907, 52.297243560403402 ], [ 21.092861489955645, 52.29724355857828 ], [ 21.09063992643798, 52.295034288596241 ], [ 21.090639919688154, 52.29503428110759 ], [ 21.090639914129873, 52.295034273259454 ], [ 21.090639909813476, 52.295034265122915 ], [ 21.090639906778051, 52.295034256771636 ], [ 21.090639905051088, 52.295034248281276 ], [ 21.090639904648221, 52.295034239728693 ], [ 21.090639905573106, 52.295034231191366 ], [ 21.090639907817366, 52.295034222746594 ], [ 21.090639911360672, 52.29503421447086 ], [ 21.090639916170936, 52.295034206439119 ], [ 21.090639922204598, 52.295034198724103 ], [ 21.092649568748563, 52.292750005431962 ], [ 21.092649575950286, 52.292749998103432 ], [ 21.092649584255504, 52.292749991227815 ], [ 21.092649593588995, 52.292749984867406 ], [ 21.092649603866246, 52.292749979079815 ], [ 21.092649614994173, 52.292749973917438 ], [ 21.092649626872007, 52.292749969427042 ], [ 21.092649639392182, 52.292749965649286 ], [ 21.092649652441303, 52.292749962618359 ], [ 21.092649665901202, 52.292749960361739 ], [ 21.092649679649988, 52.292749958899861 ], [ 21.092649693563143, 52.292749958245949 ], [ 21.096880700489582, 52.292674884559766 ], [ 21.096880703880498, 52.29267488440027 ], [ 21.096880705635542, 52.292674882614087 ], [ 21.098889963145893, 52.290390542978869 ], [ 21.098889970346203, 52.290390535649955 ], [ 21.098889978650014, 52.290390528773919 ], [ 21.098889987982112, 52.290390522413041 ], [ 21.098889998257992, 52.29039051662491 ], [ 21.098890009384597, 52.290390511461958 ], [ 21.098890021261155, 52.290390506970937 ], [ 21.098890033780119, 52.290390503192533 ], [ 21.098890046828107, 52.290390500160939 ], [ 21.098890060286958, 52.290390497903608 ], [ 21.098890074034788, 52.290390496441013 ], [ 21.09889008794709, 52.290390495786369 ], [ 21.103120853175707, 52.290315200923736 ], [ 21.10312085656642, 52.290315200764056 ], [ 21.103120858321116, 52.290315198977787 ], [ 21.105129726843412, 52.288030713040193 ], [ 21.105129728313109, 52.288030711159699 ], [ 21.105129726667702, 52.288030709334741 ], [ 21.102908033163615, 52.28582166858935 ], [ 21.102908026413186, 52.285821661101409 ], [ 21.102908020853953, 52.285821653253848 ], [ 21.102908016536261, 52.285821645117743 ], [ 21.102908013499217, 52.285821636766798 ], [ 21.102908011770317, 52.285821628276615 ], [ 21.102908011365223, 52.285821619724089 ], [ 21.102908012287603, 52.285821611186677 ], [ 21.102908014529106, 52.285821602741699 ], [ 21.102908018069424, 52.28582159446561 ], [ 21.102908022876509, 52.285821586433393 ], [ 21.102908028906818, 52.28582157871778 ], [ 21.104916673199487, 52.283537140631203 ], [ 21.104916674669052, 52.283537138750702 ], [ 21.104916673023819, 52.283537136925752 ], [ 21.102695221198001, 52.281328088083299 ], [ 21.102695214448314, 52.281328080595323 ], [ 21.102695208889703, 52.281328072747741 ], [ 21.102695204572509, 52.281328064611621 ], [ 21.102695201535834, 52.281328056260662 ], [ 21.102695199807176, 52.281328047770479 ], [ 21.102695199402191, 52.281328039217939 ], [ 21.102695200324543, 52.28132803068052 ], [ 21.102695202565883, 52.281328022235542 ], [ 21.10269520610591, 52.281328013959467 ], [ 21.102695210912568, 52.281328005927264 ], [ 21.102695216942319, 52.281327998211637 ], [ 21.104703637062698, 52.279043607975368 ], [ 21.104703644260251, 52.279043600646112 ], [ 21.104703652561078, 52.279043593769693 ], [ 21.104703661889989, 52.27904358740836 ], [ 21.104703672162515, 52.27904358161976 ], [ 21.104703683285621, 52.279043576456303 ], [ 21.104703695158573, 52.279043571964721 ], [ 21.104703707673853, 52.279043568185735 ], [ 21.104703720718113, 52.279043565153515 ], [ 21.104703734173224, 52.279043562895573 ], [ 21.104703747917341, 52.279043561432346 ], [ 21.104703761825988, 52.279043560777062 ], [ 21.108933430652566, 52.278968069096244 ], [ 21.108933434042385, 52.278968068936408 ], [ 21.108933435796416, 52.278968067150046 ], [ 21.11094146721571, 52.276683530689084 ], [ 21.110941474411856, 52.276683523359473 ], [ 21.110941482711265, 52.27668351648262 ], [ 21.110941492038787, 52.276683510120812 ], [ 21.110941502309945, 52.276683504331679 ], [ 21.11094151343173, 52.276683499167639 ], [ 21.11094152530341, 52.276683494675467 ], [ 21.110941537817478, 52.276683490895813 ], [ 21.110941550860606, 52.276683487862925 ], [ 21.110941564314668, 52.276683485604273 ], [ 21.11094157805783, 52.276683484140321 ], [ 21.110941591965627, 52.276683483484305 ], [ 21.115170938031124, 52.27660777222966 ], [ 21.115170951977582, 52.276607772387038 ], [ 21.115170965836505, 52.276607773356872 ], [ 21.115170979482375, 52.276607775130394 ], [ 21.115170992791619, 52.276607777691524 ], [ 21.115171005643706, 52.276607781017084 ], [ 21.115171017922247, 52.276607785076948 ], [ 21.115171029516038, 52.276607789834337 ], [ 21.115171040320096, 52.276607795246193 ], [ 21.115171050236569, 52.276607801263502 ], [ 21.115171059175655, 52.276607807831752 ], [ 21.115171067056398, 52.276607814891456 ], [ 21.117392889978948, 52.278816626453278 ], [ 21.117392891899843, 52.278816628173843 ], [ 21.117392895299073, 52.278816628212134 ], [ 21.121622507903616, 52.278740682290504 ], [ 21.121622521850746, 52.278740682447108 ], [ 21.121622535710451, 52.278740683416181 ], [ 21.121622549357216, 52.27874068518895 ], [ 21.121622562667454, 52.278740687749348 ], [ 21.121622575520625, 52.278740691074177 ], [ 21.121622587800331, 52.278740695133351 ], [ 21.121622599395366, 52.278740699890108 ], [ 21.121622610200713, 52.278740705301352 ], [ 21.121622620118529, 52.278740711318093 ], [ 21.121622629058997, 52.278740717885846 ], [ 21.12162263694114, 52.278740724945102 ], [ 21.123844887060852, 52.280949409702338 ], [ 21.123844888982088, 52.280949411422796 ], [ 21.123844892381481, 52.280949411460902 ], [ 21.128074771465919, 52.280873230826806 ], [ 21.128074774855797, 52.280873230666423 ], [ 21.128074776609118, 52.280873228879784 ], [ 21.130081897243578, 52.278588377216686 ], [ 21.130081904436828, 52.278588369885931 ], [ 21.130081912733583, 52.278588363007771 ], [ 21.130081922058714, 52.278588356644484 ], [ 21.130081932327762, 52.278588350853703 ], [ 21.130081943447735, 52.278588345687879 ], [ 21.13008195531793, 52.278588341193782 ], [ 21.13008196783084, 52.278588337412124 ], [ 21.130081980873154, 52.278588334377126 ], [ 21.130081994326758, 52.278588332116314 ], [ 21.13008200806981, 52.278588330650123 ], [ 21.130082021977859, 52.278588329991862 ], [ 21.134311496918478, 52.278511931304031 ], [ 21.134311510865537, 52.278511931459136 ], [ 21.134311524725405, 52.278511932426717 ], [ 21.134311538372565, 52.278511934198001 ], [ 21.134311551683425, 52.278511936756956 ], [ 21.134311564537438, 52.278511940080406 ], [ 21.134311576818202, 52.278511944138252 ], [ 21.134311588414498, 52.278511948893737 ], [ 21.134311599221306, 52.278511954303809 ], [ 21.134311609140756, 52.278511960319463 ], [ 21.134311618083025, 52.278511966886228 ], [ 21.134311625967118, 52.278511973944624 ], [ 21.136534488578523, 52.28072041315145 ], [ 21.136534490500232, 52.280720414871702 ], [ 21.136534493899607, 52.280720414909432 ], [ 21.140764235137798, 52.280643781478268 ], [ 21.140764249085525, 52.280643781632612 ], [ 21.140764262946181, 52.280643782599419 ], [ 21.140764276594233, 52.280643784369957 ], [ 21.140764289906087, 52.280643786928188 ], [ 21.140764302761188, 52.280643790250899 ], [ 21.140764315043114, 52.280643794308055 ], [ 21.140764326640646, 52.280643799062901 ], [ 21.140764337448747, 52.280643804472362 ], [ 21.140764347369544, 52.280643810487469 ], [ 21.140764356313188, 52.280643817053715 ], [ 21.140764364198688, 52.280643824111671 ], [ 21.142987654033583, 52.282852136396457 ], [ 21.142987655955633, 52.282852138116603 ], [ 21.142987659355171, 52.282852138154155 ], [ 21.147217585719673, 52.282775271409619 ], [ 21.147217599668071, 52.282775271563189 ], [ 21.147217613529509, 52.282775272529229 ], [ 21.147217627178456, 52.282775274299013 ], [ 21.147217640491302, 52.282775276856498 ], [ 21.147217653347489, 52.282775280178498 ], [ 21.147217665630581, 52.282775284234972 ], [ 21.147217677229349, 52.282775288989164 ], [ 21.147217688038747, 52.282775294398022 ], [ 21.147217697960887, 52.28277530041256 ], [ 21.147217706905909, 52.282775306978316 ], [ 21.147217714792806, 52.28277531403581 ], [ 21.149441431897277, 52.284983499352499 ], [ 21.149441433819675, 52.284983501072531 ], [ 21.149441437219373, 52.284983501109899 ], [ 21.153671548644148, 52.284906401018368 ], [ 21.153671562593217, 52.284906401171177 ], [ 21.153671576455437, 52.284906402136436 ], [ 21.153671590105279, 52.284906403905467 ], [ 21.15367160341912, 52.284906406462213 ], [ 21.153671616276387, 52.284906409783503 ], [ 21.153671628560648, 52.284906413839302 ], [ 21.153671640160653, 52.284906418592833 ], [ 21.153671650971344, 52.284906424001079 ], [ 21.153671660894823, 52.284906430015063 ], [ 21.153671669841227, 52.284906436580307 ], [ 21.153671677729527, 52.284906443637361 ], [ 21.155895822149635, 52.287114501939868 ], [ 21.15589582407237, 52.28711450365978 ], [ 21.155895827472236, 52.287114503696969 ], [ 21.160126123891203, 52.287037170224842 ], [ 21.160126137840944, 52.287037170376877 ], [ 21.160126151703949, 52.287037171341382 ], [ 21.160126165354683, 52.287037173109645 ], [ 21.160126178669518, 52.287037175665645 ], [ 21.160126191527873, 52.287037178986232 ], [ 21.160126203813295, 52.287037183041328 ], [ 21.160126215414536, 52.287037187794226 ], [ 21.160126226226524, 52.287037193201868 ], [ 21.160126236151346, 52.287037199215291 ], [ 21.160126245099132, 52.287037205780024 ], [ 21.160126252988832, 52.287037212836623 ], [ 21.162350782110551, 52.289245101740462 ], [ 21.162350788871443, 52.289245109224893 ], [ 21.162350794441547, 52.289245117069527 ], [ 21.162350798770422, 52.28924512520333 ], [ 21.162350801818857, 52.289245133552619 ], [ 21.162350803559253, 52.289245142041793 ], [ 21.162350803975841, 52.289245150593985 ], [ 21.162350803064854, 52.289245159131731 ], [ 21.162350800834542, 52.289245167577718 ], [ 21.162350797305098, 52.289245175855449 ], [ 21.162350792508491, 52.289245183889975 ], [ 21.162350786488158, 52.289245191608515 ], [ 21.16034487690029, 52.291530575124391 ], [ 21.160344875432834, 52.29153057700556 ], [ 21.160344877080625, 52.291530578829715 ], [ 21.162569734012507, 52.293738544130967 ], [ 21.16256973593579, 52.293738545850772 ], [ 21.162569739336163, 52.293738545887756 ], [ 21.166800729277817, 52.293660965019214 ], [ 21.166800732668499, 52.2936609648577 ], [ 21.166800734420736, 52.293660963070508 ], [ 21.168806401462859, 52.291375473221478 ], [ 21.168806408651651, 52.291375465888436 ], [ 21.168806416944662, 52.291375459007597 ], [ 21.168806426266787, 52.291375452641297 ], [ 21.16880643653359, 52.291375446847177 ], [ 21.168806447652109, 52.291375441677744 ], [ 21.168806459521651, 52.291375437179759 ], [ 21.168806472034717, 52.291375433394002 ], [ 21.16880648507799, 52.291375430354726 ], [ 21.168806498533346, 52.291375428089466 ], [ 21.168806512278934, 52.29137542661875 ], [ 21.168806526190274, 52.291375425955877 ], [ 21.173037192398876, 52.291297625618874 ], [ 21.173037195789352, 52.29129762545719 ], [ 21.173037197541245, 52.291297623669912 ], [ 21.175042475579779, 52.289011987899421 ], [ 21.175042477046524, 52.289011986018082 ], [ 21.175042475398232, 52.289011984194147 ], [ 21.172817291402922, 52.286804298890324 ], [ 21.172817284640669, 52.286804291406504 ], [ 21.172817279069047, 52.286804283562383 ], [ 21.172817274738517, 52.286804275428985 ], [ 21.172817271688302, 52.28680426707998 ], [ 21.17281726994602, 52.286804258590969 ], [ 21.172817269527453, 52.286804250038834 ], [ 21.172817270436386, 52.286804241501038 ], [ 21.172817272664595, 52.28680423305488 ], [ 21.172817276191893, 52.286804224776844 ], [ 21.172817280986344, 52.286804216741913 ], [ 21.172817287004523, 52.286804209022861 ], [ 21.17482234183927, 52.284518621306404 ], [ 21.17482234330588, 52.284518619425079 ], [ 21.174822341657769, 52.28451861760113 ], [ 21.172597400244097, 52.282310923978223 ], [ 21.172597393482587, 52.282310916494389 ], [ 21.172597387911591, 52.282310908650238 ], [ 21.172597383581564, 52.282310900516833 ], [ 21.172597380531723, 52.282310892167814 ], [ 21.172597378789686, 52.282310883678797 ], [ 21.172597378371226, 52.282310875126655 ], [ 21.172597379280138, 52.282310866588844 ], [ 21.172597381508183, 52.282310858142679 ], [ 21.172597385035193, 52.282310849864658 ], [ 21.172597389829221, 52.282310841829748 ], [ 21.172597395846854, 52.282310834110689 ], [ 21.174602265977764, 52.280025250619332 ], [ 21.174602267444243, 52.280025248737999 ], [ 21.174602265796313, 52.280025246914036 ], [ 21.172377566898113, 52.277817544973388 ], [ 21.172377560137345, 52.277817537489533 ], [ 21.172377554566975, 52.277817529645375 ], [ 21.172377550237449, 52.277817521511921 ], [ 21.172377547187985, 52.277817513162894 ], [ 21.172377545446189, 52.277817504673862 ], [ 21.172377545027839, 52.277817496121713 ], [ 21.172377545936726, 52.277817487583896 ], [ 21.172377548164615, 52.277817479137738 ], [ 21.172377551691334, 52.277817470859709 ], [ 21.172377556484943, 52.277817462824814 ], [ 21.172377562502025, 52.277817455105769 ], [ 21.174382209535565, 52.275531919666378 ], [ 21.174382216720939, 52.275531912333015 ], [ 21.174382225010188, 52.2755319054518 ], [ 21.174382234328235, 52.275531899085088 ], [ 21.174382244590699, 52.275531893290527 ], [ 21.174382255704643, 52.275531888120589 ], [ 21.174382267569413, 52.275531883622101 ], [ 21.174382280077559, 52.275531879835789 ], [ 21.174382293115812, 52.275531876795952 ], [ 21.174382306566088, 52.275531874530103 ], [ 21.174382320306584, 52.275531873058789 ], [ 21.174382334212861, 52.27553187239532 ], [ 21.178611476115702, 52.275453888826483 ], [ 21.178611479504948, 52.27545388866465 ], [ 21.178611481256006, 52.275453886877301 ], [ 21.180615739681716, 52.273168205609778 ], [ 21.180615746865683, 52.273168198276046 ], [ 21.180615755153521, 52.273168191394419 ], [ 21.180615764470172, 52.273168185027224 ], [ 21.180615774731272, 52.27316817923213 ], [ 21.180615785843884, 52.273168174061617 ], [ 21.180615797707382, 52.273168169562517 ], [ 21.18061581021432, 52.273168165775559 ], [ 21.180615823251436, 52.273168162735033 ], [ 21.18061583670066, 52.273168160468501 ], [ 21.180615850440198, 52.273168158996462 ], [ 21.180615864345622, 52.273168158332275 ], [ 21.184844763753244, 52.273089953993406 ], [ 21.18484476714228, 52.273089953831409 ], [ 21.184844768892994, 52.273089952043954 ], [ 21.186848638756722, 52.270804124989006 ], [ 21.186848640222387, 52.270804123107524 ], [ 21.186848638574311, 52.270804121283739 ], [ 21.184623813125462, 52.268596648591142 ], [ 21.184623806364097, 52.268596641107976 ], [ 21.184623800792789, 52.268596633264387 ], [ 21.184623796461981, 52.268596625131387 ], [ 21.184623793410907, 52.268596616782673 ], [ 21.184623791667189, 52.268596608293848 ], [ 21.184623791246626, 52.268596599741755 ], [ 21.184623792153015, 52.26859659120386 ], [ 21.184623794378162, 52.268596582757489 ], [ 21.184623797901903, 52.268596574479119 ], [ 21.184623802692336, 52.26859656644374 ], [ 21.184623808706071, 52.268596558724113 ], [ 21.186627417335238, 52.266310823586601 ], [ 21.186627424517123, 52.266310816252521 ], [ 21.186627432802769, 52.266310809370488 ], [ 21.186627442117139, 52.266310803002838 ], [ 21.186627452375877, 52.26631079720724 ], [ 21.186627463486086, 52.26631079203618 ], [ 21.186627475347144, 52.266310787536497 ], [ 21.186627487851634, 52.266310783748921 ], [ 21.186627500886321, 52.266310780707769 ], [ 21.186627514333157, 52.26631077844057 ], [ 21.18662752807036, 52.266310776967856 ], [ 21.186627541973529, 52.26631077630298 ], [ 21.190855771977155, 52.266232363860048 ], [ 21.190855775365634, 52.266232363697874 ], [ 21.190855777115846, 52.26623236191034 ], [ 21.192859035772901, 52.263946437213143 ], [ 21.192859037238087, 52.263946435331604 ], [ 21.192859035590033, 52.26394643350789 ], [ 21.190634225670362, 52.261739028904216 ], [ 21.190634223747423, 52.261739027184859 ], [ 21.190634220349502, 52.261739027148664 ], [ 21.186406417096869, 52.261817426967632 ], [ 21.186406403155054, 52.26181742681861 ], [ 21.186406389299449, 52.261817425857103 ], [ 21.18640637565554, 52.261817424091802 ], [ 21.186406362346887, 52.261817421538694 ], [ 21.186406349494007, 52.261817418220893 ], [ 21.186406337213306, 52.261817414168462 ], [ 21.186406325615994, 52.261817409418093 ], [ 21.186406314807108, 52.261817404012803 ], [ 21.186406304884525, 52.26181739800154 ], [ 21.186406295938106, 52.261817391438761 ], [ 21.186406288048879, 52.261817384383875 ], [ 21.184181990139393, 52.259609937314295 ], [ 21.184181983379514, 52.259609929831072 ], [ 21.184181977809455, 52.259609921987433 ], [ 21.184181973479653, 52.259609913854412 ], [ 21.184181970429329, 52.25960990550567 ], [ 21.184181968686101, 52.259609897016801 ], [ 21.184181968265754, 52.259609888464695 ], [ 21.184181969172101, 52.259609879926799 ], [ 21.184181971396928, 52.259609871480436 ], [ 21.18418197492009, 52.259609863202073 ], [ 21.184181979709681, 52.259609855166694 ], [ 21.184181985722322, 52.259609847447102 ], [ 21.186185225719996, 52.257324120814033 ], [ 21.186185232900545, 52.257324113479974 ], [ 21.186185241184628, 52.257324106597999 ], [ 21.186185250497218, 52.257324100230392 ], [ 21.186185260753973, 52.257324094434836 ], [ 21.186185271862019, 52.257324089263854 ], [ 21.18618528372075, 52.257324084764214 ], [ 21.186185296222774, 52.25732408097673 ], [ 21.186185309254878, 52.257324077935628 ], [ 21.186185322699025, 52.257324075668514 ], [ 21.186185336433478, 52.257324074195878 ], [ 21.186185350333847, 52.25732407353108 ], [ 21.190412645884297, 52.257245687838143 ], [ 21.190412659824677, 52.257245687986696 ], [ 21.190412673678921, 52.257245688947748 ], [ 21.190412687321569, 52.257245690712601 ], [ 21.190412700629068, 52.25724569326529 ], [ 21.190412713480896, 52.257245696582636 ], [ 21.190412725760673, 52.257245700634684 ], [ 21.190412737357192, 52.257245705384662 ], [ 21.190412748165429, 52.257245710789597 ], [ 21.190412758087504, 52.257245716800533 ], [ 21.190412767033564, 52.25724572336302 ], [ 21.190412774922589, 52.257245730417623 ], [ 21.192637299728137, 52.25945310106524 ], [ 21.192637301651047, 52.259453102784576 ], [ 21.192637305048795, 52.259453102820714 ], [ 21.196864865847211, 52.259374482383912 ], [ 21.196864879788254, 52.259374482531705 ], [ 21.196864893643284, 52.259374483491989 ], [ 21.19686490728682, 52.259374485256089 ], [ 21.196864920595306, 52.259374487808017 ], [ 21.196864933448218, 52.259374491124667 ], [ 21.19686494572916, 52.259374495176019 ], [ 21.196864957326913, 52.25937449992535 ], [ 21.196864968136438, 52.259374505329689 ], [ 21.196864978059857, 52.259374511340056 ], [ 21.196864987007295, 52.259374517902039 ], [ 21.196864994897716, 52.259374524956208 ], [ 21.199089946332172, 52.261581768454391 ], [ 21.199089948255427, 52.261581770173606 ], [ 21.199089951653335, 52.261581770209567 ], [ 21.203317777640272, 52.261502914983595 ], [ 21.203317781028339, 52.261502914821051 ], [ 21.203317782777866, 52.261502913033354 ], [ 21.205320149608099, 52.259216828516543 ], [ 21.205320156785756, 52.259216821181361 ], [ 21.205320165067178, 52.259216814298057 ], [ 21.205320174377366, 52.259216807928972 ], [ 21.205320184632011, 52.259216802131789 ], [ 21.205320195738242, 52.259216796959016 ], [ 21.205320207595477, 52.25921679245748 ], [ 21.205320220096336, 52.25921678866797 ], [ 21.205320233127615, 52.25921678562478 ], [ 21.205320246571297, 52.25921678335547 ], [ 21.20532026030563, 52.259216781880625 ], [ 21.20532027420624, 52.259216781213574 ], [ 21.209547695444922, 52.259137708438935 ], [ 21.209547709385891, 52.259137708585222 ], [ 21.209547723241073, 52.259137709544021 ], [ 21.209547736885, 52.25913771130665 ], [ 21.209547750194101, 52.25913771385715 ], [ 21.209547763047848, 52.259137717172393 ], [ 21.209547775329838, 52.259137721222416 ], [ 21.209547786928844, 52.25913772597049 ], [ 21.209547797739823, 52.259137731373642 ], [ 21.209547807664872, 52.259137737382922 ], [ 21.209547816614105, 52.259137743943931 ], [ 21.209547824506469, 52.259137750997219 ], [ 21.211773386611817, 52.261344748491894 ], [ 21.211773388535544, 52.261344750210895 ], [ 21.211773391933434, 52.261344750246494 ], [ 21.216001078178309, 52.261265442652089 ], [ 21.216001092119946, 52.261265442797608 ], [ 21.216001105975913, 52.261265443755626 ], [ 21.216001119620724, 52.261265445517509 ], [ 21.216001132930813, 52.261265448067256 ], [ 21.216001145785647, 52.261265451381803 ], [ 21.216001158068799, 52.261265455431136 ], [ 21.216001169669038, 52.261265460178556 ], [ 21.21600118048131, 52.261265465581097 ], [ 21.216001190407695, 52.26126547158983 ], [ 21.216001199358306, 52.261265478150321 ], [ 21.216001207252074, 52.261265485203175 ], [ 21.218227196011551, 52.263472355431162 ], [ 21.218227197935622, 52.263472357150036 ], [ 21.218227201333676, 52.263472357185456 ], [ 21.222455152525196, 52.263392814725968 ], [ 21.22245515591332, 52.263392814562877 ], [ 21.222455157662136, 52.263392812774896 ], [ 21.224456612344383, 52.261106414418656 ], [ 21.224456619519138, 52.261106407082345 ], [ 21.224456627797903, 52.261106400197733 ], [ 21.224456637105693, 52.261106393827163 ], [ 21.224456647358217, 52.261106388028345 ], [ 21.224456658462628, 52.261106382853797 ], [ 21.224456670318368, 52.261106378350348 ], [ 21.224456682818065, 52.261106374558828 ], [ 21.224456695848517, 52.261106371513534 ], [ 21.224456709291722, 52.261106369242057 ], [ 21.224456723025938, 52.261106367764974 ], [ 21.224456736926779, 52.261106367095664 ], [ 21.228684283095824, 52.261026607161881 ], [ 21.228684297037379, 52.261026607305894 ], [ 21.228684310893499, 52.261026608262434 ], [ 21.228684324538694, 52.261026610022839 ], [ 21.228684337849398, 52.26102661257115 ], [ 21.228684350705063, 52.261026615884298 ], [ 21.228684362989267, 52.261026619932309 ], [ 21.228684374590763, 52.261026624678458 ], [ 21.228684385404481, 52.261026630079819 ], [ 21.228684395332493, 52.261026636087472 ], [ 21.228684404284898, 52.261026642646982 ], [ 21.228684412180609, 52.261026649698948 ], [ 21.230911011391747, 52.263233273750039 ], [ 21.230911013316287, 52.263233275468707 ], [ 21.230911016714323, 52.263233275503765 ], [ 21.235138827647578, 52.263153280674373 ], [ 21.235138841589801, 52.263153280817612 ], [ 21.235138855446703, 52.263153281773384 ], [ 21.23513886909279, 52.263153283533036 ], [ 21.235138882404481, 52.263153286080616 ], [ 21.235138895261226, 52.263153289393038 ], [ 21.235138907546592, 52.263153293440354 ], [ 21.235138919149314, 52.263153298185863 ], [ 21.235138929964332, 52.263153303586613 ], [ 21.235138939893684, 52.263153309593712 ], [ 21.23513894884746, 52.263153316152703 ], [ 21.235138956744571, 52.263153323204229 ], [ 21.237365982634806, 52.265359819871364 ], [ 21.237365984559688, 52.265359821589932 ], [ 21.237365987957887, 52.265359821624784 ], [ 21.241594063595702, 52.265279591854494 ], [ 21.241594066983883, 52.26527959169087 ], [ 21.241594068731992, 52.265279589902612 ], [ 21.243594610702527, 52.262992877920297 ], [ 21.243594617874386, 52.262992870582856 ], [ 21.243594626150482, 52.262992863696944 ], [ 21.243594635455867, 52.262992857324889 ], [ 21.243594645706271, 52.262992851524423 ], [ 21.24359465680887, 52.262992846348091 ], [ 21.243594668663103, 52.262992841842745 ], [ 21.243594681161632, 52.262992838049215 ], [ 21.243594694191259, 52.26299283500181 ], [ 21.243594707633985, 52.262992832728166 ], [ 21.24359472136808, 52.262992831248866 ], [ 21.243594735269156, 52.262992830577296 ], [ 21.247822405610382, 52.262912383407169 ], [ 21.247822419552524, 52.262912383548908 ], [ 21.247822433409574, 52.262912384503181 ], [ 21.247822447056045, 52.262912386261362 ], [ 21.247822460368351, 52.262912388807507 ], [ 21.247822473225927, 52.262912392118537 ], [ 21.247822485512341, 52.262912396164523 ], [ 21.247822497116321, 52.262912400908775 ], [ 21.247822507932778, 52.262912406308345 ], [ 21.24782251786376, 52.262912412314343 ], [ 21.247822526819331, 52.262912418872368 ], [ 21.247822534718388, 52.26291242592302 ], [ 21.250050170840584, 52.265118676239936 ], [ 21.250050172765942, 52.265118677958306 ], [ 21.25005017616412, 52.265118677992795 ], [ 21.254278192101172, 52.265037994302723 ], [ 21.254278195489277, 52.26503799413873 ], [ 21.254278197236861, 52.265037992350287 ], [ 21.256278107643855, 52.262751029026255 ], [ 21.25627810910629, 52.262751027143956 ], [ 21.256278107455707, 52.262751025321172 ], [ 21.254050287938092, 52.260544893930131 ], [ 21.254050281166421, 52.260544886451036 ], [ 21.25405027558401, 52.260544878610858 ], [ 21.254050271241404, 52.260544870480544 ], [ 21.254050268177938, 52.26054486213377 ], [ 21.254050266421348, 52.260544853646088 ], [ 21.254050265987551, 52.260544845094387 ], [ 21.254050266880469, 52.260544836556107 ], [ 21.254050269092016, 52.260544828108578 ], [ 21.254050272602164, 52.260544819828276 ], [ 21.254050277379129, 52.260544811790211 ], [ 21.254050283379648, 52.260544804067194 ], [ 21.256049972096072, 52.258257889027981 ], [ 21.256049973558376, 52.258257887145682 ], [ 21.256049971907974, 52.258257885322884 ], [ 21.253822395632312, 52.256051745357887 ], [ 21.253822388861394, 52.256051737878778 ], [ 21.253822383279605, 52.256051730038564 ], [ 21.253822378937507, 52.256051721908236 ], [ 21.253822375874417, 52.25605171356144 ], [ 21.253822374118073, 52.256051705073752 ], [ 21.25382237368439, 52.256051696522036 ], [ 21.25382237457729, 52.256051687983756 ], [ 21.253822376788683, 52.256051679536235 ], [ 21.253822380298548, 52.256051671255925 ], [ 21.253822385075097, 52.256051663217889 ], [ 21.253822391075069, 52.256051655494872 ], [ 21.255821858157304, 52.253764788739645 ], [ 21.255821865325679, 52.2537647814015 ], [ 21.25582187359818, 52.253764774514742 ], [ 21.255821882899891, 52.253764768141764 ], [ 21.255821893146575, 52.253764762340289 ], [ 21.25582190424544, 52.253764757162827 ], [ 21.255821916095964, 52.253764752656295 ], [ 21.255821928590837, 52.253764748861499 ], [ 21.255821941616901, 52.253764745812781 ], [ 21.255821955056181, 52.253764743537786 ], [ 21.255821968786979, 52.253764742057086 ], [ 21.255821982684946, 52.253764741384117 ], [ 21.260048821188398, 52.253683864847687 ], [ 21.260048824575613, 52.253683864683552 ], [ 21.260048826322528, 52.253683862895016 ], [ 21.262047943667064, 52.251396806986413 ], [ 21.262047945128895, 52.251396805104044 ], [ 21.26204794347851, 52.251396803281331 ], [ 21.259820427185712, 52.249190773636258 ], [ 21.259820420414869, 52.24919076615749 ], [ 21.259820414832934, 52.24919075831756 ], [ 21.259820410490452, 52.249190750187438 ], [ 21.259820407426755, 52.249190741840799 ], [ 21.259820405669579, 52.249190733353203 ], [ 21.259820405234848, 52.249190724801522 ], [ 21.259820406126494, 52.2491907162632 ], [ 21.259820408336441, 52.249190707815565 ], [ 21.259820411844682, 52.249190699535092 ], [ 21.259820416619437, 52.249190691496821 ], [ 21.259820422617469, 52.24919068377352 ], [ 21.261819318489295, 52.246903676164628 ], [ 21.261819319950995, 52.246903674282258 ], [ 21.261819318300791, 52.246903672459545 ], [ 21.259592002455033, 52.244697591920776 ], [ 21.259592000530219, 52.24469759020257 ], [ 21.259591997133608, 52.244697590168343 ], [ 21.255366011234056, 52.244778440670189 ], [ 21.255365997297609, 52.244778440529274 ], [ 21.255365983446087, 52.244778439575811 ], [ 21.255365969804931, 52.244778437818447 ], [ 21.255365956497684, 52.244778435273091 ], [ 21.255365943644858, 52.244778431962814 ], [ 21.255365931362842, 52.244778427917552 ], [ 21.255365919762873, 52.244778423173997 ], [ 21.255365908949997, 52.244778417775045 ], [ 21.255365899022138, 52.24477841176963 ], [ 21.255365890069207, 52.244778405212145 ], [ 21.255365882172281, 52.244778398161948 ], [ 21.253139077928008, 52.242572274787811 ], [ 21.253139071159318, 52.242572267308631 ], [ 21.253139065579418, 52.242572259468346 ], [ 21.25313906123883, 52.242572251337961 ], [ 21.253139058176878, 52.242572242991109 ], [ 21.253139056421276, 52.242572234503392 ], [ 21.253139055987933, 52.242572225951655 ], [ 21.253139056880773, 52.242572217413354 ], [ 21.253139059091701, 52.242572208965825 ], [ 21.253139062600706, 52.242572200685551 ], [ 21.253139067376004, 52.242572192647529 ], [ 21.253139073374349, 52.242572184924548 ], [ 21.255137990857541, 52.240285331452675 ], [ 21.255137998023923, 52.240285324114573 ], [ 21.255138006294089, 52.24028531722788 ], [ 21.255138015593136, 52.240285310854972 ], [ 21.25513802583686, 52.240285305053582 ], [ 21.255138036932486, 52.240285299876206 ], [ 21.255138048779532, 52.24028529536978 ], [ 21.255138061270713, 52.240285291575084 ], [ 21.255138074292905, 52.240285288526486 ], [ 21.25513808772817, 52.240285286251599 ], [ 21.255138101454847, 52.240285284771034 ], [ 21.255138115348615, 52.240285284098185 ], [ 21.2593636751138, 52.240204446609695 ], [ 21.259363678499991, 52.240204446445581 ], [ 21.25936368024642, 52.240204444657067 ], [ 21.261362248306025, 52.237917402079219 ], [ 21.261362249767462, 52.237917400196871 ], [ 21.261362248117624, 52.23791739837413 ], [ 21.259135418391427, 52.235711300657684 ], [ 21.259135416467032, 52.235711298939449 ], [ 21.259135413071107, 52.235711298905208 ], [ 21.254910279328616, 52.235792123382957 ], [ 21.254910265394983, 52.235792123241943 ], [ 21.254910251546274, 52.235792122288395 ], [ 21.254910237907907, 52.235792120530952 ], [ 21.254910224603389, 52.235792117985511 ], [ 21.254910211753209, 52.235792114675135 ], [ 21.254910199473741, 52.235792110629809 ], [ 21.254910187876192, 52.235792105886155 ], [ 21.254910177065589, 52.235792100487153 ], [ 21.254910167139837, 52.235792094481653 ], [ 21.254910158188821, 52.235792087924104 ], [ 21.254910150293604, 52.235792080873836 ], [ 21.252683831926909, 52.233585940364399 ], [ 21.252683825159711, 52.233585932885156 ], [ 21.252683819581065, 52.233585925044821 ], [ 21.25268381524149, 52.233585916914407 ], [ 21.25268381218029, 52.233585908567527 ], [ 21.252683810425182, 52.233585900079781 ], [ 21.252683809992067, 52.233585891528016 ], [ 21.252683810884864, 52.233585882989729 ], [ 21.252683813095487, 52.2335858745422 ], [ 21.25268381660392, 52.233585866261926 ], [ 21.252683821378383, 52.233585858223918 ], [ 21.252683827375645, 52.233585850500972 ], [ 21.254682417009032, 52.231298962025228 ], [ 21.254682418470544, 52.231298960142944 ], [ 21.254682416821229, 52.231298958320103 ], [ 21.252456298604223, 52.229092766940013 ], [ 21.252456291837767, 52.229092759460762 ], [ 21.252456286259747, 52.229092751620399 ], [ 21.252456281920679, 52.229092743489957 ], [ 21.252456278859857, 52.229092735143062 ], [ 21.252456277104997, 52.229092726655296 ], [ 21.252456276671996, 52.229092718103551 ], [ 21.252456277564772, 52.229092709565244 ], [ 21.252456279775238, 52.2290927011177 ], [ 21.252456283283387, 52.229092692837447 ], [ 21.252456288057434, 52.229092684799461 ], [ 21.252456294054152, 52.229092677076508 ], [ 21.254454700665885, 52.226805793023615 ], [ 21.254454702127266, 52.226805791141345 ], [ 21.254454700478131, 52.22680578931849 ], [ 21.252228825038944, 52.224599589374002 ], [ 21.252228818273238, 52.224599581894708 ], [ 21.252228812695844, 52.224599574054338 ], [ 21.25222880835728, 52.224599565923867 ], [ 21.252228805296834, 52.224599557576958 ], [ 21.25222880354222, 52.224599549089177 ], [ 21.252228803109332, 52.224599540537419 ], [ 21.252228804002087, 52.224599531999111 ], [ 21.252228806212404, 52.224599523551582 ], [ 21.252228809720261, 52.224599515271322 ], [ 21.252228814493897, 52.22459950723335 ], [ 21.252228820490071, 52.224599499510411 ], [ 21.254227005809934, 52.222312663732168 ], [ 21.254227012973661, 52.222312656394124 ], [ 21.254227021240713, 52.222312649507508 ], [ 21.254227030536217, 52.2223126431347 ], [ 21.254227040775994, 52.222312637333417 ], [ 21.254227051867314, 52.222312632156168 ], [ 21.254227063709724, 52.222312627649877 ], [ 21.254227076195985, 52.222312623855323 ], [ 21.254227089213018, 52.222312620806875 ], [ 21.254227102642936, 52.22231261853215 ], [ 21.254227116364113, 52.222312617051749 ], [ 21.254227130252296, 52.222312616379071 ], [ 21.258450986596348, 52.222231830917863 ], [ 21.258450989981178, 52.222231830753799 ], [ 21.258450991726964, 52.222231828965292 ], [ 21.260448828041543, 52.219944804144234 ], [ 21.260448829502451, 52.219944802261885 ], [ 21.260448827853338, 52.219944800439123 ], [ 21.258223012250543, 52.217738710687669 ], [ 21.258223005484915, 52.21773870320871 ], [ 21.258222999907375, 52.217738695368602 ], [ 21.258222995568424, 52.217738687238359 ], [ 21.25822299250737, 52.2177386788916 ], [ 21.258222990751928, 52.217738670403918 ], [ 21.258222990317996, 52.217738661852181 ], [ 21.258222991209504, 52.21773865331383 ], [ 21.258222993418375, 52.217738644866195 ], [ 21.258222996924612, 52.217738636585764 ], [ 21.258223001696457, 52.217738628547551 ], [ 21.258223007690692, 52.217738620824342 ], [ 21.260220584570604, 52.215451688148498 ], [ 21.26022059173226, 52.215451680810119 ], [ 21.26022059999713, 52.215451673923106 ], [ 21.260220609290361, 52.215451667549857 ], [ 21.260220619527786, 52.215451661748041 ], [ 21.260220630616704, 52.215451656570266 ], [ 21.260220642456687, 52.215451652063386 ], [ 21.260220654940511, 52.215451648268235 ], [ 21.260220667955121, 52.215451645219154 ], [ 21.260220681382648, 52.215451642943762 ], [ 21.260220695101502, 52.215451641462685 ], [ 21.260220708987433, 52.215451640789318 ], [ 21.264443897064364, 52.215370648281976 ], [ 21.264443900448644, 52.215370648117741 ], [ 21.264443902193921, 52.21537064632917 ], [ 21.266441130222905, 52.213083524667482 ], [ 21.26644113168334, 52.21308352278507 ], [ 21.266441130034249, 52.213083520962385 ], [ 21.264215374403705, 52.210877541371978 ], [ 21.264215367638158, 52.210877533893367 ], [ 21.264215362060465, 52.21087752605353 ], [ 21.264215357721138, 52.210877517923507 ], [ 21.264215354659477, 52.210877509576903 ], [ 21.264215352903207, 52.210877501089314 ], [ 21.264215352468231, 52.210877492537598 ], [ 21.264215353358491, 52.210877483999212 ], [ 21.26421535556592, 52.210877475551456 ], [ 21.264215359070533, 52.210877467270869 ], [ 21.264215363840592, 52.210877459232414 ], [ 21.264215369832893, 52.210877451508921 ], [ 21.266212376899478, 52.208590378153801 ], [ 21.266212378359782, 52.208590376271381 ], [ 21.266212376710868, 52.208590374448697 ], [ 21.263986821076294, 52.206384343957005 ], [ 21.263986819153015, 52.206384342238835 ], [ 21.263986815759328, 52.2063843422047 ], [ 21.259764397401621, 52.206465310200308 ], [ 21.259764394017992, 52.206465310364401 ], [ 21.259764392272864, 52.206465312152908 ], [ 21.257767142592169, 52.208752279815414 ], [ 21.257767135431141, 52.208752287153665 ], [ 21.257767127167103, 52.208752294040501 ], [ 21.257767117874888, 52.208752300413572 ], [ 21.257767107638646, 52.208752306215125 ], [ 21.257767096551081, 52.208752311392672 ], [ 21.257767084712604, 52.208752315899289 ], [ 21.257767072230425, 52.208752319694185 ], [ 21.257767059217585, 52.208752322742974 ], [ 21.257767045791933, 52.208752325018054 ], [ 21.257767032075048, 52.208752326498832 ], [ 21.257767018191156, 52.208752327171887 ], [ 21.253544519213008, 52.208833072090215 ], [ 21.253544505287817, 52.208833071948945 ], [ 21.253544491447538, 52.208833070995134 ], [ 21.253544477817513, 52.208833069237429 ], [ 21.253544464521173, 52.208833066691732 ], [ 21.253544451678938, 52.208833063381107 ], [ 21.253544439407104, 52.208833059335539 ], [ 21.253544427816809, 52.208833054591643 ], [ 21.253544417013014, 52.208833049192414 ], [ 21.253544407093564, 52.208833043186708 ], [ 21.253544398148289, 52.208833036628945 ], [ 21.253544390258199, 52.208833029578514 ], [ 21.251319527934893, 52.206626837695794 ], [ 21.25131952117216, 52.2066268302164 ], [ 21.251319515597277, 52.206626822375938 ], [ 21.251319511260728, 52.206626814245382 ], [ 21.251319508201789, 52.206626805898402 ], [ 21.251319506448162, 52.206626797410586 ], [ 21.251319506015729, 52.206626788858799 ], [ 21.251319506908402, 52.20662678032047 ], [ 21.251319509118105, 52.206626771872962 ], [ 21.251319512624818, 52.206626763592695 ], [ 21.251319517396787, 52.206626755554751 ], [ 21.251319523390798, 52.206626747831876 ], [ 21.253317015574194, 52.204339885874589 ], [ 21.253317017034913, 52.204339883992333 ], [ 21.253317015386688, 52.20433988216945 ], [ 21.251092352843969, 52.202133639423266 ], [ 21.251092346081979, 52.20213363194383 ], [ 21.251092340507718, 52.202133624103354 ], [ 21.251092336171677, 52.202133615972784 ], [ 21.251092333113114, 52.202133607625804 ], [ 21.251092331359732, 52.202133599137973 ], [ 21.25109233092741, 52.202133590586165 ], [ 21.251092331820068, 52.202133582047836 ], [ 21.251092334029615, 52.202133573600314 ], [ 21.25109233753604, 52.202133565320068 ], [ 21.251092342307594, 52.202133557282124 ], [ 21.251092348301064, 52.202133549559271 ], [ 21.253089657734677, 52.199846692017353 ], [ 21.253089659195268, 52.199846690135089 ], [ 21.253089657547221, 52.199846688312206 ], [ 21.25086523738544, 52.19764043700976 ], [ 21.250865230624193, 52.19764042953031 ], [ 21.250865225050561, 52.197640421689798 ], [ 21.250865220715017, 52.197640413559213 ], [ 21.250865217656834, 52.197640405212219 ], [ 21.250865215903701, 52.197640396724374 ], [ 21.250865215471492, 52.197640388172559 ], [ 21.250865216364126, 52.19764037963423 ], [ 21.250865218573523, 52.197640371186694 ], [ 21.250865222079661, 52.197640362906469 ], [ 21.250865226850802, 52.197640354868525 ], [ 21.250865232843726, 52.197640347145686 ], [ 21.252862321278286, 52.195353537870425 ], [ 21.252862328438042, 52.195353530532472 ], [ 21.252862336700428, 52.195353523645991 ], [ 21.252862345990618, 52.195353517273318 ], [ 21.252862356224487, 52.195353511472199 ], [ 21.252862367309344, 52.195353506295135 ], [ 21.252862379144815, 52.195353501789036 ], [ 21.252862391623704, 52.195353497994695 ], [ 21.25286240463301, 52.195353494946474 ], [ 21.252862418054914, 52.195353492671991 ], [ 21.252862431767866, 52.195353491191838 ], [ 21.252862445647676, 52.195353490519402 ], [ 21.25708375020476, 52.195272783020791 ], [ 21.257083753587551, 52.195272782856783 ], [ 21.257083755332367, 52.195272781068311 ], [ 21.259080457101611, 52.192985826699363 ], [ 21.259080464259959, 52.192985819361056 ], [ 21.259080472520942, 52.192985812474149 ], [ 21.259080481809747, 52.192985806101007 ], [ 21.259080492042251, 52.192985800299347 ], [ 21.259080503125791, 52.192985795121722 ], [ 21.259080514959987, 52.192985790614998 ], [ 21.259080527437671, 52.192985786820017 ], [ 21.259080540445844, 52.192985783771128 ], [ 21.259080553866699, 52.192985781495942 ], [ 21.259080567578696, 52.192985780015086 ], [ 21.259080581457653, 52.192985779341925 ], [ 21.263301643654632, 52.192904851972195 ], [ 21.263301647037217, 52.192904851808009 ], [ 21.263301648781692, 52.19290485001946 ], [ 21.265297925653254, 52.190617794453743 ], [ 21.265297932810199, 52.190617787115066 ], [ 21.265297941069782, 52.190617780227733 ], [ 21.265297950357198, 52.190617773854122 ], [ 21.265297960588342, 52.190617768051929 ], [ 21.265297971670559, 52.190617762873728 ], [ 21.265297983503487, 52.190617758366415 ], [ 21.265297995979964, 52.190617754570781 ], [ 21.265298008987003, 52.190617751521209 ], [ 21.265298022406807, 52.190617749245334 ], [ 21.265298036117848, 52.190617747763753 ], [ 21.265298049995955, 52.190617747089881 ], [ 21.269518869787643, 52.190536599888432 ], [ 21.269518873170021, 52.190536599724076 ], [ 21.269518874914151, 52.190536597935427 ], [ 21.271514765224207, 52.188249397359613 ], [ 21.271514766683644, 52.188249395477129 ], [ 21.271514765035295, 52.188249393654516 ], [ 21.269290039711215, 52.186043489731937 ], [ 21.269290032948724, 52.186043482253531 ], [ 21.26929002737339, 52.1860434744139 ], [ 21.269290023035701, 52.186043466283998 ], [ 21.269290019974939, 52.18604345793748 ], [ 21.269290018218829, 52.18604344944994 ], [ 21.269290017783266, 52.186043440898224 ], [ 21.269290018672201, 52.186043432359781 ], [ 21.26929002087758, 52.186043423911933 ], [ 21.269290024379437, 52.18604341563119 ], [ 21.269290029146049, 52.186043407592543 ], [ 21.269290035134254, 52.186043399868808 ], [ 21.271285704844779, 52.183756247610376 ], [ 21.271285706304084, 52.183756245727892 ], [ 21.271285704655917, 52.183756243905272 ], [ 21.2690612217162, 52.181550331370801 ], [ 21.269061214954455, 52.181550323892374 ], [ 21.269061209379743, 52.181550316052707 ], [ 21.269061205042558, 52.181550307922798 ], [ 21.269061201982176, 52.181550299576266 ], [ 21.269061200226311, 52.181550291088712 ], [ 21.269061199790865, 52.181550282536982 ], [ 21.269061200679779, 52.181550273998539 ], [ 21.269061202885005, 52.181550265550698 ], [ 21.269061206386574, 52.181550257269947 ], [ 21.269061211152774, 52.181550249231321 ], [ 21.26906121714044, 52.18155024150758 ], [ 21.27105670457053, 52.179263093707554 ], [ 21.271056706029704, 52.179263091825078 ], [ 21.271056704381717, 52.179263090002436 ], [ 21.268832463760308, 52.177057168857445 ], [ 21.268832456999302, 52.177057161378997 ], [ 21.268832451425222, 52.177057153539309 ], [ 21.268832447088538, 52.177057145409385 ], [ 21.268832444028536, 52.177057137062839 ], [ 21.268832442272917, 52.177057128575264 ], [ 21.268832441837585, 52.177057120023534 ], [ 21.268832442726481, 52.17705711148507 ], [ 21.268832444931554, 52.177057103037242 ], [ 21.268832448432839, 52.177057094756492 ], [ 21.268832453198623, 52.17705708671788 ], [ 21.268832459185749, 52.17705707899416 ], [ 21.270827726120899, 52.174769979509342 ], [ 21.270827733274459, 52.174769972170367 ], [ 21.270827741530315, 52.174769965282664 ], [ 21.270827750813691, 52.174769958908641 ], [ 21.270827761040525, 52.174769953106022 ], [ 21.270827772118199, 52.174769947927338 ], [ 21.270827783946391, 52.174769943419506 ], [ 21.270827796417986, 52.174769939623339 ], [ 21.270827809420034, 52.17476993657322 ], [ 21.270827822834793, 52.174769934296762 ], [ 21.270827836540764, 52.174769932814584 ], [ 21.270827850413841, 52.174769932140116 ], [ 21.275047153958852, 52.174688604407692 ], [ 21.275047157339998, 52.174688604243187 ], [ 21.275047159083307, 52.174688602454459 ], [ 21.27704207810137, 52.172401314192101 ], [ 21.277042079560076, 52.172401312309553 ], [ 21.27704207791211, 52.172401310487011 ], [ 21.274817897408273, 52.17019549933066 ], [ 21.274817890647352, 52.170195491852553 ], [ 21.274817885073119, 52.170195484013142 ], [ 21.274817880736062, 52.170195475883418 ], [ 21.274817877675449, 52.170195467537027 ], [ 21.274817875919005, 52.170195459049559 ], [ 21.274817875482633, 52.170195450497843 ], [ 21.274817876370282, 52.170195441959351 ], [ 21.27481787857392, 52.170195433511402 ], [ 21.274817882073588, 52.170195425230496 ], [ 21.274817886837589, 52.17019541719165 ], [ 21.274817892822785, 52.170195409467638 ], [ 21.276812591506332, 52.16790816953614 ], [ 21.276812592964902, 52.167908167653593 ], [ 21.276812591317118, 52.167908165831044 ], [ 21.274588610400958, 52.165702303748695 ], [ 21.274588608479082, 52.165702302030681 ], [ 21.274588605088493, 52.165702301996802 ], [ 21.270370150185435, 52.165783603568116 ], [ 21.270370136273705, 52.165783603428679 ], [ 21.270370122446526, 52.165783602476679 ], [ 21.270370108829109, 52.165783600720758 ], [ 21.270370095544784, 52.165783598176802 ], [ 21.270370082713857, 52.165783594867861 ], [ 21.270370070452525, 52.165783590823885 ], [ 21.270370058871823, 52.165783586081517 ], [ 21.270370048076632, 52.165783580683673 ], [ 21.270370038164717, 52.165783574679274 ], [ 21.270370029225841, 52.16578356812267 ], [ 21.270370021340952, 52.165783561073269 ], [ 21.268146507282619, 52.163577614104021 ], [ 21.268146505361081, 52.163577612385893 ], [ 21.268146501970655, 52.163577612351837 ], [ 21.263928229167707, 52.163658681264266 ], [ 21.263928215256637, 52.163658681124062 ], [ 21.263928201430229, 52.163658680171302 ], [ 21.263928187813697, 52.16365867841462 ], [ 21.263928174530353, 52.163658675869918 ], [ 21.263928161700498, 52.16365867256026 ], [ 21.263928149440318, 52.163658668515616 ], [ 21.263928137860841, 52.163658663772587 ], [ 21.26392812706694, 52.163658658374146 ], [ 21.263928117156357, 52.163658652369186 ], [ 21.263928108218845, 52.16365864581207 ], [ 21.263928100335349, 52.163658638762222 ], [ 21.261705053069271, 52.16145260695766 ], [ 21.261705046311899, 52.16145259947875 ], [ 21.261705040741095, 52.161452591638664 ], [ 21.26170503640731, 52.161452583508407 ], [ 21.261705033349795, 52.16145257516164 ], [ 21.261705031596232, 52.161452566673923 ], [ 21.26170503116251, 52.161452558122114 ], [ 21.261705032052557, 52.161452549583686 ], [ 21.261705034258306, 52.161452541135951 ], [ 21.261705037759778, 52.1614525328554 ], [ 21.261705042525278, 52.161452524817044 ], [ 21.261705048511637, 52.161452517093679 ], [ 21.263700049269705, 52.15916549260961 ], [ 21.263700050728559, 52.159165490727219 ], [ 21.263700049081638, 52.159165488904449 ], [ 21.261477201127278, 52.156959406212863 ], [ 21.261477194370649, 52.156959398733918 ], [ 21.26147718880047, 52.156959390893817 ], [ 21.261477184467186, 52.156959382763539 ], [ 21.261477181410047, 52.156959374416751 ], [ 21.26147717965673, 52.156959365929019 ], [ 21.261477179223121, 52.156959357377211 ], [ 21.261477180113147, 52.156959348838768 ], [ 21.261477182318739, 52.156959340391033 ], [ 21.261477185819931, 52.156959332110496 ], [ 21.261477190585019, 52.156959324072162 ], [ 21.261477196570837, 52.156959316348797 ], [ 21.263471976957643, 52.154672340155756 ], [ 21.263471984109305, 52.154672332817228 ], [ 21.263471992362685, 52.154672325930058 ], [ 21.263472001643034, 52.154672319556617 ], [ 21.263472011866316, 52.154672313754645 ], [ 21.263472022939951, 52.154672308576707 ], [ 21.263472034763641, 52.154672304069642 ], [ 21.263472047230312, 52.154672300274306 ], [ 21.263472060227073, 52.154672297225041 ], [ 21.263472073636215, 52.154672294949471 ], [ 21.263472087336307, 52.154672293468217 ], [ 21.263472101203277, 52.154672292794693 ], [ 21.267689525898422, 52.154591249957683 ], [ 21.267689529278083, 52.154591249793405 ], [ 21.267689531020928, 52.154591248004785 ], [ 21.269683963961096, 52.152304083071776 ], [ 21.269683965419482, 52.152304081189314 ], [ 21.269683963772582, 52.152304079366644 ], [ 21.267461133053605, 52.150098064285494 ], [ 21.267461131132691, 52.150098062567345 ], [ 21.267461127743289, 52.150098062533246 ], [ 21.263244126935632, 52.150179092336479 ], [ 21.263244113028769, 52.15017909219614 ], [ 21.26324409920656, 52.150179091243267 ], [ 21.263244085594184, 52.15017908948645 ], [ 21.263244072314919, 52.150179086941613 ], [ 21.263244059489015, 52.150179083631834 ], [ 21.263244047232639, 52.150179079587062 ], [ 21.263244035656776, 52.150179074843919 ], [ 21.263244024866264, 52.150179069445365 ], [ 21.263244014958822, 52.150179063440291 ], [ 21.26324400602417, 52.150179056883097 ], [ 21.263243998143231, 52.150179049833135 ], [ 21.261021676495599, 52.147972992280359 ], [ 21.261021669740447, 52.14797298480137 ], [ 21.261021664171519, 52.147972976961213 ], [ 21.261021659839244, 52.147972968830899 ], [ 21.261021656782855, 52.147972960484083 ], [ 21.261021655030031, 52.147972951996323 ], [ 21.261021654596654, 52.147972943444501 ], [ 21.261021655486637, 52.147972934906058 ], [ 21.261021657691927, 52.14797292645833 ], [ 21.261021661192551, 52.147972918177793 ], [ 21.261021665956804, 52.147972910139465 ], [ 21.261021671941545, 52.14797290241615 ], [ 21.263016126471822, 52.145685891234272 ], [ 21.263016127930285, 52.145685889351896 ], [ 21.263016126283908, 52.145685887529112 ], [ 21.260793961155457, 52.143479736788578 ], [ 21.260793959235091, 52.143479735070315 ], [ 21.260793955846189, 52.143479735036024 ], [ 21.256577479948088, 52.14356052088047 ], [ 21.256577476569216, 52.143560521044421 ], [ 21.256577474826337, 52.143560522832871 ], [ 21.254582778605759, 52.14584742855773 ], [ 21.25458277145399, 52.145847435895739 ], [ 21.254582763200808, 52.145847442782291 ], [ 21.25458275392096, 52.145847449155021 ], [ 21.254582743698485, 52.145847454956211 ], [ 21.254582732625959, 52.145847460133332 ], [ 21.254582720803654, 52.145847464639502 ], [ 21.254582708338638, 52.145847468433878 ], [ 21.254582695343792, 52.145847471482142 ], [ 21.254582681936807, 52.145847473756668 ], [ 21.254582668239088, 52.145847475236849 ], [ 21.254582654374691, 52.145847475909314 ], [ 21.250366017694244, 52.145928040717202 ], [ 21.250366014315158, 52.145928040880982 ], [ 21.250366012571941, 52.145928042669347 ], [ 21.248370892609415, 52.148214847323842 ], [ 21.248370885456247, 52.148214854661482 ], [ 21.248370877201666, 52.148214861547629 ], [ 21.248370867920436, 52.148214867919883 ], [ 21.248370857696603, 52.148214873720548 ], [ 21.248370846622759, 52.148214878897079 ], [ 21.248370834799189, 52.148214883402638 ], [ 21.248370822332966, 52.148214887196374 ], [ 21.24837080933699, 52.14821489024397 ], [ 21.24837079592896, 52.148214892517792 ], [ 21.248370782230289, 52.14821489399727 ], [ 21.248370768365042, 52.14821489466901 ], [ 21.244153890094797, 52.148295239951594 ], [ 21.244153886715509, 52.148295240115196 ], [ 21.244153884971947, 52.14829524190349 ], [ 21.242158302933632, 52.15058198929173 ], [ 21.242158301474127, 52.150581991173858 ], [ 21.242158303119847, 52.150581992996933 ], [ 21.244379879178744, 52.152788456769009 ], [ 21.244379885931885, 52.152788464248971 ], [ 21.244379891498539, 52.152788472089931 ], [ 21.244379895828295, 52.152788480220877 ], [ 21.244379898881942, 52.152788488568156 ], [ 21.24437990063182, 52.152788497056186 ], [ 21.244379901062086, 52.152788505608086 ], [ 21.244379900168848, 52.152788514146451 ], [ 21.244379897960183, 52.152788522593909 ], [ 21.244379894456106, 52.152788530873977 ], [ 21.244379889688343, 52.152788538911651 ], [ 21.244379883700077, 52.152788546634191 ], [ 21.242384195879012, 52.155075210708517 ], [ 21.242384188723779, 52.155075218045823 ], [ 21.242384180467027, 52.155075224931544 ], [ 21.242384171183527, 52.155075231303357 ], [ 21.242384160957357, 52.155075237103517 ], [ 21.242384149881122, 52.15507524227953 ], [ 21.242384138055129, 52.155075246784492 ], [ 21.242384125586479, 52.155075250577632 ], [ 21.242384112588091, 52.155075253624581 ], [ 21.242384099177681, 52.155075255897749 ], [ 21.24238408547669, 52.155075257376573 ], [ 21.242384071609205, 52.155075258047624 ], [ 21.238166527865314, 52.155155396654258 ], [ 21.238166524485479, 52.15515539681769 ], [ 21.238166522741416, 52.155155398605885 ], [ 21.236170372668237, 52.157442005354156 ], [ 21.236170365511605, 52.157442012691099 ], [ 21.236170357253449, 52.157442019576408 ], [ 21.236170347968567, 52.157442025947738 ], [ 21.236170337741036, 52.157442031747379 ], [ 21.236170326663483, 52.157442036922809 ], [ 21.236170314836222, 52.15744204142716 ], [ 21.236170302366371, 52.157442045219653 ], [ 21.236170289366854, 52.157442048265935 ], [ 21.236170275955395, 52.157442050538421 ], [ 21.236170262253456, 52.157442052016513 ], [ 21.236170248385115, 52.157442052686847 ], [ 21.231952543955476, 52.15752197012354 ], [ 21.231952530046307, 52.157521969979527 ], [ 21.231952516222378, 52.157521969023001 ], [ 21.231952502608877, 52.157521967262582 ], [ 21.231952489329085, 52.157521964714242 ], [ 21.231952476503277, 52.157521961401052 ], [ 21.231952464247602, 52.157521957353012 ], [ 21.231952452673049, 52.157521952606807 ], [ 21.231952441884431, 52.157521947205353 ], [ 21.231952431979465, 52.157521941197643 ], [ 21.231952423047836, 52.157521934638027 ], [ 21.231952415170447, 52.157521927585947 ], [ 21.229731203970395, 52.155315226952062 ], [ 21.229731202050687, 52.155315225233281 ], [ 21.229731198660883, 52.155315225198109 ], [ 21.225513595892437, 52.155394911671934 ], [ 21.225513581983932, 52.155394911527168 ], [ 21.225513568160775, 52.155394910569868 ], [ 21.225513554548158, 52.155394908808702 ], [ 21.225513541269354, 52.155394906259616 ], [ 21.225513528444619, 52.155394902945709 ], [ 21.225513516190095, 52.155394898897001 ], [ 21.225513504616767, 52.155394894150128 ], [ 21.225513493829435, 52.155394888748091 ], [ 21.225513483925798, 52.155394882739806 ], [ 21.225513474995541, 52.155394876179699 ], [ 21.225513467119544, 52.155394869127178 ], [ 21.223292679924484, 52.15318804160848 ], [ 21.223292678005112, 52.153188039889585 ], [ 21.223292674615468, 52.153188039854221 ], [ 21.219075254453131, 52.15326749386454 ], [ 21.219075240545287, 52.153267493719007 ], [ 21.219075226722907, 52.153267492760946 ], [ 21.219075213111175, 52.153267490999028 ], [ 21.219075199833352, 52.153267488449202 ], [ 21.21907518700969, 52.153267485134592 ], [ 21.219075174756323, 52.15326748108518 ], [ 21.219075163184218, 52.15326747633766 ], [ 21.219075152398172, 52.15326747093502 ], [ 21.219075142495868, 52.153267464926188 ], [ 21.219075133566978, 52.153267458365569 ], [ 21.21907512569237, 52.153267451312594 ], [ 21.216854762457064, 52.151060496954905 ], [ 21.216854760538034, 52.151060495235903 ], [ 21.216854757148553, 52.151060495200369 ], [ 21.21263751965801, 52.151139716780463 ], [ 21.212637505750827, 52.151139716634162 ], [ 21.212637491929225, 52.151139715675335 ], [ 21.212637478318374, 52.151139713912663 ], [ 21.212637465041539, 52.151139711362106 ], [ 21.212637452218949, 52.151139708046777 ], [ 21.212637439966738, 52.151139703996684 ], [ 21.212637428395858, 52.151139699248525 ], [ 21.212637417611095, 52.151139693845273 ], [ 21.212637407710123, 52.151139687835879 ], [ 21.212637398782601, 52.151139681274756 ], [ 21.212637390909382, 52.151139674221334 ], [ 21.210417451588576, 52.148932593070455 ], [ 21.210417449669883, 52.148932591351347 ], [ 21.210417446280562, 52.148932591315628 ], [ 21.206200391527478, 52.149011580498829 ], [ 21.206200377620956, 52.149011580351761 ], [ 21.206200363800129, 52.149011579392173 ], [ 21.206200350190166, 52.149011577628748 ], [ 21.206200336914311, 52.149011575077452 ], [ 21.206200324092798, 52.149011571761413 ], [ 21.206200311841741, 52.149011567710637 ], [ 21.206200300272084, 52.149011562961817 ], [ 21.206200289488606, 52.149011557557976 ], [ 21.206200279588966, 52.149011551548007 ], [ 21.206200270662809, 52.149011544986394 ], [ 21.206200262790983, 52.149011537932523 ], [ 21.20398074733939, 52.146804330034264 ], [ 21.203980745421031, 52.146804328315042 ], [ 21.203980742031874, 52.146804328279131 ], [ 21.199763789219826, 52.146883086607559 ], [ 21.199763785840439, 52.146883086769883 ], [ 21.199763784095136, 52.14688308855753 ], [ 21.197766003758201, 52.149169065941187 ], [ 21.19776599659647, 52.14916907327585 ], [ 21.197765988333803, 52.149169080158522 ], [ 21.19776597904503, 52.149169086526882 ], [ 21.197765968814274, 52.149169092323227 ], [ 21.19776595773418, 52.149169097495083 ], [ 21.1977659459051, 52.149169101995618 ], [ 21.197765933434155, 52.149169105784068 ], [ 21.197765920434282, 52.149169108826115 ], [ 21.197765907023214, 52.149169111094224 ], [ 21.197765893322398, 52.149169112567833 ], [ 21.197765879455918, 52.14916911323364 ], [ 21.19354884740682, 52.149247648846377 ], [ 21.193548833500223, 52.149247648697816 ], [ 21.193548819679553, 52.14924764773675 ], [ 21.19354880606997, 52.149247645971855 ], [ 21.193548792794726, 52.14924764341913 ], [ 21.193548779974044, 52.149247640101706 ], [ 21.193548767724032, 52.149247636049594 ], [ 21.193548756155625, 52.149247631299531 ], [ 21.193548745373587, 52.149247625894503 ], [ 21.193548735475567, 52.149247619883468 ], [ 21.193548726551192, 52.14924761332086 ], [ 21.193548718681299, 52.149247606266137 ], [ 21.191329809977713, 52.147040153369282 ], [ 21.191329808059827, 52.147040151649847 ], [ 21.191329804670652, 52.147040151613574 ], [ 21.187112874734822, 52.14711845639934 ], [ 21.187112860828886, 52.147118456249999 ], [ 21.187112847008997, 52.147118455288165 ], [ 21.187112833400295, 52.147118453522516 ], [ 21.187112820126039, 52.14711845096906 ], [ 21.187112807306431, 52.147118447650911 ], [ 21.187112795057569, 52.147118443598124 ], [ 21.187112783490388, 52.147118438847414 ], [ 21.187112772709636, 52.147118433441776 ], [ 21.187112762812944, 52.147118427430179 ], [ 21.187112753889942, 52.147118420867073 ], [ 21.187112746021437, 52.147118413811889 ], [ 21.184894261161954, 52.144910834284353 ], [ 21.184894259244409, 52.144910832564818 ], [ 21.184894255855397, 52.144910832528353 ], [ 21.180677508964646, 52.144988905013001 ], [ 21.180677495059374, 52.144988904862913 ], [ 21.180677481240259, 52.144988903900305 ], [ 21.180677467632446, 52.14498890213391 ], [ 21.180677454359166, 52.144988899579708 ], [ 21.180677441540634, 52.144988896260863 ], [ 21.180677429292935, 52.144988892207387 ], [ 21.180677417726972, 52.144988887456009 ], [ 21.180677406947506, 52.144988882049788 ], [ 21.18067739705215, 52.144988876037623 ], [ 21.180677388130512, 52.14498886947402 ], [ 21.180677380263397, 52.144988862418387 ], [ 21.178459319202624, 52.142781156305951 ], [ 21.178459317285419, 52.142781154586302 ], [ 21.178459313896564, 52.142781154549652 ], [ 21.174242750116385, 52.142858994766549 ], [ 21.174242736211774, 52.142858994615686 ], [ 21.174242722393441, 52.142858993652325 ], [ 21.174242708786512, 52.142858991885163 ], [ 21.17424269551422, 52.142858989330236 ], [ 21.174242682696761, 52.142858986010673 ], [ 21.174242670450209, 52.142858981956515 ], [ 21.174242658885479, 52.142858977204511 ], [ 21.174242648107295, 52.142858971797658 ], [ 21.174242638213268, 52.142858965784953 ], [ 21.174242629293001, 52.142858959220838 ], [ 21.174242621427279, 52.142858952164765 ], [ 21.172024984119794, 52.140651119513201 ], [ 21.172024982202924, 52.140651117793446 ], [ 21.172024978814235, 52.140651117756597 ], [ 21.167808517357457, 52.140728727225877 ], [ 21.167808513978393, 52.140728727387291 ], [ 21.167808512232032, 52.140728729174469 ], [ 21.165809345212899, 52.143014182289122 ], [ 21.165809338046817, 52.14301418962188 ], [ 21.165809329780263, 52.143014196502371 ], [ 21.165809320488115, 52.143014202868251 ], [ 21.165809310254513, 52.143014208661867 ], [ 21.165809299172139, 52.143014213830753 ], [ 21.165809287341354, 52.143014218328098 ], [ 21.165809274869297, 52.143014222113173 ], [ 21.165809261868926, 52.143014225151717 ], [ 21.165809248457965, 52.143014227416181 ], [ 21.165809234757873, 52.143014228886081 ], [ 21.165809220892715, 52.143014229548093 ], [ 21.161592680669024, 52.143091616289801 ], [ 21.161592666764346, 52.143091616137433 ], [ 21.161592652946162, 52.143091615172587 ], [ 21.16159263933962, 52.143091613403968 ], [ 21.161592626067943, 52.143091610847591 ], [ 21.161592613251319, 52.14309160752665 ], [ 21.161592601005815, 52.143091603471177 ], [ 21.161592589442336, 52.143091598717916 ], [ 21.161592578665591, 52.14309159330989 ], [ 21.161592568773184, 52.143091587296091 ], [ 21.161592559854704, 52.14309158073101 ], [ 21.16159255199091, 52.143091573674063 ], [ 21.159375521688137, 52.140883496338347 ], [ 21.159375519771739, 52.140883494618386 ], [ 21.159375516383029, 52.140883494581182 ], [ 21.15515907865478, 52.14096065060312 ], [ 21.155159064750762, 52.140960650450005 ], [ 21.155159050933356, 52.140960649484377 ], [ 21.155159037327703, 52.140960647715012 ], [ 21.15515902405701, 52.140960645157911 ], [ 21.155159011241459, 52.140960641836259 ], [ 21.155158998997113, 52.140960637780083 ], [ 21.155158987434856, 52.140960633026182 ], [ 21.155158976659401, 52.140960627617559 ], [ 21.155158966768326, 52.140960621603213 ], [ 21.15515895785121, 52.140960615037606 ], [ 21.155158949988813, 52.140960607980226 ], [ 21.15294234341378, 52.138752404222075 ], [ 21.15294234149772, 52.138752402502 ], [ 21.152942338109174, 52.138752402464604 ], [ 21.148726083798575, 52.13882932631477 ], [ 21.148726069895222, 52.138829326160888 ], [ 21.148726056078598, 52.1388293251945 ], [ 21.148726042473829, 52.138829323424368 ], [ 21.14872602920412, 52.138829320866542 ], [ 21.148726016389642, 52.138829317544165 ], [ 21.148726004146454, 52.138829313487335 ], [ 21.148725992585423, 52.138829308732767 ], [ 21.14872598181125, 52.13882930332354 ], [ 21.148725971921507, 52.138829297308639 ], [ 21.148725963005763, 52.138829290742535 ], [ 21.148725955144752, 52.1388292836847 ], [ 21.146509814746871, 52.136620995896813 ], [ 21.1465098080125, 52.136620988411011 ], [ 21.146509802465008, 52.136620980565205 ], [ 21.146509798154639, 52.136620972430428 ], [ 21.146509795120426, 52.136620964080379 ], [ 21.146509793389843, 52.136620955590672 ], [ 21.14650979297857, 52.136620947038175 ], [ 21.146509793890328, 52.13662093850035 ], [ 21.146509796116856, 52.136620930054491 ], [ 21.146509799637997, 52.13662092177713 ], [ 21.146509804421857, 52.136620913743215 ], [ 21.146509810425119, 52.136620906025485 ], [ 21.148509698374514, 52.134335770183668 ], [ 21.14850969983749, 52.134335768302662 ], [ 21.148509698196175, 52.13433576647823 ], [ 21.146293712952609, 52.132127385781779 ], [ 21.146293711037099, 52.132127384061576 ], [ 21.146293707649054, 52.132127384023995 ], [ 21.142078060402671, 52.132204063402718 ], [ 21.142078046501382, 52.132204063248025 ], [ 21.142078032686936, 52.132204062280834 ], [ 21.142078019084433, 52.132204060509913 ], [ 21.142078005817062, 52.132204057951299 ], [ 21.142077993004982, 52.132204054628168 ], [ 21.142077980764206, 52.132204050570607 ], [ 21.142077969205602, 52.132204045815364 ], [ 21.142077958433841, 52.132204040405504 ], [ 21.142077948546472, 52.132204034390014 ], [ 21.14207793963304, 52.132204027823377 ], [ 21.142077931774264, 52.132204020765066 ], [ 21.139862455033313, 52.129995598454059 ], [ 21.139862448301077, 52.129995590967837 ], [ 21.139862442755604, 52.129995583121691 ], [ 21.139862438447111, 52.129995574986651 ], [ 21.139862435414621, 52.129995566636403 ], [ 21.139862433685597, 52.129995558146575 ], [ 21.139862433275688, 52.129995549594014 ], [ 21.139862434188622, 52.129995541056225 ], [ 21.139862436416117, 52.129995532610501 ], [ 21.13986243993801, 52.12999552433331 ], [ 21.139862444722404, 52.12999551629963 ], [ 21.139862450725964, 52.129995508582233 ], [ 21.141862395261079, 52.127710482641689 ], [ 21.141862396724125, 52.127710480760754 ], [ 21.141862395083333, 52.127710478936216 ], [ 21.139647115823696, 52.125502006083053 ], [ 21.139647109092195, 52.12550199859681 ], [ 21.13964710354734, 52.125501990750635 ], [ 21.13964709923934, 52.125501982615596 ], [ 21.139647096207224, 52.125501974265326 ], [ 21.139647094478438, 52.125501965775477 ], [ 21.139647094068643, 52.125501957222916 ], [ 21.139647094981544, 52.12550194868512 ], [ 21.139647097208886, 52.125501940239388 ], [ 21.139647100730489, 52.125501931962212 ], [ 21.139647105514459, 52.125501923928553 ], [ 21.139647111517476, 52.125501916211157 ], [ 21.141646872595459, 52.123216894388314 ], [ 21.141646874058377, 52.123216892507379 ], [ 21.141646872417763, 52.123216890682848 ], [ 21.139431790587658, 52.121008367287608 ], [ 21.139431788672894, 52.121008365567292 ], [ 21.139431785285691, 52.121008365529505 ], [ 21.135217168281006, 52.121084788257008 ], [ 21.135217154383177, 52.121084788101456 ], [ 21.135217140572301, 52.121084787133427 ], [ 21.135217126973451, 52.121084785361681 ], [ 21.135217113709775, 52.121084782802242 ], [ 21.135217100901389, 52.121084779478323 ], [ 21.135217088664298, 52.121084775419995 ], [ 21.135217077109317, 52.121084770664034 ], [ 21.135217066341088, 52.121084765253499 ], [ 21.135217056457137, 52.121084759237384 ], [ 21.135217047546963, 52.121084752670178 ], [ 21.135217039691266, 52.12108474561137 ], [ 21.133002423597166, 52.118876138341804 ], [ 21.133002421682743, 52.118876136621374 ], [ 21.133002418295703, 52.118876136583403 ], [ 21.128787984767769, 52.118952327351792 ], [ 21.128787970870611, 52.118952327195494 ], [ 21.12878795706051, 52.118952326226697 ], [ 21.128787943462545, 52.118952324454185 ], [ 21.128787930199852, 52.118952321894014 ], [ 21.128787917392543, 52.118952318569384 ], [ 21.128787905156607, 52.118952314510381 ], [ 21.128787893602851, 52.118952309753759 ], [ 21.128787882835908, 52.118952304342635 ], [ 21.128787872953282, 52.118952298325958 ], [ 21.128787864044472, 52.118952291758255 ], [ 21.128787856190169, 52.118952284698985 ], [ 21.126573663309269, 52.116743551251901 ], [ 21.126573661395184, 52.116743549531364 ], [ 21.126573658008304, 52.116743549493201 ], [ 21.122359408022266, 52.116819508335865 ], [ 21.122359394125766, 52.1168195081788 ], [ 21.122359380316446, 52.11681950720925 ], [ 21.122359366719365, 52.116819505435984 ], [ 21.122359353457657, 52.116819502875082 ], [ 21.122359340651425, 52.116819499549734 ], [ 21.122359328416643, 52.116819495490056 ], [ 21.12235931686411, 52.116819490732802 ], [ 21.122359306098453, 52.116819485321052 ], [ 21.122359296217159, 52.116819479303835 ], [ 21.122359287309717, 52.116819472735621 ], [ 21.122359279456795, 52.116819465675917 ], [ 21.120145509743523, 52.114610606097024 ], [ 21.120145507829776, 52.114610604376381 ], [ 21.120145504443059, 52.114610604338026 ], [ 21.115931438063999, 52.114686331288382 ], [ 21.115931424168167, 52.114686331130549 ], [ 21.115931410359625, 52.114686330160239 ], [ 21.115931396763433, 52.114686328386213 ], [ 21.115931383502708, 52.114686325824586 ], [ 21.115931370697549, 52.114686322498521 ], [ 21.115931358463921, 52.114686318438153 ], [ 21.115931346912614, 52.114686313680259 ], [ 21.115931336148236, 52.114686308267913 ], [ 21.115931326268274, 52.114686302250128 ], [ 21.115931317362197, 52.114686295681416 ], [ 21.115931309510668, 52.114686288621265 ], [ 21.113717962919413, 52.112477302956307 ], [ 21.113717961006, 52.11247730123555 ], [ 21.113717957619446, 52.112477301197025 ], [ 21.109504074912422, 52.112552796288462 ], [ 21.109504061017255, 52.112552796129862 ], [ 21.109504047209494, 52.112552795158784 ], [ 21.109504033614183, 52.112552793384019 ], [ 21.109504020354446, 52.112552790821653 ], [ 21.109504007550363, 52.112552787494877 ], [ 21.109503995317887, 52.112552783433841 ], [ 21.109503983767805, 52.112552778675294 ], [ 21.10950397300471, 52.112552773262344 ], [ 21.10950396312608, 52.112552767244011 ], [ 21.109503954221367, 52.112552760674781 ], [ 21.109503946371227, 52.112552753614196 ], [ 21.107291065288798, 52.110343684270781 ], [ 21.107291058565028, 52.110343676782598 ], [ 21.107291053027769, 52.110343668934803 ], [ 21.10729104872717, 52.110343660798463 ], [ 21.107291045702187, 52.11034365244727 ], [ 21.107291043980204, 52.110343643956853 ], [ 21.107291043576822, 52.110343635404099 ], [ 21.107291044495692, 52.110343626866474 ], [ 21.107291046728495, 52.110343618421261 ], [ 21.107291050255004, 52.11034361014498 ], [ 21.107291055043287, 52.110343602112572 ], [ 21.107291061049978, 52.110343594396774 ], [ 21.109291836519638, 52.108059105534302 ], [ 21.109291837983452, 52.108059103653765 ], [ 21.10929183634472, 52.108059101828758 ], [ 21.107079152109641, 52.105849982036268 ], [ 21.107079145386603, 52.105849974548043 ], [ 21.107079139849958, 52.105849966700234 ], [ 21.10707913554986, 52.10584995856388 ], [ 21.107079132525239, 52.105849950212679 ], [ 21.107079130803498, 52.105849941722241 ], [ 21.107079130400219, 52.10584993316948 ], [ 21.107079131319061, 52.105849924631841 ], [ 21.107079133551704, 52.105849916186642 ], [ 21.107079137077921, 52.105849907910354 ], [ 21.107079141865785, 52.105849899877953 ], [ 21.107079147871932, 52.105849892162169 ], [ 21.109079739650184, 52.103565407330642 ], [ 21.109079741113863, 52.103565405450112 ], [ 21.109079739475305, 52.10356540362509 ], [ 21.106867252036004, 52.101356233383591 ], [ 21.106867250123347, 52.10135623166272 ], [ 21.106867246737636, 52.101356231623981 ], [ 21.102654312822935, 52.101431472131964 ], [ 21.102654309446553, 52.101431472291466 ], [ 21.102654307699044, 52.101431474077707 ], [ 21.100653476757039, 52.10371585312042 ], [ 21.100653469586266, 52.103715860449334 ], [ 21.10065346131665, 52.10371586732532 ], [ 21.100653452023082, 52.103715873686106 ], [ 21.100653441789728, 52.103715879474095 ], [ 21.100653430709254, 52.103715884636863 ], [ 21.100653418882018, 52.103715889127656 ], [ 21.100653406415127, 52.103715892905804 ], [ 21.100653393421474, 52.103715895937093 ], [ 21.100653380018745, 52.103715898194082 ], [ 21.100653366328309, 52.103715899656308 ], [ 21.100653352474151, 52.103715900310554 ], [ 21.096440341025158, 52.103790918281007 ], [ 21.096440327132715, 52.103790918120829 ], [ 21.096440313327911, 52.103790917148189 ], [ 21.09644029973575, 52.103790915371881 ], [ 21.096440286479332, 52.103790912808002 ], [ 21.096440273678709, 52.10379090947977 ], [ 21.096440261449811, 52.103790905417313 ], [ 21.09644024990337, 52.103790900657458 ], [ 21.09644023914397, 52.10379089524325 ], [ 21.096440229269035, 52.103790889223788 ], [ 21.096440220367999, 52.103790882653527 ], [ 21.096440212521475, 52.103790875592011 ], [ 21.09422837408518, 52.101581503896227 ], [ 21.094228372172989, 52.101581502175137 ], [ 21.094228368787263, 52.101581502136035 ], [ 21.090015460370353, 52.101656289825272 ], [ 21.090015446478578, 52.101656289664341 ], [ 21.090015432674548, 52.101656288690926 ], [ 21.090015419083276, 52.10165628691388 ], [ 21.090015405827842, 52.101656284349268 ], [ 21.090015393028295, 52.101656281020311 ], [ 21.090015380800548, 52.101656276957186 ], [ 21.090015369255337, 52.101656272196671 ], [ 21.090015358497215, 52.10165626678188 ], [ 21.090015348623613, 52.101656260761843 ], [ 21.090015339723941, 52.101656254191099 ], [ 21.090015331878806, 52.101656247129135 ], [ 21.08780391627127, 52.099446749550687 ], [ 21.087803914359419, 52.099446747829489 ], [ 21.087803910973857, 52.099446747790196 ], [ 21.083591186443098, 52.099521303791654 ], [ 21.083591172551991, 52.099521303629942 ], [ 21.083591158748739, 52.099521302655774 ], [ 21.083591145158355, 52.099521300877974 ], [ 21.083591131903905, 52.099521298312617 ], [ 21.083591119105435, 52.099521294982978 ], [ 21.083591106878842, 52.099521290919164 ], [ 21.083591095334853, 52.099521286158001 ], [ 21.083591084578018, 52.0995212807426 ], [ 21.083591074705744, 52.099521274722008 ], [ 21.08359106580744, 52.099521268150767 ], [ 21.083591057963687, 52.099521261088363 ], [ 21.081380065139207, 52.097311637672945 ], [ 21.081380063227694, 52.097311635951641 ], [ 21.081380059842289, 52.09731163591217 ], [ 21.077167438483556, 52.097385961683038 ], [ 21.07716743510737, 52.097385961841809 ], [ 21.077167433358987, 52.097385963627687 ], [ 21.075165462851835, 52.09966992333878 ], [ 21.075165455677471, 52.099669930666181 ], [ 21.075165447404615, 52.099669937540419 ], [ 21.075165438108186, 52.099669943899229 ], [ 21.075165427872378, 52.099669949685037 ], [ 21.07516541678989, 52.099669954845432 ], [ 21.075165404961076, 52.099669959333688 ], [ 21.075165392493073, 52.099669963109157 ], [ 21.075165379498785, 52.09966996613764 ], [ 21.075165366095892, 52.09966996839173 ], [ 21.075165352405772, 52.099669969850993 ], [ 21.075165338552409, 52.099669970502227 ], [ 21.07095255924126, 52.099744075139206 ], [ 21.070952555864867, 52.099744075297806 ], [ 21.070952554116143, 52.099744077083592 ], [ 21.068950160806878, 52.10202793485837 ], [ 21.068950153631114, 52.102027942185401 ], [ 21.068950145356862, 52.102027949059213 ], [ 21.068950136059055, 52.102027955417547 ], [ 21.0689501258219, 52.102027961202822 ], [ 21.068950114738094, 52.102027966362648 ], [ 21.06895010290803, 52.102027970850294 ], [ 21.068950090438825, 52.102027974625109 ], [ 21.068950077443418, 52.102027977652931 ], [ 21.068950064039488, 52.102027979906318 ], [ 21.068950050348427, 52.10202798136487 ], [ 21.068950036494222, 52.102027982015386 ], [ 21.064737018497816, 52.102101866906125 ], [ 21.064737015121217, 52.102101867064555 ], [ 21.064737013372152, 52.102101868850255 ], [ 21.062734197195997, 52.104385624643818 ], [ 21.062734190018837, 52.104385631970487 ], [ 21.062734181743188, 52.104385638843873 ], [ 21.062734172444003, 52.104385645201731 ], [ 21.062734162205494, 52.10438565098648 ], [ 21.062734151120381, 52.104385656145723 ], [ 21.062734139289052, 52.104385660632751 ], [ 21.062734126818658, 52.104385664406934 ], [ 21.062734113822124, 52.104385667434073 ], [ 21.06273410041716, 52.104385669686771 ], [ 21.062734086725154, 52.104385671144605 ], [ 21.062734072870107, 52.104385671794397 ], [ 21.058520816234271, 52.104459336899922 ], [ 21.058520812857466, 52.104459337058167 ], [ 21.058520811108064, 52.104459338843782 ], [ 21.056517572000253, 52.10674299261121 ], [ 21.056517564821693, 52.106742999937516 ], [ 21.056517556544652, 52.106743006810476 ], [ 21.056517547244088, 52.106743013167858 ], [ 21.056517537004225, 52.106743018952081 ], [ 21.056517525917801, 52.106743024110756 ], [ 21.056517514085215, 52.106743028597172 ], [ 21.056517501613623, 52.106743032370694 ], [ 21.05651748861597, 52.106743035397159 ], [ 21.056517475209969, 52.10674303764916 ], [ 21.056517461517018, 52.106743039106277 ], [ 21.056517447661133, 52.106743039755351 ], [ 21.052303952431725, 52.10681648503666 ], [ 21.052303949054718, 52.106816485194734 ], [ 21.052303947304971, 52.106816486980236 ], [ 21.050300285200752, 52.109100038676637 ], [ 21.050300278020796, 52.109100046002581 ], [ 21.050300269742358, 52.109100052875128 ], [ 21.050300260440416, 52.109100059232027 ], [ 21.050300250199204, 52.109100065015717 ], [ 21.050300239111468, 52.109100070173824 ], [ 21.050300227277621, 52.109100074659629 ], [ 21.050300214804832, 52.109100078432498 ], [ 21.05030020180606, 52.109100081458294 ], [ 21.050300188399017, 52.109100083709592 ], [ 21.050300174705129, 52.109100085166013 ], [ 21.050300160848398, 52.10910008581434 ], [ 21.046086507873163, 52.109173309829721 ], [ 21.046086493979068, 52.109173309663625 ], [ 21.046086480173528, 52.109173308685094 ], [ 21.046086466581571, 52.109173306902974 ], [ 21.046086453326279, 52.109173304333417 ], [ 21.046086440527706, 52.1091733009997 ], [ 21.046086428301749, 52.109173296931999 ], [ 21.046086416759135, 52.109173292167164 ], [ 21.046086406004392, 52.109173286748316 ], [ 21.046086396134914, 52.109173280724569 ], [ 21.046086387240084, 52.109173274150464 ], [ 21.046086379400457, 52.109173267085531 ], [ 21.043876730774514, 52.106962929034054 ], [ 21.043876728864007, 52.106962927312146 ], [ 21.043876725477876, 52.106962927271603 ], [ 21.039663176269926, 52.107035921051931 ], [ 21.039663162376499, 52.10703592088506 ], [ 21.039663148571737, 52.107035919905762 ], [ 21.039663134980664, 52.107035918122904 ], [ 21.039663121726363, 52.107035915552608 ], [ 21.039663108928867, 52.107035912218187 ], [ 21.039663096704068, 52.107035908149797 ], [ 21.039663085162676, 52.107035903384315 ], [ 21.039663074409219, 52.107035897964877 ], [ 21.039663064541074, 52.107035891940569 ], [ 21.039663055647608, 52.10703588536596 ], [ 21.03966304780937, 52.107035878300572 ], [ 21.037453822198618, 52.104825414629502 ], [ 21.037453820288448, 52.104825412907481 ], [ 21.037453816902481, 52.104825412866745 ], [ 21.033240452328009, 52.104898175039935 ], [ 21.033240438435246, 52.104898174872311 ], [ 21.03324042463127, 52.104898173892252 ], [ 21.033240411041085, 52.104898172108634 ], [ 21.033240397787772, 52.104898169537613 ], [ 21.033240384991352, 52.104898166202467 ], [ 21.033240372767708, 52.104898162133402 ], [ 21.033240361227545, 52.10489815736728 ], [ 21.033240350475371, 52.104898151947239 ], [ 21.033240340608554, 52.104898145922377 ], [ 21.03324033171646, 52.104898139347263 ], [ 21.033240323879607, 52.104898132281434 ], [ 21.03103152123807, 52.10268754303646 ], [ 21.031031519328241, 52.102687541314324 ], [ 21.031031515942434, 52.102687541273411 ], [ 21.026818255274868, 52.102760073262353 ], [ 21.026818251898053, 52.102760073419695 ], [ 21.026818250147436, 52.102760075204841 ], [ 21.024813449974843, 52.105043206710484 ], [ 21.024813442791299, 52.105043214034907 ], [ 21.024813434509628, 52.105043220905685 ], [ 21.024813425204833, 52.105043227260616 ], [ 21.024813414961177, 52.105043233042124 ], [ 21.024813403871427, 52.105043238197851 ], [ 21.024813392036013, 52.105043242681113 ], [ 21.024813379562122, 52.105043246451309 ], [ 21.024813366562718, 52.105043249474292 ], [ 21.024813353155526, 52.105043251722691 ], [ 21.024813339461964, 52.105043253176127 ], [ 21.02481332560604, 52.105043253821471 ], [ 21.020599988355372, 52.105115563119078 ], [ 21.020599974462549, 52.105115562949955 ], [ 21.020599960658743, 52.105115561968425 ], [ 21.020599947068956, 52.105115560183336 ], [ 21.020599933816264, 52.105115557610887 ], [ 21.020599921020686, 52.105115554274363 ], [ 21.020599908798101, 52.105115550203976 ], [ 21.020599897259192, 52.105115545436597 ], [ 21.020599886508467, 52.10511554001539 ], [ 21.020599876643281, 52.105115533989462 ], [ 21.020599867752971, 52.105115527413375 ], [ 21.020599859918057, 52.105115520346686 ], [ 21.018391665017798, 52.102904687897997 ], [ 21.018391663108439, 52.102904686175648 ], [ 21.018391659722617, 52.102904686134366 ], [ 21.014178426549861, 52.10297676527604 ], [ 21.014178412657714, 52.102976765106149 ], [ 21.014178398854686, 52.102976764123866 ], [ 21.01417838526579, 52.102976762338031 ], [ 21.014178372014083, 52.10297675976485 ], [ 21.014178359219585, 52.102976756427616 ], [ 21.014178346998154, 52.102976752356547 ], [ 21.014178335460475, 52.102976747588528 ], [ 21.014178324711029, 52.102976742166717 ], [ 21.014178314847175, 52.102976736140235 ], [ 21.014178305958232, 52.102976729563643 ], [ 21.014178298124708, 52.102976722496528 ], [ 21.011970526166216, 52.100765764590534 ], [ 21.011970524257194, 52.1007657628681 ], [ 21.011970520871536, 52.100765762826626 ], [ 21.00775739184801, 52.100837611834152 ], [ 21.007757388471259, 52.100837611990947 ], [ 21.007757386719945, 52.100837613775823 ], [ 21.005751687533365, 52.103120430864244 ], [ 21.005751680346965, 52.103120438187545 ], [ 21.005751672062676, 52.103120445057009 ], [ 21.005751662755522, 52.103120451410454 ], [ 21.005751652509787, 52.103120457190329 ], [ 21.005751641418261, 52.103120462344279 ], [ 21.005751629581386, 52.103120466825644 ], [ 21.005751617106366, 52.103120470593836 ], [ 21.005751604106173, 52.103120473614716 ], [ 21.005751590698534, 52.103120475860962 ], [ 21.005751577004883, 52.103120477312189 ], [ 21.005751563149214, 52.103120477955279 ], [ 21.001538357804865, 52.103192104250994 ], [ 21.00153834391265, 52.103192104079618 ], [ 21.001538330109796, 52.103192103095843 ], [ 21.001538316521302, 52.103192101308544 ], [ 21.001538303270223, 52.103192098733935 ], [ 21.001538290476564, 52.103192095395308 ], [ 21.001538278256191, 52.103192091322938 ], [ 21.00153826671977, 52.103192086553662 ], [ 21.001538255971777, 52.103192081130686 ], [ 21.001538246109551, 52.103192075103117 ], [ 21.001538237222398, 52.103192068525566 ], [ 21.00153822939081, 52.103192061457577 ], [ 20.999331065385761, 52.100980860520998 ], [ 20.999331063477211, 52.100980858798344 ], [ 20.999331060091539, 52.100980858756508 ], [ 20.995117959067326, 52.101052254946417 ], [ 20.995117945175785, 52.101052254774288 ], [ 20.995117931373713, 52.101052253789746 ], [ 20.995117917786107, 52.101052252001708 ], [ 20.995117904536016, 52.10105224942636 ], [ 20.995117891743437, 52.101052246087043 ], [ 20.995117879524223, 52.101052242013978 ], [ 20.995117867989027, 52.101052237244062 ], [ 20.995117857242317, 52.101052231820489 ], [ 20.995117847381422, 52.101052225792365 ], [ 20.995117838495634, 52.101052219214303 ], [ 20.995117830665436, 52.101052212145873 ], [ 20.992911089574442, 52.098840885868668 ], [ 20.992911087666229, 52.098840884145893 ], [ 20.992911084280721, 52.098840884103886 ], [ 20.988698087647883, 52.098912050209826 ], [ 20.988698084271196, 52.098912050366081 ], [ 20.988698082519189, 52.098912052150695 ], [ 20.986691484881064, 52.101194554612022 ], [ 20.98669147769181, 52.101194561934179 ], [ 20.986691469404903, 52.101194568802342 ], [ 20.98669146009539, 52.10119457515431 ], [ 20.986691449847584, 52.10119458093255 ], [ 20.986691438754281, 52.101194586084723 ], [ 20.986691426915954, 52.101194590564198 ], [ 20.986691414439804, 52.101194594330373 ], [ 20.986691401438819, 52.101194597349163 ], [ 20.986691388030742, 52.101194599593242 ], [ 20.986691374336999, 52.101194601042259 ], [ 20.986691360481597, 52.101194601683112 ], [ 20.982478206999541, 52.101265546415846 ], [ 20.982478203622652, 52.101265546571931 ], [ 20.9824782018703, 52.101265548356444 ], [ 20.980471142811723, 52.103547992129798 ], [ 20.980471141342587, 52.103547994008792 ], [ 20.980471142975937, 52.103547995835662 ], [ 20.982677513490593, 52.105759557282376 ], [ 20.982677520192958, 52.105759564777884 ], [ 20.982677525707896, 52.105759572631769 ], [ 20.982677529985455, 52.105759580772897 ], [ 20.982677532986902, 52.105759589127523 ], [ 20.982677534685049, 52.105759597620015 ], [ 20.982677535064525, 52.105759606173436 ], [ 20.982677534121891, 52.105759614710344 ], [ 20.982677531865683, 52.105759623153418 ], [ 20.98267752831633, 52.105759631426203 ], [ 20.982677523505981, 52.10575963945378 ], [ 20.982677517478198, 52.105759647163431 ], [ 20.980670311505065, 52.108042050872342 ], [ 20.980670310035801, 52.108042052751337 ], [ 20.980670311669325, 52.108042054578192 ], [ 20.982876919837228, 52.11025360833581 ], [ 20.982876926540321, 52.110253615831297 ], [ 20.982876932055866, 52.110253623685146 ], [ 20.982876936333916, 52.110253631826261 ], [ 20.982876939335725, 52.110253640180879 ], [ 20.982876941034103, 52.11025364867335 ], [ 20.982876941413679, 52.110253657226771 ], [ 20.982876940471009, 52.110253665763686 ], [ 20.982876938214634, 52.110253674206753 ], [ 20.982876934664986, 52.110253682479545 ], [ 20.982876929854211, 52.110253690507115 ], [ 20.982876923825877, 52.110253698216795 ], [ 20.980869532407677, 52.112536105629488 ], [ 20.980869530938278, 52.112536107508497 ], [ 20.98086953257198, 52.112536109335331 ], [ 20.983076378457568, 52.114747655402674 ], [ 20.98307638516139, 52.114747662898147 ], [ 20.983076390677546, 52.114747670751989 ], [ 20.983076394956083, 52.11474767889306 ], [ 20.983076397958254, 52.114747687247664 ], [ 20.983076399656866, 52.114747695740142 ], [ 20.983076400036541, 52.114747704293542 ], [ 20.983076399093839, 52.11474771283045 ], [ 20.983076396837298, 52.114747721273524 ], [ 20.983076393287352, 52.114747729546323 ], [ 20.983076388476146, 52.114747737573907 ], [ 20.983076382447262, 52.114747745283587 ], [ 20.981068805537735, 52.117030156401185 ], [ 20.981068804068197, 52.117030158280187 ], [ 20.98106880570208, 52.117030160107028 ], [ 20.983275889369821, 52.119241698482945 ], [ 20.983275896074364, 52.119241705978375 ], [ 20.983275901591135, 52.119241713832196 ], [ 20.983275905870162, 52.119241721973268 ], [ 20.983275908872692, 52.119241730327857 ], [ 20.983275910571539, 52.119241738820307 ], [ 20.98327591095131, 52.119241747373714 ], [ 20.983275910008576, 52.1192417559106 ], [ 20.983275907751867, 52.119241764353674 ], [ 20.983275904201623, 52.119241772626488 ], [ 20.983275899389994, 52.119241780654079 ], [ 20.98327589336056, 52.119241788363766 ], [ 20.981268169415788, 52.121524159420595 ], [ 20.981268162222456, 52.121524166742439 ], [ 20.981268153931016, 52.121524173610254 ], [ 20.981268144616564, 52.121524179961824 ], [ 20.98126813436345, 52.121524185739617 ], [ 20.98126812326452, 52.121524190891336 ], [ 20.981268111420302, 52.121524195370306 ], [ 20.981268098938045, 52.121524199135962 ], [ 20.981268085930797, 52.121524202154212 ], [ 20.981268072516361, 52.12152420439773 ], [ 20.981268058816209, 52.121524205846185 ], [ 20.981268044954412, 52.121524206486455 ], [ 20.977052961011005, 52.121594976681365 ], [ 20.977052957632555, 52.121594976837301 ], [ 20.977052955879213, 52.121594978621751 ], [ 20.975044731485813, 52.123877334647965 ], [ 20.975044730015806, 52.123877336526895 ], [ 20.9750447316497, 52.123877338353807 ], [ 20.977251867524764, 52.126088986689872 ], [ 20.977251874229367, 52.126088994185643 ], [ 20.97725187974596, 52.126089002039741 ], [ 20.977251884024586, 52.126089010181019 ], [ 20.977251887026487, 52.126089018535758 ], [ 20.977251888724485, 52.1260890270283 ], [ 20.977251889103201, 52.126089035581714 ], [ 20.977251888159202, 52.126089044118565 ], [ 20.97725188590104, 52.126089052561539 ], [ 20.977251882349165, 52.126089060834161 ], [ 20.977251877535743, 52.126089068861518 ], [ 20.977251871504365, 52.126089076570906 ], [ 20.975243499922836, 52.128371392522929 ], [ 20.975243498452691, 52.128371394401853 ], [ 20.975243500086762, 52.128371396228772 ], [ 20.977450873826648, 52.130583036890336 ], [ 20.977450880531983, 52.130583044386078 ], [ 20.977450886049187, 52.130583052240148 ], [ 20.977450890328299, 52.130583060381426 ], [ 20.977450893330563, 52.130583068736136 ], [ 20.977450895028795, 52.130583077228664 ], [ 20.977450895407607, 52.130583085782085 ], [ 20.977450894463576, 52.130583094318936 ], [ 20.977450892205248, 52.130583102761904 ], [ 20.977450888653074, 52.130583111034525 ], [ 20.977450883839225, 52.130583119061896 ], [ 20.977450877807296, 52.130583126771292 ], [ 20.975442320484674, 52.132865446415678 ], [ 20.975442319014398, 52.132865448294609 ], [ 20.97544232064865, 52.132865450121535 ], [ 20.977649932317878, 52.135077083107404 ], [ 20.977649939023941, 52.135077090603133 ], [ 20.977649944541756, 52.135077098457181 ], [ 20.977649948821359, 52.135077106598438 ], [ 20.977649951823985, 52.135077114953141 ], [ 20.977649953522448, 52.135077123445654 ], [ 20.977649953901359, 52.135077131999061 ], [ 20.977649952957293, 52.135077140535905 ], [ 20.977649950698797, 52.13507714897888 ], [ 20.977649947146325, 52.135077157251509 ], [ 20.97764994233205, 52.135077165278879 ], [ 20.977649936299567, 52.135077172988282 ], [ 20.975641193189496, 52.137359496326162 ], [ 20.975641191719085, 52.137359498205107 ], [ 20.975641193353511, 52.137359500032005 ], [ 20.977849043016633, 52.139571125341035 ], [ 20.977849049723424, 52.13957113283675 ], [ 20.977849055241855, 52.139571140690776 ], [ 20.977849059521944, 52.139571148832005 ], [ 20.977849062524928, 52.139571157186708 ], [ 20.977849064223623, 52.139571165679207 ], [ 20.977849064602637, 52.1395711742326 ], [ 20.977849063658535, 52.139571182769444 ], [ 20.977849061399876, 52.139571191212404 ], [ 20.977849057847102, 52.139571199485047 ], [ 20.977849053032401, 52.139571207512425 ], [ 20.977849046999371, 52.139571215221849 ], [ 20.975840156580205, 52.141853498489205 ], [ 20.975840149382783, 52.141853505810751 ], [ 20.97584014108681, 52.141853512678203 ], [ 20.975840131767409, 52.141853519029368 ], [ 20.975840121508977, 52.141853524806734 ], [ 20.97584011040442, 52.141853529957977 ], [ 20.975840098554301, 52.141853534436443 ], [ 20.975840086065929, 52.141853538201566 ], [ 20.975840073052414, 52.14185354121927 ], [ 20.975840059631604, 52.141853543462233 ], [ 20.975840045925036, 52.14185354491012 ], [ 20.975840032056841, 52.141853545549822 ], [ 20.971623015409502, 52.141924140923372 ], [ 20.971623012029497, 52.141924141079173 ], [ 20.971623010275152, 52.141924142863523 ], [ 20.969613657387359, 52.144206367225244 ], [ 20.969613650188542, 52.144206374546414 ], [ 20.969613641891168, 52.144206381413447 ], [ 20.969613632570386, 52.144206387764129 ], [ 20.9696136223106, 52.144206393540962 ], [ 20.969613611204732, 52.144206398691622 ], [ 20.969613599353352, 52.144206403169477 ], [ 20.969613586863787, 52.144206406933961 ], [ 20.969613573849152, 52.144206409950989 ], [ 20.969613560427302, 52.144206412193249 ], [ 20.969613546719792, 52.144206413640411 ], [ 20.969613532850758, 52.144206414279388 ], [ 20.965396278191378, 52.14427678924794 ], [ 20.965396274811162, 52.144276789403555 ], [ 20.965396273056481, 52.144276791187814 ], [ 20.963386496156346, 52.14655891283315 ], [ 20.963386488956129, 52.14655892015395 ], [ 20.963386480657356, 52.146558927020536 ], [ 20.963386471335195, 52.146558933370748 ], [ 20.963386461074055, 52.146558939147056 ], [ 20.963386449966873, 52.146558944297148 ], [ 20.963386438114231, 52.146558948774391 ], [ 20.963386425623472, 52.146558952538221 ], [ 20.963386412607715, 52.146558955554568 ], [ 20.963386399184831, 52.146558957796124 ], [ 20.963386385476376, 52.146558959242583 ], [ 20.963386371606504, 52.146558959880828 ], [ 20.959168878981533, 52.146629114405407 ], [ 20.959168875601119, 52.146629114560852 ], [ 20.959168873846092, 52.146629116345018 ], [ 20.95715867286907, 52.148911135228943 ], [ 20.95715866566745, 52.148911142549366 ], [ 20.95715865736728, 52.148911149415532 ], [ 20.95715864804373, 52.148911155765269 ], [ 20.957158637781241, 52.148911161541037 ], [ 20.957158626672744, 52.148911166690553 ], [ 20.957158614818848, 52.148911171167171 ], [ 20.957158602326892, 52.148911174930348 ], [ 20.957158589310009, 52.14891117794604 ], [ 20.957158575886091, 52.148911180186893 ], [ 20.957158562176698, 52.148911181632627 ], [ 20.957158548305983, 52.148911182270155 ], [ 20.952940817761917, 52.148981116311816 ], [ 20.952940814381293, 52.148981116467084 ], [ 20.952940812625926, 52.148981118251157 ], [ 20.95093014895021, 52.151263078085847 ], [ 20.950930147478307, 52.15126307996448 ], [ 20.950930149112253, 52.15126308179174 ], [ 20.953137492424727, 52.153475170281567 ], [ 20.953137499129554, 52.153475177778681 ], [ 20.953137504645451, 52.153475185633873 ], [ 20.953137508922456, 52.153475193776018 ], [ 20.953137511921838, 52.153475202131368 ], [ 20.953137513616436, 52.153475210624251 ], [ 20.953137513990903, 52.153475219177757 ], [ 20.953137513041845, 52.153475227714424 ], [ 20.953137510777857, 52.15347523615695 ], [ 20.953137507219452, 52.153475244428876 ], [ 20.953137502398839, 52.15347525245528 ], [ 20.953137496359687, 52.153475260163489 ], [ 20.951126723473795, 52.15575713611512 ], [ 20.9511267162701, 52.155757143435189 ], [ 20.951126707967745, 52.155757150300943 ], [ 20.951126698641925, 52.155757156650211 ], [ 20.951126688377084, 52.155757162425473 ], [ 20.951126677266195, 52.155757167574436 ], [ 20.951126665409873, 52.155757172050478 ], [ 20.951126652915487, 52.155757175813044 ], [ 20.951126639896199, 52.155757178828075 ], [ 20.951126626469904, 52.155757181068253 ], [ 20.951126612758198, 52.155757182513312 ], [ 20.951126598885253, 52.155757183150151 ], [ 20.946908206207119, 52.155826907885896 ], [ 20.946908202825956, 52.155826908040986 ], [ 20.94690820107008, 52.155826909824981 ], [ 20.944896965310196, 52.158108726667137 ], [ 20.944896958105097, 52.158108733986836 ], [ 20.944896949801343, 52.158108740852164 ], [ 20.944896940474138, 52.158108747200949 ], [ 20.944896930207946, 52.158108752975686 ], [ 20.944896919095743, 52.158108758124065 ], [ 20.94489690723816, 52.158108762599497 ], [ 20.94489689474258, 52.158108766361408 ], [ 20.944896881722169, 52.158108769375765 ], [ 20.944896868294837, 52.158108771615254 ], [ 20.94489685458219, 52.158108773059588 ], [ 20.94489684070841, 52.158108773695709 ], [ 20.940678291035496, 52.158178276504067 ], [ 20.940678277126207, 52.1581782763257 ], [ 20.940678263307465, 52.158178275334954 ], [ 20.940678249704415, 52.158178273540798 ], [ 20.940678236440256, 52.158178270959489 ], [ 20.940678223635107, 52.158178267614417 ], [ 20.940678211404929, 52.158178263535852 ], [ 20.940678199860486, 52.158178258760742 ], [ 20.940678189106322, 52.158178253332323 ], [ 20.940678179239825, 52.158178247299759 ], [ 20.94067817035036, 52.158178240717696 ], [ 20.94067816251842, 52.158178233645728 ], [ 20.938471192076936, 52.155965909762983 ], [ 20.9384711901683, 52.155965908039356 ], [ 20.938471186778472, 52.155965907995814 ], [ 20.934252661864598, 52.156035181684828 ], [ 20.934252658483363, 52.156035181839563 ], [ 20.934252656726972, 52.156035183623381 ], [ 20.932240758797185, 52.158316791011295 ], [ 20.932240751589958, 52.15831679833024 ], [ 20.932240743284193, 52.158316805194701 ], [ 20.932240733955116, 52.158316811542505 ], [ 20.932240723687212, 52.158316817316148 ], [ 20.932240712573467, 52.158316822463355 ], [ 20.932240700714523, 52.158316826937515 ], [ 20.932240688217785, 52.158316830698098 ], [ 20.932240675196422, 52.158316833711069 ], [ 20.932240661768354, 52.158316835949122 ], [ 20.932240648055195, 52.158316837392 ], [ 20.932240634181131, 52.158316838026629 ], [ 20.928021952426345, 52.158385889747166 ], [ 20.928021949044904, 52.158385889901709 ], [ 20.928021947288169, 52.158385891685441 ], [ 20.926009586369148, 52.160667439836054 ], [ 20.926009584895887, 52.160667441714388 ], [ 20.926009586529176, 52.160667443541982 ], [ 20.928216183655117, 52.162880002793173 ], [ 20.928216190357247, 52.16288001029173 ], [ 20.928216195869989, 52.162880018148108 ], [ 20.928216200143417, 52.16288002629117 ], [ 20.928216203138824, 52.162880034647181 ], [ 20.928216204829091, 52.162880043140447 ], [ 20.928216205198904, 52.162880051694074 ], [ 20.928216204244919, 52.162880060230584 ], [ 20.928216201975776, 52.162880068672663 ], [ 20.928216198412017, 52.162880076943885 ], [ 20.928216193585925, 52.162880084969316 ], [ 20.928216187541203, 52.162880092676282 ], [ 20.926203717032557, 52.165161556895839 ], [ 20.926203709823252, 52.165161564214444 ], [ 20.926203701515302, 52.165161571078499 ], [ 20.926203692183947, 52.16516157742582 ], [ 20.926203681913691, 52.165161583198966 ], [ 20.926203670797548, 52.165161588345626 ], [ 20.926203658936185, 52.165161592819189 ], [ 20.926203646437017, 52.165161596579154 ], [ 20.926203633413238, 52.165161599591485 ], [ 20.926203619982804, 52.165161601828871 ], [ 20.926203606267329, 52.165161603271066 ], [ 20.926203592391033, 52.165161603905005 ], [ 20.921984248430707, 52.16523044602296 ], [ 20.921984245048723, 52.16523044617734 ], [ 20.921984243291487, 52.16523044796098 ], [ 20.919971309618266, 52.167511852882924 ], [ 20.919971302407557, 52.167511860201152 ], [ 20.919971294098211, 52.167511867064761 ], [ 20.919971284765474, 52.16751187341162 ], [ 20.919971274493864, 52.167511879184232 ], [ 20.919971263376404, 52.167511884330324 ], [ 20.919971251513783, 52.167511888803269 ], [ 20.919971239013417, 52.16751189256258 ], [ 20.919971225988519, 52.167511895574229 ], [ 20.919971212557044, 52.167511897810918 ], [ 20.919971198840631, 52.167511899252403 ], [ 20.919971184963497, 52.167511899885596 ], [ 20.915751603299373, 52.167580521251757 ], [ 20.915751599917186, 52.167580521405966 ], [ 20.915751598159602, 52.167580523189521 ], [ 20.913738201237159, 52.169861868764173 ], [ 20.913738199763081, 52.169861870642364 ], [ 20.913738201396221, 52.169861872470136 ], [ 20.915944662418916, 52.172074659578904 ], [ 20.915944669120424, 52.172074667078149 ], [ 20.915944674632197, 52.172074674935097 ], [ 20.915944678904317, 52.172074683078613 ], [ 20.915944681898097, 52.172074691434922 ], [ 20.915944683586424, 52.172074699928388 ], [ 20.91594468395401, 52.172074708482057 ], [ 20.91594468299752, 52.172074717018475 ], [ 20.915944680725623, 52.172074725460334 ], [ 20.91594467715889, 52.172074733731208 ], [ 20.915944672329623, 52.172074741756155 ], [ 20.915944666281554, 52.172074749462524 ], [ 20.913931120926744, 52.17435605482855 ], [ 20.913931119452535, 52.174356056706735 ], [ 20.913931121085849, 52.174356058534499 ], [ 20.916137819830034, 52.176568838155788 ], [ 20.916137826532271, 52.176568845655005 ], [ 20.916137832044654, 52.176568853511938 ], [ 20.916137836317262, 52.176568861655433 ], [ 20.9161378393114, 52.176568870011735 ], [ 20.916137840999959, 52.176568878505186 ], [ 20.91613784136764, 52.176568887058849 ], [ 20.916137840411114, 52.17656889559526 ], [ 20.916137838139047, 52.176568904037126 ], [ 20.916137834572009, 52.176568912307992 ], [ 20.916137829742311, 52.176568920332961 ], [ 20.916137823693688, 52.176568928039323 ], [ 20.914124129870778, 52.178850193198322 ], [ 20.914124122657316, 52.178850200516209 ], [ 20.914124114344986, 52.178850207379426 ], [ 20.914124105009073, 52.178850213725845 ], [ 20.91412409473412, 52.178850219497953 ], [ 20.914124083613178, 52.178850224643512 ], [ 20.914124071746961, 52.178850229115916 ], [ 20.914124059242933, 52.178850232874638 ], [ 20.914124046214329, 52.178850235885662 ], [ 20.914124032779146, 52.178850238121719 ], [ 20.914124019059045, 52.178850239562543 ], [ 20.914124005178284, 52.178850240195111 ], [ 20.909903336226563, 52.178918662786245 ], [ 20.909903332843495, 52.178918662940298 ], [ 20.909903331085243, 52.17891866472376 ], [ 20.907889173722779, 52.181199870459203 ], [ 20.907889166507911, 52.181199877776713 ], [ 20.907889158194184, 52.181199884639504 ], [ 20.907889148856881, 52.18119989098544 ], [ 20.907889138580575, 52.181199896757022 ], [ 20.907889127458319, 52.181199901901998 ], [ 20.907889115590844, 52.181199906373784 ], [ 20.907889103085616, 52.181199910131852 ], [ 20.907889090055892, 52.181199913142208 ], [ 20.907889076619668, 52.181199915377555 ], [ 20.907889062898629, 52.181199916817661 ], [ 20.907889049017029, 52.181199917449497 ], [ 20.903668223265562, 52.181268117834058 ], [ 20.9036682093491, 52.181268117651392 ], [ 20.903668195523895, 52.181268116656362 ], [ 20.903668181915162, 52.181268114858021 ], [ 20.903668168646131, 52.181268112272598 ], [ 20.903668155836979, 52.181268108923561 ], [ 20.903668143603696, 52.181268104841187 ], [ 20.903668132057078, 52.181268100062496 ], [ 20.903668121301692, 52.181268094630731 ], [ 20.903668111434936, 52.181268088595104 ], [ 20.90366810254617, 52.181268082010249 ], [ 20.903668094715886, 52.181268074935836 ], [ 20.901461770364254, 52.179055059918085 ], [ 20.901461768456027, 52.179055058193853 ], [ 20.901461765064443, 52.17905505814926 ], [ 20.897240964745748, 52.179123029267444 ], [ 20.897240961362606, 52.179123029421135 ], [ 20.897240959603835, 52.179123031204419 ], [ 20.895226139613722, 52.181404026974398 ], [ 20.895226132396726, 52.181404034291155 ], [ 20.895226124080985, 52.18140404115308 ], [ 20.895226114741817, 52.181404047498027 ], [ 20.895226104463791, 52.181404053268523 ], [ 20.895226093339993, 52.181404058412326 ], [ 20.895226081471158, 52.181404062882848 ], [ 20.895226068964774, 52.181404066639587 ], [ 20.895226055934099, 52.181404069648543 ], [ 20.895226042497146, 52.181404071882461 ], [ 20.895226028775593, 52.181404073321104 ], [ 20.895226014893712, 52.181404073951441 ], [ 20.891005138869943, 52.181471821524305 ], [ 20.891005124953431, 52.181471821340146 ], [ 20.891005111128411, 52.181471820343646 ], [ 20.891005097520086, 52.181471818543827 ], [ 20.891005084251695, 52.181471815956968 ], [ 20.891005071443395, 52.181471812606546 ], [ 20.891005059211189, 52.181471808522858 ], [ 20.891005047665839, 52.181471803742909 ], [ 20.891005036911917, 52.181471798309978 ], [ 20.891005027046806, 52.181471792273271 ], [ 20.891005018159841, 52.181471785687449 ], [ 20.891005010331511, 52.181471778612178 ], [ 20.888799298351799, 52.179258520812269 ], [ 20.888799296444045, 52.179258519087817 ], [ 20.88879929305245, 52.179258519042875 ], [ 20.88457844263532, 52.179326037362188 ], [ 20.884578439252113, 52.179326037515501 ], [ 20.88457843749282, 52.179326039298608 ], [ 20.882562955015839, 52.181606824987774 ], [ 20.882562947796714, 52.181606832303792 ], [ 20.882562939478966, 52.181606839164829 ], [ 20.882562930137922, 52.181606845508789 ], [ 20.882562919858188, 52.181606851278218 ], [ 20.882562908732847, 52.181606856420828 ], [ 20.882562896862659, 52.181606860890085 ], [ 20.882562884355114, 52.181606864645495 ], [ 20.88256287132349, 52.181606867653066 ], [ 20.882562857885802, 52.181606869885542 ], [ 20.882562844163743, 52.181606871322707 ], [ 20.882562830281579, 52.181606871951566 ], [ 20.878341904319615, 52.181674166700368 ], [ 20.878341890403057, 52.181674166514703 ], [ 20.878341876578222, 52.181674165516711 ], [ 20.878341862970306, 52.181674163715421 ], [ 20.878341849702554, 52.181674161127141 ], [ 20.878341836895114, 52.18167415777534 ], [ 20.878341824663973, 52.181674153690324 ], [ 20.878341813119906, 52.181674148909124 ], [ 20.878341802367444, 52.181674143475036 ], [ 20.878341792503974, 52.181674137437248 ], [ 20.878341783618819, 52.181674130850453 ], [ 20.878341775792443, 52.181674123774314 ], [ 20.876136676377861, 52.179460623295213 ], [ 20.876136674470587, 52.17946062157057 ], [ 20.876136671078982, 52.179460621525259 ], [ 20.871915770897488, 52.179527687033364 ], [ 20.871915767514214, 52.179527687186322 ], [ 20.871915765754402, 52.17952768896923 ], [ 20.869899620931523, 52.181808264462319 ], [ 20.869899613710263, 52.181808271777555 ], [ 20.869899605390504, 52.181808278637732 ], [ 20.869899596047595, 52.181808284980704 ], [ 20.869899585766149, 52.181808290749039 ], [ 20.869899574639266, 52.18180829589047 ], [ 20.869899562767721, 52.181808300358469 ], [ 20.869899550259021, 52.181808304112543 ], [ 20.869899537226448, 52.181808307118722 ], [ 20.869899523788028, 52.181808309349762 ], [ 20.869899510065459, 52.181808310785463 ], [ 20.86989949618302, 52.18180831141283 ], [ 20.865678439674745, 52.181875154605592 ], [ 20.865678436291265, 52.181875154758373 ], [ 20.865678434531112, 52.181875156541196 ], [ 20.863661864664891, 52.184155628596734 ], [ 20.863661857442228, 52.184155635911608 ], [ 20.863661849121069, 52.184155642771351 ], [ 20.863661839776778, 52.184155649113848 ], [ 20.863661829493971, 52.184155654881636 ], [ 20.863661818365777, 52.184155660022498 ], [ 20.863661806492967, 52.184155664489857 ], [ 20.863661793983074, 52.184155668243292 ], [ 20.863661780949382, 52.184155671248789 ], [ 20.863661767509928, 52.184155673479125 ], [ 20.86366175378642, 52.184155674914123 ], [ 20.863661739903144, 52.184155675540758 ], [ 20.859440446177768, 52.184222297666743 ], [ 20.859440442794085, 52.184222297819339 ], [ 20.859440441033591, 52.184222299602077 ], [ 20.857423446059716, 52.186502668174924 ], [ 20.857423438835649, 52.186502675489422 ], [ 20.857423430513091, 52.186502682348745 ], [ 20.857423421167415, 52.186502688690759 ], [ 20.857423410883253, 52.186502694458014 ], [ 20.857423399753745, 52.186502699598293 ], [ 20.857423387879678, 52.186502704065049 ], [ 20.857423375368583, 52.18650270781783 ], [ 20.857423362333773, 52.18650271082263 ], [ 20.857423348893281, 52.186502713052285 ], [ 20.857423335168836, 52.186502714486544 ], [ 20.85742332128472, 52.186502715112461 ], [ 20.85320179038936, 52.186569116132759 ], [ 20.853201787005471, 52.186569116285185 ], [ 20.853201785244636, 52.186569118067823 ], [ 20.851184326411239, 52.188849426838416 ], [ 20.8511843249339, 52.188849428715855 ] ], [ [ 21.242460927973674, 52.240526941938867 ], [ 21.242460935142208, 52.240526934601505 ], [ 21.242460943414407, 52.240526927715678 ], [ 21.242460952715351, 52.240526921343751 ], [ 21.24246096296082, 52.24052691554342 ], [ 21.242460974058016, 52.240526910367237 ], [ 21.242460985906451, 52.240526905862069 ], [ 21.242460998398819, 52.240526902068702 ], [ 21.242461011421991, 52.240526899021489 ], [ 21.242461024858024, 52.240526896748037 ], [ 21.242461038585237, 52.240526895268935 ], [ 21.242461052479321, 52.240526894597572 ], [ 21.246686590967617, 52.240446512154726 ], [ 21.246686604902717, 52.240446512296693 ], [ 21.246686618752729, 52.240446513251179 ], [ 21.246686632392233, 52.24044651500958 ], [ 21.246686645697711, 52.240446517555931 ], [ 21.246686658548661, 52.240446520867181 ], [ 21.246686670828701, 52.240446524913352 ], [ 21.246686682426628, 52.24044652965781 ], [ 21.246686693237404, 52.240446535057579 ], [ 21.246686703163125, 52.240446541063754 ], [ 21.246686712113906, 52.240446547621936 ], [ 21.246686720008686, 52.240446554672744 ], [ 21.248913098116315, 52.242652805441303 ], [ 21.248913104884309, 52.242652812920738 ], [ 21.248913110463484, 52.242652820761229 ], [ 21.248913114803308, 52.242652828891785 ], [ 21.248913117864479, 52.242652837238737 ], [ 21.248913119619278, 52.242652845726539 ], [ 21.24891312005181, 52.242652854278305 ], [ 21.248913119158157, 52.24265286281657 ], [ 21.248913116946419, 52.242652871264042 ], [ 21.248913113436622, 52.242652879544195 ], [ 21.248913108660542, 52.242652887582047 ], [ 21.248913102661447, 52.242652895304822 ], [ 21.246913759041611, 52.244939647335627 ], [ 21.24691375187313, 52.244939654673253 ], [ 21.246913743600828, 52.244939661559378 ], [ 21.246913734299625, 52.244939667931661 ], [ 21.246913724053755, 52.244939673732375 ], [ 21.246913712956001, 52.24493967890897 ], [ 21.24691370110687, 52.2449396834146 ], [ 21.246913688613667, 52.244939687208444 ], [ 21.246913675589532, 52.244939690256153 ], [ 21.246913662152416, 52.244939692530139 ], [ 21.246913648424009, 52.244939694009759 ], [ 21.246913634528632, 52.244939694681648 ], [ 21.242687669893265, 52.245020090064756 ], [ 21.242687655956733, 52.245020089922335 ], [ 21.242687642105363, 52.245020088967387 ], [ 21.242687628464591, 52.245020087208552 ], [ 21.242687615157955, 52.245020084661753 ], [ 21.242687602305956, 52.245020081350084 ], [ 21.242687590024989, 52.245020077303494 ], [ 21.242687578426271, 52.245020072558681 ], [ 21.242687567614841, 52.245020067158556 ], [ 21.242687557688612, 52.245020061152054 ], [ 21.242687548737468, 52.245020054593574 ], [ 21.242687540842486, 52.245020047542525 ], [ 21.240461346011255, 52.242813677953507 ], [ 21.240461339244639, 52.242813670473573 ], [ 21.240461333666925, 52.242813662632663 ], [ 21.240461329328618, 52.242813654501788 ], [ 21.240461326269017, 52.24281364615458 ], [ 21.24046132451582, 52.242813637666643 ], [ 21.240461324084912, 52.242813629114835 ], [ 21.240461324980188, 52.242813620576612 ], [ 21.240461327193547, 52.242813612129282 ], [ 21.240461330704939, 52.242813603849356 ], [ 21.240461335482571, 52.242813595811825 ], [ 21.240461341483169, 52.242813588089462 ], [ 21.242460927973674, 52.240526941938867 ] ] ] } },
{ "type": "Feature", "properties": { "city_slug": "krakow", "city_name": "Kraków" }, "geometry": { "type": "Polygon", "coordinates": [ [ [ 19.791948870193934, 49.994203054644963 ], [ 19.791948871707472, 49.994203056489368 ], [ 19.794000033584087, 49.996438218378216 ], [ 19.794000039794795, 49.996438225945745 ], [ 19.794000044861473, 49.996438233859578 ], [ 19.794000048738251, 49.996438242048029 ], [ 19.794000051390004, 49.99643825043696 ], [ 19.794000052792722, 49.996438258950413 ], [ 19.794000052933704, 49.996438267511238 ], [ 19.794000051811675, 49.99643827604195 ], [ 19.794000049436789, 49.996438284465277 ], [ 19.794000045830561, 49.996438292704958 ], [ 19.794000041025647, 49.996438300686336 ], [ 19.794000035065562, 49.996438308337154 ], [ 19.792022757468914, 49.998701002146525 ], [ 19.792022756016163, 49.998701004011174 ], [ 19.792022757529846, 49.998701005855573 ], [ 19.794074116619527, 50.000936163770923 ], [ 19.794074122830835, 50.000936171338431 ], [ 19.794074127898014, 50.000936179252257 ], [ 19.794074131775165, 50.000936187440708 ], [ 19.794074134427188, 50.000936195829624 ], [ 19.794074135830062, 50.000936204343063 ], [ 19.79407413597108, 50.000936212903895 ], [ 19.794074134848966, 50.000936221434593 ], [ 19.794074132473884, 50.000936229857913 ], [ 19.79407412886734, 50.000936238097594 ], [ 19.794074124062, 50.000936246078979 ], [ 19.794074118101378, 50.000936253729783 ], [ 19.792096661947014, 50.003198947926947 ], [ 19.792096660494135, 50.003198949791589 ], [ 19.792096662007964, 50.003198951635994 ], [ 19.794148218361205, 50.005434105577478 ], [ 19.79414822457311, 50.005434113144979 ], [ 19.794148229640779, 50.005434121058791 ], [ 19.794148233518317, 50.005434129247227 ], [ 19.79414823617061, 50.005434137636151 ], [ 19.794148237573637, 50.005434146149568 ], [ 19.79414823771469, 50.005434154710386 ], [ 19.794148236592495, 50.005434163241091 ], [ 19.794148234217214, 50.005434171664412 ], [ 19.794148230610357, 50.005434179904071 ], [ 19.794148225804584, 50.005434187885463 ], [ 19.794148219843425, 50.005434195536274 ], [ 19.792170585086986, 50.007696890121657 ], [ 19.792170583633975, 50.007696891986306 ], [ 19.79217058514795, 50.00769689383069 ], [ 19.794222338815256, 50.009932043797967 ], [ 19.794222345027759, 50.009932051365439 ], [ 19.794222350095922, 50.009932059279237 ], [ 19.794222353973847, 50.00993206746768 ], [ 19.794222356626406, 50.009932075856582 ], [ 19.79422235802959, 50.009932084369986 ], [ 19.794222358170678, 50.009932092930811 ], [ 19.794222357048401, 50.009932101461509 ], [ 19.794222354672918, 50.009932109884829 ], [ 19.794222351065745, 50.009932118124482 ], [ 19.794222346259545, 50.009932126105859 ], [ 19.79422234029785, 50.009932133756692 ], [ 19.792244526894951, 50.012194828730728 ], [ 19.792244525441809, 50.012194830595377 ], [ 19.79224452695593, 50.012194832439761 ], [ 19.794296477987828, 50.014429978432439 ], [ 19.794296484200931, 50.014429985999918 ], [ 19.794296489269588, 50.014429993913701 ], [ 19.794296493147893, 50.014430002102131 ], [ 19.794296495800722, 50.014430010491019 ], [ 19.794296497204058, 50.014430019004415 ], [ 19.794296497345186, 50.014430027565226 ], [ 19.79429649622282, 50.014430036095924 ], [ 19.794296493847142, 50.01443004451923 ], [ 19.794296490239656, 50.01443005275889 ], [ 19.79429648543303, 50.014430060740281 ], [ 19.794296479470795, 50.014430068391093 ], [ 19.792318487377042, 50.016692763754243 ], [ 19.792318485923769, 50.016692765618899 ], [ 19.792318487438038, 50.016692767463283 ], [ 19.794370675238468, 50.018927952341244 ], [ 19.794370677018122, 50.018927954084482 ], [ 19.79437068025431, 50.018927954161619 ], [ 19.798400999514644, 50.018900294559657 ], [ 19.798401012792848, 50.018900294875685 ], [ 19.798401025964306, 50.018900296003522 ], [ 19.798401038909731, 50.018900297932987 ], [ 19.798401051511895, 50.01890030064655 ], [ 19.798401063656662, 50.018900304119683 ], [ 19.79840107523405, 50.018900308320909 ], [ 19.798401086139211, 50.018900313212193 ], [ 19.798401096273391, 50.018900318749239 ], [ 19.798401105544809, 50.018900324881891 ], [ 19.798401113869502, 50.01890033155464 ], [ 19.798401121172081, 50.018900338706999 ], [ 19.800453606460039, 50.021135327616626 ], [ 19.800453612674982, 50.021135335183757 ], [ 19.800453617745369, 50.021135343097242 ], [ 19.80045362162527, 50.021135351285444 ], [ 19.800453624279552, 50.021135359674176 ], [ 19.800453625684185, 50.021135368187494 ], [ 19.800453625826435, 50.02113537674829 ], [ 19.800453624705025, 50.021135385279017 ], [ 19.800453622330103, 50.021135393702451 ], [ 19.800453618723182, 50.021135401942288 ], [ 19.800453613916925, 50.021135409923914 ], [ 19.800453607954857, 50.021135417575039 ], [ 19.798475634639026, 50.023398215219707 ], [ 19.798475633185795, 50.02339821708442 ], [ 19.798475634700512, 50.023398218928719 ], [ 19.800528396270508, 50.025633289562514 ], [ 19.800528398050634, 50.02563329130566 ], [ 19.800528401287284, 50.025633291382626 ], [ 19.804559275522077, 50.025605415215857 ], [ 19.804559288802164, 50.025605415531182 ], [ 19.804559301975591, 50.025605416658316 ], [ 19.804559314923058, 50.025605418587062 ], [ 19.804559327527322, 50.02560542129995 ], [ 19.804559339674217, 50.025605424772422 ], [ 19.804559351253754, 50.025605428973023 ], [ 19.804559362161061, 50.025605433863703 ], [ 19.804559372297362, 50.025605439400195 ], [ 19.804559381570861, 50.025605445532356 ], [ 19.804559389897573, 50.025605452204616 ], [ 19.804559397202091, 50.025605459356591 ], [ 19.806612495748634, 50.027840376823249 ], [ 19.806612497529059, 50.02784037856631 ], [ 19.806612500765866, 50.027840378643099 ], [ 19.81064363097769, 50.027812289721247 ], [ 19.810643634211157, 50.02781228959936 ], [ 19.810643635932639, 50.027812287831907 ], [ 19.812621213937067, 50.025549286431549 ], [ 19.812621220999752, 50.025549279179486 ], [ 19.812621229100493, 50.025549272392752 ], [ 19.812621238165931, 50.025549266132828 ], [ 19.81262124811396, 50.025549260456408 ], [ 19.812621258854502, 50.02554925541488 ], [ 19.812621270290279, 50.025549251053917 ], [ 19.812621282317735, 50.025549247413011 ], [ 19.812621294827942, 50.025549244525124 ], [ 19.812621307707602, 50.025549242416417 ], [ 19.812621320840083, 50.025549241105999 ], [ 19.812621334106449, 50.025549240605713 ], [ 19.816652189268865, 50.025520944456652 ], [ 19.816652192502161, 50.025520944334609 ], [ 19.816652194223341, 50.02552094256707 ], [ 19.81862939589675, 50.023257839757484 ], [ 19.818629402958194, 50.023257832505045 ], [ 19.818629411057703, 50.023257825717891 ], [ 19.818629420121923, 50.023257819457505 ], [ 19.818629430068775, 50.023257813780567 ], [ 19.818629440808166, 50.023257808738492 ], [ 19.818629452242853, 50.023257804376946 ], [ 19.818629464269275, 50.023257800735415 ], [ 19.818629476778522, 50.023257797846881 ], [ 19.818629489657301, 50.023257795737521 ], [ 19.818629502788983, 50.023257794426421 ], [ 19.818629516054649, 50.02325779392546 ], [ 19.822660096131013, 50.023229290594088 ], [ 19.822660109410535, 50.023229290907338 ], [ 19.822660122583713, 50.023229292032411 ], [ 19.822660135531244, 50.02322929395914 ], [ 19.822660148135874, 50.023229296670067 ], [ 19.822660160283451, 50.023229300140635 ], [ 19.822660171863973, 50.023229304339424 ], [ 19.822660182772555, 50.023229309228405 ], [ 19.822660192910416, 50.023229314763306 ], [ 19.822660202185737, 50.023229320894011 ], [ 19.822660210514528, 50.023229327564977 ], [ 19.822660217821355, 50.023229334715793 ], [ 19.824714010429446, 50.025463886282203 ], [ 19.824714016648755, 50.025463893848006 ], [ 19.824714021723576, 50.025463901760411 ], [ 19.824714025607953, 50.025463909947767 ], [ 19.824714028266701, 50.025463918335923 ], [ 19.82471402967575, 50.025463926848907 ], [ 19.824714029822335, 50.02546393540964 ], [ 19.824714028705131, 50.025463943940579 ], [ 19.824714026334256, 50.025463952364483 ], [ 19.824714022731179, 50.025463960605052 ], [ 19.824714017928532, 50.025463968587658 ], [ 19.824714011969803, 50.025463976240005 ], [ 19.822737046051365, 50.027727137489229 ], [ 19.822737038989899, 50.027727144741903 ], [ 19.822737030890227, 50.027727151529334 ], [ 19.822737021825709, 50.027727157790046 ], [ 19.822737011878434, 50.027727163467326 ], [ 19.822737001138478, 50.027727168509784 ], [ 19.822736989703113, 50.027727172871742 ], [ 19.822736977675895, 50.0277271765137 ], [ 19.822736965165745, 50.02772717940266 ], [ 19.822736952285958, 50.027727181512496 ], [ 19.822736939153174, 50.027727182824066 ], [ 19.822736925886328, 50.027727183325503 ], [ 19.818705892191012, 50.0277556917179 ], [ 19.818705888957574, 50.027755691839999 ], [ 19.818705887236391, 50.027755693607574 ], [ 19.816728507033751, 50.030018796872277 ], [ 19.816728499971038, 50.030018804124595 ], [ 19.816728491870133, 50.030018810911599 ], [ 19.8167284828044, 50.03001881717185 ], [ 19.816728472855942, 50.030018822848632 ], [ 19.816728462114842, 50.030018827890537 ], [ 19.816728450678387, 50.030018832251905 ], [ 19.816728438650134, 50.030018835893237 ], [ 19.816728426139022, 50.030018838781558 ], [ 19.816728413258357, 50.030018840890719 ], [ 19.816728400124774, 50.030018842201606 ], [ 19.816728386857225, 50.030018842702376 ], [ 19.812697155316151, 50.030047143331693 ], [ 19.812697152082542, 50.030047143453636 ], [ 19.812697150361053, 50.030047145221118 ], [ 19.810719355805539, 50.032310190455348 ], [ 19.810719354352518, 50.03231019232021 ], [ 19.810719355867988, 50.032310194164346 ], [ 19.812773028593931, 50.034544997253725 ], [ 19.812773034812558, 50.034545004820167 ], [ 19.812773039886398, 50.034545012733076 ], [ 19.8127730437695, 50.034545020920838 ], [ 19.812773046426692, 50.03454502930925 ], [ 19.812773047833922, 50.034545037822383 ], [ 19.812773047978428, 50.034545046383123 ], [ 19.812773046858918, 50.034545054913956 ], [ 19.812773044485521, 50.034545063337603 ], [ 19.812773040879737, 50.03454507157781 ], [ 19.812773036074212, 50.034545079559912 ], [ 19.812773030112474, 50.034545087211647 ], [ 19.810795132738274, 50.036808046095338 ], [ 19.810795125673682, 50.036808053347279 ], [ 19.810795117570805, 50.036808060133886 ], [ 19.810795108503029, 50.036808066393668 ], [ 19.810795098552468, 50.036808072069938 ], [ 19.810795087809236, 50.036808077111296 ], [ 19.810795076370628, 50.036808081472081 ], [ 19.810795064340237, 50.036808085112817 ], [ 19.810795051826997, 50.036808088000512 ], [ 19.810795038944246, 50.03680809010902 ], [ 19.810795025808648, 50.036808091419246 ], [ 19.810795012539163, 50.036808091919347 ], [ 19.806763206672422, 50.036836189202255 ], [ 19.80676320343834, 50.036836189324021 ], [ 19.806763201716393, 50.036836191091417 ], [ 19.804784851906206, 50.039099135280622 ], [ 19.804784850452751, 50.039099137145421 ], [ 19.804784851968211, 50.03909913898962 ], [ 19.806838543782078, 50.041334044424211 ], [ 19.806838550000666, 50.041334051990965 ], [ 19.806838555074265, 50.041334059904131 ], [ 19.806838558956919, 50.041334068092084 ], [ 19.806838561613471, 50.041334076480624 ], [ 19.806838563019859, 50.041334084993828 ], [ 19.80683856316335, 50.041334093554568 ], [ 19.806838562042639, 50.041334102085344 ], [ 19.806838559667884, 50.04133411050887 ], [ 19.806838556060583, 50.041334118748878 ], [ 19.806838551253414, 50.041334126730746 ], [ 19.806838545289896, 50.041334134382176 ], [ 19.80486005460191, 50.043597035601948 ], [ 19.804860053148325, 50.043597037466753 ], [ 19.80486005466393, 50.043597039310953 ], [ 19.806913983722946, 50.045831983589501 ], [ 19.806913985504057, 50.045831985332541 ], [ 19.806913988742071, 50.045831985409315 ], [ 19.810946547942702, 50.045803879222078 ], [ 19.810946561228395, 50.045803879536642 ], [ 19.810946574407495, 50.045803880663009 ], [ 19.810946587360657, 50.045803882591009 ], [ 19.810946599970571, 50.045803885303172 ], [ 19.81094661212304, 50.045803888774934 ], [ 19.810946623708002, 50.045803892974867 ], [ 19.810946634620553, 50.0458038978649 ], [ 19.810946644761863, 50.045803903400802 ], [ 19.810946654040087, 50.045803909532381 ], [ 19.810946662371208, 50.045803916204164 ], [ 19.810946669679772, 50.045803923355685 ], [ 19.813000896723736, 50.048038671504521 ], [ 19.813000902944168, 50.04803867907092 ], [ 19.813000908019497, 50.048038686983809 ], [ 19.81300091190375, 50.04803869517152 ], [ 19.813000914561755, 50.048038703559911 ], [ 19.813000915969447, 50.048038712073023 ], [ 19.813000916114067, 50.048038720633741 ], [ 19.813000914994308, 50.048038729164553 ], [ 19.813000912620318, 50.048038737588193 ], [ 19.813000909013585, 50.048038745828393 ], [ 19.813000904206781, 50.048038753810495 ], [ 19.813000898243434, 50.048038761462237 ], [ 19.811022426655928, 50.050301765060631 ], [ 19.811022425202385, 50.050301766925493 ], [ 19.811022426718438, 50.050301768769621 ], [ 19.813076930554807, 50.052536598596646 ], [ 19.81307693233639, 50.052536600339579 ], [ 19.813076935574866, 50.05253660041619 ], [ 19.817110050435055, 50.052508277359671 ], [ 19.817110063722634, 50.052508277673503 ], [ 19.81711007690371, 50.052508278799174 ], [ 19.817110089858915, 50.052508280726471 ], [ 19.817110102470927, 50.052508283437945 ], [ 19.817110114625532, 50.052508286909053 ], [ 19.817110126212651, 50.052508291108346 ], [ 19.817110137127351, 50.052508295997789 ], [ 19.817110147270782, 50.052508301533123 ], [ 19.817110156551088, 50.052508307664212 ], [ 19.81711016488423, 50.052508314335519 ], [ 19.817110172194734, 50.052508321486634 ], [ 19.819164974133638, 50.054742955129157 ], [ 19.819164980355914, 50.054742962695208 ], [ 19.819164985432973, 50.054742970607819 ], [ 19.819164989318828, 50.054742978795304 ], [ 19.819164991978294, 50.054742987183538 ], [ 19.819164993387282, 50.054742995696557 ], [ 19.819164993533033, 50.054743004257254 ], [ 19.81916499241423, 50.054743012788109 ], [ 19.819164990040996, 50.054743021211848 ], [ 19.819164986434838, 50.054743029452233 ], [ 19.819164981628401, 50.054743037434584 ], [ 19.819164975665217, 50.054743045086632 ], [ 19.817186561270599, 50.057006107690619 ], [ 19.817186554204049, 50.057006114942943 ], [ 19.817186546098711, 50.05700612172997 ], [ 19.817186537027993, 50.057006127990256 ], [ 19.817186527074046, 50.057006133667066 ], [ 19.817186516327009, 50.057006138709021 ], [ 19.817186504884209, 50.057006143070446 ], [ 19.81718649284927, 50.057006146711849 ], [ 19.817186480331188, 50.057006149600241 ], [ 19.817186467443328, 50.05700615170948 ], [ 19.817186454302405, 50.057006153020453 ], [ 19.817186441027424, 50.0570061535213 ], [ 19.813153026563356, 50.057034480523903 ], [ 19.813153013274547, 50.057034480209609 ], [ 19.813153000092321, 50.057034479083512 ], [ 19.813152987136043, 50.057034477155774 ], [ 19.813152974523057, 50.057034474443867 ], [ 19.813152962367589, 50.057034470972368 ], [ 19.813152950779717, 50.057034466772684 ], [ 19.813152939864384, 50.057034461882871 ], [ 19.813152929720442, 50.057034456347196 ], [ 19.813152920439755, 50.057034450215802 ], [ 19.813152912106368, 50.057034443544211 ], [ 19.81315290479575, 50.057034436392861 ], [ 19.811098242302204, 50.05479965344918 ], [ 19.811098240520607, 50.054799651706212 ], [ 19.811098237281982, 50.054799651629551 ], [ 19.8070648470249, 50.054827767264889 ], [ 19.807064843789608, 50.054827767386662 ], [ 19.807064842067039, 50.054827769154073 ], [ 19.805085776729527, 50.057090715041248 ], [ 19.80508577527555, 50.057090716906053 ], [ 19.805085776791593, 50.057090718750253 ], [ 19.807140260343182, 50.059325608135836 ], [ 19.807140266564176, 50.059325615702541 ], [ 19.807140271639756, 50.059325623615663 ], [ 19.807140275523949, 50.059325631803553 ], [ 19.807140278181581, 50.059325640192064 ], [ 19.807140279588591, 50.059325648705226 ], [ 19.807140279732224, 50.059325657265944 ], [ 19.807140278611186, 50.059325665796685 ], [ 19.807140276235632, 50.059325674220204 ], [ 19.807140272627073, 50.059325682460212 ], [ 19.807140267818188, 50.059325690442066 ], [ 19.807140261852528, 50.05932569809351 ], [ 19.805161093427692, 50.061588557620411 ], [ 19.805161086358652, 50.061588564872011 ], [ 19.805161078250848, 50.061588571658199 ], [ 19.805161069177696, 50.061588577917547 ], [ 19.805161059221373, 50.061588583593341 ], [ 19.805161048472044, 50.06158858863418 ], [ 19.805161037027052, 50.061588592994433 ], [ 19.805161024990049, 50.061588596634586 ], [ 19.805161012470041, 50.061588599521698 ], [ 19.805160999580416, 50.061588601629602 ], [ 19.805160986437897, 50.061588602939224 ], [ 19.805160973161509, 50.061588603438715 ], [ 19.801127085184941, 50.061616514959802 ], [ 19.801127081949179, 50.061616515081425 ], [ 19.801127080226152, 50.061616516848737 ], [ 19.7991474587899, 50.063879361556864 ], [ 19.79914745733549, 50.063879363421584 ], [ 19.799147458851522, 50.063879365265855 ], [ 19.80120196138266, 50.066114357090029 ], [ 19.801201967603618, 50.066114364657039 ], [ 19.80120197267895, 50.066114372570404 ], [ 19.801201976562698, 50.066114380758513 ], [ 19.801201979219687, 50.066114389147153 ], [ 19.801201980625855, 50.066114397660378 ], [ 19.801201980768468, 50.066114406221089 ], [ 19.80120197964623, 50.066114414751794 ], [ 19.801201977269319, 50.066114423175172 ], [ 19.801201973659243, 50.066114431414988 ], [ 19.801201968848702, 50.066114439396593 ], [ 19.801201962881265, 50.066114447047731 ], [ 19.799222200273931, 50.068377248774773 ], [ 19.799222198819393, 50.0683772506395 ], [ 19.799222200335571, 50.068377252483764 ], [ 19.801276900934234, 50.070612240311455 ], [ 19.801276907155792, 50.070612247878444 ], [ 19.801276912231621, 50.070612255791815 ], [ 19.801276916115754, 50.070612263979889 ], [ 19.801276918773013, 50.070612272368528 ], [ 19.801276920179333, 50.070612280881747 ], [ 19.801276920321985, 50.070612289442465 ], [ 19.801276919199665, 50.070612297973135 ], [ 19.801276916822552, 50.070612306396526 ], [ 19.801276913212156, 50.070612314636335 ], [ 19.801276908401189, 50.070612322617954 ], [ 19.801276902433212, 50.070612330269078 ], [ 19.799296960651958, 50.072875132406821 ], [ 19.799296959197285, 50.072875134271541 ], [ 19.799296960713612, 50.072875136115812 ], [ 19.801351898836725, 50.07511016280386 ], [ 19.801351900618734, 50.075110164546977 ], [ 19.801351903858713, 50.075110164623901 ], [ 19.805386923559645, 50.07508223983136 ], [ 19.805386936853399, 50.075082240146514 ], [ 19.805386950040411, 50.075082241273478 ], [ 19.805386963001254, 50.075082243202047 ], [ 19.805386975618561, 50.07508224591475 ], [ 19.805386987778057, 50.075082249387052 ], [ 19.805386999369627, 50.075082253587475 ], [ 19.805387010288296, 50.075082258477991 ], [ 19.805387020435184, 50.075082264014313 ], [ 19.8053870297184, 50.075082270146289 ], [ 19.805387038053873, 50.075082276818407 ], [ 19.805387045366114, 50.075082283970232 ], [ 19.807442282057838, 50.077317114444952 ], [ 19.807442288281241, 50.077317122011593 ], [ 19.807442293358807, 50.07731712992468 ], [ 19.807442297244542, 50.077317138112527 ], [ 19.807442299903258, 50.077317146501009 ], [ 19.807442301310878, 50.077317155014136 ], [ 19.80744230145466, 50.07731716357484 ], [ 19.8074423003333, 50.077317172105552 ], [ 19.807442297956943, 50.077317180529043 ], [ 19.807442294347123, 50.077317188769044 ], [ 19.807442289536521, 50.077317196750904 ], [ 19.807442283568708, 50.077317204402348 ], [ 19.805462360785754, 50.079580109028811 ], [ 19.80546235933112, 50.079580110893602 ], [ 19.805462360847901, 50.079580112737787 ], [ 19.807517874630996, 50.081815024908664 ], [ 19.807517876413478, 50.081815026651675 ], [ 19.807517879653915, 50.081815026728421 ], [ 19.811553455999231, 50.081786884890768 ], [ 19.811553469294878, 50.081786885205211 ], [ 19.811553482483863, 50.081786886331464 ], [ 19.811553495446763, 50.081786888259337 ], [ 19.811553508066169, 50.081786890971365 ], [ 19.811553520227804, 50.081786894443006 ], [ 19.811553531821527, 50.08178689864279 ], [ 19.811553542742352, 50.081786903532716 ], [ 19.811553552891368, 50.081786909068462 ], [ 19.81155356217667, 50.081786915199956 ], [ 19.811553570514167, 50.081786921871597 ], [ 19.811553577828352, 50.081786929023018 ], [ 19.813609429722359, 50.084021687778602 ], [ 19.813609431505142, 50.084021689521528 ], [ 19.813609434745739, 50.084021689598103 ], [ 19.817645190252435, 50.083993335108445 ], [ 19.817645203548718, 50.083993335422193 ], [ 19.817645216738445, 50.083993336547735 ], [ 19.817645229702173, 50.083993338474926 ], [ 19.817645242322499, 50.083993341186286 ], [ 19.817645254485125, 50.083993344657266 ], [ 19.817645266079911, 50.083993348856453 ], [ 19.817645277001851, 50.08399335374579 ], [ 19.817645287152029, 50.08399335928101 ], [ 19.817645296438535, 50.083993365411992 ], [ 19.817645304777258, 50.083993372083199 ], [ 19.817645312092683, 50.083993379234215 ], [ 19.819701541555656, 50.086228027388479 ], [ 19.819701543338745, 50.086228029131313 ], [ 19.819701546579498, 50.08622802920771 ], [ 19.823737481196677, 50.086199462033719 ], [ 19.823737494493603, 50.086199462346741 ], [ 19.823737507684072, 50.086199463471615 ], [ 19.823737520648631, 50.086199465398117 ], [ 19.823737533269874, 50.086199468108809 ], [ 19.823737545433495, 50.08619947157915 ], [ 19.823737557029339, 50.086199475777718 ], [ 19.823737567952396, 50.086199480666473 ], [ 19.823737578103739, 50.086199486201146 ], [ 19.823737587391442, 50.086199492331637 ], [ 19.823737595731394, 50.086199499002404 ], [ 19.823737603048063, 50.086199506153022 ], [ 19.825794210124528, 50.088434043664158 ], [ 19.825794211907919, 50.088434045406892 ], [ 19.825794215148829, 50.088434045483133 ], [ 19.829830328825569, 50.088405265592449 ], [ 19.829830342123138, 50.08840526590479 ], [ 19.82983035531435, 50.088405267028946 ], [ 19.82983036827974, 50.08840526895478 ], [ 19.8298303809019, 50.088405271664797 ], [ 19.829830393066512, 50.088405275134491 ], [ 19.829830404663415, 50.088405279332434 ], [ 19.829830415587587, 50.08840528422062 ], [ 19.829830425740099, 50.08840528975476 ], [ 19.829830435029002, 50.088405295884741 ], [ 19.829830443370181, 50.088405302555074 ], [ 19.829830450688092, 50.088405309705294 ], [ 19.831887435422569, 50.090639736531514 ], [ 19.831887437206262, 50.090639738274149 ], [ 19.831887440447328, 50.090639738350212 ], [ 19.835923733132685, 50.090610745710535 ], [ 19.835923746430893, 50.090610746022165 ], [ 19.835923759622844, 50.090610747145632 ], [ 19.835923772589066, 50.09061074907077 ], [ 19.835923785212142, 50.090610751780126 ], [ 19.835923797377745, 50.090610755249173 ], [ 19.835923808975711, 50.090610759446513 ], [ 19.835923819900998, 50.090610764334095 ], [ 19.835923830054675, 50.090610769867709 ], [ 19.83592383934478, 50.090610775997199 ], [ 19.835923847687184, 50.090610782667071 ], [ 19.835923855006335, 50.0906107898169 ], [ 19.837981217443325, 50.092845105916396 ], [ 19.83798121922732, 50.092845107658945 ], [ 19.837981222468542, 50.092845107734838 ], [ 19.842017694111519, 50.092815902313824 ], [ 19.842017707410374, 50.092815902624743 ], [ 19.842017720603064, 50.092815903747514 ], [ 19.842017733570117, 50.092815905671962 ], [ 19.842017746194109, 50.092815908380643 ], [ 19.842017758360708, 50.092815911849058 ], [ 19.842017769959728, 50.092815916045787 ], [ 19.842017780886135, 50.092815920932786 ], [ 19.842017791040977, 50.09281592646586 ], [ 19.842017800332279, 50.092815932594853 ], [ 19.842017808675916, 50.09281593926427 ], [ 19.842017815996307, 50.092815946413715 ], [ 19.844075556180282, 50.095050151744687 ], [ 19.84407555796458, 50.095050153487122 ], [ 19.844075561205958, 50.095050153562845 ], [ 19.848112211755552, 50.095020735328184 ], [ 19.848112225055043, 50.0950207356384 ], [ 19.848112238248472, 50.095020736760482 ], [ 19.84811225121636, 50.095020738684234 ], [ 19.848112263841269, 50.095020741392254 ], [ 19.848112276008859, 50.095020744860022 ], [ 19.848112287608938, 50.095020749056125 ], [ 19.848112298536464, 50.095020753942549 ], [ 19.848112308692468, 50.095020759475076 ], [ 19.848112317984974, 50.095020765603586 ], [ 19.848112326329836, 50.095020772272562 ], [ 19.848112333651471, 50.095020779421603 ], [ 19.850170451626898, 50.097254873942227 ], [ 19.850170453411501, 50.09725487568457 ], [ 19.850170456653032, 50.097254875760122 ], [ 19.85420736346752, 50.097225244109943 ], [ 19.854207366705523, 50.097225243986827 ], [ 19.854207368427851, 50.097225242218741 ], [ 19.856185702041167, 50.094961521312037 ], [ 19.856185709107312, 50.094961514057374 ], [ 19.856185717213446, 50.094961507267655 ], [ 19.856185726286142, 50.094961501004356 ], [ 19.856185736243251, 50.09496149532422 ], [ 19.856185746994591, 50.094961490278671 ], [ 19.856185758442802, 50.094961485913402 ], [ 19.856185770484199, 50.094961482267948 ], [ 19.856185783009742, 50.094961479375328 ], [ 19.856185795905994, 50.094961477261712 ], [ 19.856185809056164, 50.094961475946292 ], [ 19.85618582234116, 50.09496147544094 ], [ 19.860222375312599, 50.094931636782235 ], [ 19.860222388612126, 50.094931637091065 ], [ 19.860222401805796, 50.094931638211762 ], [ 19.860222414774128, 50.094931640134178 ], [ 19.860222427399677, 50.094931642840876 ], [ 19.860222439568105, 50.094931646307366 ], [ 19.860222451169207, 50.094931650502247 ], [ 19.860222462097926, 50.094931655387533 ], [ 19.860222472255291, 50.094931660918995 ], [ 19.860222481549314, 50.094931667046524 ], [ 19.860222489895829, 50.094931673714605 ], [ 19.860222497219244, 50.094931680862885 ], [ 19.862281132308741, 50.097165514973653 ], [ 19.862281138543352, 50.097165522537267 ], [ 19.862281143632053, 50.097165530447867 ], [ 19.862281147528758, 50.097165538633796 ], [ 19.862281150198175, 50.097165547020936 ], [ 19.862281151616131, 50.097165555533316 ], [ 19.862281151769782, 50.097165564093856 ], [ 19.86228115065774, 50.097165572625038 ], [ 19.862281148290077, 50.097165581049573 ], [ 19.862281144688229, 50.097165589291201 ], [ 19.862281139884821, 50.097165597275279 ], [ 19.862281133923354, 50.097165604929479 ], [ 19.860302999385883, 50.099429427828518 ], [ 19.860302997932795, 50.099429429693984 ], [ 19.860302999452305, 50.099429431537423 ], [ 19.862361873140269, 50.101663304312638 ], [ 19.862361879375484, 50.101663311876244 ], [ 19.862361884464686, 50.10166331978683 ], [ 19.862361888361775, 50.101663327972751 ], [ 19.862361891031469, 50.101663336359877 ], [ 19.862361892449577, 50.10166334487225 ], [ 19.862361892603271, 50.101663353432791 ], [ 19.862361891491151, 50.101663361963944 ], [ 19.862361889123289, 50.101663370388508 ], [ 19.862361885521128, 50.101663378630128 ], [ 19.862361880717295, 50.101663386614185 ], [ 19.86236187475529, 50.101663394268392 ], [ 19.860383599401942, 50.103927174331382 ], [ 19.860383592335126, 50.103927181586272 ], [ 19.860383584228096, 50.103927188376268 ], [ 19.86038357515427, 50.103927194639894 ], [ 19.860383565195814, 50.103927200320399 ], [ 19.860383554442926, 50.10392720536634 ], [ 19.860383542992977, 50.103927209732028 ], [ 19.860383530949665, 50.103927213377922 ], [ 19.860383518422047, 50.103927216270996 ], [ 19.860383505523586, 50.103927218385081 ], [ 19.860383492371085, 50.103927219700992 ], [ 19.860383479083655, 50.103927220206835 ], [ 19.85634609294592, 50.103957068896008 ], [ 19.856346089707465, 50.103957069019202 ], [ 19.856346087984978, 50.10395707078731 ], [ 19.854367358777065, 50.106220836219421 ], [ 19.854367357323547, 50.106220838084809 ], [ 19.854367358843046, 50.106220839928334 ], [ 19.856426292342917, 50.108454858124709 ], [ 19.856426294128163, 50.10845485986696 ], [ 19.856426297370461, 50.108454859942334 ], [ 19.860464061531857, 50.108425006522026 ], [ 19.860464074835125, 50.108425006830814 ], [ 19.860464088032515, 50.10842500795146 ], [ 19.860464101004503, 50.108425009873812 ], [ 19.860464113633622, 50.108425012580462 ], [ 19.860464125805496, 50.108425016046901 ], [ 19.860464137409895, 50.108425020241746 ], [ 19.860464148341727, 50.108425025126976 ], [ 19.860464158501994, 50.108425030658374 ], [ 19.860464167798682, 50.108425036785853 ], [ 19.860464176147595, 50.108425043453906 ], [ 19.86046418347313, 50.10842505060215 ], [ 19.862523455565373, 50.110658915030825 ], [ 19.862523457350925, 50.110658916772984 ], [ 19.86252346059338, 50.110658916848188 ], [ 19.866561403597, 50.110628850449679 ], [ 19.866561416900907, 50.110628850757763 ], [ 19.866561430099036, 50.110628851877706 ], [ 19.866561443071859, 50.110628853799383 ], [ 19.866561455701895, 50.110628856505365 ], [ 19.866561467874764, 50.11062885997115 ], [ 19.866561479480222, 50.110628864165363 ], [ 19.866561490413172, 50.110628869050025 ], [ 19.866561500574601, 50.110628874580875 ], [ 19.86656150987249, 50.110628880707864 ], [ 19.866561518222635, 50.110628887375462 ], [ 19.866561525549411, 50.110628894523309 ], [ 19.868621175757543, 50.112862647981075 ], [ 19.868621177543396, 50.112862649723141 ], [ 19.868621180786008, 50.112862649798174 ], [ 19.872659302580683, 50.112832370389135 ], [ 19.872659315885233, 50.112832370696523 ], [ 19.872659329084097, 50.112832371815784 ], [ 19.872659342057752, 50.112832373736758 ], [ 19.872659354688707, 50.112832376442071 ], [ 19.872659366862564, 50.112832379907218 ], [ 19.872659378469084, 50.11283238410082 ], [ 19.87265938940315, 50.112832388984877 ], [ 19.872659399565748, 50.112832394515202 ], [ 19.872659408864838, 50.112832400641686 ], [ 19.872659417216209, 50.112832407308851 ], [ 19.872659424544231, 50.112832414456292 ], [ 19.874719413408158, 50.115066014069825 ], [ 19.874719419647079, 50.115066021632728 ], [ 19.874719424739755, 50.115066029542724 ], [ 19.874719428640066, 50.115066037728212 ], [ 19.874719431312684, 50.115066046115011 ], [ 19.874719432733414, 50.115066054627199 ], [ 19.874719432889382, 50.115066063187683 ], [ 19.874719431779177, 50.11506607171895 ], [ 19.874719429412856, 50.115066080143713 ], [ 19.874719425811847, 50.115066088385696 ], [ 19.874719421008759, 50.115066096370249 ], [ 19.874719415047096, 50.115066104025068 ], [ 19.872741142861521, 50.117330132701852 ], [ 19.872741141408387, 50.117330134567474 ], [ 19.872741142928945, 50.117330136410743 ], [ 19.874801410270326, 50.119563817479275 ], [ 19.874801412056655, 50.119563819221241 ], [ 19.874801415299729, 50.11956381929609 ], [ 19.878840094086783, 50.119533322010753 ], [ 19.87884010739322, 50.119533322317409 ], [ 19.878840120594067, 50.119533323435945 ], [ 19.878840133569778, 50.119533325356223 ], [ 19.878840146202833, 50.119533328060847 ], [ 19.878840158378839, 50.119533331525332 ], [ 19.878840169987516, 50.119533335718309 ], [ 19.878840180923739, 50.11953334060177 ], [ 19.878840191088472, 50.11953334613154 ], [ 19.878840200389654, 50.119533352257513 ], [ 19.878840208743053, 50.119533358924194 ], [ 19.878840216073026, 50.119533366071238 ], [ 19.880900782694525, 50.121766850406168 ], [ 19.880900788935303, 50.121766857968716 ], [ 19.880900794029721, 50.121766865878435 ], [ 19.880900797931641, 50.121766874063688 ], [ 19.880900800605726, 50.121766882450324 ], [ 19.88090080202776, 50.121766890962427 ], [ 19.880900802184872, 50.121766899522896 ], [ 19.880900801075626, 50.121766908054198 ], [ 19.880900798710073, 50.121766916479068 ], [ 19.880900795109643, 50.121766924721229 ], [ 19.880900790306931, 50.121766932706038 ], [ 19.880900784345435, 50.121766940361155 ], [ 19.878922532942969, 50.124031071674878 ], [ 19.878922531489877, 50.124031073540579 ], [ 19.87892253301089, 50.124031075383762 ], [ 19.880983378278927, 50.126264641151295 ], [ 19.880983380065732, 50.126264642893133 ], [ 19.880983383309264, 50.126264642967818 ], [ 19.885022696677407, 50.126233927114946 ], [ 19.885022699917283, 50.126233926990963 ], [ 19.885022701639496, 50.126233925222436 ], [ 19.88700075337891, 50.123969691889506 ], [ 19.88700076044459, 50.123969684633018 ], [ 19.887000768551182, 50.123969677841181 ], [ 19.887000777625261, 50.123969671575495 ], [ 19.887000787584665, 50.12396966589273 ], [ 19.887000798339184, 50.123969660844338 ], [ 19.887000809791438, 50.123969656476021 ], [ 19.887000821837706, 50.123969652827363 ], [ 19.887000834368894, 50.123969649931404 ], [ 19.887000847271519, 50.123969647814356 ], [ 19.887000860428735, 50.123969646495404 ], [ 19.887000873721387, 50.123969645986492 ], [ 19.891039832471382, 50.123938723042542 ], [ 19.891039845779098, 50.123938723347798 ], [ 19.891039858981426, 50.123938724464935 ], [ 19.891039871958796, 50.123938726383841 ], [ 19.891039884593688, 50.123938729087115 ], [ 19.891039896771677, 50.123938732550315 ], [ 19.891039908382474, 50.123938736742041 ], [ 19.891039919320935, 50.123938741624357 ], [ 19.891039929487995, 50.123938747153041 ], [ 19.891039938791582, 50.123938753278011 ], [ 19.891039947147444, 50.123938759943812 ], [ 19.891039954479904, 50.12393876709006 ], [ 19.893101317350929, 50.1261720719843 ], [ 19.893101319138164, 50.126172073725968 ], [ 19.893101322381703, 50.126172073800305 ], [ 19.897140614668935, 50.126140936492725 ], [ 19.897140617908764, 50.126140936368408 ], [ 19.897140619630527, 50.126140934599704 ], [ 19.899118093177663, 50.123876497930276 ], [ 19.899118100241484, 50.123876490673055 ], [ 19.899118108346332, 50.123876483880387 ], [ 19.899118117418805, 50.12387647761377 ], [ 19.899118127376738, 50.123876471929961 ], [ 19.89911813812995, 50.123876466880446 ], [ 19.89911814958106, 50.123876462510957 ], [ 19.899118161626365, 50.123876458861034 ], [ 19.899118174156783, 50.123876455963781 ], [ 19.899118187058832, 50.123876453845391 ], [ 19.899118200215675, 50.12387645252506 ], [ 19.899118213508153, 50.123876452014756 ], [ 19.90315715103797, 50.123845107668302 ], [ 19.903157164345721, 50.123845107972166 ], [ 19.903157177548284, 50.123845109087931 ], [ 19.903157190526098, 50.12384511100548 ], [ 19.90315720316163, 50.123845113707439 ], [ 19.903157215340453, 50.12384511716936 ], [ 19.903157226952271, 50.123845121359871 ], [ 19.903157237891929, 50.123845126241022 ], [ 19.903157248060349, 50.123845131768647 ], [ 19.90315725736545, 50.123845137892637 ], [ 19.903157265722971, 50.123845144557549 ], [ 19.903157273057207, 50.12384515170303 ], [ 19.90521919289294, 50.126078238456408 ], [ 19.905219194680612, 50.126078240197884 ], [ 19.905219197924158, 50.126078240271887 ], [ 19.909258468843344, 50.1260466815149 ], [ 19.909258472083128, 50.12604668139025 ], [ 19.909258473804439, 50.126046679621361 ], [ 19.911235406933013, 50.12378199629169 ], [ 19.911235408384833, 50.123781994425599 ], [ 19.911235406862595, 50.123781992582835 ], [ 19.909173308591374, 50.121549012779624 ], [ 19.909173302346193, 50.121549005218625 ], [ 19.909173297247154, 50.121548997310164 ], [ 19.909173293340444, 50.121548989125891 ], [ 19.909173290661439, 50.121548980739931 ], [ 19.909173289234399, 50.121548972228219 ], [ 19.909173289072253, 50.121548963667806 ], [ 19.909173290176465, 50.121548955136262 ], [ 19.909173292537034, 50.121548946710838 ], [ 19.909173296132582, 50.121548938467832 ], [ 19.909173300930554, 50.121548930481879 ], [ 19.909173306887492, 50.121548922825326 ], [ 19.911150023718111, 50.119284283626293 ], [ 19.911150025169803, 50.119284281760201 ], [ 19.911150023647711, 50.119284279917444 ], [ 19.909088125316089, 50.11705129580092 ], [ 19.909088119071516, 50.117051288239885 ], [ 19.909088113972977, 50.117051280331438 ], [ 19.909088110066659, 50.117051272147144 ], [ 19.909088107387934, 50.117051263761169 ], [ 19.909088105961054, 50.117051255249436 ], [ 19.909088105798947, 50.117051246689037 ], [ 19.909088106903081, 50.117051238157487 ], [ 19.90908810926345, 50.117051229732056 ], [ 19.90908811285869, 50.117051221489028 ], [ 19.909088117656236, 50.117051213503103 ], [ 19.909088123612637, 50.117051205846543 ], [ 19.911064624199984, 50.11478661077826 ], [ 19.911064631260672, 50.114786603520329 ], [ 19.911064639362305, 50.11478659672683 ], [ 19.911064648431498, 50.114786590459289 ], [ 19.911064658386131, 50.114786584774471 ], [ 19.911064669136049, 50.114786579723862 ], [ 19.911064680583898, 50.1147865753532 ], [ 19.91106469262601, 50.114786571702062 ], [ 19.911064705153322, 50.114786568803524 ], [ 19.911064718052387, 50.114786566683804 ], [ 19.911064731206391, 50.114786565362152 ], [ 19.911064744496212, 50.11478656485049 ], [ 19.915102981410786, 50.114754808564825 ], [ 19.915102984649796, 50.114754808440011 ], [ 19.915102986370488, 50.11475480667103 ], [ 19.917079184570191, 50.112490023561968 ], [ 19.91707918602145, 50.112490021695805 ], [ 19.91707918449935, 50.112490019853119 ], [ 19.915017307804657, 50.110257138346604 ], [ 19.915017301560052, 50.11025713078589 ], [ 19.915017296461279, 50.110257122877684 ], [ 19.91501729255452, 50.110257114693596 ], [ 19.915017289875152, 50.110257106307749 ], [ 19.915017288447441, 50.110257097796072 ], [ 19.915017288284318, 50.110257089235681 ], [ 19.915017289387254, 50.110257080704073 ], [ 19.915017291746267, 50.110257072278529 ], [ 19.915017295339993, 50.110257064035309 ], [ 19.915017300135887, 50.110257056049136 ], [ 19.915017306090512, 50.110257048392278 ], [ 19.916993288190508, 50.107992309430493 ], [ 19.916993289641638, 50.107992307564324 ], [ 19.916993288119684, 50.107992305721638 ], [ 19.914931611306091, 50.105759419885516 ], [ 19.914931605062094, 50.105759412324794 ], [ 19.914931599963822, 50.105759404416567 ], [ 19.914931596057453, 50.10575939623245 ], [ 19.914931593378363, 50.105759387846611 ], [ 19.914931591950811, 50.105759379334934 ], [ 19.914931591787727, 50.105759370774528 ], [ 19.914931592890589, 50.1057593622429 ], [ 19.914931595249406, 50.105759353817355 ], [ 19.91493159884282, 50.105759345574157 ], [ 19.914931603638291, 50.105759337587969 ], [ 19.914931609592379, 50.105759329931118 ], [ 19.916907375647281, 50.103494635116739 ], [ 19.916907382705446, 50.103494627858424 ], [ 19.916907390804361, 50.103494621064534 ], [ 19.916907399870674, 50.103494614796524 ], [ 19.916907409822286, 50.103494609111223 ], [ 19.916907420569071, 50.103494604060081 ], [ 19.916907432013705, 50.103494599688851 ], [ 19.916907444052541, 50.103494596037116 ], [ 19.916907456576556, 50.103494593137953 ], [ 19.916907469472331, 50.103494591017608 ], [ 19.916907482623078, 50.103494589695309 ], [ 19.916907495909701, 50.103494589182986 ], [ 19.920944699400234, 50.103462635541284 ], [ 19.920944712702422, 50.103462635843165 ], [ 19.920944725899759, 50.103462636956934 ], [ 19.920944738872738, 50.103462638872521 ], [ 19.920944751503868, 50.103462641572584 ], [ 19.920944763678758, 50.103462645032671 ], [ 19.920944775287154, 50.103462649221434 ], [ 19.920944786223924, 50.103462654100959 ], [ 19.920944796390025, 50.103462659627034 ], [ 19.920944805693392, 50.103462665749639 ], [ 19.920944814049776, 50.103462672413308 ], [ 19.920944821383493, 50.103462679557687 ], [ 19.923006636769028, 50.105695415666084 ], [ 19.923006643014283, 50.105695423226358 ], [ 19.923006648113873, 50.105695431134222 ], [ 19.923006652021609, 50.105695439318048 ], [ 19.923006654702103, 50.10569544770371 ], [ 19.923006656131086, 50.105695456215287 ], [ 19.923006656295605, 50.105695464775678 ], [ 19.923006655194182, 50.105695473307357 ], [ 19.923006652836783, 50.105695481733058 ], [ 19.923006649244765, 50.105695489976512 ], [ 19.923006644450652, 50.105695497963019 ], [ 19.92300663849786, 50.105695505620282 ], [ 19.921031034431103, 50.107960345710502 ], [ 19.921031032980128, 50.107960347576736 ], [ 19.921031034502235, 50.107960349419365 ], [ 19.923093089348924, 50.110193123996631 ], [ 19.923093095594787, 50.110193131556919 ], [ 19.923093100694878, 50.110193139464762 ], [ 19.923093104603005, 50.110193147648573 ], [ 19.923093107283776, 50.110193156034228 ], [ 19.923093108712916, 50.110193164545784 ], [ 19.923093108877477, 50.110193173106161 ], [ 19.92309310777598, 50.11019318163784 ], [ 19.923093105418385, 50.110193190063541 ], [ 19.923093101826055, 50.110193198306995 ], [ 19.923093097031519, 50.110193206293502 ], [ 19.923093091078194, 50.110193213950765 ], [ 19.921117308903533, 50.112458054776148 ], [ 19.92111730745243, 50.112458056642367 ], [ 19.921117308974686, 50.112458058485011 ], [ 19.923179603345275, 50.11469087152981 ], [ 19.923179605133168, 50.114690873271023 ], [ 19.923179608375968, 50.114690873344514 ], [ 19.927217823510308, 50.114658695795228 ], [ 19.927217836815625, 50.114658696096356 ], [ 19.927217850016184, 50.114658697209393 ], [ 19.927217862992435, 50.114658699124263 ], [ 19.927217875626859, 50.114658701823622 ], [ 19.927217887805046, 50.11465870528302 ], [ 19.927217899416696, 50.114658709471144 ], [ 19.927217910356664, 50.114658714350043 ], [ 19.927217920525866, 50.114658719875543 ], [ 19.927217929832217, 50.114658725997614 ], [ 19.927217938191433, 50.114658732660807 ], [ 19.927217945527811, 50.114658739804753 ], [ 19.929280578531483, 50.116891398715005 ], [ 19.929280580319674, 50.116891400456105 ], [ 19.92928058356263, 50.116891400529433 ], [ 19.933318976797647, 50.116859009782218 ], [ 19.933318990103604, 50.116859010082642 ], [ 19.933319003304899, 50.116859011194975 ], [ 19.933319016281978, 50.116859013109178 ], [ 19.933319028917317, 50.116859015807862 ], [ 19.933319041096496, 50.116859019266606 ], [ 19.933319052709205, 50.116859023454111 ], [ 19.933319063650288, 50.116859028332414 ], [ 19.933319073820659, 50.116859033857388 ], [ 19.933319083128207, 50.116859039978955 ], [ 19.933319091488652, 50.116859046641693 ], [ 19.933319098826274, 50.116859053785241 ], [ 19.935382110050728, 50.119091601334588 ], [ 19.935382111839225, 50.119091603075589 ], [ 19.935382115082337, 50.119091603148753 ], [ 19.939420686366578, 50.119058999171358 ], [ 19.939420699673178, 50.119058999471079 ], [ 19.939420712875211, 50.119059000582723 ], [ 19.939420725853118, 50.119059002496229 ], [ 19.939420738489375, 50.119059005194231 ], [ 19.939420750669541, 50.119059008652336 ], [ 19.939420762283312, 50.119059012839237 ], [ 19.93942077322551, 50.119059017716957 ], [ 19.939420783397047, 50.119059023241377 ], [ 19.939420792705796, 50.119059029362447 ], [ 19.93942080106747, 50.11905903602473 ], [ 19.939420808406336, 50.119059043167908 ], [ 19.94148419789575, 50.121291479314451 ], [ 19.941484199684549, 50.121291481055351 ], [ 19.941484202927814, 50.12129148112836 ], [ 19.945522952209796, 50.121258663888561 ], [ 19.945522965517036, 50.121258664187579 ], [ 19.945522978719804, 50.121258665298527 ], [ 19.945522991698542, 50.121258667211329 ], [ 19.945523004335712, 50.121258669908677 ], [ 19.945523016516869, 50.121258673366135 ], [ 19.945523028131699, 50.12125867755239 ], [ 19.945523039075013, 50.121258682429549 ], [ 19.945523049247711, 50.121258687953421 ], [ 19.945523058557669, 50.121258694074001 ], [ 19.945523066920568, 50.121258700735844 ], [ 19.945523074260677, 50.121258707878603 ], [ 19.947586842059213, 50.12349103258051 ], [ 19.947586843848313, 50.123491034321326 ], [ 19.947586847091735, 50.123491034394149 ], [ 19.951625851769492, 50.123458003224989 ], [ 19.951625855008981, 50.123458003099145 ], [ 19.951625856728626, 50.123458001329645 ], [ 19.953600675690762, 50.12119260788711 ], [ 19.953600677140852, 50.1211926060205 ], [ 19.953600675617079, 50.121192604178312 ], [ 19.951536729920154, 50.118960386527512 ], [ 19.951536723668671, 50.118960378968815 ], [ 19.951536718562963, 50.118960371062258 ], [ 19.951536714649265, 50.118960362879456 ], [ 19.951536711963026, 50.118960354494497 ], [ 19.951536710528565, 50.118960345983332 ], [ 19.951536710358877, 50.118960337423033 ], [ 19.9515367114555, 50.118960328891134 ], [ 19.951536713808501, 50.118960320464893 ], [ 19.951536717396571, 50.118960312220594 ], [ 19.951536722187218, 50.118960304232935 ], [ 19.95153672813705, 50.118960296574251 ], [ 19.953511293516055, 50.116694990827739 ], [ 19.953511300570568, 50.116694983567257 ], [ 19.953511308666471, 50.11669497677083 ], [ 19.953511317730435, 50.116694970499999 ], [ 19.953511327680381, 50.116694964811565 ], [ 19.953511338426203, 50.116694959757055 ], [ 19.953511349870581, 50.116694955382229 ], [ 19.953511361909879, 50.116694951726707 ], [ 19.95351137443506, 50.1166949488236 ], [ 19.9535113873327, 50.116694946699184 ], [ 19.953511400485993, 50.116694945372714 ], [ 19.953511413775814, 50.116694944856192 ], [ 19.957549762295137, 50.116661711528991 ], [ 19.95754976553415, 50.116661711402983 ], [ 19.957549767253337, 50.116661709633384 ], [ 19.959523992292638, 50.114396259489027 ], [ 19.959523999345905, 50.11439625222819 ], [ 19.959524007440564, 50.114396245431344 ], [ 19.959524016503305, 50.114396239160058 ], [ 19.959524026452062, 50.114396233471126 ], [ 19.959524037196733, 50.114396228416062 ], [ 19.959524048640013, 50.11439622404064 ], [ 19.959524060678266, 50.114396220384506 ], [ 19.959524073202481, 50.114396217480753 ], [ 19.959524086099226, 50.114396215355661 ], [ 19.959524099251713, 50.114396214028517 ], [ 19.95952411254083, 50.11439621351132 ], [ 19.963562260612747, 50.114362772193559 ], [ 19.963562263851585, 50.114362772067409 ], [ 19.96356226557047, 50.11436277029771 ], [ 19.965536112455261, 50.112097219236624 ], [ 19.965536119507281, 50.112097211975424 ], [ 19.9655361276007, 50.112097205178159 ], [ 19.965536136662223, 50.112097198906405 ], [ 19.965536146609786, 50.112097193216961 ], [ 19.965536157353306, 50.112097188161343 ], [ 19.965536168795481, 50.11209718378533 ], [ 19.965536180832693, 50.112097180128579 ], [ 19.965536193355938, 50.112097177224179 ], [ 19.965536206251791, 50.112097175098441 ], [ 19.965536219403475, 50.112097173770614 ], [ 19.965536232691878, 50.112097173252721 ], [ 19.969574180272339, 50.112063523978961 ], [ 19.969574183511003, 50.112063523852633 ], [ 19.969574185229582, 50.112063522082856 ], [ 19.971547654011431, 50.109797870146593 ], [ 19.971547661062207, 50.109797862885024 ], [ 19.971547669154386, 50.109797856087354 ], [ 19.971547678214687, 50.109797849815124 ], [ 19.971547688161056, 50.109797844125183 ], [ 19.971547698903422, 50.10979783906901 ], [ 19.971547710344495, 50.109797834692415 ], [ 19.971547722380674, 50.109797831035046 ], [ 19.971547734902941, 50.109797828129999 ], [ 19.971547747797906, 50.109797826003593 ], [ 19.971547760948781, 50.109797824675098 ], [ 19.971547774236477, 50.10979782415653 ], [ 19.975585521281456, 50.10976396696131 ], [ 19.975585524519946, 50.109763966834812 ], [ 19.975585526238223, 50.10976396506495 ], [ 19.977558616968707, 50.107498212295049 ], [ 19.977558624018233, 50.107498205033131 ], [ 19.977558632109172, 50.107498198235028 ], [ 19.977558641168251, 50.10749819196235 ], [ 19.97755865111343, 50.10749818627189 ], [ 19.977558661854644, 50.107498181215163 ], [ 19.977558673294617, 50.107498176838 ], [ 19.97755868532975, 50.107498173179984 ], [ 19.977558697851055, 50.107498170274305 ], [ 19.977558710745125, 50.107498168147245 ], [ 19.977558723895193, 50.107498166818054 ], [ 19.977558737182182, 50.107498166298804 ], [ 19.981596206224616, 50.107464101871265 ], [ 19.981596219528193, 50.10746410216619 ], [ 19.981596232727938, 50.107464103273045 ], [ 19.981596245704321, 50.107464105181847 ], [ 19.981596258339817, 50.107464107875273 ], [ 19.981596270520004, 50.107464111328973 ], [ 19.981596282134575, 50.107464115511625 ], [ 19.98159629307834, 50.107464120385387 ], [ 19.9815963032522, 50.107464125906105 ], [ 19.981596312564012, 50.107464132023793 ], [ 19.981596320929452, 50.107464138683035 ], [ 19.981596328272758, 50.107464145823521 ], [ 19.983661162027175, 50.109695828113637 ], [ 19.983661163817057, 50.109695829853898 ], [ 19.983661167059587, 50.10969582992572 ], [ 19.987698968324214, 50.10966155090307 ], [ 19.987698971562665, 50.109661550776238 ], [ 19.987698973280487, 50.109661549006198 ], [ 19.989671485339986, 50.107395593783352 ], [ 19.989671492387654, 50.107395586520703 ], [ 19.989671500476849, 50.107395579721775 ], [ 19.989671509534311, 50.107395573448159 ], [ 19.989671519478023, 50.107395567756669 ], [ 19.989671530217922, 50.107395562698827 ], [ 19.989671541656751, 50.107395558320469 ], [ 19.989671553690918, 50.10739555466121 ], [ 19.989671566211442, 50.107395551754223 ], [ 19.989671579104925, 50.107395549625821 ], [ 19.989671592254613, 50.107395548295273 ], [ 19.989671605541421, 50.10739554777463 ], [ 19.993709051237818, 50.107361062219979 ], [ 19.99370906454142, 50.107361062513498 ], [ 19.993709077741396, 50.107361063618988 ], [ 19.993709090718212, 50.107361065526419 ], [ 19.993709103354345, 50.10736106821853 ], [ 19.993709115535356, 50.107361071670951 ], [ 19.99370912715094, 50.107361075852396 ], [ 19.993709138095895, 50.107361080724999 ], [ 19.993709148271108, 50.107361086244659 ], [ 19.99370915758443, 50.107361092361351 ], [ 19.993709165951518, 50.107361099019712 ], [ 19.993709173296597, 50.107361106159416 ], [ 19.995774562367828, 50.109592569700574 ], [ 19.995774564158143, 50.109592571440643 ], [ 19.99577456740068, 50.109592571512131 ], [ 19.999812345171168, 50.109557871315772 ], [ 19.999812348409574, 50.109557871188592 ], [ 19.999812350126941, 50.109557869418389 ], [ 20.001784283383675, 50.107291711845605 ], [ 20.001784290429487, 50.107291704582231 ], [ 20.001784298516938, 50.107291697782465 ], [ 20.001784307572784, 50.107291691507911 ], [ 20.001784317515021, 50.107291685815397 ], [ 20.001784328253603, 50.10729168075644 ], [ 20.001784339691287, 50.107291676376896 ], [ 20.001784351724488, 50.1072916727164 ], [ 20.00178436424423, 50.107291669808113 ], [ 20.001784377137135, 50.107291667678361 ], [ 20.001784390286435, 50.107291666346434 ], [ 20.001784403573062, 50.107291665824413 ], [ 20.005821825636755, 50.107256759148505 ], [ 20.005821838940385, 50.107256759440645 ], [ 20.005821852140592, 50.107256760544743 ], [ 20.005821865117841, 50.107256762450831 ], [ 20.005821877754602, 50.107256765141628 ], [ 20.005821889936442, 50.107256768592755 ], [ 20.005821901553034, 50.107256772772992 ], [ 20.005821912499179, 50.107256777644444 ], [ 20.005821922675747, 50.107256783163024 ], [ 20.005821931990578, 50.10725678927875 ], [ 20.005821940359311, 50.10725679593623 ], [ 20.005821947706163, 50.107256803075153 ], [ 20.007887891939227, 50.109488047770199 ], [ 20.007887893729972, 50.109488049510077 ], [ 20.007887896972516, 50.109488049581216 ], [ 20.011925650962148, 50.109452928217074 ], [ 20.011925654200507, 50.10945292808956 ], [ 20.011925655917423, 50.109452926319157 ], [ 20.013897010239756, 50.107186566499493 ], [ 20.013897017283707, 50.107186559235402 ], [ 20.013897025369413, 50.107186552434804 ], [ 20.013897034423643, 50.107186546159319 ], [ 20.013897044364406, 50.107186540465769 ], [ 20.013897055101676, 50.10718653540571 ], [ 20.01389706653821, 50.107186531024979 ], [ 20.013897078570441, 50.107186527363211 ], [ 20.013897091089405, 50.107186524453631 ], [ 20.013897103981723, 50.107186522322543 ], [ 20.013897117130643, 50.107186520989259 ], [ 20.013897130417089, 50.107186520465838 ], [ 20.017934528561423, 50.107151192674628 ], [ 20.017934541865074, 50.107151192965382 ], [ 20.017934555065512, 50.107151194068109 ], [ 20.017934568043188, 50.107151195972826 ], [ 20.017934580680585, 50.107151198662294 ], [ 20.017934592863249, 50.107151202112156 ], [ 20.01793460448085, 50.107151206291164 ], [ 20.017934615428185, 50.107151211161487 ], [ 20.017934625606106, 50.107151216678986 ], [ 20.017934634922444, 50.107151222793725 ], [ 20.017934643292826, 50.107151229450324 ], [ 20.01793465064145, 50.107151236588486 ], [ 20.020001149881224, 50.109382262340304 ], [ 20.020001151672403, 50.109382264079997 ], [ 20.020001154914947, 50.109382264150803 ], [ 20.024038884837019, 50.109346721624824 ], [ 20.024038888075331, 50.109346721496983 ], [ 20.024038889791797, 50.10934671972641 ], [ 20.026009665048239, 50.10708015776293 ], [ 20.026009672090332, 50.107080150498113 ], [ 20.026009680174294, 50.107080143696692 ], [ 20.026009689226907, 50.107080137420255 ], [ 20.026009699166195, 50.107080131725688 ], [ 20.026009709902148, 50.107080126664506 ], [ 20.026009721337537, 50.107080122282596 ], [ 20.026009733368799, 50.107080118619585 ], [ 20.026009745886977, 50.107080115708698 ], [ 20.026009758778713, 50.107080113576274 ], [ 20.026009771927246, 50.107080112241611 ], [ 20.026009785213507, 50.107080111716812 ], [ 20.030047159151845, 50.107044362816318 ], [ 20.030047172455518, 50.107044363105672 ], [ 20.030047185656183, 50.10704436420702 ], [ 20.030047198634293, 50.107044366110387 ], [ 20.030047211272318, 50.107044368798526 ], [ 20.030047223455806, 50.107044372247117 ], [ 20.03004723507442, 50.107044376424909 ], [ 20.030047246022939, 50.107044381294074 ], [ 20.030047256202213, 50.107044386810493 ], [ 20.030047265520057, 50.107044392924266 ], [ 20.030047273892087, 50.107044399579976 ], [ 20.030047281242485, 50.107044406717357 ], [ 20.032114295694466, 50.109275170651806 ], [ 20.032114301957282, 50.109275178206097 ], [ 20.032114307075151, 50.109275186109052 ], [ 20.032114311001727, 50.109275194289076 ], [ 20.032114313701442, 50.109275202672087 ], [ 20.032114315149858, 50.109275211182194 ], [ 20.03211431533385, 50.109275219742287 ], [ 20.03211431425175, 50.109275228274875 ], [ 20.032114311913368, 50.109275236702686 ], [ 20.032114308339871, 50.10927524494938 ], [ 20.032114303563624, 50.109275252940272 ], [ 20.032114297627885, 50.10927526060302 ], [ 20.03014372355646, 50.111541924110753 ], [ 20.030143722109642, 50.111541925978308 ], [ 20.03014372363603, 50.111541927819488 ], [ 20.032211018599462, 50.113772772647735 ], [ 20.032211020391244, 50.113772774387229 ], [ 20.032211023634101, 50.113772774457694 ], [ 20.036249029837276, 50.113736805766742 ], [ 20.036249043142831, 50.113736806055371 ], [ 20.036249056345468, 50.113736807155995 ], [ 20.036249069325631, 50.113736809058672 ], [ 20.03624908196576, 50.113736811746115 ], [ 20.03624909415139, 50.113736815194038 ], [ 20.036249105772161, 50.113736819371191 ], [ 20.036249116722836, 50.113736824239744 ], [ 20.036249126904245, 50.113736829755616 ], [ 20.036249136224182, 50.113736835868863 ], [ 20.036249144598248, 50.113736842524112 ], [ 20.036249151950599, 50.113736849661066 ], [ 20.038316785382417, 50.115967539798092 ], [ 20.038316787174505, 50.115967541537501 ], [ 20.038316790417518, 50.115967541607787 ], [ 20.042355050831336, 50.115931358749584 ], [ 20.04235505407004, 50.115931358621218 ], [ 20.042355055786057, 50.115931356850382 ], [ 20.044325227200734, 50.113664490283433 ], [ 20.04432523424099, 50.113664483017523 ], [ 20.044325242323431, 50.113664476214844 ], [ 20.044325251374854, 50.113664469936992 ], [ 20.044325261313301, 50.113664464240863 ], [ 20.044325272048756, 50.113664459178018 ], [ 20.044325283484003, 50.113664454794289 ], [ 20.044325295515481, 50.113664451129402 ], [ 20.044325308034232, 50.113664448216532 ], [ 20.04432532092688, 50.113664446082055 ], [ 20.044325334076674, 50.113664444745318 ], [ 20.044325347364527, 50.113664444218422 ], [ 20.048363251487547, 50.113628055015646 ], [ 20.048363264793124, 50.113628055302875 ], [ 20.048363277995993, 50.113628056402128 ], [ 20.048363290976582, 50.113628058303433 ], [ 20.048363303617339, 50.113628060989562 ], [ 20.048363315803794, 50.113628064436206 ], [ 20.048363327425573, 50.113628068612144 ], [ 20.048363338377435, 50.113628073479546 ], [ 20.048363348560198, 50.113628078994353 ], [ 20.048363357881637, 50.113628085106612 ], [ 20.048363366257348, 50.113628091760965 ], [ 20.048363373611476, 50.113628098897145 ], [ 20.050431561870546, 50.115858569795925 ], [ 20.050431563663064, 50.115858571535135 ], [ 20.050431566906081, 50.115858571605088 ], [ 20.05446972508858, 50.115821968203484 ], [ 20.05446973839479, 50.115821968490025 ], [ 20.05446975159839, 50.115821969588566 ], [ 20.054469764579803, 50.115821971489183 ], [ 20.054469777221474, 50.115821974174644 ], [ 20.054469789408913, 50.115821977620634 ], [ 20.05446980103175, 50.115821981795953 ], [ 20.054469811984724, 50.115821986662766 ], [ 20.054469822168649, 50.11582199217704 ], [ 20.054469831491293, 50.115821998288794 ], [ 20.054469839868233, 50.115822004942693 ], [ 20.054469847223597, 50.115822012078489 ], [ 20.056538413626047, 50.118052370955937 ], [ 20.056538415418867, 50.118052372695054 ], [ 20.05653841866204, 50.118052372764829 ], [ 20.060576830858722, 50.118015555121445 ], [ 20.060576834097507, 50.11801555499256 ], [ 20.06057683581292, 50.118015553221461 ], [ 20.062546226001395, 50.115748383241723 ], [ 20.062546233039178, 50.115748375974725 ], [ 20.062546241119364, 50.115748369170802 ], [ 20.062546250168772, 50.115748362891551 ], [ 20.06254626010546, 50.115748357193858 ], [ 20.06254627083943, 50.115748352129344 ], [ 20.06254628227348, 50.115748347743818 ], [ 20.06254629430406, 50.115748344077062 ], [ 20.062546306822213, 50.115748341162231 ], [ 20.062546319714581, 50.115748339025728 ], [ 20.062546332864404, 50.115748337686931 ], [ 20.062546346152597, 50.115748337157946 ], [ 20.066584401817767, 50.11571131323263 ], [ 20.066584415123998, 50.115711313517785 ], [ 20.066584428327825, 50.115711314614948 ], [ 20.066584441309665, 50.115711316514201 ], [ 20.066584453951961, 50.115711319198347 ], [ 20.066584466140224, 50.115711322643058 ], [ 20.066584477764071, 50.115711326817156 ], [ 20.066584488718231, 50.115711331682824 ], [ 20.066584498903506, 50.115711337196018 ], [ 20.066584508227653, 50.115711343306792 ], [ 20.066584516606238, 50.11571134995981 ], [ 20.066584523963378, 50.115711357094817 ], [ 20.068653645029144, 50.117941496571049 ], [ 20.068653646822398, 50.117941498309968 ], [ 20.068653650065574, 50.117941498379416 ], [ 20.072692037031359, 50.117904259465384 ], [ 20.072692040270102, 50.117904259336164 ], [ 20.072692041985061, 50.117904257564888 ], [ 20.074660852288115, 50.115636885790543 ], [ 20.074660859324034, 50.115636878522828 ], [ 20.074660867402471, 50.115636871718067 ], [ 20.074660876450263, 50.115636865437885 ], [ 20.074660886385473, 50.115636859739176 ], [ 20.074660897118125, 50.115636854673539 ], [ 20.074660908551017, 50.11563685028684 ], [ 20.074660920580623, 50.11563684661882 ], [ 20.074660933097995, 50.115636843702688 ], [ 20.074660945989773, 50.115636841564857 ], [ 20.074660959139209, 50.115636840224681 ], [ 20.074660972427214, 50.115636839694311 ], [ 20.078699080157044, 50.115599393831637 ], [ 20.078699083395612, 50.115599393702261 ], [ 20.078699085110266, 50.1155993919309 ], [ 20.08066751728656, 50.113331919872884 ], [ 20.080667524321232, 50.113331912604806 ], [ 20.080667532398429, 50.113331905799633 ], [ 20.080667541444996, 50.113331899518997 ], [ 20.080667551379012, 50.113331893819776 ], [ 20.080667562110509, 50.113331888753585 ], [ 20.0806675735423, 50.11333188436631 ], [ 20.080667585570861, 50.113331880697672 ], [ 20.08066759808726, 50.113331877780894 ], [ 20.080667610978139, 50.113331875642395 ], [ 20.080667624126768, 50.113331874301551 ], [ 20.080667637414059, 50.113331873770491 ], [ 20.084705465872236, 50.113294221004523 ], [ 20.084705479177874, 50.113294221287596 ], [ 20.08470549238141, 50.113294222382699 ], [ 20.084705505363285, 50.113294224279954 ], [ 20.084705518005926, 50.113294226962104 ], [ 20.084705530194842, 50.113294230404911 ], [ 20.084705541819641, 50.113294234577197 ], [ 20.084705552775059, 50.113294239441146 ], [ 20.084705562961869, 50.113294244952733 ], [ 20.084705572287827, 50.113294251062058 ], [ 20.08470558066848, 50.113294257713754 ], [ 20.084705588027916, 50.113294264847596 ], [ 20.086775439834156, 50.115524077449827 ], [ 20.086775441627967, 50.115524079188468 ], [ 20.086775444871002, 50.115524079257398 ], [ 20.090813526944562, 50.115486212177757 ], [ 20.090813540250828, 50.115486212460134 ], [ 20.090813553455099, 50.11548621355454 ], [ 20.090813566437799, 50.115486215451085 ], [ 20.090813579081352, 50.115486218132588 ], [ 20.09081359127125, 50.115486221574727 ], [ 20.090813602897111, 50.115486225746395 ], [ 20.090813613853637, 50.115486230609754 ], [ 20.090813624041612, 50.115486236120809 ], [ 20.090813633368768, 50.115486242229615 ], [ 20.090813641750643, 50.11548624888087 ], [ 20.090813649111325, 50.115486256014321 ], [ 20.09288383933573, 50.117715913641412 ], [ 20.09288384560918, 50.117715921192342 ], [ 20.09288385073793, 50.117715929092533 ], [ 20.092883854675541, 50.117715937270425 ], [ 20.092883857386344, 50.117715945651931 ], [ 20.092883858845799, 50.117715954161177 ], [ 20.092883859040679, 50.117715962721114 ], [ 20.092883857969223, 50.117715971254171 ], [ 20.092883855641141, 50.117715979683119 ], [ 20.092883852077509, 50.117715987931625 ], [ 20.092883847310599, 50.117715995924947 ], [ 20.092883841383586, 50.117716003590729 ], [ 20.090915813081878, 50.119983678454211 ], [ 20.090915811637192, 50.119983680322498 ], [ 20.09091581316617, 50.119983682162854 ], [ 20.092986284823933, 50.122213420465272 ], [ 20.092986286618228, 50.122213422203799 ], [ 20.092986289861717, 50.122213422272573 ], [ 20.097025003722116, 50.122175334800197 ], [ 20.097025006961069, 50.12217533467031 ], [ 20.097025008675278, 50.122175332898692 ], [ 20.098992834896279, 50.11990755664722 ], [ 20.098992841929107, 50.119907549378048 ], [ 20.098992850004773, 50.119907542571625 ], [ 20.098992859050149, 50.119907536289574 ], [ 20.098992868983309, 50.119907530588783 ], [ 20.098992879714302, 50.119907525520915 ], [ 20.098992891145947, 50.119907521131836 ], [ 20.098992903174722, 50.1199075174613 ], [ 20.098992915691682, 50.119907514542561 ], [ 20.098992928583474, 50.119907512402015 ], [ 20.098992941733353, 50.11990751105909 ], [ 20.098992955022229, 50.119907510525927 ], [ 20.103031389309987, 50.119869216161561 ], [ 20.103031392548765, 50.119869216031489 ], [ 20.103031394262668, 50.119869214259772 ], [ 20.104998842278299, 50.117601337844121 ], [ 20.104998849309879, 50.117601330574601 ], [ 20.104998857384306, 50.117601323767758 ], [ 20.104998866428453, 50.117601317485239 ], [ 20.104998876360423, 50.11760131178395 ], [ 20.104998887090265, 50.117601306715542 ], [ 20.104998898520805, 50.117601302325866 ], [ 20.104998910548531, 50.117601298654705 ], [ 20.104998923064514, 50.117601295735319 ], [ 20.104998935955415, 50.11760129359412 ], [ 20.104998949104484, 50.117601292250519 ], [ 20.104998962392642, 50.117601291716667 ], [ 20.109037117072166, 50.117562790505666 ], [ 20.109037130379082, 50.117562790785946 ], [ 20.10903714358431, 50.117562791878271 ], [ 20.109037156568256, 50.117562793772763 ], [ 20.109037169213344, 50.117562796452248 ], [ 20.10903718140505, 50.117562799892475 ], [ 20.109037193032968, 50.11756280406231 ], [ 20.10903720399179, 50.117562808923942 ], [ 20.10903721418228, 50.11756281443337 ], [ 20.109037223512139, 50.117562820540698 ], [ 20.109037231896888, 50.117562827190604 ], [ 20.10903723926058, 50.117562834322875 ], [ 20.111108401533592, 50.119792202686853 ], [ 20.111108403328441, 50.119792204425103 ], [ 20.111108406571784, 50.119792204493365 ], [ 20.115146892060693, 50.119753488114505 ], [ 20.115146895299425, 50.119753487984106 ], [ 20.11514689701287, 50.119753486212225 ], [ 20.117113764611933, 50.117485408347768 ], [ 20.117113771641652, 50.117485401077523 ], [ 20.117113779714327, 50.117485394269849 ], [ 20.117113788756857, 50.117485387986406 ], [ 20.117113798687345, 50.11748538228408 ], [ 20.117113809415862, 50.117485377214557 ], [ 20.117113820845248, 50.117485372823701 ], [ 20.117113832871997, 50.117485369151296 ], [ 20.117113845387195, 50.117485366230603 ], [ 20.117113858277499, 50.117485364088076 ], [ 20.117113871426174, 50.117485362743103 ], [ 20.117113884714144, 50.117485362207873 ], [ 20.121152090452199, 50.117446439020434 ], [ 20.121152093690753, 50.117446438889857 ], [ 20.121152095403897, 50.117446437117891 ], [ 20.123118622565602, 50.115178215703878 ], [ 20.123118624008889, 50.115178213835193 ], [ 20.123118622478842, 50.115178211995271 ], [ 20.121047108530171, 50.11294905856149 ], [ 20.121047102252952, 50.11294905101208 ], [ 20.121047097120108, 50.112949043113183 ], [ 20.12104709317812, 50.112949034936271 ], [ 20.121047090462692, 50.112949026555434 ], [ 20.121047088998413, 50.11294901804655 ], [ 20.121047088798544, 50.112949009486712 ], [ 20.121047089864895, 50.112949000953407 ], [ 20.121047092187805, 50.112948992523926 ], [ 20.121047095746246, 50.112948984274595 ], [ 20.121047100507987, 50.112948976280144 ], [ 20.121047106429902, 50.112948968612962 ], [ 20.123013382434753, 50.110680835447639 ], [ 20.123013389462592, 50.110680828177045 ], [ 20.123013397533295, 50.110680821368952 ], [ 20.123013406573776, 50.110680815085047 ], [ 20.123013416502161, 50.110680809382245 ], [ 20.123013427228535, 50.110680804312182 ], [ 20.123013438655764, 50.11068079992075 ], [ 20.123013450680357, 50.110680796247756 ], [ 20.12301346319342, 50.110680793326445 ], [ 20.123013476081628, 50.110680791183263 ], [ 20.123013489228267, 50.11068078983763 ], [ 20.123013502514276, 50.110680789301725 ], [ 20.127051127853175, 50.110641664800546 ], [ 20.127051131091253, 50.110641664669828 ], [ 20.127051132803942, 50.110641662897756 ], [ 20.129017068519339, 50.108373386240558 ], [ 20.129017075545931, 50.108373378969617 ], [ 20.129017083615398, 50.108373372161111 ], [ 20.129017092654653, 50.108373365876751 ], [ 20.129017102581841, 50.108373360173438 ], [ 20.129017113307064, 50.108373355102806 ], [ 20.129017124733188, 50.108373350710799 ], [ 20.129017136756737, 50.108373347037187 ], [ 20.129017149268822, 50.108373344115236 ], [ 20.129017162156135, 50.108373341971394 ], [ 20.129017175301961, 50.108373340625086 ], [ 20.129017188587255, 50.108373340088505 ], [ 20.133054534159708, 50.108334008895504 ], [ 20.133054547464159, 50.108334009173049 ], [ 20.133054560667347, 50.108334010262674 ], [ 20.133054573649694, 50.108334012154494 ], [ 20.133054586293639, 50.108334014831378 ], [ 20.133054598484669, 50.108334018269097 ], [ 20.133054610112385, 50.108334022436516 ], [ 20.133054621071484, 50.108334027295889 ], [ 20.133054631262713, 50.108334032803207 ], [ 20.133054640593784, 50.108334038908609 ], [ 20.133054648980195, 50.108334045556788 ], [ 20.133054656345994, 50.108334052687539 ], [ 20.135126521588038, 50.110562991163995 ], [ 20.135126523383406, 50.110562992901876 ], [ 20.135126526626145, 50.110562992969463 ], [ 20.139164125170595, 50.110523447344242 ], [ 20.139164138475678, 50.110523447621084 ], [ 20.139164151679594, 50.110523448710005 ], [ 20.139164164662766, 50.110523450601136 ], [ 20.13916417730762, 50.110523453277352 ], [ 20.139164189499635, 50.110523456714425 ], [ 20.139164201128406, 50.110523460881225 ], [ 20.139164212088613, 50.110523465739995 ], [ 20.139164222281003, 50.110523471246786 ], [ 20.139164231613275, 50.11052347735167 ], [ 20.139164240000913, 50.110523483999408 ], [ 20.139164247367951, 50.110523491129754 ], [ 20.141236490598018, 50.112752317141059 ], [ 20.141236492393681, 50.112752318878854 ], [ 20.14123649563658, 50.112752318946271 ], [ 20.145274269679959, 50.112712559609754 ], [ 20.145274282985671, 50.112712559885885 ], [ 20.145274296190319, 50.112712560974082 ], [ 20.145274309174315, 50.112712562864544 ], [ 20.145274321820072, 50.112712565540079 ], [ 20.145274334013077, 50.112712568976505 ], [ 20.1452743456429, 50.112712573142673 ], [ 20.145274356604219, 50.112712578000881 ], [ 20.145274366797771, 50.112712583507118 ], [ 20.145274376131241, 50.112712589611505 ], [ 20.145274384520103, 50.11271259625876 ], [ 20.145274391888385, 50.112712603388722 ], [ 20.147346973403788, 50.114941274156045 ], [ 20.147346979685388, 50.114941281703992 ], [ 20.147346984822754, 50.114941289601703 ], [ 20.147346988769378, 50.11494129777769 ], [ 20.147346991489503, 50.114941306157881 ], [ 20.147346992958507, 50.114941314666389 ], [ 20.14734699316308, 50.114941323226148 ], [ 20.147346992101369, 50.11494133175966 ], [ 20.147346989782992, 50.114941340189631 ], [ 20.147346986228943, 50.114941348439736 ], [ 20.147346981471408, 50.114941356435239 ], [ 20.147346975553475, 50.114941364103728 ], [ 20.145381647305339, 50.117209944475583 ], [ 20.145381645862866, 50.117209946344552 ], [ 20.14538164739383, 50.117209948184168 ], [ 20.147454511033857, 50.119438699431342 ], [ 20.147454512829999, 50.119438701169024 ], [ 20.147454516073353, 50.119438701236263 ], [ 20.151492843685876, 50.119398721820723 ], [ 20.151492856993467, 50.119398722096136 ], [ 20.151492870200084, 50.119398723183629 ], [ 20.151492883186123, 50.11939872507336 ], [ 20.151492895833986, 50.119398727748198 ], [ 20.15149290802913, 50.119398731183956 ], [ 20.151492919661109, 50.119398735349485 ], [ 20.151492930624588, 50.119398740207075 ], [ 20.151492940820276, 50.119398745712743 ], [ 20.151492950155845, 50.119398751816625 ], [ 20.151492958546747, 50.119398758463419 ], [ 20.15149296591699, 50.119398765592948 ], [ 20.153566167981079, 50.121627361535751 ], [ 20.153566169777527, 50.12162736327334 ], [ 20.153566173021034, 50.121627363340409 ], [ 20.157604676071283, 50.121587170115703 ], [ 20.157604689379507, 50.121587170390406 ], [ 20.157604702586852, 50.121587171477188 ], [ 20.157604715573715, 50.121587173366237 ], [ 20.157604728222484, 50.121587176040407 ], [ 20.157604740418613, 50.121587179475505 ], [ 20.15760475205165, 50.121587183640415 ], [ 20.157604763016238, 50.121587188497422 ], [ 20.157604773213087, 50.121587194002544 ], [ 20.157604782549853, 50.121587200105921 ], [ 20.157604790941981, 50.12158720675226 ], [ 20.157604798313468, 50.121587213881405 ], [ 20.159678378591106, 50.123815697215569 ], [ 20.159678380387856, 50.123815698953045 ], [ 20.159678383631519, 50.12381569901995 ], [ 20.163717139511935, 50.123775291177928 ], [ 20.163717142750784, 50.123775291046165 ], [ 20.163717144462566, 50.123775289273588 ], [ 20.165681864383227, 50.121506405276342 ], [ 20.165681871406115, 50.121506398003213 ], [ 20.165681879472512, 50.121506391192206 ], [ 20.165681888509365, 50.121506384905011 ], [ 20.165681898434833, 50.121506379198586 ], [ 20.165681909159037, 50.1215063741246 ], [ 20.165681920584849, 50.121506369728984 ], [ 20.165681932608798, 50.121506366051577 ], [ 20.165681945121996, 50.121506363125668 ], [ 20.165681958011117, 50.121506360977747 ], [ 20.165681971159437, 50.121506359627283 ], [ 20.165681984447883, 50.121506359086489 ], [ 20.169720382523256, 50.121465745362691 ], [ 20.169720395831487, 50.121465745636009 ], [ 20.169720409039051, 50.121465746721412 ], [ 20.169720422026337, 50.121465748609104 ], [ 20.169720434675725, 50.121465751281939 ], [ 20.16972044687267, 50.121465754715771 ], [ 20.169720458506706, 50.121465758879459 ], [ 20.169720469472473, 50.121465763735316 ], [ 20.169720479670669, 50.12146576923935 ], [ 20.169720489008938, 50.121465775341747 ], [ 20.169720497402704, 50.121465781987212 ], [ 20.16972050477596, 50.121465789115561 ], [ 20.171794638595678, 50.123694052172986 ], [ 20.171794640392861, 50.123694053910278 ], [ 20.171794643636524, 50.123694053976834 ], [ 20.175833371834607, 50.123653224820252 ], [ 20.175833375073406, 50.123653224688155 ], [ 20.175833376784734, 50.123653222915408 ], [ 20.177797515490624, 50.121384137955168 ], [ 20.17779752251165, 50.121384130681314 ], [ 20.177797530576292, 50.121384123869483 ], [ 20.177797539611518, 50.121384117581364 ], [ 20.177797549535505, 50.121384111873908 ], [ 20.17779756025838, 50.121384106798807 ], [ 20.177797571683033, 50.121384102402025 ], [ 20.177797583706003, 50.121384098723361 ], [ 20.177797596218408, 50.121384095796152 ], [ 20.177797609106928, 50.121384093646888 ], [ 20.17779762225485, 50.121384092295045 ], [ 20.177797635543104, 50.121384091752873 ], [ 20.181836083238682, 50.121343055979267 ], [ 20.181836086477311, 50.121343055847007 ], [ 20.181836088188337, 50.12134305407416 ], [ 20.183799848698911, 50.11907386938104 ], [ 20.183799855718682, 50.119073862106816 ], [ 20.183799863782085, 50.119073855294587 ], [ 20.183799872816088, 50.119073849006 ], [ 20.183799882738878, 50.119073843298033 ], [ 20.183799893460598, 50.119073838222391 ], [ 20.183799904884143, 50.11907383382502 ], [ 20.183799916906068, 50.119073830145737 ], [ 20.183799929417493, 50.119073827217903 ], [ 20.183799942305118, 50.119073825067964 ], [ 20.183799955452226, 50.11907382371546 ], [ 20.183799968739759, 50.119073823172599 ], [ 20.187838135897611, 50.11903258082743 ], [ 20.187838149205234, 50.119032581098672 ], [ 20.187838162412501, 50.119032582182015 ], [ 20.187838175399804, 50.119032584067689 ], [ 20.187838188049525, 50.119032586738548 ], [ 20.187838200247111, 50.119032590170463 ], [ 20.187838211882092, 50.119032594332339 ], [ 20.187838222849106, 50.119032599186468 ], [ 20.187838233048829, 50.119032604688918 ], [ 20.187838242388892, 50.119032610789837 ], [ 20.187838250784718, 50.119032617433973 ], [ 20.187838258160262, 50.119032624561164 ], [ 20.189913120406537, 50.121260559581543 ], [ 20.189913122204274, 50.121260561318557 ], [ 20.189913125447791, 50.121260561384609 ], [ 20.193951545036068, 50.121219104351063 ], [ 20.193951558344324, 50.121219104621595 ], [ 20.193951571552319, 50.121219105704235 ], [ 20.193951584540443, 50.121219107589212 ], [ 20.19395159719107, 50.121219110259403 ], [ 20.193951609389639, 50.121219113690671 ], [ 20.193951621025672, 50.121219117851929 ], [ 20.193951631993801, 50.121219122705462 ], [ 20.193951642194687, 50.121219128207365 ], [ 20.193951651535947, 50.121219134307779 ], [ 20.193951659932999, 50.12121914095146 ], [ 20.193951667309783, 50.121219148078254 ], [ 20.196026907742116, 50.123446970292299 ], [ 20.196026909540162, 50.123446972029207 ], [ 20.196026912783829, 50.123446972095095 ], [ 20.200065584756612, 50.12340530033034 ], [ 20.200065587995315, 50.123405300197575 ], [ 20.200065589705737, 50.123405298424473 ], [ 20.202028565593309, 50.121135811849044 ], [ 20.202028572610597, 50.121135804573747 ], [ 20.20202858067173, 50.121135797760267 ], [ 20.202028589703705, 50.121135791470287 ], [ 20.202028599624722, 50.121135785760778 ], [ 20.202028610344939, 50.121135780683467 ], [ 20.202028621767273, 50.121135776284298 ], [ 20.202028633788281, 50.121135772603154 ], [ 20.202028646299095, 50.121135769673337 ], [ 20.202028659186418, 50.121135767521395 ], [ 20.202028672333544, 50.121135766166823 ], [ 20.202028685621404, 50.121135765621865 ], [ 20.206067076815206, 50.121093887330026 ], [ 20.206067080053735, 50.121093887197098 ], [ 20.206067081763848, 50.121093885423889 ], [ 20.208029679474713, 50.118824299250747 ], [ 20.208029686490754, 50.118824291975095 ], [ 20.208029694550646, 50.11882428516121 ], [ 20.208029703581392, 50.118824278870754 ], [ 20.208029713501215, 50.118824273160733 ], [ 20.208029724220275, 50.118824268082882 ], [ 20.208029735641503, 50.118824263683138 ], [ 20.208029747661463, 50.118824260001361 ], [ 20.2080297601713, 50.118824257070919 ], [ 20.208029773057724, 50.118824254918302 ], [ 20.208029786204037, 50.118824253563062 ], [ 20.208029799491175, 50.118824253017429 ], [ 20.212067987306234, 50.118782167435612 ], [ 20.21206799054459, 50.118782167302513 ], [ 20.212067992254397, 50.118782165529225 ], [ 20.214030249466397, 50.116512436276516 ], [ 20.214030250906166, 50.116512434406737 ], [ 20.214030249372609, 50.11651243256803 ], [ 20.211954444743807, 50.114284890742567 ], [ 20.21195444294554, 50.114284889005894 ], [ 20.211954439702474, 50.11428488894046 ], [ 20.207916629963837, 50.114326967852911 ], [ 20.207916616657442, 50.114326967583963 ], [ 20.207916603451061, 50.114326966502894 ], [ 20.207916590464286, 50.114326964619472 ], [ 20.207916577814728, 50.114326961950788 ], [ 20.207916565616948, 50.114326958520977 ], [ 20.207916553981409, 50.114326954361111 ], [ 20.207916543013482, 50.114326949508886 ], [ 20.207916532812497, 50.114326944008219 ], [ 20.207916523470836, 50.11432693790892 ], [ 20.207916515073091, 50.114326931266241 ], [ 20.207916507695327, 50.114326924140336 ], [ 20.205841160696771, 50.112099354866864 ], [ 20.205841154406414, 50.112099347322157 ], [ 20.205841149259779, 50.11209933942709 ], [ 20.205841145303474, 50.112099331253162 ], [ 20.20584114257333, 50.112099322874428 ], [ 20.205841141094069, 50.112099314366723 ], [ 20.205841140879091, 50.112099305807135 ], [ 20.205841141930343, 50.112099297273168 ], [ 20.205841144238299, 50.112099288842089 ], [ 20.20584114778206, 50.112099280590265 ], [ 20.205841152529537, 50.112099272592445 ], [ 20.205841158437732, 50.112099264921035 ], [ 20.207803406687788, 50.109829681710806 ], [ 20.207803408127603, 50.109829679841084 ], [ 20.2078034065945, 50.109829678002292 ], [ 20.205728183279252, 50.107602018126286 ], [ 20.205728181481469, 50.107602016389514 ], [ 20.205728178238861, 50.107602016323902 ], [ 20.201690921145136, 50.107643874709581 ], [ 20.201690907840614, 50.107643874439908 ], [ 20.201690894636201, 50.107643873358114 ], [ 20.201690881651473, 50.107643871473989 ], [ 20.201690869004015, 50.107643868804594 ], [ 20.201690856808376, 50.107643865374129 ], [ 20.201690845174991, 50.10764386121361 ], [ 20.201690834209224, 50.107643856360774 ], [ 20.201690824010374, 50.107643850859532 ], [ 20.201690814670808, 50.107643844759707 ], [ 20.201690806275106, 50.107643838116559 ], [ 20.2016907988993, 50.107643830990241 ], [ 20.199615993269248, 50.105416101011663 ], [ 20.199615991471763, 50.105416099274791 ], [ 20.199615988229311, 50.105416099209016 ], [ 20.195578905852066, 50.105457743767914 ], [ 20.195578892548177, 50.105457743497539 ], [ 20.195578879344492, 50.105457742415027 ], [ 20.195578866360581, 50.105457740530213 ], [ 20.195578853714032, 50.105457737860156 ], [ 20.195578841519374, 50.105457734429024 ], [ 20.195578829887044, 50.105457730267894 ], [ 20.195578818922385, 50.105457725414468 ], [ 20.195578808724697, 50.105457719912678 ], [ 20.195578799386329, 50.105457713812356 ], [ 20.195578790991853, 50.10545770716876 ], [ 20.19557878361729, 50.105457700042038 ], [ 20.193504395611161, 50.103229900007854 ], [ 20.193504389323916, 50.103229892462451 ], [ 20.193504384180276, 50.103229884566801 ], [ 20.19350438022682, 50.103229876392412 ], [ 20.193504377499355, 50.103229868013344 ], [ 20.193504376022581, 50.103229859505468 ], [ 20.193504375809866, 50.10322985094583 ], [ 20.193504376863142, 50.103229842411935 ], [ 20.193504379172872, 50.103229833981089 ], [ 20.193504382718132, 50.10322982572962 ], [ 20.193504387466824, 50.103229817732277 ], [ 20.193504393375932, 50.103229810061464 ], [ 20.195466873213594, 50.1009604303744 ], [ 20.195466874653629, 50.100960428504834 ], [ 20.195466873121291, 50.100960426665885 ], [ 20.193392648364863, 50.09873257877782 ], [ 20.193392642078237, 50.098732571232382 ], [ 20.193392636935112, 50.098732563336718 ], [ 20.193392632982057, 50.098732555162336 ], [ 20.193392630254881, 50.098732546783246 ], [ 20.193392628778277, 50.098732538275364 ], [ 20.193392628565618, 50.098732529715711 ], [ 20.193392629618831, 50.098732521181809 ], [ 20.193392631928372, 50.098732512750964 ], [ 20.193392635473337, 50.098732504499495 ], [ 20.193392640221614, 50.098732496502151 ], [ 20.193392646130199, 50.098732488831352 ], [ 20.195354951242038, 50.096463110592339 ], [ 20.195354952681949, 50.096463108722759 ], [ 20.195354951149756, 50.096463106883817 ], [ 20.193280929371301, 50.09423525386272 ], [ 20.193280923085297, 50.094235246317268 ], [ 20.19328091794268, 50.094235238421589 ], [ 20.193280913990026, 50.094235230247186 ], [ 20.193280911263141, 50.094235221868097 ], [ 20.193280909786704, 50.094235213360207 ], [ 20.193280909574103, 50.09423520480054 ], [ 20.193280910627252, 50.094235196266645 ], [ 20.193280912936608, 50.094235187835785 ], [ 20.193280916481275, 50.094235179584309 ], [ 20.193280921229139, 50.09423517158698 ], [ 20.193280927137206, 50.094235163916188 ], [ 20.195243057566284, 50.091965787124572 ], [ 20.195243059006067, 50.091965785255013 ], [ 20.195243057474027, 50.091965783416043 ], [ 20.193169238621177, 50.089737925262526 ], [ 20.193169232335787, 50.089737917717052 ], [ 20.193169227193685, 50.089737909821373 ], [ 20.193169223241437, 50.089737901646942 ], [ 20.193169220514836, 50.089737893267852 ], [ 20.193169219038577, 50.089737884759934 ], [ 20.193169218826025, 50.089737876200275 ], [ 20.193169219879106, 50.089737867666372 ], [ 20.193169222188288, 50.089737859235512 ], [ 20.19316922573265, 50.089737850984044 ], [ 20.193169230480102, 50.089737842986708 ], [ 20.193169236387646, 50.089737835315916 ], [ 20.195131192177019, 50.087468459971078 ], [ 20.195131193616675, 50.087468458101519 ], [ 20.195131192084787, 50.087468456262549 ], [ 20.1930575761052, 50.085240592977193 ], [ 20.193057569820432, 50.085240585431698 ], [ 20.193057564678842, 50.085240577536005 ], [ 20.193057560726992, 50.085240569361574 ], [ 20.193057558000682, 50.08524056098247 ], [ 20.193057556524593, 50.085240552474538 ], [ 20.193057556312098, 50.085240543914878 ], [ 20.193057557365115, 50.085240535380969 ], [ 20.193057559674113, 50.085240526950109 ], [ 20.193057563218176, 50.085240518698633 ], [ 20.193057567965212, 50.085240510701297 ], [ 20.193057573872235, 50.085240503030512 ], [ 20.195019355064947, 50.082971129131828 ], [ 20.195019356504474, 50.082971127262269 ], [ 20.195019354972736, 50.082971125423285 ], [ 20.192945941814081, 50.080743257006688 ], [ 20.192945935529931, 50.080743249461186 ], [ 20.192945930388852, 50.080743241565465 ], [ 20.192945926437407, 50.080743233391026 ], [ 20.192945923711385, 50.080743225011908 ], [ 20.19294592223547, 50.080743216503983 ], [ 20.192945922023025, 50.080743207944302 ], [ 20.192945923075978, 50.080743199410385 ], [ 20.192945925384791, 50.080743190979533 ], [ 20.192945928928559, 50.080743182728057 ], [ 20.192945933675183, 50.080743174730721 ], [ 20.19294593958168, 50.080743167059936 ], [ 20.194907508607155, 50.07847383812409 ], [ 20.194907515619416, 50.078473830849212 ], [ 20.194907523674512, 50.078473824036209 ], [ 20.194907532699506, 50.078473817746776 ], [ 20.194907542612665, 50.078473812037913 ], [ 20.194907553324207, 50.07847380696127 ], [ 20.194907564737132, 50.078473802562854 ], [ 20.194907576748079, 50.078473798882484 ], [ 20.194907589248281, 50.078473795953499 ], [ 20.19490760212453, 50.078473793802409 ], [ 20.194907615260217, 50.078473792448726 ], [ 20.194907628536384, 50.078473791904656 ], [ 20.19894244554941, 50.078432186921049 ], [ 20.19894244878509, 50.078432186788334 ], [ 20.198942450493981, 50.078432185015224 ], [ 20.20090367986197, 50.076162713077728 ], [ 20.200903686872984, 50.076162705802503 ], [ 20.200903694926847, 50.076162698989101 ], [ 20.200903703950619, 50.076162692699214 ], [ 20.20090371386258, 50.076162686989825 ], [ 20.200903724572971, 50.076162681912642 ], [ 20.200903735984792, 50.076162677513643 ], [ 20.200903747994698, 50.076162673832648 ], [ 20.200903760493922, 50.076162670903031 ], [ 20.200903773369273, 50.076162668751287 ], [ 20.200903786504146, 50.076162667396915 ], [ 20.200903799779599, 50.07616266685217 ], [ 20.204938413981004, 50.076120854870943 ], [ 20.204938417216507, 50.076120854738065 ], [ 20.204938418925092, 50.07612085296487 ], [ 20.206899308669922, 50.073851238062737 ], [ 20.206899310108717, 50.073851236193015 ], [ 20.206899308576823, 50.073851234354201 ], [ 20.204825709595827, 50.071623533138968 ], [ 20.20482570779944, 50.071623531402153 ], [ 20.204825704559262, 50.071623531336492 ], [ 20.200791467532511, 50.071665336693449 ], [ 20.200791454237958, 50.071665336423592 ], [ 20.20079144104346, 50.071665335341613 ], [ 20.200791428068509, 50.071665333457297 ], [ 20.200791415430604, 50.071665330787738 ], [ 20.200791403244196, 50.071665327357081 ], [ 20.200791391619653, 50.071665323196392 ], [ 20.200791380662245, 50.071665318343371 ], [ 20.200791370471205, 50.071665312841958 ], [ 20.200791361138823, 50.071665306741977 ], [ 20.200791352749615, 50.071665300098665 ], [ 20.200791345379557, 50.071665292972213 ], [ 20.198718203042628, 50.069437564517941 ], [ 20.198718196759081, 50.069437556972744 ], [ 20.198718191618301, 50.069437549077257 ], [ 20.198718187666842, 50.069437540902996 ], [ 20.198718184940489, 50.069437532523992 ], [ 20.198718183463932, 50.069437524016138 ], [ 20.198718183250545, 50.06943751545645 ], [ 20.198718184302265, 50.06943750692249 ], [ 20.198718186609554, 50.069437498491503 ], [ 20.198718190151528, 50.069437490239849 ], [ 20.198718194896106, 50.069437482242279 ], [ 20.198718200800318, 50.069437474571188 ], [ 20.200679043777395, 50.067168049072215 ], [ 20.200679050787155, 50.067168041796997 ], [ 20.200679058839565, 50.067168034983617 ], [ 20.200679067861699, 50.067168028693736 ], [ 20.200679077771852, 50.067168022984376 ], [ 20.200679088480278, 50.067168017907221 ], [ 20.200679099889999, 50.067168013508251 ], [ 20.200679111897685, 50.067168009827299 ], [ 20.2006791243946, 50.067168006897717 ], [ 20.20067913726756, 50.067168004746001 ], [ 20.200679150399989, 50.067168003391679 ], [ 20.200679163672959, 50.067168002846984 ], [ 20.204713023620311, 50.067126204113066 ], [ 20.20471302685521, 50.067126203980195 ], [ 20.204713028563489, 50.067126202207007 ], [ 20.206673532111978, 50.06485663377677 ], [ 20.206673539120494, 50.064856626501204 ], [ 20.206673547171665, 50.06485661968739 ], [ 20.206673556192577, 50.064856613397069 ], [ 20.206673566101539, 50.064856607687204 ], [ 20.206673576808814, 50.064856602609503 ], [ 20.206673588217431, 50.06485659820995 ], [ 20.206673600224075, 50.064856594528386 ], [ 20.206673612720014, 50.064856591598165 ], [ 20.206673625592074, 50.064856589445782 ], [ 20.206673638723693, 50.064856588090784 ], [ 20.206673651995949, 50.064856587545407 ], [ 20.210707309193332, 50.064814581914 ], [ 20.210707312428056, 50.064814581780958 ], [ 20.210707314136034, 50.064814580007678 ], [ 20.212667478290239, 50.062544868683169 ], [ 20.212667479728481, 50.062544866813397 ], [ 20.212667478196739, 50.062544864974655 ], [ 20.210594150341645, 50.060317303648489 ], [ 20.210594144057463, 50.060317296103904 ], [ 20.210594138915745, 50.06031728820895 ], [ 20.210594134963049, 50.060317280035086 ], [ 20.21059413223518, 50.060317271656373 ], [ 20.210594130756839, 50.060317263148669 ], [ 20.210594130541406, 50.060317254589002 ], [ 20.210594131590842, 50.060317246054936 ], [ 20.210594133895636, 50.060317237623721 ], [ 20.210594137434921, 50.060317229371705 ], [ 20.210594142176642, 50.060317221373658 ], [ 20.210594148077856, 50.060317213701993 ], [ 20.212554062922425, 50.058047590912636 ], [ 20.21255406992907, 50.058047583636707 ], [ 20.212554077978279, 50.058047576822503 ], [ 20.212554086997155, 50.05804757053172 ], [ 20.212554096904022, 50.058047564821379 ], [ 20.212554107609161, 50.058047559743137 ], [ 20.212554119015628, 50.058047555343002 ], [ 20.21255413102012, 50.058047551660849 ], [ 20.212554143513927, 50.058047548730002 ], [ 20.212554156383899, 50.058047546576994 ], [ 20.212554169513485, 50.058047545221335 ], [ 20.21255418278378, 50.058047544675304 ], [ 20.216587260308692, 50.058005338868298 ], [ 20.216587263542941, 50.0580053387351 ], [ 20.216587265250464, 50.058005336961735 ], [ 20.218546840848408, 50.055735571335546 ], [ 20.218546847853812, 50.055735564059269 ], [ 20.218546855901785, 50.055735557244645 ], [ 20.218546864919439, 50.055735550953422 ], [ 20.218546874825115, 50.055735545242563 ], [ 20.218546885529104, 50.055735540163774 ], [ 20.218546896934463, 50.05573553576307 ], [ 20.218546908937913, 50.055735532080298 ], [ 20.218546921430747, 50.055735529148812 ], [ 20.21854693429982, 50.055735526995143 ], [ 20.218546947428596, 50.055735525638823 ], [ 20.218546960698173, 50.055735525092103 ], [ 20.222579835439646, 50.05569311248977 ], [ 20.22257983867372, 50.055693112356401 ], [ 20.222579840380938, 50.055693110582958 ], [ 20.224539076766593, 50.053423202156914 ], [ 20.224539078204106, 50.053423200286993 ], [ 20.224539076672205, 50.053423198448399 ], [ 20.222465563797037, 50.05119580421573 ], [ 20.222465562000792, 50.051195802479185 ], [ 20.222465558761979, 50.051195802414021 ], [ 20.218433060752659, 50.051238208297804 ], [ 20.218433047463691, 50.051238208029915 ], [ 20.21843303427444, 50.051238206949918 ], [ 20.218433021304357, 50.05123820506752 ], [ 20.218433008670893, 50.05123820239983 ], [ 20.218432996488463, 50.051238198970985 ], [ 20.218432984867395, 50.051238194812044 ], [ 20.218432973912922, 50.051238189960642 ], [ 20.218432963724261, 50.051238184460743 ], [ 20.218432954393677, 50.051238178362141 ], [ 20.218432946005667, 50.051238171720087 ], [ 20.218432938636198, 50.051238164594729 ], [ 20.216359881959374, 50.049010743093106 ], [ 20.216359875675803, 50.049010735548826 ], [ 20.216359870534379, 50.049010727654114 ], [ 20.216359866581673, 50.049010719480428 ], [ 20.21635986385348, 50.049010711101829 ], [ 20.216359862374496, 50.049010702594188 ], [ 20.216359862158129, 50.049010694034529 ], [ 20.216359863206328, 50.049010685500399 ], [ 20.216359865509602, 50.049010677069056 ], [ 20.2163598690471, 50.049010668816884 ], [ 20.216359873786779, 50.049010660818595 ], [ 20.216359879685715, 50.049010653146631 ], [ 20.218319107320955, 50.046740890528334 ], [ 20.218319108758514, 50.046740888658483 ], [ 20.218319107227067, 50.046740886819805 ], [ 20.216246173726475, 50.044513374694581 ], [ 20.21624617193071, 50.044513372957944 ], [ 20.216246168692347, 50.044513372892567 ], [ 20.212214221235428, 50.044555558645648 ], [ 20.212214207948328, 50.044555558377048 ], [ 20.212214194761042, 50.044555557296299 ], [ 20.212214181792994, 50.044555555413197 ], [ 20.212214169161623, 50.044555552744818 ], [ 20.212214156981325, 50.044555549315305 ], [ 20.212214145362406, 50.04455554515571 ], [ 20.212214134410086, 50.044555540303705 ], [ 20.212214124223554, 50.04455553480323 ], [ 20.212214114895062, 50.044555528704116 ], [ 20.212214106509084, 50.044555522061586 ], [ 20.212214099141566, 50.044555514935794 ], [ 20.210141581938892, 50.042327932889776 ], [ 20.210141580143429, 50.042327931153032 ], [ 20.210141576905219, 50.042327931087499 ], [ 20.206109803415899, 50.042369903458898 ], [ 20.206109790129421, 50.042369903189602 ], [ 20.20610977694286, 50.042369902108156 ], [ 20.206109763975629, 50.042369900224372 ], [ 20.20610975134516, 50.042369897555318 ], [ 20.206109739165843, 50.042369894125144 ], [ 20.206109727547968, 50.042369889964931 ], [ 20.206109716596757, 50.042369885112343 ], [ 20.206109706411382, 50.042369879611336 ], [ 20.206109697084081, 50.04236987351171 ], [ 20.206109688699325, 50.042369866868725 ], [ 20.206109681333047, 50.042369859742536 ], [ 20.204037540634232, 50.040142165104349 ], [ 20.204037538839067, 50.040142163367506 ], [ 20.20403753560101, 50.040142163301809 ], [ 20.200005858822301, 50.040183923122768 ], [ 20.200005855589193, 50.040183923255491 ], [ 20.200005853881677, 50.040183925028607 ], [ 20.198046018637637, 50.042453385302068 ], [ 20.198046011631011, 50.042453392577144 ], [ 20.198046003582299, 50.042453399390361 ], [ 20.198045994564392, 50.042453405680014 ], [ 20.198045984658961, 50.042453411389133 ], [ 20.198045973955708, 50.042453416466024 ], [ 20.198045962551564, 50.042453420864724 ], [ 20.198045950549801, 50.042453424545371 ], [ 20.198045938059117, 50.042453427474634 ], [ 20.198045925192623, 50.042453429626022 ], [ 20.198045912066853, 50.042453430980018 ], [ 20.198045898800654, 50.042453431524351 ], [ 20.194014096937281, 50.042494983806897 ], [ 20.194014093703998, 50.04249498393947 ], [ 20.194014091996181, 50.042494985712494 ], [ 20.192053880238955, 50.044764346624262 ], [ 20.192053873231085, 50.044764353898969 ], [ 20.192053865181141, 50.044764360711774 ], [ 20.192053856162016, 50.044764367000973 ], [ 20.192053846255391, 50.044764372709594 ], [ 20.192053835550986, 50.044764377785945 ], [ 20.192053824145738, 50.044764382184042 ], [ 20.192053812142934, 50.044764385864092 ], [ 20.192053799651276, 50.044764388792714 ], [ 20.192053786783891, 50.044764390943435 ], [ 20.192053773657303, 50.044764392296749 ], [ 20.192053760390397, 50.044764392840413 ], [ 20.188021756176227, 50.04480573835194 ], [ 20.18802175294277, 50.044805738484342 ], [ 20.18802175123465, 50.044805740257296 ], [ 20.186061162912079, 50.047075001765961 ], [ 20.186061155902969, 50.04707500904032 ], [ 20.186061147851785, 50.04707501585272 ], [ 20.186061138831441, 50.047075022141456 ], [ 20.18606112892363, 50.047075027849573 ], [ 20.186061118218074, 50.047075032925378 ], [ 20.186061106811724, 50.047075037322898 ], [ 20.186061094807876, 50.04707504100233 ], [ 20.186061082315245, 50.047075043930306 ], [ 20.186061069446964, 50.04707504608038 ], [ 20.18606105631957, 50.047075047433019 ], [ 20.186061043051943, 50.047075047976008 ], [ 20.18202891385074, 50.047116185894282 ], [ 20.182028900563044, 50.04711618562223 ], [ 20.182028887375669, 50.047116184538055 ], [ 20.182028874408054, 50.047116182651585 ], [ 20.182028861777624, 50.047116179979909 ], [ 20.182028849598773, 50.047116176547206 ], [ 20.18202883798179, 50.047116172384577 ], [ 20.182028827031878, 50.047116167529715 ], [ 20.182028816848202, 50.04711616202659 ], [ 20.18202880752299, 50.047116155925011 ], [ 20.182028799140689, 50.047116149280278 ], [ 20.18202879177721, 50.047116142152547 ], [ 20.179957550183076, 50.044888012833958 ], [ 20.179957548388593, 50.044888011096745 ], [ 20.179957545150241, 50.044888011030388 ], [ 20.175925512985526, 50.044928936414593 ], [ 20.175925499698451, 50.044928936141844 ], [ 20.175925486511808, 50.044928935056973 ], [ 20.175925473545007, 50.044928933169807 ], [ 20.175925460915487, 50.04492893049747 ], [ 20.175925448737612, 50.044928927064106 ], [ 20.175925437121677, 50.044928922900873 ], [ 20.175925426172874, 50.044928918045414 ], [ 20.175925415990356, 50.044928912541735 ], [ 20.175925406666337, 50.044928906439665 ], [ 20.175925398285258, 50.044928899794471 ], [ 20.175925390923016, 50.044928892666348 ], [ 20.173854525903408, 50.042700650910866 ], [ 20.173854524109228, 50.042700649173554 ], [ 20.173854520871028, 50.042700649107005 ], [ 20.169822663115571, 50.042741361198779 ], [ 20.169822649829126, 50.042741360925326 ], [ 20.169822636643207, 50.042741359839759 ], [ 20.169822623677224, 50.042741357951904 ], [ 20.169822611048605, 50.042741355278899 ], [ 20.169822598871715, 50.042741351844896 ], [ 20.169822587256828, 50.04274134768103 ], [ 20.16982257630913, 50.042741342824996 ], [ 20.169822566127767, 50.042741337320756 ], [ 20.169822556804942, 50.042741331218203 ], [ 20.169822548425085, 50.042741324572539 ], [ 20.169822541064082, 50.042741317444019 ], [ 20.167752052576024, 50.040512963293395 ], [ 20.167752050782148, 50.040512961555983 ], [ 20.167752047544099, 50.040512961489277 ], [ 20.163720364249968, 50.040553460320446 ], [ 20.163720350964152, 50.040553460046269 ], [ 20.163720337778962, 50.040553458960005 ], [ 20.163720324813799, 50.040553457071468 ], [ 20.163720312186079, 50.040553454397781 ], [ 20.163720300010169, 50.040553450963124 ], [ 20.163720288396334, 50.040553446798633 ], [ 20.163720277449741, 50.040553441942016 ], [ 20.163720267269536, 50.040553436437243 ], [ 20.163720257947904, 50.040553430334185 ], [ 20.163720249569266, 50.040553423688088 ], [ 20.163720242209504, 50.040553416559156 ], [ 20.161650130210003, 50.038324950055127 ], [ 20.161650128416429, 50.038324948317623 ], [ 20.161650125178532, 50.038324948250754 ], [ 20.157618539090326, 50.038365234624287 ], [ 20.157618535857203, 50.038365234755837 ], [ 20.157618534148178, 50.038365236528335 ], [ 20.155656760909057, 50.040633995015121 ], [ 20.155656753896242, 50.040634002287675 ], [ 20.155656745841778, 50.040634009098 ], [ 20.155656736818617, 50.040634015384384 ], [ 20.155656726908468, 50.040634021089929 ], [ 20.155656716201076, 50.040634026162955 ], [ 20.155656704793415, 50.040634030557484 ], [ 20.155656692788792, 50.040634034233776 ], [ 20.155656680295923, 50.040634037158505 ], [ 20.155656667427941, 50.040634039305196 ], [ 20.155656654301389, 50.040634040654403 ], [ 20.155656641035137, 50.040634041193897 ], [ 20.151624930369564, 50.040674119945066 ], [ 20.151624927136265, 50.040674120076446 ], [ 20.15162492542694, 50.040674121848866 ], [ 20.149662775690267, 50.042942780745932 ], [ 20.149662768676208, 50.042942788018131 ], [ 20.149662760620515, 50.042942794828051 ], [ 20.149662751596132, 50.042942801113988 ], [ 20.149662741684793, 50.042942806819021 ], [ 20.149662730976253, 50.042942811891479 ], [ 20.149662719567488, 50.042942816285446 ], [ 20.149662707561824, 50.042942819961127 ], [ 20.149662695067981, 50.042942822885195 ], [ 20.149662682199107, 50.04294282503124 ], [ 20.149662669071745, 50.042942826379765 ], [ 20.149662655804779, 50.042942826918576 ], [ 20.145630743297616, 50.042982698786545 ], [ 20.145630740064146, 50.042982698917761 ], [ 20.145630738354516, 50.042982700690104 ], [ 20.143668212068299, 50.045251259956075 ], [ 20.143668205053, 50.045251267227918 ], [ 20.143668196996064, 50.045251274037419 ], [ 20.143668187970466, 50.045251280322901 ], [ 20.143668178057936, 50.045251286027423 ], [ 20.143668167348245, 50.045251291099348 ], [ 20.143668155938382, 50.045251295492733 ], [ 20.143668143931677, 50.045251299167788 ], [ 20.143668131436861, 50.045251302091231 ], [ 20.143668118567092, 50.045251304236601 ], [ 20.143668105438923, 50.045251305584465 ], [ 20.143668092171239, 50.045251306122594 ], [ 20.139636055184635, 50.045290970313459 ], [ 20.139636041897599, 50.04529097003654 ], [ 20.139636028711603, 50.04529096894754 ], [ 20.139636015746067, 50.045290967056317 ], [ 20.139636003118397, 50.045290964380008 ], [ 20.13963599094296, 50.045290960942829 ], [ 20.139635979330013, 50.045290956775929 ], [ 20.139635968384731, 50.045290951917032 ], [ 20.139635958206231, 50.045290946410141 ], [ 20.139635948886699, 50.045290940305129 ], [ 20.139635940510519, 50.045290933657284 ], [ 20.139635933153563, 50.045290926526803 ], [ 20.137566721723477, 50.043062025928698 ], [ 20.137566719930586, 50.04306202419081 ], [ 20.137566716692394, 50.043062024123259 ], [ 20.133534777237443, 50.043101475873158 ], [ 20.133534763951033, 50.043101475595549 ], [ 20.133534750765769, 50.043101474505846 ], [ 20.13353473780105, 50.043101472613934 ], [ 20.133534725174286, 50.043101469936964 ], [ 20.133534712999825, 50.043101466499131 ], [ 20.133534701387934, 50.043101462331613 ], [ 20.133534690443756, 50.043101457472133 ], [ 20.133534680266418, 50.043101451964695 ], [ 20.133534670948073, 50.043101445859172 ], [ 20.133534662573119, 50.043101439210879 ], [ 20.133534655217399, 50.043101432080014 ], [ 20.13146586001541, 50.040872462027316 ], [ 20.131465853746157, 50.04087245447834 ], [ 20.131465848619492, 50.040872446579755 ], [ 20.131465844681852, 50.040872438403063 ], [ 20.131465841968886, 50.040872430022361 ], [ 20.131465840505168, 50.040872421513498 ], [ 20.131465840303953, 50.040872412953583 ], [ 20.131465841367071, 50.040872404420099 ], [ 20.131465843684882, 50.040872395990341 ], [ 20.131465847236399, 50.040872387740642 ], [ 20.131465851989464, 50.040872379745721 ], [ 20.131465857901027, 50.040872372077985 ], [ 20.133428787594124, 50.038604014763919 ], [ 20.133428789034763, 50.038604012895092 ], [ 20.133428787506805, 50.038604011055263 ], [ 20.131360114573976, 50.036374950566177 ], [ 20.131360112781561, 50.03637494882819 ], [ 20.131360109543824, 50.036374948760461 ], [ 20.127328644153963, 50.036414181874925 ], [ 20.127328640920876, 50.036414182005622 ], [ 20.127328639210795, 50.036414183777694 ], [ 20.12536550795684, 50.038682440100992 ], [ 20.125365500939697, 50.03868244737177 ], [ 20.125365492881237, 50.038682454180005 ], [ 20.125365483854441, 50.038682460464067 ], [ 20.125365473941059, 50.038682466167046 ], [ 20.12536546323086, 50.038682471237287 ], [ 20.125365451820844, 50.038682475628868 ], [ 20.125365439814342, 50.038682479302039 ], [ 20.12536542732008, 50.038682482223514 ], [ 20.125365414451213, 50.038682484366852 ], [ 20.125365401324284, 50.038682485712627 ], [ 20.125365388058178, 50.038682486248668 ], [ 20.121333798459943, 50.038721511685729 ], [ 20.121333795226686, 50.038721511816256 ], [ 20.121333793516303, 50.038721513588236 ], [ 20.119370285790247, 50.04098967016126 ], [ 20.119370278771861, 50.040989677431661 ], [ 20.119370270712164, 50.040989684239491 ], [ 20.11937026168415, 50.040989690523098 ], [ 20.119370251769578, 50.040989696225573 ], [ 20.119370241058231, 50.04098970129526 ], [ 20.119370229647114, 50.040989705686265 ], [ 20.11937021763957, 50.040989709358819 ], [ 20.119370205144339, 50.040989712279661 ], [ 20.11937019227458, 50.040989714422338 ], [ 20.119370179146845, 50.040989715767438 ], [ 20.119370165880021, 50.040989716302796 ], [ 20.11533845212449, 50.041028534038446 ], [ 20.115338438838723, 50.041028533758727 ], [ 20.115338425654404, 50.041028532666971 ], [ 20.115338412690924, 50.041028530773012 ], [ 20.115338400065689, 50.041028528094039 ], [ 20.115338387893026, 50.041028524654287 ], [ 20.11533837628318, 50.041028520484936 ], [ 20.115338365341291, 50.041028515623715 ], [ 20.115338355166447, 50.041028510114657 ], [ 20.115338345850795, 50.041028504007677 ], [ 20.115338337478693, 50.041028497358042 ], [ 20.115338330125976, 50.041028490226005 ], [ 20.11327042329545, 50.038799145983596 ], [ 20.113270421503593, 50.038799144245338 ], [ 20.11327041826571, 50.038799144177105 ], [ 20.1092387249893, 50.038837750288224 ], [ 20.109238721755993, 50.038837750418423 ], [ 20.109238720045159, 50.03883775219024 ], [ 20.107274634415695, 50.041105707919129 ], [ 20.107274627395451, 50.041105715188813 ], [ 20.107274619334014, 50.04110572199582 ], [ 20.107274610304387, 50.041105728278488 ], [ 20.10727460038834, 50.04110573397994 ], [ 20.107274589675672, 50.041105739048525 ], [ 20.107274578263407, 50.041105743438344 ], [ 20.10727456625489, 50.041105747109654 ], [ 20.107274553758874, 50.041105750029189 ], [ 20.107274540888525, 50.04110575217053 ], [ 20.107274527760399, 50.041105753514273 ], [ 20.107274514493383, 50.041105754048239 ], [ 20.103242774507773, 50.041144151687831 ], [ 20.103242761222027, 50.041144151406748 ], [ 20.103242748037925, 50.041144150313599 ], [ 20.103242735074872, 50.041144148418283 ], [ 20.103242722450254, 50.041144145738002 ], [ 20.103242710278408, 50.041144142296972 ], [ 20.103242698669565, 50.041144138126398 ], [ 20.103242687728848, 50.041144133264041 ], [ 20.10324267755535, 50.041144127753917 ], [ 20.103242668241194, 50.041144121645942 ], [ 20.10324265987073, 50.041144114995426 ], [ 20.103242652519771, 50.041144107862607 ], [ 20.101175337012023, 50.038914587180763 ], [ 20.101175330747754, 50.038914579630102 ], [ 20.101175325626254, 50.038914571730139 ], [ 20.101175321693905, 50.038914563552389 ], [ 20.101175318986321, 50.03891455517094 ], [ 20.101175317528018, 50.038914546661665 ], [ 20.101175317332203, 50.03891453810165 ], [ 20.101175318400653, 50.038914529568409 ], [ 20.101175320723687, 50.038914521139212 ], [ 20.101175324280277, 50.038914512890408 ], [ 20.101175329038202, 50.038914504896695 ], [ 20.10117533495438, 50.038914497230465 ], [ 20.103139621868227, 50.036646642563852 ], [ 20.103139623309985, 50.036646640695409 ], [ 20.103139621783246, 50.036646638855167 ], [ 20.101072428229873, 50.034417027803507 ], [ 20.101072426438616, 50.034417026065043 ], [ 20.101072423201039, 50.034417025996476 ], [ 20.097041080289472, 50.034455205976769 ], [ 20.097041077056417, 50.034455206106621 ], [ 20.097041075345288, 50.034455207878246 ], [ 20.095076587242108, 50.036722961472748 ], [ 20.095076580220645, 50.036722968741714 ], [ 20.095076572158188, 50.036722975547882 ], [ 20.095076563127769, 50.03672298182962 ], [ 20.09507655321115, 50.03672298753002 ], [ 20.095076542498152, 50.03672299259749 ], [ 20.095076531085788, 50.036722996986114 ], [ 20.095076519077409, 50.03672300065616 ], [ 20.095076506581766, 50.03672300357438 ], [ 20.095076493712021, 50.036723005714371 ], [ 20.095076480584723, 50.036723007056729 ], [ 20.095076467318762, 50.036723007589295 ], [ 20.091045000567998, 50.036760979837389 ], [ 20.091044997334777, 50.036760979967077 ], [ 20.091044995623342, 50.036760981738617 ], [ 20.089080131074098, 50.039028635422333 ], [ 20.089080124051389, 50.039028642690944 ], [ 20.089080115987702, 50.039028649496693 ], [ 20.089080106956061, 50.039028655777962 ], [ 20.089080097038256, 50.039028661477872 ], [ 20.08908008632411, 50.039028666544787 ], [ 20.089080074910644, 50.039028670932844 ], [ 20.089080062901225, 50.039028674602264 ], [ 20.089080050404611, 50.039028677519852 ], [ 20.089080037533975, 50.039028679659175 ], [ 20.089080024405874, 50.039028681000843 ], [ 20.089080011139199, 50.039028681532741 ], [ 20.085048420600401, 50.03906644602467 ], [ 20.085048407315302, 50.039066445741497 ], [ 20.085048394132155, 50.039066444646281 ], [ 20.085048381170342, 50.039066442748933 ], [ 20.085048368547252, 50.039066440066641 ], [ 20.085048356377204, 50.039066436623699 ], [ 20.085048344770414, 50.039066432451278 ], [ 20.085048333831981, 50.039066427587187 ], [ 20.085048323660981, 50.03906642207545 ], [ 20.085048314349521, 50.039066415966005 ], [ 20.085048305981918, 50.03906640931416 ], [ 20.085048298633957, 50.039066402180161 ], [ 20.082981911443088, 50.036836550490378 ], [ 20.082981905181931, 50.036836542938708 ], [ 20.082981900063629, 50.036836535037928 ], [ 20.082981896134537, 50.036836526859545 ], [ 20.082981893430237, 50.036836518477628 ], [ 20.082981891975212, 50.036836509968111 ], [ 20.082981891782648, 50.036836501408047 ], [ 20.082981892854285, 50.036836492874947 ], [ 20.082981895180421, 50.036836484446098 ], [ 20.082981898739984, 50.03683647619782 ], [ 20.082981903500748, 50.036836468204832 ], [ 20.082981909419587, 50.036836460539512 ], [ 20.084946975019839, 50.034568907963617 ], [ 20.084946976462248, 50.034568906095387 ], [ 20.084946974936262, 50.034568904254911 ], [ 20.08288070950201, 50.032338962235286 ], [ 20.082880707711482, 50.032338960496546 ], [ 20.082880704474064, 50.032338960427452 ], [ 20.078849588478707, 50.032376506679448 ], [ 20.078849575195481, 50.032376506395558 ], [ 20.078849562014295, 50.032376505299617 ], [ 20.078849549054524, 50.032376503401565 ], [ 20.07884953643353, 50.032376500718591 ], [ 20.078849524265614, 50.032376497274974 ], [ 20.078849512660966, 50.032376493101928 ], [ 20.07884950172469, 50.032376488237233 ], [ 20.078849491555815, 50.032376482724935 ], [ 20.078849482246437, 50.032376476614949 ], [ 20.078849473880862, 50.032376469962649 ], [ 20.078849466534852, 50.032376462828239 ], [ 20.076783617083414, 50.030146451710444 ], [ 20.076783615293191, 50.03014644997161 ], [ 20.076783612055923, 50.030146449902347 ], [ 20.072752671515751, 50.030183783202844 ], [ 20.072752658233153, 50.03018378291825 ], [ 20.072752645052695, 50.030183781821613 ], [ 20.072752632093746, 50.030183779922872 ], [ 20.072752619473658, 50.030183777239223 ], [ 20.072752607306722, 50.030183773794967 ], [ 20.072752595703129, 50.030183769621303 ], [ 20.072752584767958, 50.030183764756018 ], [ 20.072752574600237, 50.030183759243172 ], [ 20.072752565292056, 50.030183753132697 ], [ 20.072752556927703, 50.030183746479942 ], [ 20.07275254958293, 50.030183739345141 ], [ 20.070687116052866, 50.027953659175928 ], [ 20.070687109794807, 50.027953651623577 ], [ 20.070687104679479, 50.027953643722199 ], [ 20.070687100753219, 50.027953635543362 ], [ 20.070687098051572, 50.027953627161146 ], [ 20.070687096599016, 50.027953618651452 ], [ 20.070687096408694, 50.02795361009133 ], [ 20.070687097482342, 50.027953601558316 ], [ 20.070687099810225, 50.027953593129688 ], [ 20.070687103371274, 50.027953584881772 ], [ 20.070687108133225, 50.027953576889267 ], [ 20.070687114052962, 50.02795356922455 ], [ 20.0726524059633, 50.025686220016588 ], [ 20.072652407405926, 50.0256862181485 ], [ 20.072652405880699, 50.025686216307868 ], [ 20.070587133503512, 50.023456088600831 ], [ 20.070587127246064, 50.023456081048465 ], [ 20.070587122131247, 50.023456073147088 ], [ 20.070587118205378, 50.023456064968229 ], [ 20.070587115504015, 50.023456056586006 ], [ 20.070587114051623, 50.023456048076298 ], [ 20.070587113861354, 50.023456039516169 ], [ 20.070587114934927, 50.023456030983148 ], [ 20.070587117262626, 50.023456022554527 ], [ 20.070587120823365, 50.023456014306603 ], [ 20.0705871255849, 50.023456006314106 ], [ 20.070587131504116, 50.023455998649396 ], [ 20.072552247950942, 50.021188650563751 ], [ 20.072552249393439, 50.02118864869567 ], [ 20.072552247868362, 50.021188646855016 ], [ 20.07048717620135, 50.018958514374702 ], [ 20.070487169944506, 50.018958506822322 ], [ 20.070487164830194, 50.018958498920924 ], [ 20.070487160904722, 50.018958490742065 ], [ 20.070487158203644, 50.018958482359828 ], [ 20.070487156751415, 50.018958473850098 ], [ 20.070487156561196, 50.018958465289977 ], [ 20.070487157634698, 50.018958456756955 ], [ 20.070487159962209, 50.018958448328313 ], [ 20.070487163522646, 50.018958440080397 ], [ 20.070487168283769, 50.018958432087899 ], [ 20.070487174202452, 50.018958424423182 ], [ 20.072452115229094, 50.016691077459285 ], [ 20.072452116671467, 50.016691075591204 ], [ 20.072452115146532, 50.01669107375055 ], [ 20.070387244138079, 50.014460936497478 ], [ 20.07038723788185, 50.01446092894507 ], [ 20.070387232768041, 50.014460921043671 ], [ 20.070387228842964, 50.014460912864799 ], [ 20.070387226142167, 50.014460904482547 ], [ 20.070387224690101, 50.01446089597281 ], [ 20.070387224499928, 50.014460887412667 ], [ 20.070387225573366, 50.014460878879653 ], [ 20.070387227900689, 50.014460870451018 ], [ 20.070387231460824, 50.014460862203087 ], [ 20.070387236221528, 50.014460854210583 ], [ 20.070387242139688, 50.01446084654588 ], [ 20.072352007789451, 50.012193500703148 ], [ 20.072352009231697, 50.012193498835082 ], [ 20.072352007706911, 50.012193496994414 ], [ 20.070287337305416, 50.009963354969109 ], [ 20.070287331049798, 50.009963347416679 ], [ 20.070287325936494, 50.009963339515252 ], [ 20.070287322011811, 50.009963331336373 ], [ 20.070287319311298, 50.009963322954114 ], [ 20.0702873178594, 50.00996331444437 ], [ 20.070287317669273, 50.009963305884227 ], [ 20.07028731874264, 50.009963297351199 ], [ 20.070287321069777, 50.00996328892257 ], [ 20.070287324629607, 50.00996328067464 ], [ 20.070287329389899, 50.009963272682135 ], [ 20.070287335307533, 50.009963265017433 ], [ 20.072251925623711, 50.007695920295305 ], [ 20.072251927065825, 50.007695918427217 ], [ 20.072251925541192, 50.007695916586563 ], [ 20.070187416109082, 50.005465727024315 ], [ 20.070187414320021, 50.005465725285354 ], [ 20.070187411084422, 50.00546572521592 ], [ 20.066158526228399, 50.005502816210161 ], [ 20.066158512952633, 50.00550281592475 ], [ 20.066158499779075, 50.005502814827331 ], [ 20.066158486827025, 50.005502812927801 ], [ 20.066158474213779, 50.005502810243385 ], [ 20.066158462053565, 50.005502806798376 ], [ 20.066158450456509, 50.005502802623994 ], [ 20.066158439527634, 50.00550279775802 ], [ 20.066158429365913, 50.005502792244542 ], [ 20.066158420063378, 50.005502786133469 ], [ 20.066158411704262, 50.005502779480175 ], [ 20.066158404364277, 50.005502772344897 ], [ 20.064094310320101, 50.003272513861148 ], [ 20.064094308531345, 50.003272512122088 ], [ 20.0640943052959, 50.003272512052469 ], [ 20.060065595781719, 50.003309390327985 ], [ 20.060065582506581, 50.003309390041863 ], [ 20.060065569333752, 50.003309388943748 ], [ 20.060065556382522, 50.003309387043522 ], [ 20.060065543770182, 50.003309384358438 ], [ 20.060065531610952, 50.003309380912789 ], [ 20.060065520014941, 50.003309376737782 ], [ 20.060065509087178, 50.003309371871232 ], [ 20.060065498926612, 50.003309366357215 ], [ 20.060065489625263, 50.003309360245638 ], [ 20.060065481267369, 50.003309353591902 ], [ 20.060065473928621, 50.00330934645622 ], [ 20.05800175563941, 50.001078976328181 ], [ 20.058001753850956, 50.001078974589028 ], [ 20.058001750615663, 50.001078974519231 ], [ 20.053973216494839, 50.001115640107919 ], [ 20.053973203220334, 50.001115639821101 ], [ 20.053973190048232, 50.001115638722283 ], [ 20.053973177097824, 50.001115636821382 ], [ 20.05397316448639, 50.00111563413563 ], [ 20.053973152328137, 50.001115630689327 ], [ 20.053973140733177, 50.001115626513702 ], [ 20.053973129806518, 50.001115621646562 ], [ 20.053973119647107, 50.001115616132005 ], [ 20.053973110346952, 50.001115610019937 ], [ 20.05397310199028, 50.00111560336574 ], [ 20.053973094652765, 50.001115596229667 ], [ 20.051909752075211, 49.998885114499018 ], [ 20.051909750287056, 49.998885112759758 ], [ 20.051909747051916, 49.998885112689806 ], [ 20.047881388375934, 49.998921565623583 ], [ 20.047881375102062, 49.998921565336083 ], [ 20.047881361930688, 49.998921564236554 ], [ 20.0478813489811, 49.998921562334964 ], [ 20.047881336370565, 49.998921559648544 ], [ 20.047881324213296, 49.998921556201594 ], [ 20.047881312619388, 49.998921552025358 ], [ 20.047881301693835, 49.998921547157636 ], [ 20.047881291535582, 49.998921541642545 ], [ 20.04788128223662, 49.998921535529966 ], [ 20.047881273881163, 49.998921528875314 ], [ 20.047881266544884, 49.998921521738851 ], [ 20.045818299635659, 49.996690928447251 ], [ 20.045818297847806, 49.996690926707906 ], [ 20.045818294612818, 49.996690926637775 ], [ 20.041790034189457, 49.996727167642184 ], [ 20.041790030958765, 49.996727167770487 ], [ 20.041790029246908, 49.996727169541316 ], [ 20.039824437339185, 49.998994008882043 ], [ 20.039824430314745, 49.998994016147712 ], [ 20.039824422250661, 49.998994022950093 ], [ 20.039824413219961, 49.998994029227575 ], [ 20.039824403304436, 49.998994034923292 ], [ 20.039824392593875, 49.998994039985668 ], [ 20.039824381185277, 49.998994044368864 ], [ 20.039824369181961, 49.99899404803319 ], [ 20.039824356692627, 49.998994050945441 ], [ 20.039824343830389, 49.998994053079265 ], [ 20.039824330711721, 49.998994054415327 ], [ 20.03982431745543, 49.998994054941527 ], [ 20.035796011441807, 49.999030087675379 ], [ 20.035795998167952, 49.999030087386501 ], [ 20.035795984996803, 49.9990300862856 ], [ 20.035795972047644, 49.999030084382653 ], [ 20.035795959437735, 49.999030081694904 ], [ 20.035795947281283, 49.999030078246697 ], [ 20.03579593568838, 49.999030074069239 ], [ 20.035795924764003, 49.99903006920038 ], [ 20.035795914607089, 49.999030063684209 ], [ 20.035795905309627, 49.999030057570671 ], [ 20.035795896955808, 49.999030050915131 ], [ 20.035795889621287, 49.999030043777893 ], [ 20.033733473932148, 49.996799232155105 ], [ 20.033733472144725, 49.996799230415576 ], [ 20.033733468909745, 49.996799230345104 ], [ 20.029705184047113, 49.996835051864004 ], [ 20.029705180816379, 49.996835051991972 ], [ 20.029705179104067, 49.996835053762631 ], [ 20.027739011529444, 49.999101691890665 ], [ 20.027739004503154, 49.999101699155624 ], [ 20.027738996437332, 49.99910170595718 ], [ 20.02773898740503, 49.999101712233724 ], [ 20.027738977488035, 49.999101717928419 ], [ 20.027738966776166, 49.999101722989685 ], [ 20.027738955366424, 49.999101727371702 ], [ 20.027738943362145, 49.999101731034784 ], [ 20.027738930872037, 49.999101733945722 ], [ 20.027738918009209, 49.999101736078224 ], [ 20.02773890489016, 49.999101737412921 ], [ 20.027738891633685, 49.999101737937735 ], [ 20.023710484071934, 49.999137351847516 ], [ 20.023710480841025, 49.999137351975314 ], [ 20.023710479128411, 49.99913735374588 ], [ 20.021743935869416, 50.001403891725381 ], [ 20.021743928841886, 50.001403898989977 ], [ 20.021743920774835, 50.001403905791122 ], [ 20.021743911741314, 50.001403912067218 ], [ 20.021743901823136, 50.001403917761387 ], [ 20.02174389111012, 50.001403922822121 ], [ 20.021743879699283, 50.001403927203555 ], [ 20.021743867693967, 50.001403930866005 ], [ 20.021743855202889, 50.001403933776331 ], [ 20.021743842339177, 50.001403935908144 ], [ 20.021743829219325, 50.001403937242159 ], [ 20.021743815962143, 50.001403937766312 ], [ 20.017715285752519, 50.001439344043135 ], [ 20.017715272478082, 50.001439343752175 ], [ 20.017715259306655, 50.001439342649228 ], [ 20.017715246357529, 50.001439340744263 ], [ 20.017715233747971, 50.001439338054567 ], [ 20.017715221592173, 50.001439334604441 ], [ 20.017715210000226, 50.001439330425193 ], [ 20.017715199077099, 50.001439325554607 ], [ 20.017715188921724, 50.001439320036845 ], [ 20.017715179626062, 50.00143931392185 ], [ 20.017715171274297, 50.001439307265009 ], [ 20.017715163942064, 50.001439300126613 ], [ 20.015653514995901, 49.999208206279278 ], [ 20.015653508750223, 49.999208198723856 ], [ 20.015653503647009, 49.999208190819942 ], [ 20.015653499732473, 49.999208182639116 ], [ 20.01565349704207, 49.999208174255514 ], [ 20.015653495600162, 49.999208165745017 ], [ 20.015653495419809, 49.999208157184711 ], [ 20.015653496502644, 49.999208148652102 ], [ 20.015653498838859, 49.999208140224496 ], [ 20.015653502407297, 49.999208131978186 ], [ 20.015653507175642, 49.999208123987863 ], [ 20.015653513100713, 49.999208116325889 ], [ 20.017620256211991, 49.996941679513192 ], [ 20.017620257655921, 49.996941677645772 ], [ 20.017620256133707, 49.996941675804372 ], [ 20.015558767456085, 49.9947105345598 ], [ 20.015558761211015, 49.994710527004351 ], [ 20.015558756108302, 49.99471051910043 ], [ 20.015558752194156, 49.994710510919603 ], [ 20.015558749504034, 49.994710502535987 ], [ 20.01555874806229, 49.994710494025483 ], [ 20.015558747881983, 49.994710485465163 ], [ 20.015558748964743, 49.994710476932553 ], [ 20.01555875130077, 49.994710468504941 ], [ 20.015558754868902, 49.994710460258624 ], [ 20.015558759636829, 49.994710452268301 ], [ 20.015558765561373, 49.994710444606326 ], [ 20.017525332832669, 49.992444008770001 ], [ 20.017525334276467, 49.992444006902588 ], [ 20.017525332754403, 49.992444005061195 ], [ 20.015464043830352, 49.990212859203311 ], [ 20.015464037585886, 49.99021285164784 ], [ 20.015464032483674, 49.990212843743912 ], [ 20.015464028569927, 49.990212835563071 ], [ 20.015464025880082, 49.990212827179441 ], [ 20.015464024438501, 49.99021281866893 ], [ 20.015464024258236, 49.990212810108602 ], [ 20.015464025340929, 49.990212801576 ], [ 20.015464027676764, 49.990212793148373 ], [ 20.015464031244591, 49.990212784902056 ], [ 20.015464036012098, 49.990212776911733 ], [ 20.015464041936113, 49.990212769249766 ], [ 20.017430395705532, 49.987946377850271 ], [ 20.01743040273178, 49.987946370585924 ], [ 20.017430410797225, 49.987946363785078 ], [ 20.017430419828816, 49.987946357509315 ], [ 20.017430429744767, 49.987946351815509 ], [ 20.017430440455271, 49.98794634675518 ], [ 20.017430451863341, 49.98794634237418 ], [ 20.017430463865654, 49.987946338712177 ], [ 20.017430476353525, 49.987946335802341 ], [ 20.017430489213851, 49.987946333671012 ], [ 20.017430502330175, 49.987946332337501 ], [ 20.017430515583712, 49.987946331813873 ], [ 20.021457996264321, 49.98791094167558 ], [ 20.021457999494487, 49.987910941547831 ], [ 20.021458001206785, 49.987910939777301 ], [ 20.023424054931795, 49.98564436131128 ], [ 20.023424056375163, 49.985644359443803 ], [ 20.023424054853095, 49.98564435760246 ], [ 20.021362750401021, 49.983413271072081 ], [ 20.021362748614546, 49.98341326933236 ], [ 20.021362745380475, 49.983413269261526 ], [ 20.017335640103944, 49.983448653795641 ], [ 20.017335626834463, 49.98344865350461 ], [ 20.017335613667964, 49.983448652401592 ], [ 20.017335600723694, 49.983448650496548 ], [ 20.017335588118872, 49.983448647806753 ], [ 20.01733557596766, 49.983448644356564 ], [ 20.017335564380087, 49.983448640177237 ], [ 20.017335553461105, 49.98344863530658 ], [ 20.017335543309589, 49.983448629788739 ], [ 20.017335534017477, 49.983448623673674 ], [ 20.017335525668916, 49.983448617016769 ], [ 20.017335518339518, 49.983448609878302 ], [ 20.015274668289745, 49.98121749757906 ], [ 20.015274662046497, 49.981217490023575 ], [ 20.015274656945291, 49.981217482119618 ], [ 20.015274653032325, 49.981217473938749 ], [ 20.015274650343038, 49.981217465555105 ], [ 20.015274648901784, 49.981217457044558 ], [ 20.015274648721611, 49.98121744848423 ], [ 20.015274649804155, 49.981217439951614 ], [ 20.01527465213961, 49.981217431523987 ], [ 20.015274655706829, 49.981217423277663 ], [ 20.015274660473505, 49.981217415287333 ], [ 20.015274666396468, 49.98121740762538 ], [ 20.017240706408469, 49.978950974714913 ], [ 20.017240707851883, 49.978950972847493 ], [ 20.017240706330263, 49.978950971006071 ], [ 20.015179976845669, 49.976719768526593 ], [ 20.015179975059667, 49.976719766786744 ], [ 20.015179971826051, 49.97671976671576 ], [ 20.011153417525161, 49.976754933250874 ], [ 20.011153404257545, 49.976754932959111 ], [ 20.011153391093011, 49.976754931855382 ], [ 20.011153378150773, 49.976754929949635 ], [ 20.011153365548044, 49.976754927259158 ], [ 20.011153353398953, 49.976754923808301 ], [ 20.011153341813525, 49.976754919628327 ], [ 20.011153330896683, 49.97675491475708 ], [ 20.011153320747287, 49.976754909238679 ], [ 20.011153311457253, 49.976754903123101 ], [ 20.01115330311071, 49.976754896465728 ], [ 20.011153295783252, 49.976754889326848 ], [ 20.009092981034502, 49.974523618355441 ], [ 20.009092979248795, 49.974523616615521 ], [ 20.009092976015335, 49.974523616544353 ], [ 20.005066597431934, 49.974558570715558 ], [ 20.00506658416495, 49.974558570423113 ], [ 20.005066571001141, 49.974558569318681 ], [ 20.005066558059728, 49.974558567412252 ], [ 20.0050665454579, 49.9745585647211 ], [ 20.00506653330979, 49.974558561269603 ], [ 20.005066521725414, 49.974558557089011 ], [ 20.005066510809677, 49.974558552217189 ], [ 20.005066500661432, 49.97455854669824 ], [ 20.005066491372592, 49.974558540582166 ], [ 20.005066483027267, 49.974558533924338 ], [ 20.005066475701042, 49.974558526785074 ], [ 20.003006536127518, 49.972327144579495 ], [ 20.003006534342116, 49.972327142839468 ], [ 20.003006531108809, 49.97232714276813 ], [ 19.998980328294095, 49.972361884607402 ], [ 19.99898031502774, 49.972361884314253 ], [ 19.998980301864663, 49.972361883209118 ], [ 19.998980288924066, 49.972361881301993 ], [ 19.998980276323149, 49.972361878610187 ], [ 19.998980264176023, 49.97236187515805 ], [ 19.998980252592691, 49.972361870976833 ], [ 19.998980241678058, 49.972361866104436 ], [ 19.998980231530972, 49.972361860584947 ], [ 19.998980222243322, 49.972361854468367 ], [ 19.998980213899213, 49.972361847810099 ], [ 19.998980206574224, 49.972361840670445 ], [ 19.996920642132491, 49.970130347272303 ], [ 19.996920640347387, 49.970130345532176 ], [ 19.996920637114233, 49.970130345460674 ], [ 19.992894532917052, 49.97016487566075 ], [ 19.992894529687987, 49.970164875787674 ], [ 19.992894527975253, 49.970164877557799 ], [ 19.990927690321545, 49.97243090596178 ], [ 19.990927683293506, 49.972430913224557 ], [ 19.990927675226864, 49.972430920023591 ], [ 19.990927666194668, 49.972430926297292 ], [ 19.990927656278721, 49.97243093198886 ], [ 19.990927645568821, 49.972430937046745 ], [ 19.990927634161956, 49.972430941425145 ], [ 19.990927622161433, 49.972430945084405 ], [ 19.990927609675925, 49.972430947991377 ], [ 19.990927596818509, 49.972430950119758 ], [ 19.990927583705624, 49.972430951450271 ], [ 19.990927570456009, 49.972430951970829 ], [ 19.986901421445982, 49.972465274017281 ], [ 19.986901408179655, 49.972465273722754 ], [ 19.986901395016805, 49.972465272616247 ], [ 19.986901382076638, 49.972465270707779 ], [ 19.98690136947635, 49.972465268014652 ], [ 19.986901357330041, 49.972465264561244 ], [ 19.986901345747718, 49.972465260378826 ], [ 19.986901334834265, 49.972465255505263 ], [ 19.986901324688521, 49.972465249984722 ], [ 19.986901315402367, 49.97246524386717 ], [ 19.986901307059895, 49.97246523720802 ], [ 19.986901299736665, 49.972465230067591 ], [ 19.984842286301564, 49.970233518933043 ], [ 19.984842284516887, 49.970233517192732 ], [ 19.984842281283743, 49.970233517120889 ], [ 19.980816153830549, 49.970267628209861 ], [ 19.980816150601438, 49.970267628336465 ], [ 19.980816148888255, 49.970267630106406 ], [ 19.978848699236288, 49.972533500526112 ], [ 19.978848697791566, 49.972533502393048 ], [ 19.978848699311524, 49.972533504234988 ], [ 19.980907536733714, 49.974765321948048 ], [ 19.980907542970755, 49.974765329505438 ], [ 19.980907548065655, 49.974765337410972 ], [ 19.980907551972269, 49.974765345593021 ], [ 19.980907554655218, 49.97476535397751 ], [ 19.980907556090209, 49.974765362488533 ], [ 19.980907556264242, 49.97476537104896 ], [ 19.980907555175747, 49.974765379581299 ], [ 19.980907552834569, 49.974765388008279 ], [ 19.980907549261925, 49.974765396253602 ], [ 19.980907544490162, 49.97476540424254 ], [ 19.980907538562491, 49.974765411902787 ], [ 19.97893998830703, 49.977031196303109 ], [ 19.978939981276515, 49.977031203565168 ], [ 19.97893997320741, 49.977031210363386 ], [ 19.978939964172788, 49.977031216636156 ], [ 19.978939954254479, 49.977031222326701 ], [ 19.97893994354229, 49.977031227383492 ], [ 19.97893993213324, 49.977031231760733 ], [ 19.978939920130649, 49.97703123541875 ], [ 19.978939907643216, 49.97703123832445 ], [ 19.978939894784027, 49.977031240451502 ], [ 19.978939881669543, 49.977031241780665 ], [ 19.978939868418522, 49.97703124229988 ], [ 19.974913243890537, 49.977065151233369 ], [ 19.974913240660953, 49.977065151359795 ], [ 19.974913238947316, 49.977065153129672 ], [ 19.972945275721873, 49.979330880640234 ], [ 19.972945268690118, 49.979330887901931 ], [ 19.972945260619781, 49.979330894699721 ], [ 19.972945251583955, 49.979330900972052 ], [ 19.972945241664455, 49.979330906662092 ], [ 19.972945230951126, 49.979330911718336 ], [ 19.972945219540982, 49.97933091609498 ], [ 19.972945207537357, 49.979330919752378 ], [ 19.972945195048961, 49.979330922657446 ], [ 19.972945182188887, 49.979330924783838 ], [ 19.972945169073604, 49.979330926112311 ], [ 19.972945155821876, 49.979330926630851 ], [ 19.968918409420905, 49.979364627982982 ], [ 19.968918396152755, 49.979364627686394 ], [ 19.968918382988406, 49.979364626577869 ], [ 19.968918370047071, 49.979364624667411 ], [ 19.968918357445947, 49.97936462197233 ], [ 19.968918345299155, 49.979364618517046 ], [ 19.968918333716697, 49.979364614332844 ], [ 19.968918322803471, 49.979364609457598 ], [ 19.9689183126583, 49.97936460393548 ], [ 19.968918303373066, 49.979364597816492 ], [ 19.968918295031852, 49.979364591156049 ], [ 19.968918287710203, 49.979364584014483 ], [ 19.966859842068985, 49.977132595966495 ], [ 19.966859835833823, 49.977132588408338 ], [ 19.966859830740958, 49.977132580502193 ], [ 19.966859826836522, 49.977132572319654 ], [ 19.966859824155872, 49.977132563934831 ], [ 19.966859822723283, 49.977132555423637 ], [ 19.966859822551726, 49.977132546863167 ], [ 19.966859823642761, 49.977132538330935 ], [ 19.966859825986496, 49.977132529904239 ], [ 19.96685982956172, 49.977132521659357 ], [ 19.966859834336052, 49.977132513670973 ], [ 19.966859840266242, 49.977132506011422 ], [ 19.968828002534945, 49.974866879728829 ], [ 19.968828003980121, 49.974866877862013 ], [ 19.968828002460473, 49.974866876019945 ], [ 19.96676971634027, 49.972634840698802 ], [ 19.966769710105712, 49.972634833140653 ], [ 19.966769705013352, 49.972634825234501 ], [ 19.966769701109303, 49.972634817051933 ], [ 19.96676969842893, 49.972634808667109 ], [ 19.966769696996501, 49.972634800155895 ], [ 19.96676969682499, 49.972634791595425 ], [ 19.966769697915947, 49.972634783063192 ], [ 19.966769700259494, 49.972634774636489 ], [ 19.966769703834409, 49.972634766391586 ], [ 19.966769708608322, 49.972634758403217 ], [ 19.966769714537985, 49.972634750743673 ], [ 19.968737700600759, 49.970369125308089 ], [ 19.968737702045804, 49.970369123441266 ], [ 19.968737700526301, 49.970369121599191 ], [ 19.966679573887372, 49.968137039004468 ], [ 19.96667957210343, 49.96813703726388 ], [ 19.96667956887044, 49.968137037191511 ], [ 19.962653671810624, 49.968170516311453 ], [ 19.962653658545584, 49.968170516014148 ], [ 19.962653645384421, 49.968170514904884 ], [ 19.962653632446337, 49.968170512993701 ], [ 19.962653619848481, 49.968170510297917 ], [ 19.962653607704961, 49.968170506841943 ], [ 19.96265359612574, 49.968170502657067 ], [ 19.96265358521568, 49.96817049778123 ], [ 19.962653575073592, 49.96817049225853 ], [ 19.962653565791317, 49.968170486139002 ], [ 19.962653557452921, 49.968170479478097 ], [ 19.962653550133918, 49.968170472336098 ], [ 19.960595838022194, 49.965938321564096 ], [ 19.960595836238554, 49.965938319823401 ], [ 19.960595833005719, 49.965938319750876 ], [ 19.956570034962816, 49.965971587331943 ], [ 19.956570031733918, 49.965971587457858 ], [ 19.956570030019996, 49.965971589227458 ], [ 19.954601646256677, 49.968237012210494 ], [ 19.954601639223743, 49.968237019471104 ], [ 19.954601631152634, 49.96823702626763 ], [ 19.95460162211646, 49.968237032538532 ], [ 19.954601612197038, 49.968237038227038 ], [ 19.954601601484207, 49.968237043281569 ], [ 19.954601590074986, 49.968237047656423 ], [ 19.95460157807269, 49.968237051311931 ], [ 19.954601565586024, 49.968237054215017 ], [ 19.954601552728068, 49.968237056339376 ], [ 19.954601539615258, 49.968237057665768 ], [ 19.954601526366346, 49.968237058182169 ], [ 19.95057560676408, 49.968270118215223 ], [ 19.950575603535015, 49.968270118340982 ], [ 19.950575601820784, 49.968270120110489 ], [ 19.948606842990149, 49.970535442651524 ], [ 19.948606835955975, 49.970535449911772 ], [ 19.948606827883641, 49.970535456707886 ], [ 19.948606818846251, 49.970535462978333 ], [ 19.94860680892565, 49.97053546866632 ], [ 19.948606798211678, 49.970535473720311 ], [ 19.94860678680136, 49.970535478094568 ], [ 19.948606774798037, 49.970535481749458 ], [ 19.948606762310405, 49.97053548465189 ], [ 19.948606749451564, 49.970535486775603 ], [ 19.948606736337954, 49.970535488101319 ], [ 19.948606723088343, 49.970535488617053 ], [ 19.944580604774035, 49.970568341707015 ], [ 19.944580601544793, 49.970568341832617 ], [ 19.944580599830264, 49.970568343602032 ], [ 19.942611465881342, 49.972833565659741 ], [ 19.942611458845931, 49.972833572919626 ], [ 19.942611450772365, 49.972833579715342 ], [ 19.942611441733767, 49.97283358598532 ], [ 19.942611431811979, 49.972833591672796 ], [ 19.942611421096863, 49.972833596726247 ], [ 19.942611409685458, 49.972833601099914 ], [ 19.942611397681098, 49.972833604754193 ], [ 19.94261138519251, 49.972833607655993 ], [ 19.942611372332781, 49.972833609779023 ], [ 19.942611359218375, 49.972833611104072 ], [ 19.942611345968061, 49.972833611619123 ], [ 19.938585106193241, 49.972866257107007 ], [ 19.938585092927021, 49.972866256806959 ], [ 19.938585079765097, 49.972866255694967 ], [ 19.938585066826661, 49.972866253781092 ], [ 19.938585054228891, 49.972866251082692 ], [ 19.938585042085869, 49.972866247624211 ], [ 19.938585030507568, 49.972866243436947 ], [ 19.938585019598843, 49.972866238558829 ], [ 19.938585009458485, 49.972866233034026 ], [ 19.938585000178328, 49.972866226912572 ], [ 19.938584991842408, 49.972866220249898 ], [ 19.938584984526223, 49.972866213106379 ], [ 19.936528176649578, 49.970633631992797 ], [ 19.93652817486662, 49.97063363025174 ], [ 19.936528171633498, 49.970633630178554 ], [ 19.932501953994606, 49.970666064766043 ], [ 19.932501950765324, 49.970666064891297 ], [ 19.932501949050344, 49.970666066660534 ], [ 19.930532203582334, 49.972931130309078 ], [ 19.93053220213573, 49.972931132175432 ], [ 19.930532203653861, 49.972931134018005 ], [ 19.932588834935032, 49.975163821585966 ], [ 19.932588841164595, 49.975163829145998 ], [ 19.932588846251647, 49.975163837053685 ], [ 19.932588850150125, 49.975163845237432 ], [ 19.932588852824718, 49.975163853623073 ], [ 19.932588854251204, 49.975163862134728 ], [ 19.932588854416668, 49.975163870695297 ], [ 19.932588853319608, 49.975163879227225 ], [ 19.932588850969964, 49.975163887653281 ], [ 19.932588847389013, 49.975163895897147 ], [ 19.932588842609178, 49.975163903884145 ], [ 19.932588836673759, 49.975163911541962 ], [ 19.93061899010775, 49.977428889075213 ], [ 19.930618983069863, 49.977428896334381 ], [ 19.930618974993838, 49.977428903129265 ], [ 19.930618965952814, 49.97742890939832 ], [ 19.930618956028663, 49.977428915084765 ], [ 19.930618945311263, 49.977428920137122 ], [ 19.930618933897669, 49.977428924509631 ], [ 19.930618921891249, 49.977428928162666 ], [ 19.930618909400732, 49.97742893106318 ], [ 19.930618896539237, 49.977428933184896 ], [ 19.930618883423236, 49.977428934508595 ], [ 19.930618870171514, 49.977428935022289 ], [ 19.926592155983133, 49.977461167077067 ], [ 19.926592152753383, 49.977461167202158 ], [ 19.926592151037948, 49.97746116897131 ], [ 19.924621891428508, 49.979726089331166 ], [ 19.924621884389385, 49.979726096589971 ], [ 19.924621876312131, 49.979726103384451 ], [ 19.924621867269892, 49.979726109653029 ], [ 19.924621857344558, 49.97972611533897 ], [ 19.924621846626014, 49.979726120390779 ], [ 19.924621835211333, 49.979726124762699 ], [ 19.924621823203879, 49.979726128415138 ], [ 19.924621810712399, 49.979726131315005 ], [ 19.924621797850019, 49.979726133436046 ], [ 19.924621784733223, 49.979726134759062 ], [ 19.924621771480794, 49.979726135272095 ], [ 19.920594935974488, 49.979758159633739 ], [ 19.920594922706456, 49.979758159331624 ], [ 19.920594909543038, 49.979758158217599 ], [ 19.920594896603436, 49.979758156301742 ], [ 19.920594884004842, 49.979758153601416 ], [ 19.920594871861343, 49.979758150141045 ], [ 19.920594860282918, 49.979758145951983 ], [ 19.920594849374424, 49.979758141072175 ], [ 19.920594839234642, 49.979758135545808 ], [ 19.920594829955409, 49.979758129422912 ], [ 19.920594821620757, 49.979758122758959 ], [ 19.92059481430616, 49.979758115614302 ], [ 19.918538536499884, 49.977525215158572 ], [ 19.918538534717317, 49.977525213417216 ], [ 19.918538531483755, 49.97752521334354 ], [ 19.914511718374492, 49.977557026776168 ], [ 19.914511715144695, 49.977557026900918 ], [ 19.914511713428812, 49.977557028669906 ], [ 19.912540880051253, 49.979821746986282 ], [ 19.912540873010286, 49.979821754244355 ], [ 19.912540864931305, 49.979821761037996 ], [ 19.912540855887467, 49.979821767305658 ], [ 19.912540845960674, 49.979821772990576 ], [ 19.912540835240833, 49.979821778041277 ], [ 19.912540823825012, 49.979821782411996 ], [ 19.912540811816605, 49.979821786063191 ], [ 19.912540799324361, 49.979821788961765 ], [ 19.912540786461406, 49.979821791081477 ], [ 19.912540773344233, 49.979821792403136 ], [ 19.91254076009163, 49.979821792914784 ], [ 19.908513903019092, 49.979853398015045 ], [ 19.908513889751088, 49.979853397711565 ], [ 19.908513876587904, 49.979853396596162 ], [ 19.908513863648739, 49.979853394678969 ], [ 19.908513851050781, 49.979853391977301 ], [ 19.908513838908107, 49.979853388515671 ], [ 19.908513827330694, 49.979853384325402 ], [ 19.90851381642338, 49.979853379444442 ], [ 19.908513806284954, 49.979853373917017 ], [ 19.90851379700722, 49.97985336779314 ], [ 19.908513788674206, 49.979853361128306 ], [ 19.908513781361375, 49.979853353982882 ], [ 19.906458055763647, 49.977620236367592 ], [ 19.906458053981506, 49.977620234626066 ], [ 19.90645805074795, 49.977620234552035 ], [ 19.902431216217174, 49.977651628737711 ], [ 19.902431212987334, 49.977651628862127 ], [ 19.902431211271001, 49.977651630630945 ], [ 19.900459804256773, 49.979916146801592 ], [ 19.900459797213966, 49.979916154058948 ], [ 19.900459789133254, 49.979916160851751 ], [ 19.900459780087818, 49.979916167118496 ], [ 19.900459770159568, 49.979916172802376 ], [ 19.900459759438423, 49.979916177851955 ], [ 19.900459748021472, 49.979916182221508 ], [ 19.900459736012113, 49.97991618587146 ], [ 19.900459723519099, 49.979916188768726 ], [ 19.900459710655571, 49.979916190887103 ], [ 19.900459697538022, 49.979916192207405 ], [ 19.900459684285252, 49.97991619271766 ], [ 19.896432805930534, 49.979947378551202 ], [ 19.896432792662566, 49.979947378246322 ], [ 19.896432779499612, 49.979947377129555 ], [ 19.896432766560888, 49.979947375211005 ], [ 19.896432753963559, 49.979947372508036 ], [ 19.896432741821716, 49.979947369045135 ], [ 19.896432730245316, 49.979947364853651 ], [ 19.896432719339188, 49.979947359971547 ], [ 19.896432709202109, 49.979947354443048 ], [ 19.896432699925882, 49.979947348318213 ], [ 19.896432691594509, 49.979947341652505 ], [ 19.896432684283443, 49.979947334506306 ], [ 19.894377511046784, 49.977713999828346 ], [ 19.894377509265077, 49.977713998086621 ], [ 19.894377506031532, 49.977713998012263 ], [ 19.890350727579989, 49.977744972353051 ], [ 19.890350714312653, 49.977744972047482 ], [ 19.890350701150435, 49.977744970930019 ], [ 19.890350688212539, 49.977744969010779 ], [ 19.890350675616116, 49.977744966307142 ], [ 19.89035066347526, 49.977744962843595 ], [ 19.890350651899908, 49.977744958651499 ], [ 19.890350640994889, 49.977744953768813 ], [ 19.890350630858968, 49.977744948239781 ], [ 19.890350621583931, 49.977744942114448 ], [ 19.89035061325378, 49.9777449354483 ], [ 19.890350605943944, 49.977744928301711 ], [ 19.888295807999473, 49.97551148300488 ], [ 19.888295806218064, 49.975511481263062 ], [ 19.888295802984675, 49.975511481188548 ], [ 19.884269201707077, 49.975542243469306 ], [ 19.884269188440378, 49.975542243163041 ], [ 19.884269175278899, 49.975542242044888 ], [ 19.88426916234182, 49.975542240124952 ], [ 19.884269149746309, 49.975542237420647 ], [ 19.884269137606434, 49.975542233956467 ], [ 19.884269126032134, 49.975542229763747 ], [ 19.884269115128227, 49.975542224880485 ], [ 19.884269104993461, 49.975542219350913 ], [ 19.884269095719617, 49.97554221322509 ], [ 19.884269087390685, 49.975542206558494 ], [ 19.884269080082085, 49.975542199411507 ], [ 19.88221469677924, 49.973308686368 ], [ 19.882214690557777, 49.973308678805239 ], [ 19.882214685479152, 49.973308670895292 ], [ 19.882214681589353, 49.973308662709812 ], [ 19.88221467892361, 49.973308654322935 ], [ 19.88221467750606, 49.973308645810619 ], [ 19.882214677349541, 49.97330863724995 ], [ 19.882214678455476, 49.973308628718435 ], [ 19.882214680813846, 49.973308620293345 ], [ 19.882214684403291, 49.973308612050999 ], [ 19.882214689191308, 49.97330860406602 ], [ 19.882214695134529, 49.973308596410732 ], [ 19.884186696503487, 49.971044384587465 ], [ 19.88418669795184, 49.971044382721679 ], [ 19.884186696435528, 49.971044380878503 ], [ 19.882132432322383, 49.968810777944569 ], [ 19.882132430541446, 49.968810776202652 ], [ 19.882132427308512, 49.968810776127945 ], [ 19.878106301209918, 49.968841322127659 ], [ 19.878106297980597, 49.968841322251393 ], [ 19.878106296263677, 49.968841324019841 ], [ 19.876134096965782, 49.971105434374969 ], [ 19.876134089920566, 49.971105441630868 ], [ 19.876134081837868, 49.971105448422001 ], [ 19.876134072790883, 49.97110545468685 ], [ 19.876134062861542, 49.971105460368683 ], [ 19.876134052139772, 49.971105465416024 ], [ 19.876134040722661, 49.97110546978319 ], [ 19.876134028713611, 49.971105473430612 ], [ 19.876134016221375, 49.971105476325263 ], [ 19.876134003359091, 49.971105478440961 ], [ 19.876133990243236, 49.971105479758492 ], [ 19.876133976992588, 49.971105480265955 ], [ 19.8721078074215, 49.971135817939917 ], [ 19.872107794156072, 49.971135817632259 ], [ 19.872107780996057, 49.971135816512714 ], [ 19.872107768060634, 49.971135814591413 ], [ 19.872107755466939, 49.97113581188578 ], [ 19.872107743329035, 49.9711358084203 ], [ 19.872107731756838, 49.971135804226371 ], [ 19.872107720855148, 49.971135799341965 ], [ 19.872107710722695, 49.971135793811293 ], [ 19.872107701451235, 49.971135787684481 ], [ 19.87210769312474, 49.97113578101699 ], [ 19.872107685818605, 49.971135773869221 ], [ 19.870054013487199, 49.968901996965485 ], [ 19.870054011706692, 49.968901995223391 ], [ 19.870054008473765, 49.968901995148343 ], [ 19.866027861819262, 49.968932122018074 ], [ 19.866027858589899, 49.968932122141489 ], [ 19.866027856872531, 49.968932123909759 ], [ 19.86405508462385, 49.971196031876303 ], [ 19.864055077576797, 49.971196039131485 ], [ 19.86405506949237, 49.971196045921779 ], [ 19.864055060443793, 49.971196052185704 ], [ 19.864055050512999, 49.9711960578665 ], [ 19.864055039789928, 49.971196062912732 ], [ 19.864055028371688, 49.971196067278704 ], [ 19.864055016361689, 49.97119607092489 ], [ 19.864055003868689, 49.971196073818255 ], [ 19.864054991005833, 49.971196075932617 ], [ 19.864054977889605, 49.971196077248777 ], [ 19.86405496463879, 49.971196077754861 ], [ 19.860028697444239, 49.971225996851572 ], [ 19.860028694214705, 49.971225996974809 ], [ 19.860028692497039, 49.971225998742987 ], [ 19.85805550724281, 49.97348984916723 ], [ 19.85805550579337, 49.973489851032696 ], [ 19.858055507308766, 49.973489852876234 ], [ 19.860108824798679, 49.97572384232177 ], [ 19.860108831017001, 49.975723849885753 ], [ 19.860108836092277, 49.97572385779668 ], [ 19.860108839978537, 49.9757238659829 ], [ 19.860108842640585, 49.975723874370303 ], [ 19.860108844054313, 49.97572388288291 ], [ 19.860108844206923, 49.975723891443636 ], [ 19.860108843097027, 49.975723899974952 ], [ 19.860108840734679, 49.975723908399594 ], [ 19.860108837141276, 49.975723916641293 ], [ 19.860108832349354, 49.975723924625363 ], [ 19.860108826402314, 49.975723932279536 ], [ 19.858135501467583, 49.977987739854122 ], [ 19.858135500018015, 49.977987741719573 ], [ 19.858135501533553, 49.977987743563105 ], [ 19.860189016773163, 49.980221728847326 ], [ 19.860189022992088, 49.980221736411288 ], [ 19.860189028067861, 49.980221744322201 ], [ 19.860189031954505, 49.98022175250842 ], [ 19.860189034616823, 49.980221760895802 ], [ 19.860189036030707, 49.980221769408395 ], [ 19.860189036183357, 49.980221777969128 ], [ 19.860189035073383, 49.980221786500444 ], [ 19.860189032710839, 49.980221794925079 ], [ 19.860189029117119, 49.980221803166764 ], [ 19.860189024324775, 49.980221811150848 ], [ 19.860189018377206, 49.980221818805013 ], [ 19.858215553728282, 49.982485583531016 ], [ 19.858215546678721, 49.982485590785849 ], [ 19.858215538591597, 49.982485597575739 ], [ 19.858215529540153, 49.982485603839194 ], [ 19.858215519606357, 49.982485609519493 ], [ 19.858215508880175, 49.982485614565206 ], [ 19.858215497458744, 49.98248561893061 ], [ 19.858215485445491, 49.982485622576206 ], [ 19.858215472949222, 49.982485625468946 ], [ 19.858215460083095, 49.982485627582662 ], [ 19.858215446963634, 49.982485628898189 ], [ 19.858215433709649, 49.982485629403634 ], [ 19.854188218191187, 49.982515350684373 ], [ 19.854188214960882, 49.982515350807446 ], [ 19.854188213242598, 49.98251535257554 ], [ 19.852214335344843, 49.984779059687156 ], [ 19.852214328294043, 49.98477906694162 ], [ 19.85221432020569, 49.984779073731097 ], [ 19.85221431115303, 49.984779079994091 ], [ 19.852214301218059, 49.984779085673885 ], [ 19.852214290490732, 49.984779090719044 ], [ 19.852214279068207, 49.984779095083866 ], [ 19.852214267053927, 49.984779098728843 ], [ 19.852214254556692, 49.984779101620944 ], [ 19.852214241689691, 49.984779103733985 ], [ 19.85221422856943, 49.984779105048837 ], [ 19.852214215314746, 49.984779105553592 ], [ 19.848186802039972, 49.984808619506381 ], [ 19.8481867988095, 49.984808619629291 ], [ 19.848186797090914, 49.984808621397306 ], [ 19.846212505875737, 49.98707227084865 ], [ 19.846212504425438, 49.987072272713974 ], [ 19.846212505940816, 49.987072274557654 ], [ 19.848265863584391, 49.989306468261717 ], [ 19.848265869802646, 49.989306475826311 ], [ 19.848265874877441, 49.989306483737742 ], [ 19.84826587876282, 49.989306491924353 ], [ 19.84826588142359, 49.989306500312004 ], [ 19.848265882835658, 49.989306508824747 ], [ 19.848265882986237, 49.989306517385479 ], [ 19.848265881873964, 49.989306525916682 ], [ 19.848265879508912, 49.989306534341075 ], [ 19.848265875912492, 49.989306542582398 ], [ 19.848265871117285, 49.989306550565992 ], [ 19.848265865166709, 49.98930655821956 ], [ 19.846291471877734, 49.99157012138847 ], [ 19.846291464825057, 49.991570128642579 ], [ 19.846291456734736, 49.991570135431637 ], [ 19.846291447680041, 49.99157014169419 ], [ 19.846291437742973, 49.99157014737348 ], [ 19.846291427013519, 49.991570152418099 ], [ 19.846291415588851, 49.991570156782338 ], [ 19.84629140357243, 49.991570160426711 ], [ 19.84629139107308, 49.991570163318173 ], [ 19.846291378203997, 49.991570165430574 ], [ 19.846291365081726, 49.991570166744758 ], [ 19.846291351825101, 49.991570167248852 ], [ 19.8422633652823, 49.991599478481341 ], [ 19.842263362051355, 49.991599478604087 ], [ 19.842263360332314, 49.991599480372017 ], [ 19.840288553580631, 49.993862985824251 ], [ 19.840288546526715, 49.993862993077997 ], [ 19.840288538435164, 49.99386299986665 ], [ 19.840288529379258, 49.99386300612872 ], [ 19.840288519441003, 49.993863011807512 ], [ 19.840288508710408, 49.99386301685157 ], [ 19.840288497284646, 49.993863021215226 ], [ 19.840288485267198, 49.993863024858967 ], [ 19.840288472766886, 49.993863027749796 ], [ 19.840288459896922, 49.993863029861544 ], [ 19.840288446773855, 49.993863031175046 ], [ 19.84028843351653, 49.993863031678451 ], [ 19.836260326498664, 49.993892134924991 ], [ 19.836260313227157, 49.993892134613262 ], [ 19.836260300061706, 49.993892133489688 ], [ 19.836260287121547, 49.993892131564429 ], [ 19.836260274523859, 49.993892128854938 ], [ 19.836260262382734, 49.993892125385734 ], [ 19.836260250808127, 49.993892121188253 ], [ 19.836260239904856, 49.993892116300493 ], [ 19.836260229771661, 49.993892110766716 ], [ 19.836260220500311, 49.993892104637062 ], [ 19.836260212174768, 49.99389209796702 ], [ 19.836260204870435, 49.993892090817013 ], [ 19.834207203002283, 49.99165768455989 ], [ 19.834207201222213, 49.991657682817234 ], [ 19.834207197987805, 49.991657682741213 ], [ 19.830179114468613, 49.991686575060079 ], [ 19.830179111237626, 49.991686575182491 ], [ 19.830179109518138, 49.991686576950237 ], [ 19.828203729485431, 49.993949879548161 ], [ 19.828203722429674, 49.99394988680119 ], [ 19.828203714336397, 49.993949893588997 ], [ 19.828203705278892, 49.993949899850136 ], [ 19.828203695339184, 49.993949905527899 ], [ 19.828203684607292, 49.993949910570848 ], [ 19.828203673180408, 49.993949914933317 ], [ 19.828203661162004, 49.993949918575815 ], [ 19.828203648660928, 49.993949921465344 ], [ 19.828203635790398, 49.993949923575755 ], [ 19.828203622666962, 49.993949924887893 ], [ 19.828203609409467, 49.993949925389913 ], [ 19.824175405550641, 49.993978609688547 ], [ 19.824175402319479, 49.993978609810796 ], [ 19.824175400599689, 49.993978611578449 ], [ 19.822199644906703, 49.99624181294454 ], [ 19.822199637849707, 49.996241820197199 ], [ 19.8221996297552, 49.996241826984594 ], [ 19.822199620696484, 49.996241833245271 ], [ 19.822199610755597, 49.996241838922515 ], [ 19.822199600022561, 49.99624184396491 ], [ 19.822199588594582, 49.996241848326804 ], [ 19.822199576575152, 49.996241851968676 ], [ 19.822199564073117, 49.996241854857558 ], [ 19.822199551201702, 49.996241856967309 ], [ 19.82219953807747, 49.996241858278779 ], [ 19.822199524819279, 49.996241858780117 ], [ 19.818171200672715, 49.996270335034936 ], [ 19.818171187400644, 49.996270334721139 ], [ 19.818171174234941, 49.996270333595511 ], [ 19.818171161294838, 49.996270331668221 ], [ 19.818171148697523, 49.996270328956768 ], [ 19.818171136557076, 49.996270325485675 ], [ 19.818171124983447, 49.996270321286374 ], [ 19.818171114081448, 49.996270316396924 ], [ 19.818171103949808, 49.996270310861568 ], [ 19.818171094680281, 49.996270304730452 ], [ 19.818171086356809, 49.996270298059102 ], [ 19.818171079054782, 49.996270290907958 ], [ 19.816118809052089, 49.994035561832455 ], [ 19.816118807272584, 49.994035560089529 ], [ 19.816118804038034, 49.994035560012989 ], [ 19.81209058086645, 49.994063824804783 ], [ 19.812090567595018, 49.99406382449029 ], [ 19.81209055443005, 49.994063823363966 ], [ 19.812090541490775, 49.994063821436008 ], [ 19.81209052889437, 49.99406381872388 ], [ 19.812090516754914, 49.994063815252147 ], [ 19.81209050518234, 49.994063811052236 ], [ 19.812090494281449, 49.994063806162195 ], [ 19.812090484150971, 49.994063800626307 ], [ 19.812090474882638, 49.994063794494693 ], [ 19.812090466560388, 49.99406378782291 ], [ 19.812090459259593, 49.994063780671361 ], [ 19.810038564923516, 49.991828941343606 ], [ 19.81003856314431, 49.991828939600587 ], [ 19.81003855990992, 49.991828939523892 ], [ 19.806010515011572, 49.991856992337482 ], [ 19.806010501740779, 49.991856992022278 ], [ 19.806010488576547, 49.991856990895265 ], [ 19.806010475638104, 49.991856988966617 ], [ 19.806010463042611, 49.991856986253829 ], [ 19.806010450904139, 49.991856982781442 ], [ 19.806010439332621, 49.991856978580934 ], [ 19.806010428432845, 49.991856973690318 ], [ 19.806010418303519, 49.991856968153876 ], [ 19.806010409036382, 49.991856962021785 ], [ 19.806010400715355, 49.991856955349547 ], [ 19.806010393415793, 49.991856948197608 ], [ 19.803958874702069, 49.989621998659231 ], [ 19.803958872923161, 49.989621996916121 ], [ 19.80395886968893, 49.989621996839247 ], [ 19.799930925876758, 49.989649838239394 ], [ 19.799930922645817, 49.989649838360961 ], [ 19.799930920925288, 49.989649840128266 ], [ 19.797954197474095, 49.991912634942402 ], [ 19.797954190414064, 49.991912642193604 ], [ 19.79795418231684, 49.991912648979337 ], [ 19.797954173255761, 49.991912655238124 ], [ 19.79795416331288, 49.991912660913314 ], [ 19.797954152578246, 49.991912665953471 ], [ 19.797954141149063, 49.991912670312985 ], [ 19.797954129128847, 49.991912673952356 ], [ 19.79795411662645, 49.991912676838638 ], [ 19.797954103755096, 49.991912678945681 ], [ 19.79795409063135, 49.991912680254408 ], [ 19.797954077374065, 49.991912680752975 ], [ 19.793926013592444, 49.991940314080416 ], [ 19.793926010361336, 49.991940314201827 ], [ 19.793926008640504, 49.991940315969039 ], [ 19.791948871646554, 49.994203052780321 ], [ 19.791948870193934, 49.994203054644963 ] ], [ [ 20.009563522010975, 49.997012063019703 ], [ 20.009563535284162, 49.997012063311608 ], [ 20.009563548454203, 49.9970120644155 ], [ 20.009563561401826, 49.997012066321368 ], [ 20.009563574009782, 49.99701206901198 ], [ 20.009563586163889, 49.997012072462958 ], [ 20.00956359775407, 49.997012076643053 ], [ 20.009563608675375, 49.997012081514399 ], [ 20.009563618828889, 49.997012087032893 ], [ 20.009563628122663, 49.99701209314857 ], [ 20.009563636472535, 49.997012099806 ], [ 20.009563643802885, 49.997012106944936 ], [ 20.011624917063994, 49.999243312154022 ], [ 20.01162492330905, 49.99924331970967 ], [ 20.01162492841161, 49.999243327613762 ], [ 20.011624932325464, 49.999243335794709 ], [ 20.01162493501517, 49.999243344178417 ], [ 20.011624936456368, 49.999243352688971 ], [ 20.011624936636011, 49.999243361249299 ], [ 20.011624935552462, 49.999243369781858 ], [ 20.01162493321554, 49.999243378209393 ], [ 20.011624929646405, 49.999243386455596 ], [ 20.011624924877388, 49.999243394445756 ], [ 20.011624918951668, 49.999243402107524 ], [ 20.009657837867429, 50.001509695245431 ], [ 20.009657830838051, 50.001509702509317 ], [ 20.009657822769263, 50.00150970930963 ], [ 20.009657813734137, 50.001509715584788 ], [ 20.009657803814491, 50.001509721277941 ], [ 20.009657793100168, 50.001509726337559 ], [ 20.00965778168819, 50.001509730717814 ], [ 20.009657769681912, 50.001509734379027 ], [ 20.009657757190062, 50.001509737288039 ], [ 20.009657744325768, 50.00150973941853 ], [ 20.009657731205529, 50.001509740751182 ], [ 20.009657717948169, 50.001509741273949 ], [ 20.005629163861048, 50.001544728002855 ], [ 20.005629150586628, 50.001544727710503 ], [ 20.005629137415436, 50.001544726606191 ], [ 20.00562912446674, 50.001544724699876 ], [ 20.005629111857807, 50.001544722008852 ], [ 20.00562909970283, 50.001544718557469 ], [ 20.005629088111885, 50.001544714376983 ], [ 20.005629077189941, 50.001544709505275 ], [ 20.005629067035912, 50.001544703986447 ], [ 20.005629057741746, 50.001544697870465 ], [ 20.005629049391619, 50.001544691212743 ], [ 20.005629042061152, 50.001544684073579 ], [ 20.003567944778833, 49.999313372123368 ], [ 20.003567938535024, 49.999313364567278 ], [ 20.003567933433771, 49.999313356662817 ], [ 20.003567929521274, 49.999313348481593 ], [ 20.003567926832964, 49.999313340097686 ], [ 20.003567925393185, 49.999313331587032 ], [ 20.003567925214973, 49.999313323026691 ], [ 20.003567926299951, 49.999313314494174 ], [ 20.003567928638283, 49.999313306066796 ], [ 20.003567932208806, 49.999313297820848 ], [ 20.00356793697917, 49.999313289831001 ], [ 20.003567942906187, 49.999313282169638 ], [ 20.005535223700594, 49.997047090232073 ], [ 20.005535230729954, 49.997047082968436 ], [ 20.005535238798593, 49.997047076168407 ], [ 20.005535247833432, 49.997047069893561 ], [ 20.005535257752658, 49.99704706420075 ], [ 20.005535268466435, 49.997047059141529 ], [ 20.005535279877744, 49.997047054761687 ], [ 20.005535291883234, 49.997047051100893 ], [ 20.005535304374188, 49.997047048192321 ], [ 20.005535317237488, 49.997047046062299 ], [ 20.005535330356633, 49.997047044730117 ], [ 20.005535343612816, 49.997047044207832 ], [ 20.009563522010975, 49.997012063019703 ] ] ] } },
{ "type": "Feature", "properties": { "city_slug": "gdansk", "city_name": "Gdańsk" }, "geometry": { "type": "Polygon", "coordinates": [ [ [ 18.429540328121185, 54.381927559287483 ], [ 18.429540329732262, 54.381927561148437 ], [ 18.431732151058071, 54.384185395363851 ], [ 18.431732157669153, 54.384185402999314 ], [ 18.431732163006814, 54.384185410966992 ], [ 18.431732167022712, 54.384185419194743 ], [ 18.431732169680483, 54.384185427608045 ], [ 18.431732170956053, 54.384185436130707 ], [ 18.431732170837876, 54.384185444685556 ], [ 18.431732169327017, 54.384185453195101 ], [ 18.431732166437158, 54.384185461582291 ], [ 18.431732162194475, 54.384185469771182 ], [ 18.431732156637388, 54.384185477687581 ], [ 18.43173214981622, 54.38418548525982 ], [ 18.42947799431893, 54.386422353743917 ], [ 18.42947799265627, 54.386422355589417 ], [ 18.429477994267518, 54.386422357450364 ], [ 18.431670091966016, 54.388680234979915 ], [ 18.431670093873269, 54.388680236743042 ], [ 18.431670097440421, 54.388680236859038 ], [ 18.436116560040922, 54.388701082398356 ], [ 18.436116574677136, 54.388701082873787 ], [ 18.436116589169643, 54.388701084159024 ], [ 18.436116603387191, 54.388701086242421 ], [ 18.436116617201026, 54.38870108910514 ], [ 18.436116630486051, 54.388701092721199 ], [ 18.436116643121952, 54.388701097057897 ], [ 18.436116654994301, 54.388701102075949 ], [ 18.43611666599557, 54.388701107729922 ], [ 18.436116676026138, 54.388701113968587 ], [ 18.436116684995163, 54.388701120735455 ], [ 18.436116692821425, 54.388701127969263 ], [ 18.4383092343543, 54.390958841990162 ], [ 18.438309236261944, 54.390958843753182 ], [ 18.438309239829312, 54.390958843868987 ], [ 18.442755953830009, 54.390979445519676 ], [ 18.442755968467115, 54.390979445994311 ], [ 18.442755982960634, 54.390979447278752 ], [ 18.442755997179315, 54.390979449361367 ], [ 18.44275601099438, 54.390979452223313 ], [ 18.442756024280733, 54.390979455838661 ], [ 18.442756036918034, 54.390979460174663 ], [ 18.44275604879185, 54.390979465192068 ], [ 18.442756059794647, 54.39097947084543 ], [ 18.442756069826778, 54.39097947708354 ], [ 18.442756078797395, 54.390979483849932 ], [ 18.442756086625256, 54.390979491083293 ], [ 18.444949072039179, 54.393237041550542 ], [ 18.444949078654162, 54.393237049185274 ], [ 18.444949083995549, 54.393237057152355 ], [ 18.444949088014969, 54.393237065379672 ], [ 18.444949090676015, 54.393237073792676 ], [ 18.444949091954594, 54.393237082315203 ], [ 18.444949091839124, 54.393237090870038 ], [ 18.444949090330653, 54.39323709937976 ], [ 18.44494908744284, 54.393237107767241 ], [ 18.444949083201838, 54.393237115956602 ], [ 18.444949077646054, 54.393237123873597 ], [ 18.444949070825803, 54.393237131446575 ], [ 18.442695132930826, 54.395474243818448 ], [ 18.442695131268394, 54.395474245664111 ], [ 18.442695132880594, 54.395474247524895 ], [ 18.444888437071636, 54.39773188455478 ], [ 18.444888438979874, 54.397731886317679 ], [ 18.44488844254785, 54.397731886433299 ], [ 18.449335893958125, 54.397752247507931 ], [ 18.449335908597725, 54.397752247981778 ], [ 18.449335923093841, 54.397752249265423 ], [ 18.449335937315197, 54.397752251347278 ], [ 18.449335951133001, 54.397752254208477 ], [ 18.449335964422119, 54.397752257823093 ], [ 18.449335977062194, 54.397752262158427 ], [ 18.44933598893877, 54.397752267175164 ], [ 18.449335999944278, 54.397752272827937 ], [ 18.44933600997906, 54.397752279065514 ], [ 18.449336018952231, 54.397752285831388 ], [ 18.449336026782532, 54.397752293064336 ], [ 18.45152977505813, 54.4000097664699 ], [ 18.451529776966758, 54.400009768232707 ], [ 18.451529780534955, 54.400009768348134 ], [ 18.455977483287981, 54.40002988541147 ], [ 18.455977497928473, 54.4000298858845 ], [ 18.455977512425605, 54.400029887167349 ], [ 18.455977526648091, 54.400029889248437 ], [ 18.455977540467128, 54.400029892108869 ], [ 18.455977553757567, 54.400029895722753 ], [ 18.455977566399053, 54.40002990005739 ], [ 18.455977578277093, 54.400029905073495 ], [ 18.455977589284128, 54.40002991072565 ], [ 18.455977599320473, 54.40002991696268 ], [ 18.455977608295239, 54.400029923728077 ], [ 18.455977616127143, 54.400029930960578 ], [ 18.458171850612388, 54.402287283982922 ], [ 18.45817185252141, 54.402287285745622 ], [ 18.45817185608982, 54.402287285860858 ], [ 18.462619810121861, 54.402307158871601 ], [ 18.462619824763248, 54.402307159343835 ], [ 18.462619839261396, 54.402307160625902 ], [ 18.462619853485009, 54.40230716270618 ], [ 18.462619867305275, 54.402307165565865 ], [ 18.462619880597039, 54.402307169179025 ], [ 18.462619893239928, 54.402307173512959 ], [ 18.462619905119443, 54.402307178528417 ], [ 18.462619916128002, 54.402307184179975 ], [ 18.46261992616591, 54.402307190416437 ], [ 18.462619935142268, 54.402307197181344 ], [ 18.462619942975774, 54.402307204413425 ], [ 18.464814621652717, 54.404564393718303 ], [ 18.46481462827321, 54.404564401351919 ], [ 18.464814633619909, 54.404564409318141 ], [ 18.464814637644398, 54.40456441754479 ], [ 18.46481464031023, 54.404564425957346 ], [ 18.464814641593268, 54.404564434479646 ], [ 18.464814641481883, 54.404564443034509 ], [ 18.464814639977089, 54.404564451544452 ], [ 18.46481463709252, 54.404564459932416 ], [ 18.464814632854281, 54.404564468122452 ], [ 18.464814627300772, 54.404564476040363 ], [ 18.464814620482279, 54.404564483614443 ], [ 18.462561179187496, 54.406801920664712 ], [ 18.462561171164936, 54.406801927826244 ], [ 18.46256116201176, 54.406801934510462 ], [ 18.462561151810849, 54.406801940656884 ], [ 18.462561140654589, 54.406801946209811 ], [ 18.462561128644015, 54.406801951118958 ], [ 18.46256111588789, 54.40680195533988 ], [ 18.462561102501745, 54.406801958834336 ], [ 18.462561088606797, 54.406801961570686 ], [ 18.462561074328892, 54.406801963524153 ], [ 18.46256105979732, 54.406801964677044 ], [ 18.462561045143691, 54.406801965018921 ], [ 18.45811269006764, 54.406782089116511 ], [ 18.458112675424715, 54.406782088643737 ], [ 18.458112660925135, 54.40678208736113 ], [ 18.458112646700204, 54.406782085280305 ], [ 18.458112632878755, 54.406782082420108 ], [ 18.458112619585943, 54.406782078806444 ], [ 18.458112606942166, 54.406782074472041 ], [ 18.458112595061912, 54.406782069456149 ], [ 18.458112584052781, 54.406782063804194 ], [ 18.458112574014468, 54.406782057567341 ], [ 18.458112565037887, 54.406782050802114 ], [ 18.458112557204327, 54.406782043569741 ], [ 18.455918087726236, 54.404524690604752 ], [ 18.45591808581721, 54.404524688842024 ], [ 18.455918082248612, 54.404524688726724 ], [ 18.45146980792153, 54.404504567964651 ], [ 18.4514698043503, 54.404504568047649 ], [ 18.451469802394652, 54.404504569792898 ], [ 18.449215596482336, 54.406741799066744 ], [ 18.449215588457474, 54.406741806227373 ], [ 18.449215579302145, 54.406741812910589 ], [ 18.449215569099259, 54.406741819055867 ], [ 18.449215557941223, 54.40674182460755 ], [ 18.449215545929079, 54.406741829515376 ], [ 18.449215533171618, 54.406741833734884 ], [ 18.449215519784367, 54.406741837227848 ], [ 18.44921550588856, 54.406741839962677 ], [ 18.449215491610051, 54.406741841914553 ], [ 18.449215477078141, 54.406741843065838 ], [ 18.44921546242443, 54.406741843406103 ], [ 18.44476712376937, 54.406721476013672 ], [ 18.444767109126634, 54.406721475539278 ], [ 18.444767094627498, 54.406721474255079 ], [ 18.444767080403281, 54.406721472172677 ], [ 18.444767066582788, 54.406721469310966 ], [ 18.44476705329118, 54.406721465695838 ], [ 18.444767040648838, 54.406721461360036 ], [ 18.444767028770237, 54.406721456342844 ], [ 18.444767017762967, 54.406721450689659 ], [ 18.4447670077267, 54.406721444451712 ], [ 18.444766998752335, 54.406721437685491 ], [ 18.444766990921142, 54.406721430452265 ], [ 18.442573259265789, 54.404463836751084 ], [ 18.442573257357338, 54.404463834988142 ], [ 18.442573253788787, 54.404463834872452 ], [ 18.438124996080745, 54.404443222643998 ], [ 18.438124992509493, 54.404443222726613 ], [ 18.438124990553284, 54.404443224471635 ], [ 18.435870020200767, 54.40668024583919 ], [ 18.435870018537571, 54.406680247684754 ], [ 18.435870020149899, 54.406680249545623 ], [ 18.438063500192143, 54.408937963569258 ], [ 18.438063506808351, 54.408937971204359 ], [ 18.438063512150421, 54.408937979171725 ], [ 18.438063516169976, 54.408937987399248 ], [ 18.438063518830603, 54.40893799581238 ], [ 18.438063520108219, 54.408938004334928 ], [ 18.438063519991253, 54.408938012889756 ], [ 18.438063518480757, 54.408938021399365 ], [ 18.438063515590414, 54.408938029786661 ], [ 18.4380635113464, 54.408938037975737 ], [ 18.438063505787149, 54.408938045892391 ], [ 18.438063498963007, 54.408938053464951 ], [ 18.435808320168171, 54.411175028521058 ], [ 18.435808318504787, 54.411175030366628 ], [ 18.435808320117289, 54.41117503222749 ], [ 18.438002077015696, 54.413432789545801 ], [ 18.438002078924363, 54.413432791308814 ], [ 18.438002082493679, 54.41343279142464 ], [ 18.442451227845982, 54.413453410052497 ], [ 18.442451242491089, 54.413453410527175 ], [ 18.44245125699252, 54.413453411811666 ], [ 18.44245127121895, 54.413453413894338 ], [ 18.442451285041539, 54.413453416756326 ], [ 18.442451298335111, 54.413453420371702 ], [ 18.44245131097928, 54.413453424707747 ], [ 18.442451322859533, 54.413453429725173 ], [ 18.442451333868277, 54.413453435378557 ], [ 18.442451343905827, 54.413453441616696 ], [ 18.442451352881275, 54.413453448383088 ], [ 18.442451360713331, 54.413453455616455 ], [ 18.444645520074467, 54.415711005989991 ], [ 18.444645526692984, 54.415711013624716 ], [ 18.444645532037203, 54.41571102159179 ], [ 18.444645536058729, 54.415711029819072 ], [ 18.444645538721137, 54.415711038232061 ], [ 18.444645540000316, 54.415711046754566 ], [ 18.444645539884693, 54.415711055309373 ], [ 18.444645538375298, 54.415711063819053 ], [ 18.444645535485812, 54.415711072206513 ], [ 18.444645531242401, 54.415711080395809 ], [ 18.444645525683494, 54.415711088312754 ], [ 18.444645518859424, 54.415711095885676 ], [ 18.442390366480392, 54.417948148388554 ], [ 18.44239035845214, 54.417948155548707 ], [ 18.442390349293195, 54.417948162231383 ], [ 18.442390339086501, 54.417948168376071 ], [ 18.442390327924493, 54.417948173927108 ], [ 18.442390315908256, 54.41794817883423 ], [ 18.442390303146606, 54.417948183052999 ], [ 18.442390289755124, 54.417948186545189 ], [ 18.442390275855075, 54.417948189279201 ], [ 18.442390261572349, 54.41794819123028 ], [ 18.442390247036286, 54.417948192380734 ], [ 18.442390232378532, 54.417948192720146 ], [ 18.437940600354867, 54.417927570694623 ], [ 18.437940596782447, 54.417927570777223 ], [ 18.437940594825584, 54.417927572522252 ], [ 18.435684869208657, 54.420164583643121 ], [ 18.4356848675449, 54.420164585488678 ], [ 18.435684869157743, 54.420164587349539 ], [ 18.437879095831633, 54.422422344672469 ], [ 18.437879097740709, 54.422422346435482 ], [ 18.437879101310809, 54.422422346551301 ], [ 18.442329220139623, 54.422442971975222 ], [ 18.44232923478793, 54.422442972449922 ], [ 18.442329249292531, 54.422442973734434 ], [ 18.442329263522065, 54.42244297581712 ], [ 18.442329277347664, 54.422442978679122 ], [ 18.442329290644132, 54.42244298229452 ], [ 18.442329303291046, 54.422442986630571 ], [ 18.442329315173875, 54.422442991648005 ], [ 18.442329326185007, 54.422442997301395 ], [ 18.442329336224724, 54.422443003539541 ], [ 18.442329345202104, 54.42244301030594 ], [ 18.442329353035849, 54.422443017539308 ], [ 18.444524024508887, 54.424700611169257 ], [ 18.444524026418353, 54.42470061293217 ], [ 18.444524029988671, 54.424700613047804 ], [ 18.44897440064376, 54.424720994260987 ], [ 18.448974415292962, 54.424720994734884 ], [ 18.448974429798579, 54.4247209960186 ], [ 18.448974444029243, 54.424720998100497 ], [ 18.448974457856082, 54.424721000961753 ], [ 18.448974471153871, 54.424721004576405 ], [ 18.448974483802189, 54.424721008911781 ], [ 18.448974495686496, 54.424721013928554 ], [ 18.448974506699152, 54.424721019581348 ], [ 18.448974516740439, 54.424721025818947 ], [ 18.448974525719411, 54.424721032584841 ], [ 18.448974533554757, 54.42472103981779 ], [ 18.451169649873723, 54.426978469709681 ], [ 18.451169656495257, 54.426978477344051 ], [ 18.451169661842194, 54.426978485310826 ], [ 18.451169665866114, 54.426978493537902 ], [ 18.451169668530575, 54.426978501950714 ], [ 18.451169669811446, 54.426978510473134 ], [ 18.451169669697126, 54.426978519027934 ], [ 18.451169668188658, 54.426978527537678 ], [ 18.451169665299691, 54.426978535925272 ], [ 18.451169661056401, 54.426978544114789 ], [ 18.451169655497207, 54.426978552032018 ], [ 18.451169648672455, 54.426978559605288 ], [ 18.448914184643058, 54.429215772007424 ], [ 18.448914182979525, 54.429215773853173 ], [ 18.448914184593324, 54.42921577571385 ], [ 18.451109578250509, 54.431473248858993 ], [ 18.45110958487275, 54.431473256493348 ], [ 18.451109590220256, 54.431473264460138 ], [ 18.451109594244599, 54.431473272687207 ], [ 18.45110959690933, 54.431473281100025 ], [ 18.451109598190325, 54.431473289622417 ], [ 18.451109598075973, 54.431473298177238 ], [ 18.451109596567321, 54.431473306686975 ], [ 18.451109593678023, 54.431473315074562 ], [ 18.451109589434246, 54.431473323264058 ], [ 18.451109583874427, 54.43147333118128 ], [ 18.451109577048911, 54.431473338754536 ], [ 18.44885390444453, 54.433710504881816 ], [ 18.448853896414299, 54.433710512042381 ], [ 18.44885388725287, 54.433710518725526 ], [ 18.448853877043206, 54.433710524870733 ], [ 18.448853865877766, 54.433710530422346 ], [ 18.448853853857671, 54.433710535330086 ], [ 18.448853841091772, 54.433710539549516 ], [ 18.448853827695686, 54.433710543042402 ], [ 18.448853813790723, 54.43371054577716 ], [ 18.44885379950281, 54.433710547728964 ], [ 18.448853784961337, 54.433710548880178 ], [ 18.448853770298005, 54.433710549220372 ], [ 18.444402425490861, 54.433690161288474 ], [ 18.444402421917079, 54.433690161371246 ], [ 18.444402419959733, 54.433690163116381 ], [ 18.442146216892624, 54.435927244935534 ], [ 18.442146208860795, 54.435927252095652 ], [ 18.442146199697781, 54.435927258778278 ], [ 18.442146189486561, 54.43592726492291 ], [ 18.442146178319614, 54.435927270473904 ], [ 18.442146166298073, 54.435927275380962 ], [ 18.4421461535308, 54.435927279599682 ], [ 18.442146140133421, 54.435927283091821 ], [ 18.442146126227264, 54.435927285825791 ], [ 18.442146111938264, 54.435927287776813 ], [ 18.442146097395828, 54.435927288927211 ], [ 18.44214608273165, 54.435927289266587 ], [ 18.437694502684092, 54.435906653643023 ], [ 18.437694499110108, 54.43590665372561 ], [ 18.437694497152371, 54.435906655470632 ], [ 18.435437763535244, 54.438143652925177 ], [ 18.435437761870741, 54.438143654770727 ], [ 18.435437763484277, 54.438143656631588 ], [ 18.437632930474429, 54.440401413969205 ], [ 18.437632932384325, 54.440401415732218 ], [ 18.437632935955989, 54.440401415848051 ], [ 18.442085003344385, 54.440422054872975 ], [ 18.442085017999101, 54.440422055347732 ], [ 18.442085032510036, 54.440422056632279 ], [ 18.442085046745788, 54.440422058715001 ], [ 18.442085060577419, 54.440422061577053 ], [ 18.442085073879671, 54.440422065192465 ], [ 18.442085086532085, 54.440422069528537 ], [ 18.442085098420076, 54.440422074546007 ], [ 18.442085109435975, 54.440422080199411 ], [ 18.442085119480033, 54.440422086437579 ], [ 18.442085128461287, 54.440422093203971 ], [ 18.442085136298392, 54.440422100437345 ], [ 18.444280748605451, 54.442679694004056 ], [ 18.444280750515738, 54.442679695766969 ], [ 18.444280754087618, 54.442679695882603 ], [ 18.448733073582698, 54.44270009053615 ], [ 18.448733088238313, 54.442700091010089 ], [ 18.448733102750271, 54.442700092293848 ], [ 18.44873311698715, 54.442700094375788 ], [ 18.448733130820013, 54.442700097237072 ], [ 18.448733144123597, 54.442700100851759 ], [ 18.448733156777418, 54.442700105187143 ], [ 18.448733168666884, 54.442700110203951 ], [ 18.448733179684314, 54.442700115856752 ], [ 18.448733189729939, 54.442700122094358 ], [ 18.448733198712787, 54.44270012886026 ], [ 18.448733206551498, 54.442700136093208 ], [ 18.450929306336569, 54.444957609132324 ], [ 18.450929308247247, 54.444957610895138 ], [ 18.450929311819344, 54.444957611010587 ], [ 18.455381883357187, 54.444977761251337 ], [ 18.455381898013695, 54.444977761724481 ], [ 18.455381912526672, 54.444977763007429 ], [ 18.45538192676468, 54.444977765088588 ], [ 18.455381940598784, 54.444977767949119 ], [ 18.455381953903693, 54.444977771563074 ], [ 18.455381966558924, 54.444977775897769 ], [ 18.455381978449861, 54.444977780913923 ], [ 18.455381989468822, 54.44497778656612 ], [ 18.455381999516014, 54.444977792803165 ], [ 18.455382008500454, 54.444977799568591 ], [ 18.455382016340778, 54.444977806801106 ], [ 18.457578603673991, 54.447235159262092 ], [ 18.457578605585059, 54.4472351610248 ], [ 18.457578609157377, 54.447235161140043 ], [ 18.46203151806046, 54.447255067306777 ], [ 18.462031521635392, 54.44725506722348 ], [ 18.462031523592639, 54.447255065478075 ], [ 18.464287272184855, 54.445017615521039 ], [ 18.464287280214624, 54.445017608359464 ], [ 18.464287289376088, 54.445017601675175 ], [ 18.464287299586271, 54.445017595528668 ], [ 18.46428731075272, 54.445017589975642 ], [ 18.4642873227743, 54.445017585066381 ], [ 18.464287335542146, 54.445017580845338 ], [ 18.464287348940626, 54.445017577350747 ], [ 18.46428736284841, 54.445017574614226 ], [ 18.464287377139541, 54.44501757266061 ], [ 18.464287391684596, 54.445017571507542 ], [ 18.464287406351861, 54.445017571165479 ], [ 18.468739994162071, 54.445037229212808 ], [ 18.468739997736797, 54.445037229129319 ], [ 18.468739999693653, 54.445037227383786 ], [ 18.470995303975712, 54.442799607378838 ], [ 18.470995305638812, 54.442799605532798 ], [ 18.470995304023479, 54.442799603672412 ], [ 18.468798213000881, 54.440542492332504 ], [ 18.468798206373894, 54.440542484699108 ], [ 18.468798201021784, 54.440542476733121 ], [ 18.468798196993014, 54.440542468506642 ], [ 18.468798194324076, 54.440542460094221 ], [ 18.468798193039142, 54.440542451572 ], [ 18.468798193149841, 54.440542443017186 ], [ 18.468798194655175, 54.440542434507236 ], [ 18.468798197541513, 54.440542426119229 ], [ 18.468798201782715, 54.440542417929116 ], [ 18.468798207340367, 54.440542410011084 ], [ 18.468798214164146, 54.440542402436826 ], [ 18.471053180247605, 54.438304864933258 ], [ 18.471053188274876, 54.438304857771236 ], [ 18.471053197433733, 54.438304851086407 ], [ 18.471053207641233, 54.438304844939317 ], [ 18.47105321880494, 54.438304839385644 ], [ 18.471053230823742, 54.438304834475701 ], [ 18.471053243588806, 54.438304830253941 ], [ 18.471053256984526, 54.438304826758575 ], [ 18.471053270889584, 54.438304824021287 ], [ 18.471053285178058, 54.43830482206684 ], [ 18.471053299720548, 54.438304820912954 ], [ 18.471053314385362, 54.438304820570089 ], [ 18.475505178995896, 54.438324227722042 ], [ 18.475505182570025, 54.43832422763834 ], [ 18.47550518452627, 54.4383242258927 ], [ 18.477759706497576, 54.436086518413745 ], [ 18.477759714523245, 54.436086511251261 ], [ 18.477759723680517, 54.436086504565907 ], [ 18.477759733886462, 54.436086498418256 ], [ 18.477759745048658, 54.436086492863964 ], [ 18.477759757066014, 54.436086487953354 ], [ 18.477759769829699, 54.436086483730868 ], [ 18.477759783224126, 54.436086480234771 ], [ 18.477759797127991, 54.436086477496694 ], [ 18.477759811415382, 54.436086475541458 ], [ 18.477759825956905, 54.436086474386762 ], [ 18.477759840620873, 54.436086474043066 ], [ 18.482211384085375, 54.436105633213486 ], [ 18.48221139873905, 54.436105633683361 ], [ 18.482211413249747, 54.436105634963091 ], [ 18.482211427486064, 54.436105637041095 ], [ 18.48221144131907, 54.436105639898543 ], [ 18.482211454623489, 54.436105643509563 ], [ 18.482211467278837, 54.436105647841451 ], [ 18.482211479170509, 54.436105652854955 ], [ 18.482211490190807, 54.436105658504729 ], [ 18.482211500239927, 54.436105664739564 ], [ 18.482211509226872, 54.436105671503 ], [ 18.482211517070247, 54.436105678733789 ], [ 18.484409111245945, 54.438362548908408 ], [ 18.48440911315776, 54.438362550670696 ], [ 18.484409116729385, 54.438362550785151 ], [ 18.488861082368231, 54.438381466226929 ], [ 18.488861085942343, 54.438381466142829 ], [ 18.488861087898023, 54.438381464396976 ], [ 18.49111492987392, 54.436143463268941 ], [ 18.491114931535844, 54.436143461422617 ], [ 18.49111492991986, 54.436143459562487 ], [ 18.488917084368627, 54.433886709987014 ], [ 18.488917077738957, 54.433886702354719 ], [ 18.488917072383799, 54.433886694389592 ], [ 18.48891706835164, 54.433886686163781 ], [ 18.488917065679001, 54.433886677751779 ], [ 18.488917064390087, 54.433886669229757 ], [ 18.488917064496569, 54.433886660674901 ], [ 18.488917065997484, 54.433886652164695 ], [ 18.488917068879239, 54.433886643776191 ], [ 18.488917073115733, 54.433886635585353 ], [ 18.488917078668603, 54.433886627666361 ], [ 18.488917085487564, 54.433886620090952 ], [ 18.491170589723023, 54.431648701541675 ], [ 18.491170597745484, 54.431648694378282 ], [ 18.491170606899583, 54.431648687691911 ], [ 18.491170617102423, 54.431648681543109 ], [ 18.4911706282616, 54.431648675987574 ], [ 18.49117064027606, 54.431648671075607 ], [ 18.491170653036992, 54.431648666851707 ], [ 18.49117066642884, 54.431648663354103 ], [ 18.491170680330313, 54.431648660614485 ], [ 18.49117069461553, 54.43164865865765 ], [ 18.491170709155114, 54.431648657501349 ], [ 18.49117072381739, 54.431648657156025 ], [ 18.495621880870772, 54.431667321580122 ], [ 18.495621884444283, 54.431667321495816 ], [ 18.495621886399356, 54.431667319749863 ], [ 18.49787494668692, 54.429429231370214 ], [ 18.497874954707775, 54.429429224206366 ], [ 18.497874963860294, 54.429429217519491 ], [ 18.497874974061578, 54.429429211370106 ], [ 18.497874985219248, 54.42942920581396 ], [ 18.497874997232259, 54.429429200901318 ], [ 18.497875009991816, 54.429429196676693 ], [ 18.497875023382367, 54.42942919317835 ], [ 18.49787503728265, 54.429429190437951 ], [ 18.497875051566776, 54.429429188480334 ], [ 18.49787506610539, 54.429429187323215 ], [ 18.497875080766825, 54.429429186977067 ], [ 18.502326001828113, 54.429447603904748 ], [ 18.502326005401422, 54.42944760382025 ], [ 18.502326007356103, 54.429447602074184 ], [ 18.504578580544013, 54.427209386829183 ], [ 18.50457858856327, 54.427209379664902 ], [ 18.5045785977142, 54.427209372977494 ], [ 18.504578607913931, 54.42720936682754 ], [ 18.504578619070092, 54.427209361270776 ], [ 18.504578631081653, 54.427209356357466 ], [ 18.504578643839835, 54.427209352132131 ], [ 18.5045786572291, 54.427209348633028 ], [ 18.504578671128183, 54.427209345891853 ], [ 18.504578685411225, 54.427209343933455 ], [ 18.504578699948869, 54.427209342775512 ], [ 18.504578714609462, 54.427209342428554 ], [ 18.509029399608877, 54.427227511899602 ], [ 18.50902940318198, 54.427227511814912 ], [ 18.509029405136275, 54.427227510068732 ], [ 18.51128149128871, 54.424989168009134 ], [ 18.511281499306364, 54.424989160844405 ], [ 18.51128150845571, 54.424989154156485 ], [ 18.511281518653888, 54.42498914800597 ], [ 18.511281529808542, 54.42498914244856 ], [ 18.511281541818651, 54.424989137534581 ], [ 18.511281554575458, 54.424989133308529 ], [ 18.511281567963426, 54.424989129808694 ], [ 18.511281581861322, 54.424989127066752 ], [ 18.511281596143274, 54.424989125107544 ], [ 18.511281610679944, 54.424989123948798 ], [ 18.511281625339695, 54.42498912360103 ], [ 18.515732074207524, 54.425007045655228 ], [ 18.51573207778042, 54.425007045570325 ], [ 18.515732079734324, 54.425007043824046 ], [ 18.517983678915485, 54.42276857500061 ], [ 18.517983686931537, 54.422768567835412 ], [ 18.517983696079298, 54.422768561146995 ], [ 18.51798370627592, 54.422768554995905 ], [ 18.517983717429065, 54.422768549437869 ], [ 18.517983729437731, 54.42276854452323 ], [ 18.517983742193159, 54.422768540296467 ], [ 18.517983755579838, 54.422768536795886 ], [ 18.517983769476533, 54.422768534053155 ], [ 18.517983783757401, 54.422768532093158 ], [ 18.517983798293105, 54.422768530933602 ], [ 18.517983812952007, 54.42276853058501 ], [ 18.522433940282191, 54.422786204924805 ], [ 18.5224339549316, 54.422786205389798 ], [ 18.522433969438875, 54.422786206664689 ], [ 18.522433983672641, 54.422786208737953 ], [ 18.522433997503992, 54.422786211590797 ], [ 18.522434010807668, 54.422786215197405 ], [ 18.522434023463187, 54.422786219525072 ], [ 18.522434035355946, 54.422786224534661 ], [ 18.522434046378233, 54.422786230180762 ], [ 18.522434056430235, 54.422786236412271 ], [ 18.522434065420917, 54.42278624317273 ], [ 18.522434073268858, 54.422786250400939 ], [ 18.524633173688223, 54.425042396815762 ], [ 18.524633175601153, 54.425042398577411 ], [ 18.524633179171737, 54.425042398690678 ], [ 18.529083642477058, 54.425059828905773 ], [ 18.529083657127355, 54.425059829369964 ], [ 18.529083671635647, 54.425059830644059 ], [ 18.529083685870543, 54.425059832716542 ], [ 18.529083699703122, 54.425059835568625 ], [ 18.52908371300812, 54.42505983917448 ], [ 18.529083725665046, 54.425059843501479 ], [ 18.529083737559276, 54.425059848510401 ], [ 18.529083748583087, 54.425059854155904 ], [ 18.529083758636656, 54.425059860386853 ], [ 18.529083767628933, 54.425059867146828 ], [ 18.529083775478476, 54.425059874374597 ], [ 18.531283362874497, 54.427315899850967 ], [ 18.531283364787818, 54.427315901612516 ], [ 18.531283368358622, 54.427315901725585 ], [ 18.53573416758449, 54.427333087762221 ], [ 18.535734171157547, 54.427333087676729 ], [ 18.535734173110711, 54.42733308593013 ], [ 18.537984812575328, 54.425094243328765 ], [ 18.537984820588353, 54.425094236162252 ], [ 18.537984829733386, 54.4250942294723 ], [ 18.537984839927603, 54.425094223319526 ], [ 18.537984851078686, 54.425094217759636 ], [ 18.537984863085651, 54.425094212843007 ], [ 18.537984875839758, 54.425094208614127 ], [ 18.537984889225502, 54.425094205111321 ], [ 18.537984903121664, 54.42509420236631 ], [ 18.537984917402397, 54.425094200403933 ], [ 18.537984931938375, 54.425094199241983 ], [ 18.537984946597952, 54.425094198890967 ], [ 18.542435423939271, 54.425111137257197 ], [ 18.542435427512121, 54.425111137171513 ], [ 18.542435429464899, 54.425111135424785 ], [ 18.544685581947626, 54.422872166220891 ], [ 18.544685589959052, 54.422872159053917 ], [ 18.544685599102497, 54.422872152363453 ], [ 18.544685609295161, 54.422872146210103 ], [ 18.544685620444739, 54.422872140649602 ], [ 18.54468563245025, 54.422872135732305 ], [ 18.544685645202982, 54.422872131502714 ], [ 18.544685658587433, 54.422872127999163 ], [ 18.544685672482402, 54.42287212525337 ], [ 18.544685686762044, 54.422872123290205 ], [ 18.544685701297045, 54.422872122127451 ], [ 18.544685715955776, 54.422872121775612 ], [ 18.549135871352011, 54.422888812523894 ], [ 18.549135886001778, 54.42288881298564 ], [ 18.549135900509938, 54.422888814257327 ], [ 18.549135914745104, 54.422888816327443 ], [ 18.549135928578359, 54.422888819177238 ], [ 18.54913594188443, 54.422888822780898 ], [ 18.549135954542809, 54.422888827105787 ], [ 18.549135966438868, 54.422888832112733 ], [ 18.549135977464864, 54.422888837756418 ], [ 18.549135987520955, 54.42288884398571 ], [ 18.549135996516064, 54.422888850744201 ], [ 18.549136004368734, 54.422888857970676 ], [ 18.551336579563582, 54.425144520993506 ], [ 18.551336581477663, 54.425144522754728 ], [ 18.551336585048332, 54.425144522867207 ], [ 18.555787076023801, 54.425160969387484 ], [ 18.555787090674457, 54.425160969848434 ], [ 18.555787105183629, 54.425160971119325 ], [ 18.555787119419922, 54.42516097318866 ], [ 18.555787133254405, 54.425160976037702 ], [ 18.555787146561801, 54.425160979640616 ], [ 18.555787159221584, 54.425160983964815 ], [ 18.55578717111911, 54.425160988971115 ], [ 18.555787182146634, 54.425160994614181 ], [ 18.555787192204292, 54.42516100084292 ], [ 18.555787201200992, 54.42516100760092 ], [ 18.555787209055268, 54.425161014826955 ], [ 18.557988271237086, 54.427416556748483 ], [ 18.557988273151558, 54.427416558509599 ], [ 18.557988276722444, 54.427416558621879 ], [ 18.562439103222385, 54.427432760860427 ], [ 18.562439106795399, 54.42743276077416 ], [ 18.562439108747441, 54.427432759027113 ], [ 18.564688300689635, 54.425193416363513 ], [ 18.564688308698031, 54.425193409195209 ], [ 18.564688317838748, 54.425193402503233 ], [ 18.564688328029003, 54.425193396348206 ], [ 18.564688339176509, 54.425193390785843 ], [ 18.564688351180322, 54.42519338586655 ], [ 18.564688363931726, 54.425193381634841 ], [ 18.564688377315242, 54.425193378129087 ], [ 18.564688391209671, 54.425193375380992 ], [ 18.564688405489179, 54.42519337341546 ], [ 18.564688420024449, 54.425193372250284 ], [ 18.564688434683848, 54.425193371896036 ], [ 18.569138853549976, 54.425209326256436 ], [ 18.569138868200806, 54.425209326715759 ], [ 18.569138882710416, 54.425209327985051 ], [ 18.569138896947404, 54.425209330052816 ], [ 18.56913891078284, 54.425209332900323 ], [ 18.569138924091426, 54.425209336501766 ], [ 18.56913893675264, 54.425209340824573 ], [ 18.569138948651815, 54.425209345829558 ], [ 18.569138959681194, 54.425209351471416 ], [ 18.569138969740891, 54.425209357699053 ], [ 18.569138978739808, 54.425209364456059 ], [ 18.569138986596446, 54.425209371681234 ], [ 18.571340785881166, 54.427464671640486 ], [ 18.571340787796213, 54.427464673401388 ], [ 18.571340791367142, 54.427464673513285 ], [ 18.575791545554697, 54.427480383548229 ], [ 18.575791560206415, 54.427480384006763 ], [ 18.575791574717037, 54.42748038527526 ], [ 18.575791588955152, 54.427480387342236 ], [ 18.575791602791817, 54.427480390188975 ], [ 18.575791616101728, 54.4274803937897 ], [ 18.575791628764343, 54.427480398111804 ], [ 18.575791640664988, 54.427480403116142 ], [ 18.575791651695891, 54.427480408757397 ], [ 18.575791661757155, 54.42748041498448 ], [ 18.575791670757663, 54.427480421740981 ], [ 18.575791678615904, 54.427480428965723 ], [ 18.577993964961891, 54.429735607691711 ], [ 18.57799396687733, 54.429735609452528 ], [ 18.577993970448478, 54.429735609564204 ], [ 18.582444974550992, 54.429751074925036 ], [ 18.582444989203601, 54.429751075382768 ], [ 18.58244500371524, 54.429751076650462 ], [ 18.58244501795448, 54.429751078716663 ], [ 18.582445031792375, 54.429751081562642 ], [ 18.582445045103601, 54.429751085162628 ], [ 18.582445057767622, 54.429751089484036 ], [ 18.582445069669735, 54.42975109448772 ], [ 18.582445080702168, 54.42975110012835 ], [ 18.582445090764999, 54.429751106354878 ], [ 18.582445099767096, 54.429751113110889 ], [ 18.582445107626942, 54.429751120335212 ], [ 18.584647881103542, 54.432006177777396 ], [ 18.584647883019372, 54.432006179538099 ], [ 18.584647886590737, 54.432006179649584 ], [ 18.589099140543595, 54.432021400295127 ], [ 18.58909915519709, 54.432021400752049 ], [ 18.589099169709737, 54.432021402018947 ], [ 18.589099183950104, 54.432021404084367 ], [ 18.589099197789228, 54.432021406929586 ], [ 18.589099211101779, 54.432021410528833 ], [ 18.589099223767196, 54.432021414849544 ], [ 18.589099235670787, 54.432021419852575 ], [ 18.589099246704741, 54.432021425492607 ], [ 18.589099256769138, 54.432021431718567 ], [ 18.58909926577283, 54.432021438474102 ], [ 18.589099273634282, 54.432021445697977 ], [ 18.591302534310806, 54.434276381805802 ], [ 18.591302536227026, 54.434276383566406 ], [ 18.591302539798608, 54.434276383677705 ], [ 18.595754128898285, 54.434291359852409 ], [ 18.595754132471832, 54.43429135976514 ], [ 18.595754134422783, 54.434291358017546 ], [ 18.598001933342733, 54.432051352375652 ], [ 18.598001934999694, 54.432051350527843 ], [ 18.59800193337902, 54.432051348669141 ], [ 18.595798422983798, 54.429796533475177 ], [ 18.595798416334894, 54.429796525848701 ], [ 18.59579841095951, 54.429796517888278 ], [ 18.595798406906326, 54.429796509665998 ], [ 18.595798404212044, 54.42979650125632 ], [ 18.595798402901064, 54.429796492735406 ], [ 18.595798402985267, 54.429796484180414 ], [ 18.595798404463885, 54.429796475668837 ], [ 18.595798407323525, 54.429796467277747 ], [ 18.595798411538293, 54.429796459083114 ], [ 18.595798417070018, 54.429796451159191 ], [ 18.595798423868604, 54.429796443577708 ], [ 18.598045886936664, 54.427556520923211 ], [ 18.598045894939709, 54.427556513752691 ], [ 18.59804590407553, 54.427556507058192 ], [ 18.598045914261387, 54.427556500900337 ], [ 18.598045925405035, 54.427556495334898 ], [ 18.598045937405558, 54.427556490412272 ], [ 18.598045950154276, 54.42755648617706 ], [ 18.598045963535736, 54.427556482667597 ], [ 18.59804597742875, 54.427556479915658 ], [ 18.598045991707501, 54.42755647794619 ], [ 18.598046006242686, 54.427556476777013 ], [ 18.598046020902661, 54.427556476418701 ], [ 18.602496799953236, 54.427571202652238 ], [ 18.602496803526186, 54.427571202564785 ], [ 18.60249680547653, 54.427571200817098 ], [ 18.604743824574104, 54.42533110896008 ], [ 18.604743832575551, 54.425331101789119 ], [ 18.604743841709784, 54.425331095094101 ], [ 18.604743851894085, 54.425331088935678 ], [ 18.604743863036227, 54.425331083369628 ], [ 18.604743875035297, 54.425331078446327 ], [ 18.604743887782636, 54.425331074210405 ], [ 18.604743901162795, 54.425331070700203 ], [ 18.604743915054613, 54.425331067947489 ], [ 18.604743929332276, 54.425331065977232 ], [ 18.604743943866481, 54.425331064807239 ], [ 18.60474395852561, 54.425331064448116 ], [ 18.609194500021168, 54.425345543537127 ], [ 18.609194503593915, 54.42534554344946 ], [ 18.609194505543865, 54.425345541701667 ], [ 18.611441037635643, 54.423105323645565 ], [ 18.611441045635484, 54.42310531647415 ], [ 18.611441054768132, 54.423105309778627 ], [ 18.611441064950878, 54.423105303619622 ], [ 18.611441076091509, 54.423105298052945 ], [ 18.61144108808913, 54.423105293129005 ], [ 18.611441100835091, 54.423105288892366 ], [ 18.61144111421396, 54.423105285381396 ], [ 18.611441128104573, 54.423105282627915 ], [ 18.611441142381146, 54.423105280656863 ], [ 18.611441156914378, 54.423105279486073 ], [ 18.611441171572654, 54.423105279126126 ], [ 18.615891475444041, 54.423119511110542 ], [ 18.615891479016579, 54.423119511022691 ], [ 18.615891480966141, 54.423119509274777 ], [ 18.618137569184217, 54.42087912210954 ], [ 18.618137570839814, 54.420879120261453 ], [ 18.618137569218671, 54.420879118403022 ], [ 18.615933548164371, 54.418624665484039 ], [ 18.615933541513524, 54.418624657858665 ], [ 18.615933536135682, 54.418624649899122 ], [ 18.615933532079556, 54.418624641677489 ], [ 18.61593352938187, 54.418624633268237 ], [ 18.615933528067064, 54.41862462474753 ], [ 18.615933528147036, 54.418624616192503 ], [ 18.615933529621071, 54.418624607680641 ], [ 18.615933532475811, 54.418624599289046 ], [ 18.615933536685411, 54.418624591093703 ], [ 18.615933542211739, 54.418624583168835 ], [ 18.615933549004755, 54.418624575586186 ], [ 18.618179301907407, 54.416384271485398 ], [ 18.618179309904761, 54.416384264313521 ], [ 18.618179319034812, 54.416384257617473 ], [ 18.618179329214883, 54.416384251457906 ], [ 18.618179340352775, 54.41638424589059 ], [ 18.618179352347628, 54.416384240965954 ], [ 18.618179365090807, 54.416384236728604 ], [ 18.618179378466913, 54.416384233216903 ], [ 18.618179392354808, 54.416384230462626 ], [ 18.61817940662872, 54.416384228490763 ], [ 18.618179421159386, 54.416384227319149 ], [ 18.618179435815211, 54.416384226958392 ], [ 18.622629015183986, 54.41639820957387 ], [ 18.622629018755926, 54.416398209485813 ], [ 18.622629020704881, 54.416398207737785 ], [ 18.624874329932364, 54.414157734600074 ], [ 18.624874337928119, 54.414157727427749 ], [ 18.624874347056586, 54.414157720731197 ], [ 18.624874357235104, 54.414157714571047 ], [ 18.624874368371483, 54.414157709003113 ], [ 18.624874380364886, 54.414157704077809 ], [ 18.624874393106687, 54.414157699839734 ], [ 18.624874406481496, 54.414157696327287 ], [ 18.62487442036819, 54.414157693572264 ], [ 18.624874434641015, 54.414157691599584 ], [ 18.624874449170704, 54.414157690427167 ], [ 18.62487446382568, 54.414157690065608 ], [ 18.629323805496924, 54.414171425697134 ], [ 18.629323809068655, 54.414171425608878 ], [ 18.629323811017219, 54.414171423860736 ], [ 18.631568633567074, 54.411930824696803 ], [ 18.631568641561227, 54.411930817524038 ], [ 18.631568650688109, 54.411930810826973 ], [ 18.631568660865071, 54.411930804666248 ], [ 18.631568671999947, 54.411930799097689 ], [ 18.631568683991894, 54.411930794171717 ], [ 18.631568696732316, 54.411930789932939 ], [ 18.631568710105832, 54.411930786419752 ], [ 18.631568723991329, 54.411930783663948 ], [ 18.631568738263059, 54.411930781690486 ], [ 18.631568752791775, 54.411930780517253 ], [ 18.631568767445902, 54.411930780154869 ], [ 18.636017871350628, 54.411944268842404 ], [ 18.636017874922153, 54.411944268753935 ], [ 18.63601787687033, 54.411944267005694 ], [ 18.638262212807369, 54.409703541866236 ], [ 18.63826222079992, 54.409703534693016 ], [ 18.638262229925218, 54.40970352799544 ], [ 18.638262240100627, 54.409703521834153 ], [ 18.638262251233989, 54.409703516264976 ], [ 18.63826226322449, 54.409703511338328 ], [ 18.638262275963534, 54.409703507098854 ], [ 18.638262289335753, 54.409703503584907 ], [ 18.638262303220053, 54.409703500828336 ], [ 18.638262317490689, 54.409703498854078 ], [ 18.638262332018432, 54.409703497680034 ], [ 18.638262346671709, 54.409703497316848 ], [ 18.642711127430431, 54.409716738847969 ], [ 18.6427111420766, 54.409716739298361 ], [ 18.642711156583047, 54.409716740558814 ], [ 18.642711170818412, 54.409716742617924 ], [ 18.64271118465377, 54.409716745457004 ], [ 18.642711197963827, 54.409716749050361 ], [ 18.64271121062804, 54.409716753365451 ], [ 18.64271122253173, 54.409716758363231 ], [ 18.642711233567088, 54.409716763998382 ], [ 18.642711243634182, 54.409716770219916 ], [ 18.642711252641835, 54.409716776971464 ], [ 18.642711260508477, 54.4097167841919 ], [ 18.644916277215586, 54.411970753298242 ], [ 18.644916279133071, 54.411970755058007 ], [ 18.644916282702866, 54.411970755167722 ], [ 18.649365482733039, 54.411983752479166 ], [ 18.649365486304543, 54.411983752390313 ], [ 18.649365488252151, 54.411983750641852 ], [ 18.651609099670022, 54.409742776456284 ], [ 18.651609107660256, 54.409742769282175 ], [ 18.651609116783391, 54.409742762583576 ], [ 18.651609126956814, 54.409742756421174 ], [ 18.651609138088386, 54.409742750850761 ], [ 18.651609150077302, 54.409742745922799 ], [ 18.651609162814989, 54.409742741681889 ], [ 18.651609176186088, 54.409742738166479 ], [ 18.651609190069511, 54.409742735408358 ], [ 18.651609204339529, 54.40974273343253 ], [ 18.651609218866909, 54.409742732256888 ], [ 18.651609233520087, 54.409742731892081 ], [ 18.656058024886189, 54.409755481844947 ], [ 18.656058039532521, 54.409755482293733 ], [ 18.656058054039399, 54.409755483552587 ], [ 18.656058068275456, 54.409755485610106 ], [ 18.656058082111752, 54.409755488447672 ], [ 18.656058095422992, 54.409755492039558 ], [ 18.656058108088629, 54.409755496353263 ], [ 18.656058119993958, 54.409755501349707 ], [ 18.656058131031163, 54.40975550698365 ], [ 18.656058141100289, 54.409755513204082 ], [ 18.656058150110148, 54.409755519954643 ], [ 18.65605815797915, 54.409755527174198 ], [ 18.658263867517615, 54.412009210441411 ], [ 18.658263874175262, 54.412009218064483 ], [ 18.658263879560447, 54.412009226022157 ], [ 18.658263883624404, 54.412009234242383 ], [ 18.658263886330325, 54.412009242650726 ], [ 18.65826388765371, 54.412009251170986 ], [ 18.658263887582567, 54.412009259726062 ], [ 18.658263886117542, 54.412009268238457 ], [ 18.658263883271907, 54.412009276631082 ], [ 18.658263879071431, 54.412009284827917 ], [ 18.658263873554152, 54.412009292754746 ], [ 18.658263866770035, 54.41200930033979 ], [ 18.656020493457092, 54.414250397637161 ], [ 18.656020491803464, 54.414250399485773 ], [ 18.656020493426066, 54.414250401343701 ], [ 18.658226483431083, 54.416504127176765 ], [ 18.658226490089451, 54.41650413479983 ], [ 18.658226495475212, 54.416504142757503 ], [ 18.658226499539602, 54.416504150977723 ], [ 18.65822650224581, 54.416504159386037 ], [ 18.658226503569324, 54.416504167906318 ], [ 18.658226503498163, 54.416504176461387 ], [ 18.658226502032967, 54.416504184973775 ], [ 18.658226499187009, 54.416504193366386 ], [ 18.65822649498606, 54.416504201563221 ], [ 18.658226489468166, 54.416504209490043 ], [ 18.6582264826833, 54.416504217075072 ], [ 18.655982860854568, 54.41874531163996 ], [ 18.655982859200758, 54.418745313488557 ], [ 18.655982860823535, 54.418745315346499 ], [ 18.658189131373835, 54.420999083744888 ], [ 18.658189133292311, 54.420999085504434 ], [ 18.658189136862923, 54.420999085613751 ], [ 18.662639320829918, 54.421011595408359 ], [ 18.662639324402175, 54.421011595319108 ], [ 18.662639326349652, 54.421011593570434 ], [ 18.66488275289095, 54.418770332905225 ], [ 18.664882754544362, 54.4187703310565 ], [ 18.664882752921184, 54.418770329198686 ], [ 18.662676276157022, 54.416516725079227 ], [ 18.66267626949783, 54.416516717456417 ], [ 18.662676264111198, 54.416516709498943 ], [ 18.66267626004592, 54.416516701278873 ], [ 18.662676257338799, 54.416516692870644 ], [ 18.662676256014361, 54.41651668435042 ], [ 18.662676256084598, 54.41651667579535 ], [ 18.66267625754887, 54.416516667282899 ], [ 18.662676260393923, 54.416516658890188 ], [ 18.662676264593983, 54.416516650693197 ], [ 18.662676270111021, 54.416516642766169 ], [ 18.662676276895073, 54.416516635180898 ], [ 18.664919368953051, 54.414275457758002 ], [ 18.66491937694185, 54.414275450583013 ], [ 18.664919386063829, 54.414275443883426 ], [ 18.664919396236385, 54.414275437719901 ], [ 18.664919407367389, 54.414275432148251 ], [ 18.664919419356035, 54.414275427218968 ], [ 18.664919432093761, 54.414275422976679 ], [ 18.664919445465205, 54.414275419459798 ], [ 18.664919459349278, 54.414275416700136 ], [ 18.664919473620234, 54.414275414722738 ], [ 18.664919488148843, 54.414275413545504 ], [ 18.664919502803528, 54.414275413179084 ], [ 18.669368876309356, 54.414287673804694 ], [ 18.669368879881016, 54.414287673715258 ], [ 18.669368881827889, 54.414287671966463 ], [ 18.671611530212601, 54.412046325782754 ], [ 18.671611538199798, 54.41204631860731 ], [ 18.671611547320193, 54.412046311907218 ], [ 18.671611557491193, 54.412046305743111 ], [ 18.671611568620687, 54.412046300170864 ], [ 18.671611580607884, 54.412046295240906 ], [ 18.671611593344231, 54.4120462909979 ], [ 18.671611606714375, 54.412046287480266 ], [ 18.671611620597247, 54.412046284719857 ], [ 18.671611634867112, 54.412046282741663 ], [ 18.671611649394745, 54.412046281563605 ], [ 18.671611664048577, 54.412046281196382 ], [ 18.676060799180032, 54.412058294995646 ], [ 18.676060802751486, 54.412058294906004 ], [ 18.676060804697965, 54.412058293157116 ], [ 18.678302966458229, 54.409816821240007 ], [ 18.678302974443824, 54.409816814064129 ], [ 18.678302983562631, 54.409816807363519 ], [ 18.678302993732078, 54.409816801198851 ], [ 18.678303004860062, 54.409816795625972 ], [ 18.67830301684581, 54.409816790695352 ], [ 18.678303029580775, 54.409816786451628 ], [ 18.678303042949626, 54.409816782933262 ], [ 18.678303056831297, 54.409816780172079 ], [ 18.678303071100068, 54.40981677819309 ], [ 18.678303085626723, 54.409816777014235 ], [ 18.678303100279706, 54.409816776646188 ], [ 18.682751996968076, 54.409828543659131 ], [ 18.68275200053932, 54.409828543569297 ], [ 18.682752002485412, 54.409828541820296 ], [ 18.684993677686293, 54.407586944220469 ], [ 18.684993685670289, 54.407586937044144 ], [ 18.684993694787515, 54.407586930343022 ], [ 18.684993704955403, 54.407586924177792 ], [ 18.684993716081877, 54.407586918604295 ], [ 18.684993728066171, 54.407586913673001 ], [ 18.684993740799758, 54.407586909428581 ], [ 18.684993754167312, 54.407586905909461 ], [ 18.684993768047782, 54.407586903147504 ], [ 18.684993782315463, 54.407586901167733 ], [ 18.684993796841137, 54.407586899988068 ], [ 18.684993811493271, 54.407586899619204 ], [ 18.689442469669899, 54.407598419885844 ], [ 18.689442473240934, 54.407598419795811 ], [ 18.689442475186635, 54.407598418046696 ], [ 18.69168366389323, 54.405356694814841 ], [ 18.691683671875619, 54.405356687638061 ], [ 18.691683680991261, 54.405356680936436 ], [ 18.691683691157596, 54.405356674770644 ], [ 18.691683702282564, 54.405356669196522 ], [ 18.691683714265405, 54.405356664264559 ], [ 18.69168372699761, 54.405356660019422 ], [ 18.691683740363871, 54.405356656499556 ], [ 18.69168375424314, 54.405356653736831 ], [ 18.691683768509723, 54.405356651756264 ], [ 18.691683783034428, 54.405356650575804 ], [ 18.691683797685702, 54.405356650206123 ], [ 18.696132217281978, 54.405367923766491 ], [ 18.696132220852807, 54.405367923676252 ], [ 18.69613222279812, 54.405367921927024 ], [ 18.698372925075549, 54.403126073113796 ], [ 18.698372933056337, 54.403126065936576 ], [ 18.698372942170394, 54.403126059234438 ], [ 18.698372952335177, 54.403126053068078 ], [ 18.698372963458631, 54.403126047493338 ], [ 18.698372975440023, 54.403126042560707 ], [ 18.698372988170849, 54.403126038314873 ], [ 18.698373001535813, 54.403126034794269 ], [ 18.698373015413878, 54.403126032030762 ], [ 18.69837302967937, 54.403126030049414 ], [ 18.698373044203095, 54.403126028868137 ], [ 18.69837305885352, 54.403126028497645 ], [ 18.702821154503468, 54.403137055181872 ], [ 18.702821169147974, 54.403137055624981 ], [ 18.70282118365397, 54.403137056878215 ], [ 18.702821197890092, 54.403137058930234 ], [ 18.702821211727411, 54.403137061762436 ], [ 18.702821225040619, 54.403137065349171 ], [ 18.702821237709138, 54.403137069657987 ], [ 18.702821249618257, 54.403137074649848 ], [ 18.702821260660112, 54.403137080279514 ], [ 18.702821270734709, 54.403137086496059 ], [ 18.702821279750815, 54.403137093243139 ], [ 18.702821287626776, 54.403137100459674 ], [ 18.705029210345831, 54.405389934785049 ], [ 18.705029217011099, 54.405389942405542 ], [ 18.70502922240448, 54.405389950361148 ], [ 18.705029226477148, 54.405389958579839 ], [ 18.70502922919221, 54.40538996698713 ], [ 18.705029230525078, 54.405389975506914 ], [ 18.705029230463687, 54.405389984062047 ], [ 18.705029229008588, 54.405389992575024 ], [ 18.705029226172961, 54.405390000968758 ], [ 18.705029221982485, 54.405390009167256 ], [ 18.705029216475111, 54.405390017096238 ], [ 18.705029209700715, 54.405390024683911 ], [ 18.702788746139031, 54.407631996439648 ], [ 18.702788744487773, 54.407631998288906 ], [ 18.702788746112226, 54.407632000146215 ], [ 18.704996992297421, 54.40988492008146 ], [ 18.704996994217385, 54.409884921840273 ], [ 18.704996997787163, 54.409884921948212 ], [ 18.709445912882099, 54.409895705772094 ], [ 18.709445927529089, 54.409895706214392 ], [ 18.709445942037675, 54.409895707466852 ], [ 18.709445956276472, 54.409895709518082 ], [ 18.709445970116519, 54.409895712349517 ], [ 18.709445983432495, 54.409895715935534 ], [ 18.709445996103796, 54.40989572024364 ], [ 18.709446008015671, 54.40989572523484 ], [ 18.709446019060248, 54.409895730863916 ], [ 18.709446029137506, 54.409895737079886 ], [ 18.709446038156177, 54.409895743826489 ], [ 18.709446046034593, 54.409895751042576 ], [ 18.711654736444284, 54.412148505809142 ], [ 18.71165473836464, 54.412148507567835 ], [ 18.711654741934634, 54.412148507675575 ], [ 18.716103989997347, 54.412159046768757 ], [ 18.716103993568726, 54.412159046677928 ], [ 18.716103995513507, 54.41215904492838 ], [ 18.718343981242512, 54.409916827316465 ], [ 18.718343989221143, 54.40991682013793 ], [ 18.718343998333456, 54.409916813434293 ], [ 18.718344008496931, 54.409916807266249 ], [ 18.718344019619526, 54.409916801689668 ], [ 18.718344031600509, 54.409916796755084 ], [ 18.718344044331385, 54.409916792507126 ], [ 18.718344057696857, 54.409916788984319 ], [ 18.718344071575885, 54.409916786218538 ], [ 18.71834408584278, 54.409916784234817 ], [ 18.718344100368334, 54.409916783051152 ], [ 18.718344115021011, 54.409916782678245 ], [ 18.722793038717469, 54.40992707489962 ], [ 18.722793042288636, 54.409927074808586 ], [ 18.722793044233029, 54.409927073058938 ], [ 18.72503254339259, 54.407684730006544 ], [ 18.725032551369619, 54.407684722827561 ], [ 18.725032560480347, 54.407684716123399 ], [ 18.725032570642266, 54.4076847099548 ], [ 18.725032581763351, 54.407684704377616 ], [ 18.725032593742885, 54.407684699442349 ], [ 18.725032606472375, 54.407684695193687 ], [ 18.725032619836551, 54.407684691670134 ], [ 18.725032633714378, 54.407684688903572 ], [ 18.725032647980175, 54.407684686919062 ], [ 18.725032662504756, 54.407684685734594 ], [ 18.725032677156577, 54.407684685360877 ], [ 18.729481361734525, 54.407694730954169 ], [ 18.729481365305485, 54.407694730862943 ], [ 18.729481367249484, 54.407694729113182 ], [ 18.731720379904921, 54.40545226067097 ], [ 18.731720387880351, 54.405452253491546 ], [ 18.731720396989495, 54.405452246786886 ], [ 18.731720407149858, 54.405452240617727 ], [ 18.731720418269433, 54.40545223503991 ], [ 18.731720430247513, 54.405452230103968 ], [ 18.731720442975625, 54.405452225854617 ], [ 18.7317204563385, 54.405452222330311 ], [ 18.731720470215127, 54.405452219562989 ], [ 18.73172048447983, 54.40545221757769 ], [ 18.73172049900343, 54.405452216392405 ], [ 18.731720513654398, 54.405452216017864 ], [ 18.73616895904544, 54.405462015023183 ], [ 18.736168962616194, 54.405462014931764 ], [ 18.736168964559806, 54.405462013181889 ], [ 18.738407533699636, 54.403219376396613 ], [ 18.738407535349115, 54.403219374546872 ], [ 18.738407533723223, 54.403219372690025 ], [ 18.736197811407138, 54.400967059545493 ], [ 18.736197809486249, 54.400967057787177 ], [ 18.736197805917161, 54.400967057680177 ], [ 18.731749846898051, 54.400957260289154 ], [ 18.731749832253996, 54.400957259849541 ], [ 18.731749817747875, 54.400957258599789 ], [ 18.731749803511054, 54.400957256551187 ], [ 18.731749789672467, 54.400957253722289 ], [ 18.731749776357432, 54.400957250138738 ], [ 18.731749763686537, 54.400957245832949 ], [ 18.731749751774533, 54.400957240843944 ], [ 18.731749740729292, 54.400957235216907 ], [ 18.731749730650844, 54.400957229002778 ], [ 18.731749721630461, 54.400957222257844 ], [ 18.731749713749835, 54.400957215043199 ], [ 18.729540562474238, 54.39870486618873 ], [ 18.729540555805507, 54.398704858569559 ], [ 18.729540550408245, 54.398704850615033 ], [ 18.729540546331339, 54.398704842397166 ], [ 18.729540543611702, 54.398704833990401 ], [ 18.729540542273963, 54.398704825470887 ], [ 18.729540542330238, 54.398704816915732 ], [ 18.729540543780018, 54.398704808402442 ], [ 18.729540546610178, 54.398704800008119 ], [ 18.729540550795083, 54.398704791808761 ], [ 18.729540556296829, 54.398704783878635 ], [ 18.729540563065605, 54.398704776289563 ], [ 18.731779038360937, 54.396462345835957 ], [ 18.731779046334605, 54.396462338656519 ], [ 18.731779055441741, 54.396462331951845 ], [ 18.731779065599873, 54.39646232578265 ], [ 18.731779076717004, 54.396462320204826 ], [ 18.731779088692452, 54.396462315268877 ], [ 18.731779101417771, 54.396462311019498 ], [ 18.731779114777719, 54.396462307495185 ], [ 18.731779128651308, 54.396462304727834 ], [ 18.731779142912885, 54.396462302742528 ], [ 18.731779157433309, 54.396462301557236 ], [ 18.731779172081072, 54.396462301182687 ], [ 18.736226644861894, 54.396472096959762 ], [ 18.736226648431867, 54.396472096868351 ], [ 18.736226650375048, 54.396472095118469 ], [ 18.738464725340286, 54.39422945336203 ], [ 18.738464726989402, 54.394229451512288 ], [ 18.738464725363858, 54.394229449655448 ], [ 18.736255481371373, 54.391977134727114 ], [ 18.7362554794509, 54.391977132968805 ], [ 18.73625547588259, 54.391977132861797 ], [ 18.731808489206458, 54.391967338698301 ], [ 18.731808474565604, 54.391967338258716 ], [ 18.731808460062648, 54.391967337008971 ], [ 18.731808445828936, 54.391967334960356 ], [ 18.731808431993368, 54.391967332131472 ], [ 18.731808418681236, 54.391967328547921 ], [ 18.731808406013101, 54.391967324242145 ], [ 18.731808394103691, 54.391967319253155 ], [ 18.731808383060851, 54.39196731362609 ], [ 18.731808372984592, 54.39196730741196 ], [ 18.73180836396617, 54.391967300667041 ], [ 18.731808356087249, 54.391967293452375 ], [ 18.729599682849713, 54.389714942853864 ], [ 18.729599676182424, 54.389714935234693 ], [ 18.729599670786328, 54.38971492728016 ], [ 18.729599666710289, 54.389714919062278 ], [ 18.729599663991227, 54.389714910655513 ], [ 18.729599662653762, 54.389714902135964 ], [ 18.729599662710008, 54.389714893580809 ], [ 18.729599664159458, 54.389714885067498 ], [ 18.729599666988978, 54.38971487667316 ], [ 18.729599671172949, 54.389714868473781 ], [ 18.72959967667348, 54.389714860543641 ], [ 18.729599683440757, 54.389714852954562 ], [ 18.731837707499938, 54.387472374487537 ], [ 18.73183770914908, 54.38747237263788 ], [ 18.731837707524104, 54.387472370780955 ], [ 18.729629188509133, 54.385219932927136 ], [ 18.729629186589261, 54.385219931168706 ], [ 18.729629183021554, 54.385219931061506 ], [ 18.725182929293734, 54.385209893739393 ], [ 18.72518291465536, 54.385209893299006 ], [ 18.725182900154991, 54.385209892048458 ], [ 18.72518288592395, 54.385209889999082 ], [ 18.725182872091111, 54.385209887169431 ], [ 18.725182858781743, 54.385209883585148 ], [ 18.725182846116386, 54.385209879278676 ], [ 18.725182834209729, 54.385209874289025 ], [ 18.725182823169611, 54.385209868661356 ], [ 18.725182813096009, 54.385209862446672 ], [ 18.725182804080152, 54.385209855701241 ], [ 18.725182796203683, 54.385209848486134 ], [ 18.722974847714095, 54.382957375037165 ], [ 18.722974841049123, 54.382957367417625 ], [ 18.72297483565519, 54.382957359462779 ], [ 18.722974831581141, 54.38295735124467 ], [ 18.722974828863876, 54.382957342837763 ], [ 18.722974827527999, 54.382957334318128 ], [ 18.72297482758561, 54.382957325762959 ], [ 18.722974829036183, 54.382957317249733 ], [ 18.722974831866587, 54.382957308855538 ], [ 18.722974836051186, 54.382957300656379 ], [ 18.722974841552084, 54.382957292726537 ], [ 18.722974848319467, 54.382957285137813 ], [ 18.725212821281829, 54.380714969925243 ], [ 18.725212829253579, 54.380714962746218 ], [ 18.725212838358292, 54.380714956042013 ], [ 18.725212848513507, 54.380714949873365 ], [ 18.725212859627263, 54.380714944296116 ], [ 18.725212871598906, 54.3807149393608 ], [ 18.725212884320026, 54.380714935112096 ], [ 18.725212897675416, 54.3807149315885 ], [ 18.725212911544123, 54.380714928821895 ], [ 18.725212925800559, 54.380714926837335 ], [ 18.725212940315604, 54.380714925652832 ], [ 18.725212954957815, 54.380714925279072 ], [ 18.729658722916234, 54.380724960948037 ], [ 18.729658726484853, 54.38072496085681 ], [ 18.72965872842757, 54.380724959107049 ], [ 18.7318962586053, 54.378482475629397 ], [ 18.73189626657545, 54.378482468449917 ], [ 18.731896275678579, 54.378482461745214 ], [ 18.731896285832242, 54.378482455575991 ], [ 18.731896296944491, 54.378482449998131 ], [ 18.731896308914688, 54.37848244506214 ], [ 18.731896321634427, 54.378482440812739 ], [ 18.731896334988519, 54.37848243728839 ], [ 18.731896348856033, 54.378482434521025 ], [ 18.731896363111371, 54.378482432535684 ], [ 18.731896377625439, 54.378482431350363 ], [ 18.731896392266801, 54.378482430975808 ], [ 18.736341921429961, 54.378492220300636 ], [ 18.736341924998374, 54.37849222020921 ], [ 18.7363419269407, 54.378492218459343 ], [ 18.738578971480944, 54.376249609765765 ], [ 18.7385789794495, 54.37624960258583 ], [ 18.738578988551048, 54.37624959588063 ], [ 18.738578998703158, 54.376249589710838 ], [ 18.738579009813897, 54.37624958413236 ], [ 18.738579021782641, 54.376249579195715 ], [ 18.738579034501008, 54.376249574945589 ], [ 18.738579047853801, 54.376249571420516 ], [ 18.738579061720113, 54.376249568652362 ], [ 18.738579075974357, 54.376249566666246 ], [ 18.738579090487452, 54.376249565480116 ], [ 18.738579105127958, 54.376249565104736 ], [ 18.743024395427682, 54.376259108125474 ], [ 18.743024398995885, 54.376259108033871 ], [ 18.743024400937824, 54.376259106283882 ], [ 18.745260959905814, 54.374016372424968 ], [ 18.745260967872767, 54.3740163652446 ], [ 18.745260976972734, 54.374016358538881 ], [ 18.745260987123292, 54.374016352368521 ], [ 18.745260998232524, 54.374016346789432 ], [ 18.745261010199819, 54.374016341852119 ], [ 18.745261022916804, 54.374016337601283 ], [ 18.745261036268303, 54.374016334075463 ], [ 18.745261050133415, 54.374016331306557 ], [ 18.745261064386568, 54.374016329319637 ], [ 18.745261078898679, 54.374016328132697 ], [ 18.745261093538335, 54.374016327756514 ], [ 18.749706059669091, 54.374025624336518 ], [ 18.749706074303756, 54.37402562477395 ], [ 18.749706088800938, 54.374025626021535 ], [ 18.749706103029347, 54.374025628068011 ], [ 18.749706116860125, 54.37402563089487 ], [ 18.749706130168018, 54.374025634476446 ], [ 18.749706142832515, 54.37402563878036 ], [ 18.749706154738913, 54.374025643767609 ], [ 18.749706165779401, 54.374025649393033 ], [ 18.74970617585398, 54.374025655605678 ], [ 18.749706184871421, 54.374025662349304 ], [ 18.749706192750057, 54.374025669562805 ], [ 18.751915170684054, 54.376277701711182 ], [ 18.751915172604463, 54.376277703469256 ], [ 18.751915176171455, 54.376277703575795 ], [ 18.756360559290421, 54.376286755774387 ], [ 18.756360562858596, 54.376286755682379 ], [ 18.756360564799969, 54.376286753932163 ], [ 18.758596399194619, 54.374043772317954 ], [ 18.758596407159256, 54.374043765136697 ], [ 18.758596416257056, 54.374043758429984 ], [ 18.758596426405628, 54.374043752258494 ], [ 18.758596437513063, 54.374043746678169 ], [ 18.75859644947877, 54.374043741739541 ], [ 18.75859646219439, 54.374043737487298 ], [ 18.75859647554476, 54.374043733960008 ], [ 18.758596489408987, 54.374043731189552 ], [ 18.758596503661508, 54.374043729201063 ], [ 18.758596518173256, 54.374043728012538 ], [ 18.758596532812803, 54.374043727634721 ], [ 18.763041591556679, 54.374052533433634 ], [ 18.763041595124651, 54.374052533341427 ], [ 18.76304159706563, 54.374052531591126 ], [ 18.765276945950532, 54.371809424942796 ], [ 18.765276953913574, 54.371809417761106 ], [ 18.765276963009789, 54.371809411053867 ], [ 18.765276973156809, 54.371809404881823 ], [ 18.765276984262734, 54.371809399300879 ], [ 18.765276996226991, 54.37180939436157 ], [ 18.765277008941229, 54.371809390108645 ], [ 18.765277022290309, 54.371809386580601 ], [ 18.765277036153336, 54.371809383809371 ], [ 18.765277050404762, 54.371809381820093 ], [ 18.76527706491553, 54.371809380630758 ], [ 18.76527707955422, 54.371809380252138 ], [ 18.76972181386413, 54.37181793970403 ], [ 18.769721828498231, 54.371817940139039 ], [ 18.769721842995249, 54.371817941384222 ], [ 18.769721857223892, 54.371817943428354 ], [ 18.76972187105531, 54.371817946252904 ], [ 18.769721884364245, 54.371817949832284 ], [ 18.769721897030156, 54.371817954134102 ], [ 18.769721908938354, 54.371817959119376 ], [ 18.769721919980984, 54.371817964742959 ], [ 18.769721930058051, 54.371817970953956 ], [ 18.769721939078295, 54.371817977696089 ], [ 18.769721946960022, 54.37181798490829 ], [ 18.7719319030892, 54.374069652582399 ], [ 18.771931905010362, 54.374069654340147 ], [ 18.771931908577216, 54.374069654446096 ], [ 18.776376974296717, 54.374077969288606 ], [ 18.776376988931698, 54.374077969722798 ], [ 18.776377003429712, 54.374077970967193 ], [ 18.776377017659474, 54.374077973010536 ], [ 18.776377031492107, 54.374077975834325 ], [ 18.776377044802352, 54.374077979412966 ], [ 18.776377057469659, 54.374077983714095 ], [ 18.776377069379315, 54.374077988698701 ], [ 18.776377080423462, 54.374077994321695 ], [ 18.776377090502091, 54.374078000532123 ], [ 18.77637709952392, 54.374078007273759 ], [ 18.776377107407246, 54.374078014485526 ], [ 18.778587549048769, 54.376329559945049 ], [ 18.778587550970318, 54.376329561702697 ], [ 18.778587554537388, 54.376329561808454 ], [ 18.783032951610554, 54.376337631988278 ], [ 18.78303295517868, 54.376337631895488 ], [ 18.78303295711892, 54.376337630144839 ], [ 18.785267384598544, 54.37409411036046 ], [ 18.785267386244751, 54.374094108510064 ], [ 18.785267384617885, 54.374094106653843 ], [ 18.783056696931752, 54.371842682426298 ], [ 18.783056690257439, 54.371842674810054 ], [ 18.783056684853339, 54.37184266685788 ], [ 18.783056680768382, 54.371842658641775 ], [ 18.783056678039564, 54.371842650236182 ], [ 18.783056676691601, 54.371842641717201 ], [ 18.783056676736699, 54.371842633161975 ], [ 18.783056678174447, 54.371842624647982 ], [ 18.783056680991827, 54.371842616252366 ], [ 18.783056685163324, 54.371842608051097 ], [ 18.783056690651158, 54.371842600118498 ], [ 18.783056697405634, 54.371842592526377 ], [ 18.785290793219875, 54.369599156441005 ], [ 18.785290801178995, 54.369599149257994 ], [ 18.785290810271466, 54.369599142549241 ], [ 18.785290820414943, 54.369599136375506 ], [ 18.785290831517564, 54.369599130792722 ], [ 18.78529084347878, 54.36959912585143 ], [ 18.785290856190272, 54.369599121596387 ], [ 18.785290869536926, 54.369599118066127 ], [ 18.785290883397863, 54.369599115292601 ], [ 18.785290897647563, 54.369599113300957 ], [ 18.785290912156977, 54.369599112109213 ], [ 18.785290926794708, 54.369599111728164 ], [ 18.789735513641737, 54.369606934317915 ], [ 18.789735517209266, 54.369606934224912 ], [ 18.789735519148905, 54.369606932474163 ], [ 18.791969172425382, 54.367363328516419 ], [ 18.791969180382907, 54.367363321332945 ], [ 18.791969189473797, 54.367363314623688 ], [ 18.791969199615718, 54.367363308449391 ], [ 18.791969210716832, 54.367363302865989 ], [ 18.791969222676602, 54.367363297924037 ], [ 18.791969235386713, 54.367363293668291 ], [ 18.791969248732066, 54.367363290137277 ], [ 18.791969262591806, 54.367363287362998 ], [ 18.791969276840412, 54.367363285370551 ], [ 18.791969291348845, 54.367363284178012 ], [ 18.79196930598572, 54.367363283796159 ], [ 18.796413568070818, 54.367370860177516 ], [ 18.796413582703632, 54.36737086060927 ], [ 18.796413597199898, 54.367370861851263 ], [ 18.796413611428342, 54.367370863892255 ], [ 18.796413625260101, 54.367370866713749 ], [ 18.796413638569923, 54.367370870290188 ], [ 18.796413651237266, 54.367370874589206 ], [ 18.796413663147415, 54.367370879571851 ], [ 18.796413674192515, 54.367370885193012 ], [ 18.796413684272522, 54.367370891401784 ], [ 18.79641369329617, 54.367370898141928 ], [ 18.796413701181731, 54.367370905352402 ], [ 18.798624880557046, 54.369622087084572 ], [ 18.798624882479139, 54.369622088841901 ], [ 18.798624886045676, 54.369622088947061 ], [ 18.803069564294518, 54.369629420797061 ], [ 18.803069567862018, 54.369629420703674 ], [ 18.803069569801089, 54.369629418952712 ], [ 18.805302498089116, 54.367385567722543 ], [ 18.80530250604432, 54.367385560538196 ], [ 18.805302515133047, 54.36738555382793 ], [ 18.805302525272975, 54.367385547652511 ], [ 18.805302536372292, 54.367385542067872 ], [ 18.805302548330467, 54.367385537124591 ], [ 18.805302561039209, 54.367385532867445 ], [ 18.805302574383429, 54.367385529334967 ], [ 18.805302588242281, 54.367385526559147 ], [ 18.805302602490251, 54.36738552456513 ], [ 18.805302616998311, 54.367385523370984 ], [ 18.805302631635076, 54.367385522987504 ], [ 18.809746984916238, 54.367392608670372 ], [ 18.809746988483528, 54.367392608576779 ], [ 18.809746990422209, 54.367392606825717 ], [ 18.811979433392032, 54.365148630874451 ], [ 18.811979441345638, 54.365148623689649 ], [ 18.81197945043278, 54.365148616978878 ], [ 18.811979460571159, 54.365148610802905 ], [ 18.811979471668963, 54.365148605217648 ], [ 18.811979483625692, 54.365148600273699 ], [ 18.811979496333056, 54.365148596015842 ], [ 18.811979509675979, 54.365148592482619 ], [ 18.811979523533626, 54.365148589706038 ], [ 18.811979537780502, 54.365148587711239 ], [ 18.811979552287582, 54.365148586516284 ], [ 18.81197956692349, 54.365148586132001 ], [ 18.816423680397826, 54.365155425830004 ], [ 18.816423683964906, 54.365155425736212 ], [ 18.816423685903199, 54.365155423985044 ], [ 18.818655643620396, 54.362911323363207 ], [ 18.818655651572406, 54.362911316177971 ], [ 18.818655660657967, 54.362911309466689 ], [ 18.818655670794797, 54.362911303290147 ], [ 18.818655681891091, 54.362911297704279 ], [ 18.818655693846367, 54.362911292759662 ], [ 18.818655706552349, 54.36291128850111 ], [ 18.818655719893975, 54.362911284967154 ], [ 18.818655733750425, 54.362911282189792 ], [ 18.818655747996203, 54.362911280194204 ], [ 18.818655762502303, 54.362911278998439 ], [ 18.818655777137351, 54.362911278613339 ], [ 18.823099650737195, 54.36291787236663 ], [ 18.82309965430407, 54.362917872272646 ], [ 18.823099656241972, 54.362917870521358 ], [ 18.825331128772152, 54.360673645279505 ], [ 18.825331136722561, 54.360673638093836 ], [ 18.82533114580654, 54.360673631382042 ], [ 18.825331155941818, 54.360673625204925 ], [ 18.825331167036605, 54.360673619618439 ], [ 18.825331178990428, 54.360673614673168 ], [ 18.825331191695035, 54.360673610413905 ], [ 18.825331205035365, 54.36067360687921 ], [ 18.825331218890607, 54.360673604101081 ], [ 18.825331233135291, 54.360673602104697 ], [ 18.82533124764041, 54.360673600908143 ], [ 18.825331262274602, 54.36067360052224 ], [ 18.829774895932339, 54.360679948370944 ], [ 18.829774899499, 54.360679948276754 ], [ 18.829774901436519, 54.360679946525359 ], [ 18.832005888845309, 54.358435596713996 ], [ 18.832005896794122, 54.358435589527879 ], [ 18.832005905876517, 54.358435582815588 ], [ 18.832005916010242, 54.358435576637923 ], [ 18.832005927103523, 54.358435571050812 ], [ 18.832005939055897, 54.35843556610488 ], [ 18.832005951759118, 54.3584355618449 ], [ 18.832005965098155, 54.358435558309466 ], [ 18.832005978952196, 54.358435555530569 ], [ 18.832005993195782, 54.358435553533397 ], [ 18.832006007699921, 54.358435552336047 ], [ 18.83200602233326, 54.358435551949334 ], [ 18.836449415981317, 54.358441653933596 ], [ 18.836449419547773, 54.358441653839208 ], [ 18.8364494214849, 54.358441652087713 ], [ 18.838679923837955, 54.35619717775738 ], [ 18.838679931785173, 54.356197170570809 ], [ 18.838679940865987, 54.356197163858013 ], [ 18.838679950998159, 54.35619715767978 ], [ 18.838679962089934, 54.356197152092058 ], [ 18.838679974040854, 54.356197147145451 ], [ 18.838679986742701, 54.356197142884767 ], [ 18.838680000080437, 54.356197139348595 ], [ 18.838680013933278, 54.356197136568937 ], [ 18.838680028175766, 54.356197134570976 ], [ 18.838680042678924, 54.356197133372817 ], [ 18.838680057311407, 54.356197132985301 ], [ 18.843123210882268, 54.356202989145267 ], [ 18.843123214448518, 54.356202989050686 ], [ 18.843123216385255, 54.356202987299078 ], [ 18.845353233748263, 54.353958388500267 ], [ 18.845353241693882, 54.353958381313262 ], [ 18.845353250773115, 54.353958374599969 ], [ 18.845353260903735, 54.353958368421168 ], [ 18.845353271994004, 54.353958362832834 ], [ 18.845353283943474, 54.353958357885574 ], [ 18.845353296643935, 54.353958353624172 ], [ 18.845353309980378, 54.353958350087268 ], [ 18.845353323832015, 54.353958347306836 ], [ 18.845353338073405, 54.353958345308094 ], [ 18.845353352575582, 54.353958344109124 ], [ 18.845353367207206, 54.353958343720791 ], [ 18.849796195437026, 54.353963953990636 ], [ 18.849796210065641, 54.353963954415903 ], [ 18.849796224558808, 54.353963955651494 ], [ 18.849796238785274, 54.35396395768619 ], [ 18.849796252616205, 54.353963960501574 ], [ 18.84979626592634, 54.353963964072136 ], [ 18.849796278595147, 54.353963968365562 ], [ 18.849796290507889, 54.353963973342964 ], [ 18.849796301556683, 54.35396397895925 ], [ 18.849796311641477, 54.353963985163581 ], [ 18.849796320670933, 54.353963991899739 ], [ 18.849796328563283, 54.35396399910676 ], [ 18.852009709577626, 54.356214209206804 ], [ 18.852009711501378, 54.356214210963287 ], [ 18.852009715066895, 54.356214211066884 ], [ 18.856452958407257, 54.356219576686641 ], [ 18.856452961973474, 54.356219576591656 ], [ 18.856452963909643, 54.356219574839834 ], [ 18.85868225606966, 54.353974729373171 ], [ 18.858682264012959, 54.353974722185285 ], [ 18.858682273090025, 54.353974715470969 ], [ 18.858682283218652, 54.353974709291059 ], [ 18.858682294307116, 54.353974703701496 ], [ 18.858682306254991, 54.353974698752928 ], [ 18.858682318954084, 54.35397469449012 ], [ 18.858682332289387, 54.353974690951731 ], [ 18.858682346140135, 54.353974688169771 ], [ 18.858682360380886, 54.353974686169458 ], [ 18.858682374882683, 54.353974684968883 ], [ 18.85868238951419, 54.353974684578944 ], [ 18.86312530730828, 54.353979804349954 ], [ 18.863125310874292, 54.353979804254791 ], [ 18.863125312810073, 54.353979802502863 ], [ 18.865354120044117, 54.351734832698888 ], [ 18.865354127985821, 54.351734825510555 ], [ 18.865354137061306, 54.351734818795748 ], [ 18.865354147188381, 54.35173481261527 ], [ 18.865354158275338, 54.351734807025089 ], [ 18.865354170221764, 54.351734802075839 ], [ 18.865354182919475, 54.351734797812341 ], [ 18.865354196253481, 54.351734794273206 ], [ 18.865354210103021, 54.351734791490493 ], [ 18.865354224342681, 54.351734789489377 ], [ 18.865354238843494, 54.35173478828802 ], [ 18.865354253474145, 54.351734787897257 ], [ 18.869796930855674, 54.351739661964174 ], [ 18.869796934421476, 54.351739661868805 ], [ 18.869796936356867, 54.35173966011677 ], [ 18.872025258730748, 54.349494566025989 ], [ 18.872025266670857, 54.349494558837222 ], [ 18.872025275744761, 54.349494552121918 ], [ 18.872025285870286, 54.349494545940857 ], [ 18.87202529695573, 54.349494540350072 ], [ 18.872025308900707, 54.349494535400169 ], [ 18.872025321597039, 54.349494531135953 ], [ 18.872025334929745, 54.349494527596107 ], [ 18.872025348778084, 54.349494524812606 ], [ 18.872025363016647, 54.349494522810701 ], [ 18.872025377516476, 54.349494521608534 ], [ 18.872025392146266, 54.349494521216968 ], [ 18.876467743860697, 54.349499149532797 ], [ 18.876467758488008, 54.349499149954845 ], [ 18.876467772980408, 54.349499151187224 ], [ 18.876467787206657, 54.34949915321878 ], [ 18.876467801037915, 54.349499156031115 ], [ 18.876467814348928, 54.349499159598729 ], [ 18.876467827019141, 54.349499163889362 ], [ 18.87646783893382, 54.349499168864128 ], [ 18.876467849985062, 54.349499174477977 ], [ 18.876467860072783, 54.349499180680091 ], [ 18.876467869105625, 54.349499187414267 ], [ 18.87646787700179, 54.34949919461954 ], [ 18.878682476350711, 54.351748917876989 ], [ 18.878682478275394, 54.351748919633053 ], [ 18.878682481840592, 54.351748919735847 ], [ 18.883125248182097, 54.351753303322475 ], [ 18.883125251747867, 54.351753303226715 ], [ 18.883125253682696, 54.351753301474453 ], [ 18.885352850648598, 54.349507960997819 ], [ 18.885352858586383, 54.349507953808157 ], [ 18.885352867658121, 54.349507947091844 ], [ 18.885352877781646, 54.349507940909682 ], [ 18.885352888865288, 54.349507935317668 ], [ 18.885352900808673, 54.349507930366443 ], [ 18.885352913503631, 54.349507926100827 ], [ 18.8853529268352, 54.349507922559489 ], [ 18.885352940682644, 54.349507919774474 ], [ 18.885352954920563, 54.349507917771 ], [ 18.885352969420012, 54.349507916567227 ], [ 18.885352984049682, 54.349507916174048 ], [ 18.88979542451909, 54.349512054051068 ], [ 18.889795428084653, 54.349512053955102 ], [ 18.889795430019088, 54.349512052202741 ], [ 18.892022542189334, 54.347266587570452 ], [ 18.892022550125525, 54.347266580380364 ], [ 18.892022559195677, 54.347266573663532 ], [ 18.892022569317657, 54.347266567480816 ], [ 18.892022580399789, 54.347266561888183 ], [ 18.892022592341721, 54.347266556936297 ], [ 18.892022605035297, 54.347266552669979 ], [ 18.892022618365569, 54.347266549127916 ], [ 18.892022632211809, 54.347266546342119 ], [ 18.89202264644863, 54.347266544337856 ], [ 18.892022660947095, 54.347266543133287 ], [ 18.892022675575912, 54.347266542739291 ], [ 18.89646479011526, 54.347270434959491 ], [ 18.896464804741989, 54.347270435379109 ], [ 18.896464819234204, 54.347270436609094 ], [ 18.896464833460673, 54.347270438638283 ], [ 18.896464847292549, 54.347270441448323 ], [ 18.896464860604578, 54.347270445013741 ], [ 18.896464873276191, 54.347270449302279 ], [ 18.896464885192643, 54.347270454275076 ], [ 18.896464896246012, 54.347270459887106 ], [ 18.896464906336199, 54.347270466087537 ], [ 18.89646491537183, 54.347270472820227 ], [ 18.896464923271065, 54.347270480024186 ], [ 18.898680495579384, 54.34951983759219 ], [ 18.898680497504817, 54.349519839347927 ], [ 18.898680501069872, 54.349519839450146 ], [ 18.903123029895095, 54.349523486871831 ], [ 18.903123033460627, 54.349523486775489 ], [ 18.903123035394501, 54.349523485022914 ], [ 18.905349421954003, 54.347277774206177 ], [ 18.905349429887867, 54.347277767015214 ], [ 18.905349438955856, 54.347277760297381 ], [ 18.905349449075835, 54.347277754113534 ], [ 18.905349460156163, 54.34727774851968 ], [ 18.905349472096496, 54.347277743566472 ], [ 18.905349484788701, 54.347277739298761 ], [ 18.905349498117829, 54.347277735755213 ], [ 18.905349511963177, 54.347277732967896 ], [ 18.905349526199352, 54.347277730962077 ], [ 18.905349540697436, 54.347277729755888 ], [ 18.905349555326126, 54.347277729360272 ], [ 18.909791672833691, 54.347281131103074 ], [ 18.909791687460562, 54.347281131521079 ], [ 18.909791701953182, 54.347281132749458 ], [ 18.909791716180315, 54.347281134777084 ], [ 18.909791730013104, 54.347281137585597 ], [ 18.909791743326288, 54.347281141149544 ], [ 18.909791755999297, 54.347281145436689 ], [ 18.909791767917362, 54.347281150408165 ], [ 18.909791778972551, 54.347281156018973 ], [ 18.909791789064752, 54.347281162218295 ], [ 18.909791798102557, 54.347281168949984 ], [ 18.909791806004126, 54.347281176153075 ], [ 18.912008106892571, 54.349530289337949 ], [ 18.912008108818569, 54.34953029109348 ], [ 18.912008112383656, 54.349530291195293 ], [ 18.916450643978127, 54.349533448080059 ], [ 18.916450647543627, 54.349533447983319 ], [ 18.916450649476932, 54.349533446230524 ], [ 18.918676310224477, 54.347287489350123 ], [ 18.91867631815602, 54.347287482158272 ], [ 18.918676327221835, 54.347287475439458 ], [ 18.918676337339821, 54.347287469254496 ], [ 18.918676348418344, 54.347287463659406 ], [ 18.918676360357079, 54.347287458704884 ], [ 18.918676373047905, 54.347287454435765 ], [ 18.918676386375893, 54.347287450890747 ], [ 18.918676400220342, 54.347287448101895 ], [ 18.918676414455874, 54.347287446094505 ], [ 18.918676428953571, 54.347287444886724 ], [ 18.91867644358214, 54.347287444489503 ], [ 18.923118563658733, 54.347290355754197 ], [ 18.923118578285742, 54.347290356170603 ], [ 18.923118592778764, 54.347290357397384 ], [ 18.923118607006554, 54.347290359423432 ], [ 18.92311862084026, 54.347290362230424 ], [ 18.923118634154601, 54.347290365792894 ], [ 18.923118646829, 54.347290370078653 ], [ 18.923118658748677, 54.347290375048807 ], [ 18.923118669805685, 54.347290380658393 ], [ 18.92311867989989, 54.347290386856614 ], [ 18.92311868893988, 54.347290393587301 ], [ 18.923118696843783, 54.347290400789518 ], [ 18.925335726114216, 54.349539269469808 ], [ 18.925335728040782, 54.349539271225126 ], [ 18.925335731605909, 54.349539271326542 ], [ 18.929778180382868, 54.349541937624174 ], [ 18.929778195010744, 54.349541938039764 ], [ 18.929778209504757, 54.349541939265748 ], [ 18.929778223733653, 54.349541941291008 ], [ 18.92977823756857, 54.349541944097233 ], [ 18.929778250884215, 54.349541947658984 ], [ 18.929778263559999, 54.349541951944019 ], [ 18.929778275481134, 54.349541956913527 ], [ 18.929778286539655, 54.349541962522501 ], [ 18.929778296635416, 54.349541968720146 ], [ 18.929778305676983, 54.34954197545035 ], [ 18.929778313582485, 54.349541982652127 ], [ 18.931995827651669, 54.351790728296855 ], [ 18.931995829578621, 54.351790730052073 ], [ 18.931995833143958, 54.351790730153283 ], [ 18.936438525372356, 54.351793151385955 ], [ 18.936438540001099, 54.351793151800734 ], [ 18.936438554496103, 54.351793153025909 ], [ 18.936438568726107, 54.351793155050395 ], [ 18.936438582562232, 54.351793157855852 ], [ 18.936438595879181, 54.351793161416865 ], [ 18.936438608556355, 54.351793165701203 ], [ 18.936438620478942, 54.351793170670057 ], [ 18.936438631538973, 54.351793176278413 ], [ 18.93643864163629, 54.351793182475497 ], [ 18.936438650679442, 54.351793189205196 ], [ 18.936438658586535, 54.35179319640654 ], [ 18.938656614987213, 54.354041775846554 ], [ 18.938656621687421, 54.354041783454214 ], [ 18.93865662711924, 54.354041791399446 ], [ 18.938656631233481, 54.3540417996103 ], [ 18.938656633992888, 54.354041808012404 ], [ 18.938656635372464, 54.354041816529673 ], [ 18.938656635359724, 54.354041825084984 ], [ 18.938656633954775, 54.354041833600832 ], [ 18.938656631170343, 54.354041842000129 ], [ 18.938656627031648, 54.354041850206791 ], [ 18.938656621576165, 54.354041858146495 ], [ 18.938656614853304, 54.354041865747327 ], [ 18.936431720814944, 54.356288145611003 ], [ 18.936431712884769, 54.356288152804005 ], [ 18.936431703819864, 54.356288159524162 ], [ 18.936431693702335, 54.356288165710602 ], [ 18.936431682623798, 54.356288171307298 ], [ 18.936431670684591, 54.356288176263583 ], [ 18.936431657992831, 54.356288180534548 ], [ 18.936431644663458, 54.356288184081528 ], [ 18.936431630817182, 54.356288186872412 ], [ 18.936431616579402, 54.356288188881891 ], [ 18.936431602079054, 54.356288190091803 ], [ 18.936431587447455, 54.356288190491178 ], [ 18.931988410286806, 54.356285768859813 ], [ 18.931988406720755, 54.356285768957022 ], [ 18.931988404787795, 54.356285770710038 ], [ 18.929762940411479, 54.358532012817776 ], [ 18.929762938772392, 54.358532014670146 ], [ 18.929762940405155, 54.358532016524421 ], [ 18.931980979897794, 54.360780802340329 ], [ 18.931980981825173, 54.36078080409554 ], [ 18.931980985391284, 54.360780804196771 ], [ 18.936424647617354, 54.360783226226943 ], [ 18.936424662249291, 54.360783226641729 ], [ 18.936424676747457, 54.360783227866904 ], [ 18.936424690980569, 54.360783229891389 ], [ 18.936424704819711, 54.360783232696846 ], [ 18.936424718139566, 54.360783236257859 ], [ 18.936424730819507, 54.360783240542176 ], [ 18.936424742744695, 54.360783245511023 ], [ 18.936424753807135, 54.360783251119386 ], [ 18.936424763906654, 54.36078325731647 ], [ 18.936424772951778, 54.360783264046155 ], [ 18.936424780860598, 54.360783271247492 ], [ 18.938643262955729, 54.363031890815435 ], [ 18.938643264883499, 54.36303189257054 ], [ 18.938643268449823, 54.363031892671565 ], [ 18.943087174195004, 54.363034069515578 ], [ 18.943087188827811, 54.363034069929562 ], [ 18.943087203326971, 54.36303407115394 ], [ 18.943087217561185, 54.363034073177637 ], [ 18.943087231401542, 54.363034075982334 ], [ 18.943087244722701, 54.363034079542601 ], [ 18.943087257404024, 54.363034083826221 ], [ 18.943087269330672, 54.363034088794407 ], [ 18.943087280394629, 54.363034094402153 ], [ 18.943087290495697, 54.363034100598675 ], [ 18.943087299542409, 54.363034107327863 ], [ 18.943087307452824, 54.363034114528773 ], [ 18.945306274746937, 54.365282610920104 ], [ 18.945306276675094, 54.365282612675109 ], [ 18.945306280241628, 54.365282612775921 ], [ 18.949750514659723, 54.365284544428746 ], [ 18.949750518226509, 54.365284544331011 ], [ 18.949750520159139, 54.365284542577697 ], [ 18.951975259481959, 54.363037934403984 ], [ 18.951975261120229, 54.363037932551315 ], [ 18.951975259486286, 54.363037930697345 ], [ 18.949756048805948, 54.360789555997606 ], [ 18.949756042102592, 54.360789548390564 ], [ 18.94975603666774, 54.360789540445829 ], [ 18.94975603255061, 54.360789532235358 ], [ 18.949756029788489, 54.360789523833517 ], [ 18.949756028406394, 54.360789515316391 ], [ 18.949756028416832, 54.360789506761087 ], [ 18.949756029819717, 54.360789498245119 ], [ 18.949756032602341, 54.36078948984558 ], [ 18.949756036739505, 54.360789481638548 ], [ 18.949756042193741, 54.360789473698354 ], [ 18.949756048915656, 54.360789466096904 ], [ 18.951980502256252, 54.358542899169038 ], [ 18.95198050389434, 54.358542897316369 ], [ 18.951980502260575, 54.358542895462392 ], [ 18.949761533393605, 54.356294519227049 ], [ 18.949761526690981, 54.356294511620014 ], [ 18.949761521256722, 54.356294503675265 ], [ 18.94976151714004, 54.356294495464802 ], [ 18.949761514378217, 54.356294487062954 ], [ 18.949761512996272, 54.356294478545799 ], [ 18.949761513006706, 54.356294469990495 ], [ 18.949761514409435, 54.356294461474519 ], [ 18.949761517191753, 54.356294453074987 ], [ 18.949761521328465, 54.356294444867935 ], [ 18.949761526782105, 54.356294436927733 ], [ 18.949761533503285, 54.356294429326276 ], [ 18.951985743591163, 54.354047860564975 ], [ 18.951985745229074, 54.354047858712306 ], [ 18.951985743595483, 54.35404785685833 ], [ 18.949767016475572, 54.351799479087241 ], [ 18.949767009773677, 54.351799471480199 ], [ 18.949767004340007, 54.351799463535464 ], [ 18.949767000223773, 54.351799455324972 ], [ 18.949766997462252, 54.351799446923117 ], [ 18.949766996080452, 54.351799438405976 ], [ 18.949766996090883, 54.351799429850658 ], [ 18.949766997493462, 54.351799421334682 ], [ 18.949767000275472, 54.351799412935129 ], [ 18.949767004411729, 54.351799404728091 ], [ 18.949767009864772, 54.351799396787882 ], [ 18.949767016585216, 54.351799389186418 ], [ 18.951990983487232, 54.349552818591611 ], [ 18.951990985124961, 54.349552816738928 ], [ 18.951990983491548, 54.349552814884944 ], [ 18.949772498052397, 54.347304435578017 ], [ 18.949772491351233, 54.347304427970961 ], [ 18.949772485918157, 54.347304420026219 ], [ 18.94977248180237, 54.347304411815735 ], [ 18.949772479041147, 54.347304403413879 ], [ 18.949772477659497, 54.34730439489671 ], [ 18.949772477669928, 54.347304386341413 ], [ 18.949772479072351, 54.347304377825402 ], [ 18.949772481854055, 54.347304369425856 ], [ 18.949772485989861, 54.347304361218804 ], [ 18.949772491442307, 54.347304353278595 ], [ 18.949772498162016, 54.347304345677117 ], [ 18.951996221944988, 54.34505777324874 ], [ 18.95199622358254, 54.345057771396057 ], [ 18.951996221949308, 54.345057769542095 ], [ 18.949777935590408, 54.342809345584321 ], [ 18.94977793366311, 54.342809343829387 ], [ 18.949777930098513, 54.342809343728689 ], [ 18.945336205565287, 54.342807413704122 ], [ 18.945336190939642, 54.342807413290416 ], [ 18.945336176447533, 54.342807412066314 ], [ 18.945336162220197, 54.342807410042866 ], [ 18.945336148386485, 54.342807407238425 ], [ 18.945336135071667, 54.342807403678385 ], [ 18.945336122396334, 54.342807399394978 ], [ 18.945336110475274, 54.34280739442702 ], [ 18.945336099416441, 54.342807388819445 ], [ 18.945336089319987, 54.342807382623093 ], [ 18.94533608027735, 54.342807375894054 ], [ 18.94533607237042, 54.342807368693286 ], [ 18.94311835567559, 54.340558907840141 ], [ 18.943118348976746, 54.340558900232708 ], [ 18.943118343545841, 54.340558892287653 ], [ 18.943118339432054, 54.340558884076934 ], [ 18.94311833667264, 54.340558875674908 ], [ 18.943118335292592, 54.340558867157668 ], [ 18.943118335304401, 54.340558858602343 ], [ 18.943118336707968, 54.34055885008641 ], [ 18.943118339490574, 54.340558841687006 ], [ 18.943118343627024, 54.340558833480173 ], [ 18.94311834907986, 54.340558825540256 ], [ 18.943118355799694, 54.34055881793914 ], [ 18.945342078012182, 54.338312365585445 ], [ 18.945342079649766, 54.338312363732854 ], [ 18.945342078017099, 54.338312361878785 ], [ 18.94312456020792, 54.336063856393174 ], [ 18.943124553509808, 54.336063848785734 ], [ 18.943124548079492, 54.33606384084068 ], [ 18.943124543966153, 54.336063832629947 ], [ 18.943124541207037, 54.336063824227914 ], [ 18.943124539827135, 54.336063815710681 ], [ 18.943124539838944, 54.336063807155341 ], [ 18.943124541242351, 54.336063798639415 ], [ 18.943124544024656, 54.33606379023999 ], [ 18.943124548160654, 54.33606378203315 ], [ 18.94312455361289, 54.336063774093226 ], [ 18.943124560331992, 54.336063766492103 ], [ 18.945348039492824, 54.333817312284467 ], [ 18.945348041130224, 54.333817310431883 ], [ 18.945348039497738, 54.333817308577814 ], [ 18.943130763037651, 54.331568801576033 ], [ 18.94313075634027, 54.331568793968593 ], [ 18.943130750910544, 54.331568786023524 ], [ 18.94313074679765, 54.331568777812784 ], [ 18.943130744038836, 54.331568769410751 ], [ 18.943130742659083, 54.331568760893504 ], [ 18.943130742670888, 54.331568752338164 ], [ 18.943130744074139, 54.331568743822231 ], [ 18.943130746856138, 54.331568735422799 ], [ 18.943130750991685, 54.331568727215952 ], [ 18.943130756443324, 54.331568719276028 ], [ 18.94313076316169, 54.331568711674898 ], [ 18.945353999337641, 54.32932225561327 ], [ 18.945354000974866, 54.329322253760694 ], [ 18.945353999342554, 54.329322251906603 ], [ 18.943136964165422, 54.327073743388539 ], [ 18.94313695746877, 54.327073735781092 ], [ 18.943136952039634, 54.327073727836016 ], [ 18.943136947927186, 54.327073719625282 ], [ 18.943136945168671, 54.327073711223242 ], [ 18.943136943789067, 54.327073702705981 ], [ 18.943136943800866, 54.327073694150634 ], [ 18.943136945203964, 54.327073685634694 ], [ 18.943136947985657, 54.327073677235269 ], [ 18.943136952120749, 54.327073669028415 ], [ 18.943136957571792, 54.327073661088463 ], [ 18.943136964289426, 54.327073653487346 ], [ 18.94535995754725, 54.324827195571658 ], [ 18.945359959184294, 54.324827193719067 ], [ 18.94535995755216, 54.324827191864991 ], [ 18.943143121085416, 54.322578638713175 ], [ 18.943143119159348, 54.322578636958127 ], [ 18.943143115596513, 54.322578636857237 ], [ 18.938703571251914, 54.322576463239479 ], [ 18.938703556633516, 54.322576462824976 ], [ 18.938703542148712, 54.322576461600072 ], [ 18.938703527928684, 54.322576459575842 ], [ 18.938703514102208, 54.322576456770641 ], [ 18.938703500794503, 54.322576453209862 ], [ 18.938703488126077, 54.322576448925744 ], [ 18.938703476211661, 54.322576443957111 ], [ 18.938703465159158, 54.322576438348925 ], [ 18.938703455068655, 54.32257643215199 ], [ 18.938703446031536, 54.322576425422433 ], [ 18.938703438129647, 54.322576418221196 ], [ 18.936487170672983, 54.320327828309573 ], [ 18.936487163978651, 54.320327820701749 ], [ 18.936487158551685, 54.320327812756382 ], [ 18.936487154441231, 54.320327804545407 ], [ 18.936487151684521, 54.320327796143204 ], [ 18.936487150306515, 54.320327787625864 ], [ 18.936487150319696, 54.32032777907051 ], [ 18.936487151723934, 54.320327770554627 ], [ 18.936487154506526, 54.320327762155344 ], [ 18.936487158642265, 54.320327753948703 ], [ 18.936487164093698, 54.320327746009063 ], [ 18.936487170811453, 54.320327738408302 ], [ 18.938710162302222, 54.318081400475755 ], [ 18.938710163939298, 54.318081398623242 ], [ 18.938710162307732, 54.318081396769088 ], [ 18.936494093367223, 54.315832762242046 ], [ 18.936494086673616, 54.315832754634222 ], [ 18.936494081247243, 54.315832746688834 ], [ 18.93649407713724, 54.315832738477852 ], [ 18.936494074380825, 54.315832730075655 ], [ 18.936494073002965, 54.315832721558309 ], [ 18.936494073016139, 54.315832713002941 ], [ 18.936494074420228, 54.315832704487057 ], [ 18.936494077202514, 54.31583269608776 ], [ 18.936494081337798, 54.315832687881127 ], [ 18.936494086788635, 54.315832679941465 ], [ 18.936494093505658, 54.315832672340697 ], [ 18.938716842145681, 54.313586332533745 ], [ 18.938716843782576, 54.313586330681247 ], [ 18.938716842151187, 54.313586328827078 ], [ 18.936501014162626, 54.311337692803406 ], [ 18.936501007469751, 54.311337685195575 ], [ 18.936501002043968, 54.311337677250187 ], [ 18.936500997934406, 54.311337669039197 ], [ 18.936500995178292, 54.311337660636987 ], [ 18.936500993800578, 54.311337652119633 ], [ 18.936500993813752, 54.311337643564265 ], [ 18.936500995217681, 54.311337635048361 ], [ 18.936500997999662, 54.311337626649077 ], [ 18.936501002134495, 54.311337618442437 ], [ 18.936501007584734, 54.311337610502761 ], [ 18.936501014301026, 54.311337602901986 ], [ 18.938723520157001, 54.309091261220587 ], [ 18.938723521793719, 54.309091259368074 ], [ 18.938723520162508, 54.309091257513927 ], [ 18.936507933059904, 54.306842619993475 ], [ 18.936507926367753, 54.30684261238563 ], [ 18.936507920942557, 54.306842604440241 ], [ 18.936507916833442, 54.306842596229252 ], [ 18.936507914077627, 54.306842587827028 ], [ 18.936507912700062, 54.306842579309674 ], [ 18.936507912713232, 54.306842570754299 ], [ 18.936507914117005, 54.306842562238401 ], [ 18.93650791689868, 54.306842553839097 ], [ 18.936507921033062, 54.306842545632435 ], [ 18.936507926482705, 54.306842537692773 ], [ 18.936507933198261, 54.306842530091991 ], [ 18.938730196336866, 54.304596186536095 ], [ 18.93873019797341, 54.304596184683582 ], [ 18.938730196342373, 54.304596182829407 ], [ 18.936514850059751, 54.302347543812076 ], [ 18.936514843368329, 54.302347536204223 ], [ 18.936514837943719, 54.302347528258821 ], [ 18.936514833835052, 54.302347520047832 ], [ 18.936514831079531, 54.302347511645607 ], [ 18.936514829702116, 54.302347503128239 ], [ 18.936514829715282, 54.302347494572857 ], [ 18.936514831118902, 54.302347486056959 ], [ 18.936514833900272, 54.302347477657648 ], [ 18.936514838034199, 54.302347469450986 ], [ 18.936514843483248, 54.302347461511303 ], [ 18.936514850198069, 54.302347453910521 ], [ 18.938736870685961, 54.300101108480064 ], [ 18.93873687232232, 54.300101106627551 ], [ 18.938736870691464, 54.300101104773383 ], [ 18.936521765162876, 54.297852464259016 ], [ 18.936521758472178, 54.297852456651164 ], [ 18.936521753048158, 54.297852448705761 ], [ 18.936521748939938, 54.297852440494765 ], [ 18.936521746184717, 54.29785243209254 ], [ 18.93652174480745, 54.297852423575144 ], [ 18.936521744820613, 54.297852415019769 ], [ 18.936521746224077, 54.297852406503857 ], [ 18.936521749005141, 54.297852398104546 ], [ 18.936521753138617, 54.297852389897876 ], [ 18.93652175858707, 54.297852381958201 ], [ 18.936521765301158, 54.297852374357397 ], [ 18.938743543204957, 54.295606027052337 ], [ 18.938743544841138, 54.295606025199824 ], [ 18.938743543210457, 54.295606023345648 ], [ 18.936528678369985, 54.293357381334125 ], [ 18.936528671680016, 54.29335737372628 ], [ 18.936528666256585, 54.293357365780871 ], [ 18.936528662148806, 54.29335735756986 ], [ 18.936528659393883, 54.293357349167636 ], [ 18.936528658016766, 54.293357340650246 ], [ 18.936528658029921, 54.293357332094857 ], [ 18.936528659433232, 54.293357323578945 ], [ 18.936528662213991, 54.293357315179612 ], [ 18.936528666347012, 54.293357306972929 ], [ 18.936528671794871, 54.293357299033246 ], [ 18.936528678508228, 54.293357291432443 ], [ 18.938750171297155, 54.291110985328658 ], [ 18.938750179214392, 54.291110978135421 ], [ 18.938750188264592, 54.291110971415016 ], [ 18.938750198365785, 54.291110965228306 ], [ 18.938750209426498, 54.291110959631339 ], [ 18.938750221346563, 54.291110954674764 ], [ 18.938750234018034, 54.2911109504035 ], [ 18.938750247326148, 54.291110946856222 ], [ 18.938750261150393, 54.291110944065039 ], [ 18.938750275365567, 54.291110942055255 ], [ 18.93875028984294, 54.291110940845037 ], [ 18.9387503044514, 54.291110940445364 ], [ 18.9431864640339, 54.291113111560598 ], [ 18.943186467594291, 54.291113111463062 ], [ 18.943186469523724, 54.291113109709826 ], [ 18.945407564429306, 54.288866593882304 ], [ 18.945407566064919, 54.288866592029706 ], [ 18.945407564434209, 54.288866590175623 ], [ 18.943192697831254, 54.286618068005247 ], [ 18.943192691141146, 54.28661806039775 ], [ 18.943192685717317, 54.286618052452631 ], [ 18.943192681608885, 54.286618044241841 ], [ 18.943192678853055, 54.286618035839744 ], [ 18.943192677474784, 54.28661802732244 ], [ 18.943192677486554, 54.286618018767037 ], [ 18.943192678888263, 54.286618010251019 ], [ 18.943192681667213, 54.286618001851544 ], [ 18.943192685798234, 54.286617993644626 ], [ 18.943192691243919, 54.28661798570463 ], [ 18.943192697954956, 54.286617978103443 ], [ 18.945413507949308, 54.284371503498861 ], [ 18.945413509584743, 54.284371501646255 ], [ 18.945413507954207, 54.284371499792179 ], [ 18.943198881974123, 54.282122976104233 ], [ 18.943198875284743, 54.282122968496736 ], [ 18.943198869861504, 54.282122960551611 ], [ 18.943198865753516, 54.282122952340821 ], [ 18.943198862997985, 54.282122943938717 ], [ 18.943198861619862, 54.282122935421398 ], [ 18.943198861631629, 54.282122926865981 ], [ 18.943198863033182, 54.282122918349977 ], [ 18.943198865811826, 54.282122909950481 ], [ 18.943198869942396, 54.282122901743563 ], [ 18.943198875387488, 54.282122893803553 ], [ 18.943198882097789, 54.282122886202366 ], [ 18.945419449840159, 54.279876409743203 ], [ 18.945419451475416, 54.279876407890598 ], [ 18.945419449845058, 54.279876406036507 ], [ 18.943205021961703, 54.277627837713254 ], [ 18.943205020037727, 54.277627835958207 ], [ 18.943205016478771, 54.277627835857309 ], [ 18.938770220481778, 54.277625665770245 ], [ 18.938770216922542, 54.27762566586766 ], [ 18.938770214993554, 54.277625667620825 ], [ 18.936549406760371, 54.279872022424769 ], [ 18.936549398844903, 54.279872029617877 ], [ 18.936549389796813, 54.279872036338134 ], [ 18.936549379698043, 54.279872042524666 ], [ 18.936549368640041, 54.279872048121454 ], [ 18.936549356722956, 54.27987205307781 ], [ 18.936549344054711, 54.279872057348854 ], [ 18.936549330750029, 54.27987206089589 ], [ 18.936549316929401, 54.279872063686831 ], [ 18.936549302717989, 54.279872065696367 ], [ 18.936549288244489, 54.279872066906321 ], [ 18.936549273639983, 54.279872067305725 ], [ 18.932114322257423, 54.279869652440674 ], [ 18.932114318697973, 54.27986965253789 ], [ 18.932114316768601, 54.279869654290948 ], [ 18.929893025793266, 54.282115885534736 ], [ 18.929893017876214, 54.282115892727411 ], [ 18.929893008826546, 54.282115899447156 ], [ 18.929892998726228, 54.282115905633134 ], [ 18.929892987666726, 54.282115911229312 ], [ 18.929892975748192, 54.28211591618502 ], [ 18.929892963078572, 54.28211592045534 ], [ 18.929892949772597, 54.282115924001651 ], [ 18.929892935950768, 54.282115926791832 ], [ 18.929892921738258, 54.282115928800586 ], [ 18.929892907263781, 54.282115930009731 ], [ 18.929892892658415, 54.282115930408324 ], [ 18.925457700917718, 54.282113270685095 ], [ 18.925457697358059, 54.282113270782119 ], [ 18.9254576954283, 54.282113272535071 ], [ 18.923235921645034, 54.284359380168404 ], [ 18.923235913726387, 54.284359387360624 ], [ 18.923235904675149, 54.284359394079871 ], [ 18.923235894573285, 54.284359400265288 ], [ 18.923235883512277, 54.284359405860855 ], [ 18.923235871592301, 54.284359410815895 ], [ 18.923235858921302, 54.28435941508554 ], [ 18.92323584561403, 54.284359418631105 ], [ 18.923235831791004, 54.284359421420511 ], [ 18.9232358175774, 54.284359423428484 ], [ 18.923235803101942, 54.284359424636811 ], [ 18.923235788495717, 54.284359425034609 ], [ 18.918800356463461, 54.284356520413056 ], [ 18.918800352903595, 54.284356520509881 ], [ 18.918800350973445, 54.284356522262719 ], [ 18.916578051700633, 54.286602549303417 ], [ 18.916578050063812, 54.28660255115561 ], [ 18.91657805169314, 54.286602553010091 ], [ 18.918791467310804, 54.288851563348253 ], [ 18.918791473996773, 54.288851570957107 ], [ 18.9187914794162, 54.288851578903312 ], [ 18.91879148352, 54.288851587114927 ], [ 18.918791486271012, 54.288851595517571 ], [ 18.91879148764432, 54.288851604035166 ], [ 18.918791487627491, 54.28885161259057 ], [ 18.918791486220673, 54.288851621106275 ], [ 18.91879148343661, 54.288851629505189 ], [ 18.918791479300516, 54.288851637711268 ], [ 18.918791473849843, 54.288851645650162 ], [ 18.918791467133957, 54.288851653249978 ], [ 18.916568967757378, 54.291097635286427 ], [ 18.916568966120376, 54.291097637138641 ], [ 18.916568967749885, 54.291097638993101 ], [ 18.918782623658238, 54.293346647894111 ], [ 18.918782630344932, 54.293346655502951 ], [ 18.918782635764941, 54.293346663449142 ], [ 18.918782639869189, 54.293346671660764 ], [ 18.918782642620496, 54.293346680063401 ], [ 18.918782643993953, 54.293346688580982 ], [ 18.918782643977117, 54.293346697136364 ], [ 18.91878264257015, 54.293346705652084 ], [ 18.918782639785778, 54.293346714050998 ], [ 18.918782635649226, 54.293346722257056 ], [ 18.91878263019796, 54.293346730195942 ], [ 18.918782623481338, 54.293346737795758 ], [ 18.916559881323121, 54.295592717896909 ], [ 18.916559879685945, 54.295592719749116 ], [ 18.916559881315628, 54.29559272160359 ], [ 18.918773777580441, 54.297841729067557 ], [ 18.918773784267863, 54.297841736676389 ], [ 18.918773789688466, 54.297841744622581 ], [ 18.918773793793154, 54.297841752834195 ], [ 18.918773796544759, 54.297841761236825 ], [ 18.918773797918362, 54.297841769754406 ], [ 18.918773797901526, 54.297841778309781 ], [ 18.918773796494396, 54.297841786825494 ], [ 18.918773793709722, 54.2978417952244 ], [ 18.918773789572718, 54.297841803430465 ], [ 18.918773784120852, 54.297841811369331 ], [ 18.918773777403498, 54.297841818969133 ], [ 18.916550835026761, 54.300087754067022 ], [ 18.916550827103929, 54.300087761258794 ], [ 18.916550818048151, 54.300087767977509 ], [ 18.91655080794143, 54.300087774162364 ], [ 18.916550796875303, 54.300087779757277 ], [ 18.91655078494998, 54.30008778471165 ], [ 18.91655077227346, 54.300087788980569 ], [ 18.916550758960543, 54.300087792525396 ], [ 18.916550745131794, 54.300087795314028 ], [ 18.916550730912444, 54.300087797321197 ], [ 18.916550716431274, 54.30008779852875 ], [ 18.916550701819425, 54.300087798925716 ], [ 18.912113580147899, 54.3000846478106 ], [ 18.912113576586663, 54.300084647907219 ], [ 18.912113574655493, 54.300084649659958 ], [ 18.909890063677643, 54.302330547120562 ], [ 18.909890062039903, 54.302330548972691 ], [ 18.90989006366955, 54.302330550827243 ], [ 18.912103957375287, 54.30457967817221 ], [ 18.91210396406257, 54.304579685781398 ], [ 18.912103969482768, 54.304579693727895 ], [ 18.912103973586795, 54.304579701939716 ], [ 18.912103976337495, 54.304579710342495 ], [ 18.91210397770994, 54.30457971886014 ], [ 18.912103977691718, 54.304579727415508 ], [ 18.912103976282982, 54.304579735931128 ], [ 18.912103973496492, 54.304579744329871 ], [ 18.912103969357485, 54.304579752535687 ], [ 18.912103963903444, 54.304579760474262 ], [ 18.912103957183763, 54.30457976807368 ], [ 18.909880245792717, 54.306825620512427 ], [ 18.909880244154792, 54.306825622364549 ], [ 18.909880245784617, 54.306825624219101 ], [ 18.912094379911665, 54.309074750147467 ], [ 18.912094386599673, 54.309074757756669 ], [ 18.912094392020457, 54.309074765703151 ], [ 18.912094396124935, 54.309074773914965 ], [ 18.912094398875926, 54.309074782317744 ], [ 18.91209440024852, 54.309074790835375 ], [ 18.912094400230291, 54.309074799390743 ], [ 18.912094398821395, 54.309074807906349 ], [ 18.912094396034604, 54.309074816305085 ], [ 18.912094391895145, 54.309074824510894 ], [ 18.912094386440504, 54.309074832449461 ], [ 18.912094379720088, 54.309074840048879 ], [ 18.909870467863019, 54.311320647466665 ], [ 18.909870459936865, 54.311320654657976 ], [ 18.909870450877531, 54.311320661376186 ], [ 18.909870440767055, 54.311320667560452 ], [ 18.909870429697005, 54.311320673154761 ], [ 18.909870417767632, 54.311320678108451 ], [ 18.909870405086966, 54.311320682376667 ], [ 18.90987039176985, 54.311320685920741 ], [ 18.909870377936887, 54.311320688708591 ], [ 18.909870363713342, 54.311320690714979 ], [ 18.909870349228033, 54.311320691921708 ], [ 18.90987033461214, 54.311320692317871 ], [ 18.905432005514605, 54.311317294985145 ], [ 18.905432001952381, 54.311317295081587 ], [ 18.905432000020401, 54.311317296834197 ], [ 18.903207561851691, 54.313563023455828 ], [ 18.903207553923945, 54.313563030646698 ], [ 18.903207544863033, 54.313563037364396 ], [ 18.903207534751012, 54.313563043548115 ], [ 18.903207523679455, 54.313563049141806 ], [ 18.903207511748633, 54.313563054094828 ], [ 18.903207499066589, 54.313563058362355 ], [ 18.90320748574818, 54.313563061905676 ], [ 18.903207471914008, 54.313563064692779 ], [ 18.903207457689369, 54.313563066698372 ], [ 18.903207443203083, 54.313563067904298 ], [ 18.903207428586331, 54.313563068299665 ], [ 18.89876894418158, 54.313559425817864 ], [ 18.898768929566788, 54.313559425398537 ], [ 18.898768915086347, 54.313559424168822 ], [ 18.898768900871392, 54.313559422139882 ], [ 18.898768887050664, 54.313559419330105 ], [ 18.898768873749315, 54.313559415764921 ], [ 18.898768861087813, 54.313559411476604 ], [ 18.898768849180822, 54.313559406504027 ], [ 18.898768838136167, 54.313559400892174 ], [ 18.898768828053878, 54.313559394691893 ], [ 18.898768819025253, 54.313559387959351 ], [ 18.898768811132065, 54.313559380755493 ], [ 18.89655516349919, 54.311310012181735 ], [ 18.896555161575634, 54.311310010425942 ], [ 18.896555158013886, 54.311310010323666 ], [ 18.892116831875796, 54.311306123152761 ], [ 18.892116817261869, 54.311306122732631 ], [ 18.892116802782418, 54.31130612150212 ], [ 18.892116788568572, 54.311306119472398 ], [ 18.892116774749049, 54.311306116661854 ], [ 18.892116761449003, 54.311306113095938 ], [ 18.892116748788887, 54.311306108806924 ], [ 18.892116736883349, 54.31130610383368 ], [ 18.8921167258402, 54.311306098221223 ], [ 18.892116715759464, 54.311306092020388 ], [ 18.89211670673242, 54.311306085287335 ], [ 18.892116698840823, 54.311306078083042 ], [ 18.889903534874737, 54.309056586845706 ], [ 18.889903532951568, 54.309056585089827 ], [ 18.889903529390033, 54.309056584987353 ], [ 18.885465446697431, 54.30905245323607 ], [ 18.885465432084374, 54.309052452815116 ], [ 18.885465417605914, 54.309052451583817 ], [ 18.885465403393169, 54.30905244955332 ], [ 18.885465389574858, 54.309052446742015 ], [ 18.885465376276116, 54.309052443175354 ], [ 18.885465363617385, 54.309052438885651 ], [ 18.885465351713297, 54.309052433911731 ], [ 18.885465340671661, 54.309052428298671 ], [ 18.885465330592471, 54.309052422097281 ], [ 18.885465321567004, 54.309052415363738 ], [ 18.885465313677003, 54.309052408159005 ], [ 18.883252633310768, 54.306802794308439 ], [ 18.883252631387986, 54.306802792552432 ], [ 18.883252627826661, 54.30680279244978 ], [ 18.878814703546194, 54.306798416073121 ], [ 18.8788146999843, 54.306798416168753 ], [ 18.878814698051404, 54.306798417920959 ], [ 18.876589055685901, 54.309043654758568 ], [ 18.87658904775439, 54.30904366194769 ], [ 18.876589038690135, 54.309043668663392 ], [ 18.876589028575236, 54.309043674844872 ], [ 18.876589017501288, 54.309043680436126 ], [ 18.876589005568583, 54.309043685386548 ], [ 18.876588992885182, 54.309043689651247 ], [ 18.876588979565948, 54.309043693191654 ], [ 18.876588965731504, 54.309043695975696 ], [ 18.876588951507134, 54.309043697978147 ], [ 18.876588937021658, 54.309043699180876 ], [ 18.87658892240626, 54.30904369957301 ], [ 18.872150843269498, 54.309039078018778 ], [ 18.872150839707395, 54.309039078114239 ], [ 18.872150837774107, 54.309039079866317 ], [ 18.869924711810071, 54.311284192650241 ], [ 18.869924703876968, 54.311284199838923 ], [ 18.869924694811139, 54.311284206554134 ], [ 18.869924684694691, 54.311284212735053 ], [ 18.869924673619241, 54.311284218325696 ], [ 18.869924661685086, 54.311284223275422 ], [ 18.869924649000311, 54.311284227539446 ], [ 18.86992463567978, 54.311284231079107 ], [ 18.869924621844138, 54.311284233862388 ], [ 18.869924607618675, 54.311284235864058 ], [ 18.869924593132218, 54.311284237065991 ], [ 18.869924578515963, 54.311284237457308 ], [ 18.865486259490844, 54.311279370603039 ], [ 18.865486255928534, 54.311279370698294 ], [ 18.86548625399486, 54.311279372450279 ], [ 18.863259644366678, 54.313524361130121 ], [ 18.86325963643198, 54.313524368318369 ], [ 18.863259627364574, 54.313524375033069 ], [ 18.86325961724658, 54.313524381213419 ], [ 18.863259606169628, 54.313524386803451 ], [ 18.863259594234027, 54.313524391752509 ], [ 18.863259581547869, 54.313524396015836 ], [ 18.863259568226049, 54.313524399554758 ], [ 18.863259554389199, 54.313524402337258 ], [ 18.863259540162641, 54.313524404338153 ], [ 18.863259525675208, 54.31352440553929 ], [ 18.863259511058097, 54.313524405929797 ], [ 18.858820952211691, 54.313519293735375 ], [ 18.858820948649171, 54.313519293830439 ], [ 18.858820946715106, 54.313519295582303 ], [ 18.85659381064859, 54.315764203154338 ], [ 18.856593809007922, 54.315764205005721 ], [ 18.856593810635701, 54.315764206860997 ], [ 18.858805515895849, 54.318014305636396 ], [ 18.858805522575466, 54.318014313248526 ], [ 18.858805527987151, 54.318014321197381 ], [ 18.858805532081899, 54.318014329411 ], [ 18.858805534822626, 54.318014337814965 ], [ 18.858805536184509, 54.318014346333186 ], [ 18.858805536155216, 54.318014354888525 ], [ 18.858805534735012, 54.318014363403485 ], [ 18.85880553193676, 54.31801437180097 ], [ 18.858805527785805, 54.318014380004932 ], [ 18.858805522319727, 54.318014387941062 ], [ 18.858805515588038, 54.318014395537503 ], [ 18.856578220896825, 54.320259214897945 ], [ 18.856578212959665, 54.320259222085738 ], [ 18.85657820388969, 54.320259228799927 ], [ 18.856578193769042, 54.320259234979709 ], [ 18.856578182689368, 54.320259240569115 ], [ 18.856578170751018, 54.320259245517519 ], [ 18.856578158062099, 54.320259249780122 ], [ 18.856578144737526, 54.320259253318305 ], [ 18.856578130897969, 54.320259256100037 ], [ 18.856578116668768, 54.320259258100137 ], [ 18.856578102178769, 54.320259259300464 ], [ 18.85657808755921, 54.320259259690161 ], [ 18.85213880509697, 54.32025390123362 ], [ 18.852138801533854, 54.320253901328471 ], [ 18.852138799599192, 54.320253903080243 ], [ 18.849910978271325, 54.322498641262897 ], [ 18.849910970332569, 54.322498648450242 ], [ 18.849910961261017, 54.32249865516394 ], [ 18.849910951138821, 54.322498661343154 ], [ 18.849910940057644, 54.322498666931949 ], [ 18.849910928117843, 54.322498671879686 ], [ 18.84991091542755, 54.322498676141592 ], [ 18.849910902101684, 54.322498679679029 ], [ 18.849910888260926, 54.322498682460001 ], [ 18.849910874030627, 54.322498684459305 ], [ 18.849910859539651, 54.322498685658836 ], [ 18.849910844919236, 54.32249868604773 ], [ 18.845471322704448, 54.322493082130414 ], [ 18.845471319141122, 54.322493082225066 ], [ 18.845471317206069, 54.322493083976731 ], [ 18.843243011884603, 54.324737697883776 ], [ 18.843243003944256, 54.324737705070689 ], [ 18.843242994871126, 54.324737711783875 ], [ 18.843242984747381, 54.32473771796252 ], [ 18.843242973664701, 54.324737723550697 ], [ 18.843242961723451, 54.32473772849778 ], [ 18.843242949031776, 54.324737732758969 ], [ 18.843242935704616, 54.324737736295667 ], [ 18.843242921862661, 54.324737739075879 ], [ 18.843242907631264, 54.324737741074387 ], [ 18.843242893139312, 54.324737742273122 ], [ 18.843242878518041, 54.324737742661213 ], [ 18.838803116617939, 54.324731893243026 ], [ 18.838803113054407, 54.324731893337479 ], [ 18.838803111118967, 54.32473189508903 ], [ 18.836574278997237, 54.326976427709496 ], [ 18.836574277355222, 54.326976429560609 ], [ 18.836574278982543, 54.326976431416135 ], [ 18.838785491137561, 54.329226892581573 ], [ 18.838785497815291, 54.32922690019479 ], [ 18.838785503224585, 54.329226908144527 ], [ 18.838785507316452, 54.329226916358813 ], [ 18.838785510053835, 54.329226924763212 ], [ 18.838785511411945, 54.329226933281632 ], [ 18.838785511378486, 54.329226941836957 ], [ 18.838785509953762, 54.329226950351661 ], [ 18.838785507150664, 54.329226958748656 ], [ 18.83878550299459, 54.329226966951914 ], [ 18.838785497523173, 54.329226974887128 ], [ 18.838785490785959, 54.329226982482425 ], [ 18.83655649963897, 54.331471426844729 ], [ 18.836556491696161, 54.33147143403118 ], [ 18.836556482620459, 54.331471440743861 ], [ 18.836556472494053, 54.331471446921924 ], [ 18.836556461408655, 54.331471452509483 ], [ 18.836556449464656, 54.331471457455905 ], [ 18.836556436770216, 54.331471461716369 ], [ 18.836556423440303, 54.331471465252349 ], [ 18.836556409595641, 54.331471468031786 ], [ 18.836556395361594, 54.331471470029506 ], [ 18.83655638086708, 54.331471471227417 ], [ 18.836556366243357, 54.331471471614698 ], [ 18.832115880534165, 54.331465375652165 ], [ 18.832115876970036, 54.331465375746419 ], [ 18.832115875033995, 54.331465377497857 ], [ 18.829886314133248, 54.333709783540584 ], [ 18.829886312490661, 54.333709785391598 ], [ 18.829886314117946, 54.333709787247223 ], [ 18.83209752131518, 54.335960368432097 ], [ 18.832097527992762, 54.335960376045676 ], [ 18.832097533401644, 54.335960383995719 ], [ 18.832097537492842, 54.335960392210197 ], [ 18.832097540229309, 54.335960400614759 ], [ 18.832097541586258, 54.33596040913325 ], [ 18.832097541551402, 54.335960417688547 ], [ 18.832097540125055, 54.335960426203158 ], [ 18.832097537320141, 54.335960434599997 ], [ 18.832097533162052, 54.335960442803007 ], [ 18.83209752768845, 54.335960450737915 ], [ 18.832097520948903, 54.335960458332821 ], [ 18.829867800850593, 54.338204776101861 ], [ 18.829867792905315, 54.338204783287864 ], [ 18.829867783827037, 54.338204790000013 ], [ 18.829867773697977, 54.338204796177536 ], [ 18.829867762609862, 54.338204801764476 ], [ 18.829867750663102, 54.338204806710209 ], [ 18.829867737965898, 54.338204810969977 ], [ 18.829867724633235, 54.338204814505197 ], [ 18.829867710785859, 54.338204817283867 ], [ 18.829867696549165, 54.33820481928079 ], [ 18.829867682052086, 54.338204820477912 ], [ 18.829867667425916, 54.338204820864362 ], [ 18.82542645771106, 54.338198478236244 ], [ 18.825426454146335, 54.338198478330305 ], [ 18.825426452209694, 54.338198480081644 ], [ 18.823196204900302, 54.340442716420831 ], [ 18.823196196953429, 54.340442723606394 ], [ 18.823196187873574, 54.340442730318038 ], [ 18.823196177742961, 54.340442736494992 ], [ 18.823196166653336, 54.340442742081308 ], [ 18.823196154705133, 54.340442747026387 ], [ 18.823196142006552, 54.340442751285458 ], [ 18.823196128672596, 54.340442754819932 ], [ 18.823196114824015, 54.34044275759782 ], [ 18.823196100586227, 54.340442759593969 ], [ 18.823196086088171, 54.340442760790282 ], [ 18.82319607146114, 54.340442761175936 ], [ 18.818754622132033, 54.340436172845727 ], [ 18.818754618567095, 54.340436172939597 ], [ 18.818754616630066, 54.340436174690822 ], [ 18.816523884799206, 54.3426802865119 ], [ 18.816523876850741, 54.342680293697022 ], [ 18.816523867769302, 54.342680300408155 ], [ 18.816523857637144, 54.342680306584562 ], [ 18.816523846546012, 54.342680312170259 ], [ 18.81652383459636, 54.342680317114656 ], [ 18.8165238218964, 54.342680321373045 ], [ 18.816523808561147, 54.342680324906773 ], [ 18.816523794711365, 54.342680327683901 ], [ 18.816523780472483, 54.342680329679261 ], [ 18.816523765973447, 54.342680330874749 ], [ 18.816523751345564, 54.342680331259594 ], [ 18.812082062469685, 54.342673497187221 ], [ 18.812082058904544, 54.342673497280884 ], [ 18.812082056967125, 54.342673499031996 ], [ 18.809850840549313, 54.344917486284494 ], [ 18.809850832599253, 54.344917493469175 ], [ 18.809850823516236, 54.344917500179818 ], [ 18.809850813382521, 54.344917506355642 ], [ 18.80985080228989, 54.344917511940722 ], [ 18.809850790338785, 54.344917516884465 ], [ 18.809850777637447, 54.344917521142129 ], [ 18.809850764300897, 54.344917524675118 ], [ 18.809850750449918, 54.344917527451486 ], [ 18.809850736209938, 54.344917529446057 ], [ 18.809850721709925, 54.344917530640757 ], [ 18.809850707081186, 54.344917531024784 ], [ 18.805408863903548, 54.34491045130747 ], [ 18.805408849278621, 54.344910450876803 ], [ 18.805408834789983, 54.344910449635904 ], [ 18.805408820568847, 54.344910447595971 ], [ 18.805408806744005, 54.3449104447755 ], [ 18.805408793440652, 54.344910441200042 ], [ 18.80540878077927, 54.344910436901955 ], [ 18.805408768874518, 54.344910431920191 ], [ 18.805408757834208, 54.344910426299833 ], [ 18.805408747758324, 54.344910420091786 ], [ 18.805408738738116, 54.344910413352302 ], [ 18.805408730855273, 54.34491040614239 ], [ 18.803198503552867, 54.342659340202431 ], [ 18.803198501631829, 54.342659338445159 ], [ 18.803198498067616, 54.342659338340141 ], [ 18.798756729779388, 54.342652013730259 ], [ 18.798756726214215, 54.342652013823518 ], [ 18.798756724276231, 54.342652015574423 ], [ 18.796524783860889, 54.344895755839069 ], [ 18.796524775908509, 54.344895763022862 ], [ 18.796524766823332, 54.344895769732489 ], [ 18.796524756687628, 54.344895775907212 ], [ 18.796524745593196, 54.344895781491061 ], [ 18.796524733640506, 54.34489578643349 ], [ 18.7965247209378, 54.344895790689741 ], [ 18.796524707600117, 54.344895794221259 ], [ 18.79652469374825, 54.344895796996099 ], [ 18.796524679507638, 54.3448957989891 ], [ 18.796524665007247, 54.344895800182194 ], [ 18.796524650378398, 54.344895800564608 ], [ 18.792082813161723, 54.34488823041842 ], [ 18.792082798536942, 54.344888229986154 ], [ 18.79208278404872, 54.344888228743649 ], [ 18.792082769828259, 54.344888226702139 ], [ 18.792082756004337, 54.34488822388014 ], [ 18.792082742702153, 54.344888220303218 ], [ 18.792082730042168, 54.344888216003739 ], [ 18.792082718139039, 54.344888211020653 ], [ 18.792082707100558, 54.34488820539908 ], [ 18.792082697026689, 54.344888199189924 ], [ 18.792082688008669, 54.344888192449432 ], [ 18.792082680128164, 54.344888185238673 ], [ 18.789873225148686, 54.342636919100066 ], [ 18.78987321847783, 54.342636911484149 ], [ 18.789873213076227, 54.342636903532245 ], [ 18.789873208992795, 54.342636895316332 ], [ 18.789873206264502, 54.342636886910853 ], [ 18.78987320491607, 54.3426368783919 ], [ 18.789873204959704, 54.342636869836639 ], [ 18.789873206395004, 54.342636861322525 ], [ 18.789873209208984, 54.342636852926688 ], [ 18.789873213376151, 54.342636844725149 ], [ 18.789873218858769, 54.342636836792195 ], [ 18.789873225607188, 54.342636829199648 ], [ 18.792105405234643, 54.340393211313504 ], [ 18.792105406879191, 54.340393209462995 ], [ 18.792105405253345, 54.34039320760688 ], [ 18.789896104686346, 54.338141854072227 ], [ 18.78989610276609, 54.338141852314749 ], [ 18.789896099202295, 54.338141852209326 ], [ 18.78545490676234, 54.33813403863077 ], [ 18.785454892140031, 54.338134038197701 ], [ 18.785454877654384, 54.338134036954408 ], [ 18.785454863436577, 54.338134034912123 ], [ 18.78545484961538, 54.338134032089364 ], [ 18.785454836315953, 54.33813402851171 ], [ 18.785454823658736, 54.338134024211534 ], [ 18.785454811758356, 54.338134019227795 ], [ 18.78545480072259, 54.338134013605604 ], [ 18.785454790651372, 54.338134007395894 ], [ 18.785454781635913, 54.338134000654904 ], [ 18.785454773757856, 54.338133993443691 ], [ 18.783246000006979, 54.335882560942679 ], [ 18.783245998087107, 54.33588255918508 ], [ 18.783245994523529, 54.335882559079465 ], [ 18.778805047519295, 54.335874501006579 ], [ 18.778805032897861, 54.335874500572693 ], [ 18.778805018413212, 54.33587449932859 ], [ 18.778805004196521, 54.335874497285538 ], [ 18.778804990376535, 54.335874494462018 ], [ 18.778804977078416, 54.335874490883633 ], [ 18.778804964422591, 54.335874486582753 ], [ 18.778804952523668, 54.335874481598353 ], [ 18.778804941489412, 54.335874475975558 ], [ 18.778804931419749, 54.335874469765301 ], [ 18.778804922405872, 54.335874463023806 ], [ 18.778804914529413, 54.335874455812153 ], [ 18.776596625160394, 54.333622901224857 ], [ 18.776596623240913, 54.33362289946718 ], [ 18.776596619677552, 54.333622899361366 ], [ 18.772155918174288, 54.333614596834828 ], [ 18.772155903553724, 54.333614596400132 ], [ 18.772155889070071, 54.33361459515524 ], [ 18.772155874854491, 54.333614593111406 ], [ 18.772155861035721, 54.333614590287112 ], [ 18.772155847738908, 54.333614586707995 ], [ 18.772155835084472, 54.333614582406426 ], [ 18.77215582318701, 54.333614577421365 ], [ 18.772155812154267, 54.333614571797966 ], [ 18.772155802086161, 54.333614565587148 ], [ 18.772155793073864, 54.333614558845163 ], [ 18.772155785198997, 54.333614551633076 ], [ 18.769947980144149, 54.331362875009873 ], [ 18.769947978225055, 54.331362873252075 ], [ 18.769947974661903, 54.331362873146077 ], [ 18.76550751872481, 54.331354326206579 ], [ 18.765507504105123, 54.331354325771073 ], [ 18.765507489622468, 54.331354324525385 ], [ 18.765507475408, 54.331354322480756 ], [ 18.765507461590445, 54.331354319655716 ], [ 18.76550744829494, 54.331354316075853 ], [ 18.765507435641894, 54.331354311773588 ], [ 18.765507423745888, 54.33135430678788 ], [ 18.765507412714658, 54.331354301163863 ], [ 18.765507402648105, 54.331354294952497 ], [ 18.765507393637392, 54.331354288210015 ], [ 18.765507385764121, 54.331354280997495 ], [ 18.763300064955711, 54.329102482388748 ], [ 18.763300063037008, 54.329102480630837 ], [ 18.763300059474073, 54.329102480524632 ], [ 18.758859764023779, 54.329093689042708 ], [ 18.758859760459696, 54.329093689134808 ], [ 18.758859758520657, 54.329093690885067 ], [ 18.756626384827143, 54.331336696733317 ], [ 18.756626376870443, 54.331336703914495 ], [ 18.756626367781774, 54.331336710621144 ], [ 18.756626357643444, 54.331336716792507 ], [ 18.756626346547275, 54.331336722372697 ], [ 18.756626334593747, 54.331336727311196 ], [ 18.756626321891119, 54.331336731563255 ], [ 18.756626308554424, 54.331336735090382 ], [ 18.756626294704446, 54.331336737860639 ], [ 18.756626280466605, 54.331336739848936 ], [ 18.756626265969849, 54.331336741037248 ], [ 18.756626251345455, 54.331336741414837 ], [ 18.752185802558802, 54.331327704280874 ], [ 18.752185798994507, 54.331327704372775 ], [ 18.75218579705508, 54.331327706122927 ], [ 18.749951939117782, 54.333570587091231 ], [ 18.749951931159487, 54.333570594271976 ], [ 18.74995192206924, 54.333570600978113 ], [ 18.749951911929365, 54.333570607148914 ], [ 18.749951900831686, 54.333570612728487 ], [ 18.749951888876716, 54.333570617666311 ], [ 18.749951876172709, 54.333570621917673 ], [ 18.749951862834724, 54.333570625444054 ], [ 18.749951848983546, 54.33357062821355 ], [ 18.749951834744618, 54.333570630201038 ], [ 18.749951820246881, 54.333570631388554 ], [ 18.749951805621642, 54.33357063176534 ], [ 18.745511118421863, 54.333561348772342 ], [ 18.745511114857361, 54.333561348864038 ], [ 18.745511112917548, 54.333561350614076 ], [ 18.743276727823787, 54.335804149658195 ], [ 18.743276726177236, 54.335804151508029 ], [ 18.743276727800694, 54.335804153364819 ], [ 18.745483311117127, 54.338056314880973 ], [ 18.745483317779026, 54.338056322499327 ], [ 18.745483323171459, 54.338056330453213 ], [ 18.745483327245587, 54.338056338670619 ], [ 18.745483329964518, 54.338056347077099 ], [ 18.745483331303625, 54.338056355596542 ], [ 18.745483331250785, 54.338056364151797 ], [ 18.745483329806472, 54.338056372665363 ], [ 18.74548332698377, 54.338056381060156 ], [ 18.745483322808237, 54.33805638926016 ], [ 18.745483317317692, 54.33805639719111 ], [ 18.745483310561859, 54.338056404781163 ], [ 18.743248765133323, 54.340299115348166 ], [ 18.743248757172555, 54.340299122528457 ], [ 18.743248748079729, 54.340299129234076 ], [ 18.74324873793719, 54.340299135404294 ], [ 18.743248726836796, 54.340299140983255 ], [ 18.743248714879066, 54.340299145920405 ], [ 18.743248702172298, 54.340299150171049 ], [ 18.74324868883156, 54.340299153696684 ], [ 18.743248674977671, 54.340299156465392 ], [ 18.743248660736096, 54.340299158452105 ], [ 18.743248646235802, 54.340299159638803 ], [ 18.743248631608115, 54.340299160014766 ], [ 18.738807306790228, 54.340289629738251 ], [ 18.738807292167667, 54.340289629299527 ], [ 18.738807277682689, 54.340289628050627 ], [ 18.73880726346647, 54.340289626002843 ], [ 18.738807249647767, 54.340289623174755 ], [ 18.738807236351711, 54.340289619591964 ], [ 18.738807223698718, 54.340289615286892 ], [ 18.738807211803376, 54.340289610298576 ], [ 18.738807200773412, 54.340289604672122 ], [ 18.738807190708712, 54.340289598458533 ], [ 18.738807181700423, 54.340289591714075 ], [ 18.738807173830132, 54.340289584499821 ], [ 18.736600836610233, 54.338037302035566 ], [ 18.736600834692258, 54.338037300277243 ], [ 18.736600831128616, 54.338037300170242 ], [ 18.732159667306156, 54.338027525342405 ], [ 18.732159652684469, 54.338027524902891 ], [ 18.732159638200489, 54.338027523653182 ], [ 18.732159623985389, 54.338027521604637 ], [ 18.732159610167898, 54.338027518775782 ], [ 18.732159596873153, 54.338027515192252 ], [ 18.732159584221549, 54.338027510886505 ], [ 18.732159572327667, 54.338027505897507 ], [ 18.73215956129922, 54.338027500270449 ], [ 18.732159551236077, 54.338027494056313 ], [ 18.732159542229372, 54.338027487311351 ], [ 18.732159534360676, 54.338027480096663 ], [ 18.729953681579673, 54.335775075819434 ], [ 18.729953679662081, 54.335775074061011 ], [ 18.72995367609866, 54.335775073953812 ], [ 18.725512758504188, 54.33576505479661 ], [ 18.725512743883378, 54.335765054356273 ], [ 18.725512729400396, 54.335765053105781 ], [ 18.725512715186408, 54.335765051056441 ], [ 18.725512701370135, 54.335765048226826 ], [ 18.725512688076702, 54.335765044642571 ], [ 18.72551267542649, 54.335765040336113 ], [ 18.725512663534065, 54.335765035346469 ], [ 18.725512652507128, 54.335765029718814 ], [ 18.72551264244554, 54.335765023504109 ], [ 18.72551263344042, 54.33576501675865 ], [ 18.725512625573316, 54.335765009543536 ], [ 18.723307299450607, 54.333512526698037 ], [ 18.723307292793542, 54.333512519078461 ], [ 18.723307287405987, 54.33351251112358 ], [ 18.723307283336727, 54.333512502905421 ], [ 18.723307280622617, 54.333512494498436 ], [ 18.723307279288242, 54.333512485978751 ], [ 18.723307279345676, 54.333512477423511 ], [ 18.723307280794405, 54.333512468910207 ], [ 18.723307283621306, 54.333512460515919 ], [ 18.723307287800786, 54.333512452316683 ], [ 18.723307293294987, 54.333512444386756 ], [ 18.723307300054152, 54.333512436797939 ], [ 18.725542602963078, 54.33127005080366 ], [ 18.72554260461024, 54.331270048954082 ], [ 18.725542602987758, 54.33127004709705 ], [ 18.723337430301786, 54.329017477007739 ], [ 18.723337428384795, 54.329017475249209 ], [ 18.72333742482197, 54.329017475141825 ], [ 18.718897237756938, 54.32900721338536 ], [ 18.718897223138597, 54.329007212944212 ], [ 18.718897208658195, 54.329007211692939 ], [ 18.718897194446868, 54.329007209642825 ], [ 18.718897180633313, 54.329007206812456 ], [ 18.718897167342636, 54.329007203227462 ], [ 18.718897154695188, 54.329007198920323 ], [ 18.718897142805513, 54.329007193930018 ], [ 18.71889713178129, 54.329007188301752 ], [ 18.718897121722346, 54.329007182086507 ], [ 18.718897112719784, 54.329007175340557 ], [ 18.718897104855127, 54.329007168124988 ], [ 18.716692500900162, 54.326754562733463 ], [ 18.716692494245407, 54.326754555113503 ], [ 18.716692488860005, 54.326754547158316 ], [ 18.716692484792727, 54.326754538939937 ], [ 18.716692482080408, 54.326754530532803 ], [ 18.716692480747614, 54.326754522013033 ], [ 18.716692480806405, 54.326754513457779 ], [ 18.71669248225626, 54.326754504944553 ], [ 18.716692485084042, 54.326754496550429 ], [ 18.716692489264144, 54.326754488351398 ], [ 18.716692494758711, 54.326754480421769 ], [ 18.716692501517979, 54.326754472833322 ], [ 18.718927796082149, 54.324512206839294 ], [ 18.718927797729343, 54.324512204989794 ], [ 18.718927796107419, 54.32451220313267 ], [ 18.716723387688116, 54.322259553708832 ], [ 18.716723381034079, 54.322259546088887 ], [ 18.716723375649259, 54.322259538133693 ], [ 18.716723371582411, 54.3222595299153 ], [ 18.71672336887038, 54.322259521508172 ], [ 18.716723367537721, 54.322259512988381 ], [ 18.716723367596497, 54.322259504433134 ], [ 18.716723369046182, 54.322259495919894 ], [ 18.716723371873648, 54.322259487525749 ], [ 18.716723376053285, 54.322259479326725 ], [ 18.71672338154724, 54.322259471397082 ], [ 18.716723388305766, 54.322259463808614 ], [ 18.718958436648069, 54.320017195269187 ], [ 18.718958438295079, 54.320017193419694 ], [ 18.718958436673333, 54.320017191562556 ], [ 18.716754223738612, 54.31776449810534 ], [ 18.71675422182242, 54.317764496346705 ], [ 18.716754218260586, 54.317764496239114 ], [ 18.712315245423945, 54.317753993732879 ], [ 18.712315230809665, 54.317753993290964 ], [ 18.712315216333415, 54.317753992038895 ], [ 18.712315202126295, 54.317753989987999 ], [ 18.712315188316964, 54.317753987156877 ], [ 18.712315175030483, 54.317753983571158 ], [ 18.712315162387174, 54.317753979263308 ], [ 18.712315150501539, 54.31775397427235 ], [ 18.712315139481216, 54.317753968643494 ], [ 18.712315129426006, 54.317753962427687 ], [ 18.712315120426972, 54.317753955681233 ], [ 18.712315112565609, 54.317753948465231 ], [ 18.710111467991542, 54.315501219800339 ], [ 18.710111461339814, 54.315501212180024 ], [ 18.710111455957144, 54.315501204224525 ], [ 18.710111451892281, 54.315501196005911 ], [ 18.710111449182037, 54.315501187598613 ], [ 18.710111447850952, 54.315501179078758 ], [ 18.710111447911093, 54.315501170523504 ], [ 18.710111449361897, 54.315501162010328 ], [ 18.710111452190237, 54.315501153616331 ], [ 18.710111456370498, 54.315501145417535 ], [ 18.71011146186482, 54.315501137488177 ], [ 18.710111468623452, 54.315501129900078 ], [ 18.712346508429658, 54.313258981309488 ], [ 18.712346510076692, 54.313258979460073 ], [ 18.712346508455507, 54.313258977602857 ], [ 18.710143016922597, 54.311006161723405 ], [ 18.710143015007006, 54.311006159964641 ], [ 18.710143011445773, 54.311006159856881 ], [ 18.705704768530026, 54.310995415032487 ], [ 18.705704753918219, 54.310995414589776 ], [ 18.705704739444545, 54.310995413336904 ], [ 18.705704725240079, 54.310995411285241 ], [ 18.705704711433466, 54.310995408453365 ], [ 18.705704698149738, 54.310995404866915 ], [ 18.70570468550919, 54.310995400558383 ], [ 18.7057046736263, 54.310995395566778 ], [ 18.705704662608685, 54.310995389937297 ], [ 18.705704652556118, 54.310995383720929 ], [ 18.705704643559638, 54.310995376973985 ], [ 18.705704635700716, 54.310995369757556 ], [ 18.70350167005887, 54.308742475543731 ], [ 18.703501668143662, 54.308742473784882 ], [ 18.703501664582642, 54.308742473676908 ], [ 18.69906358278028, 54.30873148463445 ], [ 18.699063579217828, 54.308731484724788 ], [ 18.699063577277219, 54.30873148647408 ], [ 18.696828062633443, 54.310973390047707 ], [ 18.696828054670284, 54.310973397224956 ], [ 18.696828045576407, 54.310973403927107 ], [ 18.696828035434169, 54.31097341009346 ], [ 18.696828024335417, 54.31097341566818 ], [ 18.696828012380664, 54.31097342060076 ], [ 18.696827999678174, 54.310973424846537 ], [ 18.696827986342988, 54.310973428367078 ], [ 18.696827972495861, 54.310973431130485 ], [ 18.696827958262205, 54.310973433111727 ], [ 18.696827943770913, 54.310973434292862 ], [ 18.696827929153226, 54.310973434663211 ], [ 18.692389780273466, 54.310962200233121 ], [ 18.692389765661815, 54.310962199788797 ], [ 18.692389751188564, 54.31096219853432 ], [ 18.692389736984779, 54.310962196481093 ], [ 18.692389723179097, 54.31096219364769 ], [ 18.692389709896542, 54.310962190059783 ], [ 18.692389697257404, 54.310962185749858 ], [ 18.692389685376142, 54.310962180756931 ], [ 18.692389674360356, 54.310962175126235 ], [ 18.692389664309808, 54.310962168908773 ], [ 18.692389655315516, 54.310962162160827 ], [ 18.692389647458935, 54.310962154943532 ], [ 18.690187453958711, 54.308709061779346 ], [ 18.690187447311757, 54.30870905415793 ], [ 18.690187441933816, 54.30870904620155 ], [ 18.69018743787359, 54.308709037982261 ], [ 18.69018743516785, 54.308709029574501 ], [ 18.690187433841096, 54.308709021054426 ], [ 18.690187433905351, 54.308709012499179 ], [ 18.690187435360023, 54.308709003986245 ], [ 18.690187438191945, 54.30870899559271 ], [ 18.690187442375471, 54.308708987394589 ], [ 18.690187447872709, 54.308708979466132 ], [ 18.690187454633882, 54.308708971879149 ], [ 18.692423206497494, 54.306467190828293 ], [ 18.692423208145147, 54.306467188979141 ], [ 18.692423206525124, 54.306467187121669 ], [ 18.690221207946497, 54.304214049994144 ], [ 18.690221201300258, 54.30421404237272 ], [ 18.690221195922895, 54.304214034416326 ], [ 18.690221191863099, 54.304214026197045 ], [ 18.69022118915764, 54.304214017789292 ], [ 18.690221187831025, 54.304214009269195 ], [ 18.690221187895261, 54.304214000713934 ], [ 18.690221189349764, 54.304213992200999 ], [ 18.690221192181365, 54.304213983807465 ], [ 18.690221196364426, 54.304213975609336 ], [ 18.690221201861057, 54.304213967680866 ], [ 18.690221208621484, 54.304213960093868 ], [ 18.692456714140381, 54.301972176416236 ], [ 18.692456715787852, 54.301972174567098 ], [ 18.692456714168006, 54.301972172709611 ], [ 18.690254910460101, 54.299718991617674 ], [ 18.690254908545874, 54.299718989858604 ], [ 18.690254904985672, 54.299718989750254 ], [ 18.685817884275824, 54.299707514919128 ], [ 18.685817869668234, 54.299707514474008 ], [ 18.685817855199129, 54.299707513218749 ], [ 18.685817840999551, 54.299707511164755 ], [ 18.685817827198083, 54.299707508330592 ], [ 18.685817813919723, 54.29970750474196 ], [ 18.685817801284713, 54.299707500431339 ], [ 18.685817789407487, 54.299707495437772 ], [ 18.685817778395599, 54.299707489806487 ], [ 18.685817768348777, 54.299707483588456 ], [ 18.685817759358006, 54.29970747684002 ], [ 18.685817751504711, 54.299707469622291 ], [ 18.683616473318992, 54.297454210373523 ], [ 18.683616471405156, 54.297454208614347 ], [ 18.683616467845162, 54.297454208505798 ], [ 18.679179693476563, 54.297442489831212 ], [ 18.679179678869851, 54.297442489385269 ], [ 18.679179664401747, 54.297442488129228 ], [ 18.679179650203277, 54.297442486074438 ], [ 18.679179636403028, 54.297442483239529 ], [ 18.679179623125975, 54.297442479650172 ], [ 18.679179610492355, 54.297442475338848 ], [ 18.679179598616582, 54.297442470344635 ], [ 18.679179587606207, 54.297442464712731 ], [ 18.679179577560937, 54.297442458494153 ], [ 18.679179568571747, 54.297442451745219 ], [ 18.679179560720044, 54.297442444527064 ], [ 18.676978765765682, 54.295189063966397 ], [ 18.676978763852233, 54.295189062207122 ], [ 18.676978760292457, 54.295189062098373 ], [ 18.67254223232959, 54.295177099621064 ], [ 18.672542217723752, 54.295177099174332 ], [ 18.672542203256647, 54.295177097917502 ], [ 18.672542189059293, 54.295177095861938 ], [ 18.672542175260258, 54.295177093026254 ], [ 18.672542161984513, 54.295177089436166 ], [ 18.672542149352282, 54.295177085124159 ], [ 18.672542137477965, 54.295177080129278 ], [ 18.672542126469104, 54.295177074496777 ], [ 18.672542116425383, 54.295177068277646 ], [ 18.672542107437774, 54.295177061528221 ], [ 18.672542099587666, 54.295177054309619 ], [ 18.670341787796627, 54.292923552487316 ], [ 18.670341785883569, 54.292923550727934 ], [ 18.670341782324005, 54.292923550618994 ], [ 18.665905500831308, 54.292911344379725 ], [ 18.665905486226347, 54.292911343932197 ], [ 18.665905471760244, 54.292911342674564 ], [ 18.665905457563998, 54.292911340618225 ], [ 18.665905443766178, 54.292911337781788 ], [ 18.665905430491744, 54.292911334190975 ], [ 18.665905417860902, 54.292911329878258 ], [ 18.665905405988042, 54.292911324882731 ], [ 18.665905394980687, 54.292911319249619 ], [ 18.665905384938522, 54.292911313029933 ], [ 18.665905375952491, 54.292911306280011 ], [ 18.665905368103974, 54.292911299060982 ], [ 18.663705539408209, 54.29065767602728 ], [ 18.663705537495538, 54.290657674267791 ], [ 18.663705533936191, 54.290657674158659 ], [ 18.659269413913602, 54.290645223957902 ], [ 18.659269410352632, 54.290645224047054 ], [ 18.659269408411191, 54.290645225795728 ], [ 18.657032719104233, 54.29288639681895 ], [ 18.657032711137667, 54.292886403993577 ], [ 18.657032702041338, 54.292886410692759 ], [ 18.657032691897626, 54.292886416855765 ], [ 18.657032680798391, 54.292886422426839 ], [ 18.657032668844145, 54.292886427355491 ], [ 18.657032656143159, 54.292886431597104 ], [ 18.657032642810446, 54.292886435113246 ], [ 18.65703262896675, 54.292886437872106 ], [ 18.657032614737442, 54.292886439848665 ], [ 18.657032600251387, 54.292886441025047 ], [ 18.657032585639776, 54.292886441390579 ], [ 18.652596399324263, 54.292873745902874 ], [ 18.652596384719466, 54.292873745453726 ], [ 18.652596370253786, 54.292873744194495 ], [ 18.652596356058226, 54.292873742136578 ], [ 18.652596342261344, 54.292873739298628 ], [ 18.652596328988082, 54.292873735706351 ], [ 18.652596316358647, 54.292873731392241 ], [ 18.652596304487417, 54.292873726395413 ], [ 18.652596293481892, 54.292873720761087 ], [ 18.652596283441753, 54.292873714540299 ], [ 18.65259627445791, 54.29287370778939 ], [ 18.652596266611724, 54.292873700569501 ], [ 18.650397167608265, 54.290619835904039 ], [ 18.650397165696162, 54.290619834144344 ], [ 18.650397162136855, 54.290619834034814 ], [ 18.645961137483621, 54.290606894625526 ], [ 18.645961122879704, 54.290606894175596 ], [ 18.645961108415023, 54.290606892915569 ], [ 18.645961094220578, 54.290606890856886 ], [ 18.645961080424907, 54.290606888018154 ], [ 18.645961067152957, 54.290606884425152 ], [ 18.645961054524914, 54.290606880110353 ], [ 18.645961042655138, 54.290606875112864 ], [ 18.64596103165113, 54.290606869477941 ], [ 18.645961021612536, 54.290606863256599 ], [ 18.645961012630274, 54.2906068565052 ], [ 18.645961004785683, 54.29060684928487 ], [ 18.643762430963481, 54.288352906761403 ], [ 18.643762424328372, 54.288352899137415 ], [ 18.643762418962027, 54.288352891178953 ], [ 18.643762414913038, 54.28835288295808 ], [ 18.643762412218077, 54.288352874549275 ], [ 18.643762410901548, 54.288352866028681 ], [ 18.64376241097537, 54.288352857473441 ], [ 18.643762412438882, 54.288352848961047 ], [ 18.643762415278825, 54.288352840568592 ], [ 18.643762419469486, 54.28835283237207 ], [ 18.643762424972902, 54.28835282444571 ], [ 18.643762431739248, 54.288352816861305 ], [ 18.645999593634201, 54.286111890966097 ], [ 18.645999595283115, 54.286111889117578 ], [ 18.64599959366598, 54.28611188725948 ], [ 18.64380121384287, 54.283857900893686 ], [ 18.643801207208472, 54.283857893269698 ], [ 18.643801201842699, 54.283857885311228 ], [ 18.64380119779414, 54.283857877090362 ], [ 18.643801195099456, 54.283857868681551 ], [ 18.643801193783059, 54.283857860160957 ], [ 18.643801193856866, 54.283857851605703 ], [ 18.643801195320204, 54.283857843093294 ], [ 18.643801198159824, 54.283857834700839 ], [ 18.643801202350016, 54.283857826504303 ], [ 18.643801207852825, 54.283857818577943 ], [ 18.643801214618421, 54.283857810993531 ], [ 18.64603812978595, 54.28161688232889 ], [ 18.646038131434683, 54.281616880480371 ], [ 18.646038129817722, 54.281616878622266 ], [ 18.643839986091987, 54.279362891635401 ], [ 18.643839979458299, 54.279362884011405 ], [ 18.643839974093098, 54.279362876052943 ], [ 18.643839970044969, 54.27936286783207 ], [ 18.643839967350566, 54.279362859423266 ], [ 18.643839966034299, 54.279362850902643 ], [ 18.643839966108082, 54.279362842347389 ], [ 18.643839967571253, 54.279362833834988 ], [ 18.643839970410554, 54.279362825442519 ], [ 18.643839974600276, 54.279362817245975 ], [ 18.643839980102477, 54.279362809319601 ], [ 18.643839986867324, 54.279362801735175 ], [ 18.646076655375563, 54.277121870301258 ], [ 18.646076657024114, 54.277121868452738 ], [ 18.646076655407327, 54.277121866594634 ], [ 18.643878705570465, 54.274867835764006 ], [ 18.643878703659368, 54.274867834004212 ], [ 18.643878700101432, 54.274867833894497 ], [ 18.639444370513797, 54.274854657351199 ], [ 18.639444355915522, 54.274854656900473 ], [ 18.63944434145656, 54.274854655639665 ], [ 18.639444327267849, 54.274854653580213 ], [ 18.639444313477895, 54.274854650740757 ], [ 18.639444300211565, 54.274854647147023 ], [ 18.639444287589015, 54.274854642831542 ], [ 18.63944427572455, 54.274854637833414 ], [ 18.639444264725618, 54.274854632197886 ], [ 18.639444254691828, 54.274854625975998 ], [ 18.639444245714049, 54.274854619224087 ], [ 18.63944423787358, 54.274854612003324 ], [ 18.63724681274385, 54.272600503423 ], [ 18.63724681083314, 54.272600501663085 ], [ 18.637246807275421, 54.272600501553171 ], [ 18.632812639316089, 54.272587081272903 ], [ 18.632812635756622, 54.27258708136128 ], [ 18.632812633814918, 54.272587083109528 ], [ 18.630575493504871, 54.274827769459307 ], [ 18.630575485537221, 54.274827776632229 ], [ 18.630575476440598, 54.274827783329435 ], [ 18.630575466297397, 54.274827789490246 ], [ 18.630575455199466, 54.274827795058897 ], [ 18.630575443247317, 54.274827799984941 ], [ 18.630575430549186, 54.274827804223776 ], [ 18.630575417220069, 54.274827807737026 ], [ 18.630575403380682, 54.274827810492845 ], [ 18.630575389156345, 54.274827812466299 ], [ 18.630575374675892, 54.274827813639526 ], [ 18.630575360070448, 54.27482781400186 ], [ 18.626141126401073, 54.274814148555855 ], [ 18.626141111802966, 54.274814148103516 ], [ 18.626141097344433, 54.274814146841109 ], [ 18.626141083156408, 54.274814144780102 ], [ 18.626141069367382, 54.274814141939125 ], [ 18.626141056102238, 54.274814138343928 ], [ 18.626141043481095, 54.274814134027068 ], [ 18.626141031618257, 54.274814129027625 ], [ 18.626141020621159, 54.274814123390883 ], [ 18.626141010589386, 54.274814117167899 ], [ 18.626141001613796, 54.274814110415001 ], [ 18.62614099377566, 54.274814103193371 ], [ 18.623944297921557, 54.272559753383568 ], [ 18.623944296011416, 54.27255975162344 ], [ 18.623944292453739, 54.272559751513128 ], [ 18.619510135577606, 54.272545842101842 ], [ 18.619510132018114, 54.272545842189828 ], [ 18.619510130075849, 54.272545843937856 ], [ 18.617272271577281, 54.274786282315034 ], [ 18.61727226360733, 54.274786289487082 ], [ 18.617272254508567, 54.274786296183265 ], [ 18.617272244363395, 54.274786302342974 ], [ 18.617272233263687, 54.274786307910389 ], [ 18.617272221309968, 54.274786312835118 ], [ 18.617272208610494, 54.274786317072547 ], [ 18.617272195280268, 54.274786320584305 ], [ 18.617272181440011, 54.274786323338617 ], [ 18.617272167215063, 54.274786325310494 ], [ 18.617272152734252, 54.274786326482115 ], [ 18.617272138128715, 54.274786326842843 ], [ 18.612837830711229, 54.274772171972721 ], [ 18.61283782715153, 54.274772172060509 ], [ 18.612837825208878, 54.274772173808437 ], [ 18.610599484160318, 54.27701248671881 ], [ 18.610599476188778, 54.277012493890403 ], [ 18.610599467088445, 54.277012500586082 ], [ 18.610599456941731, 54.277012506745223 ], [ 18.610599445840531, 54.277012512312012 ], [ 18.610599433885373, 54.277012517236081 ], [ 18.610599421184531, 54.277012521472805 ], [ 18.610599407853019, 54.277012524983839 ], [ 18.610599394011576, 54.277012527737355 ], [ 18.610599379785548, 54.277012529708465 ], [ 18.610599365303766, 54.277012530879276 ], [ 18.610599350697388, 54.277012531239194 ], [ 18.606164807779937, 54.276998130605428 ], [ 18.606164804220036, 54.276998130693016 ], [ 18.606164802276997, 54.276998132440831 ], [ 18.603925978614463, 54.279238319834043 ], [ 18.603925970641335, 54.279238327005181 ], [ 18.603925961539428, 54.279238333700363 ], [ 18.603925951391176, 54.279238339858921 ], [ 18.603925940288477, 54.279238345425107 ], [ 18.603925928331879, 54.2792383503485 ], [ 18.60392591562967, 54.279238354584521 ], [ 18.603925902296879, 54.279238358094815 ], [ 18.603925888454246, 54.279238360847579 ], [ 18.603925874227137, 54.279238362817871 ], [ 18.603925859744393, 54.279238363987893 ], [ 18.603925845137169, 54.279238364347002 ], [ 18.599491066788055, 54.279223717909929 ], [ 18.599491063227951, 54.279223717997326 ], [ 18.599491061284521, 54.279223719745026 ], [ 18.597251712001256, 54.281463824525261 ], [ 18.597251710350349, 54.28146382637312 ], [ 18.597251711965104, 54.281463828231864 ], [ 18.599447419354519, 54.283718659168137 ], [ 18.599447425980689, 54.283718666794549 ], [ 18.599447431337886, 54.283718674754979 ], [ 18.599447435377591, 54.283718682977302 ], [ 18.599447438063226, 54.283718691387087 ], [ 18.599447439370469, 54.283718699908171 ], [ 18.59944743928747, 54.283718708463375 ], [ 18.599447437814998, 54.283718716975208 ], [ 18.599447434966372, 54.283718725366619 ], [ 18.599447430767402, 54.283718733561599 ], [ 18.599447425256109, 54.28371874148592 ], [ 18.599447418482402, 54.28371874906783 ], [ 18.597207864756481, 54.285958807979881 ], [ 18.597207863105389, 54.285958809827726 ], [ 18.597207864720321, 54.285958811686477 ], [ 18.599403849648212, 54.288213685377862 ], [ 18.599403851558026, 54.288213687138381 ], [ 18.599403855116982, 54.28821368724941 ], [ 18.603839599086612, 54.288228338506535 ], [ 18.6038396136892, 54.288228338961581 ], [ 18.603839628151736, 54.288228340226652 ], [ 18.603839642343239, 54.288228342290296 ], [ 18.60383965613519, 54.28822834513381 ], [ 18.603839669402689, 54.288228348731472 ], [ 18.60383968202558, 54.288228353050648 ], [ 18.603839693889551, 54.288228358052287 ], [ 18.603839704887161, 54.28822836369104 ], [ 18.603839714918813, 54.288228369915878 ], [ 18.603839723893653, 54.288228376670411 ], [ 18.60383973173041, 54.288228383893468 ], [ 18.60603611537379, 54.290483050323246 ], [ 18.606036122002259, 54.290483057949281 ], [ 18.606036127361598, 54.290483065909413 ], [ 18.606036131403275, 54.290483074131515 ], [ 18.606036134090687, 54.290483082541144 ], [ 18.606036135399492, 54.29048309106215 ], [ 18.606036135317844, 54.290483099617347 ], [ 18.606036133846477, 54.290483108129266 ], [ 18.606036130998721, 54.290483116520818 ], [ 18.606036126800362, 54.290483124716012 ], [ 18.606036121289421, 54.290483132640624 ], [ 18.606036114515806, 54.290483140222896 ], [ 18.603796591845907, 54.292723275981324 ], [ 18.603796583870139, 54.292723283152434 ], [ 18.60379657476523, 54.292723289847572 ], [ 18.603796564613631, 54.292723296006109 ], [ 18.60379655350728, 54.292723301572259 ], [ 18.603796541546757, 54.292723306495624 ], [ 18.603796528840377, 54.292723310731624 ], [ 18.603796515503209, 54.292723314241869 ], [ 18.603796501656042, 54.292723316994604 ], [ 18.603796487424276, 54.292723318964889 ], [ 18.603796472936796, 54.292723320134861 ], [ 18.603796458324801, 54.292723320493955 ], [ 18.599360231346356, 54.292708666826009 ], [ 18.59936022778508, 54.292708666913406 ], [ 18.599360225841011, 54.292708668661099 ], [ 18.597120134195944, 54.294948764702141 ], [ 18.597120132544489, 54.294948766549979 ], [ 18.597120134159763, 54.294948768408737 ], [ 18.599316548022859, 54.297203597898154 ], [ 18.599316554651157, 54.297203605524558 ], [ 18.599316560010067, 54.297203613484953 ], [ 18.599316564051055, 54.297203621707304 ], [ 18.599316566737528, 54.297203630117068 ], [ 18.59931656804515, 54.297203638638123 ], [ 18.599316567962092, 54.297203647193307 ], [ 18.599316566489094, 54.297203655705125 ], [ 18.599316563639498, 54.2972036640965 ], [ 18.599316559439114, 54.297203672291452 ], [ 18.599316553925981, 54.297203680215745 ], [ 18.599316547150025, 54.297203687797634 ], [ 18.59707625087125, 54.29944373797013 ], [ 18.597076249219615, 54.29944373981796 ], [ 18.597076250835059, 54.299443741676711 ], [ 18.599272900317377, 54.301698570684529 ], [ 18.599272906946386, 54.30169857831094 ], [ 18.599272912305864, 54.301698586271357 ], [ 18.599272916347282, 54.301698594493679 ], [ 18.599272919034032, 54.301698602903443 ], [ 18.599272920341786, 54.301698611424499 ], [ 18.599272920258699, 54.301698619979675 ], [ 18.59927291878553, 54.301698628491486 ], [ 18.599272915935611, 54.301698636882854 ], [ 18.599272911734754, 54.301698645077799 ], [ 18.59927290622101, 54.301698653002099 ], [ 18.599272899444305, 54.301698660583959 ], [ 18.597032398477527, 54.303938664888634 ], [ 18.597032390498409, 54.303938672059282 ], [ 18.597032381389919, 54.303938678753902 ], [ 18.597032371234548, 54.303938684911856 ], [ 18.59703236012426, 54.303938690477345 ], [ 18.597032348159676, 54.303938695400035 ], [ 18.597032335449143, 54.303938699635296 ], [ 18.597032322107776, 54.303938703144794 ], [ 18.597032308256395, 54.303938705896741 ], [ 18.597032294020437, 54.303938707866202 ], [ 18.597032279528833, 54.30393870903535 ], [ 18.597032264912809, 54.303938709393634 ], [ 18.592594920927265, 54.303923805144287 ], [ 18.592594906319249, 54.303923804687855 ], [ 18.592594891851569, 54.303923803421434 ], [ 18.592594877655241, 54.303923801356468 ], [ 18.592594863858828, 54.303923798511661 ], [ 18.592594850587279, 54.303923794912777 ], [ 18.592594837960778, 54.303923790592421 ], [ 18.59259482609367, 54.303923785589696 ], [ 18.592594815093435, 54.303923779949912 ], [ 18.592594805059679, 54.303923773724165 ], [ 18.592594796083279, 54.303923766968801 ], [ 18.592594788245528, 54.303923759745025 ], [ 18.590398386484033, 54.301668810402774 ], [ 18.590398384573984, 54.301668808642141 ], [ 18.590398381013895, 54.301668808530835 ], [ 18.585961199724174, 54.301653660404931 ], [ 18.585961185117046, 54.301653659947718 ], [ 18.585961170650364, 54.301653658680493 ], [ 18.585961156455156, 54.301653656614739 ], [ 18.585961142659965, 54.301653653769172 ], [ 18.585961129389723, 54.301653650169577 ], [ 18.585961116764611, 54.301653645848518 ], [ 18.585961104898967, 54.301653640845139 ], [ 18.585961093900242, 54.301653635204758 ], [ 18.585961083868042, 54.301653628978443 ], [ 18.585961074893223, 54.301653622222602 ], [ 18.585961067057063, 54.301653614998401 ], [ 18.583765148631091, 54.2993985448907 ], [ 18.583765146721429, 54.299398543129954 ], [ 18.583765143161553, 54.299398543018462 ], [ 18.579328124641236, 54.299383151044438 ], [ 18.579328121079346, 54.299383151131231 ], [ 18.579328119134114, 54.299383152878605 ], [ 18.577086620837093, 54.301622828774697 ], [ 18.577086612854966, 54.30162283594403 ], [ 18.577086603743762, 54.30162284263713 ], [ 18.577086593585992, 54.3016228487934 ], [ 18.577086582473648, 54.301622854357078 ], [ 18.577086570507369, 54.301622859277778 ], [ 18.577086557795518, 54.301622863510929 ], [ 18.577086544453216, 54.301622867018217 ], [ 18.577086530601296, 54.301622869767883 ], [ 18.577086516365195, 54.301622871734985 ], [ 18.57708650187385, 54.30162287290176 ], [ 18.577086487258491, 54.3016228732576 ], [ 18.572649318470294, 54.301607235493691 ], [ 18.572649314908205, 54.301607235580285 ], [ 18.572649312962582, 54.301607237327552 ], [ 18.570407331334685, 54.303846787392615 ], [ 18.570407323350963, 54.303846794561494 ], [ 18.570407314238189, 54.303846801254082 ], [ 18.570407304078877, 54.303846807409791 ], [ 18.570407292965037, 54.303846812972836 ], [ 18.570407280997316, 54.303846817892868 ], [ 18.570407268284093, 54.303846822125323 ], [ 18.570407254940509, 54.303846825631858 ], [ 18.570407241087398, 54.303846828380742 ], [ 18.570407226850222, 54.303846830347076 ], [ 18.57040721235791, 54.303846831513027 ], [ 18.570407197741705, 54.303846831868064 ], [ 18.565969793672515, 54.30383094798102 ], [ 18.56596979011022, 54.303830948067414 ], [ 18.56596978816421, 54.303830949814575 ], [ 18.56372728013816, 54.306070416940486 ], [ 18.563727278484759, 54.306070418787868 ], [ 18.563727280098963, 54.30607042064706 ], [ 18.565922454375286, 54.308325851601431 ], [ 18.565922460999179, 54.308325859229654 ], [ 18.565922466353069, 54.30832586719152 ], [ 18.565922470388472, 54.308325875414937 ], [ 18.565922473068845, 54.308325883825439 ], [ 18.565922474369913, 54.308325892346829 ], [ 18.565922474279891, 54.308325900901956 ], [ 18.565922472799596, 54.308325909413334 ], [ 18.565922469942436, 54.308325917803899 ], [ 18.565922465734278, 54.308325925997657 ], [ 18.56592246021324, 54.308325933920408 ], [ 18.565922453429323, 54.308325941500378 ], [ 18.563679740153209, 54.310565362666544 ], [ 18.56367973849963, 54.31056536451392 ], [ 18.563679740114001, 54.310565366373119 ], [ 18.565875149666535, 54.312820796945466 ], [ 18.565875156291131, 54.312820804573683 ], [ 18.565875161645593, 54.312820812535556 ], [ 18.565875165681422, 54.312820820758972 ], [ 18.565875168362073, 54.312820829169453 ], [ 18.565875169663265, 54.312820837690836 ], [ 18.565875169573218, 54.312820846245963 ], [ 18.565875168092749, 54.312820854757341 ], [ 18.565875165235258, 54.312820863147891 ], [ 18.565875161026632, 54.31282087134165 ], [ 18.565875155504983, 54.312820879264386 ], [ 18.565875148720309, 54.312820886844349 ], [ 18.563632230139625, 54.31506026205151 ], [ 18.563632222152549, 54.315060269219913 ], [ 18.56363221303619, 54.315060275911975 ], [ 18.563632202873098, 54.31506028206708 ], [ 18.563632191755318, 54.3150602876295 ], [ 18.563632179783532, 54.315060292548836 ], [ 18.563632167066157, 54.315060296780565 ], [ 18.56363215371837, 54.315060300286341 ], [ 18.563632139861042, 54.315060303034443 ], [ 18.563632125619669, 54.315060304999953 ], [ 18.56363211112323, 54.315060306165094 ], [ 18.563632096503, 54.315060306519285 ], [ 18.559193575152712, 54.315044171470497 ], [ 18.55919356054115, 54.315044171010037 ], [ 18.55919354607062, 54.315044169739593 ], [ 18.559193531872161, 54.315044167670699 ], [ 18.559193518074363, 54.315044164822055 ], [ 18.55919350480217, 54.315044161219518 ], [ 18.55919349217579, 54.315044156895667 ], [ 18.559193480309563, 54.315044151889666 ], [ 18.559193469310951, 54.315044146246855 ], [ 18.559193459279559, 54.31504414001833 ], [ 18.559193450306235, 54.315044133260521 ], [ 18.559193442472239, 54.315044126034607 ], [ 18.556998281303521, 54.312788575181727 ], [ 18.556998279394389, 54.312788573420583 ], [ 18.556998275833433, 54.312788573308275 ], [ 18.55255991781944, 54.312772194363909 ], [ 18.552559903208767, 54.312772193902646 ], [ 18.552559888739243, 54.312772192631414 ], [ 18.552559874541899, 54.312772190561731 ], [ 18.552559860745323, 54.312772187712355 ], [ 18.552559847474448, 54.312772184109079 ], [ 18.552559834849458, 54.312772179784524 ], [ 18.552559822984691, 54.312772174777876 ], [ 18.552559811987592, 54.312772169134462 ], [ 18.552559801957759, 54.312772162905382 ], [ 18.552559792986017, 54.312772156147076 ], [ 18.552559785153619, 54.312772148920736 ], [ 18.550365107640019, 54.310516477455941 ], [ 18.550365105731274, 54.310516475694669 ], [ 18.550365102170534, 54.310516475582176 ], [ 18.545926907566312, 54.310499852770725 ], [ 18.545926904003402, 54.310499852856523 ], [ 18.54592690205623, 54.310499854603357 ], [ 18.543682986466106, 54.31273890083984 ], [ 18.543682978476024, 54.312738908006921 ], [ 18.543682969356951, 54.312738914697476 ], [ 18.543682959191468, 54.312738920850904 ], [ 18.543682948071634, 54.31273892641147 ], [ 18.543682936098158, 54.31273893132883 ], [ 18.543682923379464, 54.312738935558457 ], [ 18.543682910030743, 54.312738939062022 ], [ 18.543682896172882, 54.312738941807822 ], [ 18.543682881931375, 54.312738943770988 ], [ 18.543682867435201, 54.312738944933727 ], [ 18.543682852815635, 54.312738945285503 ], [ 18.539244508309718, 54.31272207650958 ], [ 18.539244504746602, 54.3127220765952 ], [ 18.53924450279904, 54.312722078341899 ], [ 18.537000103558817, 54.314960998495103 ], [ 18.537000095567144, 54.314961005661736 ], [ 18.537000086446497, 54.314961012351773 ], [ 18.537000076279469, 54.314961018504633 ], [ 18.537000065158136, 54.31496102406458 ], [ 18.537000053183217, 54.314961028981273 ], [ 18.537000040463159, 54.314961033210189 ], [ 18.537000027113155, 54.314961036713015 ], [ 18.537000013254104, 54.314961039458055 ], [ 18.536999999011517, 54.314961041420425 ], [ 18.536999984514377, 54.314961042582361 ], [ 18.536999969893973, 54.314961042933319 ], [ 18.532561390450926, 54.314943927836111 ], [ 18.532561386887604, 54.314943927921519 ], [ 18.532561384939658, 54.314943929668132 ], [ 18.530316458935815, 54.31718276661779 ], [ 18.530316457280474, 54.317182768464704 ], [ 18.530316458893598, 54.317182770324344 ], [ 18.532510390268264, 54.319438802473528 ], [ 18.532510396887741, 54.319438810103556 ], [ 18.5325104022366, 54.319438818066885 ], [ 18.532510406266411, 54.319438826291389 ], [ 18.53251040894067, 54.319438834702595 ], [ 18.532510410235169, 54.319438843224326 ], [ 18.53251041013818, 54.319438851779388 ], [ 18.532510408650577, 54.319438860290347 ], [ 18.532510405785839, 54.319438868680081 ], [ 18.532510401569908, 54.319438876872645 ], [ 18.532510396040966, 54.319438884793819 ], [ 18.532510389249072, 54.319438892371885 ], [ 18.530265257378261, 54.32167768327038 ], [ 18.530265255722739, 54.321677685117287 ], [ 18.530265257336033, 54.321677686976926 ], [ 18.53245942364266, 54.32393371884357 ], [ 18.53245943026284, 54.323933726473612 ], [ 18.532459435612271, 54.323933734436928 ], [ 18.532459439642505, 54.323933742661445 ], [ 18.532459442317045, 54.32393375107263 ], [ 18.532459443611668, 54.323933759594354 ], [ 18.532459443514647, 54.323933768149416 ], [ 18.53245944202687, 54.323933776660354 ], [ 18.532459439161805, 54.32393378505008 ], [ 18.532459434945398, 54.323933793242645 ], [ 18.532459429415834, 54.323933801163811 ], [ 18.532459422623191, 54.32393380874187 ], [ 18.530214041771387, 54.326172596520003 ], [ 18.530214040115681, 54.326172598366924 ], [ 18.530214041729145, 54.326172600226549 ], [ 18.53240844303151, 54.328428631811057 ], [ 18.532408449652397, 54.328428639441086 ], [ 18.532408455002397, 54.328428647404408 ], [ 18.532408459033054, 54.328428655628919 ], [ 18.532408461707867, 54.328428664040111 ], [ 18.532408463002618, 54.328428672561806 ], [ 18.532408462905572, 54.328428681116876 ], [ 18.532408461417617, 54.328428689627813 ], [ 18.532408458552222, 54.328428698017525 ], [ 18.532408454335339, 54.328428706210076 ], [ 18.532408448805157, 54.328428714131235 ], [ 18.532408442011757, 54.328428721709294 ], [ 18.530162855174041, 54.330667463436797 ], [ 18.530162847178122, 54.330667470602954 ], [ 18.530162838052878, 54.330667477292444 ], [ 18.530162827880943, 54.330667483444699 ], [ 18.530162816754444, 54.330667489004007 ], [ 18.530162804774143, 54.330667493919989 ], [ 18.530162792048529, 54.330667498148159 ], [ 18.530162778692851, 54.330667501650218 ], [ 18.530162764828066, 54.330667504394448 ], [ 18.530162750579727, 54.330667506355979 ], [ 18.530162736076875, 54.330667507517077 ], [ 18.530162721450846, 54.330667507867219 ], [ 18.525722455209387, 54.33065013783412 ], [ 18.525722451644693, 54.330650137919314 ], [ 18.525722449695714, 54.330650139665806 ], [ 18.523476335622689, 54.332888798077711 ], [ 18.523476327625175, 54.332888805243428 ], [ 18.523476318498354, 54.332888811932413 ], [ 18.523476308324877, 54.332888818084086 ], [ 18.523476297196879, 54.332888823642783 ], [ 18.523476285215136, 54.332888828558097 ], [ 18.52347627248815, 54.332888832785557 ], [ 18.523476259131193, 54.332888836286862 ], [ 18.523476245265218, 54.332888839030325 ], [ 18.523476231015795, 54.332888840991075 ], [ 18.523476216511977, 54.332888842151355 ], [ 18.523476201885106, 54.33288884250068 ], [ 18.51903578580324, 54.332871226284531 ], [ 18.519035771185845, 54.332871225819197 ], [ 18.519035756710323, 54.332871224543936 ], [ 18.519035742507775, 54.33287122247031 ], [ 18.519035728706818, 54.33287121961709 ], [ 18.519035715432434, 54.332871216010133 ], [ 18.519035702804842, 54.33287121168209 ], [ 18.519035690938399, 54.332871206672145 ], [ 18.519035679940561, 54.332871201025696 ], [ 18.519035669910938, 54.332871194793867 ], [ 18.51903566094035, 54.332871188033081 ], [ 18.519035653110045, 54.332871180804588 ], [ 18.51684175017332, 54.330614908738596 ], [ 18.51684174826509, 54.330614906976813 ], [ 18.51684174470271, 54.330614906863325 ], [ 18.512401407641036, 54.33059704634509 ], [ 18.512401404076325, 54.330597046429908 ], [ 18.512401402126784, 54.330597048176173 ], [ 18.510154568959088, 54.332835457126443 ], [ 18.510154560959275, 54.332835464291264 ], [ 18.510154551830311, 54.332835470979241 ], [ 18.510154541654863, 54.332835477129791 ], [ 18.510154530525092, 54.332835482687237 ], [ 18.510154518541782, 54.332835487601237 ], [ 18.51015450581346, 54.332835491827289 ], [ 18.510154492455392, 54.332835495327117 ], [ 18.510154478588561, 54.332835498069052 ], [ 18.510154464338534, 54.332835500028217 ], [ 18.510154449834367, 54.332835501186899 ], [ 18.510154435207415, 54.332835501534618 ], [ 18.505714033652403, 54.332817395145078 ], [ 18.505714019035185, 54.332817394678116 ], [ 18.505714004560108, 54.332817393401271 ], [ 18.505713990358259, 54.332817391326074 ], [ 18.505713976558248, 54.332817388471327 ], [ 18.505713963285061, 54.332817384862906 ], [ 18.50571395065889, 54.332817380533477 ], [ 18.505713938794088, 54.332817375522232 ], [ 18.505713927798102, 54.332817369874569 ], [ 18.50571391777051, 54.332817363641617 ], [ 18.505713908802129, 54.332817356879865 ], [ 18.505713900974172, 54.332817349650512 ], [ 18.503520731653854, 54.330560836944052 ], [ 18.503520729746196, 54.330560835182048 ], [ 18.503520726183861, 54.330560835068177 ], [ 18.499080488991183, 54.33054248475333 ], [ 18.49908047437485, 54.330542484285559 ], [ 18.499080459900782, 54.33054248300791 ], [ 18.499080445700052, 54.330542480931939 ], [ 18.49908043190127, 54.330542478076453 ], [ 18.499080418629397, 54.330542474467293 ], [ 18.499080406004627, 54.330542470137168 ], [ 18.499080394141288, 54.330542465125269 ], [ 18.499080383146818, 54.330542459476995 ], [ 18.499080373120783, 54.330542453243517 ], [ 18.499080364153986, 54.330542446481267 ], [ 18.499080356327628, 54.330542439251467 ], [ 18.496887713216609, 54.328285849452321 ], [ 18.49688770660233, 54.32828584182036 ], [ 18.496887701259226, 54.328285833855475 ], [ 18.496887697235678, 54.328285825629806 ], [ 18.496887694568123, 54.328285817217846 ], [ 18.496887693280723, 54.328285808695767 ], [ 18.496887693385137, 54.328285800140748 ], [ 18.496887694880421, 54.328285791630279 ], [ 18.496887697753028, 54.328285783241412 ], [ 18.496887701976949, 54.328285775050119 ], [ 18.496887707513924, 54.328285767130595 ], [ 18.496887714313818, 54.328285759554568 ], [ 18.499135016792884, 54.326047596961239 ], [ 18.499135018449973, 54.326047595114765 ], [ 18.499135016837915, 54.326047593254714 ], [ 18.496942566200989, 54.323790959999712 ], [ 18.496942559587417, 54.323790952367744 ], [ 18.496942554244875, 54.323790944402866 ], [ 18.49694255022175, 54.323790936177183 ], [ 18.496942547554472, 54.323790927765231 ], [ 18.496942546267196, 54.32379091924313 ], [ 18.496942546371582, 54.323790910688111 ], [ 18.496942547866684, 54.323790902177635 ], [ 18.496942550738961, 54.323790893788761 ], [ 18.496942554962402, 54.323790885597454 ], [ 18.496942560498763, 54.323790877677936 ], [ 18.496942567297896, 54.323790870101895 ], [ 18.499189620270286, 54.321552704284898 ], [ 18.499189621927194, 54.32155270243841 ], [ 18.499189620315306, 54.321552700578351 ], [ 18.496997404137637, 54.319296067139412 ], [ 18.496997397524773, 54.319296059507451 ], [ 18.496997392182799, 54.31929605154258 ], [ 18.496997388160093, 54.319296043316889 ], [ 18.496997385493088, 54.319296034904916 ], [ 18.496997384205937, 54.319296026382837 ], [ 18.496997384310294, 54.319296017827803 ], [ 18.496997385805212, 54.319296009317306 ], [ 18.496997388677162, 54.319296000928439 ], [ 18.496997392900127, 54.319295992737132 ], [ 18.496997398435866, 54.319295984817593 ], [ 18.496997405234247, 54.319295977241545 ], [ 18.499244208769124, 54.317057808201099 ], [ 18.499244210425847, 54.317057806354612 ], [ 18.49924420881413, 54.317057804494574 ], [ 18.497052185001472, 54.314801127598187 ], [ 18.497052183094812, 54.314801125836091 ], [ 18.49705217953386, 54.31480112572202 ], [ 18.492613558495002, 54.314782540689478 ], [ 18.492613554931619, 54.31478254077372 ], [ 18.492613552981993, 54.314782542519673 ], [ 18.490366515117795, 54.317020588408894 ], [ 18.490366507117638, 54.317020595572401 ], [ 18.49036649798899, 54.317020602258907 ], [ 18.490366487814523, 54.317020608407816 ], [ 18.490366476686376, 54.317020613963443 ], [ 18.490366464705328, 54.317020618875496 ], [ 18.490366451979884, 54.317020623099481 ], [ 18.490366438625284, 54.317020626597127 ], [ 18.490366424762474, 54.317020629336803 ], [ 18.490366410516994, 54.317020631293651 ], [ 18.490366396017851, 54.317020632449989 ], [ 18.49036638139636, 54.317020632795298 ], [ 18.485927611207, 54.317001801641098 ], [ 18.485927607643415, 54.317001801725119 ], [ 18.485927605693394, 54.317001803470966 ], [ 18.483680084067981, 54.319239722935329 ], [ 18.483680076066232, 54.319239730098396 ], [ 18.48368006693601, 54.319239736784382 ], [ 18.483680056759997, 54.31923974293273 ], [ 18.483680045630354, 54.319239748487732 ], [ 18.483680033647868, 54.31923975339911 ], [ 18.483680020921057, 54.319239757622384 ], [ 18.483680007565177, 54.319239761119299 ], [ 18.483679993701177, 54.319239763858185 ], [ 18.483679979454617, 54.319239765814245 ], [ 18.483679964954511, 54.319239766969766 ], [ 18.483679950332181, 54.319239767314286 ], [ 18.479240945949019, 54.319220689644048 ], [ 18.479240942385232, 54.319220689727878 ], [ 18.479240940434831, 54.319220691473625 ], [ 18.476992934984704, 54.321458484462603 ], [ 18.476992926981364, 54.321458491625229 ], [ 18.476992917849564, 54.321458498310712 ], [ 18.476992907672013, 54.321458504458469 ], [ 18.476992896540871, 54.321458510012874 ], [ 18.476992884556942, 54.321458514923577 ], [ 18.476992871828767, 54.321458519146134 ], [ 18.476992858471604, 54.32145852264231 ], [ 18.476992844606421, 54.321458525380415 ], [ 18.476992830358782, 54.321458527335686 ], [ 18.476992815857713, 54.32145852849041 ], [ 18.476992801234545, 54.321458528834107 ], [ 18.472553562726826, 54.321439204608318 ], [ 18.472553559162829, 54.321439204691949 ], [ 18.472553557212041, 54.321439206437574 ], [ 18.470305067873745, 54.323676872900698 ], [ 18.47030505986881, 54.32367688006287 ], [ 18.470305050735437, 54.323676886747826 ], [ 18.47030504055634, 54.32367689289503 ], [ 18.470305029423702, 54.323676898448788 ], [ 18.470305017438339, 54.323676903358837 ], [ 18.470305004708795, 54.323676907580683 ], [ 18.470304991350346, 54.323676911076113 ], [ 18.470304977483977, 54.323676913813465 ], [ 18.470304963235257, 54.32367691576794 ], [ 18.470304948733229, 54.323676916921848 ], [ 18.470304934109226, 54.323676917264734 ], [ 18.465865461546233, 54.323657346443838 ], [ 18.465865457982034, 54.32365734652727 ], [ 18.465865456030858, 54.323657348272789 ], [ 18.463616482740953, 54.325894888159553 ], [ 18.463616474734426, 54.325894895321277 ], [ 18.463616465599475, 54.325894902005714 ], [ 18.463616455418837, 54.32589490815235 ], [ 18.4636164442847, 54.325894913705497 ], [ 18.463616432297897, 54.325894918614871 ], [ 18.463616419566989, 54.325894922836007 ], [ 18.463616406207258, 54.325894926330697 ], [ 18.463616392339702, 54.32589492906726 ], [ 18.463616378089906, 54.325894931020954 ], [ 18.463616363586912, 54.325894932174052 ], [ 18.46361634896207, 54.325894932516128 ], [ 18.459176642413141, 54.325875115060605 ], [ 18.459176638848742, 54.325875115143852 ], [ 18.459176636897173, 54.325875116889257 ], [ 18.456927179592249, 54.32811253014912 ], [ 18.45692717158413, 54.328112537310403 ], [ 18.456927162447606, 54.328112543994337 ], [ 18.456927152265422, 54.328112550140403 ], [ 18.456927141129785, 54.328112555692918 ], [ 18.456927129141548, 54.328112560601625 ], [ 18.456927116409268, 54.32811256482205 ], [ 18.456927103048258, 54.328112568315987 ], [ 18.456927089179519, 54.32811257105179 ], [ 18.45692707492864, 54.328112573004681 ], [ 18.456927060424686, 54.328112574156968 ], [ 18.456927045799002, 54.328112574498235 ], [ 18.452487105333528, 54.32809251036857 ], [ 18.45248710176892, 54.328092510451611 ], [ 18.452487099816967, 54.328092512196918 ], [ 18.450237115286882, 54.330329841680715 ], [ 18.450237113627431, 54.330329843526521 ], [ 18.450237115237446, 54.330329845387197 ], [ 18.452427348184244, 54.332587319426857 ], [ 18.452427354790959, 54.332587327061233 ], [ 18.452427360126013, 54.332587335028059 ], [ 18.452427364141091, 54.332587343255184 ], [ 18.452427366799832, 54.332587351668103 ], [ 18.452427368078165, 54.332587360190637 ], [ 18.452427367964503, 54.332587368745578 ], [ 18.452427366459887, 54.332587377255471 ], [ 18.452427363577929, 54.332587385643251 ], [ 18.452427359344739, 54.332587393832945 ], [ 18.452427353798651, 54.332587401750416 ], [ 18.452427346989889, 54.332587409323899 ], [ 18.450177155304143, 54.334824692536699 ], [ 18.450177153644507, 54.334824694382498 ], [ 18.450177155254689, 54.334824696243196 ], [ 18.452367664118199, 54.33708221352596 ], [ 18.452367666023967, 54.337082215288767 ], [ 18.452367669586714, 54.337082215404152 ], [ 18.456808578474682, 54.337102286140443 ], [ 18.456808593092823, 54.33710228661333 ], [ 18.456808607567847, 54.337102287896059 ], [ 18.456808621768669, 54.337102289976997 ], [ 18.456808635566681, 54.337102292837329 ], [ 18.45680864883693, 54.337102296451114 ], [ 18.456808661459235, 54.337102300785652 ], [ 18.456808673319287, 54.337102305801693 ], [ 18.456808684309681, 54.337102311453791 ], [ 18.456808694330885, 54.337102317690771 ], [ 18.456808703292143, 54.337102324456154 ], [ 18.456808711112306, 54.337102331688655 ], [ 18.458999620302787, 54.339359642285032 ], [ 18.458999626911798, 54.339359649919032 ], [ 18.45899963224899, 54.339359657885559 ], [ 18.458999636266036, 54.339359666112472 ], [ 18.458999638926549, 54.339359674525234 ], [ 18.458999640206439, 54.339359683047697 ], [ 18.458999640094117, 54.339359691602638 ], [ 18.458999638590594, 54.33935970011261 ], [ 18.458999635709493, 54.339359708500531 ], [ 18.458999631476903, 54.33935971669046 ], [ 18.458999625931153, 54.339359724608208 ], [ 18.458999619122469, 54.339359732182082 ], [ 18.456749411109875, 54.341597135396263 ], [ 18.456749409450257, 54.34159713724214 ], [ 18.456749411061004, 54.341597139102753 ], [ 18.458940638389219, 54.343854536207878 ], [ 18.45894064029558, 54.343854537970579 ], [ 18.458940643858934, 54.343854538085772 ], [ 18.463382287530742, 54.343874368594626 ], [ 18.463382302151366, 54.343874369066718 ], [ 18.463382316628977, 54.343874370348644 ], [ 18.46338233083247, 54.343874372428829 ], [ 18.46338234463321, 54.343874375288401 ], [ 18.463382357906216, 54.343874378901475 ], [ 18.463382370531285, 54.343874383235324 ], [ 18.463382382394087, 54.343874388250718 ], [ 18.463382393387185, 54.343874393902226 ], [ 18.463382403411028, 54.343874400138652 ], [ 18.463382412374838, 54.343874406903538 ], [ 18.463382420197433, 54.343874414135612 ], [ 18.465574048027495, 54.346131604489251 ], [ 18.465574054638807, 54.34613161212291 ], [ 18.465574059978142, 54.346131620089132 ], [ 18.465574063997149, 54.346131628315817 ], [ 18.465574066659439, 54.34613163672843 ], [ 18.465574067940889, 54.346131645250814 ], [ 18.465574067829905, 54.346131653805756 ], [ 18.465574066327484, 54.346131662315813 ], [ 18.465574063447235, 54.346131670703869 ], [ 18.465574059215246, 54.346131678894032 ], [ 18.46557405366984, 54.346131686812058 ], [ 18.465574046861231, 54.346131694386294 ], [ 18.463323865864332, 54.348369174727758 ], [ 18.463323857853361, 54.348369181889424 ], [ 18.463323848713358, 54.348369188573812 ], [ 18.463323838527099, 54.348369194720391 ], [ 18.463323827386827, 54.348369200273467 ], [ 18.463323815393434, 54.348369205182777 ], [ 18.46332380265553, 54.348369209403856 ], [ 18.463323789288477, 54.348369212898476 ], [ 18.463323775413325, 54.348369215634982 ], [ 18.463323761155735, 54.348369217588605 ], [ 18.463323746644818, 54.348369218741659 ], [ 18.46332373201199, 54.348369219083672 ], [ 18.458881603727132, 54.348349385309717 ], [ 18.458881600160787, 54.348349385392943 ], [ 18.458881598208134, 54.348349387138349 ], [ 18.456630889384211, 54.350586783655395 ], [ 18.456630881371645, 54.350586790816614 ], [ 18.456630872230065, 54.350586797500483 ], [ 18.456630862042257, 54.350586803646479 ], [ 18.456630850900488, 54.350586809198944 ], [ 18.456630838905653, 54.350586814107587 ], [ 18.456630826166382, 54.350586818327955 ], [ 18.456630812798046, 54.350586821821821 ], [ 18.456630798921708, 54.350586824557567 ], [ 18.456630784663034, 54.350586826510387 ], [ 18.456630770151158, 54.350586827662617 ], [ 18.456630755517491, 54.350586828003827 ], [ 18.452188392998867, 54.350566747352197 ], [ 18.452188389432315, 54.350566747435224 ], [ 18.452188387479278, 54.350566749180516 ], [ 18.449937193912294, 54.352804018915897 ], [ 18.449937185898136, 54.352804026076662 ], [ 18.449937176754975, 54.352804032760012 ], [ 18.449937166565622, 54.352804038905461 ], [ 18.449937155422351, 54.352804044457287 ], [ 18.449937143426077, 54.352804049365261 ], [ 18.449937130685438, 54.352804053584912 ], [ 18.44993711731582, 54.352804057078039 ], [ 18.449937103438291, 54.35280405981301 ], [ 18.449937089178537, 54.352804061765049 ], [ 18.449937074665698, 54.352804062916469 ], [ 18.449937060031193, 54.352804063256862 ], [ 18.445494463348371, 54.352783735687986 ], [ 18.445494459781617, 54.352783735770821 ], [ 18.44549445782819, 54.352783737515999 ], [ 18.443242779454675, 54.355020880419133 ], [ 18.443242771438918, 54.35502088757945 ], [ 18.443242762294187, 54.355020894262289 ], [ 18.443242752103284, 54.355020900407148 ], [ 18.443242740958514, 54.355020905958376 ], [ 18.443242728960797, 54.355020910865662 ], [ 18.443242716218791, 54.355020915084609 ], [ 18.443242702847886, 54.355020918576997 ], [ 18.443242688969175, 54.355020921311187 ], [ 18.44324267470834, 54.35502092326243 ], [ 18.443242660194535, 54.355020924413054 ], [ 18.443242645559195, 54.35502092475263 ], [ 18.438799814781792, 54.355000350226966 ], [ 18.438799811214832, 54.355000350309595 ], [ 18.438799809261017, 54.355000352054667 ], [ 18.436547602828156, 54.357237410971095 ], [ 18.436547601167003, 54.357237412816694 ], [ 18.436547602777441, 54.357237414677563 ], [ 18.438738504353847, 54.359495128713348 ], [ 18.438738510962299, 54.359495136348443 ], [ 18.438738516298148, 54.359495144315844 ], [ 18.438738520313073, 54.359495152543388 ], [ 18.43873852297072, 54.359495160956577 ], [ 18.438738524247015, 54.359495169479196 ], [ 18.438738524130393, 54.359495178034088 ], [ 18.438738522621929, 54.359495186543768 ], [ 18.438738519735267, 54.359495194931171 ], [ 18.438738515496549, 54.359495203120339 ], [ 18.438738509944177, 54.359495211037114 ], [ 18.43873850312842, 54.359495218609787 ], [ 18.436486088968579, 54.361732231217246 ], [ 18.436486087307237, 54.361732233062838 ], [ 18.436486088917846, 54.361732234923707 ], [ 18.438677224582605, 54.363989948956124 ], [ 18.438677231191761, 54.363989956591212 ], [ 18.438677236528179, 54.363989964558606 ], [ 18.438677240543523, 54.36398997278615 ], [ 18.43867724320144, 54.363989981199332 ], [ 18.438677244477855, 54.363989989721965 ], [ 18.438677244361205, 54.363989998276836 ], [ 18.438677242852552, 54.363990006786509 ], [ 18.438677239965557, 54.363990015173911 ], [ 18.43867723572636, 54.363990023363066 ], [ 18.438677230173361, 54.363990031279826 ], [ 18.438677223356844, 54.363990038852492 ], [ 18.436424558215659, 54.366227048047641 ], [ 18.436424556554133, 54.366227049893226 ], [ 18.436424558164912, 54.366227051754095 ], [ 18.438615927981484, 54.368484765783585 ], [ 18.438615934591347, 54.368484773418679 ], [ 18.438615939928326, 54.368484781386073 ], [ 18.43861594394409, 54.368484789613618 ], [ 18.438615946602276, 54.368484798026792 ], [ 18.438615947878812, 54.368484806549411 ], [ 18.438615947762131, 54.368484815104281 ], [ 18.438615946253293, 54.36848482361394 ], [ 18.438615943365964, 54.368484832001322 ], [ 18.43861593912629, 54.368484840190483 ], [ 18.438615933572663, 54.368484848107236 ], [ 18.438615926755386, 54.368484855679888 ], [ 18.436363010563113, 54.370721861462435 ], [ 18.436363008901402, 54.37072186330802 ], [ 18.436363010512352, 54.370721865168903 ], [ 18.438554656572244, 54.372979622488977 ], [ 18.438554658479067, 54.37297962425199 ], [ 18.438554662044879, 54.37297962436778 ], [ 18.44299943336754, 54.373000212450044 ], [ 18.442999447998258, 54.37300021292463 ], [ 18.442999462485453, 54.373000214209029 ], [ 18.442999476697938, 54.373000216291615 ], [ 18.442999490506995, 54.373000219153525 ], [ 18.442999503787576, 54.37300022276883 ], [ 18.442999516419395, 54.373000227104825 ], [ 18.442999528288066, 54.373000232122209 ], [ 18.442999539286106, 54.37300023777555 ], [ 18.44299954931391, 54.37300024401366 ], [ 18.442999558280668, 54.373000250780031 ], [ 18.442999566105176, 54.373000258013398 ], [ 18.445191613507063, 54.375257808563717 ], [ 18.445191620119228, 54.375257816198456 ], [ 18.445191625458353, 54.375257824165551 ], [ 18.445191629476085, 54.375257832392862 ], [ 18.445191632136048, 54.375257840805887 ], [ 18.445191633414144, 54.375257849328435 ], [ 18.445191633298801, 54.375257857883298 ], [ 18.445191631791065, 54.375257866393042 ], [ 18.445191628904588, 54.37525787478058 ], [ 18.445191624665512, 54.375257882969954 ], [ 18.445191619112226, 54.375257890886999 ], [ 18.445191612295023, 54.375257898460013 ], [ 18.442938722531476, 54.377494981505592 ], [ 18.442938714511261, 54.377494988665838 ], [ 18.44293870536146, 54.377494995348627 ], [ 18.442938695164923, 54.377495001493422 ], [ 18.442938684014006, 54.377495007044566 ], [ 18.442938672009685, 54.377495011951822 ], [ 18.442938659260669, 54.377495016170691 ], [ 18.442938645882428, 54.377495019663002 ], [ 18.442938631996103, 54.377495022397142 ], [ 18.44293861772746, 54.377495024348313 ], [ 18.442938603205715, 54.377495025498874 ], [ 18.442938588562381, 54.3774950258384 ], [ 18.438493331770285, 54.377474434365141 ], [ 18.438493328201375, 54.377474434447755 ], [ 18.438493326246473, 54.377474436192806 ], [ 18.436239907747417, 54.379711435150099 ], [ 18.436239899725607, 54.379711442309912 ], [ 18.436239890574221, 54.379711448992182 ], [ 18.436239880376142, 54.379711455136402 ], [ 18.436239869223719, 54.379711460686934 ], [ 18.436239857217956, 54.379711465593502 ], [ 18.436239844467572, 54.37971146981166 ], [ 18.436239831088042, 54.379711473303232 ], [ 18.43623981720053, 54.37971147603659 ], [ 18.436239802930807, 54.379711477986966 ], [ 18.436239788408098, 54.379711479136724 ], [ 18.436239773763923, 54.379711479475425 ], [ 18.431794282629507, 54.37969064080194 ], [ 18.431794279060398, 54.379690640884377 ], [ 18.431794277105105, 54.379690642629306 ], [ 18.429540329783659, 54.381927557441998 ], [ 18.429540328121185, 54.381927559287483 ] ] ] } },
{ "type": "Feature", "properties": { "city_slug": "poznan", "city_name": "Poznań" }, "geometry": { "type": "Polygon", "coordinates": [ [ [ 16.731895019609052, 52.457771926251873 ], [ 16.731895021077186, 52.457771928134335 ], [ 16.733902797264104, 52.460059071778709 ], [ 16.73390280328854, 52.460059079502386 ], [ 16.733902808083769, 52.460059087540898 ], [ 16.733902811606367, 52.46005909582145 ], [ 16.733902813824436, 52.460059104269028 ], [ 16.733902814717879, 52.460059112807151 ], [ 16.733902814278618, 52.460059121358505 ], [ 16.733902812510625, 52.460059129845611 ], [ 16.733902809429907, 52.460059138191625 ], [ 16.733902805064368, 52.460059146320987 ], [ 16.733902799453539, 52.460059154160056 ], [ 16.733902792648241, 52.460059161637837 ], [ 16.731664012391711, 52.46226487451419 ], [ 16.731664010732931, 52.462264876336661 ], [ 16.73166401220119, 52.462264878219131 ], [ 16.733671973734303, 52.464552026356017 ], [ 16.73367197975929, 52.464552034079709 ], [ 16.733671984554938, 52.464552042118228 ], [ 16.73367198807783, 52.46455205039878 ], [ 16.733671990296049, 52.464552058846365 ], [ 16.733671991189521, 52.464552067384489 ], [ 16.733671990750139, 52.464552075935821 ], [ 16.733671988981893, 52.46455208442292 ], [ 16.733671985900795, 52.464552092768926 ], [ 16.733671981534741, 52.464552100898267 ], [ 16.733671975923279, 52.464552108737308 ], [ 16.733671969117228, 52.46455211621506 ], [ 16.73143294255491, 52.46675782044904 ], [ 16.731432940895946, 52.466757822271504 ], [ 16.731432942364343, 52.466757824153966 ], [ 16.733441127799527, 52.469045020642291 ], [ 16.733441129554432, 52.469045022430969 ], [ 16.733441132958109, 52.469045022595473 ], [ 16.73768855279982, 52.469126364292329 ], [ 16.737688566765339, 52.469126364966826 ], [ 16.737688580562637, 52.469126366448982 ], [ 16.737688594066764, 52.469126368725391 ], [ 16.737688607155427, 52.469126371775438 ], [ 16.737688619710088, 52.469126375571477 ], [ 16.737688631617054, 52.46912638007916 ], [ 16.737688642768497, 52.469126385257667 ], [ 16.737688653063422, 52.469126391060058 ], [ 16.737688662408598, 52.469126397433847 ], [ 16.737688670719393, 52.46912640432128 ], [ 16.737688677920545, 52.469126411659957 ], [ 16.739697256672336, 52.471413462066408 ], [ 16.739697258427594, 52.471413463854972 ], [ 16.739697261831484, 52.471413464019314 ], [ 16.743944928000371, 52.471494583641963 ], [ 16.743944941966756, 52.471494584315721 ], [ 16.743944955765024, 52.471494585797167 ], [ 16.743944969270217, 52.471494588072872 ], [ 16.743944982360031, 52.47149459112223 ], [ 16.743944994915918, 52.47149459491763 ], [ 16.743945006824177, 52.471494599424702 ], [ 16.743945017976959, 52.471494604602618 ], [ 16.743945028273266, 52.471494610404491 ], [ 16.743945037619856, 52.47149461677779 ], [ 16.743945045932076, 52.471494623664789 ], [ 16.743945053134656, 52.471494631003111 ], [ 16.745954063776423, 52.473781579140358 ], [ 16.745954065532029, 52.473781580928843 ], [ 16.745954068936129, 52.473781581093 ], [ 16.75020198138602, 52.473862478601568 ], [ 16.750201995353265, 52.473862479274601 ], [ 16.750202009152506, 52.473862480755315 ], [ 16.750202022658765, 52.473862483030331 ], [ 16.750202035749734, 52.473862486079007 ], [ 16.75020204830685, 52.473862489873746 ], [ 16.750202060216399, 52.473862494380199 ], [ 16.750202071370524, 52.473862499557548 ], [ 16.750202081668213, 52.473862505358881 ], [ 16.750202091016209, 52.473862511731703 ], [ 16.750202099329861, 52.473862518618276 ], [ 16.750202106533866, 52.473862525956221 ], [ 16.752211549133126, 52.476149371778718 ], [ 16.752211550889079, 52.476149373567104 ], [ 16.752211554293389, 52.476149373731083 ], [ 16.75645971297806, 52.476230049085679 ], [ 16.756459726946179, 52.47623004975798 ], [ 16.75645974074639, 52.476230051237984 ], [ 16.756459754253715, 52.476230053512289 ], [ 16.756459767345831, 52.476230056560283 ], [ 16.756459779904173, 52.476230060354375 ], [ 16.756459791815015, 52.476230064860204 ], [ 16.756459802970486, 52.476230070036962 ], [ 16.756459813269558, 52.47623007583779 ], [ 16.756459822618964, 52.476230082210115 ], [ 16.756459830934038, 52.476230089096269 ], [ 16.756459838139477, 52.476230096433852 ], [ 16.758469712763734, 52.478516839895988 ], [ 16.758469714520036, 52.478516841684289 ], [ 16.758469717924559, 52.478516841848091 ], [ 16.762718122797754, 52.478597295008839 ], [ 16.762718136766736, 52.478597295680402 ], [ 16.762718150567917, 52.478597297159681 ], [ 16.762718164076308, 52.478597299433282 ], [ 16.762718177169578, 52.478597302480601 ], [ 16.762718189729146, 52.47859730627404 ], [ 16.762718201641277, 52.47859731077925 ], [ 16.762718212798092, 52.478597315955433 ], [ 16.762718223098549, 52.478597321755728 ], [ 16.762718232449366, 52.478597328127584 ], [ 16.762718240765867, 52.478597335013291 ], [ 16.762718247972732, 52.478597342350511 ], [ 16.764728554689476, 52.480883983406706 ], [ 16.764728556446126, 52.480883985194929 ], [ 16.764728559850859, 52.480883985358545 ], [ 16.768977210866282, 52.480964216285578 ], [ 16.768977224836135, 52.480964216956409 ], [ 16.768977238638286, 52.48096421843497 ], [ 16.768977252147742, 52.480964220707847 ], [ 16.76897726524216, 52.480964223754505 ], [ 16.768977277802957, 52.480964227547268 ], [ 16.768977289716378, 52.480964232051882 ], [ 16.768977300874536, 52.480964237227482 ], [ 16.768977311176378, 52.480964243027238 ], [ 16.768977320528609, 52.48096424939861 ], [ 16.768977328846535, 52.48096425628389 ], [ 16.768977336054824, 52.480964263620756 ], [ 16.77098807493153, 52.483250802225413 ], [ 16.770988076688532, 52.483250804013537 ], [ 16.770988080093474, 52.483250804176983 ], [ 16.775236977204791, 52.483330812830403 ], [ 16.775236991175507, 52.483330813500515 ], [ 16.775237004978628, 52.483330814978345 ], [ 16.77523701848915, 52.483330817250533 ], [ 16.775237031584723, 52.483330820296494 ], [ 16.775237044146746, 52.483330824088625 ], [ 16.775237056061457, 52.483330828592607 ], [ 16.775237067220957, 52.483330833767639 ], [ 16.775237077524185, 52.483330839566854 ], [ 16.775237086877826, 52.483330845937751 ], [ 16.775237095197177, 52.483330852822611 ], [ 16.775237102406901, 52.483330860159086 ], [ 16.777248273511027, 52.485617296266604 ], [ 16.77724827526837, 52.485617298054642 ], [ 16.777248278673529, 52.485617298217903 ], [ 16.781497503315226, 52.485697086086375 ], [ 16.781497506730389, 52.485697086051168 ], [ 16.781497508664422, 52.485697084332436 ], [ 16.783735048449557, 52.483490421691833 ], [ 16.783735056384163, 52.483490414639689 ], [ 16.783735065380853, 52.483490408079952 ], [ 16.783735075358148, 52.483490402072007 ], [ 16.783735086225693, 52.483490396670298 ], [ 16.783735097885071, 52.483490391923702 ], [ 16.78373511023069, 52.483490387875243 ], [ 16.783735123150748, 52.483490384561577 ], [ 16.783735136528243, 52.483490382012668 ], [ 16.78373515024202, 52.483490380251666 ], [ 16.78373516416789, 52.48349037929448 ], [ 16.783735178179732, 52.483490379149785 ], [ 16.78798413503868, 52.483569930298366 ], [ 16.78798413845368, 52.483569930262981 ], [ 16.787984140387366, 52.483569928544142 ], [ 16.79022124792407, 52.481363137663372 ], [ 16.790221255857258, 52.481363130610774 ], [ 16.790221264852551, 52.481363124050525 ], [ 16.790221274828486, 52.481363118042026 ], [ 16.790221285694724, 52.481363112639691 ], [ 16.790221297352851, 52.481363107892463 ], [ 16.790221309697294, 52.481363103843307 ], [ 16.790221322616262, 52.481363100528903 ], [ 16.790221335992751, 52.481363097979262 ], [ 16.790221349705629, 52.481363096217486 ], [ 16.790221363630703, 52.481363095259532 ], [ 16.790221377641874, 52.481363095114055 ], [ 16.794470066657436, 52.481442409588517 ], [ 16.794470080627917, 52.481442410256356 ], [ 16.794470094431158, 52.481442411731948 ], [ 16.794470107942164, 52.48144241400194 ], [ 16.794470121038568, 52.481442417045784 ], [ 16.79447013360177, 52.481442420835883 ], [ 16.794470145518002, 52.481442425337939 ], [ 16.794470156679342, 52.481442430511166 ], [ 16.794470166984713, 52.481442436308754 ], [ 16.794470176340788, 52.481442442678144 ], [ 16.794470184662838, 52.481442449561676 ], [ 16.794470191875494, 52.481442456897021 ], [ 16.796482287052971, 52.483728576569249 ], [ 16.796482288811031, 52.48372857835701 ], [ 16.79648229221613, 52.483728578519717 ], [ 16.800731389958862, 52.483807673669858 ], [ 16.800731393373884, 52.483807673634089 ], [ 16.800731395307089, 52.483807671915052 ], [ 16.802967884147879, 52.481600633116493 ], [ 16.802967892079099, 52.48160062606302 ], [ 16.80296790107257, 52.481600619501783 ], [ 16.802967911046856, 52.481600613492191 ], [ 16.802967921911627, 52.481600608088662 ], [ 16.802967933568482, 52.481600603340155 ], [ 16.80296794591186, 52.481600599289663 ], [ 16.802967958829974, 52.481600595973866 ], [ 16.802967972205842, 52.481600593422762 ], [ 16.802967985918329, 52.481600591659515 ], [ 16.802967999843247, 52.481600590700054 ], [ 16.802968013854493, 52.481600590553072 ], [ 16.807216843568327, 52.481679449059953 ], [ 16.807216846983181, 52.481679449024 ], [ 16.807216848916042, 52.481679447304849 ], [ 16.809452905534023, 52.479472280384591 ], [ 16.809452913463822, 52.479472273330671 ], [ 16.8094529224559, 52.479472266768923 ], [ 16.80945293242883, 52.479472260758762 ], [ 16.809452943292289, 52.479472255354629 ], [ 16.809452954947893, 52.479472250605461 ], [ 16.809452967290095, 52.479472246554273 ], [ 16.809452980207116, 52.479472243237765 ], [ 16.809452993581981, 52.479472240685929 ], [ 16.809453007293563, 52.4794722389219 ], [ 16.809453021217692, 52.479472237961666 ], [ 16.809453035228259, 52.479472237813908 ], [ 16.813701678323945, 52.479550861229519 ], [ 16.813701681738635, 52.479550861193388 ], [ 16.813701683671148, 52.479550859474116 ], [ 16.815937308112861, 52.477343564478666 ], [ 16.815937316041243, 52.477343557424291 ], [ 16.815937325031928, 52.477343550862031 ], [ 16.8159373350035, 52.477343544851301 ], [ 16.815937345865645, 52.477343539446551 ], [ 16.815937357520003, 52.477343534696736 ], [ 16.815937369861025, 52.477343530644852 ], [ 16.815937382776955, 52.477343527327619 ], [ 16.815937396150815, 52.477343524775044 ], [ 16.815937409861494, 52.477343523010262 ], [ 16.815937423784828, 52.477343522049239 ], [ 16.815937437794723, 52.477343521900707 ], [ 16.820185894204993, 52.477421910258919 ], [ 16.82018589761952, 52.477421910222574 ], [ 16.820185899551689, 52.477421908503196 ], [ 16.822421134723115, 52.475214443149511 ], [ 16.822421136378683, 52.47521444132574 ], [ 16.822421134906097, 52.47521443944435 ], [ 16.820408057537566, 52.472928747709148 ], [ 16.820408051496159, 52.472928739989712 ], [ 16.820408046683728, 52.472928731954532 ], [ 16.820408043143857, 52.472928723676397 ], [ 16.820408040908593, 52.472928715230267 ], [ 16.820408039998192, 52.472928706692628 ], [ 16.82040804042089, 52.472928698140812 ], [ 16.820408042172865, 52.47292868965225 ], [ 16.820408045238246, 52.472928681303827 ], [ 16.820408049589272, 52.472928673171118 ], [ 16.820408055186544, 52.472928665327821 ], [ 16.820408061979368, 52.472928657844946 ], [ 16.822642966112173, 52.470721268789553 ], [ 16.822642974038278, 52.470721261734703 ], [ 16.822642983026601, 52.470721255171895 ], [ 16.822642992995746, 52.470721249160569 ], [ 16.822643003855436, 52.470721243755186 ], [ 16.822643015507321, 52.470721239004668 ], [ 16.822643027845878, 52.470721234952059 ], [ 16.822643040759363, 52.470721231634045 ], [ 16.82264305413084, 52.470721229080695 ], [ 16.822643067839209, 52.470721227315096 ], [ 16.822643081760322, 52.470721226353284 ], [ 16.822643095768115, 52.470721226203928 ], [ 16.826890851943705, 52.470799365435226 ], [ 16.826890865911416, 52.4707993660992 ], [ 16.826890879712536, 52.470799367570983 ], [ 16.826890893222068, 52.470799369837273 ], [ 16.826890906317676, 52.470799372877501 ], [ 16.826890918880764, 52.470799376664161 ], [ 16.826890930797553, 52.470799381162969 ], [ 16.826890941960126, 52.470799386333169 ], [ 16.826890952267394, 52.47079939212793 ], [ 16.826890961626017, 52.470799398494805 ], [ 16.826890969951233, 52.47079940537612 ], [ 16.82689097716765, 52.470799412709532 ], [ 16.828904299799468, 52.473084997428892 ], [ 16.828904301558445, 52.473084999216184 ], [ 16.828904304962869, 52.47308499937796 ], [ 16.833152387800318, 52.473162917725816 ], [ 16.833152401768892, 52.47316291838905 ], [ 16.833152415570975, 52.47316291986013 ], [ 16.833152429081572, 52.473162922125695 ], [ 16.833152442178331, 52.473162925165248 ], [ 16.833152454742642, 52.473162928951254 ], [ 16.833152466660721, 52.473162933449451 ], [ 16.833152477824637, 52.473162938619069 ], [ 16.833152488133287, 52.473162944413303 ], [ 16.833152497493316, 52.473162950779688 ], [ 16.833152505819957, 52.47316295766057 ], [ 16.833152513037806, 52.473162964993605 ], [ 16.835166267706104, 52.475448446916346 ], [ 16.835166269465432, 52.475448448703546 ], [ 16.835166272870065, 52.475448448865137 ], [ 16.839414600867279, 52.47552614478991 ], [ 16.839414614836723, 52.47552614545242 ], [ 16.839414628639773, 52.475526146922768 ], [ 16.839414642151432, 52.47552614918763 ], [ 16.839414655249339, 52.475526152226514 ], [ 16.839414667814875, 52.47552615601186 ], [ 16.83941467973424, 52.475526160509425 ], [ 16.839414690899499, 52.475526165678467 ], [ 16.839414701209535, 52.475526171472168 ], [ 16.839414710570974, 52.47552617783807 ], [ 16.83941471889904, 52.475526184718525 ], [ 16.839414726118317, 52.475526192051198 ], [ 16.841428912890237, 52.477811571131681 ], [ 16.841428914649914, 52.477811572918796 ], [ 16.84142891805476, 52.47781157308021 ], [ 16.84567749116507, 52.477889046542103 ], [ 16.845677505135374, 52.477889047203881 ], [ 16.845677518939393, 52.477889048673511 ], [ 16.845677532452118, 52.477889050937662 ], [ 16.845677545551172, 52.477889053975865 ], [ 16.845677558117931, 52.477889057760564 ], [ 16.845677570038585, 52.477889062257496 ], [ 16.845677581205187, 52.477889067425963 ], [ 16.845677591516601, 52.477889073219146 ], [ 16.845677600879451, 52.477889079584564 ], [ 16.845677609208948, 52.477889086464572 ], [ 16.845677616429651, 52.477889093796875 ], [ 16.847692235372318, 52.480174369989506 ], [ 16.847692237132339, 52.480174371776535 ], [ 16.847692240537395, 52.480174371937757 ], [ 16.851941140188725, 52.480251624376891 ], [ 16.851941143603469, 52.480251624339651 ], [ 16.851941145534539, 52.48025162261974 ], [ 16.854174912554019, 52.478043584922382 ], [ 16.854174920476485, 52.4780435778654 ], [ 16.85417492946171, 52.478043571300162 ], [ 16.854174939428319, 52.47804356528615 ], [ 16.854174950286055, 52.478043559877854 ], [ 16.854174961936586, 52.478043555124223 ], [ 16.854174974274407, 52.478043551068318 ], [ 16.854174987187779, 52.478043547746879 ], [ 16.854175000559767, 52.478043545189955 ], [ 16.854175014269263, 52.478043543420718 ], [ 16.854175028192113, 52.478043542455204 ], [ 16.854175042202229, 52.478043542302139 ], [ 16.858423673150931, 52.478120558290009 ], [ 16.858423676565511, 52.478120558252577 ], [ 16.858423678496234, 52.478120556532559 ], [ 16.860657056148426, 52.475912348678712 ], [ 16.860657057802456, 52.475912346854379 ], [ 16.860657056328204, 52.475912344973452 ], [ 16.858641947480407, 52.473627283028613 ], [ 16.858641941432161, 52.473627275311053 ], [ 16.858641936612646, 52.473627267277365 ], [ 16.85864193306551, 52.473627259000303 ], [ 16.858641930822873, 52.473627250554813 ], [ 16.858641929905051, 52.473627242017393 ], [ 16.858641930320349, 52.473627233465358 ], [ 16.858641932065005, 52.473627224976148 ], [ 16.858641935123231, 52.473627216626653 ], [ 16.858641939467319, 52.473627208492474 ], [ 16.858641945057933, 52.473627200647293 ], [ 16.858641951844444, 52.473627193162152 ], [ 16.860875041829765, 52.471419019413069 ], [ 16.860875043483613, 52.471419017588744 ], [ 16.860875042009496, 52.471419015707809 ], [ 16.858860120410352, 52.469133957928733 ], [ 16.85886011436266, 52.469133950211187 ], [ 16.858860109543574, 52.469133942177507 ], [ 16.858860105996733, 52.46913393390043 ], [ 16.858860103754257, 52.469133925454955 ], [ 16.858860102836463, 52.469133916917535 ], [ 16.858860103251651, 52.469133908365485 ], [ 16.858860104996065, 52.469133899876269 ], [ 16.858860108053911, 52.469133891526759 ], [ 16.85886011239749, 52.469133883392558 ], [ 16.858860117987476, 52.469133875547371 ], [ 16.858860124773233, 52.469133868062201 ], [ 16.861092927172415, 52.466925728420364 ], [ 16.86109293509174, 52.466925721362863 ], [ 16.861092944073636, 52.466925714797064 ], [ 16.861092954036764, 52.466925708782433 ], [ 16.86109296489089, 52.466925703373441 ], [ 16.861092976537726, 52.466925698619086 ], [ 16.861092988871793, 52.466925694562413 ], [ 16.861093001781388, 52.466925691240164 ], [ 16.861093015149603, 52.466925688682416 ], [ 16.861093028855375, 52.46692568691234 ], [ 16.861093042774581, 52.466925685945967 ], [ 16.861093056781165, 52.466925685792042 ], [ 16.865340554922547, 52.467002440606635 ], [ 16.865340568889771, 52.467002441266068 ], [ 16.865340582691108, 52.467002442733367 ], [ 16.865340596201587, 52.467002444995259 ], [ 16.865340609298848, 52.467002448031252 ], [ 16.865340621864281, 52.467002451813848 ], [ 16.865340633784086, 52.467002456308812 ], [ 16.865340644950322, 52.467002461475424 ], [ 16.865340655261868, 52.467002467266902 ], [ 16.865340664625332, 52.467002473630778 ], [ 16.865340672955924, 52.467002480509436 ], [ 16.865340680178203, 52.467002487840567 ], [ 16.867355846492195, 52.469287438494042 ], [ 16.8673558482526, 52.46928744028078 ], [ 16.867355851656903, 52.469287440441434 ], [ 16.87160375736234, 52.469363975715872 ], [ 16.871603760776242, 52.46936397567805 ], [ 16.871603762706066, 52.469363973957812 ], [ 16.87383598868152, 52.467155544765419 ], [ 16.873835996598871, 52.467155537707036 ], [ 16.873836005578944, 52.467155531140257 ], [ 16.873836015540416, 52.467155525124525 ], [ 16.873836026393072, 52.46715551971436 ], [ 16.873836038038629, 52.467155514958719 ], [ 16.873836050371626, 52.46715551090071 ], [ 16.873836063280368, 52.467155507577061 ], [ 16.873836076647958, 52.467155505017857 ], [ 16.873836090353329, 52.467155503246317 ], [ 16.873836104272375, 52.46715550227843 ], [ 16.873836118279026, 52.467155502122999 ], [ 16.878083673694693, 52.467231799638121 ], [ 16.878083687662219, 52.467231800296048 ], [ 16.878083701464099, 52.467231801761869 ], [ 16.878083714975343, 52.467231804022305 ], [ 16.878083728073587, 52.467231807056905 ], [ 16.878083740640214, 52.467231810838157 ], [ 16.878083752561416, 52.467231815331857 ], [ 16.87808376372924, 52.467231820497283 ], [ 16.87808377404254, 52.467231826287652 ], [ 16.878083783407924, 52.46723183265054 ], [ 16.878083791740568, 52.467231839528324 ], [ 16.878083798965022, 52.467231846858702 ], [ 16.880099641816994, 52.469516587337672 ], [ 16.880099643577932, 52.469516589124211 ], [ 16.880099646982309, 52.46951658928451 ], [ 16.884347609803644, 52.469592667198057 ], [ 16.88434761321756, 52.469592667159873 ], [ 16.884347615146904, 52.469592665439421 ], [ 16.886579221679096, 52.467383989143073 ], [ 16.886579229594471, 52.467383982083824 ], [ 16.886579238572722, 52.46738397551605 ], [ 16.886579248532541, 52.467383969499238 ], [ 16.886579259383723, 52.467383964087887 ], [ 16.886579271028005, 52.467383959330981 ], [ 16.886579283359929, 52.467383955271622 ], [ 16.886579296267819, 52.467383951946566 ], [ 16.886579309634776, 52.467383949385933 ], [ 16.886579323339753, 52.467383947612895 ], [ 16.886579337258627, 52.467383946643508 ], [ 16.886579351265357, 52.467383946486571 ], [ 16.890826963614064, 52.467459786688153 ], [ 16.890826977581892, 52.467459787344588 ], [ 16.890826991384309, 52.467459788808902 ], [ 16.890827004896313, 52.46745979106791 ], [ 16.890827017995544, 52.467459794101096 ], [ 16.890827030563365, 52.467459797881006 ], [ 16.890827042485963, 52.467459802373433 ], [ 16.890827053655368, 52.467459807537672 ], [ 16.890827063970427, 52.467459813326954 ], [ 16.890827073337721, 52.467459819688855 ], [ 16.890827081672427, 52.467459826565758 ], [ 16.890827088899055, 52.467459833895376 ], [ 16.892843569478117, 52.469744320274991 ], [ 16.892843575531884, 52.469744327990867 ], [ 16.892843580357262, 52.469744336023219 ], [ 16.892843583910558, 52.469744344299329 ], [ 16.892843586159586, 52.469744352744236 ], [ 16.892843587083981, 52.46974436128145 ], [ 16.892843586675369, 52.469744369833691 ], [ 16.892843584937452, 52.46974437832349 ], [ 16.89284358188597, 52.469744386673931 ], [ 16.892843577548561, 52.469744394809439 ], [ 16.892843571964498, 52.469744402656318 ], [ 16.892843565184354, 52.469744410143498 ], [ 16.890612146272307, 52.471953205885477 ], [ 16.890612144619659, 52.471953207710236 ], [ 16.890612146095076, 52.471953209590801 ], [ 16.892628853017545, 52.474237743860833 ], [ 16.89262885907187, 52.474237751576716 ], [ 16.892628863897677, 52.474237759609089 ], [ 16.892628867451272, 52.474237767885214 ], [ 16.892628869700459, 52.474237776330106 ], [ 16.892628870624883, 52.474237784867334 ], [ 16.892628870216164, 52.474237793419569 ], [ 16.89262886847801, 52.474237801909347 ], [ 16.89262886542615, 52.474237810259766 ], [ 16.892628861088234, 52.474237818395252 ], [ 16.892628855503538, 52.474237826242117 ], [ 16.892628848722648, 52.474237833729269 ], [ 16.890397228203067, 52.476446578980429 ], [ 16.890397220286623, 52.47644658603992 ], [ 16.890397211307047, 52.476446592607957 ], [ 16.89039720134566, 52.476446598625067 ], [ 16.890397190492674, 52.476446604036767 ], [ 16.890397178846371, 52.476446608793999 ], [ 16.890397166512233, 52.476446612853735 ], [ 16.890397153601945, 52.47644661617916 ], [ 16.890397140232434, 52.476446618740205 ], [ 16.890397126524771, 52.476446620513663 ], [ 16.890397112603104, 52.476446621483461 ], [ 16.890397098593496, 52.476446621640818 ], [ 16.886148540650726, 52.476370755509741 ], [ 16.886148537236281, 52.476370755547983 ], [ 16.886148535306702, 52.476370757268469 ], [ 16.883916397006534, 52.478579459605449 ], [ 16.883916395353353, 52.478579461430115 ], [ 16.883916396828692, 52.478579463310759 ], [ 16.885933046947716, 52.480864108908776 ], [ 16.88593305300174, 52.480864116624993 ], [ 16.885933057827014, 52.480864124657607 ], [ 16.885933061379838, 52.48086413293391 ], [ 16.885933063628045, 52.480864141378945 ], [ 16.885933064551271, 52.480864149916194 ], [ 16.885933064141156, 52.480864158468378 ], [ 16.885933062401417, 52.480864166958021 ], [ 16.885933059347799, 52.480864175308263 ], [ 16.885933055007968, 52.480864183443487 ], [ 16.885933049421219, 52.480864191289974 ], [ 16.885933042638154, 52.480864198776722 ], [ 16.88370070255365, 52.483072850602255 ], [ 16.883700700900292, 52.483072852426908 ], [ 16.883700702375766, 52.483072854307558 ], [ 16.885717540198783, 52.485357504007588 ], [ 16.88571754625336, 52.485357511723819 ], [ 16.885717551079061, 52.485357519756441 ], [ 16.885717554632187, 52.48535752803275 ], [ 16.885717556880557, 52.485357536477764 ], [ 16.885717557803815, 52.48535754501502 ], [ 16.88571755739359, 52.485357553567191 ], [ 16.885717555653603, 52.485357562056826 ], [ 16.885717552599612, 52.485357570407047 ], [ 16.885717548259276, 52.485357578542263 ], [ 16.885717542671898, 52.485357586388737 ], [ 16.885717535888077, 52.485357593875442 ], [ 16.883484951152273, 52.487566237541486 ], [ 16.883484949498726, 52.487566239366132 ], [ 16.883484950974339, 52.487566241246782 ], [ 16.885501976548287, 52.489850895050026 ], [ 16.885501982603426, 52.48985090276625 ], [ 16.885501987429553, 52.489850910798893 ], [ 16.885501990982977, 52.489850919075216 ], [ 16.885501993231511, 52.489850927520223 ], [ 16.885501994154794, 52.489850936057472 ], [ 16.885501993744462, 52.489850944609636 ], [ 16.885501992004233, 52.489850953099264 ], [ 16.885501988949869, 52.48985096144947 ], [ 16.885501984609022, 52.489850969584651 ], [ 16.885501979021015, 52.489850977431111 ], [ 16.885501972236447, 52.489850984917801 ], [ 16.883269142782357, 52.492059620423049 ], [ 16.883269141128629, 52.492059622247695 ], [ 16.883269142604373, 52.492059624128331 ], [ 16.885286355976213, 52.494344282036003 ], [ 16.885286362031906, 52.494344289752249 ], [ 16.885286366858466, 52.494344297784899 ], [ 16.885286370412185, 52.494344306061215 ], [ 16.885286372660882, 52.494344314506222 ], [ 16.885286373584194, 52.494344323043471 ], [ 16.885286373173752, 52.494344331595627 ], [ 16.885286371433281, 52.494344340085249 ], [ 16.885286368378541, 52.49434434843544 ], [ 16.885286364037189, 52.494344356570593 ], [ 16.885286358448553, 52.494344364417032 ], [ 16.885286351663233, 52.494344371903686 ], [ 16.883053277423855, 52.496552999246873 ], [ 16.883053275769942, 52.496553001071511 ], [ 16.883053277245825, 52.496553002952169 ], [ 16.885070717149766, 52.498837708775312 ], [ 16.885070718912043, 52.498837710561801 ], [ 16.885070722318705, 52.498837710721986 ], [ 16.889321442607734, 52.498913638080765 ], [ 16.889321456585492, 52.498913638737463 ], [ 16.889321470397679, 52.498913640202076 ], [ 16.889321483919201, 52.498913642461332 ], [ 16.889321497027613, 52.498913645494781 ], [ 16.889321509604194, 52.498913649274932 ], [ 16.889321521535056, 52.498913653767573 ], [ 16.889321532712152, 52.498913658932004 ], [ 16.889321543034253, 52.498913664721456 ], [ 16.889321552407885, 52.498913671083514 ], [ 16.889321560748161, 52.498913677960545 ], [ 16.88932156797955, 52.498913685290283 ], [ 16.891339401954394, 52.501198244079546 ], [ 16.891339403717019, 52.501198245865936 ], [ 16.89133940712389, 52.501198246025936 ], [ 16.895590453734016, 52.501273952018352 ], [ 16.895590457150394, 52.501273951979861 ], [ 16.895590459080722, 52.501273950259232 ], [ 16.897823157402339, 52.499065083794918 ], [ 16.897823165321768, 52.499065076734986 ], [ 16.897823174304961, 52.499065070166438 ], [ 16.89782318427055, 52.499065064148759 ], [ 16.897823195128293, 52.49906505873647 ], [ 16.897823206779861, 52.499065053978562 ], [ 16.897823219119733, 52.49906504991813 ], [ 16.897823232036156, 52.499065046591966 ], [ 16.897823245412159, 52.499065044030161 ], [ 16.897823259126611, 52.499065042255914 ], [ 16.897823273055302, 52.499065041285313 ], [ 16.897823287072097, 52.499065041127167 ], [ 16.902073982581687, 52.499140509185082 ], [ 16.902073996559754, 52.499140509840274 ], [ 16.902074010372473, 52.499140511303402 ], [ 16.902074023894759, 52.499140513561208 ], [ 16.902074037004155, 52.499140516593251 ], [ 16.902074049581934, 52.499140520372059 ], [ 16.902074061514195, 52.499140524863421 ], [ 16.902074072692873, 52.499140530026672 ], [ 16.902074083016736, 52.499140535815023 ], [ 16.902074092392287, 52.4991405421761 ], [ 16.90207410073462, 52.499140549052257 ], [ 16.902074107968186, 52.499140556381228 ], [ 16.904092619465459, 52.501424904529003 ], [ 16.904092621228614, 52.501424906315215 ], [ 16.90409262463556, 52.501424906474853 ], [ 16.90834372781805, 52.501500154562407 ], [ 16.908343731234439, 52.501500154523548 ], [ 16.908343733164287, 52.501500152802713 ], [ 16.910575810514839, 52.499291039157548 ], [ 16.910575818432292, 52.499291032096743 ], [ 16.910575827413656, 52.499291025527199 ], [ 16.910575837377589, 52.499291019508441 ], [ 16.910575848233851, 52.499291014094972 ], [ 16.910575859884137, 52.499291009335792 ], [ 16.910575872222935, 52.499291005274017 ], [ 16.910575885138499, 52.499291001946446 ], [ 16.910575898513873, 52.499290999383192 ], [ 16.91057591222792, 52.499290997607474 ], [ 16.910575926156447, 52.499290996635359 ], [ 16.91057594017331, 52.499290996475693 ], [ 16.914826773585332, 52.499366008113178 ], [ 16.914826777001558, 52.499366008074148 ], [ 16.914826778931062, 52.499366006353192 ], [ 16.917058423487624, 52.497156765125389 ], [ 16.917058431403657, 52.497156758064143 ], [ 16.91705844038362, 52.497156751494096 ], [ 16.91705845034619, 52.497156745474776 ], [ 16.917058461201144, 52.497156740060689 ], [ 16.917058472850176, 52.497156735300855 ], [ 16.917058485187788, 52.497156731238384 ], [ 16.917058498102254, 52.497156727910102 ], [ 16.917058511476618, 52.497156725346095 ], [ 16.917058525189759, 52.49715672356961 ], [ 16.917058539117487, 52.497156722596756 ], [ 16.917058553133671, 52.497156722436294 ], [ 16.921309116715168, 52.497231497669681 ], [ 16.921309130692979, 52.49723149832262 ], [ 16.921309144505802, 52.497231499783489 ], [ 16.921309158028553, 52.497231502039106 ], [ 16.92130917113877, 52.497231505069017 ], [ 16.921309183717714, 52.497231508845779 ], [ 16.921309195651478, 52.49723151333523 ], [ 16.921309206831982, 52.497231518496683 ], [ 16.92130921715798, 52.497231524283386 ], [ 16.92130922653595, 52.497231530642956 ], [ 16.921309234880972, 52.497231537517777 ], [ 16.921309242117466, 52.497231544845604 ], [ 16.923328636695658, 52.499515531009429 ], [ 16.923328642758751, 52.499515538723799 ], [ 16.923328647592832, 52.499515546754964 ], [ 16.923328651154122, 52.499515555030214 ], [ 16.923328653410369, 52.499515563474574 ], [ 16.923328654341137, 52.499515572011582 ], [ 16.923328653938004, 52.499515580563944 ], [ 16.923328652204614, 52.499515589054184 ], [ 16.923328649156669, 52.49951559740542 ], [ 16.923328644821769, 52.499515605542051 ], [ 16.923328639239177, 52.499515613390336 ], [ 16.923328632459441, 52.49951562087923 ], [ 16.921097176280774, 52.501724981601519 ], [ 16.921097174628223, 52.501724983426705 ], [ 16.92109717610591, 52.5017249853069 ], [ 16.923116836571097, 52.504009063074228 ], [ 16.923116838335133, 52.504009064860156 ], [ 16.923116841742367, 52.504009065019247 ], [ 16.92736824559551, 52.504083632239755 ], [ 16.927368249012098, 52.504083632200349 ], [ 16.927368250941328, 52.504083630479187 ], [ 16.929599518628024, 52.501874150268392 ], [ 16.929599526542937, 52.50187414320628 ], [ 16.929599535522041, 52.50187413663528 ], [ 16.92959954548401, 52.501874130614901 ], [ 16.92959955633863, 52.501874125199656 ], [ 16.929599567987605, 52.501874120438593 ], [ 16.92959958032543, 52.501874116374836 ], [ 16.929599593240383, 52.501874113045183 ], [ 16.92959960661549, 52.501874110479761 ], [ 16.929599620329643, 52.501874108701848 ], [ 16.929599634258626, 52.501874107727502 ], [ 16.929599648276309, 52.501874107565584 ], [ 16.933850700539121, 52.501948436951103 ], [ 16.933850714518655, 52.50194843760255 ], [ 16.933850728333411, 52.501948439061991 ], [ 16.933850741858283, 52.501948441316188 ], [ 16.933850754970795, 52.501948444344734 ], [ 16.933850767552187, 52.501948448120189 ], [ 16.933850779488527, 52.501948452608396 ], [ 16.933850790671716, 52.501948457768684 ], [ 16.933850801000478, 52.501948463554314 ], [ 16.933850810381273, 52.501948469912911 ], [ 16.933850818729148, 52.501948476786886 ], [ 16.933850825968502, 52.501948484113967 ], [ 16.9358711249672, 52.504232307130799 ], [ 16.935871126731769, 52.504232308916542 ], [ 16.935871130139073, 52.504232309075263 ], [ 16.94012250819506, 52.504306416899816 ], [ 16.940122522175454, 52.504306417550531 ], [ 16.940122535991172, 52.504306419009225 ], [ 16.94012254951711, 52.504306421262733 ], [ 16.940122562630766, 52.504306424290604 ], [ 16.940122575213383, 52.504306428065405 ], [ 16.940122587151013, 52.50430643255298 ], [ 16.940122598335545, 52.504306437712685 ], [ 16.940122608665689, 52.504306443497782 ], [ 16.940122618047898, 52.504306449855889 ], [ 16.940122626397198, 52.504306456729438 ], [ 16.940122633637987, 52.504306464056143 ], [ 16.942143365584101, 52.50659018353204 ], [ 16.942143367349018, 52.506590185317705 ], [ 16.942143370756533, 52.506590185476256 ], [ 16.946394993039743, 52.506664070273303 ], [ 16.946395007020996, 52.506664070923286 ], [ 16.946395020837684, 52.50666407238127 ], [ 16.946395034364681, 52.506664074634067 ], [ 16.946395047479484, 52.506664077661235 ], [ 16.946395060063328, 52.506664081435389 ], [ 16.946395072002247, 52.506664085922338 ], [ 16.946395083188115, 52.506664091081461 ], [ 16.946395093519644, 52.506664096866032 ], [ 16.946395102903264, 52.506664103223663 ], [ 16.946395111253995, 52.506664110096764 ], [ 16.946395118496213, 52.506664117423092 ], [ 16.948416283456574, 52.508947733312361 ], [ 16.948416285221843, 52.508947735097934 ], [ 16.948416288629566, 52.508947735256292 ], [ 16.952668236625758, 52.509021398397209 ], [ 16.952668240042726, 52.509021398357085 ], [ 16.9526682419712, 52.509021396635518 ], [ 16.954898510416236, 52.50681143058722 ], [ 16.954898518328047, 52.506811423523388 ], [ 16.954898527304454, 52.506811416950463 ], [ 16.95489853726416, 52.506811410927924 ], [ 16.954898548116969, 52.506811405510341 ], [ 16.954898559764594, 52.506811400746777 ], [ 16.954898572101552, 52.506811396680362 ], [ 16.954898585016124, 52.506811393347952 ], [ 16.954898598391349, 52.506811390779696 ], [ 16.954898612106099, 52.506811388998827 ], [ 16.954898626036172, 52.506811388021525 ], [ 16.954898640055415, 52.506811387856615 ], [ 16.959150236031203, 52.506884813219251 ], [ 16.959150250012755, 52.506884813867728 ], [ 16.959150263829972, 52.506884815324227 ], [ 16.959150277357733, 52.50688481757556 ], [ 16.959150290473517, 52.506884820601336 ], [ 16.95915030305855, 52.50688482437414 ], [ 16.959150314998862, 52.506884828859818 ], [ 16.959150326186318, 52.506884834017747 ], [ 16.959150336519606, 52.506884839801216 ], [ 16.959150345905137, 52.50688484615786 ], [ 16.959150354257925, 52.50688485303008 ], [ 16.959150361502321, 52.506884860355662 ], [ 16.961172203619199, 52.509168265024591 ], [ 16.961172205384997, 52.509168266809965 ], [ 16.961172208792792, 52.509168266967954 ], [ 16.965424211850188, 52.509241472031455 ], [ 16.96542421526717, 52.509241471990954 ], [ 16.965424217195164, 52.509241470269167 ], [ 16.967653863524447, 52.507031257446357 ], [ 16.96765387143428, 52.507031250381665 ], [ 16.967653880408854, 52.507031243807738 ], [ 16.967653890366893, 52.507031237784105 ], [ 16.96765390121822, 52.507031232365343 ], [ 16.967653912864559, 52.507031227600514 ], [ 16.967653925200437, 52.507031223532771 ], [ 16.967653938114147, 52.50703122019894 ], [ 16.967653951488735, 52.507031217629226 ], [ 16.967653965203077, 52.507031215846879 ], [ 16.967653979132976, 52.507031214868086 ], [ 16.967653993152279, 52.507031214701662 ], [ 16.97190572553675, 52.507104183432325 ], [ 16.971905728953569, 52.507104183391633 ], [ 16.971905730881215, 52.507104181669732 ], [ 16.974134986902254, 52.504893799172343 ], [ 16.974134988552748, 52.504893797346405 ], [ 16.974134987072677, 52.504893795466849 ], [ 16.972112657147346, 52.502610606011132 ], [ 16.972112651075228, 52.502610598299164 ], [ 16.972112646231878, 52.50261059026991 ], [ 16.972112642661148, 52.502610581996045 ], [ 16.972112640395384, 52.502610573552531 ], [ 16.972112639455101, 52.502610565015793 ], [ 16.972112639848813, 52.502610556463189 ], [ 16.972112641572956, 52.502610547972139 ], [ 16.972112644611915, 52.50261053961956 ], [ 16.972112648938172, 52.502610531481061 ], [ 16.972112654512543, 52.502610523630395 ], [ 16.972112661284552, 52.502610516138624 ], [ 16.974341588026338, 52.500400210530614 ], [ 16.974341595933886, 52.500400203465432 ], [ 16.974341604906101, 52.500400196890965 ], [ 16.974341614861718, 52.500400190866742 ], [ 16.974341625710583, 52.500400185447347 ], [ 16.974341637354438, 52.500400180681822 ], [ 16.974341649687851, 52.500400176613333 ], [ 16.974341662599112, 52.50040017327877 ], [ 16.974341675971306, 52.500400170708261 ], [ 16.974341689683332, 52.500400168925133 ], [ 16.974341703611003, 52.5004001679455 ], [ 16.974341717628192, 52.500400167778274 ], [ 16.978592827858325, 52.500472889878843 ], [ 16.978592831274629, 52.500472889837965 ], [ 16.97859283320172, 52.500472888115951 ], [ 16.980821412528279, 52.498262370513423 ], [ 16.980821414178241, 52.498262368687378 ], [ 16.980821412698099, 52.498262366807893 ], [ 16.978799028264795, 52.495979288834391 ], [ 16.978799022192383, 52.495979281122771 ], [ 16.978799017348503, 52.495979273093766 ], [ 16.978799013777017, 52.495979264820093 ], [ 16.978799011510276, 52.495979256376678 ], [ 16.9787990105688, 52.495979247839983 ], [ 16.978799010961119, 52.495979239287344 ], [ 16.978799012683684, 52.495979230796166 ], [ 16.978799015720888, 52.495979222443381 ], [ 16.978799020045233, 52.495979214304633 ], [ 16.978799025617551, 52.495979206453605 ], [ 16.978799032387382, 52.495979198961429 ], [ 16.981027325368498, 52.49376871588732 ], [ 16.981027327018282, 52.493768714061282 ], [ 16.981027325538275, 52.493768712181804 ], [ 16.979005130282559, 52.491485638064134 ], [ 16.979005124210708, 52.491485630352535 ], [ 16.979005119367258, 52.491485622323538 ], [ 16.979005115796078, 52.49148561404985 ], [ 16.979005113529503, 52.491485605606435 ], [ 16.979005112588059, 52.491485597069747 ], [ 16.979005112980278, 52.491485588517087 ], [ 16.979005114702602, 52.491485580025902 ], [ 16.979005117739433, 52.49148557167311 ], [ 16.979005122063278, 52.491485563534319 ], [ 16.97900512763497, 52.491485555683298 ], [ 16.979005134404055, 52.491485548191093 ], [ 16.981233183842438, 52.489275057259469 ], [ 16.981233185492037, 52.489275055433417 ], [ 16.981233184012169, 52.489275053553946 ], [ 16.979211139115012, 52.486991939510965 ], [ 16.979211137349342, 52.486991937725868 ], [ 16.979211133943181, 52.486991937568391 ], [ 16.974961321874019, 52.486919250663256 ], [ 16.974961307898511, 52.486919250016712 ], [ 16.974961294086963, 52.486919248562103 ], [ 16.97496128056445, 52.486919246312631 ], [ 16.974961267453438, 52.486919243288639 ], [ 16.97496125487266, 52.486919239517562 ], [ 16.974961242936047, 52.48691923503349 ], [ 16.974961231751706, 52.486919229877081 ], [ 16.974961221420919, 52.486919224094997 ], [ 16.974961212037247, 52.486919217739612 ], [ 16.974961203685663, 52.486919210868493 ], [ 16.974961196441807, 52.48691920354387 ], [ 16.972939661632768, 52.484636073359461 ], [ 16.9729396555629, 52.484636065647557 ], [ 16.97293965072128, 52.484636057618317 ], [ 16.972939647151765, 52.484636049344466 ], [ 16.972939644886669, 52.484636040900945 ], [ 16.972939643946514, 52.4846360323642 ], [ 16.97293964433981, 52.484636023811554 ], [ 16.972939646063001, 52.484636015320461 ], [ 16.972939649100471, 52.484636006967825 ], [ 16.972939653424721, 52.484635998829255 ], [ 16.972939658996584, 52.484635990978504 ], [ 16.972939665765612, 52.484635983486626 ], [ 16.975167660753549, 52.482425603982044 ], [ 16.975167662403138, 52.48242560215607 ], [ 16.975167660923745, 52.482425600276535 ], [ 16.973146276316196, 52.480142430180379 ], [ 16.97314627024689, 52.480142422468468 ], [ 16.973146265405706, 52.480142414439257 ], [ 16.973146261836487, 52.480142406165399 ], [ 16.973146259571561, 52.480142397721885 ], [ 16.973146258631438, 52.480142389185126 ], [ 16.973146259024631, 52.480142380632486 ], [ 16.97314626074758, 52.48014237214138 ], [ 16.973146263784681, 52.480142363788723 ], [ 16.97314626810843, 52.480142355650145 ], [ 16.973146273679671, 52.480142347799365 ], [ 16.973146280447949, 52.480142340307474 ], [ 16.97537403197888, 52.477931952928202 ], [ 16.975374033628285, 52.477931951102221 ], [ 16.975374032149034, 52.477931949222679 ], [ 16.973352836462844, 52.475648782994952 ], [ 16.973352830394099, 52.475648775283062 ], [ 16.973352825553345, 52.475648767253837 ], [ 16.973352821984431, 52.47564875898 ], [ 16.973352819719675, 52.475648750536472 ], [ 16.973352818779581, 52.475648741999734 ], [ 16.973352819172671, 52.475648733447066 ], [ 16.973352820895382, 52.475648724955967 ], [ 16.97335282393211, 52.475648716603288 ], [ 16.973352828255361, 52.475648708464682 ], [ 16.97335283382597, 52.475648700613881 ], [ 16.973352840593506, 52.475648693121968 ], [ 16.975580306021907, 52.473438340255733 ], [ 16.975580313924308, 52.473438333190401 ], [ 16.975580322890742, 52.473438326615749 ], [ 16.975580332840007, 52.473438320591328 ], [ 16.975580343681997, 52.47343831517172 ], [ 16.975580355318527, 52.473438310405989 ], [ 16.975580367644216, 52.473438306337286 ], [ 16.975580380547434, 52.473438303002474 ], [ 16.97558039391134, 52.473438300431738 ], [ 16.975580407614903, 52.473438298648368 ], [ 16.975580421534016, 52.473438297668523 ], [ 16.975580435542629, 52.473438297501048 ], [ 16.979828950476666, 52.473510949232164 ], [ 16.97982895389088, 52.47351094919123 ], [ 16.979828955816714, 52.473510947469165 ], [ 16.982056074457763, 52.471300382731584 ], [ 16.982056076106634, 52.471300380905504 ], [ 16.982056074627312, 52.471300379026047 ], [ 16.980034824548103, 52.469017324170196 ], [ 16.980034818479059, 52.46901731645864 ], [ 16.980034813637776, 52.469017308429677 ], [ 16.980034810068105, 52.469017300156011 ], [ 16.980034807802372, 52.469017291712603 ], [ 16.980034806861092, 52.469017283175894 ], [ 16.980034807252792, 52.469017274623191 ], [ 16.980034808973926, 52.469017266131949 ], [ 16.980034812008899, 52.469017257779086 ], [ 16.980034816330239, 52.469017249640217 ], [ 16.980034821898801, 52.469017241789068 ], [ 16.980034828664159, 52.469017234296743 ], [ 16.98226166138701, 52.466806704095802 ], [ 16.9822616630357, 52.4668067022697 ], [ 16.982261661556514, 52.466806700390258 ], [ 16.980240600370433, 52.464523649383288 ], [ 16.980240594301947, 52.464523641671747 ], [ 16.980240589461101, 52.464523633642791 ], [ 16.980240585891732, 52.464523625369139 ], [ 16.980240583626166, 52.464523616925725 ], [ 16.980240582684917, 52.464523608389015 ], [ 16.980240583076515, 52.464523599836298 ], [ 16.980240584797407, 52.464523591345056 ], [ 16.980240587832014, 52.464523582992157 ], [ 16.980240592152853, 52.464523574853281 ], [ 16.98024059772079, 52.464523567002111 ], [ 16.980240604485402, 52.464523559509757 ], [ 16.982467194064601, 52.462313021458598 ], [ 16.982467195713113, 52.462313019632511 ], [ 16.982467194234061, 52.462313017753061 ], [ 16.980446321893751, 52.460029970593837 ], [ 16.980446315825823, 52.460029962882295 ], [ 16.98044631098541, 52.460029954853354 ], [ 16.980446307416344, 52.460029946579695 ], [ 16.980446305150949, 52.460029938136287 ], [ 16.980446304209732, 52.460029929599564 ], [ 16.980446304601227, 52.460029921046846 ], [ 16.98044630632188, 52.460029912555584 ], [ 16.980446309356118, 52.460029904202685 ], [ 16.980446313676453, 52.460029896063787 ], [ 16.980446319243764, 52.460029888212603 ], [ 16.980446326007637, 52.460029880720214 ], [ 16.982672672509612, 52.457819334820051 ], [ 16.982672674157943, 52.457819332993957 ], [ 16.98267267267903, 52.457819331114507 ], [ 16.980651950390929, 52.45553624402239 ], [ 16.980651948626424, 52.455536242237301 ], [ 16.980651945222679, 52.455536242079909 ], [ 16.976405158208241, 52.455463637214194 ], [ 16.976405144242662, 52.455463636567906 ], [ 16.976405130440877, 52.455463635113567 ], [ 16.976405116927886, 52.455463632864337 ], [ 16.97640510382606, 52.45546362984058 ], [ 16.976405091254051, 52.455463626069729 ], [ 16.976405079325716, 52.455463621585871 ], [ 16.976405068149077, 52.455463616429647 ], [ 16.97640505782535, 52.455463610647726 ], [ 16.976405048448033, 52.45546360429249 ], [ 16.976405040102044, 52.455463597421506 ], [ 16.976405032862967, 52.455463590096983 ], [ 16.974384819815374, 52.453180486974816 ], [ 16.974384813749428, 52.453180479262983 ], [ 16.974384808910841, 52.453180471233793 ], [ 16.974384805343437, 52.453180462959963 ], [ 16.974384803079513, 52.453180454516442 ], [ 16.974384802139586, 52.453180445979669 ], [ 16.974384802532157, 52.45318043742698 ], [ 16.974384804253674, 52.453180428935809 ], [ 16.974384807288544, 52.453180420583067 ], [ 16.974384811609291, 52.453180412444368 ], [ 16.974384817176777, 52.453180404593461 ], [ 16.974384823940586, 52.453180397101427 ], [ 16.976611116125998, 52.450969962499663 ], [ 16.976611117774315, 52.450969960673646 ], [ 16.976611116295885, 52.450969958794118 ], [ 16.974591053143804, 52.448686815752609 ], [ 16.974591047078416, 52.448686808040769 ], [ 16.974591042240263, 52.448686800011593 ], [ 16.974591038673157, 52.448686791737785 ], [ 16.974591036409404, 52.448686783294264 ], [ 16.974591035469508, 52.448686774757483 ], [ 16.974591035861977, 52.448686766204787 ], [ 16.974591037583256, 52.44868675771361 ], [ 16.974591040617756, 52.448686749360839 ], [ 16.974591044938002, 52.44868674122214 ], [ 16.974591050504863, 52.448686733371197 ], [ 16.974591057267929, 52.448686725879135 ], [ 16.976817063777514, 52.446476325798642 ], [ 16.976817071674777, 52.44647631873314 ], [ 16.976817080635442, 52.446476312158325 ], [ 16.976817090578358, 52.446476306133711 ], [ 16.976817101413488, 52.44647630071389 ], [ 16.976817113042699, 52.446476295947932 ], [ 16.976817125360679, 52.446476291879009 ], [ 16.976817138255871, 52.44647628854397 ], [ 16.976817151611503, 52.446476285972999 ], [ 16.976817165306617, 52.446476284189387 ], [ 16.976817179217186, 52.446476283209293 ], [ 16.976817193217236, 52.446476283041612 ], [ 16.98106311695426, 52.446548864488868 ], [ 16.98106312036639, 52.446548864447863 ], [ 16.981063122290969, 52.44654886272577 ], [ 16.983288739963903, 52.444338293286755 ], [ 16.983288747859749, 52.444338286220827 ], [ 16.983288756819022, 52.444338279645486 ], [ 16.983288766760584, 52.444338273620318 ], [ 16.983288777594399, 52.444338268199893 ], [ 16.98328878922236, 52.444338263433288 ], [ 16.98328880153916, 52.444338259363676 ], [ 16.983288814433255, 52.444338256027919 ], [ 16.983288827787877, 52.444338253456209 ], [ 16.983288841482082, 52.444338251671844 ], [ 16.983288855391855, 52.444338250690997 ], [ 16.983288869391224, 52.444338250522513 ], [ 16.987534604471755, 52.444410597604872 ], [ 16.987534607883713, 52.444410597563682 ], [ 16.987534609807952, 52.444410595841489 ], [ 16.989759796003113, 52.442199899476933 ], [ 16.989759803897545, 52.442199892410535 ], [ 16.989759812855425, 52.44219988583469 ], [ 16.989759822795627, 52.442199879808967 ], [ 16.989759833628135, 52.442199874387931 ], [ 16.989759845254842, 52.44219986962068 ], [ 16.989759857570462, 52.442199865550371 ], [ 16.989759870463462, 52.44219986221389 ], [ 16.989759883817072, 52.442199859641448 ], [ 16.989759897510375, 52.442199857856316 ], [ 16.989759911419345, 52.442199856874687 ], [ 16.989759925418031, 52.442199856705436 ], [ 16.994005471775754, 52.442271969456968 ], [ 16.994005475187549, 52.4422719694156 ], [ 16.99400547711144, 52.44227196769328 ], [ 16.996230231876147, 52.440061144449579 ], [ 16.996230239769162, 52.440061137382727 ], [ 16.996230248725649, 52.440061130806384 ], [ 16.996230258664493, 52.440061124780094 ], [ 16.996230269495687, 52.440061119358461 ], [ 16.996230281121147, 52.440061114590549 ], [ 16.996230293435584, 52.440061110519572 ], [ 16.996230306327483, 52.440061107182373 ], [ 16.996230319680087, 52.440061104609178 ], [ 16.99623033337248, 52.440061102823286 ], [ 16.996230347280655, 52.440061101840897 ], [ 16.996230361278663, 52.440061101670871 ], [ 17.000475637439045, 52.44013297874875 ], [ 17.000475651400212, 52.440132979392153 ], [ 17.000475665198081, 52.440132980843636 ], [ 17.000475678707701, 52.440132983090095 ], [ 17.000475691806727, 52.440132986111152 ], [ 17.00047570437653, 52.440132989879444 ], [ 17.000475716303274, 52.440132994360866 ], [ 17.000475727478953, 52.440132999514809 ], [ 17.000475737802358, 52.440133005294634 ], [ 17.000475747179994, 52.440133011647966 ], [ 17.000475755526939, 52.440133018517294 ], [ 17.000475762767604, 52.440133025840375 ], [ 17.002496758220637, 52.442415695361028 ], [ 17.002496764290107, 52.442415703071468 ], [ 17.002496769132708, 52.442415711099557 ], [ 17.002496772704593, 52.442415719372583 ], [ 17.002496774973409, 52.442415727815636 ], [ 17.002496775918605, 52.442415736352245 ], [ 17.002496775531629, 52.442415744905105 ], [ 17.002496773815988, 52.442415753396752 ], [ 17.002496770787211, 52.442415761750304 ], [ 17.002496766472728, 52.442415769890083 ], [ 17.002496760911615, 52.44241577774239 ], [ 17.002496754154237, 52.442415785236122 ], [ 17.000272188235403, 52.444626727529538 ], [ 17.000272186588301, 52.444626729355889 ], [ 17.000272188067541, 52.444626731235125 ], [ 17.00229344993673, 52.446909492094143 ], [ 17.002293451701782, 52.446909493878906 ], [ 17.002293455104954, 52.44690949403568 ], [ 17.006539486716651, 52.446981161345228 ], [ 17.006539500680088, 52.446981161987928 ], [ 17.006539514480309, 52.446981163438743 ], [ 17.006539527992341, 52.44698116568452 ], [ 17.006539541093819, 52.446981168704916 ], [ 17.006539553666091, 52.44698117247259 ], [ 17.0065395655953, 52.446981176953415 ], [ 17.006539576773417, 52.446981182106818 ], [ 17.006539587099205, 52.446981187886124 ], [ 17.006539596479158, 52.446981194239001 ], [ 17.006539604828323, 52.446981201107903 ], [ 17.006539612071098, 52.446981208430628 ], [ 17.008561266746685, 52.44926382180784 ], [ 17.008561268512086, 52.449263823592531 ], [ 17.008561271915468, 52.449263823749121 ], [ 17.012807546083241, 52.449335268276926 ], [ 17.012807560047531, 52.449335268918915 ], [ 17.012807573848711, 52.449335270368998 ], [ 17.012807587361802, 52.449335272614064 ], [ 17.01280760046442, 52.449335275633779 ], [ 17.012807613037911, 52.449335279400785 ], [ 17.012807624968399, 52.449335283880998 ], [ 17.012807636147851, 52.449335289033812 ], [ 17.012807646475018, 52.449335294812592 ], [ 17.012807655856378, 52.449335301164986 ], [ 17.012807664206967, 52.449335308033447 ], [ 17.012807671451167, 52.449335315355796 ], [ 17.014829757755955, 52.451617824978811 ], [ 17.014829759521703, 52.45161782676341 ], [ 17.014829762925295, 52.451617826919815 ], [ 17.01907636103218, 52.451689049990648 ], [ 17.019076364444697, 52.45168904994857 ], [ 17.019076366368044, 52.451689048225838 ], [ 17.021300365067482, 52.449477748819902 ], [ 17.021300372958251, 52.449477741751366 ], [ 17.021300381913001, 52.449477735173119 ], [ 17.021300391850634, 52.449477729144718 ], [ 17.021300402681153, 52.449477723720776 ], [ 17.021300414306477, 52.449477718950412 ], [ 17.02130042662132, 52.449477714876828 ], [ 17.021300439514167, 52.449477711536915 ], [ 17.02130045286825, 52.449477708960899 ], [ 17.021300466562636, 52.449477707172129 ], [ 17.021300480473304, 52.449477706186805 ], [ 17.021300494474275, 52.449477706013845 ], [ 17.025546821907405, 52.449548693405184 ], [ 17.025546825319754, 52.449548693362892 ], [ 17.025546827242753, 52.449548691640061 ], [ 17.027770436930776, 52.447337223097755 ], [ 17.027770438576852, 52.447337221271013 ], [ 17.027770437096343, 52.447337219392097 ], [ 17.025747866001623, 52.445054924869829 ], [ 17.025747859927709, 52.445054917160547 ], [ 17.025747855080578, 52.445054909133361 ], [ 17.025747851504114, 52.445054900860988 ], [ 17.025747849230722, 52.445054892418348 ], [ 17.025747848280975, 52.44505488388188 ], [ 17.025747848663485, 52.4450548753289 ], [ 17.025747850374785, 52.445054866836884 ], [ 17.02574785339937, 52.445054858482706 ], [ 17.02574785770986, 52.445054850342025 ], [ 17.02574786326721, 52.445054842488588 ], [ 17.025747870021092, 52.445054834993506 ], [ 17.027971194787, 52.442843401152977 ], [ 17.027971196432901, 52.442843399326215 ], [ 17.027971194952528, 52.442843397447312 ], [ 17.025948813120085, 52.440561106651067 ], [ 17.025948807046735, 52.440561098941785 ], [ 17.025948802200034, 52.440561090914628 ], [ 17.025948798623883, 52.440561082642247 ], [ 17.025948796350654, 52.440561074199607 ], [ 17.025948795400947, 52.44056106566314 ], [ 17.025948795783354, 52.440561057110145 ], [ 17.025948797494415, 52.440561048618115 ], [ 17.025948800518634, 52.44056104026393 ], [ 17.025948804828623, 52.440561032123227 ], [ 17.025948810385351, 52.440561024269769 ], [ 17.025948817138495, 52.440561016774666 ], [ 17.028171899689223, 52.438349575231676 ], [ 17.02817190133494, 52.438349573404913 ], [ 17.028171899854701, 52.438349571526011 ], [ 17.026149668461887, 52.436067240689702 ], [ 17.026149666696281, 52.436067238905267 ], [ 17.02614966329384, 52.436067238749196 ], [ 17.021904630293115, 52.435996285698543 ], [ 17.021904616332876, 52.435996285057684 ], [ 17.021904602535525, 52.435996283608695 ], [ 17.021904589026011, 52.435996281364694 ], [ 17.021904575926676, 52.435996278346011 ], [ 17.021904563356156, 52.435996274579992 ], [ 17.021904551428282, 52.435996270100716 ], [ 17.021904540251082, 52.435996264948784 ], [ 17.021904529925777, 52.435996259170807 ], [ 17.021904520545878, 52.435996252819137 ], [ 17.021904512196318, 52.435996245951301 ], [ 17.021904504952726, 52.435996238629507 ], [ 17.019882743646107, 52.433713847776431 ], [ 17.019882741880849, 52.43371384599191 ], [ 17.019882738478618, 52.433713845835662 ], [ 17.015637947674428, 52.433642670066803 ], [ 17.015637933715048, 52.433642669425211 ], [ 17.015637919918653, 52.433642667975505 ], [ 17.015637906410191, 52.433642665730801 ], [ 17.015637893312, 52.433642662711421 ], [ 17.015637880742691, 52.433642658944756 ], [ 17.015637868816103, 52.433642654464855 ], [ 17.015637857640236, 52.43364264931234 ], [ 17.015637847316309, 52.433642643533823 ], [ 17.015637837937813, 52.433642637181663 ], [ 17.015637829589679, 52.433642630313408 ], [ 17.015637822347511, 52.433642622991229 ], [ 17.013616531040476, 52.431360172171644 ], [ 17.013616524970516, 52.431360164461751 ], [ 17.013616520127041, 52.431360156434096 ], [ 17.013616516553903, 52.431360148161367 ], [ 17.013616514283466, 52.431360139718507 ], [ 17.013616513336299, 52.431360131181947 ], [ 17.013616513720965, 52.431360122629016 ], [ 17.013616515433988, 52.431360114137163 ], [ 17.013616518459859, 52.431360105783284 ], [ 17.013616522771166, 52.431360097643044 ], [ 17.013616528328871, 52.431360089790168 ], [ 17.01361653508264, 52.431360082295754 ], [ 17.015839710961995, 52.429148913353963 ], [ 17.015839718849911, 52.429148906285732 ], [ 17.015839727801257, 52.429148899707847 ], [ 17.015839737734979, 52.429148893679844 ], [ 17.015839748561103, 52.42914888825635 ], [ 17.015839760181589, 52.429148883486462 ], [ 17.015839772491208, 52.429148879413383 ], [ 17.015839785378471, 52.429148876073995 ], [ 17.015839798726677, 52.429148873498526 ], [ 17.015839812414942, 52.429148871710332 ], [ 17.015839826319301, 52.42914887072557 ], [ 17.015839840313831, 52.429148870553199 ], [ 17.020084118544688, 52.429220033481016 ], [ 17.020084132502756, 52.429220034122054 ], [ 17.020084146297933, 52.429220035571248 ], [ 17.020084159805283, 52.429220037815433 ], [ 17.020084172902489, 52.429220040834302 ], [ 17.020084185470942, 52.429220044600498 ], [ 17.020084197396809, 52.429220049079937 ], [ 17.020084208572097, 52.429220054232047 ], [ 17.020084218895601, 52.429220060010167 ], [ 17.020084228273824, 52.429220066361957 ], [ 17.020084236621837, 52.429220073229921 ], [ 17.020084243864044, 52.429220080551829 ], [ 17.02210581612087, 52.431502467664401 ], [ 17.022105817886132, 52.431502469448887 ], [ 17.022105821288203, 52.431502469605064 ], [ 17.026350423038288, 52.431573411216384 ], [ 17.026350436997209, 52.431573411856711 ], [ 17.026350450793341, 52.431573413305173 ], [ 17.02635046430175, 52.431573415548655 ], [ 17.026350477400097, 52.431573418566835 ], [ 17.026350489969762, 52.431573422332384 ], [ 17.026350501896914, 52.431573426811191 ], [ 17.026350513073535, 52.431573431962718 ], [ 17.026350523398413, 52.431573437740298 ], [ 17.026350532778046, 52.431573444091612 ], [ 17.026350541127481, 52.431573450959142 ], [ 17.026350548371113, 52.431573458280681 ], [ 17.028372551821473, 52.43385574162825 ], [ 17.028372553587083, 52.43385574341265 ], [ 17.02837255698936, 52.433855743568657 ], [ 17.032617482220854, 52.433926463812561 ], [ 17.032617485631995, 52.433926463770064 ], [ 17.032617487554027, 52.433926462047104 ], [ 17.034839896700372, 52.431714886182185 ], [ 17.034839904585752, 52.431714879112668 ], [ 17.034839913534835, 52.431714872533313 ], [ 17.034839923466588, 52.431714866503704 ], [ 17.034839934291064, 52.431714861078447 ], [ 17.034839945910232, 52.431714856306677 ], [ 17.034839958218868, 52.431714852231615 ], [ 17.034839971105505, 52.431714848890159 ], [ 17.034839984453438, 52.431714846312538 ], [ 17.034839998141788, 52.431714844522133 ], [ 17.034840012046594, 52.431714843535161 ], [ 17.034840026041923, 52.431714843360538 ], [ 17.039084680641995, 52.431785328116682 ], [ 17.039084684052973, 52.431785328074 ], [ 17.039084685974657, 52.431785326350926 ], [ 17.041306663908902, 52.429573623910869 ], [ 17.04130667179286, 52.429573616840919 ], [ 17.041306680740558, 52.429573610261052 ], [ 17.04130669067095, 52.429573604230896 ], [ 17.041306701494115, 52.429573598805028 ], [ 17.041306713112032, 52.429573594032604 ], [ 17.041306725419489, 52.429573589956853 ], [ 17.041306738305025, 52.429573586614666 ], [ 17.041306751651952, 52.429573584036319 ], [ 17.041306765339392, 52.429573582245162 ], [ 17.041306779243396, 52.429573581257401 ], [ 17.041306793238043, 52.429573581082025 ], [ 17.045551258538747, 52.429643831742077 ], [ 17.045551261949555, 52.429643831699209 ], [ 17.045551263870895, 52.42964382997603 ], [ 17.047772810640556, 52.427432001007205 ], [ 17.047772818523104, 52.427431993936807 ], [ 17.047772827469405, 52.427431987356428 ], [ 17.047772837398441, 52.427431981325704 ], [ 17.047772848220294, 52.427431975899232 ], [ 17.047772859836961, 52.427431971126168 ], [ 17.047772872143234, 52.427431967049728 ], [ 17.047772885027676, 52.42743196370683 ], [ 17.047772898373591, 52.427431961127745 ], [ 17.047772912060125, 52.427431959335827 ], [ 17.047772925963326, 52.427431958347313 ], [ 17.047772939957284, 52.427431958171148 ], [ 17.052017215892647, 52.427501974769235 ], [ 17.052017219303288, 52.427501974726169 ], [ 17.052017221224283, 52.427501973002876 ], [ 17.054238336876914, 52.425290017551674 ], [ 17.054238344758044, 52.425290010480815 ], [ 17.054238353702953, 52.42529000389996 ], [ 17.054238363630631, 52.425289997868667 ], [ 17.054238374451174, 52.425289992441591 ], [ 17.05423838606659, 52.425289987667874 ], [ 17.054238398371684, 52.425289983590737 ], [ 17.054238411255021, 52.425289980247122 ], [ 17.05423842459993, 52.425289977667298 ], [ 17.054238438285552, 52.425289975874627 ], [ 17.054238452187956, 52.425289974885338 ], [ 17.054238466181232, 52.425289974708406 ], [ 17.058482471301431, 52.425359755941976 ], [ 17.058482485258956, 52.425359756578487 ], [ 17.058482499054303, 52.425359758023191 ], [ 17.058482512562545, 52.425359760263007 ], [ 17.058482525661347, 52.425359763277626 ], [ 17.058482538232084, 52.425359767039772 ], [ 17.058482550160917, 52.425359771515367 ], [ 17.058482561339815, 52.425359776663882 ], [ 17.05848257166754, 52.42535978243869 ], [ 17.058482581050558, 52.425359788787489 ], [ 17.058482589403901, 52.425359795652788 ], [ 17.058482596651917, 52.425359802972402 ], [ 17.060505998595694, 52.427641552249391 ], [ 17.06050600036237, 52.427641554033315 ], [ 17.060506003764313, 52.427641554188405 ], [ 17.064750331849485, 52.427711113984834 ], [ 17.064750345807862, 52.427711114620607 ], [ 17.064750359604165, 52.427711116064586 ], [ 17.064750373113458, 52.427711118303698 ], [ 17.064750386213401, 52.427711121317635 ], [ 17.064750398785353, 52.427711125079121 ], [ 17.064750410715469, 52.427711129554091 ], [ 17.064750421895699, 52.427711134702022 ], [ 17.064750432224798, 52.427711140476298 ], [ 17.06475044160922, 52.427711146824613 ], [ 17.064750449963981, 52.427711153689486 ], [ 17.064750457213425, 52.42771116100873 ], [ 17.066774290292553, 52.429992806311589 ], [ 17.066774292059577, 52.429992808095427 ], [ 17.066774295461727, 52.429992808250326 ], [ 17.071018946473849, 52.430062146558733 ], [ 17.071018949884685, 52.430062146515127 ], [ 17.071018951805062, 52.430062144791535 ], [ 17.07323925716689, 52.42784982528535 ], [ 17.073239265045476, 52.427849818213211 ], [ 17.073239273988122, 52.427849811630871 ], [ 17.073239283913832, 52.42784980559798 ], [ 17.073239294732719, 52.427849800169149 ], [ 17.073239306346814, 52.427849795393549 ], [ 17.07323931865092, 52.427849791314429 ], [ 17.073239331533625, 52.427849787968754 ], [ 17.073239344878257, 52.427849785386783 ], [ 17.073239358563963, 52.427849783591896 ], [ 17.073239372466805, 52.427849782600383 ], [ 17.073239386460873, 52.427849782421191 ], [ 17.077483766356014, 52.427918885397325 ], [ 17.077483769766683, 52.427918885353513 ], [ 17.077483771686712, 52.427918883629808 ], [ 17.079703688460679, 52.425706395359548 ], [ 17.079703690103798, 52.425706393532046 ], [ 17.079703688621766, 52.425706391653769 ], [ 17.077679333886156, 52.4234249178647 ], [ 17.07767933211894, 52.423424916081032 ], [ 17.077679328717256, 52.423424915926446 ], [ 17.073435379918916, 52.423355824093726 ], [ 17.073435365961764, 52.423355823458976 ], [ 17.073435352166506, 52.423355822016028 ], [ 17.073435338658072, 52.423355819777932 ], [ 17.073435325558794, 52.423355816764953 ], [ 17.073435312987307, 52.423355813004385 ], [ 17.073435301057458, 52.423355808530296 ], [ 17.073435289877281, 52.423355803383174 ], [ 17.073435279548036, 52.423355797609666 ], [ 17.073435270163252, 52.423355791262033 ], [ 17.073435261807933, 52.423355784397764 ], [ 17.073435254557733, 52.423355777079031 ], [ 17.071411408489627, 52.421074286755356 ], [ 17.071411402410874, 52.421074279048341 ], [ 17.071411397557913, 52.421074271022945 ], [ 17.071411393974692, 52.421074262751858 ], [ 17.071411391693662, 52.421074254309993 ], [ 17.071411390735477, 52.421074245773788 ], [ 17.071411391108818, 52.421074237220523 ], [ 17.071411392810305, 52.421074228727726 ], [ 17.071411395824526, 52.421074220372255 ], [ 17.071411400124187, 52.421074212229776 ], [ 17.071411405670343, 52.421074204374044 ], [ 17.071411412412775, 52.421074196876226 ], [ 17.073631234995524, 52.418861862255177 ], [ 17.073631236638633, 52.418861860427754 ], [ 17.07363123515708, 52.418861858549405 ], [ 17.071607501102285, 52.416580284328468 ], [ 17.071607499335588, 52.4165802825447 ], [ 17.071607495934451, 52.416580282389951 ], [ 17.067364219408123, 52.416510978949766 ], [ 17.067364205453238, 52.416510978314314 ], [ 17.067364191660328, 52.416510976870676 ], [ 17.067364178154303, 52.416510974631898 ], [ 17.067364165057473, 52.416510971618273 ], [ 17.067364152488455, 52.416510967857093 ], [ 17.067364140561061, 52.416510963382407 ], [ 17.067364129383325, 52.416510958234731 ], [ 17.067364119056457, 52.416510952460705 ], [ 17.067364109673989, 52.416510946112595 ], [ 17.067364101320891, 52.416510939247921 ], [ 17.067364094072801, 52.41651093192884 ], [ 17.065340868482473, 52.414229341238865 ], [ 17.065340862405698, 52.414229333531551 ], [ 17.065340857554567, 52.414229325505929 ], [ 17.065340853973005, 52.414229317234657 ], [ 17.065340851693456, 52.414229308792677 ], [ 17.065340850736561, 52.414229300256423 ], [ 17.065340851110985, 52.414229291703208 ], [ 17.065340852813339, 52.414229283210467 ], [ 17.0653408558282, 52.414229274855145 ], [ 17.065340860128277, 52.41422926671288 ], [ 17.065340865674614, 52.414229258857453 ], [ 17.065340872416993, 52.414229251359956 ], [ 17.067560643235584, 52.412017027931476 ], [ 17.067560644878679, 52.412017026104138 ], [ 17.067560643397609, 52.412017024225712 ], [ 17.065537529683365, 52.409735349649686 ], [ 17.065537527917179, 52.409735347865826 ], [ 17.065537524516596, 52.409735347710907 ], [ 17.06129483870977, 52.40966583143716 ], [ 17.061294835300505, 52.409665831480517 ], [ 17.061294833380661, 52.409665833203974 ], [ 17.059074873150927, 52.411877937878401 ], [ 17.059074865273008, 52.41187794494963 ], [ 17.059074856331577, 52.411877951530911 ], [ 17.059074846407608, 52.411877957562645 ], [ 17.059074835590973, 52.411877962990211 ], [ 17.059074823979632, 52.411877967764447 ], [ 17.059074811678737, 52.411877971842138 ], [ 17.059074798799688, 52.411877975186329 ], [ 17.059074785459121, 52.411877977766743 ], [ 17.059074771777844, 52.411877979560046 ], [ 17.059074757879763, 52.411877980549932 ], [ 17.05907474389074, 52.411877980727482 ], [ 17.054832031443667, 52.411808233244251 ], [ 17.05483201749048, 52.411808232607349 ], [ 17.054832003699481, 52.411808231162262 ], [ 17.054831990195559, 52.411808228922069 ], [ 17.05483197710101, 52.411808225907066 ], [ 17.054831964534415, 52.411808222144572 ], [ 17.054831952609586, 52.411808217668643 ], [ 17.054831941434507, 52.411808212519801 ], [ 17.054831931110392, 52.411808206744709 ], [ 17.054831921730731, 52.411808200395626 ], [ 17.054831913380472, 52.411808193530092 ], [ 17.054831906135231, 52.411808186210266 ], [ 17.052809542052607, 52.409526387718358 ], [ 17.052809535978657, 52.409526380010405 ], [ 17.052809531130311, 52.409526371984292 ], [ 17.052809527551464, 52.409526363712665 ], [ 17.052809525274533, 52.409526355270465 ], [ 17.052809524320139, 52.409526346734118 ], [ 17.052809524696922, 52.40952633818096 ], [ 17.052809526401475, 52.409526329688418 ], [ 17.052809529418354, 52.409526321333438 ], [ 17.052809533720247, 52.409526313191627 ], [ 17.052809539268182, 52.40952630533679 ], [ 17.052809546011932, 52.409526297840031 ], [ 17.055029695539464, 52.407314311925795 ], [ 17.055029697182889, 52.407314310098634 ], [ 17.055029695702512, 52.407314308220045 ], [ 17.053007443302306, 52.405032425866345 ], [ 17.05300744153681, 52.4050324240823 ], [ 17.053007438136643, 52.405032423927018 ], [ 17.048765316368591, 52.404962463758693 ], [ 17.048765302417674, 52.404962463121102 ], [ 17.048765288629021, 52.404962461675332 ], [ 17.048765275127508, 52.404962459434465 ], [ 17.048765262035403, 52.404962456418829 ], [ 17.048765249471273, 52.404962452655703 ], [ 17.048765237548899, 52.40496244817917 ], [ 17.048765226376258, 52.404962443029788 ], [ 17.048765216054523, 52.404962437254163 ], [ 17.048765206677174, 52.404962430904625 ], [ 17.048765198329129, 52.404962424038665 ], [ 17.048765191085995, 52.404962416718483 ], [ 17.046743446782674, 52.402680518060336 ], [ 17.046743440710699, 52.402680510352099 ], [ 17.046743435864176, 52.402680502325737 ], [ 17.046743432286991, 52.402680494053939 ], [ 17.046743430011539, 52.402680485611612 ], [ 17.046743429058431, 52.402680477075236 ], [ 17.046743429436297, 52.402680468522085 ], [ 17.04674343114171, 52.40268046002965 ], [ 17.046743434159232, 52.402680451674811 ], [ 17.046743438461533, 52.402680443533235 ], [ 17.046743444009653, 52.402680435678668 ], [ 17.046743450753343, 52.402680428182236 ], [ 17.048963548052271, 52.400468553402241 ], [ 17.048963549695685, 52.400468551575159 ], [ 17.048963548215788, 52.400468549696519 ], [ 17.046941954221548, 52.398186610945999 ], [ 17.046941948150135, 52.398186603237775 ], [ 17.046941943304045, 52.398186595211413 ], [ 17.046941939727166, 52.398186586939623 ], [ 17.046941937451887, 52.398186578497302 ], [ 17.046941936498815, 52.39818656996092 ], [ 17.046941936876578, 52.398186561407755 ], [ 17.04694193858176, 52.398186552915298 ], [ 17.046941941598917, 52.398186544560467 ], [ 17.04694194590072, 52.398186536418869 ], [ 17.046941951448218, 52.398186528564274 ], [ 17.046941958191173, 52.398186521067821 ], [ 17.049161771577499, 52.395974681071884 ], [ 17.049161779454082, 52.395974674001295 ], [ 17.049161788393693, 52.395974667420724 ], [ 17.049161798315364, 52.395974661389779 ], [ 17.049161809129252, 52.395974655963073 ], [ 17.049161820737414, 52.395974651189775 ], [ 17.049161833034738, 52.395974647113071 ], [ 17.04916184590984, 52.395974643769918 ], [ 17.049161859246141, 52.39597464119057 ], [ 17.049161872922848, 52.395974639398375 ], [ 17.049161886816112, 52.395974638409591 ], [ 17.049161900800112, 52.395974638233184 ], [ 17.053403161694586, 52.396044575845579 ], [ 17.053403165102797, 52.396044575802463 ], [ 17.053403167022342, 52.396044574079127 ], [ 17.055622635211851, 52.393832522913904 ], [ 17.055622636854736, 52.393832521086729 ], [ 17.055622635374768, 52.393832519208154 ], [ 17.05360098918856, 52.391550691555203 ], [ 17.053600983116858, 52.391550683847314 ], [ 17.05360097827025, 52.391550675821222 ], [ 17.053600974692625, 52.391550667549609 ], [ 17.053600972416376, 52.391550659107388 ], [ 17.053600971462128, 52.391550650571034 ], [ 17.053600971838513, 52.391550642017847 ], [ 17.053600973542132, 52.39155063352527 ], [ 17.053600976557547, 52.391550625170225 ], [ 17.053600980857453, 52.391550617028365 ], [ 17.053600986402916, 52.391550609173443 ], [ 17.053600993143707, 52.391550601676563 ], [ 17.055820177603561, 52.389338585318789 ], [ 17.055820179246265, 52.3893385834916 ], [ 17.055820177766432, 52.389338581613032 ], [ 17.053798720631441, 52.38705675760599 ], [ 17.053798714560305, 52.3870567498981 ], [ 17.05379870971413, 52.387056741872016 ], [ 17.053798706136806, 52.38705673360041 ], [ 17.053798703860732, 52.387056725158203 ], [ 17.053798702906516, 52.387056716621842 ], [ 17.053798703282805, 52.387056708068641 ], [ 17.053798704986189, 52.38705669957605 ], [ 17.053798708001239, 52.387056691220991 ], [ 17.053798712300654, 52.387056683079109 ], [ 17.053798717845496, 52.387056675224159 ], [ 17.053798724585548, 52.387056667727279 ], [ 17.056017667942847, 52.384844643761497 ], [ 17.056017669585373, 52.384844641934301 ], [ 17.056017668105678, 52.384844640055746 ], [ 17.053996399974466, 52.382562819693504 ], [ 17.053996393903887, 52.382562811985622 ], [ 17.053996389058149, 52.382562803959537 ], [ 17.053996385481128, 52.382562795687917 ], [ 17.053996383205227, 52.382562787245718 ], [ 17.053996382251047, 52.382562778709364 ], [ 17.053996382627236, 52.382562770156156 ], [ 17.053996384330386, 52.38256276166355 ], [ 17.05399638734507, 52.38256275330847 ], [ 17.053996391643992, 52.382562745166581 ], [ 17.053996397188214, 52.382562737311609 ], [ 17.053996403927531, 52.382562729814694 ], [ 17.056215106247972, 52.380350698242104 ], [ 17.056215107890321, 52.380350696414894 ], [ 17.056215106410761, 52.380350694536332 ], [ 17.054194027235901, 52.378068877817753 ], [ 17.054194021165888, 52.378068870109885 ], [ 17.054194016320583, 52.378068862083815 ], [ 17.054194012743867, 52.378068853812216 ], [ 17.054194010468137, 52.378068845370002 ], [ 17.054194009513996, 52.378068836833641 ], [ 17.054194009890082, 52.378068828280412 ], [ 17.054194011592998, 52.378068819787806 ], [ 17.054194014607315, 52.378068811432719 ], [ 17.054194018905743, 52.378068803290809 ], [ 17.054194024449348, 52.378068795435809 ], [ 17.054194031187929, 52.378068787938865 ], [ 17.056412449998582, 52.375856791178634 ], [ 17.056412457870358, 52.375856784107491 ], [ 17.056412466804762, 52.375856777526302 ], [ 17.05641247672088, 52.375856771494689 ], [ 17.056412487528913, 52.375856766067244 ], [ 17.056412499130978, 52.375856761293129 ], [ 17.05641251142201, 52.375856757215622 ], [ 17.056412524290696, 52.375856753871602 ], [ 17.056412537620496, 52.375856751291359 ], [ 17.056412551290695, 52.375856749498269 ], [ 17.056412565177489, 52.375856748508568 ], [ 17.056412579155126, 52.375856748331216 ], [ 17.060651930751796, 52.375926407247967 ], [ 17.060651934158457, 52.375926407204602 ], [ 17.060651936076827, 52.375926405481152 ], [ 17.062870010137143, 52.373714197674481 ], [ 17.062870011778962, 52.373714195847178 ], [ 17.062870010299335, 52.373714193968695 ], [ 17.060848879184409, 52.371432488269392 ], [ 17.060848873114104, 52.371432480561857 ], [ 17.06084886826828, 52.371432472536043 ], [ 17.060848864690822, 52.371432464264629 ], [ 17.060848862414126, 52.371432455822529 ], [ 17.060848861458805, 52.371432447286196 ], [ 17.06084886183352, 52.371432438732931 ], [ 17.060848863534872, 52.371432430240212 ], [ 17.060848866547456, 52.371432421884933 ], [ 17.060848870843987, 52.371432413742731 ], [ 17.060848876385556, 52.371432405887404 ], [ 17.060848883121981, 52.371432398390056 ], [ 17.063066673855143, 52.369220225419092 ], [ 17.063066675496785, 52.369220223591789 ], [ 17.063066674017293, 52.369220221713313 ], [ 17.061045731829523, 52.366938519638254 ], [ 17.061045725759783, 52.366938511930734 ], [ 17.061045720914397, 52.366938503904919 ], [ 17.061045717337237, 52.366938495633505 ], [ 17.061045715060711, 52.366938487191419 ], [ 17.061045714105433, 52.366938478655072 ], [ 17.061045714480048, 52.3669384701018 ], [ 17.061045716181166, 52.366938461609067 ], [ 17.061045719193384, 52.366938453253773 ], [ 17.061045723489421, 52.366938445111558 ], [ 17.061045729030376, 52.366938437256223 ], [ 17.061045735766058, 52.366938429758846 ], [ 17.063263285772305, 52.364726249205155 ], [ 17.063263287413765, 52.364726247377838 ], [ 17.063263285934411, 52.364726245499369 ], [ 17.061242532626402, 52.362444547047446 ], [ 17.061242526557223, 52.362444539339933 ], [ 17.061242521712266, 52.362444531314139 ], [ 17.061242518135415, 52.362444523042711 ], [ 17.06124251585906, 52.362444514600625 ], [ 17.061242514903814, 52.362444506064286 ], [ 17.06124251527833, 52.362444497511007 ], [ 17.06124251697922, 52.362444489018252 ], [ 17.061242519991072, 52.362444480662937 ], [ 17.061242524286616, 52.362444472520714 ], [ 17.061242529826949, 52.362444464665344 ], [ 17.061242536561899, 52.36244445716796 ], [ 17.063459845906785, 52.360232269032693 ], [ 17.063459847548067, 52.360232267205369 ], [ 17.063459846068849, 52.360232265326907 ], [ 17.061439281593213, 52.357950570497017 ], [ 17.061439275524592, 52.357950562789497 ], [ 17.061439270680072, 52.357950554763711 ], [ 17.061439267103527, 52.357950546492297 ], [ 17.061439264827342, 52.357950538050204 ], [ 17.061439263872135, 52.357950529513865 ], [ 17.061439264246552, 52.357950520960578 ], [ 17.061439265947204, 52.357950512467809 ], [ 17.061439268958694, 52.35795050411248 ], [ 17.061439273253747, 52.35795049597025 ], [ 17.061439278793461, 52.357950488114852 ], [ 17.061439285527673, 52.35795048061744 ], [ 17.063656354276741, 52.355738284901761 ], [ 17.063656355917846, 52.35573828307443 ], [ 17.063656354438763, 52.355738281195954 ], [ 17.061635940007807, 52.353456546233431 ], [ 17.061635938243963, 52.35345654444955 ], [ 17.061635934847715, 52.353456544294531 ], [ 17.057398730956784, 52.353386941493071 ], [ 17.057398717021947, 52.353386940856645 ], [ 17.057398703249003, 52.353386939412033 ], [ 17.057398689762685, 52.353386937172289 ], [ 17.057398676685128, 52.353386934157712 ], [ 17.057398664134766, 52.353386930395615 ], [ 17.057398652225245, 52.353386925920049 ], [ 17.057398641064434, 52.353386920771555 ], [ 17.057398630753404, 52.35338691499674 ], [ 17.057398621385527, 52.353386908647934 ], [ 17.057398613045645, 52.353386901782613 ], [ 17.057398605809286, 52.35338689446295 ], [ 17.055378698113561, 52.351105143337918 ], [ 17.055378692046911, 52.351105135630114 ], [ 17.055378687204211, 52.351105127604072 ], [ 17.055378683629321, 52.351105119332487 ], [ 17.055378681354615, 52.351105110890288 ], [ 17.055378680400686, 52.351105102353891 ], [ 17.055378680776183, 52.351105093800633 ], [ 17.055378682477699, 52.351105085307957 ], [ 17.055378685489828, 52.351105076952777 ], [ 17.055378689785293, 52.351105068810753 ], [ 17.055378695325185, 52.351105060955632 ], [ 17.055378702059343, 52.351105053458568 ], [ 17.057595718959337, 52.348892968670647 ], [ 17.057595720600428, 52.348892966843401 ], [ 17.057595719121824, 52.348892964964861 ], [ 17.055575961314876, 52.346611173720795 ], [ 17.055575955248788, 52.346611166012998 ], [ 17.055575950406521, 52.34661115798697 ], [ 17.055575946831937, 52.346611149715393 ], [ 17.0555759445574, 52.346611141273172 ], [ 17.055575943603511, 52.34661113273679 ], [ 17.055575943978909, 52.346611124183511 ], [ 17.055575945680189, 52.346611115690834 ], [ 17.055575948691956, 52.34661110733564 ], [ 17.055575952986921, 52.346611099193595 ], [ 17.055575958526202, 52.346611091338453 ], [ 17.055575965259624, 52.346611083841353 ], [ 17.057792741647479, 52.34439899145589 ], [ 17.057792743288392, 52.344398989628637 ], [ 17.057792741809926, 52.344398987750097 ], [ 17.055773133855638, 52.342117156385413 ], [ 17.055773132092476, 52.342117154601411 ], [ 17.055773128697119, 52.342117154446264 ], [ 17.051537023544938, 52.342047351978024 ], [ 17.051537009613764, 52.342047351340938 ], [ 17.051536995844547, 52.342047349895658 ], [ 17.051536982361981, 52.342047347655281 ], [ 17.051536969288168, 52.342047344640086 ], [ 17.051536956741504, 52.342047340877393 ], [ 17.051536944835611, 52.342047336401272 ], [ 17.051536933678317, 52.342047331252246 ], [ 17.051536923370666, 52.342047325476962 ], [ 17.051536914005997, 52.342047319127708 ], [ 17.051536905669124, 52.342047312261982 ], [ 17.051536898435543, 52.342047304941978 ], [ 17.049517796894484, 52.339765457496028 ], [ 17.049517790830361, 52.33976544978794 ], [ 17.049517785989917, 52.339765441761685 ], [ 17.049517782416984, 52.33976543348993 ], [ 17.049517780143919, 52.339765425047609 ], [ 17.049517779191312, 52.339765416511163 ], [ 17.049517779567786, 52.33976540795792 ], [ 17.04951778126993, 52.339765399465307 ], [ 17.049517784282333, 52.339765391110276 ], [ 17.049517788577713, 52.339765382968444 ], [ 17.049517794117168, 52.3397653751136 ], [ 17.049517800850538, 52.339765367616835 ], [ 17.051734525265612, 52.337553386109228 ], [ 17.051734526906507, 52.337553384282067 ], [ 17.051734525428522, 52.337553382403449 ], [ 17.049715534871371, 52.335271451093163 ], [ 17.049715533108721, 52.335271449309097 ], [ 17.049715529713914, 52.33527144915378 ], [ 17.045480093901599, 52.335201435910506 ], [ 17.04548007997268, 52.335201435272722 ], [ 17.045480066205798, 52.335201433826768 ], [ 17.04548005272563, 52.335201431585716 ], [ 17.045480039654251, 52.335201428569874 ], [ 17.045480027110042, 52.33520142480657 ], [ 17.045480015206603, 52.335201420329831 ], [ 17.045480004051729, 52.335201415180258 ], [ 17.045479993746447, 52.335201409404462 ], [ 17.04547998438408, 52.335201403054739 ], [ 17.045479976049414, 52.335201396188602 ], [ 17.045479968817933, 52.335201388868256 ], [ 17.04346148447215, 52.332919441542018 ], [ 17.043461478409998, 52.332919433833631 ], [ 17.043461473571369, 52.33291942580712 ], [ 17.043461470000093, 52.332919417535187 ], [ 17.043461467728502, 52.33291940909276 ], [ 17.043461466777174, 52.332919400556278 ], [ 17.043461467154721, 52.332919392003042 ], [ 17.043461468857728, 52.332919383510522 ], [ 17.043461471870771, 52.33291937515564 ], [ 17.043461476166559, 52.332919367014036 ], [ 17.043461481706192, 52.332919359159455 ], [ 17.043461488439508, 52.33291935166303 ], [ 17.045678160740081, 52.330707481001717 ], [ 17.045678162380966, 52.330707479174627 ], [ 17.04567816090346, 52.330707477295938 ], [ 17.043659787405364, 52.328425446116469 ], [ 17.043659785643221, 52.328425444332325 ], [ 17.043659782248966, 52.328425444176816 ], [ 17.039425015580107, 52.328355220266509 ], [ 17.039425001653441, 52.328355219628037 ], [ 17.0394249878889, 52.328355218181407 ], [ 17.039424974411126, 52.328355215939673 ], [ 17.039424961342185, 52.328355212923185 ], [ 17.039424948800431, 52.328355209159248 ], [ 17.039424936899437, 52.328355204681934 ], [ 17.039424925746982, 52.328355199531806 ], [ 17.039424915444073, 52.328355193755485 ], [ 17.039424906084005, 52.3283551874053 ], [ 17.039424897751552, 52.328355180538757 ], [ 17.039424890522167, 52.32835517321805 ], [ 17.037406984340695, 52.326073082326687 ], [ 17.037406982578901, 52.326073080542436 ], [ 17.037406979184848, 52.32607308038677 ], [ 17.033172371773116, 52.326002633215907 ], [ 17.033172368370288, 52.326002633258511 ], [ 17.033172366453073, 52.326002634981549 ], [ 17.030955317862531, 52.328214268702531 ], [ 17.030955309995399, 52.328214275772069 ], [ 17.03095530106706, 52.328214282351439 ], [ 17.030955291158364, 52.328214288381048 ], [ 17.030955280359052, 52.32821429380629 ], [ 17.030955268766917, 52.328214298578018 ], [ 17.030955256486941, 52.328214302653038 ], [ 17.030955243630338, 52.328214305994422 ], [ 17.030955230313534, 52.328214308571937 ], [ 17.03095521665713, 52.328214310362249 ], [ 17.030955202784803, 52.3282143113491 ], [ 17.030955188822183, 52.328214311523574 ], [ 17.026720474578635, 52.328143632446277 ], [ 17.026720471175636, 52.328143632488697 ], [ 17.02672046925808, 52.328143634211614 ], [ 17.024502992074407, 52.330355141760826 ], [ 17.024502984205874, 52.330355148829923 ], [ 17.02450297527615, 52.330355155408789 ], [ 17.024502965366104, 52.330355161437836 ], [ 17.024502954565488, 52.330355166862475 ], [ 17.024502942972109, 52.330355171633556 ], [ 17.024502930690961, 52.330355175707901 ], [ 17.024502917833264, 52.330355179048567 ], [ 17.024502904515458, 52.330355181625336 ], [ 17.024502890858155, 52.330355183414895 ], [ 17.024502876985029, 52.330355184400979 ], [ 17.024502863021727, 52.330355184574699 ], [ 17.020267960811328, 52.330284272207614 ], [ 17.020267957408166, 52.330284272249841 ], [ 17.020267955490265, 52.330284273972666 ], [ 17.018050049666385, 52.33249565530393 ], [ 17.018050041796442, 52.332495662372565 ], [ 17.018050032865332, 52.332495668950934 ], [ 17.01805002295394, 52.332495674979427 ], [ 17.018050012152017, 52.332495680403447 ], [ 17.018050000557395, 52.332495685173882 ], [ 17.018049988275077, 52.332495689247544 ], [ 17.018049975416286, 52.3324956925875 ], [ 17.018049962097479, 52.332495695163537 ], [ 17.01804994843927, 52.332495696952329 ], [ 17.018049934565354, 52.332495697937659 ], [ 17.018049920601371, 52.332495698110591 ], [ 17.013814911700699, 52.332424553785522 ], [ 17.013814897773209, 52.33242455314403 ], [ 17.013814884008319, 52.332424551694402 ], [ 17.013814870530691, 52.332424549449762 ], [ 17.013814857462378, 52.332424546430438 ], [ 17.013814844921722, 52.332424542663794 ], [ 17.013814833022309, 52.332424538183901 ], [ 17.013814821871883, 52.332424533031386 ], [ 17.013814811571439, 52.332424527252869 ], [ 17.013814802214249, 52.332424520900688 ], [ 17.013814793885061, 52.332424514032375 ], [ 17.013814786659303, 52.332424506710133 ], [ 17.011798031043927, 52.330141991152992 ], [ 17.011798029283014, 52.330141989368371 ], [ 17.011798025888762, 52.33014198921196 ], [ 17.007563176618994, 52.330070621666593 ], [ 17.007563162692353, 52.330070621024376 ], [ 17.007563148928416, 52.33007061957403 ], [ 17.007563135451836, 52.33007061732868 ], [ 17.007563122384656, 52.330070614308674 ], [ 17.007563109845211, 52.330070610541384 ], [ 17.00756309794707, 52.330070606060886 ], [ 17.007563086797973, 52.330070600907781 ], [ 17.007563076498897, 52.330070595128724 ], [ 17.007563067143106, 52.33007058877606 ], [ 17.007563058815332, 52.330070581907314 ], [ 17.007563051590989, 52.33007057458471 ], [ 17.005546724597281, 52.32778795573595 ], [ 17.005546722836712, 52.327787953951244 ], [ 17.005546719442666, 52.32778795379464 ], [ 17.001312029860383, 52.327716363056886 ], [ 17.001312026457413, 52.327716363098574 ], [ 17.001312024538898, 52.327716364821079 ], [ 16.999093314581589, 52.329927382770286 ], [ 16.999093306709124, 52.329927389837657 ], [ 16.999093297775772, 52.329927396414554 ], [ 16.999093287862426, 52.329927402441449 ], [ 16.999093277058865, 52.329927407863721 ], [ 16.999093265462932, 52.329927412632273 ], [ 16.999093253179641, 52.32992741670396 ], [ 16.999093240320232, 52.329927420041841 ], [ 16.999093227001154, 52.329927422615746 ], [ 16.999093213343034, 52.329927424402335 ], [ 16.999093199469563, 52.329927425385442 ], [ 16.999093185506375, 52.32992742555615 ], [ 16.994858470721141, 52.329855604218501 ], [ 16.994858456794795, 52.329855603574778 ], [ 16.994858443031383, 52.329855602122954 ], [ 16.994858429555546, 52.329855599876176 ], [ 16.994858416489333, 52.329855596854777 ], [ 16.994858403951067, 52.329855593086137 ], [ 16.994858392054301, 52.329855588604374 ], [ 16.99485838090677, 52.32985558345009 ], [ 16.994858370609428, 52.329855577669939 ], [ 16.994858361255528, 52.329855571316287 ], [ 16.994858352929786, 52.329855564446667 ], [ 16.994858345707595, 52.329855557123302 ], [ 16.992842726912322, 52.327572771806707 ], [ 16.992842720859745, 52.327572764095805 ], [ 16.9928427160309, 52.327572756067305 ], [ 16.992842712469511, 52.327572747793944 ], [ 16.992842710207835, 52.327572739350636 ], [ 16.992842709266352, 52.327572730813834 ], [ 16.992842709653591, 52.327572722260868 ], [ 16.992842711366045, 52.327572713769165 ], [ 16.9928427143882, 52.327572705415648 ], [ 16.992842718692689, 52.327572697275968 ], [ 16.992842724240536, 52.327572689423846 ], [ 16.992842730981494, 52.327572681930377 ], [ 16.995061628492977, 52.325361782549237 ], [ 16.995061630135726, 52.325361780722872 ], [ 16.995061628660551, 52.325361778843565 ], [ 16.993046158709372, 52.323078953548368 ], [ 16.993046152657353, 52.32307894583748 ], [ 16.993046147828935, 52.323078937809001 ], [ 16.993046144267847, 52.323078929535626 ], [ 16.993046142006339, 52.323078921092318 ], [ 16.993046141064887, 52.32307891255553 ], [ 16.993046141452027, 52.323078904002536 ], [ 16.993046143164243, 52.323078895510832 ], [ 16.993046146186028, 52.323078887157308 ], [ 16.993046150490027, 52.323078879017608 ], [ 16.993046156037252, 52.32307887116545 ], [ 16.993046162777471, 52.323078863671959 ], [ 16.995264776763431, 52.320867998895061 ], [ 16.995264784634848, 52.320867991827924 ], [ 16.995264793566907, 52.320867985251297 ], [ 16.995264803478705, 52.320867979224708 ], [ 16.995264814280485, 52.320867973802741 ], [ 16.995264825874425, 52.320867969034538 ], [ 16.995264838155524, 52.320867964963234 ], [ 16.995264851012568, 52.320867961625737 ], [ 16.995264864329119, 52.320867959052244 ], [ 16.995264877984582, 52.32086795726606 ], [ 16.995264891855285, 52.320867956283379 ], [ 16.99526490581562, 52.320867956113091 ], [ 16.99949884482573, 52.320939755686723 ], [ 16.999498848228175, 52.320939755645099 ], [ 16.999498850146459, 52.320939753922602 ], [ 17.001717120835313, 52.318728678031469 ], [ 17.001717122477533, 52.318728676205012 ], [ 17.00171712100229, 52.31872867432579 ], [ 16.999701597640808, 52.316445959788304 ], [ 16.999701591588494, 52.31644595207775 ], [ 16.999701586759553, 52.316445944049526 ], [ 16.999701583197719, 52.31644593577635 ], [ 16.999701580935245, 52.316445927333149 ], [ 16.999701579992617, 52.316445918796376 ], [ 16.999701580378378, 52.316445910243353 ], [ 16.999701582089035, 52.316445901751514 ], [ 16.999701585109086, 52.316445893397805 ], [ 16.999701589411192, 52.316445885257821 ], [ 16.999701594956385, 52.316445877405329 ], [ 16.999701601694454, 52.316445869911441 ], [ 17.00191954651034, 52.31423487104685 ], [ 17.001919554379505, 52.314234863979237 ], [ 17.001919563309226, 52.31423485740207 ], [ 17.001919573218625, 52.314234851374884 ], [ 17.001919584017973, 52.314234845952292 ], [ 17.001919595609461, 52.314234841183406 ], [ 17.001919607888116, 52.314234837111385 ], [ 17.00191962074274, 52.314234833773128 ], [ 17.001919634056925, 52.314234831198853 ], [ 17.001919647710089, 52.314234829411873 ], [ 17.00191966157859, 52.31423482842839 ], [ 17.001919675536829, 52.314234828257291 ], [ 17.006152998755653, 52.314306383027876 ], [ 17.006153002157586, 52.314306382986054 ], [ 17.006153004075323, 52.314306381263449 ], [ 17.008370605727855, 52.312095171346272 ], [ 17.008370607369553, 52.312095169519701 ], [ 17.008370605894239, 52.312095167640557 ], [ 17.006354990670896, 52.30981252006665 ], [ 17.006354988910989, 52.309812518281944 ], [ 17.006354985518314, 52.309812518125405 ], [ 17.002122090461722, 52.309740974881144 ], [ 17.00212207654155, 52.309740974238338 ], [ 17.002122062784103, 52.309740972787409 ], [ 17.002122049313961, 52.309740970541512 ], [ 17.002122036253123, 52.309740967520959 ], [ 17.002122023719856, 52.309740963753143 ], [ 17.002122011827677, 52.309740959272133 ], [ 17.002122000684277, 52.309740954118567 ], [ 17.00212199039057, 52.309740948339076 ], [ 17.002121981039782, 52.309740941986007 ], [ 17.002121972716591, 52.309740935116906 ], [ 17.002121965496375, 52.309740927793975 ], [ 17.000106855671369, 52.307458264581207 ], [ 17.00010684962017, 52.30745825687066 ], [ 17.000106844792096, 52.307458248842465 ], [ 17.00010684123086, 52.307458240569282 ], [ 17.000106838968719, 52.307458232126088 ], [ 17.000106838026159, 52.307458223589308 ], [ 17.000106838411718, 52.307458215036256 ], [ 17.000106840121898, 52.307458206544418 ], [ 17.000106843141218, 52.307458198190673 ], [ 17.000106847442336, 52.30745819005066 ], [ 17.000106852986292, 52.307458182198125 ], [ 17.000106859722884, 52.307458174704173 ], [ 17.002324365654918, 52.305247117903797 ], [ 17.002324367296602, 52.305247116077318 ], [ 17.002324365821767, 52.305247114198124 ], [ 17.000309404728618, 52.302964410987421 ], [ 17.000309398677977, 52.302964403276881 ], [ 17.00030939385033, 52.302964395248686 ], [ 17.000309390289395, 52.302964386975511 ], [ 17.000309388027421, 52.302964378532316 ], [ 17.000309387084897, 52.302964369995529 ], [ 17.000309387470356, 52.302964361442484 ], [ 17.000309389180298, 52.302964352950617 ], [ 17.000309392199252, 52.302964344596852 ], [ 17.000309396499873, 52.302964336456824 ], [ 17.000309402043211, 52.302964328604276 ], [ 17.000309408779067, 52.302964321110302 ], [ 17.002526674102711, 52.300753256543274 ], [ 17.002526675744214, 52.300753254716781 ], [ 17.002526674269514, 52.30075325283758 ], [ 17.000511900505387, 52.298470553400207 ], [ 17.000511894455304, 52.298470545689682 ], [ 17.000511889628086, 52.298470537661494 ], [ 17.00051188606745, 52.298470529388325 ], [ 17.000511883805647, 52.298470520945123 ], [ 17.000511882863151, 52.298470512408336 ], [ 17.000511883248507, 52.298470503855278 ], [ 17.000511884958218, 52.298470495363404 ], [ 17.000511887976806, 52.298470487009631 ], [ 17.000511892276933, 52.298470478869589 ], [ 17.000511897819653, 52.298470471017012 ], [ 17.000511904554774, 52.298470463523003 ], [ 17.002728886824457, 52.296259433589995 ], [ 17.002728894690229, 52.296259426522276 ], [ 17.002728903616141, 52.296259419944995 ], [ 17.002728913521359, 52.296259413917696 ], [ 17.002728924316173, 52.296259408494961 ], [ 17.002728935902827, 52.296259403725927 ], [ 17.002728948176394, 52.296259399653756 ], [ 17.002728961025717, 52.296259396315349 ], [ 17.002728974334431, 52.296259393740918 ], [ 17.002728987982017, 52.296259391953797 ], [ 17.002729001844873, 52.29625939097015 ], [ 17.002729015797456, 52.296259390798902 ], [ 17.006960627041799, 52.296330899478114 ], [ 17.006960630442354, 52.296330899436256 ], [ 17.006960632359267, 52.296330897713631 ], [ 17.009177271878261, 52.294119656809329 ], [ 17.009177273519239, 52.294119654982737 ], [ 17.009177272044468, 52.294119653103607 ], [ 17.007162406507309, 52.291837020557111 ], [ 17.007162404748065, 52.291837018772419 ], [ 17.007162401356755, 52.291837018615908 ], [ 17.00293121782515, 52.29176552145374 ], [ 17.002931203910595, 52.29176552081109 ], [ 17.002931190158677, 52.291765519360311 ], [ 17.002931176693927, 52.291765517114541 ], [ 17.002931163638284, 52.291765514094124 ], [ 17.002931151109983, 52.291765510326414 ], [ 17.002931139222486, 52.291765505845547 ], [ 17.002931128083443, 52.29176550069208 ], [ 17.002931117793736, 52.291765494912681 ], [ 17.002931108446546, 52.291765488559697 ], [ 17.002931100126528, 52.291765481690675 ], [ 17.002931092909023, 52.291765474367793 ], [ 17.000916693666316, 52.28948278247303 ], [ 17.000916691907413, 52.289482780688253 ], [ 17.000916688516313, 52.28948278053155 ], [ 16.996685664265165, 52.28941106049713 ], [ 16.996685660865136, 52.289411060538697 ], [ 16.996685658948142, 52.289411062261159 ], [ 16.994468687465631, 52.291622023945408 ], [ 16.994468679599397, 52.291622031012579 ], [ 16.994468670673225, 52.291622037589242 ], [ 16.994468660767961, 52.291622043615853 ], [ 16.994468649973303, 52.291622049037827 ], [ 16.994468638387005, 52.291622053806059 ], [ 16.994468626113999, 52.291622057877376 ], [ 16.994468613265433, 52.291622061214888 ], [ 16.994468599957656, 52.291622063788409 ], [ 16.9944685863112, 52.291622065574593 ], [ 16.994468572449634, 52.291622066557274 ], [ 16.994468558498504, 52.291622066727562 ], [ 16.990237428256155, 52.291550115022858 ], [ 16.990237424855959, 52.291550115064233 ], [ 16.99023742293862, 52.291550116786595 ], [ 16.988020023818162, 52.29376095224913 ], [ 16.988020015950529, 52.293760959315847 ], [ 16.988020007022978, 52.293760965892019 ], [ 16.988019997116368, 52.293760971918068 ], [ 16.988019986320406, 52.293760977339446 ], [ 16.988019974732868, 52.293760982107031 ], [ 16.988019962458697, 52.293760986177652 ], [ 16.98801994960904, 52.29376098951446 ], [ 16.988019936300265, 52.293760992087236 ], [ 16.988019922652907, 52.29376099387266 ], [ 16.988019908790555, 52.293760994854594 ], [ 16.988019894838743, 52.293760995024108 ], [ 16.983788577538832, 52.293688810241463 ], [ 16.983788574138472, 52.29368881028266 ], [ 16.983788572220792, 52.293688812004916 ], [ 16.98157074541562, 52.295899521199644 ], [ 16.98157073754658, 52.295899528265927 ], [ 16.981570728617648, 52.295899534841595 ], [ 16.981570718709694, 52.295899540867083 ], [ 16.981570707912436, 52.295899546287842 ], [ 16.981570696323658, 52.295899551054788 ], [ 16.981570684048311, 52.29589955512472 ], [ 16.981570671197563, 52.295899558460818 ], [ 16.981570657887794, 52.295899561032861 ], [ 16.981570644239532, 52.295899562817532 ], [ 16.981570630376389, 52.295899563798692 ], [ 16.981570616423902, 52.295899563967438 ], [ 16.977339112131954, 52.295827146073037 ], [ 16.977339108731432, 52.29582714611405 ], [ 16.977339106813407, 52.295827147836178 ], [ 16.975120809737856, 52.29803777310628 ], [ 16.975120808095337, 52.298037774932368 ], [ 16.975120809568782, 52.29803777681191 ], [ 16.977134246265354, 52.300320896073572 ], [ 16.97713425231159, 52.300320903785241 ], [ 16.977134257134747, 52.300320911814346 ], [ 16.977134260691141, 52.300320920088161 ], [ 16.977134262948571, 52.300320928531775 ], [ 16.97713426388659, 52.300320937068697 ], [ 16.977134263496708, 52.300320945621628 ], [ 16.977134261782449, 52.300320954113111 ], [ 16.977134258759342, 52.300320962466252 ], [ 16.977134254454761, 52.300320970605391 ], [ 16.977134248907692, 52.300320978456817 ], [ 16.977134242168376, 52.30032098594944 ], [ 16.974915789309861, 52.302531518594748 ], [ 16.974915781438568, 52.302531525660534 ], [ 16.974915772507305, 52.302531532235662 ], [ 16.974915762596954, 52.302531538260574 ], [ 16.974915751797258, 52.302531543680693 ], [ 16.974915740206036, 52.302531548446957 ], [ 16.974915727928245, 52.302531552516179 ], [ 16.974915715075085, 52.302531555851516 ], [ 16.974915701762949, 52.302531558422778 ], [ 16.974915688112397, 52.302531560206646 ], [ 16.97491567424705, 52.302531561186996 ], [ 16.974915660292474, 52.302531561354947 ], [ 16.970683541239705, 52.30245889861164 ], [ 16.970683537838671, 52.302458898652446 ], [ 16.970683535920099, 52.302458900374461 ], [ 16.968464612631813, 52.304669349029069 ], [ 16.968464604759117, 52.304669356094422 ], [ 16.968464595826468, 52.304669362669046 ], [ 16.96846458591477, 52.304669368693403 ], [ 16.968464575113781, 52.304669374112912 ], [ 16.968464563521312, 52.304669378878522 ], [ 16.968464551242356, 52.304669382947075 ], [ 16.968464538388105, 52.304669386281688 ], [ 16.968464525074967, 52.304669388852211 ], [ 16.96846451142352, 52.304669390635333 ], [ 16.968464497557381, 52.304669391614915 ], [ 16.96846448360213, 52.304669391782085 ], [ 16.964232177641783, 52.304596495821635 ], [ 16.964232174240582, 52.304596495862256 ], [ 16.964232172321669, 52.304596497584171 ], [ 16.962012821096156, 52.306806819812024 ], [ 16.962012813222056, 52.30680682687693 ], [ 16.962012804288026, 52.306806833451049 ], [ 16.962012794374981, 52.306806839474831 ], [ 16.962012783572693, 52.30680684489375 ], [ 16.962012771978991, 52.306806849658706 ], [ 16.962012759698858, 52.306806853726577 ], [ 16.962012746843516, 52.306806857060472 ], [ 16.962012733529384, 52.306806859630257 ], [ 16.962012719877031, 52.306806861412625 ], [ 16.962012706010107, 52.306806862391433 ], [ 16.962012692054177, 52.306806862557849 ], [ 16.957780199251918, 52.306733733346434 ], [ 16.957780195850557, 52.306733733386878 ], [ 16.957780193931299, 52.306733735108679 ], [ 16.955560414721873, 52.30894393086367 ], [ 16.95556040684637, 52.30894393792812 ], [ 16.955560397910961, 52.308943944501728 ], [ 16.955560387996567, 52.30894395052497 ], [ 16.955560377192977, 52.308943955943278 ], [ 16.955560365598032, 52.308943960707587 ], [ 16.955560353316731, 52.308943964774762 ], [ 16.955560340460302, 52.30894396810794 ], [ 16.955560327145172, 52.308943970676992 ], [ 16.955560313491922, 52.3089439724586 ], [ 16.955560299624199, 52.308943973436641 ], [ 16.955560285667598, 52.308943973602283 ], [ 16.951327687253933, 52.308870612514347 ], [ 16.951327673334941, 52.308870611865565 ], [ 16.951327659579587, 52.308870610408746 ], [ 16.951327646112439, 52.308870608157079 ], [ 16.95132763305547, 52.308870605130934 ], [ 16.951327620526911, 52.308870601357782 ], [ 16.951327608640238, 52.308870596871721 ], [ 16.951327597503088, 52.308870591713408 ], [ 16.951327587216319, 52.308870585929562 ], [ 16.951327577873098, 52.308870579572542 ], [ 16.951327569558032, 52.308870572699952 ], [ 16.951327562346425, 52.308870565374015 ], [ 16.949315089993174, 52.306587018941983 ], [ 16.949315088235707, 52.306587017156446 ], [ 16.94931508484353, 52.306587016998272 ], [ 16.945082565415095, 52.306513431628296 ], [ 16.945082562013749, 52.306513431668364 ], [ 16.945082560094015, 52.306513433389966 ], [ 16.9428621236198, 52.308723426386912 ], [ 16.942862121975558, 52.308723428212552 ], [ 16.942862123447966, 52.308723430092471 ], [ 16.944874354434472, 52.311007083286306 ], [ 16.944874360476458, 52.311007090999581 ], [ 16.944874365294844, 52.311007099029929 ], [ 16.944874368846001, 52.311007107304661 ], [ 16.944874371097761, 52.311007115748808 ], [ 16.944874372029734, 52.311007124285908 ], [ 16.944874371633478, 52.311007132838661 ], [ 16.944874369912593, 52.311007141329583 ], [ 16.944874366882651, 52.311007149681814 ], [ 16.944874362571092, 52.311007157819688 ], [ 16.944874357016971, 52.311007165669501 ], [ 16.944874350270577, 52.311007173160213 ], [ 16.942653757533652, 52.313217073453252 ], [ 16.942653749655339, 52.313217080516814 ], [ 16.942653740717166, 52.313217087089406 ], [ 16.942653730800078, 52.313217093111525 ], [ 16.942653719993888, 52.313217098528625 ], [ 16.94265370839646, 52.313217103291635 ], [ 16.942653696112821, 52.313217107357445 ], [ 16.942653683254214, 52.313217110689202 ], [ 16.942653669937087, 52.313217113256762 ], [ 16.94265365628204, 52.313217115036863 ], [ 16.94265364241274, 52.313217116013377 ], [ 16.942653628454785, 52.313217116177483 ], [ 16.938420575521178, 52.313143287010377 ], [ 16.938420572119323, 52.313143287050245 ], [ 16.938420570199039, 52.313143288771734 ], [ 16.936199506757987, 52.315353104831331 ], [ 16.93619949887827, 52.315353111894439 ], [ 16.936199489938712, 52.31535311846654 ], [ 16.936199480020282, 52.315353124488105 ], [ 16.936199469212792, 52.315353129904594 ], [ 16.936199457614123, 52.315353134666964 ], [ 16.936199445329311, 52.315353138732071 ], [ 16.936199432469618, 52.315353142063117 ], [ 16.936199419151489, 52.315353144629938 ], [ 16.936199405495547, 52.315353146409286 ], [ 16.936199391625454, 52.315353147385032 ], [ 16.936199377666824, 52.315353147548358 ], [ 16.931966138154365, 52.315279084995112 ], [ 16.931966134752344, 52.315279085034788 ], [ 16.931966132831715, 52.315279086756163 ], [ 16.929744641220243, 52.317488776158363 ], [ 16.929744633339116, 52.317488783221037 ], [ 16.929744624398179, 52.317488789792634 ], [ 16.929744614478398, 52.317488795813638 ], [ 16.929744603669612, 52.317488801229516 ], [ 16.929744592069703, 52.317488805991246 ], [ 16.929744579783726, 52.317488810055664 ], [ 16.929744566922938, 52.317488813385992 ], [ 16.929744553603815, 52.317488815952075 ], [ 16.92974453994697, 52.317488817730656 ], [ 16.929744526076085, 52.317488818705648 ], [ 16.929744512116784, 52.317488818868192 ], [ 16.92551108609133, 52.317414522895021 ], [ 16.925511082689145, 52.317414522934513 ], [ 16.925511080768175, 52.317414524655781 ], [ 16.92328916093971, 52.319624087354441 ], [ 16.92328915305718, 52.319624094416668 ], [ 16.923289144114861, 52.319624100987753 ], [ 16.923289134193734, 52.319624107008195 ], [ 16.923289123383647, 52.319624112423462 ], [ 16.923289111782495, 52.319624117184539 ], [ 16.923289099495346, 52.319624121248289 ], [ 16.923289086633471, 52.319624124577892 ], [ 16.923289073313349, 52.319624127143243 ], [ 16.923289059655609, 52.31962412892107 ], [ 16.923289045783939, 52.319624129895288 ], [ 16.923289031823959, 52.319624130057065 ], [ 16.919055419351409, 52.319549600630175 ], [ 16.91905541594906, 52.319549600669482 ], [ 16.919055414027749, 52.319549602390637 ], [ 16.916833023318333, 52.321759080706876 ], [ 16.916833021672527, 52.321759082532111 ], [ 16.916833023144243, 52.321759084412349 ], [ 16.91884447392075, 52.324043168523005 ], [ 16.918844479959887, 52.324043176237566 ], [ 16.91884448477488, 52.324043184268938 ], [ 16.918844488322129, 52.324043192544387 ], [ 16.918844490569512, 52.324043200988974 ], [ 16.918844491496671, 52.324043209526202 ], [ 16.918844491095214, 52.324043218078806 ], [ 16.918844489368777, 52.324043226569273 ], [ 16.91884448633299, 52.324043234920737 ], [ 16.918844482015349, 52.324043243057602 ], [ 16.918844476454954, 52.324043250906122 ], [ 16.918844469702162, 52.324043258395243 ], [ 16.91662187966725, 52.326252686310291 ], [ 16.916621878021267, 52.326252688135511 ], [ 16.916621879493118, 52.32625269001575 ], [ 16.918633516697305, 52.328536778120707 ], [ 16.91863352273699, 52.328536785835276 ], [ 16.918633527552416, 52.328536793866647 ], [ 16.91863353109996, 52.328536802142111 ], [ 16.918633533347506, 52.328536810586684 ], [ 16.918633534274694, 52.328536819123926 ], [ 16.91863353387313, 52.328536827676508 ], [ 16.918633532146455, 52.328536836166968 ], [ 16.918633529110298, 52.328536844518425 ], [ 16.918633524792156, 52.328536852655255 ], [ 16.91863351923114, 52.32853686050376 ], [ 16.918633512477605, 52.328536867992852 ], [ 16.916410723064782, 52.330746245506624 ], [ 16.91641071517914, 52.330746252568339 ], [ 16.916410706233528, 52.330746259138856 ], [ 16.916410696308951, 52.330746265158673 ], [ 16.91641068549529, 52.330746270573272 ], [ 16.916410673890478, 52.330746275333624 ], [ 16.916410661599606, 52.330746279396607 ], [ 16.916410648733983, 52.330746282725428 ], [ 16.916410635410124, 52.330746285289955 ], [ 16.916410621748689, 52.330746287066951 ], [ 16.916410607873402, 52.330746288040309 ], [ 16.916410593909919, 52.330746288201233 ], [ 16.912175938211089, 52.330671501193059 ], [ 16.912175934807888, 52.330671501232153 ], [ 16.912175932885816, 52.330671502953194 ], [ 16.909952672315477, 52.33288079599744 ], [ 16.909952664428431, 52.3328808030587 ], [ 16.909952655481433, 52.332880809628705 ], [ 16.909952645555506, 52.332880815647968 ], [ 16.909952634740545, 52.332880821061977 ], [ 16.90995262313449, 52.332880825821661 ], [ 16.909952610842449, 52.332880829883969 ], [ 16.909952597975739, 52.332880833212059 ], [ 16.909952584650881, 52.332880835775846 ], [ 16.909952570988548, 52.332880837552075 ], [ 16.909952557112472, 52.33288083852468 ], [ 16.909952543148311, 52.332880838684844 ], [ 16.90571770104129, 52.332805818079791 ], [ 16.905717697637925, 52.332805818118707 ], [ 16.905717695715513, 52.332805819839621 ], [ 16.903494006563545, 52.33501498600036 ], [ 16.903493998675092, 52.335014993061179 ], [ 16.903493989726709, 52.335014999630687 ], [ 16.903493979799439, 52.335015005649389 ], [ 16.903493968983177, 52.335015011062779 ], [ 16.903493957375879, 52.335015015821824 ], [ 16.903493945082666, 52.335015019883436 ], [ 16.903493932214868, 52.335015023210815 ], [ 16.903493918889012, 52.335015025773863 ], [ 16.90349390522578, 52.335015027549346 ], [ 16.903493891348916, 52.335015028521177 ], [ 16.903493877384079, 52.335015028680559 ], [ 16.899258848934938, 52.334939774444862 ], [ 16.899258845531406, 52.334939774483594 ], [ 16.899258843608649, 52.334939776204401 ], [ 16.8970346831772, 52.3371488577951 ], [ 16.897034681530002, 52.337148859620051 ], [ 16.897034683001358, 52.337148861500523 ], [ 16.899045779961252, 52.339433273817292 ], [ 16.899045785998929, 52.33943328153282 ], [ 16.899045790811908, 52.339433289564958 ], [ 16.899045794356596, 52.339433297840962 ], [ 16.899045796600895, 52.339433306285862 ], [ 16.899045797524472, 52.339433314823196 ], [ 16.899045797118973, 52.339433323375665 ], [ 16.899045795388066, 52.339433331865791 ], [ 16.899045792347426, 52.339433340216665 ], [ 16.899045788024591, 52.339433348352728 ], [ 16.89904578245871, 52.339433356200232 ], [ 16.899045775700184, 52.339433363688151 ], [ 16.896821415507379, 52.341642394820475 ], [ 16.89682141386, 52.341642396645412 ], [ 16.896821415331495, 52.341642398525892 ], [ 16.898832698613884, 52.34392681489048 ], [ 16.898832704652119, 52.343926822606036 ], [ 16.89883270946552, 52.343926830638182 ], [ 16.898832713010503, 52.343926838914193 ], [ 16.898832715254965, 52.3439268473591 ], [ 16.898832716178571, 52.343926855896427 ], [ 16.898832715772965, 52.343926864448875 ], [ 16.898832714041816, 52.343926872938987 ], [ 16.898832711000807, 52.343926881289867 ], [ 16.898832706677471, 52.343926889425902 ], [ 16.898832701110965, 52.343926897273384 ], [ 16.898832694351697, 52.343926904761275 ], [ 16.896608091684318, 52.346135927794464 ], [ 16.896608090036761, 52.346135929619393 ], [ 16.896608091508391, 52.346135931499873 ], [ 16.89861956115978, 52.348420351913489 ], [ 16.898619567198566, 52.348420359629053 ], [ 16.898619572012393, 52.348420367661213 ], [ 16.898619575557674, 52.348420375937209 ], [ 16.898619577802293, 52.348420384382131 ], [ 16.898619578725931, 52.348420392919451 ], [ 16.898619578320218, 52.348420401471891 ], [ 16.898619576588828, 52.348420409961982 ], [ 16.898619573547446, 52.348420418312863 ], [ 16.898619569223609, 52.348420426448868 ], [ 16.898619563656478, 52.348420434296337 ], [ 16.89861955689647, 52.348420441784199 ], [ 16.896394711688348, 52.350629456716973 ], [ 16.896394710040603, 52.350629458541896 ], [ 16.896394711512368, 52.350629460422383 ], [ 16.89840636757927, 52.352913884886227 ], [ 16.898406373618609, 52.352913892601784 ], [ 16.898406378432867, 52.352913900633951 ], [ 16.89840638197844, 52.352913908909969 ], [ 16.898406384223225, 52.352913917354876 ], [ 16.898406385146888, 52.352913925892203 ], [ 16.898406384741069, 52.352913934444629 ], [ 16.898406383009441, 52.352913942934713 ], [ 16.898406379967685, 52.352913951285565 ], [ 16.898406375643347, 52.352913959421556 ], [ 16.898406370075591, 52.352913967269004 ], [ 16.898406363314837, 52.352913974756845 ], [ 16.896181318169727, 52.355122939228927 ], [ 16.896181310276454, 52.355122946289185 ], [ 16.896181301322855, 52.355122952858061 ], [ 16.896181291390022, 52.355122958876073 ], [ 16.896181280567905, 52.355122964288718 ], [ 16.896181268954518, 52.35512296904696 ], [ 16.896181256655019, 52.35512297310774 ], [ 16.896181243780806, 52.355122976434245 ], [ 16.89618123044847, 52.355122978996384 ], [ 16.896181216778743, 52.355122980770936 ], [ 16.896181202895431, 52.355122981741829 ], [ 16.896181188924253, 52.355122981900287 ], [ 16.89194433984569, 52.355047446779238 ], [ 16.891944325913276, 52.355047446123315 ], [ 16.891944312145778, 52.355047444659448 ], [ 16.891944298667873, 52.35504744240091 ], [ 16.891944285601625, 52.355047439368136 ], [ 16.891944273065359, 52.35504743558861 ], [ 16.891944261172608, 52.35504743109653 ], [ 16.891944250031074, 52.355047425932618 ], [ 16.891944239741655, 52.355047420143606 ], [ 16.891944230397534, 52.355047413781925 ], [ 16.891944222083335, 52.3550474069052 ], [ 16.89194421487435, 52.35504739957571 ], [ 16.889932801470767, 52.35276286834673 ], [ 16.889932799713939, 52.35276286656034 ], [ 16.889932796318487, 52.352762866400425 ], [ 16.885696027471301, 52.352687106737854 ], [ 16.885696024066405, 52.35268710677618 ], [ 16.885696022142337, 52.352687108496745 ], [ 16.883470318866799, 52.354895869307725 ], [ 16.88347031097156, 52.354895876367102 ], [ 16.883470302016153, 52.354895882935004 ], [ 16.883470292081675, 52.354895888951923 ], [ 16.883470281258091, 52.354895894363388 ], [ 16.883470269643428, 52.354895899120358 ], [ 16.883470257342871, 52.354895903179809 ], [ 16.883470244467809, 52.354895906504922 ], [ 16.883470231134844, 52.354895909065625 ], [ 16.883470217464723, 52.354895910838707 ], [ 16.883470203581243, 52.354895911808107 ], [ 16.883470189610133, 52.354895911965045 ], [ 16.879233396967148, 52.354819921366925 ], [ 16.879233383035039, 52.354819920709502 ], [ 16.879233369268075, 52.354819919244171 ], [ 16.879233355790927, 52.354819916984177 ], [ 16.879233342725659, 52.354819913950003 ], [ 16.879233330190576, 52.354819910169155 ], [ 16.879233318299214, 52.354819905675804 ], [ 16.87923330715925, 52.354819900510712 ], [ 16.879233296871579, 52.354819894720599 ], [ 16.87923328752936, 52.354819888357937 ], [ 16.8792332792172, 52.354819881480353 ], [ 16.879233272010378, 52.354819874150095 ], [ 16.877222530488442, 52.352535133529571 ], [ 16.877222528732144, 52.352535131742997 ], [ 16.877222525336766, 52.352535131582705 ], [ 16.872985813086544, 52.352458916469196 ], [ 16.872985809681666, 52.35245891650716 ], [ 16.872985807757122, 52.352458918227519 ], [ 16.870759489215651, 52.354667432914582 ], [ 16.870759481318451, 52.354667439973085 ], [ 16.870759472361232, 52.354667446539985 ], [ 16.870759462425109, 52.35466745255583 ], [ 16.870759451600065, 52.354667457966116 ], [ 16.870759439984134, 52.354667462721828 ], [ 16.870759427682511, 52.354667466779937 ], [ 16.870759414806603, 52.354667470103657 ], [ 16.870759401473013, 52.354667472662911 ], [ 16.870759387802497, 52.354667474434521 ], [ 16.870759373918855, 52.354667475402422 ], [ 16.870759359947812, 52.354667475557868 ], [ 16.866522624078673, 52.354591029496625 ], [ 16.866522610146863, 52.35459102883771 ], [ 16.866522596380435, 52.354591027370901 ], [ 16.86652258290405, 52.354591025109464 ], [ 16.866522569839756, 52.354591022073905 ], [ 16.866522557305867, 52.354591018291693 ], [ 16.866522545415886, 52.354591013797091 ], [ 16.8665225342775, 52.354591008630813 ], [ 16.866522523991573, 52.354591002839626 ], [ 16.866522514651258, 52.35459099647597 ], [ 16.866522506341138, 52.354590989597504 ], [ 16.866522499136479, 52.354590982266501 ], [ 16.864512429635511, 52.352306032371324 ], [ 16.864512427879738, 52.352306030584565 ], [ 16.864512424484435, 52.352306030423918 ], [ 16.860275850408854, 52.352229361345117 ], [ 16.860275836477904, 52.35222936068547 ], [ 16.860275822712431, 52.352229359217944 ], [ 16.860275809237102, 52.352229356955803 ], [ 16.860275796173948, 52.352229353919562 ], [ 16.860275783641274, 52.35222935013671 ], [ 16.860275771752573, 52.352229345641483 ], [ 16.860275760615519, 52.352229340474629 ], [ 16.860275750330963, 52.35222933468291 ], [ 16.860275740992048, 52.352229328318771 ], [ 16.860275732683345, 52.352229321439879 ], [ 16.860275725480101, 52.35222931410852 ], [ 16.858266084998451, 52.349944261694773 ], [ 16.858266083243027, 52.349944259907943 ], [ 16.858266079847933, 52.349944259747112 ], [ 16.854029748856771, 52.349867369154765 ], [ 16.854029734926673, 52.349867368494394 ], [ 16.854029721162163, 52.34986736702615 ], [ 16.854029707687886, 52.349867364763313 ], [ 16.854029694625872, 52.349867361726375 ], [ 16.854029682094414, 52.349867357942877 ], [ 16.854029670206991, 52.349867353447053 ], [ 16.854029659071269, 52.349867348279616 ], [ 16.854029648788085, 52.34986734248735 ], [ 16.85402963945057, 52.349867336122742 ], [ 16.854029631143284, 52.349867329243409 ], [ 16.854029623941457, 52.349867321911688 ], [ 16.852020412412752, 52.347582167024768 ], [ 16.852020410657673, 52.347582165237846 ], [ 16.852020407262785, 52.347582165076837 ], [ 16.847784319402354, 52.34750505301048 ], [ 16.847784305473116, 52.347505052349383 ], [ 16.847784291709566, 52.347505050880407 ], [ 16.847784278236343, 52.347505048616867 ], [ 16.84778426517547, 52.347505045579268 ], [ 16.847784252645226, 52.34750504179511 ], [ 16.847784240759083, 52.34750503729866 ], [ 16.847784229624693, 52.347505032130641 ], [ 16.847784219342881, 52.347505026337849 ], [ 16.847784210006765, 52.347505019972758 ], [ 16.847784201700893, 52.34750501309302 ], [ 16.847784194500488, 52.347505005760915 ], [ 16.845775450376358, 52.345219792268104 ], [ 16.845775444347275, 52.345219784549954 ], [ 16.845775439543424, 52.345219776515748 ], [ 16.845775436008299, 52.345219768238266 ], [ 16.845775433773927, 52.345219759792478 ], [ 16.845775432860535, 52.345219751254824 ], [ 16.845775433276398, 52.345219742702675 ], [ 16.84577543501775, 52.345219734213458 ], [ 16.84577543806882, 52.345219725864055 ], [ 16.845775442401976, 52.345219717730075 ], [ 16.845775447977974, 52.345219709885193 ], [ 16.845775454746327, 52.345219702400435 ], [ 16.848002516802062, 52.343011663744996 ], [ 16.848002518451487, 52.343011661920755 ], [ 16.848002516982039, 52.343011660039679 ], [ 16.845993881474705, 52.34072636308435 ], [ 16.84599387972013, 52.340726361297328 ], [ 16.845993876325799, 52.340726361136156 ], [ 16.841758379188942, 52.340649038610586 ], [ 16.841758375784973, 52.340649038647662 ], [ 16.841758373859758, 52.340649040367502 ], [ 16.839531126207124, 52.342856960000468 ], [ 16.839531118307175, 52.342856967056889 ], [ 16.839531109347831, 52.342856973621416 ], [ 16.839531099410237, 52.342856979634625 ], [ 16.839531088584394, 52.342856985042033 ], [ 16.839531076968335, 52.342856989794697 ], [ 16.839531064667256, 52.342856993849544 ], [ 16.839531051792562, 52.342856997169889 ], [ 16.839531038460848, 52.34285699972564 ], [ 16.839531024792841, 52.342857001493655 ], [ 16.839531010912332, 52.342857002457933 ], [ 16.839530996945019, 52.342857002609719 ], [ 16.835295395485211, 52.342779447711052 ], [ 16.835295392081076, 52.342779447747922 ], [ 16.835295390155519, 52.342779449467656 ], [ 16.833067671029557, 52.344987284107198 ], [ 16.833067669379449, 52.344987285931218 ], [ 16.833067670848319, 52.344987287812472 ], [ 16.835075781390756, 52.347272754060185 ], [ 16.83507578741823, 52.347272761778868 ], [ 16.835075792220344, 52.347272769813493 ], [ 16.835075795753607, 52.347272778091281 ], [ 16.835075797986025, 52.34727278653726 ], [ 16.835075798897382, 52.34727279507495 ], [ 16.835075798479426, 52.347272803627042 ], [ 16.835075796735939, 52.347272812116074 ], [ 16.835075793682709, 52.347272820465172 ], [ 16.835075789347385, 52.347272828598726 ], [ 16.835075783769234, 52.347272836443089 ], [ 16.835075776998771, 52.347272843927193 ], [ 16.832847899976482, 52.349480585592396 ], [ 16.83284789207427, 52.34948059264832 ], [ 16.832847883112585, 52.349480599212306 ], [ 16.832847873172589, 52.349480605224926 ], [ 16.832847862344302, 52.349480610631694 ], [ 16.832847850725784, 52.349480615383669 ], [ 16.832847838422261, 52.349480619437792 ], [ 16.832847825545144, 52.349480622757362 ], [ 16.83284781221106, 52.349480625312339 ], [ 16.832847798540765, 52.349480627079558 ], [ 16.83284778465805, 52.349480628043011 ], [ 16.832847770688648, 52.349480628193987 ], [ 16.828611554898444, 52.349402826872094 ], [ 16.8286115514938, 52.349402826908793 ], [ 16.828611549567686, 52.349402828628406 ], [ 16.826383200912858, 52.351610485233813 ], [ 16.826383193009232, 52.351610492289289 ], [ 16.826383184046165, 52.351610498852764 ], [ 16.826383174104823, 52.351610504864816 ], [ 16.826383163275235, 52.351610510270987 ], [ 16.826383151655481, 52.35161051502228 ], [ 16.826383139350781, 52.351610519075741 ], [ 16.826383126472582, 52.351610522394601 ], [ 16.826383113137503, 52.351610524948825 ], [ 16.826383099466309, 52.351610526715284 ], [ 16.826383085582805, 52.351610527677977 ], [ 16.826383071612732, 52.351610527828186 ], [ 16.822146670368671, 52.351532492546696 ], [ 16.822146666963864, 52.351532492583189 ], [ 16.822146665037408, 52.351532494302695 ], [ 16.819917844683104, 52.35374006579633 ], [ 16.819917843032123, 52.353740067620151 ], [ 16.819917844500715, 52.353740069501555 ], [ 16.821925653533363, 52.356025753061495 ], [ 16.821925659559671, 52.356025760780824 ], [ 16.821925664360283, 52.35602576881594 ], [ 16.82192566789173, 52.356025777094089 ], [ 16.821925670122027, 52.356025785540282 ], [ 16.821925671030979, 52.356025794078043 ], [ 16.821925670610351, 52.356025802630043 ], [ 16.821925668863951, 52.35602581111884 ], [ 16.821925665807601, 52.356025819467547 ], [ 16.821925661468971, 52.35602582760059 ], [ 16.821925655887366, 52.356025835444264 ], [ 16.821925649113318, 52.356025842927565 ], [ 16.81969662786765, 52.358233363744425 ], [ 16.819696626216487, 52.358233365568246 ], [ 16.819696627685207, 52.35823336744965 ], [ 16.821704660658195, 52.360519099089039 ], [ 16.821704662412536, 52.360519100876424 ], [ 16.821704665808277, 52.360519101038314 ], [ 16.825941925195284, 52.360597161473521 ], [ 16.825941939128235, 52.360597162137239 ], [ 16.825941952895043, 52.36059716360878 ], [ 16.825941966371037, 52.360597165874836 ], [ 16.825941979434177, 52.360597168914886 ], [ 16.825941991966161, 52.360597172701361 ], [ 16.825942003853495, 52.36059717720002 ], [ 16.825942014988527, 52.360597182370093 ], [ 16.825942025270415, 52.360597188164768 ], [ 16.825942034606044, 52.360597194531564 ], [ 16.825942042910874, 52.360597201412823 ], [ 16.825942050109688, 52.360597208746228 ], [ 16.827950435248908, 52.362882750402463 ], [ 16.827950441277174, 52.362882758121508 ], [ 16.827950446079594, 52.362882766156375 ], [ 16.827950449612683, 52.362882774434368 ], [ 16.82795045184444, 52.362882782880455 ], [ 16.827950452754653, 52.36288279141818 ], [ 16.827950452335084, 52.362882799970194 ], [ 16.827950450589533, 52.362882808459084 ], [ 16.827950447533802, 52.362882816807939 ], [ 16.827950443195565, 52.362882824941195 ], [ 16.827950437614117, 52.362882832785154 ], [ 16.827950430839994, 52.362882840268803 ], [ 16.82572135143603, 52.365090471896323 ], [ 16.82572134978485, 52.36509047372023 ], [ 16.825721351254046, 52.365090475601562 ], [ 16.827729960496868, 52.367376065321338 ], [ 16.827729966525684, 52.367376073040397 ], [ 16.827729971328527, 52.367376081075292 ], [ 16.827729974861906, 52.367376089353279 ], [ 16.827729977093824, 52.367376097799358 ], [ 16.827729978004061, 52.367376106337069 ], [ 16.827729977584383, 52.36737611488909 ], [ 16.827729975838587, 52.367376123377973 ], [ 16.827729972782475, 52.367376131726822 ], [ 16.827729968443737, 52.367376139860035 ], [ 16.827729962861657, 52.367376147703986 ], [ 16.827729956086792, 52.3673761551876 ], [ 16.82550063296808, 52.36958377848682 ], [ 16.825500631316718, 52.369583780310727 ], [ 16.825500632786046, 52.369583782192059 ], [ 16.827509427667557, 52.371869376148403 ], [ 16.827509433696921, 52.371869383867462 ], [ 16.82750943850019, 52.371869391902372 ], [ 16.827509442033861, 52.371869400180366 ], [ 16.827509444265939, 52.371869408626452 ], [ 16.827509445176201, 52.371869417164149 ], [ 16.827509444756412, 52.37186942571617 ], [ 16.827509443010367, 52.371869434205024 ], [ 16.827509439953886, 52.371869442553866 ], [ 16.82750943561464, 52.371869450687079 ], [ 16.827509430031935, 52.371869458530988 ], [ 16.82750942325632, 52.37186946601458 ], [ 16.825279899112108, 52.374077038651855 ], [ 16.825279891204193, 52.374077045707196 ], [ 16.825279882236316, 52.374077052270508 ], [ 16.825279872289691, 52.374077058282396 ], [ 16.825279861454394, 52.374077063688375 ], [ 16.825279849828551, 52.374077068439497 ], [ 16.825279837517456, 52.374077072492746 ], [ 16.825279824632588, 52.374077075811407 ], [ 16.825279811290638, 52.374077078365417 ], [ 16.825279797612438, 52.374077080131677 ], [ 16.825279783721857, 52.37407708109415 ], [ 16.825279769744689, 52.374077081244138 ], [ 16.82104122229736, 52.373998983059288 ], [ 16.821041218890823, 52.373998983095746 ], [ 16.821041216963323, 52.373998984815202 ], [ 16.818811220544841, 52.376206472238806 ], [ 16.81881121263552, 52.376206479293685 ], [ 16.818811203666257, 52.376206485856507 ], [ 16.818811193718282, 52.376206491867812 ], [ 16.818811182881685, 52.376206497273188 ], [ 16.818811171254602, 52.376206502023656 ], [ 16.818811158942331, 52.376206506076223 ], [ 16.818811146056376, 52.376206509394152 ], [ 16.818811132713432, 52.37620651194743 ], [ 16.818811119034333, 52.376206513712923 ], [ 16.818811105142959, 52.376206514674635 ], [ 16.81881109116512, 52.376206514823849 ], [ 16.814572439380388, 52.376128183959693 ], [ 16.814572425442766, 52.37612818329459 ], [ 16.814572411671556, 52.37612818182167 ], [ 16.814572398191473, 52.376128179554286 ], [ 16.814572385124603, 52.37612817651295 ], [ 16.814572372589264, 52.376128172725238 ], [ 16.814572360698996, 52.376128168225407 ], [ 16.81457234956147, 52.376128163054254 ], [ 16.81457233927755, 52.37612815725857 ], [ 16.814572329940376, 52.376128150890871 ], [ 16.814572321634493, 52.376128144008824 ], [ 16.814572314435129, 52.376128136674737 ], [ 16.812564007342079, 52.373842329509735 ], [ 16.812564005587596, 52.373842327722222 ], [ 16.812564002190875, 52.373842327560062 ], [ 16.808325431855824, 52.373763772132563 ], [ 16.808325428449301, 52.373763772168644 ], [ 16.808325426521328, 52.373763773887895 ], [ 16.806094815038772, 52.375971014471268 ], [ 16.806094807127494, 52.375971021525281 ], [ 16.806094798156419, 52.3759710280871 ], [ 16.806094788206803, 52.375971034097333 ], [ 16.806094777368745, 52.375971039501529 ], [ 16.806094765740394, 52.375971044250733 ], [ 16.806094753427065, 52.375971048301949 ], [ 16.806094740540267, 52.375971051618492 ], [ 16.806094727196701, 52.375971054170321 ], [ 16.806094713517211, 52.375971055934336 ], [ 16.806094699625682, 52.375971056894549 ], [ 16.806094685647921, 52.375971057042264 ], [ 16.801856092430494, 52.375892270419627 ], [ 16.801856078493177, 52.375892269753038 ], [ 16.801856064722511, 52.375892268278633 ], [ 16.801856051243195, 52.375892266009799 ], [ 16.801856038177306, 52.375892262967071 ], [ 16.801856025643168, 52.375892259178016 ], [ 16.801856013754293, 52.375892254676927 ], [ 16.801856002618347, 52.375892249504595 ], [ 16.801855992336176, 52.375892243707817 ], [ 16.801855983000909, 52.37589223733913 ], [ 16.801855974697073, 52.375892230456209 ], [ 16.801855967499876, 52.375892223121376 ], [ 16.799848334018794, 52.373606207102704 ], [ 16.799848332264844, 52.373606205315021 ], [ 16.799848328868197, 52.373606205152491 ], [ 16.795609817261752, 52.373527193992928 ], [ 16.795609813855251, 52.373527194028632 ], [ 16.795609811926798, 52.373527195747677 ], [ 16.793378585580353, 52.375734189388083 ], [ 16.793378577667113, 52.375734196441208 ], [ 16.79337856869423, 52.375734203002061 ], [ 16.793378558742972, 52.375734209011192 ], [ 16.793378547903451, 52.375734214414209 ], [ 16.793378536273842, 52.375734219162133 ], [ 16.793378523959451, 52.375734223212021 ], [ 16.793378511071811, 52.375734226527165 ], [ 16.793378497727627, 52.375734229077558 ], [ 16.79337848404775, 52.375734230840095 ], [ 16.793378470156064, 52.375734231798802 ], [ 16.793378456178374, 52.375734231945017 ], [ 16.789139840588327, 52.37565498805737 ], [ 16.789139837181665, 52.375654988092897 ], [ 16.789139835252868, 52.375654989811828 ], [ 16.786908136582753, 52.3778618980338 ], [ 16.786908134929497, 52.377861899857123 ], [ 16.78690813639744, 52.377861901738932 ], [ 16.788915319810958, 52.38014817467144 ], [ 16.788915321564712, 52.380148176459294 ], [ 16.788915324961813, 52.380148176622122 ], [ 16.793154370136062, 52.38022743328267 ], [ 16.793154384074576, 52.380227433950317 ], [ 16.793154397846273, 52.380227435425738 ], [ 16.793154411326427, 52.380227437695574 ], [ 16.793154424392959, 52.380227440739269 ], [ 16.793154436927541, 52.380227444529261 ], [ 16.793154448816658, 52.38022744903121 ], [ 16.793154459952639, 52.380227454204373 ], [ 16.793154470234633, 52.380227460001883 ], [ 16.793154479569527, 52.380227466371252 ], [ 16.793154487872783, 52.380227473254777 ], [ 16.793154495069203, 52.380227480590143 ], [ 16.79516206963676, 52.382513607473129 ], [ 16.795162071390859, 52.38251360926089 ], [ 16.79516207478817, 52.382513609423548 ], [ 16.799401364308281, 52.382592644541965 ], [ 16.799401378247655, 52.382592645208881 ], [ 16.799401392020314, 52.382592646683584 ], [ 16.799401405501527, 52.382592648952716 ], [ 16.799401418569204, 52.382592651995736 ], [ 16.799401431105004, 52.382592655785068 ], [ 16.799401442995403, 52.382592660286406 ], [ 16.79940145413272, 52.382592665458986 ], [ 16.799401464416093, 52.382592671255978 ], [ 16.799401473752386, 52.382592677624856 ], [ 16.799401482057061, 52.382592684507969 ], [ 16.799401489254901, 52.382592691842945 ], [ 16.801409455022903, 52.384878672635558 ], [ 16.801409461049381, 52.384878680355911 ], [ 16.801409465849218, 52.384878688391822 ], [ 16.801409469378953, 52.384878696670533 ], [ 16.801409471606615, 52.384878705117039 ], [ 16.801409472512031, 52.384878713654885 ], [ 16.801409472086998, 52.384878722206729 ], [ 16.801409470335372, 52.384878730695128 ], [ 16.801409467273015, 52.384878739043195 ], [ 16.801409462927651, 52.384878747175371 ], [ 16.801409457338643, 52.384878755017965 ], [ 16.801409450556605, 52.384878762499966 ], [ 16.799177920988679, 52.387085858589863 ], [ 16.799177919335566, 52.387085860413357 ], [ 16.799177920804325, 52.387085862295024 ], [ 16.801186149050256, 52.389371935067501 ], [ 16.801186150804867, 52.389371936855177 ], [ 16.801186154202732, 52.389371937017685 ], [ 16.805426117853333, 52.389450763259006 ], [ 16.805426131794977, 52.38945076392524 ], [ 16.805426145569985, 52.389450765399253 ], [ 16.805426159053606, 52.389450767667732 ], [ 16.805426172123735, 52.389450770710091 ], [ 16.805426184661997, 52.389450774498812 ], [ 16.805426196554851, 52.389450778999574 ], [ 16.805426207694591, 52.389450784171615 ], [ 16.805426217980333, 52.389450789968095 ], [ 16.805426227318932, 52.389450796336519 ], [ 16.805426235625813, 52.389450803219219 ], [ 16.805426242825746, 52.389450810553846 ], [ 16.807434823933459, 52.391736693339908 ], [ 16.807434829961899, 52.391736701059955 ], [ 16.807434834763548, 52.391736709095625 ], [ 16.80743483829492, 52.391736717374172 ], [ 16.807434840524046, 52.391736725820586 ], [ 16.807434841430727, 52.391736734358375 ], [ 16.807434841006753, 52.391736742910247 ], [ 16.807434839255972, 52.391736751398739 ], [ 16.807434836194233, 52.391736759746969 ], [ 16.80743483184926, 52.391736767879344 ], [ 16.807434826260412, 52.391736775722215 ], [ 16.807434819478292, 52.391736783204571 ], [ 16.805203273905381, 52.393943947885276 ], [ 16.805203265990659, 52.393943954939175 ], [ 16.80520325701573, 52.393943961500867 ], [ 16.805203247061879, 52.393943967510964 ], [ 16.805203236219246, 52.393943972915004 ], [ 16.80520322458602, 52.393943977664058 ], [ 16.805203212267561, 52.393943981715111 ], [ 16.80520319937542, 52.393943985031484 ], [ 16.805203186026354, 52.393943987583157 ], [ 16.805203172341251, 52.393943989346994 ], [ 16.805203158444051, 52.393943990307044 ], [ 16.805203144460602, 52.393943990454595 ], [ 16.800962750866212, 52.393865151506006 ], [ 16.800962747458144, 52.393865151541839 ], [ 16.800962745528988, 52.393865153260975 ], [ 16.798730684362585, 52.396072274840613 ], [ 16.79873068270911, 52.396072276664093 ], [ 16.798730684178139, 52.396072278545752 ], [ 16.800739244980502, 52.398358316100136 ], [ 16.800739251008629, 52.398358323820524 ], [ 16.800739255809738, 52.398358331856464 ], [ 16.800739259340343, 52.398358340135182 ], [ 16.800739261568481, 52.398358348581716 ], [ 16.800739262473964, 52.398358357119534 ], [ 16.800739262048598, 52.398358365671349 ], [ 16.800739260296233, 52.398358374159699 ], [ 16.800739257232738, 52.398358382507752 ], [ 16.800739252885855, 52.398358390639856 ], [ 16.800739247294956, 52.398358398482387 ], [ 16.800739240510666, 52.398358405964316 ], [ 16.798507020450138, 52.400565434480555 ], [ 16.798507012533143, 52.400565441533956 ], [ 16.798507003555866, 52.400565448095108 ], [ 16.798506993599599, 52.400565454104608 ], [ 16.798506982754517, 52.400565459508002 ], [ 16.79850697111883, 52.40056546425636 ], [ 16.798506958797915, 52.400565468306695 ], [ 16.798506945903348, 52.400565471622301 ], [ 16.798506932551909, 52.400565474173185 ], [ 16.798506918864504, 52.400565475936226 ], [ 16.798506904965095, 52.400565476895451 ], [ 16.798506890979553, 52.400565477042193 ], [ 16.794265881725515, 52.400486390947954 ], [ 16.794265878316935, 52.400486390983616 ], [ 16.794265876387225, 52.400486392702611 ], [ 16.79203314054805, 52.402693378045285 ], [ 16.792033138894045, 52.40269337986868 ], [ 16.792033140362996, 52.402693381750417 ], [ 16.794041642144471, 52.404979530261095 ], [ 16.794041648172289, 52.404979537981809 ], [ 16.794041652972851, 52.404979546017998 ], [ 16.794041656502692, 52.404979554296908 ], [ 16.794041658729842, 52.40497956274352 ], [ 16.794041659634129, 52.404979571281388 ], [ 16.794041659207366, 52.404979579833153 ], [ 16.794041657453416, 52.404979588321396 ], [ 16.794041654388167, 52.404979596669222 ], [ 16.794041650039372, 52.404979604801056 ], [ 16.79404164444642, 52.404979612643238 ], [ 16.794041637659959, 52.404979620124756 ], [ 16.791808699952014, 52.407186554706236 ], [ 16.791808698297825, 52.407186556529616 ], [ 16.791808699766911, 52.407186558411361 ], [ 16.793817387130478, 52.409472711251162 ], [ 16.793817393158843, 52.409472718971898 ], [ 16.793817397959835, 52.409472727008101 ], [ 16.793817401489964, 52.409472735287004 ], [ 16.79381740371727, 52.40947274373363 ], [ 16.793817404621581, 52.40947275227149 ], [ 16.793817404194709, 52.409472760823249 ], [ 16.79381740244051, 52.409472769311478 ], [ 16.79381739937488, 52.409472777659282 ], [ 16.793817395025577, 52.40947278579111 ], [ 16.793817389431997, 52.409472793633249 ], [ 16.793817382644786, 52.409472801114731 ], [ 16.791584200189622, 52.411679727254011 ], [ 16.791584198535247, 52.411679729077377 ], [ 16.791584200004472, 52.411679730959129 ], [ 16.793593072996337, 52.413965888129312 ], [ 16.793593079025253, 52.413965895850048 ], [ 16.793593083826664, 52.413965903886265 ], [ 16.793593087357088, 52.413965912165175 ], [ 16.793593089584554, 52.413965920611794 ], [ 16.793593090488887, 52.413965929149647 ], [ 16.793593090061897, 52.413965937701398 ], [ 16.793593088307457, 52.413965946189613 ], [ 16.793593085241447, 52.41396595453741 ], [ 16.79359308089164, 52.413965962669209 ], [ 16.793593075297423, 52.413965970511349 ], [ 16.793593068509463, 52.413965977992802 ], [ 16.791359641240099, 52.416172895688504 ], [ 16.791359639585544, 52.416172897511878 ], [ 16.7913596410549, 52.416172899393622 ], [ 16.793368738248546, 52.418459104734055 ], [ 16.793368740003956, 52.418459106521844 ], [ 16.793368743404017, 52.418459106684601 ], [ 16.797611474201727, 52.418538243795908 ], [ 16.797611488152391, 52.418538244463157 ], [ 16.797611501936149, 52.41853824593818 ], [ 16.797611515428173, 52.418538248207632 ], [ 16.79761152850628, 52.418538251250951 ], [ 16.797611541052031, 52.418538255040545 ], [ 16.797611552951807, 52.418538259542153 ], [ 16.797611564097839, 52.418538264714975 ], [ 16.797611574389194, 52.41853827051218 ], [ 16.797611583732674, 52.418538276881257 ], [ 16.797611592043651, 52.418538283764512 ], [ 16.797611599246874, 52.418538291099615 ], [ 16.799621049994041, 52.420824306383381 ], [ 16.799621056024918, 52.420824314103825 ], [ 16.799621060828141, 52.420824322139815 ], [ 16.79962106436021, 52.420824330418561 ], [ 16.799621066589136, 52.420824338865074 ], [ 16.799621067494741, 52.420824347402878 ], [ 16.799621067068809, 52.420824355954672 ], [ 16.799621065315215, 52.420824364442964 ], [ 16.799621062249823, 52.420824372790925 ], [ 16.799621057900406, 52.420824380922923 ], [ 16.799621052306346, 52.420824388765347 ], [ 16.799621045518307, 52.420824396247141 ], [ 16.797387601976169, 52.423031382651168 ], [ 16.797387594054868, 52.423031389704434 ], [ 16.797387585072762, 52.423031396265436 ], [ 16.797387575111195, 52.423031402274752 ], [ 16.797387564260383, 52.423031407677961 ], [ 16.797387552618591, 52.42303141242612 ], [ 16.79738754029125, 52.423031416476256 ], [ 16.797387527389997, 52.423031419791663 ], [ 16.797387514031669, 52.423031422342326 ], [ 16.797387500337237, 52.423031424105154 ], [ 16.797387486430722, 52.423031425064174 ], [ 16.797387472438068, 52.423031425210695 ], [ 16.793144310971371, 52.422952275338666 ], [ 16.793144307561061, 52.422952275374243 ], [ 16.7931443056303, 52.422952277093231 ], [ 16.790910345696538, 52.425159220217253 ], [ 16.79091034404162, 52.425159222040605 ], [ 16.790910345511243, 52.425159223922357 ], [ 16.792919814199795, 52.427445437929919 ], [ 16.792919815955536, 52.427445439717729 ], [ 16.792919819356282, 52.427445439880493 ], [ 16.797163411605275, 52.427524602515831 ], [ 16.797163425558765, 52.427524603183166 ], [ 16.797163439345301, 52.427524604658288 ], [ 16.797163452840035, 52.427524606927804 ], [ 16.797163465920747, 52.427524609971201 ], [ 16.797163478468988, 52.427524613760873 ], [ 16.797163490371108, 52.427524618262538 ], [ 16.797163501519329, 52.427524623435431 ], [ 16.797163511812684, 52.427524629232671 ], [ 16.797163521157955, 52.427524635601792 ], [ 16.797163529470517, 52.427524642485096 ], [ 16.797163536675082, 52.427524649820242 ], [ 16.799173359129515, 52.429810673739183 ], [ 16.799173365161497, 52.429810681459657 ], [ 16.799173369965565, 52.429810689495653 ], [ 16.79917337349822, 52.4298106977744 ], [ 16.799173375727467, 52.429810706220913 ], [ 16.799173376633114, 52.429810714758723 ], [ 16.799173376206959, 52.429810723310489 ], [ 16.799173374452867, 52.429810731798767 ], [ 16.799173371386722, 52.429810740146692 ], [ 16.799173367036289, 52.429810748278655 ], [ 16.799173361440968, 52.429810756121029 ], [ 16.799173354651423, 52.429810763602774 ], [ 16.796939378407309, 52.432017775473298 ], [ 16.796939376752373, 52.432017777296736 ], [ 16.796939378222476, 52.432017779178416 ], [ 16.798949425142261, 52.434303851254363 ], [ 16.798949431174794, 52.434303858974857 ], [ 16.798949435979289, 52.434303867010847 ], [ 16.798949439512231, 52.434303875289608 ], [ 16.798949441741634, 52.434303883736114 ], [ 16.798949442647306, 52.434303892273924 ], [ 16.798949442221041, 52.434303900825675 ], [ 16.798949440466703, 52.43430390931394 ], [ 16.798949437400179, 52.43430391766185 ], [ 16.798949433049234, 52.434303925793806 ], [ 16.79894942745328, 52.434303933636151 ], [ 16.798949420662989, 52.434303941117861 ], [ 16.796715242227933, 52.436510902238503 ], [ 16.796715234304042, 52.436510909291677 ], [ 16.796715225319037, 52.436510915852587 ], [ 16.796715215354286, 52.436510921861803 ], [ 16.796715204500035, 52.436510927264898 ], [ 16.796715192854574, 52.436510932012943 ], [ 16.796715180523371, 52.436510936062952 ], [ 16.796715167618103, 52.43651093937823 ], [ 16.796715154255637, 52.436510941928773 ], [ 16.796715140556984, 52.436510943691466 ], [ 16.796715126646202, 52.436510944650365 ], [ 16.796715112649277, 52.436510944796765 ], [ 16.792470658495617, 52.436431756627051 ], [ 16.792470655084266, 52.436431756662607 ], [ 16.792470653152872, 52.436431758381552 ], [ 16.790235957957908, 52.43863867615827 ], [ 16.790235956302435, 52.438638677981615 ], [ 16.790235957772467, 52.438638679863374 ], [ 16.792245945505353, 52.440924863041914 ], [ 16.792245951537577, 52.440924870762728 ], [ 16.792245956341528, 52.440924878798988 ], [ 16.792245959873703, 52.440924887077934 ], [ 16.792245962102118, 52.440924895524546 ], [ 16.792245963006586, 52.440924904062371 ], [ 16.792245962578921, 52.440924912614086 ], [ 16.792245960822999, 52.44092492110223 ], [ 16.792245957754716, 52.440924929449935 ], [ 16.792245953401856, 52.440924937581606 ], [ 16.792245947803845, 52.44092494542361 ], [ 16.792245941011377, 52.440924952904908 ], [ 16.790011086306965, 52.44313177759301 ], [ 16.7900110783808, 52.443131784645708 ], [ 16.790011069393433, 52.443131791206063 ], [ 16.790011059426263, 52.443131797214676 ], [ 16.790011048569554, 52.443131802617131 ], [ 16.79001103692163, 52.443131807364487 ], [ 16.790011024587965, 52.443131811413757 ], [ 16.790011011680264, 52.443131814728282 ], [ 16.790010998315413, 52.443131817278037 ], [ 16.790010984614455, 52.443131819039927 ], [ 16.790010970701466, 52.443131819998001 ], [ 16.790010956702439, 52.443131820143584 ], [ 16.785765885474152, 52.443052384391066 ], [ 16.785765882062286, 52.443052384426423 ], [ 16.785765880130338, 52.443052386145247 ], [ 16.783530508480311, 52.445259167416786 ], [ 16.783530506824313, 52.445259169240025 ], [ 16.783530508294263, 52.445259171121862 ], [ 16.785540436638843, 52.447545465425719 ], [ 16.785540442670747, 52.447545473146867 ], [ 16.785540447474155, 52.44754548118339 ], [ 16.785540451005563, 52.447545489462513 ], [ 16.785540453232983, 52.447545497909246 ], [ 16.785540454136253, 52.447545506447092 ], [ 16.785540453707188, 52.447545514998758 ], [ 16.785540451949675, 52.447545523486774 ], [ 16.78554044887963, 52.44754553183428 ], [ 16.785540444524852, 52.447545539965674 ], [ 16.785540438924787, 52.44754554780733 ], [ 16.785540432130144, 52.447545555288215 ], [ 16.783304857944898, 52.449752285769364 ], [ 16.783304856288712, 52.449752287592602 ], [ 16.7833048577588, 52.449752289474446 ], [ 16.785314972034683, 52.4520385881357 ], [ 16.785314978067145, 52.452038595856855 ], [ 16.785314982870975, 52.452038603893378 ], [ 16.785314986402671, 52.452038612172515 ], [ 16.785314988630251, 52.452038620619255 ], [ 16.785314989533546, 52.452038629157094 ], [ 16.785314989104368, 52.452038637708746 ], [ 16.785314987346606, 52.452038646196755 ], [ 16.78531498427618, 52.452038654544239 ], [ 16.785314979920894, 52.452038662675619 ], [ 16.785314974320197, 52.452038670517254 ], [ 16.785314967524798, 52.452038677998118 ], [ 16.783079190750858, 52.454245357688741 ], [ 16.783079182821549, 52.454245364740913 ], [ 16.78307917383086, 52.454245371300701 ], [ 16.783079163860208, 52.454245377308688 ], [ 16.783079152999896, 52.454245382710461 ], [ 16.783079141348274, 52.454245387457078 ], [ 16.783079129010858, 52.454245391505573 ], [ 16.783079116099383, 52.454245394819282 ], [ 16.783079102730774, 52.454245397368211 ], [ 16.783079089026096, 52.45424539912927 ], [ 16.783079075109466, 52.454245400086485 ], [ 16.783079061106914, 52.454245400231201 ], [ 16.778832941222994, 52.45416570393099 ], [ 16.778832937810272, 52.45416570396614 ], [ 16.778832935877556, 52.454165705684844 ], [ 16.776596641849267, 52.456372341864899 ], [ 16.776596640192555, 52.456372343688024 ], [ 16.776596641662564, 52.456372345569953 ], [ 16.778606696327575, 52.458658755397536 ], [ 16.778606702359721, 52.45865876311904 ], [ 16.778606707163007, 52.458658771155818 ], [ 16.778606710693932, 52.458658779435119 ], [ 16.778606712920521, 52.458658787881959 ], [ 16.778606713822612, 52.45865879641984 ], [ 16.77860671339203, 52.458658804971449 ], [ 16.77860671163268, 52.45865881345933 ], [ 16.778606708560492, 52.458658821806608 ], [ 16.778606704203288, 52.458658829937725 ], [ 16.77860669860053, 52.458658837778991 ], [ 16.778606691802953, 52.458658845259436 ], [ 16.776370237897837, 52.46086538831559 ], [ 16.776370229966243, 52.4608653953673 ], [ 16.776370220973192, 52.46086540192654 ], [ 16.776370211000124, 52.46086540793393 ], [ 16.776370200137354, 52.460865413335029 ], [ 16.776370188483259, 52.460865418080964 ], [ 16.776370176143377, 52.460865422128741 ], [ 16.776370163229469, 52.460865425441682 ], [ 16.776370149858476, 52.460865427989816 ], [ 16.776370136151488, 52.460865429750072 ], [ 16.776370122232645, 52.460865430706484 ], [ 16.776370108227994, 52.460865430850369 ], [ 16.772123452266101, 52.460785488236098 ], [ 16.772123438302572, 52.460785487565701 ], [ 16.772123424506603, 52.460785486087559 ], [ 16.772123411003122, 52.460785483815094 ], [ 16.772123397914424, 52.46078548076887 ], [ 16.772123385359041, 52.460785476976461 ], [ 16.772123373450679, 52.460785472472217 ], [ 16.772123362297179, 52.460785467296944 ], [ 16.772123351999547, 52.460785461497501 ], [ 16.772123342651046, 52.460785455126398 ], [ 16.772123334336335, 52.460785448241346 ], [ 16.772123327130711, 52.460785440904694 ], [ 16.770113518167804, 52.458498924282097 ], [ 16.770113516411797, 52.458498922493959 ], [ 16.770113513008766, 52.458498922330513 ], [ 16.76586702137104, 52.458418756088605 ], [ 16.765867007408378, 52.45841875541749 ], [ 16.765866993613376, 52.458418753938638 ], [ 16.765866980110957, 52.458418751665462 ], [ 16.76586696702341, 52.458418748618548 ], [ 16.765866954469253, 52.45841874482548 ], [ 16.765866942562177, 52.458418740320624 ], [ 16.76586693141002, 52.458418735144782 ], [ 16.765866921113773, 52.4584187293448 ], [ 16.765866911766679, 52.458418722973221 ], [ 16.765866903453393, 52.458418716087735 ], [ 16.765866896249197, 52.45841870875072 ], [ 16.763857518877728, 52.45613208975562 ], [ 16.763857517122069, 52.456132087967404 ], [ 16.763857513719248, 52.456132087803773 ], [ 16.75961126788669, 52.456051699505615 ], [ 16.759611253924895, 52.456051698833754 ], [ 16.759611240130862, 52.456051697354191 ], [ 16.759611226629509, 52.456051695080298 ], [ 16.759611213543113, 52.456051692032702 ], [ 16.759611200990182, 52.456051688239008 ], [ 16.759611189084399, 52.456051683733534 ], [ 16.759611177933579, 52.45605167855711 ], [ 16.759611167638713, 52.456051672756587 ], [ 16.75961115829303, 52.456051666384518 ], [ 16.759611149981168, 52.456051659498613 ], [ 16.759611142778397, 52.456051652161236 ], [ 16.757602196931021, 52.453764930839192 ], [ 16.757602195175707, 52.453764929050877 ], [ 16.757602191773099, 52.453764928887075 ], [ 16.753356191791934, 52.453684318572485 ], [ 16.753356177831002, 52.453684317899892 ], [ 16.753356164037939, 52.453684316419611 ], [ 16.753356150537652, 52.453684314145036 ], [ 16.753356137452403, 52.453684311096751 ], [ 16.753356124900698, 52.453684307302396 ], [ 16.753356112996205, 52.453684302796312 ], [ 16.753356101846727, 52.453684297619304 ], [ 16.75335609155324, 52.453684291818256 ], [ 16.75335608220897, 52.453684285445711 ], [ 16.75335607389853, 52.453684278559379 ], [ 16.753356066697187, 52.453684271221626 ], [ 16.751347552306537, 52.451397447618184 ], [ 16.751347550551571, 52.451397445829784 ], [ 16.75134754714917, 52.451397445665805 ], [ 16.747101711650089, 52.451316611823145 ], [ 16.747101708237587, 52.451316611857386 ], [ 16.747101706303781, 52.451316613575557 ], [ 16.744863992295645, 52.453522634150886 ], [ 16.744863990637743, 52.453522635973556 ], [ 16.744863992106293, 52.453522637855869 ], [ 16.746872260542599, 52.455809568152347 ], [ 16.746872266568765, 52.455809575875399 ], [ 16.746872271365937, 52.4558095839134 ], [ 16.746872274890666, 52.455809592193596 ], [ 16.746872277111034, 52.455809600640961 ], [ 16.746872278006933, 52.45580960917902 ], [ 16.746872277570251, 52.455809617730445 ], [ 16.74687227580494, 52.455809626217786 ], [ 16.746872272726989, 52.455809634564183 ], [ 16.746872268364267, 52.455809642694071 ], [ 16.746872262756291, 52.45580965053378 ], [ 16.746872255953846, 52.455809658012349 ], [ 16.744634381757514, 52.458015585386256 ], [ 16.744634373821441, 52.458015592435771 ], [ 16.744634364824336, 52.458015598992574 ], [ 16.744634354847683, 52.458015604997229 ], [ 16.744634343981829, 52.458015610395393 ], [ 16.744634332325177, 52.458015615138166 ], [ 16.744634319983291, 52.458015619182603 ], [ 16.74463430706794, 52.45801562249207 ], [ 16.744634293696095, 52.458015625036616 ], [ 16.744634279988844, 52.45801562679317 ], [ 16.744634266070328, 52.458015627745844 ], [ 16.744634252066589, 52.458015627885999 ], [ 16.74038796248346, 52.457934549062614 ], [ 16.740387948521434, 52.457934548388494 ], [ 16.740387934727526, 52.457934546906678 ], [ 16.74038792122666, 52.457934544630611 ], [ 16.740387908141098, 52.457934541580897 ], [ 16.74038789558935, 52.457934537785157 ], [ 16.740387883685084, 52.457934533277772 ], [ 16.740387872536111, 52.45793452809955 ], [ 16.740387862243388, 52.457934522297386 ], [ 16.740387852900142, 52.457934515923839 ], [ 16.74038784459097, 52.457934509036605 ], [ 16.740387837391136, 52.457934501698084 ], [ 16.738379815022743, 52.455647464721288 ], [ 16.73837981326815, 52.455647462932703 ], [ 16.738379809865478, 52.455647462768347 ], [ 16.734133603556721, 52.455566158863348 ], [ 16.734133600143895, 52.455566158897213 ], [ 16.734133598209397, 52.45556616061517 ], [ 16.731895021267654, 52.457771924429402 ], [ 16.731895019609052, 52.457771926251873 ] ] ] } },
{ "type": "Feature", "properties": { "city_slug": "szczecin", "city_name": "Szczecin" }, "geometry": { "type": "Polygon", "coordinates": [ [ [ 14.446220384719316, 53.440755757361643 ], [ 14.446220386116744, 53.440755759270324 ], [ 14.448147083345939, 53.443079225647722 ], [ 14.448147089080274, 53.443079233479075 ], [ 14.448147093541808, 53.443079241600422 ], [ 14.44814709669013, 53.443079249938194 ], [ 14.44814709849674, 53.44307925841688 ], [ 14.448147098945265, 53.443079266959714 ], [ 14.448147098031647, 53.443079275489318 ], [ 14.448147095764163, 53.443079283928462 ], [ 14.448147092163346, 53.443079292200679 ], [ 14.448147087261802, 53.443079300231105 ], [ 14.448147081103928, 53.443079307946981 ], [ 14.448147073745485, 53.443079315278446 ], [ 14.445740137203972, 53.44523727844755 ], [ 14.445740135410361, 53.445237280234352 ], [ 14.445740136807901, 53.44523728214304 ], [ 14.447666996173465, 53.447560758780803 ], [ 14.447667001908266, 53.447560766612213 ], [ 14.447667006370127, 53.447560774733567 ], [ 14.447667009518637, 53.44756078307136 ], [ 14.447667011325285, 53.44756079155006 ], [ 14.44766701177371, 53.447560800092873 ], [ 14.447667010859849, 53.44756080862247 ], [ 14.447667008591976, 53.447560817061586 ], [ 14.447667004990636, 53.447560825333781 ], [ 14.447667000088435, 53.447560833364165 ], [ 14.447666993929781, 53.447560841079991 ], [ 14.447666986570432, 53.447560848411413 ], [ 14.445259758941832, 53.449718794947614 ], [ 14.445259757148003, 53.449718796734402 ], [ 14.445259758545653, 53.449718798643104 ], [ 14.44718681703872, 53.452042330098017 ], [ 14.447186818734149, 53.452042331918747 ], [ 14.447186822202235, 53.452042332150519 ], [ 14.451521445638077, 53.452207773051676 ], [ 14.451521449127387, 53.452207773085476 ], [ 14.451521451197499, 53.452207771408453 ], [ 14.453928516592477, 53.450049695355531 ], [ 14.453928525085395, 53.450049688474493 ], [ 14.45392853463558, 53.450049682106503 ], [ 14.453928545156536, 53.450049676309263 ], [ 14.453928556552988, 53.450049671135282 ], [ 14.453928568721723, 53.450049666631401 ], [ 14.453928581552546, 53.450049662838396 ], [ 14.453928594929254, 53.450049659790658 ], [ 14.453928608730708, 53.450049657515734 ], [ 14.453928622831919, 53.450049656034246 ], [ 14.453928637105186, 53.450049655359635 ], [ 14.453928651421242, 53.450049655497992 ], [ 14.458262946329844, 53.450214841276988 ], [ 14.458262960559232, 53.450214842226536 ], [ 14.458262974572978, 53.450214843979204 ], [ 14.458262988244179, 53.450214846519145 ], [ 14.458263001449028, 53.450214849823311 ], [ 14.458263014067937, 53.450214853861802 ], [ 14.45826302598662, 53.450214858598038 ], [ 14.458263037097149, 53.450214863989125 ], [ 14.458263047298903, 53.450214869986276 ], [ 14.45826305649949, 53.450214876535142 ], [ 14.458263064615595, 53.450214883576429 ], [ 14.458263071573711, 53.450214891046336 ], [ 14.460190800625627, 53.452538138337765 ], [ 14.460190806363389, 53.452538146168614 ], [ 14.460190810828141, 53.452538154289556 ], [ 14.460190813979441, 53.452538162627071 ], [ 14.460190815788751, 53.452538171105623 ], [ 14.460190816239693, 53.452538179648457 ], [ 14.460190815328174, 53.452538188178188 ], [ 14.460190813062452, 53.452538196617581 ], [ 14.46019080946305, 53.452538204890196 ], [ 14.46019080456256, 53.452538212921134 ], [ 14.460190798405362, 53.452538220637642 ], [ 14.460190791047221, 53.452538227969846 ], [ 14.457783888006393, 53.454696433537336 ], [ 14.457783886212859, 53.454696435324315 ], [ 14.457783887611233, 53.45469643723289 ], [ 14.459711816042041, 53.457019739311079 ], [ 14.459711821780274, 53.457019747141949 ], [ 14.459711826245353, 53.457019755262934 ], [ 14.459711829396838, 53.457019763600442 ], [ 14.459711831206192, 53.457019772079015 ], [ 14.45971183165703, 53.457019780621849 ], [ 14.459711830745267, 53.457019789151573 ], [ 14.459711828479163, 53.457019797590938 ], [ 14.459711824879236, 53.457019805863524 ], [ 14.459711819978089, 53.457019813894419 ], [ 14.45971181382011, 53.457019821610885 ], [ 14.459711806461064, 53.457019828943039 ], [ 14.457304612323785, 53.459178017917417 ], [ 14.457304610530029, 53.459178019704382 ], [ 14.457304611928516, 53.459178021612971 ], [ 14.459232739785492, 53.461501378480143 ], [ 14.459232741481802, 53.46150138030071 ], [ 14.459232744950739, 53.461501380532141 ], [ 14.463568321129365, 53.461666401157977 ], [ 14.46356833536273, 53.461666402106985 ], [ 14.463568349380488, 53.461666403859113 ], [ 14.463568363055689, 53.4616664063985 ], [ 14.46356837626449, 53.461666409702161 ], [ 14.463568388887273, 53.461666413740168 ], [ 14.463568400809722, 53.46166641847595 ], [ 14.463568411923864, 53.461666423866632 ], [ 14.46356842212905, 53.461666429863378 ], [ 14.463568431332856, 53.461666436411896 ], [ 14.463568439451938, 53.46166644345287 ], [ 14.463568446412763, 53.461666450922543 ], [ 14.465496954007477, 53.463989626194206 ], [ 14.465496959747657, 53.463989634024834 ], [ 14.465496964214507, 53.46398964214562 ], [ 14.465496967367576, 53.463989650483029 ], [ 14.465496969178311, 53.463989658961516 ], [ 14.465496969630301, 53.463989667504336 ], [ 14.465496968719467, 53.463989676034117 ], [ 14.465496966454053, 53.463989684473603 ], [ 14.465496962854573, 53.463989692746367 ], [ 14.465496957953624, 53.46398970077751 ], [ 14.465496951795595, 53.463989708494282 ], [ 14.46549694443625, 53.46398971582677 ], [ 14.463089667832692, 53.46614797637362 ], [ 14.463089659337848, 53.466147983255276 ], [ 14.463089649785234, 53.46614798962392 ], [ 14.463089639261362, 53.466147995421899 ], [ 14.463089627861542, 53.466148000596689 ], [ 14.463089615689009, 53.466148005101424 ], [ 14.463089602853998, 53.466148008895317 ], [ 14.463089589472746, 53.466148011944 ], [ 14.463089575666439, 53.466148014219883 ], [ 14.463089561560107, 53.466148015702331 ], [ 14.463089547281497, 53.466148016377929 ], [ 14.46308953295992, 53.466148016240574 ], [ 14.458753503029197, 53.465982968794037 ], [ 14.458753499538735, 53.465982968760429 ], [ 14.458753497468198, 53.465982970437565 ], [ 14.456345674718873, 53.468141167600749 ], [ 14.456345672924675, 53.468141169387685 ], [ 14.456345674323391, 53.468141171296281 ], [ 14.458274090220124, 53.470464504095183 ], [ 14.45827409595976, 53.470464511926153 ], [ 14.458274100425825, 53.470464520047166 ], [ 14.458274103577869, 53.470464528384746 ], [ 14.45827410538735, 53.470464536863325 ], [ 14.458274105837885, 53.470464545406131 ], [ 14.458274104925387, 53.47046455393582 ], [ 14.45827410265812, 53.470464562375128 ], [ 14.458274099056625, 53.470464570647621 ], [ 14.458274094153509, 53.47046457867841 ], [ 14.45827408799318, 53.470464586394733 ], [ 14.458274080631426, 53.470464593726739 ], [ 14.45586601270371, 53.472622732902117 ], [ 14.455866010909295, 53.472622734689047 ], [ 14.455866012308126, 53.47262273659765 ], [ 14.457794590767753, 53.474946079641441 ], [ 14.457794596507854, 53.474946087472432 ], [ 14.457794600974248, 53.474946095593481 ], [ 14.457794604126478, 53.474946103931067 ], [ 14.457794605936002, 53.474946112409654 ], [ 14.457794606386436, 53.474946120952467 ], [ 14.457794605473692, 53.474946129482127 ], [ 14.45779460320604, 53.474946137921428 ], [ 14.45779459960402, 53.474946146193901 ], [ 14.457794594700248, 53.474946154224646 ], [ 14.457794588539134, 53.474946161940935 ], [ 14.457794581176474, 53.474946169272876 ], [ 14.455386268002723, 53.477104250458829 ], [ 14.45538625950436, 53.47710425733986 ], [ 14.455386249948067, 53.477104263707815 ], [ 14.455386239420379, 53.47710426950502 ], [ 14.455386228016641, 53.477104274679 ], [ 14.455386215840125, 53.477104279182846 ], [ 14.455386203001106, 53.477104282975823 ], [ 14.455386189615851, 53.477104286023547 ], [ 14.455386175805584, 53.477104288298456 ], [ 14.455386161695371, 53.477104289779909 ], [ 14.455386147412995, 53.477104290454506 ], [ 14.455386133087801, 53.477104290316149 ], [ 14.451049032690767, 53.476938940216165 ], [ 14.451049029199421, 53.476938940182315 ], [ 14.451049027128031, 53.476938941859288 ], [ 14.44864021368344, 53.479096918176069 ], [ 14.448640205183596, 53.479096925056581 ], [ 14.448640195625854, 53.47909693142396 ], [ 14.448640185096771, 53.479096937220547 ], [ 14.448640173691697, 53.479096942393831 ], [ 14.448640161513918, 53.479096946896981 ], [ 14.448640148673727, 53.479096950689197 ], [ 14.448640135287395, 53.479096953736146 ], [ 14.448640121476158, 53.479096956010252 ], [ 14.44864010736509, 53.479096957490881 ], [ 14.448640093081982, 53.479096958164661 ], [ 14.448640078756185, 53.479096958025472 ], [ 14.444302815842764, 53.478931358898755 ], [ 14.444302812351271, 53.478931358864706 ], [ 14.444302810279522, 53.478931360541551 ], [ 14.441893496504791, 53.481089231933936 ], [ 14.441893494709422, 53.481089233720624 ], [ 14.441893496107872, 53.481089235629383 ], [ 14.443821653897457, 53.483412794434471 ], [ 14.443821659635994, 53.483412802266088 ], [ 14.443821664100478, 53.483412810387627 ], [ 14.443821667250475, 53.483412818725526 ], [ 14.443821669057456, 53.483412827204255 ], [ 14.443821669505061, 53.48341283574706 ], [ 14.443821668589234, 53.483412844276558 ], [ 14.44382166631827, 53.483412852715496 ], [ 14.443821662712732, 53.483412860987471 ], [ 14.443821657805277, 53.483412869017563 ], [ 14.443821651640343, 53.483412876733048 ], [ 14.443821644273765, 53.483412884064037 ], [ 14.441412084940421, 53.485570697418581 ], [ 14.441412083144829, 53.485570699205262 ], [ 14.441412084543392, 53.485570701114014 ], [ 14.443340404802765, 53.487894270200556 ], [ 14.443340410541774, 53.487894278032215 ], [ 14.443340415006579, 53.487894286153782 ], [ 14.443340418156764, 53.487894294491682 ], [ 14.443340419963789, 53.487894302970417 ], [ 14.443340420411289, 53.487894311513216 ], [ 14.443340419495216, 53.487894320042706 ], [ 14.443340417223865, 53.487894328481623 ], [ 14.443340413617802, 53.487894336753563 ], [ 14.443340408709689, 53.487894344783619 ], [ 14.443340402543971, 53.487894352499062 ], [ 14.443340395176488, 53.487894359830008 ], [ 14.440930544003555, 53.490052156522005 ], [ 14.440930542207743, 53.490052158308671 ], [ 14.440930543606417, 53.490052160217445 ], [ 14.442859026372675, 53.492375739587786 ], [ 14.442859032112148, 53.492375747419473 ], [ 14.442859036577287, 53.492375755541062 ], [ 14.442859039727656, 53.492375763878975 ], [ 14.442859041534723, 53.492375772357718 ], [ 14.442859041982119, 53.492375780900517 ], [ 14.442859041065802, 53.492375789429985 ], [ 14.442859038794065, 53.492375797868888 ], [ 14.442859035187475, 53.492375806140799 ], [ 14.442859030278703, 53.492375814170821 ], [ 14.442859024112201, 53.492375821886213 ], [ 14.442859016743814, 53.49237582921711 ], [ 14.44044887364751, 53.494533609243277 ], [ 14.440448871851478, 53.494533611029922 ], [ 14.440448873250267, 53.494533612938717 ], [ 14.442377555545789, 53.49685724715161 ], [ 14.442377557242686, 53.496857248972432 ], [ 14.442377560714386, 53.496857249204403 ], [ 14.44671664110712, 53.497022956041448 ], [ 14.446716655351809, 53.497022956992694 ], [ 14.446716669380352, 53.497022958747017 ], [ 14.446716683065702, 53.497022961288572 ], [ 14.446716696283932, 53.497022964594294 ], [ 14.44671670891533, 53.497022968634241 ], [ 14.446716720845505, 53.497022973371863 ], [ 14.446716731966417, 53.497022978764235 ], [ 14.446716742177349, 53.49702298476253 ], [ 14.446716751385834, 53.49702299131242 ], [ 14.446716759508471, 53.497022998354602 ], [ 14.44671676647171, 53.49702300582527 ], [ 14.448645866397538, 53.499346502957501 ], [ 14.448645868094799, 53.499346504778231 ], [ 14.44864587156675, 53.499346505010024 ], [ 14.452985327140825, 53.499511992729744 ], [ 14.452985330634029, 53.499511992763566 ], [ 14.452985332706504, 53.499511991086592 ], [ 14.45539515047294, 53.497353951597887 ], [ 14.455395158975545, 53.49735394471697 ], [ 14.455395168536583, 53.497353938349121 ], [ 14.455395179069457, 53.497353932552024 ], [ 14.455395190478784, 53.497353927378185 ], [ 14.455395202661236, 53.49735392287446 ], [ 14.455395215506492, 53.497353919081611 ], [ 14.455395228898221, 53.497353916034037 ], [ 14.455395242715145, 53.497353913759277 ], [ 14.455395256832139, 53.497353912277944 ], [ 14.45539527112135, 53.497353911603497 ], [ 14.455395285453378, 53.497353911742003 ], [ 14.459734411822891, 53.49751914392062 ], [ 14.459734426068124, 53.497519144870317 ], [ 14.459734440097462, 53.497519146623134 ], [ 14.45973445378384, 53.497519149163203 ], [ 14.459734467003321, 53.497519152467504 ], [ 14.459734479636184, 53.497519156506108 ], [ 14.459734491568026, 53.497519161242451 ], [ 14.459734502690788, 53.497519166633651 ], [ 14.459734512903744, 53.497519172630859 ], [ 14.459734522114401, 53.497519179179797 ], [ 14.459734530239343, 53.49751918622114 ], [ 14.459734537204994, 53.497519193691105 ], [ 14.461664383698619, 53.49984249539056 ], [ 14.461664385396471, 53.499842497211134 ], [ 14.461664388868552, 53.49984249744255 ], [ 14.466003973471055, 53.500007513611031 ], [ 14.46600397696433, 53.500007513644476 ], [ 14.466003979036328, 53.500007511967247 ], [ 14.468413179214362, 53.497849196445159 ], [ 14.468413187715015, 53.497849189563269 ], [ 14.46841319727427, 53.497849183194347 ], [ 14.468413207805561, 53.497849177396063 ], [ 14.468413219213508, 53.497849172220938 ], [ 14.4684132313948, 53.497849167715856 ], [ 14.468413244239127, 53.4978491639216 ], [ 14.468413257630164, 53.497849160872541 ], [ 14.468413271446641, 53.497849158596253 ], [ 14.468413285563434, 53.497849157113386 ], [ 14.468413299852696, 53.497849156437383 ], [ 14.468413314185026, 53.497849156574325 ], [ 14.472752652583917, 53.498013920400012 ], [ 14.472752656077047, 53.498013920433266 ], [ 14.472752658148682, 53.498013918755923 ], [ 14.475161403621978, 53.49585545697709 ], [ 14.475161412121146, 53.495855450094687 ], [ 14.475161421678955, 53.495855443725183 ], [ 14.475161432208845, 53.495855437926274 ], [ 14.475161443615454, 53.495855432750503 ], [ 14.475161455795487, 53.495855428244695 ], [ 14.475161468638639, 53.495855424449672 ], [ 14.475161482028593, 53.495855421399831 ], [ 14.475161495844098, 53.495855419122748 ], [ 14.475161509960033, 53.495855417639071 ], [ 14.475161524248565, 53.495855416962229 ], [ 14.47516153858029, 53.495855417098348 ], [ 14.479500630697283, 53.496019928625401 ], [ 14.479500644942597, 53.496019929572746 ], [ 14.479500658972389, 53.496019931323247 ], [ 14.479500672659606, 53.496019933861049 ], [ 14.479500685880291, 53.496019937163183 ], [ 14.479500698514723, 53.496019941199727 ], [ 14.479500710448473, 53.49601994593413 ], [ 14.479500721573475, 53.496019951323525 ], [ 14.479500731788974, 53.496019957319106 ], [ 14.479500741002459, 53.49601996386658 ], [ 14.479500749130487, 53.496019970906623 ], [ 14.479500756099462, 53.4960199783755 ], [ 14.481431640642233, 53.498342981582859 ], [ 14.481431642340892, 53.498342983403155 ], [ 14.481431645812995, 53.498342983633997 ], [ 14.485771195882361, 53.498507279060277 ], [ 14.485771199375565, 53.498507279093154 ], [ 14.485771201446722, 53.49850727741557 ], [ 14.488179329034049, 53.496348539774068 ], [ 14.48817933753126, 53.496348532890693 ], [ 14.488179347087287, 53.496348526520109 ], [ 14.488179357615591, 53.496348520720026 ], [ 14.488179369020822, 53.496348515542969 ], [ 14.488179381199695, 53.496348511035812 ], [ 14.488179394041913, 53.496348507239361 ], [ 14.488179407431176, 53.496348504188035 ], [ 14.48817942124623, 53.496348501909431 ], [ 14.48817943536196, 53.496348500424219 ], [ 14.488179449650541, 53.496348499745814 ], [ 14.488179463982567, 53.496348499880384 ], [ 14.49251876756059, 53.496512543031606 ], [ 14.492518771053646, 53.49651254306427 ], [ 14.492518773124441, 53.496512541386558 ], [ 14.494926445998056, 53.494353657609352 ], [ 14.494926454493783, 53.494353650725465 ], [ 14.494926464048362, 53.494353644354312 ], [ 14.494926474575266, 53.494353638553591 ], [ 14.494926485979159, 53.494353633375866 ], [ 14.494926498156767, 53.494353628867998 ], [ 14.494926510997811, 53.494353625070794 ], [ 14.494926524385994, 53.494353622018693 ], [ 14.494926538200074, 53.494353619739293 ], [ 14.494926552314951, 53.49435361825325 ], [ 14.494926566602794, 53.494353617574021 ], [ 14.494926580934214, 53.494353617707752 ], [ 14.499265721149575, 53.494517411767461 ], [ 14.499265724642482, 53.494517411799933 ], [ 14.499265726712919, 53.4945174101221 ], [ 14.501672944910231, 53.492358380257805 ], [ 14.501672953404471, 53.492358373373406 ], [ 14.501672962957604, 53.492358367001678 ], [ 14.501672973483105, 53.492358361200338 ], [ 14.501672984885662, 53.492358356021931 ], [ 14.501672997062011, 53.492358351513339 ], [ 14.501673009901875, 53.492358347715395 ], [ 14.501673023288983, 53.492358344662506 ], [ 14.501673037102087, 53.492358342382303 ], [ 14.501673051216107, 53.492358340895443 ], [ 14.501673065503216, 53.492358340215397 ], [ 14.501673079834029, 53.492358340348297 ], [ 14.506011973399435, 53.492521882213502 ], [ 14.506011987644351, 53.492521883157679 ], [ 14.506012001674272, 53.492521884905052 ], [ 14.506012015362131, 53.492521887439821 ], [ 14.506012028583976, 53.492521890739035 ], [ 14.506012041220069, 53.492521894772807 ], [ 14.506012053155972, 53.492521899504602 ], [ 14.506012064283592, 53.492521904891582 ], [ 14.506012074502154, 53.492521910884946 ], [ 14.506012083719121, 53.49252191743043 ], [ 14.506012091851023, 53.492521924468754 ], [ 14.506012098824211, 53.492521931936174 ], [ 14.507944275005293, 53.494844488853431 ], [ 14.507944280757275, 53.494844496682234 ], [ 14.507944285235252, 53.494844504801641 ], [ 14.507944288398667, 53.494844513138098 ], [ 14.507944290218878, 53.494844521616123 ], [ 14.507944290679397, 53.494844530158943 ], [ 14.507944289776058, 53.494844538689179 ], [ 14.507944287517036, 53.494844547129574 ], [ 14.507944283922797, 53.494844555403709 ], [ 14.507944279025878, 53.494844563436651 ], [ 14.507944272870638, 53.494844571155639 ], [ 14.507944265512814, 53.494844578490778 ], [ 14.505537210822245, 53.497003737959815 ], [ 14.505537209028789, 53.49700373974752 ], [ 14.505537210430628, 53.497003741655597 ], [ 14.507469624285545, 53.499326397786618 ], [ 14.507469625985379, 53.499326399606566 ], [ 14.507469629457747, 53.499326399836654 ], [ 14.511809435359071, 53.499489752048184 ], [ 14.511809438852421, 53.499489752080294 ], [ 14.511809440922621, 53.49948975040224 ], [ 14.514216331985411, 53.497330461330698 ], [ 14.514216340478715, 53.49733045444539 ], [ 14.514216350031178, 53.497330448072645 ], [ 14.514216360556306, 53.497330442270197 ], [ 14.514216371958772, 53.497330437090589 ], [ 14.514216384135317, 53.497330432580725 ], [ 14.514216396975668, 53.497330428781432 ], [ 14.514216410363542, 53.497330425727156 ], [ 14.514216424177691, 53.497330423445518 ], [ 14.514216438293023, 53.497330421957194 ], [ 14.514216452581692, 53.497330421275677 ], [ 14.514216466914313, 53.497330421407113 ], [ 14.518555942695246, 53.49749351828045 ], [ 14.518555956942194, 53.497493519223141 ], [ 14.518555970974347, 53.497493520969094 ], [ 14.518555984664628, 53.497493523502477 ], [ 14.518555997889056, 53.497493526800348 ], [ 14.518556010527874, 53.497493530832827 ], [ 14.518556022466614, 53.497493535563443 ], [ 14.518556033597163, 53.4974935409493 ], [ 14.518556043818721, 53.497493546941648 ], [ 14.518556053038717, 53.497493553486215 ], [ 14.518556061173649, 53.497493560523758 ], [ 14.518556068149856, 53.497493567990489 ], [ 14.52048919091291, 53.499815983581541 ], [ 14.520489192613333, 53.499815985401327 ], [ 14.520489196085833, 53.499815985631024 ], [ 14.524829129358334, 53.499978866188385 ], [ 14.524829132851755, 53.499978866220118 ], [ 14.524829134921481, 53.499978864541823 ], [ 14.527235407346025, 53.497819299903028 ], [ 14.527235415837367, 53.497819293016747 ], [ 14.527235425388051, 53.49781928664293 ], [ 14.527235435911589, 53.497819280839281 ], [ 14.527235447312671, 53.497819275658408 ], [ 14.52723545948805, 53.497819271147179 ], [ 14.527235472327467, 53.497819267346472 ], [ 14.527235485714641, 53.497819264290719 ], [ 14.52723549952834, 53.49781926200756 ], [ 14.527235513643463, 53.497819260517709 ], [ 14.527235527932184, 53.497819259834614 ], [ 14.527235542265096, 53.497819259964494 ], [ 14.531575145207746, 53.49798188522422 ], [ 14.531575159455231, 53.497981886165384 ], [ 14.53157517348817, 53.497981887909823 ], [ 14.531575187179472, 53.497981890441714 ], [ 14.531575200405147, 53.497981893738171 ], [ 14.531575213045421, 53.497981897769314 ], [ 14.531575224985826, 53.497981902498637 ], [ 14.531575236118222, 53.497981907883329 ], [ 14.531575246341797, 53.497981913874597 ], [ 14.531575255563958, 53.497981920418212 ], [ 14.531575263701194, 53.497981927454887 ], [ 14.531575270679815, 53.497981934920915 ], [ 14.533509139291162, 53.500304154380522 ], [ 14.533509140992173, 53.50030415620013 ], [ 14.533509144464809, 53.500304156429458 ], [ 14.537849121522301, 53.500466562188805 ], [ 14.5378491357708, 53.500466563129237 ], [ 14.537849149804856, 53.500466564872944 ], [ 14.537849163497366, 53.500466567404168 ], [ 14.537849176724336, 53.500466570699942 ], [ 14.537849189365971, 53.500466574730446 ], [ 14.537849201307793, 53.500466579459172 ], [ 14.537849212441657, 53.500466584843295 ], [ 14.537849222666724, 53.500466590834066 ], [ 14.537849231890402, 53.500466597377219 ], [ 14.537849240029157, 53.500466604413496 ], [ 14.537849247009285, 53.50046661187919 ], [ 14.539783570555878, 53.502788738257244 ], [ 14.539783572257258, 53.502788740076781 ], [ 14.539783575730134, 53.502788740305924 ], [ 14.544123926876775, 53.502950926508952 ], [ 14.544123930370487, 53.502950926540116 ], [ 14.544123932439623, 53.502950924861473 ], [ 14.546529467942252, 53.500790913786361 ], [ 14.546529469734189, 53.500790911998031 ], [ 14.546529468330361, 53.500790910090394 ], [ 14.544594853983657, 53.498468886891878 ], [ 14.544594848224357, 53.498468879064681 ], [ 14.544594843738945, 53.498468870946517 ], [ 14.54459484056804, 53.498468862610885 ], [ 14.544594838740354, 53.498468854133272 ], [ 14.544594838272445, 53.498468845590452 ], [ 14.544594839168552, 53.498468837059796 ], [ 14.544594841420549, 53.498468828618563 ], [ 14.544594845008053, 53.498468820343184 ], [ 14.544594849898573, 53.498468812308602 ], [ 14.544594856047812, 53.498468804587603 ], [ 14.544594863400087, 53.498468797250098 ], [ 14.547000015914424, 53.49630885271565 ], [ 14.547000024402319, 53.496308845827897 ], [ 14.547000033949768, 53.496308839452425 ], [ 14.547000044470312, 53.496308833646978 ], [ 14.547000055868676, 53.496308828464144 ], [ 14.547000068041624, 53.496308823950862 ], [ 14.547000080878925, 53.496308820147974 ], [ 14.54700009426432, 53.496308817089961 ], [ 14.54700010807659, 53.496308814804486 ], [ 14.547000122190646, 53.496308813312261 ], [ 14.547000136478669, 53.496308812626793 ], [ 14.547000150811273, 53.496308812754279 ], [ 14.551339716374683, 53.496470717372581 ], [ 14.551339730622239, 53.496470718311379 ], [ 14.551339744655625, 53.496470720053495 ], [ 14.551339758347757, 53.496470722583148 ], [ 14.551339771574629, 53.49647072587743 ], [ 14.551339784216458, 53.496470729906498 ], [ 14.551339796158764, 53.496470734633895 ], [ 14.55133980729339, 53.496470740016775 ], [ 14.5513398175195, 53.496470746006402 ], [ 14.551339826744485, 53.496470752548547 ], [ 14.5513398348848, 53.49647075958395 ], [ 14.551339841866731, 53.496470767048883 ], [ 14.553274746892422, 53.498792687050894 ], [ 14.553274748594241, 53.498792688870246 ], [ 14.553274752066889, 53.498792689098998 ], [ 14.557614691464519, 53.498954374140467 ], [ 14.557614705713089, 53.49895437507854 ], [ 14.557614719747589, 53.498954376819945 ], [ 14.557614733440925, 53.498954379348895 ], [ 14.55761474666909, 53.498954382642509 ], [ 14.557614759312282, 53.498954386670938 ], [ 14.557614771256006, 53.498954391397724 ], [ 14.557614782392095, 53.49895439678005 ], [ 14.557614792619701, 53.498954402769165 ], [ 14.557614801846199, 53.498954409310855 ], [ 14.557614809988035, 53.49895441634586 ], [ 14.557614816971476, 53.498954423810446 ], [ 14.559550176940363, 53.501276250618275 ], [ 14.559550178642548, 53.501276252437549 ], [ 14.559550182115444, 53.501276252666116 ], [ 14.563890412093723, 53.50143771498017 ], [ 14.563890426343303, 53.501437715917511 ], [ 14.563890440378925, 53.50143771765817 ], [ 14.563890454073471, 53.501437720186445 ], [ 14.563890467302921, 53.501437723479384 ], [ 14.563890479947476, 53.501437727507181 ], [ 14.56389049189262, 53.501437732233363 ], [ 14.563890503030171, 53.501437737615134 ], [ 14.563890513259274, 53.501437743603738 ], [ 14.563890522487284, 53.501437750144966 ], [ 14.563890530630642, 53.501437757179566 ], [ 14.56389053761559, 53.501437764643832 ], [ 14.565826352611017, 53.503759498210741 ], [ 14.565826354313575, 53.503759500029915 ], [ 14.565826357786715, 53.503759500258326 ], [ 14.570166961541135, 53.503920742890948 ], [ 14.570166965034991, 53.503920742921366 ], [ 14.570166967103169, 53.503920741242254 ], [ 14.57257121754394, 53.501760220997866 ], [ 14.572571226028925, 53.501760214108231 ], [ 14.572571235573925, 53.501760207730655 ], [ 14.57257124609249, 53.501760201922927 ], [ 14.572571257489365, 53.501760196737614 ], [ 14.572571269661342, 53.501760192221695 ], [ 14.572571282498185, 53.501760188416057 ], [ 14.572571295883641, 53.501760185355181 ], [ 14.572571309696491, 53.50176018306675 ], [ 14.572571323811649, 53.501760181571505 ], [ 14.572571338101277, 53.501760180883004 ], [ 14.57257135243597, 53.501760181007462 ], [ 14.576911625100093, 53.50192116846398 ], [ 14.576911639350213, 53.501921169399779 ], [ 14.576911653386611, 53.501921171138918 ], [ 14.576911667082172, 53.501921173665714 ], [ 14.576911680312868, 53.501921176957239 ], [ 14.576911692958879, 53.501921180983679 ], [ 14.576911704905678, 53.501921185708596 ], [ 14.576911716045078, 53.50192119108916 ], [ 14.576911726276194, 53.501921197076705 ], [ 14.576911735506377, 53.501921203616973 ], [ 14.576911743652028, 53.501921210650728 ], [ 14.57691175063939, 53.501921218114262 ], [ 14.578848274051994, 53.504242710564213 ], [ 14.578848279818436, 53.504242718389875 ], [ 14.578848284311029, 53.504242726506881 ], [ 14.578848287489087, 53.50424273484176 ], [ 14.578848289323831, 53.504242743318983 ], [ 14.578848289798646, 53.504242751861803 ], [ 14.57884828890923, 53.504242760392842 ], [ 14.578848286663638, 53.504242768834864 ], [ 14.578848283082213, 53.504242777111386 ], [ 14.578848278197377, 53.504242785147468 ], [ 14.578848272053374, 53.50424279287035 ], [ 14.578848264705845, 53.504242800210065 ], [ 14.576444178953311, 53.50640344994769 ], [ 14.576444177162363, 53.506403451736503 ], [ 14.576444178567726, 53.506403453643813 ], [ 14.578380903862275, 53.508725000589266 ], [ 14.578380909629189, 53.508725008414963 ], [ 14.578380914122119, 53.508725016532011 ], [ 14.578380917300368, 53.508725024866898 ], [ 14.578380919135164, 53.508725033344128 ], [ 14.578380919609884, 53.508725041886933 ], [ 14.57838091872023, 53.508725050417979 ], [ 14.578380916474257, 53.508725058859966 ], [ 14.57838091289231, 53.508725067136453 ], [ 14.578380908006826, 53.508725075172507 ], [ 14.578380901862042, 53.508725082895339 ], [ 14.578380894513616, 53.508725090235011 ], [ 14.57597651829402, 53.510885723785734 ], [ 14.575976516502852, 53.510885725574532 ], [ 14.575976517908332, 53.510885727481849 ], [ 14.577913407989648, 53.513207284407564 ], [ 14.577913413757036, 53.51320729223329 ], [ 14.577913418250301, 53.513207300350345 ], [ 14.577913421428747, 53.513207308685246 ], [ 14.57791342326359, 53.513207317162482 ], [ 14.577913423738215, 53.513207325705295 ], [ 14.57791342284832, 53.513207334236306 ], [ 14.577913420601968, 53.513207342678285 ], [ 14.577913417019504, 53.513207350954751 ], [ 14.577913412133363, 53.513207358990776 ], [ 14.5779134059878, 53.513207366713559 ], [ 14.57791339863847, 53.513207374053181 ], [ 14.575508777982257, 53.515367949982775 ], [ 14.575508769494887, 53.515367956872559 ], [ 14.575508759947136, 53.515367963250313 ], [ 14.575508749425476, 53.515367969058232 ], [ 14.575508738025187, 53.515367974243745 ], [ 14.575508725849518, 53.515367978759883 ], [ 14.575508713008729, 53.515367982565763 ], [ 14.575508699619116, 53.515367985626888 ], [ 14.575508685801923, 53.51536798791556 ], [ 14.575508671682293, 53.515367989411061 ], [ 14.575508657388095, 53.515367990099818 ], [ 14.575508643048774, 53.515367989975616 ], [ 14.571166921393786, 53.515206920871222 ], [ 14.571166917898999, 53.515206920840825 ], [ 14.571166915830284, 53.515206922519937 ], [ 14.568761793629321, 53.517367394130396 ], [ 14.56876178514046, 53.517367401019676 ], [ 14.568761775591261, 53.51736740739684 ], [ 14.568761765068194, 53.517367413204141 ], [ 14.568761753666568, 53.517367418388993 ], [ 14.568761741489633, 53.517367422904407 ], [ 14.568761728647663, 53.517367426709534 ], [ 14.568761715256962, 53.517367429769884 ], [ 14.568761701438797, 53.517367432057746 ], [ 14.568761687318306, 53.51736743355243 ], [ 14.568761673023365, 53.517367434240363 ], [ 14.56876165868343, 53.517367434115329 ], [ 14.564419772287126, 53.517206115891369 ], [ 14.564419768792188, 53.51720611586078 ], [ 14.564419766723111, 53.517206117539757 ], [ 14.562014189048497, 53.519366443350336 ], [ 14.562014180558146, 53.519366450239104 ], [ 14.56201417100749, 53.5193664566157 ], [ 14.562014160483026, 53.519366462422376 ], [ 14.562014149080056, 53.519366467606538 ], [ 14.562014136901855, 53.519366472121249 ], [ 14.562014124058706, 53.519366475925629 ], [ 14.562014110666922, 53.519366478985184 ], [ 14.562014096847779, 53.519366481272264 ], [ 14.562014082726421, 53.519366482766117 ], [ 14.562014068430742, 53.519366483453233 ], [ 14.562014054090202, 53.519366483327374 ], [ 14.557672003036002, 53.519204915952081 ], [ 14.557671999540919, 53.519204915921279 ], [ 14.557671997471479, 53.519204917600142 ], [ 14.555265964285329, 53.521365097562153 ], [ 14.555265955793489, 53.521365104450418 ], [ 14.555265946241384, 53.52136511082643 ], [ 14.555265935715513, 53.521365116632481 ], [ 14.555265924311206, 53.521365121815975 ], [ 14.555265912131738, 53.521365126329968 ], [ 14.555265899287409, 53.521365130133589 ], [ 14.555265885894542, 53.521365133192369 ], [ 14.55526587207442, 53.521365135478639 ], [ 14.5552658579522, 53.521365136971689 ], [ 14.555265843655782, 53.521365137657966 ], [ 14.55526582931463, 53.521365137531298 ], [ 14.550923613686011, 53.521203320972916 ], [ 14.550923610190781, 53.521203320941922 ], [ 14.550923608120977, 53.521203322620657 ], [ 14.548517073236736, 53.523363398105253 ], [ 14.548517071443877, 53.523363399893597 ], [ 14.548517072848483, 53.523363401801227 ], [ 14.550452964248741, 53.525685382050028 ], [ 14.550452970012548, 53.52568538987699 ], [ 14.550452974501679, 53.525685397994991 ], [ 14.550452977675478, 53.525685406330517 ], [ 14.5504529795052, 53.525685414808052 ], [ 14.550452979974281, 53.525685423350858 ], [ 14.550452979078466, 53.525685431881534 ], [ 14.550452976825866, 53.52568544032286 ], [ 14.55045297323689, 53.525685448598352 ], [ 14.550452968344031, 53.525685456633106 ], [ 14.55045296219161, 53.525685464354325 ], [ 14.550452954835334, 53.525685471692093 ], [ 14.548046174975873, 53.527845489463431 ], [ 14.54804617318279, 53.527845491251774 ], [ 14.548046174587514, 53.52784549315939 ], [ 14.549982230516498, 53.530167483457305 ], [ 14.549982236280783, 53.530167491284303 ], [ 14.549982240770248, 53.530167499402324 ], [ 14.549982243944237, 53.530167507737872 ], [ 14.549982245774007, 53.530167516215421 ], [ 14.54998224624299, 53.530167524758205 ], [ 14.549982245346932, 53.530167533288896 ], [ 14.549982243093952, 53.530167541730187 ], [ 14.549982239504454, 53.530167550005658 ], [ 14.549982234610942, 53.530167558040375 ], [ 14.549982228457736, 53.530167565761538 ], [ 14.549982221100558, 53.530167573099263 ], [ 14.547575150038366, 53.532327574574992 ], [ 14.547575148245064, 53.532327576363322 ], [ 14.547575149649905, 53.532327578270952 ], [ 14.549511407275986, 53.534649623146237 ], [ 14.549511408978995, 53.534649624965652 ], [ 14.549511412454542, 53.534649625194575 ], [ 14.553854995277547, 53.534811520729328 ], [ 14.553855009538026, 53.534811521668075 ], [ 14.553855023584143, 53.534811523410134 ], [ 14.553855037288695, 53.534811525939752 ], [ 14.553855050527583, 53.534811529233991 ], [ 14.553855063180901, 53.53481153326301 ], [ 14.553855075134061, 53.534811537990358 ], [ 14.553855086278821, 53.534811543373181 ], [ 14.553855096514242, 53.534811549362779 ], [ 14.553855105747639, 53.534811555904874 ], [ 14.55385511389539, 53.534811562940206 ], [ 14.553855120883703, 53.534811570405111 ], [ 14.555791797296818, 53.537133477449778 ], [ 14.555791799000197, 53.537133479269094 ], [ 14.555791802475992, 53.537133479497847 ], [ 14.560135759845089, 53.537295155121264 ], [ 14.56013576334167, 53.537295155152009 ], [ 14.560135765411941, 53.537295153473138 ], [ 14.562542507098108, 53.535134892654057 ], [ 14.56254251559168, 53.535134885765338 ], [ 14.562542525145945, 53.535134879388785 ], [ 14.562542535674387, 53.535134873582152 ], [ 14.56254254708165, 53.535134868398011 ], [ 14.562542559264427, 53.535134863883364 ], [ 14.562542572112392, 53.535134860079047 ], [ 14.56254258550919, 53.535134857019521 ], [ 14.562542599333502, 53.53513485473249 ], [ 14.562542613460131, 53.535134853238674 ], [ 14.562542627761141, 53.535134852551622 ], [ 14.562542642107028, 53.535134852677523 ], [ 14.566886268075354, 53.535296272790561 ], [ 14.566886282336371, 53.535296273727752 ], [ 14.566886296383274, 53.535296275468305 ], [ 14.566886310088845, 53.535296277996437 ], [ 14.566886323328973, 53.535296281289249 ], [ 14.566886335983755, 53.535296285316917 ], [ 14.566886347938581, 53.535296290042986 ], [ 14.566886359085188, 53.535296295424644 ], [ 14.566886369322631, 53.535296301413148 ], [ 14.566886378558195, 53.535296307954283 ], [ 14.56688638670825, 53.535296314988784 ], [ 14.566886393698978, 53.535296322452957 ], [ 14.568823817259123, 53.53761803273877 ], [ 14.568823818963086, 53.537618034557923 ], [ 14.568823822439015, 53.537618034786306 ], [ 14.573167906090083, 53.537779238022317 ], [ 14.57316790958674, 53.537779238052678 ], [ 14.57316791165653, 53.537779236373567 ], [ 14.575574032429593, 53.535618700011256 ], [ 14.5755740409212, 53.535618693121556 ], [ 14.575574050473678, 53.535618686743931 ], [ 14.575574061000522, 53.535618680936103 ], [ 14.575574072406392, 53.535618675750712 ], [ 14.575574084587998, 53.535618671234687 ], [ 14.575574097435021, 53.535618667428942 ], [ 14.575574110831118, 53.535618664367945 ], [ 14.575574124654972, 53.535618662079393 ], [ 14.57557413878139, 53.535618660584042 ], [ 14.575574153082442, 53.535618659895412 ], [ 14.575574167428618, 53.53561866001975 ], [ 14.579917919469013, 53.53577960778621 ], [ 14.579917933730567, 53.53577960872186 ], [ 14.579917947778251, 53.535779610460892 ], [ 14.57991796148484, 53.535779612987554 ], [ 14.579917974726214, 53.535779616278944 ], [ 14.579917987382457, 53.535779620305249 ], [ 14.579917999338941, 53.535779625030045 ], [ 14.579918010487399, 53.535779630410516 ], [ 14.579918020726858, 53.535779636397955 ], [ 14.579918029964594, 53.535779642938117 ], [ 14.579918038116954, 53.535779649971765 ], [ 14.579918045110096, 53.535779657435221 ], [ 14.581856215703388, 53.538101170832427 ], [ 14.581856217407942, 53.538101172651395 ], [ 14.581856220884001, 53.538101172879394 ], [ 14.586200430452447, 53.538261903697212 ], [ 14.58620043394917, 53.538261903727197 ], [ 14.586200436018483, 53.538261902047857 ], [ 14.588605935627863, 53.53610109024126 ], [ 14.588605944117504, 53.536101083350594 ], [ 14.588605953668191, 53.536101076971882 ], [ 14.588605964193436, 53.536101071162882 ], [ 14.588605975597911, 53.536101065976204 ], [ 14.588605987778346, 53.53610106145883 ], [ 14.588606000624427, 53.536101057651663 ], [ 14.58860601401982, 53.536101054589182 ], [ 14.588606027843214, 53.536101052299124 ], [ 14.588606041969422, 53.536101050802209 ], [ 14.588606056270516, 53.536101050112023 ], [ 14.588606070616979, 53.536101050234791 ], [ 14.592950031664177, 53.536261528699718 ], [ 14.592950035160753, 53.536261528729518 ], [ 14.592950037229704, 53.53626152705003 ], [ 14.595355080788796, 53.53410056948978 ], [ 14.595355089276945, 53.53410056259861 ], [ 14.595355098826179, 53.534100556219329 ], [ 14.595355109350017, 53.53410055040969 ], [ 14.595355120753155, 53.534100545222351 ], [ 14.595355132932319, 53.534100540704266 ], [ 14.595355145777219, 53.534100536896332 ], [ 14.595355159171524, 53.53410053383309 ], [ 14.595355172993941, 53.534100531542215 ], [ 14.595355187119283, 53.534100530044491 ], [ 14.595355201419633, 53.534100529353466 ], [ 14.595355215765487, 53.534100529475424 ], [ 14.599698928213517, 53.53426075563187 ], [ 14.599698942475134, 53.534260756565153 ], [ 14.599698956523259, 53.534260758301862 ], [ 14.599698970230671, 53.534260760826264 ], [ 14.599698983473237, 53.53426076411548 ], [ 14.59969899613103, 53.534260768139717 ], [ 14.599699008089416, 53.534260772862581 ], [ 14.599699019240102, 53.534260778241233 ], [ 14.599699029482098, 53.53426078422703 ], [ 14.59969903872266, 53.534260790765707 ], [ 14.599699046878101, 53.534260797798069 ], [ 14.599699053874557, 53.534260805260445 ], [ 14.601638262096023, 53.536582018114593 ], [ 14.601638263801384, 53.536582019933313 ], [ 14.601638267277457, 53.536582020160736 ], [ 14.605982353669154, 53.53674202621162 ], [ 14.605982367931782, 53.536742027144179 ], [ 14.605982381981027, 53.536742028880163 ], [ 14.605982395689651, 53.536742031403854 ], [ 14.605982408933508, 53.536742034692402 ], [ 14.60598242159266, 53.536742038716014 ], [ 14.605982433552468, 53.536742043438252 ], [ 14.605982444704619, 53.53674204881635 ], [ 14.605982454948117, 53.536742054801636 ], [ 14.605982464190195, 53.536742061339865 ], [ 14.605982472347156, 53.536742068371829 ], [ 14.60598247934513, 53.53674207583385 ], [ 14.607922143662178, 53.539063195064607 ], [ 14.607922145367906, 53.539063196883234 ], [ 14.607922148844228, 53.53906319711048 ], [ 14.61226660915337, 53.539222982999817 ], [ 14.612266612650238, 53.539222983029049 ], [ 14.612266614718587, 53.539222981349219 ], [ 14.614670871249491, 53.537061618951249 ], [ 14.614670879735193, 53.53706161205865 ], [ 14.614670889282296, 53.537061605677778 ], [ 14.614670899804342, 53.537061599866412 ], [ 14.614670911206035, 53.537061594677191 ], [ 14.614670923384118, 53.537061590157109 ], [ 14.614670936228311, 53.537061586347093 ], [ 14.614670949622289, 53.537061583281655 ], [ 14.614670963444762, 53.537061580988549 ], [ 14.614670977570544, 53.537061579488537 ], [ 14.614670991871712, 53.537061578795218 ], [ 14.614671006218755, 53.53706157891488 ], [ 14.619015217591855, 53.537221112515105 ], [ 14.619015221088572, 53.537221112544131 ], [ 14.619015223156563, 53.537221110864188 ], [ 14.621419023546713, 53.535059602857984 ], [ 14.621419032030929, 53.535059595964874 ], [ 14.621419041576575, 53.535059589583433 ], [ 14.621419052097213, 53.535059583771449 ], [ 14.62141906349756, 53.535059578581539 ], [ 14.621419075674378, 53.535059574060746 ], [ 14.621419088517388, 53.53505957024997 ], [ 14.621419101910277, 53.535059567183772 ], [ 14.621419115731767, 53.535059564889849 ], [ 14.621419129856685, 53.535059563389034 ], [ 14.621419144157109, 53.53505956269489 ], [ 14.621419158503539, 53.535059562813721 ], [ 14.625763120862812, 53.535218844169293 ], [ 14.625763135125498, 53.535218845099486 ], [ 14.625763149175182, 53.535218846833146 ], [ 14.625763162884622, 53.535218849354585 ], [ 14.62576317612967, 53.535218852640959 ], [ 14.625763188790378, 53.535218856662496 ], [ 14.625763200752077, 53.535218861382802 ], [ 14.625763211906454, 53.535218866759088 ], [ 14.625763222152488, 53.535218872742725 ], [ 14.625763231397384, 53.535218879279462 ], [ 14.625763239557427, 53.535218886310147 ], [ 14.625763246558716, 53.535218893771074 ], [ 14.627703947955482, 53.537539712099679 ], [ 14.62770394966202, 53.537539713918036 ], [ 14.627703953138354, 53.5375397141447 ], [ 14.632048372432985, 53.537698778318429 ], [ 14.63204837592977, 53.537698778347085 ], [ 14.632048377997279, 53.537698776666893 ], [ 14.634451556427919, 53.535536993586447 ], [ 14.634451564910165, 53.535536986692371 ], [ 14.634451574454017, 53.535536980309857 ], [ 14.634451584973053, 53.535536974496686 ], [ 14.634451596372008, 53.535536969305504 ], [ 14.63445160854765, 53.535536964783361 ], [ 14.634451621389712, 53.535536960971164 ], [ 14.634451634781895, 53.535536957903481 ], [ 14.634451648602919, 53.535536955608045 ], [ 14.634451662727622, 53.535536954105673 ], [ 14.634451677028084, 53.535536953409974 ], [ 14.634451691374796, 53.535536953527235 ], [ 14.638795861445935, 53.535695765480504 ], [ 14.638795864942573, 53.53569576550894 ], [ 14.638795867009721, 53.535695763828642 ], [ 14.641198635364619, 53.533533793804231 ], [ 14.641198637154098, 53.533533792014431 ], [ 14.641198635744948, 53.533533790107803 ], [ 14.639257353933804, 53.531213179078541 ], [ 14.63925734815265, 53.531213171255516 ], [ 14.639257343645792, 53.531213163140514 ], [ 14.639257340454035, 53.531213154806998 ], [ 14.639257338606285, 53.531213146330472 ], [ 14.639257338119283, 53.531213137787667 ], [ 14.639257338997433, 53.531213129255974 ], [ 14.639257341232781, 53.531213120812644 ], [ 14.639257344805088, 53.531213112534147 ], [ 14.639257349682001, 53.531213104495428 ], [ 14.639257355819352, 53.531213096769342 ], [ 14.639257363161564, 53.531213089425812 ], [ 14.641659749288211, 53.529051186343814 ], [ 14.641659757767954, 53.529051179449169 ], [ 14.641659767309241, 53.529051173066016 ], [ 14.641659777825662, 53.529051167252142 ], [ 14.641659789221981, 53.529051162060242 ], [ 14.64165980139499, 53.529051157537289 ], [ 14.641659814234448, 53.529051153724268 ], [ 14.641659827624077, 53.529051150655711 ], [ 14.641659841442623, 53.529051148359393 ], [ 14.641659855564944, 53.529051146856119 ], [ 14.641659869863137, 53.52905114615951 ], [ 14.641659884207726, 53.529051146275862 ], [ 14.646003348938144, 53.529209680261815 ], [ 14.646003363199391, 53.529209681189563 ], [ 14.646003377248054, 53.529209682920822 ], [ 14.646003390956906, 53.529209685439923 ], [ 14.646003404201798, 53.529209688724052 ], [ 14.646003416862781, 53.529209692743443 ], [ 14.646003428825194, 53.529209697461717 ], [ 14.646003439980705, 53.529209702836155 ], [ 14.646003450228285, 53.529209708818072 ], [ 14.646003459475137, 53.529209715353282 ], [ 14.646003467637509, 53.529209722382646 ], [ 14.646003474641498, 53.529209729842435 ], [ 14.647945046477467, 53.531530237196826 ], [ 14.647945048184662, 53.531530239014934 ], [ 14.647945051660646, 53.531530239240986 ], [ 14.652288889645671, 53.531688552955323 ], [ 14.652288903907934, 53.531688553882347 ], [ 14.652288917957714, 53.531688555612874 ], [ 14.652288931667771, 53.531688558131279 ], [ 14.652288944913954, 53.531688561414747 ], [ 14.6522889575763, 53.531688565433484 ], [ 14.65228896954013, 53.531688570151168 ], [ 14.65228898069711, 53.531688575525038 ], [ 14.652288990946186, 53.531688581506444 ], [ 14.652289000194552, 53.531688588041206 ], [ 14.65228900835845, 53.53168859507015 ], [ 14.652289015363946, 53.531688602529599 ], [ 14.654231006028699, 53.534008971506587 ], [ 14.654231011813007, 53.534008979328938 ], [ 14.654231016323036, 53.534008987443428 ], [ 14.654231019517942, 53.534008995776595 ], [ 14.654231021368791, 53.534009004252965 ], [ 14.654231021858818, 53.53400901279575 ], [ 14.654231020983589, 53.53400902132762 ], [ 14.654231018751029, 53.534009029771283 ], [ 14.654231015181358, 53.534009038050279 ], [ 14.6542310103069, 53.53400904608965 ], [ 14.654231004171802, 53.534009053816561 ], [ 14.654230996831625, 53.534009061161036 ], [ 14.651828896802591, 53.536171264630468 ], [ 14.651828895013434, 53.536171266420446 ], [ 14.651828896423154, 53.536171268326946 ], [ 14.653771127776798, 53.538491736107687 ], [ 14.653771129484515, 53.538491737925696 ], [ 14.653771132961108, 53.538491738151606 ], [ 14.658115800397647, 53.538649857259841 ], [ 14.658115803894571, 53.538649857287716 ], [ 14.658115805961124, 53.538649855607062 ], [ 14.660517739723481, 53.536487522675891 ], [ 14.660517748201787, 53.536487515779882 ], [ 14.660517757742053, 53.536487509395208 ], [ 14.660517768257881, 53.536487503579679 ], [ 14.660517779654038, 53.536487498385945 ], [ 14.660517791827322, 53.536487493861095 ], [ 14.660517804667489, 53.536487490046056 ], [ 14.660517818058249, 53.53648748697541 ], [ 14.660517831878344, 53.53648748467694 ], [ 14.660517846002612, 53.536487483171463 ], [ 14.660517860303141, 53.536487482472644 ], [ 14.660517874650422, 53.536487482586786 ], [ 14.664862209140997, 53.536645346512955 ], [ 14.664862223405276, 53.536645347438501 ], [ 14.664862237457285, 53.536645349167607 ], [ 14.664862251169763, 53.536645351684591 ], [ 14.664862264418522, 53.536645354966709 ], [ 14.664862277083591, 53.536645358984174 ], [ 14.664862289050262, 53.536645363700643 ], [ 14.664862300210169, 53.536645369073398 ], [ 14.664862310462249, 53.536645375053773 ], [ 14.664862319713645, 53.536645381587626 ], [ 14.664862327880588, 53.53664538861576 ], [ 14.664862334889113, 53.536645396074533 ], [ 14.666805275186613, 53.538965621642653 ], [ 14.666805276894918, 53.538965623460491 ], [ 14.666805280371639, 53.538965623686025 ], [ 14.671150071331724, 53.539123270216123 ], [ 14.671150074828718, 53.539123270243621 ], [ 14.671150076894788, 53.539123268562733 ], [ 14.673551387948701, 53.536960660855193 ], [ 14.673551396425031, 53.536960653958218 ], [ 14.673551405963499, 53.536960647572464 ], [ 14.673551416477725, 53.536960641755748 ], [ 14.673551427872486, 53.53696063656075 ], [ 14.673551440044589, 53.536960632034543 ], [ 14.673551452883805, 53.536960628218083 ], [ 14.673551466273853, 53.536960625145959 ], [ 14.673551480093478, 53.536960622845974 ], [ 14.673551494217529, 53.536960621338942 ], [ 14.673551508518086, 53.536960620638567 ], [ 14.673551522865651, 53.536960620751138 ], [ 14.677896063980647, 53.53711801515702 ], [ 14.677896067477487, 53.537118015184333 ], [ 14.677896069543191, 53.53711801350331 ], [ 14.68029692431554, 53.534955260527411 ], [ 14.680296932790382, 53.534955253629917 ], [ 14.680296942327393, 53.534955247243602 ], [ 14.680296952840211, 53.53495524142626 ], [ 14.68029696423363, 53.534955236230594 ], [ 14.680296976404462, 53.53495523170367 ], [ 14.680296989242489, 53.534955227886449 ], [ 14.680297002631452, 53.534955224813551 ], [ 14.680297016450096, 53.534955222512757 ], [ 14.680297030573277, 53.534955221004914 ], [ 14.680297044873088, 53.534955220303715 ], [ 14.68029705922004, 53.534955220415455 ], [ 14.684641433719658, 53.535112365753569 ], [ 14.684641437216351, 53.53511236578067 ], [ 14.684641439281695, 53.535112364099533 ], [ 14.687041883838228, 53.532949424428203 ], [ 14.687041885625781, 53.532949422637664 ], [ 14.687041884214555, 53.532949420731555 ], [ 14.685098074918464, 53.530629506585363 ], [ 14.685098069128799, 53.530629498764398 ], [ 14.685098064613117, 53.530629490650959 ], [ 14.685098061412315, 53.530629482318496 ], [ 14.68509805955537, 53.530629473842495 ], [ 14.685098059059115, 53.530629465299704 ], [ 14.685098059928029, 53.530629456767485 ], [ 14.685098062154255, 53.530629448323111 ], [ 14.685098065717622, 53.530629440043064 ], [ 14.685098070585868, 53.530629432002314 ], [ 14.685098076714896, 53.530629424273705 ], [ 14.68509808404921, 53.530629416927198 ], [ 14.687498193090077, 53.52846650292269 ], [ 14.687498194877413, 53.528466501132144 ], [ 14.687498193466304, 53.528466499226035 ], [ 14.685554550830007, 53.526146594813319 ], [ 14.685554545040821, 53.526146586992375 ], [ 14.68555454052548, 53.526146578878958 ], [ 14.685554537324878, 53.526146570546508 ], [ 14.685554535467991, 53.526146562070515 ], [ 14.685554534971644, 53.526146553527717 ], [ 14.685554535840327, 53.526146544995491 ], [ 14.685554538066173, 53.526146536551103 ], [ 14.685554541629028, 53.526146528271028 ], [ 14.685554546496626, 53.526146520230242 ], [ 14.685554552624879, 53.526146512501576 ], [ 14.685554559958296, 53.526146505155019 ], [ 14.687954379598409, 53.523983575345675 ], [ 14.687954381385529, 53.523983573555114 ], [ 14.687954379974537, 53.523983571649012 ], [ 14.686010866693719, 53.52166363248142 ], [ 14.686010864985237, 53.521663630663852 ], [ 14.686010861509793, 53.521663630438908 ], [ 14.68166785519184, 53.52150656177357 ], [ 14.681667840932155, 53.521506560850135 ], [ 14.681667826884338, 53.52150655912309 ], [ 14.681667813175606, 53.521506556608088 ], [ 14.681667799930107, 53.521506553327917 ], [ 14.681667787267793, 53.521506549312278 ], [ 14.681667775303339, 53.521506544597528 ], [ 14.681667764145091, 53.521506539226387 ], [ 14.681667753894109, 53.521506533247468 ], [ 14.681667744643221, 53.521506526714916 ], [ 14.681667736476205, 53.521506519687925 ], [ 14.681667729467026, 53.521506512230111 ], [ 14.679724746591058, 53.519186567989351 ], [ 14.679724740803842, 53.51918656016818 ], [ 14.679724736290298, 53.519186552054556 ], [ 14.679724733091296, 53.519186543721979 ], [ 14.679724731235812, 53.519186535245908 ], [ 14.679724730740643, 53.519186526703109 ], [ 14.679724731610277, 53.519186518170933 ], [ 14.67972473383684, 53.519186509726666 ], [ 14.679724737400162, 53.519186501446761 ], [ 14.679724742267979, 53.519186493406217 ], [ 14.679724748396204, 53.519186485677857 ], [ 14.679724755729339, 53.519186478331648 ], [ 14.682124452573481, 53.517023662042952 ], [ 14.68212445436053, 53.517023660252484 ], [ 14.682124452950017, 53.517023658346325 ], [ 14.68018159927419, 53.514703679361077 ], [ 14.680181593487458, 53.51470367153992 ], [ 14.680181588974257, 53.514703663426317 ], [ 14.680181585775452, 53.514703655093761 ], [ 14.680181583920024, 53.514703646617697 ], [ 14.680181583424766, 53.514703638074884 ], [ 14.680181584294166, 53.514703629542701 ], [ 14.680181586520352, 53.514703621098413 ], [ 14.68018159008316, 53.514703612818479 ], [ 14.680181594950328, 53.514703604777907 ], [ 14.680181601077779, 53.51470359704949 ], [ 14.680181608410017, 53.514703589703245 ], [ 14.682580969972557, 53.512540799068901 ], [ 14.682580978442351, 53.512540792171137 ], [ 14.6825809879738, 53.512540785784509 ], [ 14.682580998480587, 53.512540779966834 ], [ 14.682581009867555, 53.512540774770812 ], [ 14.682581022031586, 53.512540770243518 ], [ 14.682581034862523, 53.512540766425907 ], [ 14.682581048244167, 53.512540763352597 ], [ 14.682581062055323, 53.512540761051383 ], [ 14.682581076170925, 53.512540759543128 ], [ 14.682581090463135, 53.512540758841489 ], [ 14.682581104802519, 53.512540758952817 ], [ 14.686923116343559, 53.512697773520337 ], [ 14.686923130600441, 53.512697774443104 ], [ 14.686923144645604, 53.512697776169475 ], [ 14.686923158351865, 53.512697778683815 ], [ 14.686923171595087, 53.512697781963368 ], [ 14.686923184255345, 53.512697785978403 ], [ 14.686923196217981, 53.512697790692606 ], [ 14.686923207374663, 53.512697796063222 ], [ 14.686923217624351, 53.512697802041679 ], [ 14.686923226874224, 53.512697808573797 ], [ 14.686923235040515, 53.512697815600418 ], [ 14.686923242049268, 53.512697823057927 ], [ 14.688866384937803, 53.515017698283806 ], [ 14.688866386646161, 53.515017700101332 ], [ 14.688866390121079, 53.51501770032619 ], [ 14.693208857345844, 53.515174497580283 ], [ 14.693208860840915, 53.515174497607099 ], [ 14.693208862904907, 53.515174495925784 ], [ 14.695607648278989, 53.513011389444699 ], [ 14.695607656746812, 53.513011382545997 ], [ 14.695607666276466, 53.513011376158275 ], [ 14.69560767678165, 53.51301137033942 ], [ 14.695607688167218, 53.513011365142134 ], [ 14.695607700330074, 53.513011360613476 ], [ 14.695607713160058, 53.513011356794451 ], [ 14.695607726540983, 53.513011353719669 ], [ 14.695607740351674, 53.513011351416935 ], [ 14.695607754467055, 53.513011349907124 ], [ 14.695607768759293, 53.513011349203929 ], [ 14.695607783098959, 53.513011349313686 ], [ 14.699950000428613, 53.513167894719075 ], [ 14.699950003923528, 53.513167894745685 ], [ 14.699950005987164, 53.513167893064242 ], [ 14.702348381669228, 53.511004600076923 ], [ 14.70234838345517, 53.511004598286135 ], [ 14.702348382043921, 53.511004596380197 ], [ 14.700404661094307, 53.508684928723206 ], [ 14.700404655304549, 53.508684920902965 ], [ 14.700404650788013, 53.508684912790081 ], [ 14.700404647585591, 53.508684904457979 ], [ 14.7004046457263, 53.508684895982149 ], [ 14.700404645226966, 53.508684887439337 ], [ 14.70040464609211, 53.508684878906919 ], [ 14.700404648313906, 53.508684870462162 ], [ 14.700404651872228, 53.508684862181539 ], [ 14.700404656734854, 53.508684854140036 ], [ 14.700404662857743, 53.508684846410496 ], [ 14.700404670185449, 53.508684839062909 ], [ 14.702802664984215, 53.506521613293678 ], [ 14.702802673449542, 53.506521606394394 ], [ 14.702802682976632, 53.506521600006053 ], [ 14.702802693479201, 53.506521594186509 ], [ 14.702802704862144, 53.506521588988484 ], [ 14.702802717022367, 53.50652158445903 ], [ 14.702802729849751, 53.506521580639173 ], [ 14.702802743228128, 53.506521577563532 ], [ 14.702802757036338, 53.50652157525991 ], [ 14.702802771149337, 53.506521573749211 ], [ 14.70280278543931, 53.506521573045106 ], [ 14.702802799776851, 53.506521573153954 ], [ 14.707144394816678, 53.50667784433162 ], [ 14.707144398311078, 53.506677844358023 ], [ 14.7071444003741, 53.506677842676439 ], [ 14.709542031613362, 53.504514388989335 ], [ 14.709542033398721, 53.504514387198419 ], [ 14.709542031987343, 53.504514385292552 ], [ 14.707598151670396, 53.502194786641425 ], [ 14.707598149961706, 53.502194784824148 ], [ 14.707598146487705, 53.502194784599872 ], [ 14.703257006906608, 53.502038538836004 ], [ 14.703256992652834, 53.502038537915261 ], [ 14.703256978610407, 53.502038536190867 ], [ 14.703256964906483, 53.502038533678444 ], [ 14.703256951665182, 53.502038530400739 ], [ 14.703256939006407, 53.502038526387473 ], [ 14.703256927044807, 53.502038521674919 ], [ 14.703256915888703, 53.502038516305824 ], [ 14.703256905639128, 53.502038510328781 ], [ 14.703256896388901, 53.502038503797912 ], [ 14.7032568882218, 53.502038496772393 ], [ 14.703256881211777, 53.502038489315815 ], [ 14.701313530833602, 53.499718885521538 ], [ 14.701313525044805, 53.499718877701376 ], [ 14.701313520528952, 53.499718869588513 ], [ 14.701313517326936, 53.49971886125644 ], [ 14.701313515467751, 53.499718852780624 ], [ 14.701313514968239, 53.499718844237805 ], [ 14.70131351583292, 53.499718835705373 ], [ 14.701313518053972, 53.499718827260558 ], [ 14.701313521611267, 53.499718818979886 ], [ 14.701313526472598, 53.499718810938312 ], [ 14.701313532593941, 53.49971880320868 ], [ 14.701313539919855, 53.499718795861 ], [ 14.703711003130651, 53.497555497125489 ], [ 14.703711004915942, 53.497555495334645 ], [ 14.703711003505042, 53.497555493428735 ], [ 14.701767782452672, 53.495235854841219 ], [ 14.701767776664358, 53.495235847021071 ], [ 14.701767772148846, 53.495235838908222 ], [ 14.701767768947029, 53.495235830576156 ], [ 14.701767767087899, 53.495235822100348 ], [ 14.701767766588297, 53.495235813557535 ], [ 14.701767767452747, 53.495235805025082 ], [ 14.701767769673424, 53.495235796580253 ], [ 14.701767773230205, 53.495235788299553 ], [ 14.701767778090895, 53.49523578025795 ], [ 14.701767784211462, 53.495235772528282 ], [ 14.701767791536483, 53.495235765180546 ], [ 14.704164966086392, 53.493072450707949 ], [ 14.704164967871465, 53.493072448917111 ], [ 14.704164966460683, 53.493072447011201 ], [ 14.70222187470587, 53.49075277362801 ], [ 14.702221872997846, 53.490752771810669 ], [ 14.702221869524818, 53.490752771586251 ], [ 14.697881929075356, 53.490596353427101 ], [ 14.697881914825567, 53.49059635250579 ], [ 14.697881900787152, 53.490596350780827 ], [ 14.697881887087242, 53.490596348267871 ], [ 14.697881873849912, 53.490596344989633 ], [ 14.697881861195032, 53.490596340975863 ], [ 14.697881849237213, 53.490596336262861 ], [ 14.697881838084747, 53.490596330893325 ], [ 14.697881827838629, 53.490596324915877 ], [ 14.697881818591652, 53.490596318384654 ], [ 14.697881810427557, 53.490596311358793 ], [ 14.697881803420279, 53.490596303901945 ], [ 14.695939241248704, 53.488276625453132 ], [ 14.69593923546236, 53.488276617632735 ], [ 14.695939230948644, 53.488276609519716 ], [ 14.695939227748427, 53.488276601187515 ], [ 14.695939225890697, 53.488276592711635 ], [ 14.695939225392271, 53.488276584168801 ], [ 14.695939226257675, 53.488276575636398 ], [ 14.695939228479061, 53.488276567191711 ], [ 14.695939232036316, 53.488276558911181 ], [ 14.695939236897223, 53.488276550869806 ], [ 14.695939243017762, 53.488276543140437 ], [ 14.695939250342505, 53.488276535793041 ], [ 14.698336256807167, 53.48611337621324 ], [ 14.698336265268948, 53.486113369314182 ], [ 14.698336274791934, 53.486113362926105 ], [ 14.698336285289892, 53.486113357106859 ], [ 14.698336296667746, 53.486113351909133 ], [ 14.698336308822451, 53.486113347380034 ], [ 14.698336321643938, 53.48611334356054 ], [ 14.698336335016091, 53.486113340485268 ], [ 14.698336348817815, 53.48611333818203 ], [ 14.698336362924111, 53.486113336671721 ], [ 14.698336377207239, 53.486113335968007 ], [ 14.698336391537842, 53.486113336077288 ], [ 14.702675876975166, 53.48626972880318 ], [ 14.702675880467874, 53.486269728829683 ], [ 14.702675882530034, 53.486269727148141 ], [ 14.705072525965191, 53.484106339727255 ], [ 14.705072527749829, 53.484106337936389 ], [ 14.705072526339283, 53.484106336030493 ], [ 14.703129804836653, 53.481786726492189 ], [ 14.703129799049783, 53.481786718672112 ], [ 14.703129794535295, 53.481786710559348 ], [ 14.70312979133408, 53.481786702227318 ], [ 14.703129789475115, 53.481786693751516 ], [ 14.70312978897525, 53.481786685208682 ], [ 14.703129789839002, 53.481786676676201 ], [ 14.703129792058556, 53.481786668231329 ], [ 14.703129795613801, 53.481786659950551 ], [ 14.703129800472555, 53.48178665190882 ], [ 14.703129806590804, 53.481786644179031 ], [ 14.703129813913142, 53.481786636831153 ], [ 14.705526122976313, 53.479623275165771 ], [ 14.705526124760732, 53.479623273374891 ], [ 14.705526123350301, 53.479623271468988 ], [ 14.703583531039039, 53.477303627128819 ], [ 14.703583529331464, 53.477303625311507 ], [ 14.703583525859523, 53.477303625087153 ], [ 14.699244950082921, 53.477147283211735 ], [ 14.699244935837594, 53.477147282290666 ], [ 14.699244921803531, 53.477147280565966 ], [ 14.699244908107831, 53.477147278053231 ], [ 14.699244894874521, 53.477147274775241 ], [ 14.699244882223446, 53.477147270761677 ], [ 14.699244870269176, 53.477147266048867 ], [ 14.699244859119966, 53.477147260679516 ], [ 14.699244848876793, 53.477147254702238 ], [ 14.699244839632415, 53.477147248171164 ], [ 14.699244831470553, 53.477147241145445 ], [ 14.69924482446512, 53.477147233688711 ], [ 14.697302761354416, 53.474827584323521 ], [ 14.697302755569511, 53.474827576503209 ], [ 14.697302751056819, 53.474827568390232 ], [ 14.697302747857201, 53.474827560058074 ], [ 14.697302745999636, 53.474827551582209 ], [ 14.697302745500947, 53.474827543039382 ], [ 14.697302746365651, 53.474827534506943 ], [ 14.697302748585914, 53.474827526062185 ], [ 14.697302752141635, 53.474827517781577 ], [ 14.697302757000603, 53.474827509740102 ], [ 14.697302763118822, 53.474827502010605 ], [ 14.697302770440885, 53.474827494663067 ], [ 14.699698911567557, 53.472664287836132 ], [ 14.699698920026318, 53.472664280936911 ], [ 14.699698929545979, 53.472664274548656 ], [ 14.699698940040328, 53.472664268729204 ], [ 14.699698951414321, 53.472664263531293 ], [ 14.699698963564963, 53.472664259001938 ], [ 14.699698976382207, 53.472664255182217 ], [ 14.699698989749979, 53.472664252106689 ], [ 14.699699003547222, 53.472664249803223 ], [ 14.699699017648989, 53.472664248292659 ], [ 14.699699031927564, 53.472664247588703 ], [ 14.69969904625364, 53.472664247697693 ], [ 14.70403716738157, 53.472820564155839 ], [ 14.704037170873173, 53.472820564182285 ], [ 14.7040371729346, 53.472820562500729 ], [ 14.706432905424295, 53.470657169389888 ], [ 14.706432913881574, 53.470657162490163 ], [ 14.706432923399785, 53.470657156101339 ], [ 14.70643293389273, 53.470657150281262 ], [ 14.706432945265385, 53.470657145082669 ], [ 14.706432957414759, 53.470657140552625 ], [ 14.70643297023082, 53.47065713673215 ], [ 14.70643298359751, 53.470657133655834 ], [ 14.706432997393771, 53.470657131351565 ], [ 14.706433011494671, 53.470657129840191 ], [ 14.706433025772499, 53.470657129135411 ], [ 14.706433040097965, 53.470657129243584 ], [ 14.710770994863614, 53.470813197259915 ], [ 14.71077099835507, 53.470813197286148 ], [ 14.710771000416131, 53.470813195604457 ], [ 14.713166324285227, 53.468649616251724 ], [ 14.713166326068844, 53.468649614460716 ], [ 14.713166324658403, 53.46864961255492 ], [ 14.711223814253501, 53.466330135709534 ], [ 14.711223808467066, 53.466330127889854 ], [ 14.711223803952496, 53.466330119777375 ], [ 14.711223800750675, 53.466330111445551 ], [ 14.711223798890595, 53.466330102969835 ], [ 14.71122379838911, 53.466330094427001 ], [ 14.711223799250755, 53.466330085894391 ], [ 14.711223801467725, 53.4663300774493 ], [ 14.71122380501995, 53.466330069168208 ], [ 14.711223809875255, 53.466330061126087 ], [ 14.711223815989671, 53.466330053395779 ], [ 14.711223823307821, 53.466330046047311 ], [ 14.713618813198909, 53.464166492487543 ], [ 14.713618814982308, 53.46416649069652 ], [ 14.713618813571983, 53.464166488790724 ], [ 14.711676469573273, 53.46184702160101 ], [ 14.711676463787319, 53.461847013781373 ], [ 14.711676459273091, 53.461847005668901 ], [ 14.711676456071471, 53.461846997337084 ], [ 14.711676454211448, 53.461846988861382 ], [ 14.711676453709872, 53.461846980318548 ], [ 14.711676454571286, 53.461846971785924 ], [ 14.711676456787885, 53.461846963340811 ], [ 14.711676460339598, 53.461846955059684 ], [ 14.711676465194261, 53.461846947017534 ], [ 14.7116764713079, 53.461846939287199 ], [ 14.711676478625163, 53.461846931938673 ], [ 14.714071180554397, 53.459683362687876 ], [ 14.714071182337578, 53.459683360896847 ], [ 14.714071180927371, 53.45968335899105 ], [ 14.712129003296285, 53.457363901454777 ], [ 14.712128997510812, 53.457363893635154 ], [ 14.712128992996927, 53.45736388552271 ], [ 14.712128989795506, 53.4573638771909 ], [ 14.712128987935539, 53.457363868715213 ], [ 14.712128987433877, 53.457363860172357 ], [ 14.71212898829506, 53.457363851639734 ], [ 14.712128990511284, 53.457363843194614 ], [ 14.712128994062487, 53.457363834913465 ], [ 14.712128998916503, 53.457363826871259 ], [ 14.712129005029377, 53.45736381914088 ], [ 14.712129012345747, 53.45736381179232 ], [ 14.714523426395534, 53.455200226853556 ], [ 14.714523428178495, 53.455200225062519 ], [ 14.714523426768409, 53.45520022315673 ], [ 14.712581415466389, 53.45288077527163 ], [ 14.712581409681396, 53.452880767452044 ], [ 14.712581405167851, 53.452880759339614 ], [ 14.712581401966631, 53.452880751007832 ], [ 14.712581400106721, 53.45288074253213 ], [ 14.71258139960497, 53.452880733989282 ], [ 14.71258140046592, 53.452880725456644 ], [ 14.712581402681774, 53.452880717011503 ], [ 14.712581406232466, 53.452880708730326 ], [ 14.712581411085838, 53.452880700688098 ], [ 14.712581417197937, 53.452880692957677 ], [ 14.712581424513413, 53.45288068560906 ], [ 14.714975550766127, 53.450717084985406 ], [ 14.714975552548875, 53.450717083194348 ], [ 14.714975551138904, 53.450717081288566 ], [ 14.713033706127407, 53.448397643052424 ], [ 14.713033700342892, 53.448397635232858 ], [ 14.713033695829688, 53.448397627120464 ], [ 14.71303369262867, 53.448397618788675 ], [ 14.713033690768816, 53.448397610312988 ], [ 14.713033690266975, 53.448397601770139 ], [ 14.713033691127697, 53.448397593237488 ], [ 14.713033693343176, 53.448397584792318 ], [ 14.713033696893358, 53.448397576511113 ], [ 14.713033701746086, 53.448397568468856 ], [ 14.713033707857415, 53.448397560738393 ], [ 14.713033715172003, 53.448397553389725 ], [ 14.715427553709981, 53.446233937084251 ], [ 14.715427555492511, 53.446233935293179 ], [ 14.715427554082654, 53.446233933387418 ], [ 14.713485838091898, 53.443914460320819 ], [ 14.713485836385159, 53.443914458503649 ], [ 14.713485832915865, 53.443914458279629 ], [ 14.709150603270166, 53.443758542411018 ], [ 14.709150589035707, 53.443758541491349 ], [ 14.709150575012133, 53.443758539768005 ], [ 14.709150561326439, 53.443758537256599 ], [ 14.709150548102556, 53.443758533979882 ], [ 14.709150535460253, 53.443758529967532 ], [ 14.709150523514019, 53.443758525255866 ], [ 14.709150512372034, 53.443758519887567 ], [ 14.709150502135209, 53.443758513911241 ], [ 14.709150492896248, 53.443758507381027 ], [ 14.709150484738819, 53.44375850035604 ], [ 14.709150477736799, 53.443758492899931 ], [ 14.707209290027786, 53.44143901486629 ], [ 14.70720928424524, 53.441439007046483 ], [ 14.707209279733826, 53.441438998933883 ], [ 14.707209276534401, 53.441438990601966 ], [ 14.707209274675941, 53.441438982126208 ], [ 14.707209274175282, 53.441438973583352 ], [ 14.707209275036949, 53.441438965050757 ], [ 14.707209277253142, 53.441438956605708 ], [ 14.707209280803793, 53.441438948324681 ], [ 14.707209285656743, 53.441438940282659 ], [ 14.707209291768045, 53.441438932552494 ], [ 14.707209299082354, 53.44143892520416 ], [ 14.709603016140967, 53.439275422126371 ], [ 14.709603017923429, 53.439275420335377 ], [ 14.709603016514054, 53.439275418429553 ], [ 14.707661920451862, 53.436955861097097 ], [ 14.707661918745638, 53.436955859279863 ], [ 14.707661915276949, 53.436955859055686 ], [ 14.703327426983495, 53.436799745744075 ], [ 14.703327412751527, 53.436799744823752 ], [ 14.703327398730506, 53.436799743099783 ], [ 14.703327385047407, 53.436799740587745 ], [ 14.70332737182615, 53.436799737310437 ], [ 14.703327359186463, 53.436799733297512 ], [ 14.703327347242819, 53.436799728585299 ], [ 14.703327336103374, 53.436799723216517 ], [ 14.703327325869017, 53.436799717239737 ], [ 14.703327316632429, 53.436799710709103 ], [ 14.703327308477254, 53.436799703683754 ], [ 14.703327301477353, 53.436799696227347 ], [ 14.701386733470086, 53.434480133991642 ], [ 14.701386727689501, 53.434480126171579 ], [ 14.701386723179876, 53.434480118058801 ], [ 14.70138671998205, 53.434480109726756 ], [ 14.701386718124985, 53.434480101250934 ], [ 14.701386717625502, 53.434480092708057 ], [ 14.701386718488115, 53.434480084175526 ], [ 14.701386720705019, 53.43448007573059 ], [ 14.701386724256141, 53.434480067449734 ], [ 14.701386729109311, 53.434480059407939 ], [ 14.701386735220584, 53.434480051678072 ], [ 14.701386742534616, 53.434480044330094 ], [ 14.703780292101719, 53.432316695927945 ], [ 14.703780300551443, 53.432316689028241 ], [ 14.703780310061136, 53.432316682639431 ], [ 14.703780320544677, 53.432316676819383 ], [ 14.703780331907126, 53.432316671620818 ], [ 14.70378034404558, 53.432316667090809 ], [ 14.703780356850114, 53.432316663270377 ], [ 14.703780370204768, 53.432316660194132 ], [ 14.703780383988597, 53.432316657889913 ], [ 14.703780398076782, 53.432316656378582 ], [ 14.703780412341725, 53.432316655673851 ], [ 14.703780426654248, 53.43231665578211 ], [ 14.70811446138711, 53.432472743724318 ], [ 14.708114464875411, 53.432472743750573 ], [ 14.708114466934633, 53.432472742068882 ], [ 14.710507608902947, 53.430309207600878 ], [ 14.71050761735119, 53.430309200700648 ], [ 14.710507626859437, 53.430309194311285 ], [ 14.710507637341578, 53.430309188490618 ], [ 14.710507648702691, 53.430309183291385 ], [ 14.710507660839882, 53.430309178760659 ], [ 14.710507673643239, 53.430309174939481 ], [ 14.710507686996808, 53.430309171862454 ], [ 14.710507700779662, 53.430309169557432 ], [ 14.710507714866974, 53.430309168045305 ], [ 14.71050772913118, 53.430309167339757 ], [ 14.710507743443088, 53.430309167447191 ], [ 14.714841612160207, 53.430465007313572 ], [ 14.714841615648359, 53.43046500733962 ], [ 14.714841617707219, 53.430465005657815 ], [ 14.717234306213744, 53.428301326656644 ], [ 14.717234314660505, 53.428301319755917 ], [ 14.717234324167302, 53.428301313365971 ], [ 14.717234334648047, 53.428301307544686 ], [ 14.717234346007823, 53.428301302344799 ], [ 14.717234358143751, 53.428301297813356 ], [ 14.717234370945928, 53.428301293991424 ], [ 14.717234384298415, 53.42830129091363 ], [ 14.71723439808029, 53.428301288607813 ], [ 14.717234412166738, 53.428301287094861 ], [ 14.717234426430196, 53.428301286388511 ], [ 14.717234440741496, 53.428301286495099 ], [ 14.721568060258109, 53.428456875335463 ], [ 14.721568074487806, 53.42845687625357 ], [ 14.721568088506956, 53.428456877975343 ], [ 14.72156810218859, 53.428456880485257 ], [ 14.721568115408807, 53.428456883760518 ], [ 14.721568128047887, 53.428456887771496 ], [ 14.721568139991362, 53.428456892481883 ], [ 14.72156815113107, 53.428456897848974 ], [ 14.721568161366136, 53.428456903824205 ], [ 14.721568170603863, 53.428456910353439 ], [ 14.721568178760597, 53.428456917377567 ], [ 14.721568185762463, 53.428456924832965 ], [ 14.723509616091331, 53.430776176470268 ], [ 14.72350962187558, 53.430776184289329 ], [ 14.723509626389118, 53.430776192401353 ], [ 14.723509629591071, 53.430776200732893 ], [ 14.723509631452446, 53.43077620920846 ], [ 14.723509631956379, 53.430776217751315 ], [ 14.72350963109831, 53.430776226284109 ], [ 14.723509628886008, 53.430776234729557 ], [ 14.723509625339512, 53.430776243011159 ], [ 14.723509620490939, 53.430776251053935 ], [ 14.723509614384193, 53.430776258785052 ], [ 14.723509607074583, 53.430776266134465 ], [ 14.721117084726341, 53.432940073975189 ], [ 14.721117082944636, 53.432940075766368 ], [ 14.72111708435434, 53.432940077672058 ], [ 14.723058755363375, 53.435259427882066 ], [ 14.723058757070204, 53.435259429699087 ], [ 14.723058760538862, 53.435259429922816 ], [ 14.727393203988077, 53.435414824236567 ], [ 14.727393218220264, 53.435414825154012 ], [ 14.727393232241962, 53.435414826875174 ], [ 14.727393245926191, 53.435414829384456 ], [ 14.727393259149029, 53.435414832659141 ], [ 14.727393271790723, 53.435414836669537 ], [ 14.727393283736786, 53.435414841379369 ], [ 14.72739329487904, 53.435414846745971 ], [ 14.727393305116571, 53.435414852720747 ], [ 14.72739331435667, 53.43541485924959 ], [ 14.727393322515658, 53.435414866273355 ], [ 14.727393329519646, 53.435414873728433 ], [ 14.729335416924467, 53.437734085489431 ], [ 14.729335418631665, 53.43773408730636 ], [ 14.729335422100563, 53.437734087529918 ], [ 14.733670152858402, 53.437889258999746 ], [ 14.73367016709159, 53.43788925991646 ], [ 14.733670181114395, 53.437889261636897 ], [ 14.733670194799823, 53.437889264145475 ], [ 14.733670208023941, 53.437889267419479 ], [ 14.733670220666987, 53.437889271429249 ], [ 14.733670232614461, 53.437889276138478 ], [ 14.733670243758169, 53.437889281504518 ], [ 14.73367025399719, 53.437889287478789 ], [ 14.733670263238798, 53.437889294007164 ], [ 14.7336702713993, 53.437889301030516 ], [ 14.733670278404793, 53.437889308485261 ], [ 14.735612819517955, 53.440208426225368 ], [ 14.735612821225518, 53.440208428042219 ], [ 14.735612824694664, 53.440208428265599 ], [ 14.739947842722525, 53.440363376847422 ], [ 14.739947856956713, 53.440363377763411 ], [ 14.739947870980625, 53.440363379483131 ], [ 14.73994788466725, 53.440363381991006 ], [ 14.739947897892646, 53.440363385264362 ], [ 14.739947910537046, 53.440363389273465 ], [ 14.739947922485928, 53.440363393982103 ], [ 14.739947933631095, 53.440363399347575 ], [ 14.739947943871604, 53.440363405321335 ], [ 14.739947953114722, 53.440363411849241 ], [ 14.739947961276734, 53.440363418872217 ], [ 14.739947968283731, 53.440363426326606 ], [ 14.741890925926954, 53.442682405530299 ], [ 14.741890931716133, 53.442682413348564 ], [ 14.741890936234356, 53.44268242145997 ], [ 14.741890939440708, 53.442682429791077 ], [ 14.741890941306155, 53.442682438266431 ], [ 14.741890941813796, 53.442682446809286 ], [ 14.741890940959038, 53.442682455342265 ], [ 14.741890938749622, 53.442682463788096 ], [ 14.741890935205554, 53.442682472070281 ], [ 14.741890930358933, 53.442682480113845 ], [ 14.741890924253648, 53.442682487845914 ], [ 14.741890916944994, 53.442682495196479 ], [ 14.739498606564545, 53.444846673956391 ], [ 14.739498604783073, 53.44484667574784 ], [ 14.73949860619398, 53.444846677653345 ], [ 14.741441804976862, 53.447165755379757 ], [ 14.741441806684939, 53.447165757196544 ], [ 14.74144181015469, 53.447165757419761 ], [ 14.745777652489004, 53.447320511187471 ], [ 14.745777655978607, 53.447320511212659 ], [ 14.745777658037126, 53.447320509530314 ], [ 14.748169801737616, 53.445156201919836 ], [ 14.748169810182974, 53.445156195016892 ], [ 14.748169819689169, 53.44515618862448 ], [ 14.748169830170106, 53.445156182800496 ], [ 14.748169841530874, 53.44515617759766 ], [ 14.748169853668591, 53.445156173063125 ], [ 14.748169866473326, 53.445156169237926 ], [ 14.748169879829122, 53.445156166156728 ], [ 14.748169893615032, 53.445156163847408 ], [ 14.748169907706201, 53.445156162330903 ], [ 14.74816992197502, 53.445156161620936 ], [ 14.748169936292269, 53.445156161723943 ], [ 14.752505528744971, 53.445310664394576 ], [ 14.752505532234423, 53.445310664419559 ], [ 14.752505534292579, 53.445310662737086 ], [ 14.754897224038274, 53.443146210737709 ], [ 14.754897232482149, 53.443146203834253 ], [ 14.754897241986894, 53.44314619744128 ], [ 14.754897252466433, 53.443146191616663 ], [ 14.754897263825864, 53.443146186413159 ], [ 14.75489727596231, 53.443146181877914 ], [ 14.754897288765866, 53.443146178051975 ], [ 14.754897302120575, 53.443146174969989 ], [ 14.754897315905504, 53.443146172659873 ], [ 14.754897329995806, 53.443146171142558 ], [ 14.754897344263879, 53.443146170431774 ], [ 14.754897358580513, 53.44314617053395 ], [ 14.759232701075097, 53.443300422151999 ], [ 14.759232715310809, 53.4433004230657 ], [ 14.759232729336583, 53.443300424783203 ], [ 14.759232743025404, 53.443300427288897 ], [ 14.759232756253306, 53.443300430560143 ], [ 14.759232768900493, 53.44330043456727 ], [ 14.759232780852429, 53.443300439274033 ], [ 14.759232792000875, 53.443300444637764 ], [ 14.75923280224487, 53.443300450609925 ], [ 14.759232811491644, 53.443300457136417 ], [ 14.759232819657454, 53.443300464158121 ], [ 14.759232826668351, 53.443300471611465 ], [ 14.761177016492997, 53.445619203260925 ], [ 14.761177018201877, 53.445619205077442 ], [ 14.76117702167164, 53.445619205300083 ], [ 14.765512817475235, 53.445773239800914 ], [ 14.765512820964755, 53.44577323982552 ], [ 14.765512823022434, 53.445773238142813 ], [ 14.7679039377353, 53.443608471492475 ], [ 14.767903939515543, 53.443608469700571 ], [ 14.767903938103382, 53.443608467795379 ], [ 14.765959461306078, 53.441289839910347 ], [ 14.765959455512583, 53.441289832093176 ], [ 14.76595945098985, 53.441289823982586 ], [ 14.765959447778835, 53.441289815652027 ], [ 14.765959445908619, 53.441289807176958 ], [ 14.765959445396133, 53.441289798634124 ], [ 14.765959446246024, 53.441289790100882 ], [ 14.765959448450594, 53.441289781654504 ], [ 14.765959451989881, 53.441289773371501 ], [ 14.765959456831826, 53.441289765326879 ], [ 14.765959462932585, 53.441289757593488 ], [ 14.765959470236904, 53.44128975024136 ], [ 14.76835025218454, 53.439125009608745 ], [ 14.768350253964568, 53.439125007816841 ], [ 14.768350252552526, 53.439125005911649 ], [ 14.766405905460195, 53.436806343086822 ], [ 14.766405903751419, 53.43680634127039 ], [ 14.766405900282344, 53.436806341047912 ], [ 14.762071095373642, 53.43665235956766 ], [ 14.762071081140069, 53.436652358654342 ], [ 14.762071067116338, 53.436652356937223 ], [ 14.762071053429452, 53.436652354431878 ], [ 14.762071040203352, 53.43665235116098 ], [ 14.762071027557827, 53.436652347154187 ], [ 14.762071015607388, 53.436652342447751 ], [ 14.762071004460269, 53.43665233708429 ], [ 14.762070994217412, 53.436652331112398 ], [ 14.762070984971583, 53.436652324586142 ], [ 14.762070976806507, 53.436652317564644 ], [ 14.762070969796136, 53.436652310111469 ], [ 14.76012711374592, 53.43433359753525 ], [ 14.760127112037514, 53.434333595718734 ], [ 14.76012710856868, 53.434333595496071 ], [ 14.755792590528953, 53.434179391057761 ], [ 14.755792576296383, 53.43417939014369 ], [ 14.755792562273756, 53.434179388425868 ], [ 14.755792548588063, 53.434179385919826 ], [ 14.755792535363247, 53.43417938264826 ], [ 14.755792522719073, 53.43417937864082 ], [ 14.755792510770048, 53.43417937393378 ], [ 14.755792499624379, 53.434179368569765 ], [ 14.755792489383012, 53.434179362597348 ], [ 14.755792480138687, 53.434179356070644 ], [ 14.755792471975131, 53.434179349048748 ], [ 14.755792464966262, 53.434179341595218 ], [ 14.753849099854769, 53.431860579318446 ], [ 14.753849094064725, 53.431860571500749 ], [ 14.753849089545231, 53.431860563389755 ], [ 14.753849086337221, 53.431860555058925 ], [ 14.753849084469737, 53.431860546583714 ], [ 14.753849083959699, 53.431860538040844 ], [ 14.753849084811725, 53.43186052950773 ], [ 14.753849087018098, 53.431860521061616 ], [ 14.753849090558834, 53.431860512778997 ], [ 14.753849095401876, 53.431860504734864 ], [ 14.753849101503356, 53.431860497002098 ], [ 14.753849108808021, 53.431860489650724 ], [ 14.75623993757964, 53.429695991045506 ], [ 14.756239939359752, 53.42969598925378 ], [ 14.756239937948548, 53.42969598734846 ], [ 14.754296702275132, 53.427377190154523 ], [ 14.754296696485568, 53.427377182336855 ], [ 14.75429669196642, 53.427377174225875 ], [ 14.754296688758608, 53.427377165895052 ], [ 14.754296686891184, 53.427377157419848 ], [ 14.754296686381061, 53.427377148876985 ], [ 14.754296687232861, 53.427377140343843 ], [ 14.754296689438862, 53.427377131897721 ], [ 14.754296692979093, 53.427377123615067 ], [ 14.75429669782149, 53.427377115570913 ], [ 14.754296703922201, 53.427377107838105 ], [ 14.754296711225983, 53.42737710048668 ], [ 14.756687253171894, 53.425212586352586 ], [ 14.756687254951789, 53.425212584560839 ], [ 14.756687253540704, 53.425212582655533 ], [ 14.75474414727702, 53.422893750542016 ], [ 14.754744145569282, 53.422893748725436 ], [ 14.75474414210141, 53.422893748502638 ], [ 14.750410817912774, 53.42273937133622 ], [ 14.750410803684172, 53.422739370421581 ], [ 14.750410789665544, 53.422739368703212 ], [ 14.750410775983847, 53.422739366196616 ], [ 14.750410762762987, 53.422739362924524 ], [ 14.75041075012269, 53.422739358916587 ], [ 14.750410738177434, 53.422739354209071 ], [ 14.750410727035394, 53.422739348844615 ], [ 14.750410716797472, 53.422739342871814 ], [ 14.750410707556389, 53.422739336344733 ], [ 14.750410699395831, 53.422739329322511 ], [ 14.750410692389698, 53.422739321868725 ], [ 14.74846807673889, 53.420420440128325 ], [ 14.748468075031514, 53.420420438311652 ], [ 14.748468071563892, 53.420420438088669 ], [ 14.744135034157644, 53.420265838122972 ], [ 14.744135019930038, 53.420265837207616 ], [ 14.744135005912511, 53.420265835488507 ], [ 14.744134992232015, 53.420265832981208 ], [ 14.744134979012433, 53.420265829708455 ], [ 14.744134966373489, 53.420265825699879 ], [ 14.74413495442964, 53.420265820991759 ], [ 14.744134943289055, 53.420265815626742 ], [ 14.744134933052621, 53.420265809653429 ], [ 14.744134923813045, 53.420265803125901 ], [ 14.744134915653996, 53.420265796103259 ], [ 14.744134908649368, 53.420265788649132 ], [ 14.742192746267586, 53.417946812864159 ], [ 14.74219274456058, 53.417946811047408 ], [ 14.742192741093197, 53.417946810824262 ], [ 14.737859990507969, 53.417791988103268 ], [ 14.737859976281364, 53.417791987187179 ], [ 14.737859962264944, 53.417791985467368 ], [ 14.737859948585644, 53.417791982959372 ], [ 14.737859935367341, 53.417791979685937 ], [ 14.737859922729745, 53.417791975676721 ], [ 14.737859910787305, 53.41779197096799 ], [ 14.737859899648173, 53.417791965602426 ], [ 14.737859889413228, 53.417791959628595 ], [ 14.737859880175158, 53.417791953100597 ], [ 14.737859872017619, 53.417791946077564 ], [ 14.737859865014496, 53.417791938623097 ], [ 14.73591815581975, 53.415472868840205 ], [ 14.73591815411311, 53.415472867023361 ], [ 14.73591815064597, 53.415472866800037 ], [ 14.731585686920353, 53.415317821367772 ], [ 14.731585672694749, 53.415317820450959 ], [ 14.731585658679432, 53.415317818730429 ], [ 14.73158564500133, 53.415317816221737 ], [ 14.731585631784306, 53.415317812947634 ], [ 14.73158561914806, 53.415317808937772 ], [ 14.73158560720703, 53.415317804228437 ], [ 14.731585596069351, 53.415317798862318 ], [ 14.731585585835891, 53.415317792887976 ], [ 14.731585576599324, 53.415317786359523 ], [ 14.7315855684433, 53.415317779336078 ], [ 14.731585561441678, 53.415317771881277 ], [ 14.729644305351968, 53.412998608147085 ], [ 14.729644303645692, 53.412998606330156 ], [ 14.7296443001788, 53.412998606106655 ], [ 14.725312123351337, 53.41284333800715 ], [ 14.725312109126733, 53.412843337089605 ], [ 14.725312095112521, 53.41284333536835 ], [ 14.725312081435613, 53.412843332858962 ], [ 14.725312068219869, 53.412843329584192 ], [ 14.725312055584974, 53.412843325573697 ], [ 14.725312043645353, 53.412843320863757 ], [ 14.725312032509127, 53.412843315497071 ], [ 14.725312022277155, 53.412843309522223 ], [ 14.725312013042096, 53.412843302993302 ], [ 14.725312004887584, 53.412843295969466 ], [ 14.725311997887463, 53.412843288514324 ], [ 14.723371232035229, 53.410524075349322 ], [ 14.723371226253557, 53.410524067530289 ], [ 14.723371221741978, 53.410524059418279 ], [ 14.723371218541354, 53.41052405108676 ], [ 14.723371216680675, 53.410524042611172 ], [ 14.723371216176783, 53.410524034068288 ], [ 14.723371217034249, 53.410524025535487 ], [ 14.723371219245299, 53.410524017090012 ], [ 14.723371222789917, 53.410524008808345 ], [ 14.723371227636001, 53.410524000765506 ], [ 14.723371233739659, 53.410523993034332 ], [ 14.723371241045619, 53.410523985684833 ], [ 14.725762282036476, 53.408360141142779 ], [ 14.725762290477748, 53.40836013424132 ], [ 14.725762299978685, 53.408360127850578 ], [ 14.725762310453241, 53.408360122028405 ], [ 14.725762321806561, 53.408360116827552 ], [ 14.725762333935823, 53.408360112295107 ], [ 14.725762346731186, 53.408360108472124 ], [ 14.72576236007677, 53.408360105393228 ], [ 14.725762373851717, 53.408360103086274 ], [ 14.72576238793128, 53.408360101572178 ], [ 14.72576240218795, 53.408360100864662 ], [ 14.725762416492621, 53.408360100970114 ], [ 14.730094140357322, 53.408515343843199 ], [ 14.730094143843704, 53.408515343868764 ], [ 14.730094145900869, 53.408515342186654 ], [ 14.732484779842546, 53.406351311812564 ], [ 14.732484788282338, 53.406351304910594 ], [ 14.732484797781829, 53.406351298519283 ], [ 14.732484808254991, 53.406351292696492 ], [ 14.732484819606974, 53.406351287494964 ], [ 14.732484831734972, 53.406351282961815 ], [ 14.732484844529157, 53.406351279138086 ], [ 14.732484857873658, 53.406351276058409 ], [ 14.732484871647632, 53.406351273750673 ], [ 14.732484885726333, 53.406351272235767 ], [ 14.732484899982259, 53.40635127152742 ], [ 14.732484914286314, 53.406351271632055 ], [ 14.73681638898149, 53.406506263716722 ], [ 14.736816403204303, 53.406506264632853 ], [ 14.73681641721698, 53.406506266352729 ], [ 14.736816430892626, 53.406506268860767 ], [ 14.736816444107385, 53.406506272134251 ], [ 14.736816456741581, 53.406506276143517 ], [ 14.736816468680802, 53.406506280852291 ], [ 14.736816479816921, 53.406506286217898 ], [ 14.736816490049089, 53.406506292191779 ], [ 14.736816499284643, 53.406506298719798 ], [ 14.736816507439942, 53.40650630574288 ], [ 14.736816514441131, 53.406506313197376 ], [ 14.738757891144102, 53.408825363812234 ], [ 14.738757892850616, 53.408825365629028 ], [ 14.73875789631723, 53.408825365852273 ], [ 14.743089823835657, 53.408980141236349 ], [ 14.743089827322114, 53.408980141261537 ], [ 14.743089829378798, 53.408980139579192 ], [ 14.745479844206191, 53.406815836233378 ], [ 14.745479852644023, 53.406815829330462 ], [ 14.745479862141726, 53.406815822938064 ], [ 14.74547987261329, 53.406815817114101 ], [ 14.745479883963879, 53.406815811911322 ], [ 14.745479896090702, 53.406815807376823 ], [ 14.745479908883935, 53.406815803551673 ], [ 14.745479922227723, 53.406815800470518 ], [ 14.745479936001223, 53.406815798161276 ], [ 14.7454799500797, 53.406815796644828 ], [ 14.745479964335653, 53.406815795934925 ], [ 14.745479978639981, 53.406815796037996 ], [ 14.749811573718004, 53.406970317696512 ], [ 14.749811587941339, 53.406970318611116 ], [ 14.749811601954777, 53.406970320329464 ], [ 14.749811615631417, 53.406970322836038 ], [ 14.749811628847395, 53.40697032610808 ], [ 14.749811641483028, 53.40697033011601 ], [ 14.749811653423883, 53.406970334823505 ], [ 14.749811664561827, 53.406970340187947 ], [ 14.749811674795987, 53.40697034616074 ], [ 14.749811684033684, 53.406970352687807 ], [ 14.74981169219126, 53.406970359710023 ], [ 14.749811699194842, 53.406970367163808 ], [ 14.751753815440612, 53.409289220239316 ], [ 14.751753817147707, 53.409289222055932 ], [ 14.751753820614452, 53.409289222278794 ], [ 14.756085868361257, 53.409443527166005 ], [ 14.756085871847779, 53.409443527190817 ], [ 14.756085873903983, 53.409443525508244 ], [ 14.758475269371356, 53.407278949289839 ], [ 14.758475277807227, 53.407278942385958 ], [ 14.758475287303142, 53.407278935992494 ], [ 14.758475297773108, 53.407278930167365 ], [ 14.758475309122304, 53.407278924963308 ], [ 14.758475321247948, 53.407278920427466 ], [ 14.758475334040231, 53.407278916600895 ], [ 14.758475347383303, 53.407278913518283 ], [ 14.758475361156334, 53.407278911207513 ], [ 14.758475375234582, 53.407278909689531 ], [ 14.758475389490563, 53.407278908978071 ], [ 14.758475403795162, 53.407278909079601 ], [ 14.762807118894566, 53.407432960282542 ], [ 14.762807133118416, 53.407432961195603 ], [ 14.762807147132618, 53.407432962912445 ], [ 14.762807160810251, 53.407432965417534 ], [ 14.762807174027445, 53.407432968688177 ], [ 14.762807186664512, 53.40743297269475 ], [ 14.762807198607005, 53.40743297740098 ], [ 14.76280720974677, 53.407432982764234 ], [ 14.762807219982925, 53.407432988735948 ], [ 14.762807229222767, 53.407432995262042 ], [ 14.762807237382619, 53.407433002283419 ], [ 14.76280724438859, 53.407433009736479 ], [ 14.764750100061296, 53.409751665144093 ], [ 14.764750101768973, 53.409751666960538 ], [ 14.764750105235841, 53.409751667183023 ], [ 14.769082272849456, 53.40990550154401 ], [ 14.769082276336043, 53.409905501568446 ], [ 14.769082278391769, 53.409905499885632 ], [ 14.771471054253546, 53.407740650893835 ], [ 14.771471062687457, 53.407740643989001 ], [ 14.771471072181582, 53.407740637594465 ], [ 14.771471082649947, 53.407740631768156 ], [ 14.771471093997746, 53.407740626562841 ], [ 14.771471106122215, 53.407740622025649 ], [ 14.771471118913547, 53.407740618197671 ], [ 14.771471132255904, 53.407740615113589 ], [ 14.771471146028464, 53.407740612801305 ], [ 14.771471160106486, 53.407740611281774 ], [ 14.771471174362485, 53.407740610568773 ], [ 14.771471188667357, 53.407740610668725 ], [ 14.775803106494946, 53.407894194330396 ], [ 14.77580310998138, 53.407894194354625 ], [ 14.775803112036748, 53.407894192671691 ], [ 14.778191434904839, 53.405729199607471 ], [ 14.778191443337265, 53.40572919270214 ], [ 14.778191452829946, 53.405729186307035 ], [ 14.778191463296913, 53.405729180480108 ], [ 14.778191474643377, 53.405729175274125 ], [ 14.778191486766579, 53.405729170736222 ], [ 14.778191499556735, 53.405729166907491 ], [ 14.778191512898006, 53.405729163822635 ], [ 14.778191526669582, 53.405729161509562 ], [ 14.778191540746739, 53.405729159989214 ], [ 14.778191555001996, 53.405729159275388 ], [ 14.778191569306253, 53.405729159374538 ], [ 14.782523320336793, 53.405882495320157 ], [ 14.782523323823078, 53.405882495344201 ], [ 14.782523325878085, 53.405882493661132 ], [ 14.784911195791251, 53.403717356572969 ], [ 14.784911204222199, 53.403717349667119 ], [ 14.784911213713436, 53.403717343271452 ], [ 14.784911224179002, 53.403717337443908 ], [ 14.784911235524129, 53.403717332237257 ], [ 14.784911247646066, 53.403717327698644 ], [ 14.784911260435042, 53.403717323869174 ], [ 14.784911273775233, 53.403717320783542 ], [ 14.784911287545826, 53.403717318469674 ], [ 14.784911301622122, 53.403717316948509 ], [ 14.784911315876629, 53.40371731623388 ], [ 14.784911330180272, 53.403717316332191 ], [ 14.789242914332025, 53.403870404593746 ], [ 14.789242917818159, 53.403870404617578 ], [ 14.789242919872803, 53.403870402934409 ], [ 14.791630382648094, 53.401705080349252 ], [ 14.79163038442551, 53.401705078556923 ], [ 14.791630383013558, 53.401705076652007 ], [ 14.789686382795285, 53.399386835883412 ], [ 14.789686377002655, 53.399386828067385 ], [ 14.789686372479368, 53.399386819957641 ], [ 14.789686369266391, 53.399386811627657 ], [ 14.789686367392813, 53.399386803152865 ], [ 14.789686366875607, 53.39938679461001 ], [ 14.789686367719456, 53.399386786076441 ], [ 14.789686369916719, 53.399386777629445 ], [ 14.789686373447495, 53.39938676934554 ], [ 14.789686378279811, 53.399386761299731 ], [ 14.789686384369901, 53.39938675356489 ], [ 14.789686391662613, 53.399386746211057 ], [ 14.79207347698677, 53.397221491273278 ], [ 14.792073485415237, 53.397221484366874 ], [ 14.792073494903926, 53.397221477970596 ], [ 14.792073505366904, 53.397221472142363 ], [ 14.792073516709417, 53.39722146693498 ], [ 14.792073528828746, 53.397221462395585 ], [ 14.792073541615135, 53.397221458565291 ], [ 14.792073554952788, 53.397221455478807 ], [ 14.792073568720919, 53.397221453164043 ], [ 14.79207358279484, 53.397221451642004 ], [ 14.792073597047096, 53.397221450926459 ], [ 14.79207361134862, 53.397221451023874 ], [ 14.796404575722832, 53.397374266802089 ], [ 14.796404579208453, 53.397374266825707 ], [ 14.796404581262493, 53.397374265142375 ], [ 14.798791305371402, 53.395208783256621 ], [ 14.798791307148237, 53.395208781464177 ], [ 14.798791305736161, 53.39520877955934 ], [ 14.796847149407977, 53.39289060747889 ], [ 14.796847147699543, 53.392890605662899 ], [ 14.796847144233823, 53.392890605441366 ], [ 14.792516632556204, 53.392737814489202 ], [ 14.792516618336414, 53.392737813579785 ], [ 14.792516604325632, 53.392737811866503 ], [ 14.792516590650742, 53.392737809364867 ], [ 14.792516577435581, 53.392737806097557 ], [ 14.792516564799836, 53.39273780209416 ], [ 14.792516552857935, 53.392737797390915 ], [ 14.792516541718017, 53.392737792030445 ], [ 14.792516531480977, 53.392737786061247 ], [ 14.792516522239524, 53.392737779537406 ], [ 14.792516514077345, 53.392737772518004 ], [ 14.79251650706836, 53.392737765066641 ], [ 14.790572840658559, 53.390419543206441 ], [ 14.790572838950487, 53.390419541390358 ], [ 14.790572835485012, 53.390419541168647 ], [ 14.786242609539535, 53.390266527506874 ], [ 14.786242595320742, 53.390266526596719 ], [ 14.786242581311058, 53.390266524882719 ], [ 14.786242567637359, 53.390266522380401 ], [ 14.786242554423477, 53.390266519112409 ], [ 14.786242541789077, 53.39026651510838 ], [ 14.786242529848579, 53.39026651040453 ], [ 14.786242518710115, 53.390266505043492 ], [ 14.786242508474563, 53.390266499073775 ], [ 14.786242499234611, 53.390266492549493 ], [ 14.78624249107394, 53.390266485529686 ], [ 14.786242484066456, 53.390266478077976 ], [ 14.784299270211442, 53.387948162032963 ], [ 14.784299268503734, 53.387948160216787 ], [ 14.784299265038504, 53.387948159994906 ], [ 14.779969324863943, 53.387794923667435 ], [ 14.779969310646148, 53.387794922756541 ], [ 14.779969296637564, 53.387794921041824 ], [ 14.779969282965062, 53.387794918538802 ], [ 14.779969269752456, 53.387794915270142 ], [ 14.779969257119401, 53.387794911265473 ], [ 14.779969245180308, 53.387794906561034 ], [ 14.7799692340433, 53.387794901199413 ], [ 14.779969223809225, 53.387794895229199 ], [ 14.77996921457078, 53.387794888704441 ], [ 14.779969206411616, 53.38779488168425 ], [ 14.779969199405635, 53.387794874232192 ], [ 14.778026475275807, 53.385476508506585 ], [ 14.778026469487099, 53.385476500690061 ], [ 14.778026464967391, 53.385476492579947 ], [ 14.778026461757614, 53.385476484249693 ], [ 14.778026459886828, 53.385476475774745 ], [ 14.778026459371981, 53.385476467231875 ], [ 14.778026460217735, 53.38547645869842 ], [ 14.778026462416427, 53.385476450251659 ], [ 14.778026465948154, 53.385476441968102 ], [ 14.778026470780924, 53.385476433922761 ], [ 14.77802647687097, 53.385476426188504 ], [ 14.778026484163149, 53.38547641883536 ], [ 14.780413377161555, 53.383311348582112 ], [ 14.780413378938624, 53.383311346789945 ], [ 14.780413377527749, 53.383311344884916 ], [ 14.778470782745314, 53.38099294418133 ], [ 14.778470776957089, 53.380992936364827 ], [ 14.778470772437725, 53.380992928254727 ], [ 14.778470769228148, 53.380992919924488 ], [ 14.778470767357419, 53.380992911449546 ], [ 14.77847076684249, 53.380992902906662 ], [ 14.778470767688018, 53.380992894373186 ], [ 14.778470769886342, 53.380992885926425 ], [ 14.778470773417565, 53.380992877642846 ], [ 14.778470778249696, 53.380992869597478 ], [ 14.778470784338978, 53.380992861863163 ], [ 14.778470791630273, 53.380992854509977 ], [ 14.780857398900618, 53.37882776882811 ], [ 14.780857400677469, 53.378827767035943 ], [ 14.780857399266713, 53.378827765130929 ], [ 14.778914933803312, 53.376509329446947 ], [ 14.778914932096274, 53.376509327630714 ], [ 14.778914928632005, 53.376509327408698 ], [ 14.774586178809649, 53.376355918307901 ], [ 14.774586164595808, 53.376355917396431 ], [ 14.774586150591212, 53.37635591568116 ], [ 14.774586136922693, 53.376355913177605 ], [ 14.77458612371403, 53.376355909908426 ], [ 14.774586111084849, 53.376355905903246 ], [ 14.774586099149516, 53.376355901198323 ], [ 14.77458608801612, 53.376355895836276 ], [ 14.774586077785488, 53.376355889865678 ], [ 14.774586068550274, 53.376355883340558 ], [ 14.77458606039411, 53.376355876320041 ], [ 14.774586053390854, 53.376355868867705 ], [ 14.772644077328041, 53.37403738357672 ], [ 14.772644075621368, 53.374037381760388 ], [ 14.772644072157343, 53.374037381538194 ], [ 14.768315525018807, 53.373883746982607 ], [ 14.76831552153517, 53.373883746958207 ], [ 14.768315519481229, 53.373883748641056 ], [ 14.765928579322079, 53.376048577367854 ], [ 14.76592857089385, 53.376048584272432 ], [ 14.765928561406236, 53.37604859066667 ], [ 14.765928550945166, 53.376048596492652 ], [ 14.765928539605373, 53.376048601697619 ], [ 14.765928527489548, 53.376048606234434 ], [ 14.765928514707424, 53.376048610062 ], [ 14.765928501374749, 53.376048613145663 ], [ 14.765928487612266, 53.376048615457506 ], [ 14.765928473544619, 53.37604861697659 ], [ 14.765928459299197, 53.376048617689136 ], [ 14.765928445005011, 53.376048617588722 ], [ 14.761599814544406, 53.375894738522007 ], [ 14.761599811060616, 53.375894738497408 ], [ 14.761599809006315, 53.375894740180129 ], [ 14.759212416739103, 53.378059424932729 ], [ 14.759212408309397, 53.378059431836803 ], [ 14.759212398820342, 53.378059438230459 ], [ 14.759212388357875, 53.378059444055822 ], [ 14.759212377016748, 53.378059449260128 ], [ 14.759212364899662, 53.378059453796226 ], [ 14.759212352116361, 53.378059457623053 ], [ 14.759212338782605, 53.378059460705941 ], [ 14.759212325019146, 53.378059463016996 ], [ 14.75921231095063, 53.378059464535255 ], [ 14.759212296704467, 53.378059465246984 ], [ 14.759212282409667, 53.378059465145768 ], [ 14.754883568714217, 53.377905341548527 ], [ 14.75488355450041, 53.377905340634712 ], [ 14.754883540496234, 53.377905338917124 ], [ 14.754883526828502, 53.377905336411317 ], [ 14.754883513620998, 53.377905333139978 ], [ 14.75488350099333, 53.377905329132744 ], [ 14.754883489059857, 53.377905324425889 ], [ 14.754883477928651, 53.37790531906203 ], [ 14.754883467700513, 53.377905313089776 ], [ 14.754883458468077, 53.377905306563186 ], [ 14.754883450314948, 53.377905299541382 ], [ 14.754883443314963, 53.377905292087952 ], [ 14.75294249100957, 53.375586505817722 ], [ 14.752942489303692, 53.37558650400112 ], [ 14.752942485839673, 53.375586503778365 ], [ 14.748613975099925, 53.375432154780981 ], [ 14.748613960887118, 53.375432153866427 ], [ 14.748613946884038, 53.375432152148129 ], [ 14.7486139332175, 53.375432149641625 ], [ 14.748613920011275, 53.375432146369604 ], [ 14.748613907384952, 53.375432142361724 ], [ 14.748613895452882, 53.375432137654279 ], [ 14.748613884323126, 53.375432132289873 ], [ 14.748613874096476, 53.375432126317101 ], [ 14.748613864865538, 53.375432119790055 ], [ 14.748613856713916, 53.375432112767847 ], [ 14.748613849715435, 53.375432105314069 ], [ 14.746673349475024, 53.373113225138489 ], [ 14.746673347769512, 53.373113223321816 ], [ 14.746673344305735, 53.373113223098876 ], [ 14.742345119568695, 53.37295865169925 ], [ 14.742345105356888, 53.372958650783971 ], [ 14.74234509135491, 53.372958649064955 ], [ 14.742345077689567, 53.372958646557755 ], [ 14.742345064484613, 53.372958643285074 ], [ 14.74234505185964, 53.372958639276554 ], [ 14.742345039928976, 53.372958634568484 ], [ 14.742345028800671, 53.372958629203524 ], [ 14.742345018575499, 53.372958623230254 ], [ 14.742345009346064, 53.372958616702746 ], [ 14.742345001195952, 53.372958609680147 ], [ 14.742344994198968, 53.372958602226021 ], [ 14.740404983141856, 53.370639672660076 ], [ 14.740404977362019, 53.370639664841875 ], [ 14.740404972850968, 53.370639656730496 ], [ 14.740404969649555, 53.370639648399376 ], [ 14.740404967786773, 53.370639639923994 ], [ 14.740404967279494, 53.370639631381088 ], [ 14.740404968132308, 53.370639622848024 ], [ 14.740404970337496, 53.37063961440208 ], [ 14.740404973875087, 53.370639606119745 ], [ 14.740404978713041, 53.370639598076025 ], [ 14.74040498480754, 53.370639590343778 ], [ 14.740404992103405, 53.370639582993 ], [ 14.742792836770139, 53.368475325267561 ], [ 14.742792845200464, 53.368475318364659 ], [ 14.742792854689693, 53.368475311972304 ], [ 14.742792865151898, 53.368475306148383 ], [ 14.742792876492331, 53.368475300945626 ], [ 14.742792888608292, 53.368475296411162 ], [ 14.74279290139005, 53.368475292586069 ], [ 14.742792914721855, 53.368475289504985 ], [ 14.742792928482976, 53.368475287195778 ], [ 14.742792942548785, 53.368475285679402 ], [ 14.742792956791904, 53.368475284969563 ], [ 14.742792971083338, 53.368475285072719 ], [ 14.74712074389714, 53.368629831369063 ], [ 14.747120747380304, 53.368629831394074 ], [ 14.747120749434798, 53.368629829711608 ], [ 14.749508188030401, 53.366465386438335 ], [ 14.749508196459246, 53.36646537953493 ], [ 14.749508205947038, 53.366465373141992 ], [ 14.749508216407854, 53.366465367317439 ], [ 14.749508227746951, 53.36646536211402 ], [ 14.749508239861646, 53.366465357578868 ], [ 14.749508252642228, 53.366465353753028 ], [ 14.749508265972956, 53.366465350671156 ], [ 14.749508279733098, 53.366465348361167 ], [ 14.749508293798048, 53.366465346843967 ], [ 14.749508308040422, 53.366465346133317 ], [ 14.74950832233125, 53.366465346235636 ], [ 14.753835929181351, 53.36661964510224 ], [ 14.753835932664364, 53.366619645127052 ], [ 14.753835934718499, 53.366619643444473 ], [ 14.756222921489414, 53.364455056173334 ], [ 14.756222929916783, 53.364455049269424 ], [ 14.756222939403131, 53.364455042875925 ], [ 14.756222949862551, 53.36445503705076 ], [ 14.756222961200317, 53.364455031846674 ], [ 14.756222973313756, 53.36445502731079 ], [ 14.75622298609316, 53.364455023484219 ], [ 14.756222999422805, 53.364455020401579 ], [ 14.756223013181973, 53.36445501809078 ], [ 14.756223027246056, 53.364455016572776 ], [ 14.756223041487692, 53.36445501586131 ], [ 14.756223055777905, 53.364455015962811 ], [ 14.760550496582706, 53.364609067431516 ], [ 14.76055050006557, 53.364609067456122 ], [ 14.760550502119342, 53.364609065773429 ], [ 14.762937082865429, 53.362444293041861 ], [ 14.762937084642303, 53.362444291249936 ], [ 14.762937083232856, 53.362444289344737 ], [ 14.760996343515693, 53.360125635097262 ], [ 14.760996337733342, 53.360125627280013 ], [ 14.760996333219333, 53.360125619169338 ], [ 14.760996330014546, 53.360125610838701 ], [ 14.760996328148, 53.360125602363553 ], [ 14.760996327636597, 53.360125593820648 ], [ 14.760996328484973, 53.360125585287335 ], [ 14.760996330685442, 53.360125576840915 ], [ 14.760996334218079, 53.360125568557862 ], [ 14.760996339050891, 53.36012556051319 ], [ 14.760996345140107, 53.36012555277977 ], [ 14.76099635243059, 53.360125545427621 ], [ 14.763382601811351, 53.357960798722317 ], [ 14.763382603588004, 53.357960796930399 ], [ 14.763382602178678, 53.357960795025193 ], [ 14.761442028549833, 53.355642150289775 ], [ 14.761442022767962, 53.35564214247254 ], [ 14.761442018254298, 53.355642134361894 ], [ 14.76144201504971, 53.35564212603127 ], [ 14.761442013183219, 53.35564211755613 ], [ 14.761442012671735, 53.355642109013218 ], [ 14.761442013519883, 53.355642100479898 ], [ 14.761442015719981, 53.355642092033449 ], [ 14.761442019252113, 53.355642083750396 ], [ 14.761442024084285, 53.355642075705667 ], [ 14.76144203017274, 53.355642067972205 ], [ 14.761442037462338, 53.355642060620013 ], [ 14.763827955574941, 53.353477339945584 ], [ 14.763827963998837, 53.353477333041063 ], [ 14.763827973481547, 53.353477326646882 ], [ 14.763827983937189, 53.353477320820957 ], [ 14.763827995271075, 53.353477315616068 ], [ 14.763828007380564, 53.353477311079338 ], [ 14.763828020155991, 53.353477307251843 ], [ 14.763828033481655, 53.35347730416828 ], [ 14.763828047236883, 53.353477301856529 ], [ 14.763828061297104, 53.353477300337552 ], [ 14.763828075534985, 53.353477299625098 ], [ 14.763828089821587, 53.353477299725618 ], [ 14.7681544612444, 53.353631053880335 ], [ 14.768154464726383, 53.353631053904692 ], [ 14.768154466779313, 53.353631052221843 ], [ 14.770539979139475, 53.351466146184436 ], [ 14.770539987561902, 53.351466139279403 ], [ 14.770539997043167, 53.35146613288466 ], [ 14.770540007497415, 53.351466127058117 ], [ 14.770540018829969, 53.35146612185256 ], [ 14.770540030938198, 53.351466117315127 ], [ 14.770540043712447, 53.351466113486886 ], [ 14.770540057037035, 53.351466110402548 ], [ 14.770540070791286, 53.351466108089994 ], [ 14.770540084850646, 53.351466106570214 ], [ 14.770540099087784, 53.351466105856943 ], [ 14.770540113373773, 53.351466105956654 ], [ 14.774866235706565, 53.351619609916028 ], [ 14.774866249912197, 53.351619610827278 ], [ 14.774866263908734, 53.351619612542372 ], [ 14.774866277569423, 53.351619615045763 ], [ 14.774866290770547, 53.351619618314764 ], [ 14.774866303392558, 53.351619622319781 ], [ 14.77486631532115, 53.351619627024562 ], [ 14.774866326448292, 53.351619632386466 ], [ 14.774866336673218, 53.351619638356951 ], [ 14.774866345903325, 53.351619644881971 ], [ 14.77486635405503, 53.351619651902396 ], [ 14.774866361054508, 53.351619659354661 ], [ 14.77680750547885, 53.353938097224102 ], [ 14.776807507184946, 53.353938099040342 ], [ 14.776807510647371, 53.353938099262393 ], [ 14.781134084180183, 53.354091386773838 ], [ 14.781134087662231, 53.354091386797826 ], [ 14.781134089714682, 53.354091385114735 ], [ 14.783518984333229, 53.351926206925064 ], [ 14.783518992753697, 53.351926200019079 ], [ 14.783519002233181, 53.351926193623264 ], [ 14.783519012685833, 53.351926187795556 ], [ 14.783519024016995, 53.351926182588741 ], [ 14.783519036124046, 53.351926178049958 ], [ 14.78351904889735, 53.35192617422031 ], [ 14.783519062221222, 53.351926171134494 ], [ 14.783519075974999, 53.351926168820434 ], [ 14.78351909003413, 53.351926167299105 ], [ 14.78351910427129, 53.351926166584299 ], [ 14.783519118557548, 53.351926166682446 ], [ 14.78784544279422, 53.352079204023113 ], [ 14.787845446276119, 53.352079204046909 ], [ 14.787845448328211, 53.35207920236369 ], [ 14.790229891435013, 53.349913880442223 ], [ 14.790229899854005, 53.349913873535726 ], [ 14.790229909332044, 53.349913867139357 ], [ 14.790229919783306, 53.349913861311038 ], [ 14.790229931113135, 53.349913856103541 ], [ 14.790229943218927, 53.349913851564068 ], [ 14.790229955991052, 53.349913847733667 ], [ 14.790229969313842, 53.349913844647084 ], [ 14.790229983066647, 53.349913842332235 ], [ 14.790229997124914, 53.349913840810103 ], [ 14.790230011361331, 53.349913840094466 ], [ 14.790230025646974, 53.349913840191796 ], [ 14.794556183469643, 53.350066630334418 ], [ 14.794556186951393, 53.350066630358022 ], [ 14.794556189003124, 53.350066628674675 ], [ 14.79694022634942, 53.347901121544737 ], [ 14.796940228124249, 53.347901119752279 ], [ 14.796940226713712, 53.347901117847435 ], [ 14.794998226996128, 53.345582990400338 ], [ 14.794998221209283, 53.345582982584631 ], [ 14.794998216690125, 53.345582974475143 ], [ 14.794998213479584, 53.345582966145294 ], [ 14.794998211606728, 53.345582957670565 ], [ 14.794998211088522, 53.345582949127653 ], [ 14.794998211929659, 53.345582940593964 ], [ 14.794998214122524, 53.345582932146733 ], [ 14.794998217647253, 53.345582923862516 ], [ 14.794998222471925, 53.345582915816294 ], [ 14.794998228552853, 53.345582908080964 ], [ 14.794998235834962, 53.345582900726555 ], [ 14.797381942546203, 53.34341741976155 ], [ 14.797381944320819, 53.343417417969079 ], [ 14.797381942910395, 53.343417416064248 ], [ 14.795440109649437, 53.341099298046323 ], [ 14.795440103863074, 53.341099290230645 ], [ 14.795440099344258, 53.341099282121178 ], [ 14.795440096133921, 53.341099273791343 ], [ 14.795440094261124, 53.341099265316601 ], [ 14.795440093742837, 53.341099256773695 ], [ 14.79544009458375, 53.341099248239978 ], [ 14.795440096776247, 53.341099239792747 ], [ 14.795440100300473, 53.341099231508501 ], [ 14.795440105124513, 53.341099223462244 ], [ 14.795440111204677, 53.341099215726871 ], [ 14.795440118485903, 53.341099208372412 ], [ 14.79782349465898, 53.338933753576931 ], [ 14.797823503074508, 53.338933746669824 ], [ 14.797823512548916, 53.338933740272758 ], [ 14.797823522996405, 53.338933734443685 ], [ 14.797823534322355, 53.338933729235407 ], [ 14.797823546424205, 53.338933724695053 ], [ 14.797823559192352, 53.338933720863778 ], [ 14.797823572511167, 53.33893371777625 ], [ 14.79782358626003, 53.338933715460449 ], [ 14.797823600314436, 53.338933713937344 ], [ 14.797823614547104, 53.338933713220712 ], [ 14.797823628829139, 53.338933713317061 ], [ 14.802148717527649, 53.339086206760498 ], [ 14.802148721008518, 53.339086206783854 ], [ 14.802148723059407, 53.339086205100365 ], [ 14.804531693744341, 53.336920565193729 ], [ 14.804531702158396, 53.336920558286103 ], [ 14.804531711631364, 53.336920551888475 ], [ 14.80453172207746, 53.336920546058799 ], [ 14.804531733402079, 53.336920540849846 ], [ 14.804531745502668, 53.336920536308781 ], [ 14.804531758269638, 53.336920532476761 ], [ 14.804531771587374, 53.336920529388472 ], [ 14.804531785335261, 53.336920527071868 ], [ 14.804531799388805, 53.336920525547946 ], [ 14.804531813620729, 53.336920524830518 ], [ 14.804531827902148, 53.336920524926036 ], [ 14.80885675010151, 53.337072771316116 ], [ 14.80885675358223, 53.337072771339272 ], [ 14.808856755632759, 53.337072769655656 ], [ 14.811239320846257, 53.334906944679624 ], [ 14.811239322619929, 53.334906942886931 ], [ 14.811239321209143, 53.33490694098225 ], [ 14.809297085095315, 53.332589039357032 ], [ 14.809297079307447, 53.332589031541993 ], [ 14.809297074786787, 53.332589023432995 ], [ 14.809297071574269, 53.332589015103501 ], [ 14.809297069698994, 53.332589006628922 ], [ 14.809297069177941, 53.33258899808601 ], [ 14.809297070015825, 53.332588989552136 ], [ 14.809297072205066, 53.332588981104578 ], [ 14.809297075725832, 53.332588972819835 ], [ 14.809297080546239, 53.332588964772953 ], [ 14.809297086622633, 53.332588957036783 ], [ 14.809297093899987, 53.332588949681401 ], [ 14.811679328908907, 53.330423150930883 ], [ 14.811679330682361, 53.330423149138177 ], [ 14.811679329271691, 53.330423147233518 ], [ 14.809737222460702, 53.328105210553083 ], [ 14.809737220754149, 53.328105208737298 ], [ 14.809737217293589, 53.328105208516249 ], [ 14.805413197166066, 53.327953011557753 ], [ 14.805413182967438, 53.327953010650269 ], [ 14.805413168977189, 53.327953008938891 ], [ 14.805413155322018, 53.327953006439117 ], [ 14.805413142125591, 53.327953003173576 ], [ 14.805413129507416, 53.32795299917187 ], [ 14.805413117581766, 53.327952994470202 ], [ 14.805413106456639, 53.327952989111168 ], [ 14.80541309623279, 53.327952983143319 ], [ 14.805413087002801, 53.327952976620665 ], [ 14.80541307885027, 53.327952969602293 ], [ 14.805413071849019, 53.327952962151763 ], [ 14.80347145319681, 53.325634975850029 ], [ 14.803471451490623, 53.325634974034166 ], [ 14.803471448030301, 53.325634973812932 ], [ 14.799147629465228, 53.325482551706116 ], [ 14.799147625985475, 53.325482551682683 ], [ 14.799147623935156, 53.325482553366129 ], [ 14.79676505608272, 53.327648095737672 ], [ 14.796765047669348, 53.327648102644758 ], [ 14.796765038197384, 53.327648109041796 ], [ 14.796765027752601, 53.327648114870833 ], [ 14.796765016429596, 53.327648120079076 ], [ 14.796765004330906, 53.327648124619387 ], [ 14.796764991566103, 53.327648128450619 ], [ 14.796764978250785, 53.327648131538091 ], [ 14.796764964505538, 53.327648133853842 ], [ 14.796764950454836, 53.327648135376904 ], [ 14.796764936225932, 53.32764813609348 ], [ 14.796764921947684, 53.32764813599708 ], [ 14.792441019992081, 53.327495469847491 ], [ 14.792441016512175, 53.327495469823866 ], [ 14.792441014461497, 53.327495471507198 ], [ 14.790057950036818, 53.32966091183944 ], [ 14.790057948262504, 53.329660913631805 ], [ 14.790057949672175, 53.329660915536707 ], [ 14.791998999138546, 53.331979108706811 ], [ 14.791999004923126, 53.331979116522632 ], [ 14.791999009440405, 53.331979124632213 ], [ 14.791999012649478, 53.331979132962111 ], [ 14.791999014521286, 53.331979141436911 ], [ 14.79199901503887, 53.331979149979816 ], [ 14.79199901419755, 53.331979158513519 ], [ 14.791999012004945, 53.331979166960693 ], [ 14.791999008480904, 53.331979175244847 ], [ 14.791999003657351, 53.331979183290983 ], [ 14.791998997577963, 53.3319791910262 ], [ 14.791998990297794, 53.331979198380459 ], [ 14.789615732558389, 53.334144540295078 ], [ 14.789615724142552, 53.334144547201596 ], [ 14.789615714668052, 53.334144553598009 ], [ 14.78961570422069, 53.334144559426356 ], [ 14.789615692895078, 53.334144564633881 ], [ 14.789615680793792, 53.334144569173397 ], [ 14.789615668026411, 53.334144573003819 ], [ 14.789615654708568, 53.334144576090438 ], [ 14.789615640960863, 53.334144578405322 ], [ 14.789615626907805, 53.334144579927496 ], [ 14.789615612676654, 53.334144580643162 ], [ 14.789615598396297, 53.33414458054586 ], [ 14.785291079247752, 53.333991642571107 ], [ 14.785291075767335, 53.333991642547275 ], [ 14.785291073716051, 53.333991644230458 ], [ 14.78290731924522, 53.336156884033933 ], [ 14.782907310827909, 53.33615689093994 ], [ 14.782907301351967, 53.336156897335776 ], [ 14.782907290903216, 53.33615690316352 ], [ 14.782907279576275, 53.336156908370377 ], [ 14.782907267473727, 53.336156912909182 ], [ 14.782907254705174, 53.336156916738872 ], [ 14.782907241386248, 53.336156919824717 ], [ 14.782907227637569, 53.336156922138805 ], [ 14.782907213583645, 53.336156923660155 ], [ 14.782907199351756, 53.336156924375011 ], [ 14.782907185070783, 53.336156924276885 ], [ 14.77858258267293, 53.336003742172913 ], [ 14.778582568472377, 53.336003741262189 ], [ 14.778582554480755, 53.336003739547628 ], [ 14.778582540824775, 53.336003737044763 ], [ 14.778582527628107, 53.336003733776252 ], [ 14.778582515010264, 53.336003729771697 ], [ 14.778582503085518, 53.336003725067364 ], [ 14.778582491961853, 53.336003719705872 ], [ 14.778582481740015, 53.336003713735742 ], [ 14.778582472512571, 53.336003707211056 ], [ 14.778582464363083, 53.336003700190929 ], [ 14.778582457365356, 53.336003692738906 ], [ 14.77664197756407, 53.333685292766056 ], [ 14.776641975858745, 53.33368529094983 ], [ 14.776641972397957, 53.333685290727807 ], [ 14.772317572022834, 53.333531883497976 ], [ 14.772317557823273, 53.333531882586527 ], [ 14.772317543832749, 53.333531880871256 ], [ 14.772317530177959, 53.333531878367673 ], [ 14.772317516982566, 53.333531875098501 ], [ 14.772317504366063, 53.333531871093321 ], [ 14.772317492442717, 53.333531866388377 ], [ 14.772317481320497, 53.333531861026323 ], [ 14.772317471100139, 53.333531855055682 ], [ 14.772317461874193, 53.333531848530541 ], [ 14.77231745372621, 53.333531841510009 ], [ 14.772317446729982, 53.333531834057645 ], [ 14.770377455117673, 53.331213384652209 ], [ 14.770377449337209, 53.331213376835422 ], [ 14.770377444824156, 53.331213368725102 ], [ 14.770377441619384, 53.331213360394699 ], [ 14.770377439751915, 53.331213351919665 ], [ 14.770377439238663, 53.331213343376731 ], [ 14.770377440084273, 53.331213334843277 ], [ 14.770377442281092, 53.331213326396593 ], [ 14.770377445809221, 53.331213318113143 ], [ 14.770377450636712, 53.331213310067966 ], [ 14.77037745671984, 53.331213302333921 ], [ 14.770377464003523, 53.331213294981048 ], [ 14.77276155059109, 53.329048311705968 ], [ 14.77276155236609, 53.329048309913873 ], [ 14.772761550957222, 53.329048308008772 ], [ 14.770821650883489, 53.326729779168303 ], [ 14.770821649178677, 53.326729777351986 ], [ 14.770821645718488, 53.326729777129813 ], [ 14.766497981182457, 53.32657617269404 ], [ 14.766497966985364, 53.326576171781937 ], [ 14.766497952997376, 53.326576170066019 ], [ 14.766497939345166, 53.326576167561839 ], [ 14.766497926152375, 53.326576164292064 ], [ 14.766497913538476, 53.326576160286301 ], [ 14.766497901617701, 53.326576155580831 ], [ 14.766497890498011, 53.326576150218266 ], [ 14.766497880280104, 53.326576144247191 ], [ 14.766497871056517, 53.326576137721638 ], [ 14.766497862910777, 53.326576130700744 ], [ 14.76649785591666, 53.326576123248067 ], [ 14.764558443831612, 53.324257545034662 ], [ 14.764558442127166, 53.324257543218259 ], [ 14.764558438667221, 53.324257542995902 ], [ 14.760234976175456, 53.324103713541795 ], [ 14.760234972695898, 53.324103713517239 ], [ 14.76023497064415, 53.324103715199989 ], [ 14.757850552418974, 53.326268441936023 ], [ 14.757850543999742, 53.326268448840239 ], [ 14.757850534522435, 53.326268455234064 ], [ 14.757850524072875, 53.326268461059598 ], [ 14.757850512745701, 53.326268466264061 ], [ 14.757850500643487, 53.326268470800336 ], [ 14.757850487875841, 53.326268474627341 ], [ 14.757850474558385, 53.326268477710428 ], [ 14.757850460811719, 53.326268480021653 ], [ 14.757850446760342, 53.32626848154009 ], [ 14.757850432531502, 53.326268482252019 ], [ 14.757850418254058, 53.326268482150965 ], [ 14.753526872967832, 53.326114408611247 ], [ 14.753526869488125, 53.326114408586484 ], [ 14.753526867436015, 53.32611441026912 ], [ 14.751141998465377, 53.32827899322637 ], [ 14.751141990044671, 53.328279000130088 ], [ 14.751141980565924, 53.328279006523346 ], [ 14.751141970114976, 53.328279012348261 ], [ 14.751141958786469, 53.328279017552063 ], [ 14.751141946682997, 53.328279022087628 ], [ 14.751141933914178, 53.328279025913893 ], [ 14.751141920595643, 53.328279028996192 ], [ 14.751141906848005, 53.328279031306629 ], [ 14.751141892795767, 53.32827903282427 ], [ 14.751141878566187, 53.328279033535374 ], [ 14.751141864288133, 53.328279033433496 ], [ 14.746818153384154, 53.328124712828128 ], [ 14.7468181499043, 53.328124712803174 ], [ 14.746818147851833, 53.328124714485668 ], [ 14.744432828097338, 53.330289153615894 ], [ 14.74443281967516, 53.330289160519101 ], [ 14.744432810194972, 53.330289166911804 ], [ 14.744432799742633, 53.330289172736087 ], [ 14.744432788412798, 53.330289177939221 ], [ 14.744432776308074, 53.33028918247409 ], [ 14.744432763538081, 53.330289186299595 ], [ 14.744432750218465, 53.330289189381126 ], [ 14.744432736469852, 53.330289191690774 ], [ 14.744432722416752, 53.330289193207598 ], [ 14.744432708186435, 53.330289193917878 ], [ 14.744432693907768, 53.33028919381519 ], [ 14.740108817467398, 53.330134626112375 ], [ 14.740108813987394, 53.330134626087222 ], [ 14.740108811934569, 53.330134627769596 ], [ 14.737723041357862, 53.332298923024496 ], [ 14.737723032934207, 53.332298929927205 ], [ 14.737723023452586, 53.332298936319333 ], [ 14.737723012998854, 53.332298942143012 ], [ 14.737723001667689, 53.332298947345478 ], [ 14.737722989561705, 53.332298951879629 ], [ 14.737722976790538, 53.332298955704402 ], [ 14.737722963469844, 53.332298958785152 ], [ 14.737722949720258, 53.332298961094004 ], [ 14.7377229356663, 53.332298962610025 ], [ 14.737722921435243, 53.332298963319495 ], [ 14.737722907155964, 53.332298963215976 ], [ 14.733398865260609, 53.332144148383918 ], [ 14.733398861780453, 53.332144148358573 ], [ 14.733398859727266, 53.332144150040826 ], [ 14.73101263829002, 53.334308301372147 ], [ 14.731012629864892, 53.334308308274345 ], [ 14.731012620381831, 53.334308314665904 ], [ 14.731012609926708, 53.334308320488965 ], [ 14.731012598594214, 53.33430832569077 ], [ 14.731012586486974, 53.334308330224211 ], [ 14.731012573714636, 53.334308334048238 ], [ 14.731012560392864, 53.334308337128221 ], [ 14.731012546642303, 53.334308339436269 ], [ 14.731012532587481, 53.33430834095148 ], [ 14.731012518355685, 53.334308341660133 ], [ 14.731012504075798, 53.334308341555797 ], [ 14.726688296806897, 53.334153279562713 ], [ 14.726688293326594, 53.334153279537169 ], [ 14.726688291273049, 53.334153281219301 ], [ 14.724301618936964, 53.336317288578762 ], [ 14.724301610510366, 53.336317295480448 ], [ 14.724301601025859, 53.336317301871453 ], [ 14.72430159056935, 53.336317307693882 ], [ 14.724301579235522, 53.336317312895034 ], [ 14.72430156712703, 53.336317317427756 ], [ 14.724301554353517, 53.336317321251045 ], [ 14.724301541030668, 53.336317324330253 ], [ 14.724301527279133, 53.336317326637506 ], [ 14.72430151322345, 53.336317328151921 ], [ 14.724301498990917, 53.336317328859735 ], [ 14.724301484710415, 53.336317328754589 ], [ 14.719977112149454, 53.336162019568725 ], [ 14.719977108669003, 53.336162019542975 ], [ 14.719977106615099, 53.336162021224993 ], [ 14.717589937564586, 53.338325926057571 ], [ 14.717589935786908, 53.338325927848786 ], [ 14.717589937193559, 53.33832592975449 ], [ 14.719527351707896, 53.340645230690278 ], [ 14.719527357480091, 53.340645238509367 ], [ 14.719527361984271, 53.34064524662142 ], [ 14.719527365179644, 53.340645254953003 ], [ 14.71952736703728, 53.340645263428634 ], [ 14.719527367540344, 53.340645271971582 ], [ 14.719527366684295, 53.340645280504447 ], [ 14.719527364476873, 53.340645288949986 ], [ 14.719527360938073, 53.340645297231696 ], [ 14.719527356099947, 53.340645305274599 ], [ 14.719527350006302, 53.340645313005808 ], [ 14.719527342712331, 53.340645320355364 ], [ 14.717139979430783, 53.34280912657065 ], [ 14.717139971001714, 53.342809133471768 ], [ 14.717139961514674, 53.342809139862148 ], [ 14.717139951055579, 53.342809145683901 ], [ 14.71713993971915, 53.342809150884293 ], [ 14.717139927608052, 53.342809155416248 ], [ 14.717139914831961, 53.342809159238719 ], [ 14.717139901506588, 53.34280916231706 ], [ 14.717139887752602, 53.342809164623439 ], [ 14.717139873694558, 53.342809166136952 ], [ 14.717139859459783, 53.342809166843864 ], [ 14.71713984517717, 53.342809166737837 ], [ 14.71281485637045, 53.342653585069023 ], [ 14.712814852889485, 53.34265358504306 ], [ 14.712814850834977, 53.342653586724943 ], [ 14.710426944888729, 53.344817331831614 ], [ 14.710426943110471, 53.344817333622714 ], [ 14.710426944516996, 53.344817335528489 ], [ 14.712364238352134, 53.347136749269623 ], [ 14.712364244123808, 53.347136757089039 ], [ 14.712364248627226, 53.347136765201348 ], [ 14.712364251821606, 53.347136773533101 ], [ 14.712364253678023, 53.347136782008818 ], [ 14.712364254179661, 53.347136790551744 ], [ 14.712364253321974, 53.347136799084531 ], [ 14.712364251112735, 53.347136807529893 ], [ 14.71236424757195, 53.347136815811346 ], [ 14.712364242731681, 53.347136823853901 ], [ 14.71236423663577, 53.347136831584713 ], [ 14.712364229339414, 53.347136838933771 ], [ 14.709976128988961, 53.349300485401841 ], [ 14.709976120557419, 53.349300492302405 ], [ 14.70997611106784, 53.349300498692159 ], [ 14.709976100606159, 53.349300504513238 ], [ 14.709976089267128, 53.34930050971289 ], [ 14.709976077153426, 53.349300514244064 ], [ 14.709976064374763, 53.349300518065697 ], [ 14.70997605104686, 53.349300521143192 ], [ 14.709976037290421, 53.34930052344869 ], [ 14.70997602323002, 53.349300524961308 ], [ 14.709976008992998, 53.349300525667324 ], [ 14.70997599470828, 53.34930052556038 ], [ 14.705650389541114, 53.349144671290716 ], [ 14.705650386059638, 53.349144671264519 ], [ 14.705650384004528, 53.34914467294626 ], [ 14.703261740803036, 53.351308258226915 ], [ 14.703261739024194, 53.351308260017895 ], [ 14.703261740430593, 53.351308261923741 ], [ 14.705198950490404, 53.353627832966538 ], [ 14.705198952193381, 53.353627834783751 ], [ 14.705198955655295, 53.35362783500787 ], [ 14.709525012135616, 53.353783714586946 ], [ 14.709525026340131, 53.353783715505983 ], [ 14.709525040334318, 53.353783717228708 ], [ 14.709525053991438, 53.353783719739525 ], [ 14.709525067187812, 53.353783723015681 ], [ 14.70952507980393, 53.353783727027519 ], [ 14.709525091725538, 53.353783731738687 ], [ 14.709525102844673, 53.353783737106546 ], [ 14.709525113060639, 53.353783743082488 ], [ 14.709525122280915, 53.353783749612369 ], [ 14.709525130422008, 53.353783756637057 ], [ 14.709525137410187, 53.353783764092931 ], [ 14.711462761698261, 53.356103197090846 ], [ 14.711462763401601, 53.356103198907974 ], [ 14.711462766863757, 53.356103199131915 ], [ 14.715789109495319, 53.356258856607482 ], [ 14.715789123700837, 53.356258857525802 ], [ 14.715789137696124, 53.356258859247809 ], [ 14.715789151354436, 53.356258861757937 ], [ 14.715789164552085, 53.356258865033425 ], [ 14.715789177169547, 53.356258869044609 ], [ 14.715789189092561, 53.356258873755188 ], [ 14.715789200213145, 53.3562588791225 ], [ 14.715789210430589, 53.356258885097908 ], [ 14.71578921965237, 53.356258891627341 ], [ 14.715789227794968, 53.356258898651618 ], [ 14.715789234784644, 53.356258906107172 ], [ 14.717727273361424, 53.358578201017842 ], [ 14.717727279135531, 53.358578208837038 ], [ 14.717727283641073, 53.358578216949184 ], [ 14.71772728683724, 53.358578225280809 ], [ 14.717727288695098, 53.358578233756468 ], [ 14.717727289197816, 53.358578242299394 ], [ 14.717727288340845, 53.358578250832224 ], [ 14.717727286131947, 53.358578259277678 ], [ 14.71772728259112, 53.358578267559281 ], [ 14.717727277750434, 53.358578275602028 ], [ 14.717727271653724, 53.358578283333109 ], [ 14.717727264356208, 53.358578290682452 ], [ 14.715338757134596, 53.360742034348419 ], [ 14.715338748701534, 53.360742041249331 ], [ 14.715338739210093, 53.360742047639455 ], [ 14.715338728746225, 53.360742053460946 ], [ 14.715338717404695, 53.360742058661074 ], [ 14.715338705288218, 53.360742063192717 ], [ 14.715338692506517, 53.360742067014876 ], [ 14.715338679175346, 53.360742070092897 ], [ 14.71533866541543, 53.360742072398949 ], [ 14.715338651351392, 53.360742073912128 ], [ 14.715338637110593, 53.360742074618713 ], [ 14.715338622821996, 53.360742074512338 ], [ 14.711011911644944, 53.360586394744132 ], [ 14.711011897438125, 53.360586393825237 ], [ 14.711011883441648, 53.360586392102633 ], [ 14.711011869782276, 53.360586389591944 ], [ 14.711011856583703, 53.360586386315902 ], [ 14.711011843965455, 53.360586382304206 ], [ 14.711011832041816, 53.36058637759313 ], [ 14.71101182092076, 53.360586372225377 ], [ 14.711011810703001, 53.360586366249535 ], [ 14.711011801481076, 53.36058635971974 ], [ 14.711011793338496, 53.360586352695137 ], [ 14.711011786349005, 53.360586345239312 ], [ 14.709073996783028, 53.358266902608868 ], [ 14.709073995079704, 53.358266900791698 ], [ 14.709073991617391, 53.358266900567678 ], [ 14.704747483703215, 53.358110995676938 ], [ 14.704747469497395, 53.358110994757304 ], [ 14.704747455502019, 53.358110993033996 ], [ 14.704747441843843, 53.358110990522619 ], [ 14.704747428646543, 53.358110987245901 ], [ 14.704747416029646, 53.358110983233551 ], [ 14.70474740410741, 53.358110978521886 ], [ 14.704747392987803, 53.358110973153572 ], [ 14.704747382771524, 53.358110967177225 ], [ 14.704747373551102, 53.358110960646975 ], [ 14.704747365410027, 53.358110953621967 ], [ 14.704747358422035, 53.358110946165802 ], [ 14.702810020349116, 53.355791409955664 ], [ 14.70281001864616, 53.355791408138415 ], [ 14.702810015184088, 53.355791407914225 ], [ 14.698483793541099, 53.355635280928702 ], [ 14.698483779336273, 53.355635280008329 ], [ 14.698483765342003, 53.355635278284318 ], [ 14.698483751685018, 53.355635275772229 ], [ 14.698483738488996, 53.355635272494851 ], [ 14.698483725873443, 53.355635268481862 ], [ 14.69848371395261, 53.355635263769592 ], [ 14.698483702834453, 53.355635258400717 ], [ 14.698483692619659, 53.355635252423866 ], [ 14.698483683400733, 53.355635245893168 ], [ 14.698483675261166, 53.355635238867755 ], [ 14.698483668274669, 53.355635231411256 ], [ 14.696546781613064, 53.353315601667894 ], [ 14.696546779910475, 53.353315599850568 ], [ 14.696546776448649, 53.3533155996262 ], [ 14.692220758162183, 53.353159247590206 ], [ 14.692220754680404, 53.353159247563624 ], [ 14.692220752624577, 53.353159249245117 ], [ 14.68983125260773, 53.355322504562636 ], [ 14.68983124417176, 53.355322511461686 ], [ 14.689831234677859, 53.355322517849743 ], [ 14.689831224212009, 53.355322523668939 ], [ 14.689831212868979, 53.355322528866601 ], [ 14.689831200751509, 53.355322533395643 ], [ 14.689831187969324, 53.355322537215045 ], [ 14.689831174638188, 53.355322540290224 ], [ 14.689831160878825, 53.355322542593335 ], [ 14.689831146815846, 53.355322544103515 ], [ 14.689831132576609, 53.35532254480708 ], [ 14.689831118290062, 53.355322544697685 ], [ 14.685505100952993, 53.355165951230219 ], [ 14.685505086748696, 53.355165950308304 ], [ 14.685505072755188, 53.355165948582766 ], [ 14.685505059099196, 53.355165946069221 ], [ 14.685505045904398, 53.355165942790421 ], [ 14.68550503329028, 53.355165938776089 ], [ 14.68550502137108, 53.355165934062548 ], [ 14.685505010254746, 53.3551659286925 ], [ 14.685505000041941, 53.355165922714569 ], [ 14.685504990825157, 53.355165916182905 ], [ 14.685504982687865, 53.355165909156653 ], [ 14.685504975703751, 53.355165901699429 ], [ 14.683568826779162, 53.352846075339528 ], [ 14.683568825077151, 53.352846073522031 ], [ 14.683568821615451, 53.352846073297272 ], [ 14.679243007789006, 53.352689254830288 ], [ 14.679242993585705, 53.352689253907641 ], [ 14.679242979593296, 53.352689252181399 ], [ 14.679242965938501, 53.352689249667158 ], [ 14.679242952744978, 53.352689246387691 ], [ 14.679242940132205, 53.352689242372719 ], [ 14.679242928214412, 53.352689237658574 ], [ 14.679242917099529, 53.352689232287965 ], [ 14.679242906888206, 53.352689226309529 ], [ 14.679242897672923, 53.35268921977741 ], [ 14.679242889537134, 53.352689212750761 ], [ 14.679242882554519, 53.35268920529321 ], [ 14.677307184915799, 53.350369285525687 ], [ 14.677307183214154, 53.350369283708098 ], [ 14.677307179752695, 53.350369283483182 ], [ 14.672981569486703, 53.350212240049096 ], [ 14.672981566005211, 53.350212240021946 ], [ 14.672981563948793, 53.35021224170309 ], [ 14.670591283047223, 53.3523750955491 ], [ 14.67059127460883, 53.352375102446736 ], [ 14.670591265112813, 53.352375108833222 ], [ 14.670591254645174, 53.352375114650691 ], [ 14.670591243300709, 53.352375119846499 ], [ 14.670591231182156, 53.352375124373566 ], [ 14.670591218399265, 53.352375128190886 ], [ 14.670591205067796, 53.352375131263898 ], [ 14.670591191308478, 53.352375133564784 ], [ 14.670591177245925, 53.352375135072698 ], [ 14.670591163007485, 53.352375135773976 ], [ 14.670591148722103, 53.352375135662292 ], [ 14.666265456763261, 53.352217847791437 ], [ 14.666265453281619, 53.352217847764102 ], [ 14.666265451224843, 53.352217849445118 ], [ 14.663874719081218, 53.354380558884579 ], [ 14.663874710641343, 53.354380565781717 ], [ 14.663874701143888, 53.354380572167628 ], [ 14.663874690674861, 53.354380577984479 ], [ 14.663874679329066, 53.354380583179619 ], [ 14.66387466720926, 53.354380587705968 ], [ 14.663874654425195, 53.354380591522535 ], [ 14.663874641092647, 53.354380594594787 ], [ 14.663874627332355, 53.354380596894877 ], [ 14.663874613268945, 53.354380598401974 ], [ 14.66387459902977, 53.354380599102434 ], [ 14.663874584743777, 53.354380598989934 ], [ 14.659548728228163, 53.354223063640752 ], [ 14.65954872474637, 53.354223063613205 ], [ 14.659548722689236, 53.354223065294107 ], [ 14.657157493410383, 53.356385671747084 ], [ 14.657157491629421, 53.356385673537325 ], [ 14.65715749303388, 53.356385675443704 ], [ 14.659092330616746, 53.358705904403081 ], [ 14.659092336379949, 53.358705912224899 ], [ 14.659092340874219, 53.358705920339034 ], [ 14.659092344058848, 53.358705928672016 ], [ 14.659092345905005, 53.358705937148336 ], [ 14.659092346395962, 53.35870594569127 ], [ 14.659092345527272, 53.358705954223439 ], [ 14.65909234330681, 53.358705962667578 ], [ 14.659092339754677, 53.358705970947213 ], [ 14.659092334903052, 53.358705978987359 ], [ 14.659092328795859, 53.358705986715194 ], [ 14.659092321488414, 53.358705994060763 ], [ 14.656700897055611, 53.360868501726451 ], [ 14.656700888613264, 53.360868508623014 ], [ 14.656700879113268, 53.360868515008278 ], [ 14.656700868641652, 53.360868520824475 ], [ 14.65670085729325, 53.360868526018862 ], [ 14.656700845170837, 53.360868530544415 ], [ 14.656700832384196, 53.360868534360172 ], [ 14.656700819049123, 53.36086853743155 ], [ 14.656700805286379, 53.360868539730767 ], [ 14.656700791220608, 53.360868541236975 ], [ 14.656700776979187, 53.360868541936533 ], [ 14.656700762691093, 53.360868541823109 ], [ 14.652374290322685, 53.360710733341243 ], [ 14.652374286840381, 53.360710733313482 ], [ 14.652374284782642, 53.360710734994228 ], [ 14.64998236305598, 53.362873139601362 ], [ 14.64998235461216, 53.362873146497421 ], [ 14.64998234511072, 53.362873152882138 ], [ 14.649982334637713, 53.362873158697688 ], [ 14.649982323287983, 53.362873163891422 ], [ 14.649982311164317, 53.362873168416264 ], [ 14.649982298376498, 53.362873172231275 ], [ 14.649982285040346, 53.362873175301878 ], [ 14.649982271276633, 53.362873177600292 ], [ 14.64998225721, 53.362873179105698 ], [ 14.649982242967846, 53.362873179804431 ], [ 14.649982228679141, 53.362873179690204 ], [ 14.645655674846196, 53.362715126658472 ], [ 14.645655660640518, 53.362715125731775 ], [ 14.645655646646428, 53.362715124001554 ], [ 14.645655632990653, 53.362715121483426 ], [ 14.645655619796866, 53.362715118200228 ], [ 14.645655607184542, 53.362715114181718 ], [ 14.645655595267913, 53.362715109464233 ], [ 14.645655584154889, 53.36271510409054 ], [ 14.64565557394612, 53.362715098109277 ], [ 14.645655564734051, 53.362715091574621 ], [ 14.645655556602106, 53.362715084545755 ], [ 14.645655549623935, 53.362715077086335 ], [ 14.643721286011115, 53.360394642082241 ], [ 14.643721284310551, 53.360394640264204 ], [ 14.643721280848517, 53.360394640038294 ], [ 14.639394848192648, 53.360236359030445 ], [ 14.639394844710415, 53.360236359002307 ], [ 14.639394842652194, 53.360236360682833 ], [ 14.637002305160895, 53.362398492012893 ], [ 14.637002296715124, 53.362398498907993 ], [ 14.63700228721191, 53.36239850529163 ], [ 14.637002276737316, 53.362398511106022 ], [ 14.637002265386203, 53.362398516298484 ], [ 14.63700225326137, 53.362398520821976 ], [ 14.637002240472613, 53.36239852463558 ], [ 14.637002227135762, 53.36239852770472 ], [ 14.637002213371588, 53.36239853000162 ], [ 14.637002199304741, 53.362398531505484 ], [ 14.637002185062618, 53.362398532202661 ], [ 14.637002170774196, 53.362398532086871 ], [ 14.632675656851021, 53.362240006507619 ], [ 14.632675653368636, 53.362240006479283 ], [ 14.632675651310061, 53.362240008159688 ], [ 14.630282662387142, 53.364401994841579 ], [ 14.630282653939894, 53.364402001736167 ], [ 14.630282644435239, 53.364402008119249 ], [ 14.630282633959254, 53.36440201393301 ], [ 14.630282622606812, 53.364402019124796 ], [ 14.630282610480721, 53.364402023647578 ], [ 14.630282597690798, 53.364402027460443 ], [ 14.630282584352864, 53.364402030528801 ], [ 14.63028257058772, 53.364402032824898 ], [ 14.630282556520015, 53.364402034327945 ], [ 14.630282542277158, 53.364402035024312 ], [ 14.630282527988127, 53.364402034907719 ], [ 14.625955932885235, 53.364243264737908 ], [ 14.625955918679612, 53.364243263808852 ], [ 14.625955904685952, 53.364243262076315 ], [ 14.625955891030985, 53.364243259555948 ], [ 14.625955877838368, 53.364243256270605 ], [ 14.625955865227578, 53.36424325225002 ], [ 14.625955853312826, 53.364243247530609 ], [ 14.625955842202004, 53.364243242155119 ], [ 14.625955831995737, 53.364243236172229 ], [ 14.625955822786457, 53.364243229636095 ], [ 14.625955814657564, 53.364243222605943 ], [ 14.625955807682667, 53.364243215145429 ], [ 14.624022607058393, 53.361922525533103 ], [ 14.624022601301318, 53.361922517709715 ], [ 14.624022596813491, 53.361922509594393 ], [ 14.624022593635567, 53.361922501260615 ], [ 14.624022591796317, 53.36192249278389 ], [ 14.624022591312395, 53.361922484240949 ], [ 14.624022592188188, 53.361922475709193 ], [ 14.624022594415766, 53.361922467265849 ], [ 14.624022597974951, 53.361922458987415 ], [ 14.624022602833515, 53.361922450948832 ], [ 14.624022608947454, 53.36192244322293 ], [ 14.624022616261403, 53.361922435879663 ], [ 14.626415769271166, 53.359760577925115 ], [ 14.626415771053543, 53.359760576135365 ], [ 14.626415769650373, 53.359760574228659 ], [ 14.624482695979665, 53.357439849944036 ], [ 14.624482690223061, 53.357439842120677 ], [ 14.624482685735575, 53.357439834005369 ], [ 14.624482682557842, 53.357439825671612 ], [ 14.624482680718643, 53.35743981719488 ], [ 14.624482680234628, 53.357439808651954 ], [ 14.624482681110187, 53.357439800120169 ], [ 14.624482683337391, 53.357439791676811 ], [ 14.624482686896064, 53.357439783398348 ], [ 14.624482691753984, 53.357439775359722 ], [ 14.624482697867153, 53.357439767633792 ], [ 14.624482705180212, 53.357439760290468 ], [ 14.626875570889496, 53.355277886369883 ], [ 14.626875572671652, 53.355277884580119 ], [ 14.626875571268602, 53.355277882673413 ], [ 14.624942624523914, 53.352957123714084 ], [ 14.624942622824449, 53.352957121895791 ], [ 14.624942619363146, 53.352957121669348 ], [ 14.620617131209862, 53.352798178231673 ], [ 14.620617117008189, 53.352798177302063 ], [ 14.620617103018514, 53.352798175568978 ], [ 14.620617089367524, 53.352798173048079 ], [ 14.620617076178846, 53.35279816976221 ], [ 14.620617063571917, 53.352798165741142 ], [ 14.62061705166091, 53.352798161021262 ], [ 14.620617040553691, 53.352798155645353 ], [ 14.620617030350846, 53.35279814966205 ], [ 14.620617021144783, 53.352798143125568 ], [ 14.620617013018864, 53.35279813609511 ], [ 14.620617006046682, 53.352798128634333 ], [ 14.618684547516644, 53.350477321117822 ], [ 14.618684545817542, 53.350477319299458 ], [ 14.618684542356483, 53.35047731907283 ], [ 14.614359258520581, 53.350318150847386 ], [ 14.614359255039213, 53.350318150818538 ], [ 14.614359252980538, 53.350318152498616 ], [ 14.611966059532641, 53.352479768999977 ], [ 14.611966051084977, 53.352479775893279 ], [ 14.611966041580423, 53.352479782274898 ], [ 14.611966031105057, 53.352479788087059 ], [ 14.611966019753735, 53.352479793277141 ], [ 14.61196600762927, 53.352479797798097 ], [ 14.611965994841457, 53.352479801609029 ], [ 14.611965981506103, 53.35247980467539 ], [ 14.611965967743973, 53.352479806969441 ], [ 14.611965953679707, 53.352479808470399 ], [ 14.611965939440669, 53.352479809164635 ], [ 14.611965925155806, 53.352479809045924 ], [ 14.607640643451829, 53.352320399359989 ], [ 14.607640629250691, 53.352320398428851 ], [ 14.607640615261785, 53.352320396694246 ], [ 14.607640601611799, 53.352320394171883 ], [ 14.607640588424347, 53.3523203908846 ], [ 14.607640575818857, 53.352320386862182 ], [ 14.60764056390949, 53.352320382141052 ], [ 14.607640552804098, 53.352320376763949 ], [ 14.607640542603253, 53.35232037077958 ], [ 14.607640533399332, 53.352320364242139 ], [ 14.607640525275686, 53.352320357210843 ], [ 14.607640518305896, 53.352320349749341 ], [ 14.605708835235397, 53.349999390894304 ], [ 14.605708829483218, 53.34999938307012 ], [ 14.605708825000047, 53.349999374954187 ], [ 14.605708821826484, 53.349999366620011 ], [ 14.605708819991269, 53.349999358143066 ], [ 14.605708819511021, 53.349999349600111 ], [ 14.605708820390092, 53.349999341068546 ], [ 14.605708822620519, 53.349999332625615 ], [ 14.6057088261821, 53.349999324347763 ], [ 14.605708831042589, 53.349999316309955 ], [ 14.605708837157962, 53.349999308585005 ], [ 14.605708844472842, 53.349999301242882 ], [ 14.608102201610354, 53.347837813454738 ], [ 14.608102203392956, 53.347837811665258 ], [ 14.608102201990981, 53.347837809758353 ], [ 14.60617060846884, 53.345516771757644 ], [ 14.606170606770469, 53.345516769939096 ], [ 14.606170603309899, 53.345516769712127 ], [ 14.601845977038048, 53.34535716120407 ], [ 14.601845962839382, 53.345357160272279 ], [ 14.601845948853018, 53.345357158537048 ], [ 14.601845935205617, 53.345357156014074 ], [ 14.601845922020773, 53.345357152726201 ], [ 14.601845909417889, 53.345357148703208 ], [ 14.601845897511096, 53.345357143981545 ], [ 14.601845886408228, 53.345357138603951 ], [ 14.601845876209829, 53.345357132619142 ], [ 14.601845867008265, 53.345357126081296 ], [ 14.601845858886863, 53.345357119049638 ], [ 14.601845851919171, 53.345357111587845 ], [ 14.599914746339472, 53.343036025174584 ], [ 14.599914744641467, 53.34303602335595 ], [ 14.599914741181138, 53.343036023128803 ], [ 14.595590402278376, 53.34287619301864 ], [ 14.595590388080714, 53.342876192086131 ], [ 14.595590374095455, 53.342876190350182 ], [ 14.595590360449251, 53.342876187826505 ], [ 14.595590347265679, 53.342876184537964 ], [ 14.595590334664143, 53.342876180514345 ], [ 14.595590322758758, 53.342876175792085 ], [ 14.595590311657338, 53.34287617041393 ], [ 14.595590301460422, 53.34287616442861 ], [ 14.59559029226036, 53.342876157890309 ], [ 14.59559028414046, 53.342876150858253 ], [ 14.595590277174264, 53.342876143396126 ], [ 14.593659659433687, 53.340555008620797 ], [ 14.593659653684924, 53.34055500079608 ], [ 14.593659649204961, 53.340554992679763 ], [ 14.59365964603437, 53.34055498434531 ], [ 14.593659644201859, 53.34055497586823 ], [ 14.593659643724024, 53.340554967325289 ], [ 14.5936596446052, 53.340554958793838 ], [ 14.5936596468374, 53.340554950351141 ], [ 14.59365965040041, 53.34055494207368 ], [ 14.593659655261961, 53.34055493403639 ], [ 14.59365966137803, 53.34055492631208 ], [ 14.593659668693228, 53.340554918970675 ], [ 14.596053065444114, 53.33839367254636 ], [ 14.596053067226791, 53.33839367075705 ], [ 14.596053065825652, 53.338393668850031 ], [ 14.594122537397304, 53.336072454947427 ], [ 14.59412253569981, 53.336072453128722 ], [ 14.594122532240085, 53.336072452901412 ], [ 14.589798931421296, 53.335912427212371 ], [ 14.589798917226105, 53.335912426279229 ], [ 14.589798903243388, 53.335912424542663 ], [ 14.589798889599768, 53.335912422018367 ], [ 14.589798876418806, 53.33591241872923 ], [ 14.589798863819869, 53.335912414705057 ], [ 14.589798851917053, 53.335912409982257 ], [ 14.589798840818158, 53.335912404603619 ], [ 14.589798830623694, 53.335912398617843 ], [ 14.589798821425985, 53.335912392079145 ], [ 14.589798813308322, 53.33591238504674 ], [ 14.589798806344227, 53.335912377584293 ], [ 14.587868765554054, 53.333591115379008 ], [ 14.587868763856923, 53.333591113560217 ], [ 14.587868760397441, 53.333591113332744 ], [ 14.583545446940716, 53.333430866164697 ], [ 14.583545432746531, 53.333430865230817 ], [ 14.583545418764917, 53.333430863493533 ], [ 14.583545405122495, 53.333430860968555 ], [ 14.583545391942806, 53.333430857678763 ], [ 14.583545379345217, 53.333430853653937 ], [ 14.583545367443808, 53.33343084893054 ], [ 14.583545356346363, 53.333430843551362 ], [ 14.583545346153379, 53.333430837565068 ], [ 14.583545336957167, 53.333430831025908 ], [ 14.583545328841012, 53.333430823993098 ], [ 14.583545321878409, 53.333430816530331 ], [ 14.581615768623106, 53.331109506072821 ], [ 14.581615762877762, 53.331109498247592 ], [ 14.581615758401007, 53.331109490130864 ], [ 14.581615755233384, 53.33110948179614 ], [ 14.581615753403574, 53.331109473318925 ], [ 14.581615752928155, 53.331109464775984 ], [ 14.581615753811429, 53.331109456244654 ], [ 14.581615756045393, 53.33110944780222 ], [ 14.581615759609829, 53.331109439525129 ], [ 14.581615764472442, 53.33110943148835 ], [ 14.581615770589204, 53.331109423764659 ], [ 14.581615777904716, 53.331109416424006 ], [ 14.584009167828688, 53.328948452730152 ], [ 14.584009176275877, 53.328948445838826 ], [ 14.584009185779045, 53.328948439459381 ], [ 14.584009196252119, 53.328948433649629 ], [ 14.584009207600261, 53.328948428462148 ], [ 14.5840092197207, 53.328948423943935 ], [ 14.584009232503668, 53.328948420135916 ], [ 14.584009245833398, 53.328948417072567 ], [ 14.584009259589182, 53.328948414781607 ], [ 14.584009273646439, 53.328948413283818 ], [ 14.584009287877869, 53.328948412592752 ], [ 14.584009302154586, 53.328948412714659 ], [ 14.588332165135675, 53.329108633873844 ], [ 14.588332168615249, 53.329108633903431 ], [ 14.588332170673853, 53.329108632223793 ], [ 14.590725201965371, 53.326947440884275 ], [ 14.590725203747764, 53.326947439095044 ], [ 14.590725202347214, 53.326947437187961 ], [ 14.58879548790693, 53.324626194790632 ], [ 14.588795482161055, 53.32462618696573 ], [ 14.588795477683528, 53.324626178849257 ], [ 14.588795474514896, 53.324626170514712 ], [ 14.588795472683861, 53.324626162037575 ], [ 14.588795472207, 53.324626153494606 ], [ 14.588795473088634, 53.324626144963197 ], [ 14.588795475320776, 53.324626136520585 ], [ 14.588795478883213, 53.324626128243246 ], [ 14.588795483743686, 53.324626120206112 ], [ 14.588795489858173, 53.324626112481994 ], [ 14.588795497171301, 53.324626105140851 ], [ 14.591188195375125, 53.322464939160817 ], [ 14.591188197157303, 53.322464937371571 ], [ 14.59118819575686, 53.322464935464502 ], [ 14.589258607438564, 53.320143658455734 ], [ 14.589258605741875, 53.320143656636994 ], [ 14.589258602283467, 53.320143656409563 ], [ 14.584936557018462, 53.319983484178969 ], [ 14.584936553539638, 53.319983484149297 ], [ 14.584936551481364, 53.319983485828885 ], [ 14.582543690216584, 53.322144523171652 ], [ 14.58254368177057, 53.322144530062914 ], [ 14.582543672268764, 53.322144536442245 ], [ 14.582543661797217, 53.322144542251927 ], [ 14.582543650450763, 53.322144547439287 ], [ 14.582543638332155, 53.322144551957393 ], [ 14.582543625551136, 53.322144555765298 ], [ 14.582543612223461, 53.322144558828541 ], [ 14.582543598469822, 53.322144561119359 ], [ 14.582543584414774, 53.322144562617034 ], [ 14.582543570185608, 53.322144563307965 ], [ 14.58254355591118, 53.322144563185937 ], [ 14.578221513402164, 53.32198414973989 ], [ 14.578221499211923, 53.321984148805448 ], [ 14.578221485234284, 53.32198414706761 ], [ 14.578221471595826, 53.3219841445421 ], [ 14.578221458420071, 53.321984141251797 ], [ 14.57822144582633, 53.321984137226487 ], [ 14.578221433928661, 53.321984132502642 ], [ 14.578221422834806, 53.321984127123002 ], [ 14.578221412645238, 53.321984121136339 ], [ 14.578221403452236, 53.321984114596823 ], [ 14.578221395339042, 53.321984107563708 ], [ 14.578221388379143, 53.321984100100671 ], [ 14.576292574453458, 53.319662672271257 ], [ 14.576292572757348, 53.319662670452338 ], [ 14.576292569299072, 53.319662670224538 ], [ 14.57197064830803, 53.319502029301105 ], [ 14.571970644829277, 53.319502029271057 ], [ 14.571970642770529, 53.319502030950417 ], [ 14.569577168431977, 53.321662794865695 ], [ 14.569577159984023, 53.321662801755998 ], [ 14.569577150480448, 53.321662808134256 ], [ 14.569577140007324, 53.321662813942773 ], [ 14.569577128659496, 53.321662819128861 ], [ 14.56957711653973, 53.321662823645617 ], [ 14.569577103757782, 53.321662827452123 ], [ 14.569577090429414, 53.321662830513887 ], [ 14.569577076675321, 53.321662832803206 ], [ 14.569577062620068, 53.321662834299325 ], [ 14.569577048390942, 53.321662834988715 ], [ 14.569577034116799, 53.32166283486513 ], [ 14.56525503320108, 53.321501949635106 ], [ 14.565255029722183, 53.321501949604851 ], [ 14.565255027663072, 53.321501951284084 ], [ 14.562861057247151, 53.323662611794354 ], [ 14.56286105546376, 53.323662613583146 ], [ 14.56286105686295, 53.32366261549052 ], [ 14.564789296004133, 53.325984248482868 ], [ 14.564789301745707, 53.325984256308828 ], [ 14.564789306218744, 53.325984264426118 ], [ 14.564789309382734, 53.325984272761204 ], [ 14.564789311209024, 53.325984281238618 ], [ 14.564789311681077, 53.325984289781573 ], [ 14.564789310794611, 53.325984298312711 ], [ 14.564789308557657, 53.325984306754762 ], [ 14.564789304990477, 53.325984315031299 ], [ 14.564789300125371, 53.325984323067352 ], [ 14.564789294006401, 53.325984330790128 ], [ 14.564789286688983, 53.325984338129715 ], [ 14.56239512057766, 53.328144899603586 ], [ 14.562395112127232, 53.328144906493314 ], [ 14.562395102621121, 53.328144912870947 ], [ 14.562395092145417, 53.32814491867876 ], [ 14.562395080794984, 53.32814492386413 ], [ 14.562395068672618, 53.328144928380098 ], [ 14.562395055888102, 53.328144932185765 ], [ 14.56239504255721, 53.328144935246677 ], [ 14.562395028800669, 53.328144937535114 ], [ 14.562395014743069, 53.328144939030338 ], [ 14.562395000511705, 53.328144939718825 ], [ 14.562394986235471, 53.328144939594324 ], [ 14.558072372335449, 53.32798378079292 ], [ 14.558072368856037, 53.327983780762459 ], [ 14.558072366796324, 53.327983782441549 ], [ 14.555677704450055, 53.330144240438372 ], [ 14.555677695998156, 53.330144247327581 ], [ 14.555677686490608, 53.33014425370466 ], [ 14.555677676013516, 53.330144259511847 ], [ 14.555677664661758, 53.330144264696536 ], [ 14.555677652538142, 53.330144269211793 ], [ 14.555677639752455, 53.330144273016728 ], [ 14.555677626420495, 53.330144276076851 ], [ 14.55567761266299, 53.3301442783645 ], [ 14.555677598604534, 53.330144279858914 ], [ 14.555677584372443, 53.330144280546577 ], [ 14.5556775700956, 53.330144280421251 ], [ 14.551354876415051, 53.329982877227565 ], [ 14.551354862222931, 53.329982876289911 ], [ 14.551354848243967, 53.32998287454889 ], [ 14.551354834604751, 53.329982872020281 ], [ 14.551354821428804, 53.329982868726987 ], [ 14.551354808835445, 53.329982864698856 ], [ 14.551354796938726, 53.329982859972318 ], [ 14.551354785846383, 53.329982854590234 ], [ 14.551354775658872, 53.329982848601297 ], [ 14.551354766468449, 53.329982842059763 ], [ 14.551354758358347, 53.329982835024886 ], [ 14.551354751402013, 53.329982827560379 ], [ 14.549427087523172, 53.32766098947215 ], [ 14.549427085827929, 53.327660987652862 ], [ 14.549427082369197, 53.327660987424274 ], [ 14.545104510659494, 53.327499356751211 ], [ 14.545104507180151, 53.327499356720367 ], [ 14.545104505119969, 53.32749935839923 ], [ 14.542709229879168, 53.329659542680815 ], [ 14.54270922142533, 53.329659549569072 ], [ 14.542709211916018, 53.329659555945064 ], [ 14.542709201437347, 53.329659561751086 ], [ 14.542709190084221, 53.329659566934517 ], [ 14.542709177959447, 53.329659571448417 ], [ 14.542709165172834, 53.329659575251945 ], [ 14.542709151840178, 53.329659578310597 ], [ 14.542709138082222, 53.329659580596726 ], [ 14.542709124023558, 53.329659582089612 ], [ 14.542709109791511, 53.329659582775719 ], [ 14.542709095514962, 53.329659582648844 ], [ 14.538386444221706, 53.329497707562325 ], [ 14.538386440742217, 53.329497707531274 ], [ 14.538386438681675, 53.329497709210024 ], [ 14.53599071312218, 53.331657748462582 ], [ 14.535990704666869, 53.331657755350314 ], [ 14.535990695156119, 53.331657761725758 ], [ 14.535990684676065, 53.331657767531141 ], [ 14.535990673321608, 53.331657772713911 ], [ 14.535990661195585, 53.3316577772271 ], [ 14.535990648407806, 53.331657781029882 ], [ 14.53599063507408, 53.331657784087753 ], [ 14.535990621315159, 53.331657786373086 ], [ 14.535990607255645, 53.331657787865161 ], [ 14.53599059302287, 53.331657788550451 ], [ 14.535990578745716, 53.331657788422767 ], [ 14.531667765063638, 53.33149566579349 ], [ 14.531667761584, 53.331495665762255 ], [ 14.531667759523099, 53.331495667440862 ], [ 14.529271537656784, 53.333655603033307 ], [ 14.529271535871574, 53.333655604821551 ], [ 14.529271537269544, 53.333655606729302 ], [ 14.531198337358751, 53.335977752335388 ], [ 14.53119834309531, 53.335977760162862 ], [ 14.531198347562823, 53.335977768281282 ], [ 14.531198350720828, 53.335977776617128 ], [ 14.531198352540725, 53.335977785094919 ], [ 14.531198353006037, 53.335977793637866 ], [ 14.531198352112549, 53.335977802168593 ], [ 14.531198349868347, 53.335977810609869 ], [ 14.53119834629376, 53.335977818885205 ], [ 14.53119834142116, 53.335977826919738 ], [ 14.531198335294674, 53.335977834640616 ], [ 14.531198327969783, 53.335977841977964 ], [ 14.528801863940545, 53.338137719855872 ], [ 14.528801862155115, 53.338137721644109 ], [ 14.528801863553195, 53.338137723551867 ], [ 14.530728862939073, 53.340459923728233 ], [ 14.530728864633977, 53.340459925547776 ], [ 14.530728868093613, 53.340459925776933 ], [ 14.535052582726491, 53.340622101044389 ], [ 14.535052596921666, 53.340622101984074 ], [ 14.535052610903314, 53.340622103727064 ], [ 14.535052624544821, 53.340622106257584 ], [ 14.535052637722645, 53.340622109552719 ], [ 14.535052650317448, 53.340622113582604 ], [ 14.535052662215165, 53.340622118310776 ], [ 14.535052673308053, 53.340622123694402 ], [ 14.535052683495651, 53.340622129684718 ], [ 14.535052692685699, 53.340622136227495 ], [ 14.535052700794973, 53.340622143263452 ], [ 14.535052707750024, 53.340622150728905 ], [ 14.536980083820145, 53.342944169371428 ], [ 14.536980089558648, 53.342944177198653 ], [ 14.536980094027925, 53.342944185316895 ], [ 14.536980097187504, 53.34294419365262 ], [ 14.536980099008776, 53.34294420213034 ], [ 14.536980099475242, 53.342944210673281 ], [ 14.536980098582676, 53.342944219204071 ], [ 14.536980096339171, 53.342944227645461 ], [ 14.536980092765035, 53.342944235920996 ], [ 14.536980087892639, 53.342944243955742 ], [ 14.536980081766105, 53.342944251676926 ], [ 14.536980074440921, 53.342944259014622 ], [ 14.534583484660837, 53.345104249441263 ], [ 14.534583482875334, 53.345104251229586 ], [ 14.534583484273893, 53.345104253137272 ], [ 14.536511096766908, 53.347426370864845 ], [ 14.536511098462324, 53.347426372684311 ], [ 14.536511101922562, 53.347426372913311 ], [ 14.540835555446856, 53.347588353136153 ], [ 14.540835569644505, 53.347588354075206 ], [ 14.540835583628699, 53.347588355817564 ], [ 14.540835597272787, 53.347588358347465 ], [ 14.54083561045322, 53.347588361642003 ], [ 14.540835623050624, 53.347588365671335 ], [ 14.540835634950916, 53.347588370398974 ], [ 14.540835646046327, 53.347588375782109 ], [ 14.54083565623637, 53.347588381771992 ], [ 14.540835665428769, 53.347588388314364 ], [ 14.540835673540279, 53.347588395349973 ], [ 14.54083568049743, 53.34758840281512 ], [ 14.542763706826554, 53.349910383477557 ], [ 14.542763708522333, 53.349910385296944 ], [ 14.542763711982815, 53.349910385525767 ], [ 14.547088453706539, 53.350072144332586 ], [ 14.547088467905194, 53.350072145270907 ], [ 14.547088481890494, 53.350072147012547 ], [ 14.547088495535785, 53.350072149541774 ], [ 14.547088508717493, 53.350072152835644 ], [ 14.547088521316249, 53.350072156864329 ], [ 14.547088533217945, 53.35007216159137 ], [ 14.547088544314805, 53.350072166973952 ], [ 14.547088554506336, 53.350072172963316 ], [ 14.547088563700235, 53.350072179505254 ], [ 14.547088571813248, 53.350072186540459 ], [ 14.547088578771895, 53.350072194005264 ], [ 14.54901701899831, 53.352394037560266 ], [ 14.549017024740223, 53.35239404538698 ], [ 14.549017029212706, 53.352394053504838 ], [ 14.549017032375252, 53.3523940618403 ], [ 14.54901703419922, 53.352394070317885 ], [ 14.549017034668095, 53.352394078860819 ], [ 14.549017033777629, 53.35239408739173 ], [ 14.549017031535888, 53.352394095833368 ], [ 14.549017027963167, 53.352394104109294 ], [ 14.549017023091826, 53.352394112144545 ], [ 14.549017016965987, 53.352394119866361 ], [ 14.549017009641112, 53.352394127204796 ], [ 14.546620456939017, 53.354554359082613 ], [ 14.546620455153594, 53.354554360871113 ], [ 14.546620456552981, 53.354554362778686 ], [ 14.548549133519691, 53.356876305387033 ], [ 14.548549135215982, 53.356876307206349 ], [ 14.548549138677071, 53.356876307435009 ], [ 14.552874619584498, 53.357037871009403 ], [ 14.552874633785635, 53.357037871947078 ], [ 14.552874647773479, 53.3570378736881 ], [ 14.552874661421352, 53.357037876216708 ], [ 14.552874674605672, 53.357037879509988 ], [ 14.552874687207025, 53.357037883538119 ], [ 14.552874699111298, 53.357037888264628 ], [ 14.552874710210686, 53.357037893646719 ], [ 14.552874720404663, 53.357037899635635 ], [ 14.552874729600919, 53.357037906177148 ], [ 14.552874737716168, 53.357037913212025 ], [ 14.552874744676917, 53.357037920676532 ], [ 14.554803835743824, 53.359359726116693 ], [ 14.554803837440481, 53.359359727935932 ], [ 14.554803840901812, 53.359359728164407 ], [ 14.55912961001644, 53.359521070199534 ], [ 14.559129624218576, 53.359521071136484 ], [ 14.559129638207525, 53.359521072876795 ], [ 14.559129651856605, 53.3595210754047 ], [ 14.559129665042198, 53.35952107869732 ], [ 14.559129677644904, 53.359521082724832 ], [ 14.559129689550586, 53.359521087450737 ], [ 14.559129700651422, 53.35952109283226 ], [ 14.559129710846886, 53.359521098820672 ], [ 14.559129720044639, 53.359521105361736 ], [ 14.559129728161393, 53.359521112396216 ], [ 14.559129735123641, 53.359521119860375 ], [ 14.561059277354387, 53.361842832610442 ], [ 14.561059279051406, 53.361842834429581 ], [ 14.561059282512982, 53.361842834657907 ], [ 14.565385339797421, 53.362003955109664 ], [ 14.56538535400056, 53.362003956045896 ], [ 14.565385367990618, 53.36200395778549 ], [ 14.565385381640894, 53.362003960312698 ], [ 14.56538539482777, 53.362003963604657 ], [ 14.565385407431824, 53.362003967631509 ], [ 14.565385419338915, 53.362003972356831 ], [ 14.5653854304412, 53.362003977737807 ], [ 14.565385440638147, 53.362003983725707 ], [ 14.565385449837406, 53.362003990266309 ], [ 14.565385457955667, 53.362003997300398 ], [ 14.565385464919409, 53.362004004764223 ], [ 14.567315458396381, 53.364325624777756 ], [ 14.567315460093766, 53.36432562659683 ], [ 14.567315463555587, 53.364325626824964 ], [ 14.571641891933904, 53.36448652873316 ], [ 14.571641895416324, 53.364486528763287 ], [ 14.57164189747736, 53.36448652708399 ], [ 14.574037798113306, 53.362325779768852 ], [ 14.574037806568992, 53.362325772878435 ], [ 14.574037816081331, 53.362325766500007 ], [ 14.574037826564172, 53.362325760691341 ], [ 14.574037837922591, 53.36232575550504 ], [ 14.57403785005372, 53.362325750988091 ], [ 14.574037862847694, 53.362325747181366 ], [ 14.574037876188656, 53.362325744119367 ], [ 14.574037889955783, 53.362325741829807 ], [ 14.574037904024394, 53.362325740333439 ], [ 14.574037918267088, 53.362325739643794 ], [ 14.574037932554882, 53.362325739767122 ], [ 14.57836403175801, 53.362486387750451 ], [ 14.578364045961683, 53.362486388685127 ], [ 14.578364059952515, 53.362486390423214 ], [ 14.578364073603801, 53.362486392948959 ], [ 14.578364086791908, 53.362486396239504 ], [ 14.578364099397406, 53.36248640026502 ], [ 14.578364111306142, 53.362486404989063 ], [ 14.578364122410258, 53.362486410368867 ], [ 14.578364132609204, 53.362486416355701 ], [ 14.57836414181061, 53.362486422895351 ], [ 14.578364149931151, 53.362486429928566 ], [ 14.578364156897281, 53.362486437391695 ], [ 14.58029485271256, 53.364807817341287 ], [ 14.580294858461842, 53.364807825166643 ], [ 14.580294862941519, 53.364807833283443 ], [ 14.580294866111013, 53.364807841618209 ], [ 14.580294867941619, 53.364807850095424 ], [ 14.580294868416765, 53.364807858638351 ], [ 14.580294867532144, 53.364807867169624 ], [ 14.580294865295766, 53.364807875611952 ], [ 14.580294861727889, 53.364807883888901 ], [ 14.580294856860821, 53.364807891925523 ], [ 14.580294850738641, 53.364807899649001 ], [ 14.580294843416791, 53.364807906989419 ], [ 14.577899152039421, 53.366968741722054 ], [ 14.577899143583384, 53.366968748612742 ], [ 14.577899134070529, 53.366968754991454 ], [ 14.577899123587013, 53.366968760800454 ], [ 14.577899112227774, 53.366968765987096 ], [ 14.577899100095685, 53.366968770504428 ], [ 14.577899087300612, 53.366968774311545 ], [ 14.577899073958433, 53.366968777373934 ], [ 14.577899060189978, 53.366968779663921 ], [ 14.57789904611993, 53.366968781160722 ], [ 14.577899031875713, 53.366968781850794 ], [ 14.577899017586327, 53.366968781727891 ], [ 14.573572384074588, 53.366808104575092 ], [ 14.573572380591973, 53.366808104545008 ], [ 14.573572378530894, 53.366808106224347 ], [ 14.571176189804753, 53.368968837384422 ], [ 14.571176181347235, 53.36896884427459 ], [ 14.571176171832944, 53.368968850652756 ], [ 14.571176161348038, 53.368968856461123 ], [ 14.571176149987469, 53.368968861647097 ], [ 14.571176137854124, 53.368968866163733 ], [ 14.571176125057884, 53.368968869970068 ], [ 14.57117611171463, 53.368968873031712 ], [ 14.571176097945203, 53.368968875320881 ], [ 14.571176083874299, 53.368968876816872 ], [ 14.571176069629352, 53.36896887750612 ], [ 14.571176055339359, 53.368968877382414 ], [ 14.566849258534001, 53.368807952430153 ], [ 14.566849255051237, 53.368807952399877 ], [ 14.566849252989797, 53.368807954079088 ], [ 14.564452612815183, 53.370968540181259 ], [ 14.564452604356193, 53.370968547070916 ], [ 14.564452594840462, 53.370968553448506 ], [ 14.564452584354164, 53.370968559256262 ], [ 14.564452572992268, 53.370968564441554 ], [ 14.564452560857667, 53.370968568957473 ], [ 14.564452548060256, 53.370968572763076 ], [ 14.564452534715928, 53.370968575823937 ], [ 14.564452520945531, 53.370968578112311 ], [ 14.564452506873772, 53.370968579607492 ], [ 14.564452492628092, 53.37096858029593 ], [ 14.564452478337499, 53.370968580171386 ], [ 14.5601256012934, 53.370807410480261 ], [ 14.560125587087487, 53.370807409543332 ], [ 14.560125573094812, 53.370807407803078 ], [ 14.56012555944209, 53.370807405275215 ], [ 14.560125546252969, 53.370807401982638 ], [ 14.560125533646888, 53.370807397955183 ], [ 14.560125521738007, 53.370807393229299 ], [ 14.560125510634183, 53.370807387847812 ], [ 14.560125500435966, 53.370807381859436 ], [ 14.560125491235715, 53.3708073753184 ], [ 14.560125483116748, 53.370807368283963 ], [ 14.560125476152596, 53.370807360819825 ], [ 14.558195607780519, 53.368485628106832 ], [ 14.558195606083371, 53.368485626287644 ], [ 14.558195602621277, 53.36848562605924 ], [ 14.553868847971618, 53.368324228529119 ], [ 14.553868844488923, 53.368324228498459 ], [ 14.553868842427011, 53.368324230177436 ], [ 14.551471587697646, 53.370484542248612 ], [ 14.551471579236706, 53.370484549137323 ], [ 14.551471569719205, 53.370484555513833 ], [ 14.551471559231326, 53.370484561320403 ], [ 14.551471547868053, 53.370484566504437 ], [ 14.551471535732293, 53.370484571019006 ], [ 14.551471522933952, 53.370484574823202 ], [ 14.55147150958893, 53.370484577882578 ], [ 14.551471495818079, 53.370484580169453 ], [ 14.551471481746118, 53.370484581663092 ], [ 14.551471467500479, 53.37048458234996 ], [ 14.551471453210169, 53.370484582223881 ], [ 14.547144618519386, 53.370322939933608 ], [ 14.547144615036546, 53.370322939902749 ], [ 14.547144612974273, 53.370322941581591 ], [ 14.544746906804036, 53.372483108474455 ], [ 14.544746898341627, 53.372483115362662 ], [ 14.544746888822681, 53.372483121738597 ], [ 14.544746878333415, 53.372483127544548 ], [ 14.544746866968813, 53.372483132727915 ], [ 14.544746854831796, 53.372483137241773 ], [ 14.544746842032284, 53.372483141045215 ], [ 14.544746828686188, 53.372483144103818 ], [ 14.544746814914372, 53.372483146389889 ], [ 14.544746800841553, 53.372483147882711 ], [ 14.544746786595185, 53.372483148568762 ], [ 14.544746772304272, 53.372483148441844 ], [ 14.540419857660318, 53.372321261372448 ], [ 14.540419843454469, 53.372321260433189 ], [ 14.540419829462239, 53.372321258690604 ], [ 14.540419815810337, 53.372321256160497 ], [ 14.540419802622402, 53.372321252865767 ], [ 14.540419790017864, 53.372321248836251 ], [ 14.540419778110873, 53.372321244108448 ], [ 14.540419767009258, 53.372321238725164 ], [ 14.540419756813554, 53.372321232735146 ], [ 14.540419747616106, 53.372321226192646 ], [ 14.540419739500196, 53.37232121915693 ], [ 14.540419732539329, 53.372321211691698 ], [ 14.538490892554583, 53.369999180912195 ], [ 14.538490890858242, 53.369999179092751 ], [ 14.538490887396163, 53.369999178863779 ], [ 14.534164095422328, 53.369837063990083 ], [ 14.534164091939557, 53.369837063958833 ], [ 14.534164089876816, 53.369837065637441 ], [ 14.531765769444471, 53.371996958329127 ], [ 14.531765760980111, 53.371996965216361 ], [ 14.531765751459401, 53.37199697159123 ], [ 14.531765740968551, 53.371996977396002 ], [ 14.531765729602574, 53.371996982578111 ], [ 14.531765717464404, 53.371996987090611 ], [ 14.531765704663963, 53.37199699089264 ], [ 14.531765691317172, 53.371996993949779 ], [ 14.531765677544904, 53.37199699623433 ], [ 14.53176566347188, 53.371996997725617 ], [ 14.531765649225553, 53.371996998410118 ], [ 14.531765634934937, 53.371996998281659 ], [ 14.527438763205623, 53.371834638607616 ], [ 14.527438759722706, 53.371834638576182 ], [ 14.527438757659604, 53.371834640254669 ], [ 14.525039939793587, 53.37399442906198 ], [ 14.525039938006415, 53.373994430850111 ], [ 14.525039939405406, 53.373994432757918 ], [ 14.526968238904743, 53.376316713349581 ], [ 14.526968240600821, 53.376316715169196 ], [ 14.526968244063331, 53.376316715398524 ], [ 14.53129556728554, 53.376479101438328 ], [ 14.531295581492504, 53.376479102378696 ], [ 14.531295595485654, 53.37647910412236 ], [ 14.531295609138267, 53.376479106653541 ], [ 14.531295622326711, 53.376479109949294 ], [ 14.531295634931535, 53.376479113979777 ], [ 14.531295646838597, 53.376479118708502 ], [ 14.531295657940065, 53.376479124092626 ], [ 14.5312956681354, 53.376479130083418 ], [ 14.53129567733227, 53.376479136626607 ], [ 14.531295685447384, 53.376479143662934 ], [ 14.531295692407262, 53.376479151128663 ], [ 14.533224369498862, 53.378801250074368 ], [ 14.533224375241112, 53.378801257901848 ], [ 14.533224379713033, 53.378801266020247 ], [ 14.533224382874126, 53.378801274356078 ], [ 14.533224384695769, 53.378801282833841 ], [ 14.533224385161457, 53.378801291376746 ], [ 14.533224384266976, 53.378801299907437 ], [ 14.533224382020434, 53.378801308348663 ], [ 14.533224378442164, 53.378801316623985 ], [ 14.533224373564575, 53.378801324658447 ], [ 14.533224367431842, 53.378801332379282 ], [ 14.533224360099506, 53.378801339716574 ], [ 14.530825508119616, 53.380961158386476 ], [ 14.530825499653247, 53.380961165273597 ], [ 14.530825490130317, 53.380961171648337 ], [ 14.530825479637064, 53.380961177452967 ], [ 14.530825468268525, 53.380961182634927 ], [ 14.530825456127651, 53.380961187147271 ], [ 14.530825443324389, 53.380961190949144 ], [ 14.530825429974694, 53.380961194006105 ], [ 14.530825416199455, 53.380961196290492 ], [ 14.530825402123423, 53.380961197781616 ], [ 14.530825387874083, 53.380961198465933 ], [ 14.53082537358047, 53.380961198337282 ], [ 14.526497598745459, 53.380798785926196 ], [ 14.526497595261811, 53.380798785894712 ], [ 14.526497593198215, 53.380798787573184 ], [ 14.524098243547154, 53.382958502312611 ], [ 14.524098235079311, 53.382958509199213 ], [ 14.52409822555494, 53.382958515573399 ], [ 14.524098215060299, 53.382958521377411 ], [ 14.524098203690434, 53.382958526558703 ], [ 14.524098191548303, 53.382958531070315 ], [ 14.524098178743873, 53.382958534871449 ], [ 14.524098165393101, 53.382958537927628 ], [ 14.524098151616894, 53.38295854021122 ], [ 14.52409813754001, 53.382958541701527 ], [ 14.524098123289935, 53.382958542385026 ], [ 14.524098108995718, 53.382958542255551 ], [ 14.519770171444842, 53.382795881824364 ], [ 14.519770167961051, 53.382795881792703 ], [ 14.519770165897096, 53.382795883471033 ], [ 14.517370364535994, 53.384955452814104 ], [ 14.517370356066673, 53.384955459700201 ], [ 14.517370346540861, 53.384955466073812 ], [ 14.517370336044833, 53.384955471877191 ], [ 14.517370324673637, 53.384955477057801 ], [ 14.517370312530252, 53.384955481568717 ], [ 14.517370299724654, 53.384955485369098 ], [ 14.517370286372806, 53.384955488424509 ], [ 14.517370272595633, 53.384955490707291 ], [ 14.517370258517897, 53.384955492196774 ], [ 14.517370244267092, 53.384955492879463 ], [ 14.517370229972272, 53.384955492749178 ], [ 14.513042129788236, 53.384792584266421 ], [ 14.513042126304299, 53.384792584234546 ], [ 14.513042124239982, 53.384792585912763 ], [ 14.510641871131604, 53.38695200981109 ], [ 14.510641862660806, 53.386952016696668 ], [ 14.510641853133556, 53.386952023069718 ], [ 14.510641842636137, 53.386952028872479 ], [ 14.510641831263611, 53.386952034052413 ], [ 14.510641819118975, 53.386952038562619 ], [ 14.510641806312204, 53.386952042362239 ], [ 14.510641792959285, 53.386952045416876 ], [ 14.510641779181144, 53.386952047698855 ], [ 14.510641765102552, 53.386952049187528 ], [ 14.510641750851018, 53.386952049869393 ], [ 14.510641736555595, 53.386952049738291 ], [ 14.506313473821152, 53.386788893172486 ], [ 14.506313470337064, 53.386788893140412 ], [ 14.506313468272387, 53.386788894818494 ], [ 14.503912763379534, 53.388948173223717 ], [ 14.503912754907262, 53.388948180108798 ], [ 14.503912745378567, 53.388948186481258 ], [ 14.50391273487976, 53.388948192283401 ], [ 14.503912723505906, 53.388948197462668 ], [ 14.503912711360009, 53.388948201972163 ], [ 14.503912698552071, 53.388948205771044 ], [ 14.503912685198081, 53.388948208824893 ], [ 14.503912671418973, 53.388948211106076 ], [ 14.503912657339528, 53.388948212593931 ], [ 14.50391264308726, 53.388948213274972 ], [ 14.503912628791236, 53.388948213143053 ], [ 14.499584203589173, 53.388784808462731 ], [ 14.499584200104943, 53.388784808430451 ], [ 14.499584198039907, 53.388784810108419 ], [ 14.497183041325396, 53.390943942972157 ], [ 14.497183032851645, 53.390943949856712 ], [ 14.497183023321517, 53.390943956228618 ], [ 14.497183012821313, 53.390943962030136 ], [ 14.49718300144613, 53.390943967208734 ], [ 14.497182989298985, 53.390943971717512 ], [ 14.497182976489876, 53.39094397551564 ], [ 14.497182963134811, 53.390943978568707 ], [ 14.497182949354732, 53.390943980849094 ], [ 14.497182935274438, 53.390943982336147 ], [ 14.497182921021437, 53.390943983016356 ], [ 14.497182906724813, 53.390943982883613 ], [ 14.492854402141651, 53.390780333196993 ], [ 14.49285438793105, 53.39078033225195 ], [ 14.492854373935071, 53.390780330503716 ], [ 14.492854360280461, 53.390780327968095 ], [ 14.492854347090882, 53.390780324668057 ], [ 14.492854334485774, 53.390780320633503 ], [ 14.492854322579298, 53.390780315900955 ], [ 14.492854311479279, 53.390780310513264 ], [ 14.492854301286238, 53.39078030451924 ], [ 14.492854292092488, 53.390780297973158 ], [ 14.492854283981284, 53.390780290934309 ], [ 14.492854277026089, 53.390780283466427 ], [ 14.490927297996473, 53.388457524354656 ], [ 14.490927296301511, 53.388457522534537 ], [ 14.490927292838276, 53.388457522304158 ], [ 14.486598911786491, 53.388293644774372 ], [ 14.48659890830233, 53.388293644741708 ], [ 14.486598906236818, 53.388293646419442 ], [ 14.484197135421605, 53.390452504531517 ], [ 14.484197126945913, 53.390452511415113 ], [ 14.484197117414013, 53.390452517785938 ], [ 14.484197106912235, 53.390452523586276 ], [ 14.484197095535681, 53.390452528763603 ], [ 14.484197083387377, 53.390452533271031 ], [ 14.484197070577343, 53.390452537067745 ], [ 14.484197057221586, 53.390452540119341 ], [ 14.484197043441064, 53.390452542398215 ], [ 14.484197029360567, 53.390452543883718 ], [ 14.484197015107616, 53.390452544562386 ], [ 14.484197000811285, 53.390452544428086 ], [ 14.479868540576522, 53.39028842187097 ], [ 14.479868537092216, 53.390288421838115 ], [ 14.479868535026347, 53.39028842351572 ], [ 14.477466266331266, 53.392447177360374 ], [ 14.477466264541315, 53.392447179147744 ], [ 14.477466265938704, 53.39244718105607 ], [ 14.47939266566034, 53.39477014524482 ], [ 14.479392671394525, 53.394770153074688 ], [ 14.479392675857564, 53.394770161194934 ], [ 14.479392679009036, 53.394770169531995 ], [ 14.479392680820411, 53.39477017801034 ], [ 14.479392681275273, 53.39477018655321 ], [ 14.479392680369509, 53.394770195083261 ], [ 14.479392678111322, 53.394770203523208 ], [ 14.479392674521163, 53.394770211796633 ], [ 14.479392669631544, 53.394770219828629 ], [ 14.47939266348674, 53.394770227546431 ], [ 14.47939265614241, 53.394770234880156 ], [ 14.476990189807937, 53.396928889433937 ], [ 14.476990181329754, 53.396928896316972 ], [ 14.476990171795308, 53.396928902687165 ], [ 14.47699016129093, 53.396928908486807 ], [ 14.476990149911762, 53.396928913663388 ], [ 14.476990137760851, 53.396928918170019 ], [ 14.476990124948237, 53.396928921965902 ], [ 14.476990111589954, 53.396928925016645 ], [ 14.476990097806976, 53.396928927294624 ], [ 14.476990083724123, 53.396928928779218 ], [ 14.476990069468934, 53.396928929456976 ], [ 14.476990055170502, 53.396928929321767 ], [ 14.472660980926742, 53.396764531868875 ], [ 14.472660977441919, 53.396764531835792 ], [ 14.472660975375446, 53.396764533513263 ], [ 14.470258011003249, 53.398923083727269 ], [ 14.470258002523591, 53.398923090609792 ], [ 14.470257992987703, 53.398923096979409 ], [ 14.470257982481936, 53.398923102778419 ], [ 14.470257971101441, 53.398923107954332 ], [ 14.470257958949274, 53.398923112460253 ], [ 14.470257946135492, 53.398923116255375 ], [ 14.470257932776136, 53.398923119305337 ], [ 14.470257918992191, 53.398923121582541 ], [ 14.470257904908484, 53.398923123066318 ], [ 14.470257890652563, 53.398923123743245 ], [ 14.470257876353532, 53.398923123607211 ], [ 14.465928640056754, 53.398758477882602 ], [ 14.465928636571785, 53.39875847784932 ], [ 14.46592863450495, 53.398758479526663 ], [ 14.463525172035947, 53.400916925345854 ], [ 14.463525170245045, 53.400916927132997 ], [ 14.463525171642054, 53.400916929041472 ], [ 14.465451190479863, 53.40324015299548 ], [ 14.465451192174266, 53.403240154815933 ], [ 14.46545119563852, 53.403240155047072 ], [ 14.469780884002352, 53.403404827513988 ], [ 14.469780898216479, 53.403404828461852 ], [ 14.469780912215471, 53.403404830212871 ], [ 14.469780925872561, 53.403404832751193 ], [ 14.469780939064057, 53.403404836053824 ], [ 14.469780951670501, 53.40340484009085 ], [ 14.469780963577728, 53.403404844825715 ], [ 14.469780974677901, 53.403404850215537 ], [ 14.469780984870495, 53.403404856211523 ], [ 14.469780994063207, 53.403404862759345 ], [ 14.469781002172786, 53.403404869799751 ], [ 14.469781009125784, 53.403404877268919 ], [ 14.471707406217559, 53.405727919809124 ], [ 14.471707411951668, 53.40572792763939 ], [ 14.471707416414246, 53.405727935759884 ], [ 14.471707419564892, 53.405727944097109 ], [ 14.471707421375065, 53.405727952575539 ], [ 14.47170742182837, 53.405727961118423 ], [ 14.47170742092071, 53.405727969648353 ], [ 14.4717074186603, 53.405727978088116 ], [ 14.471707415067609, 53.405727986361242 ], [ 14.471707410175174, 53.405727994392855 ], [ 14.471707404027306, 53.40572800211018 ], [ 14.471707396679678, 53.405728009443358 ], [ 14.469303852265629, 53.407886526594808 ], [ 14.469303850474656, 53.407886528382015 ], [ 14.469303851872141, 53.407886530290448 ], [ 14.47123048497588, 53.410209672121255 ], [ 14.471230486670795, 53.410209673941644 ], [ 14.471230490135651, 53.410209674172634 ], [ 14.475561003869636, 53.410374154899721 ], [ 14.475561007355578, 53.41037415493274 ], [ 14.475561009422632, 53.410374153255248 ], [ 14.477964391649552, 53.40821550683021 ], [ 14.477964400129933, 53.408215499947154 ], [ 14.477964409666869, 53.408215493576947 ], [ 14.477964420173992, 53.408215487777277 ], [ 14.477964431556147, 53.408215482600667 ], [ 14.477964443710251, 53.408215478094007 ], [ 14.477964456526246, 53.408215474298103 ], [ 14.477964469888056, 53.408215471247338 ], [ 14.477964483674679, 53.40821546896931 ], [ 14.477964497761265, 53.408215467484681 ], [ 14.47796451202024, 53.40821546680688 ], [ 14.477964526322468, 53.40821546694206 ], [ 14.482294711733505, 53.408379693003724 ], [ 14.482294725949652, 53.408379693950138 ], [ 14.482294739950873, 53.408379695699729 ], [ 14.48229475361037, 53.408379698236658 ], [ 14.482294766804436, 53.40837970153796 ], [ 14.482294779413593, 53.408379705573701 ], [ 14.482294791323644, 53.408379710307379 ], [ 14.482294802426733, 53.408379715696107 ], [ 14.482294812622303, 53.40837972169107 ], [ 14.482294821818027, 53.408379728238003 ], [ 14.482294829930627, 53.408379735277592 ], [ 14.482294836886627, 53.408379742746099 ], [ 14.484222138464455, 53.410702600514547 ], [ 14.484222144201514, 53.410702608344245 ], [ 14.48422214866698, 53.410702616464334 ], [ 14.484222151820404, 53.410702624801289 ], [ 14.484222153633235, 53.410702633279584 ], [ 14.484222154089057, 53.410702641822446 ], [ 14.484222153183733, 53.410702650352533 ], [ 14.484222150925467, 53.410702658792566 ], [ 14.484222147334712, 53.410702667066118 ], [ 14.484222142443983, 53.410702675098278 ], [ 14.484222136297575, 53.410702682816279 ], [ 14.484222128951151, 53.410702690150231 ], [ 14.481818955117527, 53.412861424450952 ], [ 14.481818946636784, 53.412861431334257 ], [ 14.481818937099325, 53.412861437704763 ], [ 14.481818926591522, 53.41286144350476 ], [ 14.481818915208544, 53.41286144868171 ], [ 14.481818903053462, 53.412861453188739 ], [ 14.481818890236367, 53.412861456985048 ], [ 14.48181887687333, 53.412861460036218 ], [ 14.481818863085365, 53.412861462314659 ], [ 14.481818848997341, 53.412861463799722 ], [ 14.48181883473684, 53.412861464477949 ], [ 14.481818820433007, 53.412861464343202 ], [ 14.477488099632751, 53.412697208453054 ], [ 14.477488096146615, 53.412697208420091 ], [ 14.477488094079517, 53.412697210097626 ], [ 14.475084421751227, 53.414855840009537 ], [ 14.475084413269002, 53.414855846892344 ], [ 14.475084403730106, 53.414855853262267 ], [ 14.475084393220911, 53.414855859061639 ], [ 14.475084381836599, 53.414855864237914 ], [ 14.475084369680264, 53.414855868744233 ], [ 14.475084356861998, 53.414855872539803 ], [ 14.475084343497887, 53.414855875590185 ], [ 14.475084329708954, 53.414855877867829 ], [ 14.475084315620077, 53.414855879352068 ], [ 14.475084301358846, 53.414855880029478 ], [ 14.475084287054411, 53.414855879893913 ], [ 14.47075340396988, 53.414691375600896 ], [ 14.470753400483598, 53.414691375567735 ], [ 14.470753398416136, 53.414691377245134 ], [ 14.468349227534002, 53.416849902713203 ], [ 14.468349225742589, 53.416849904500388 ], [ 14.468349227140299, 53.416849906408835 ], [ 14.470276147663311, 53.419173024092345 ], [ 14.470276153398817, 53.419173031922668 ], [ 14.470276157862386, 53.419173040043241 ], [ 14.470276161013583, 53.419173048380515 ], [ 14.470276162823888, 53.419173056858966 ], [ 14.470276163276894, 53.419173065401814 ], [ 14.470276162368499, 53.419173073931709 ], [ 14.470276160106938, 53.419173082371408 ], [ 14.470276156512682, 53.419173090644456 ], [ 14.470276151618286, 53.419173098675962 ], [ 14.470276145468075, 53.419173106393167 ], [ 14.470276138117747, 53.419173113726167 ], [ 14.467871723024778, 53.421331581260915 ], [ 14.467871721233147, 53.421331583048094 ], [ 14.467871722630969, 53.421331584956533 ], [ 14.46979880539218, 53.423654712843351 ], [ 14.469798811128156, 53.423654720673724 ], [ 14.469798815592048, 53.423654728794318 ], [ 14.469798818743437, 53.423654737131606 ], [ 14.46979882055378, 53.423654745610058 ], [ 14.469798821006687, 53.423654754152906 ], [ 14.469798820098047, 53.423654762682801 ], [ 14.4697988178361, 53.423654771122472 ], [ 14.469798814241322, 53.423654779395498 ], [ 14.469798809346271, 53.423654787426955 ], [ 14.469798803195282, 53.42365479514411 ], [ 14.469798795844053, 53.423654802477074 ], [ 14.467394090358443, 53.425813253466394 ], [ 14.467394088566591, 53.425813255253551 ], [ 14.467394089964531, 53.425813257162005 ], [ 14.469321371959413, 53.42813643980223 ], [ 14.469321373654916, 53.428136441622641 ], [ 14.469321377121215, 53.428136441853724 ], [ 14.473653618098286, 53.428301026335433 ], [ 14.473653632320817, 53.428301027283013 ], [ 14.473653646328133, 53.428301029033733 ], [ 14.473653659993385, 53.428301031571792 ], [ 14.473653673192821, 53.428301034874146 ], [ 14.473653685806902, 53.428301038910902 ], [ 14.473653697721385, 53.428301043645526 ], [ 14.473653708828389, 53.42830104903512 ], [ 14.473653719027311, 53.4283010550309 ], [ 14.473653728225793, 53.428301061578551 ], [ 14.473653736340534, 53.428301068618751 ], [ 14.473653743298048, 53.428301076087784 ], [ 14.475581404182629, 53.430624077201387 ], [ 14.475581409920546, 53.430624085031518 ], [ 14.475581414386212, 53.430624093151913 ], [ 14.475581417539184, 53.430624101489059 ], [ 14.475581419350901, 53.430624109967468 ], [ 14.475581419804959, 53.430624118510316 ], [ 14.475581418897251, 53.430624127040254 ], [ 14.475581416635992, 53.430624135480052 ], [ 14.475581413041663, 53.430624143753249 ], [ 14.475581408146814, 53.430624151784954 ], [ 14.475581401995772, 53.430624159502401 ], [ 14.475581394644241, 53.430624166835713 ], [ 14.473176561055276, 53.432782730657422 ], [ 14.473176559263351, 53.432782732444664 ], [ 14.473176560661765, 53.432782734353061 ], [ 14.475104420942202, 53.435105790207551 ], [ 14.475104426680589, 53.435105798037696 ], [ 14.475104431146585, 53.43510580615812 ], [ 14.475104434299739, 53.435105814495287 ], [ 14.475104436111501, 53.435105822973689 ], [ 14.475104436565461, 53.43510583151653 ], [ 14.475104435657508, 53.435105840046475 ], [ 14.475104433395863, 53.435105848486231 ], [ 14.475104429801013, 53.435105856759407 ], [ 14.47510442490551, 53.435105864791076 ], [ 14.475104418753684, 53.435105872508487 ], [ 14.475104411401253, 53.435105879841743 ], [ 14.472699333412816, 53.43726438574167 ], [ 14.47269932492553, 53.437264392624179 ], [ 14.472699315381062, 53.43726439899379 ], [ 14.472699304865836, 53.437264404792813 ], [ 14.472699293475083, 53.437264409968712 ], [ 14.472699281311964, 53.43726441447464 ], [ 14.472699268486629, 53.437264418269784 ], [ 14.472699255115225, 53.43726442131976 ], [ 14.472699241318837, 53.437264423596957 ], [ 14.472699227222421, 53.43726442508077 ], [ 14.47269921295363, 53.437264425757732 ], [ 14.472699198641683, 53.43726442562172 ], [ 14.46836605180135, 53.437099787652912 ], [ 14.468366048313236, 53.437099787619637 ], [ 14.468366046244546, 53.437099789296973 ], [ 14.465960469086303, 53.439258190631477 ], [ 14.465960460597543, 53.439258197513475 ], [ 14.465960451051627, 53.43925820388251 ], [ 14.465960440535008, 53.439258209680901 ], [ 14.465960429142926, 53.439258214856139 ], [ 14.46596041697855, 53.439258219361342 ], [ 14.465960404152042, 53.43925822315574 ], [ 14.465960390779559, 53.439258226204927 ], [ 14.465960376982208, 53.439258228481329 ], [ 14.465960362884937, 53.43925822996431 ], [ 14.465960348615413, 53.439258230640448 ], [ 14.465960334302864, 53.439258230503619 ], [ 14.461627025076018, 53.439093343897056 ], [ 14.461627021587757, 53.43909334386359 ], [ 14.461627019518701, 53.439093345540797 ], [ 14.459220989271349, 53.441251600869009 ], [ 14.459220980781106, 53.44125160775048 ], [ 14.459220971233746, 53.441251614118947 ], [ 14.459220960715731, 53.441251619916713 ], [ 14.459220949322319, 53.441251625091283 ], [ 14.459220937156685, 53.441251629595769 ], [ 14.459220924329003, 53.441251633389427 ], [ 14.459220910955448, 53.441251636437826 ], [ 14.459220897157126, 53.441251638713432 ], [ 14.459220883059, 53.441251640195603 ], [ 14.459220868788748, 53.441251640870902 ], [ 14.459220854475596, 53.441251640733249 ], [ 14.454887466042909, 53.441086508625567 ], [ 14.454887451816665, 53.441086507675678 ], [ 14.454887437806068, 53.441086505922662 ], [ 14.454887424137993, 53.441086503382422 ], [ 14.45488741093623, 53.441086500077937 ], [ 14.454887398320324, 53.441086496039155 ], [ 14.454887386404534, 53.441086491302627 ], [ 14.454887375296773, 53.441086485911264 ], [ 14.454887365097626, 53.441086479913892 ], [ 14.454887355899469, 53.441086473364805 ], [ 14.454887347785592, 53.441086466323341 ], [ 14.454887340829483, 53.441086458853256 ], [ 14.452960352656859, 53.43876309508105 ], [ 14.452960350961675, 53.438763093260405 ], [ 14.45296034749463, 53.438763093028847 ], [ 14.44862708375525, 53.438597732751504 ], [ 14.448627080267062, 53.438597732717639 ], [ 14.448627078197532, 53.438597734394612 ], [ 14.446220386512707, 53.440755755574834 ], [ 14.446220384719316, 53.440755757361643 ] ] ] } }
]
}
