id,lon,lat
0,19.3229544,51.8077266
1,19.3229383,51.8054782
2,19.3229222,51.8032297
3,19.3261037,51.8088422
4,19.3260875,51.8065937
5,19.3260712,51.8043453
6,19.3260550,51.8020968
7,19.3292368,51.8077092
8,19.3292204,51.8054607
9,19.3292040,51.8032123
10,19.3291876,51.8009638
11,19.3291713,51.7987154
12,19.3291549,51.7964669
13,19.3323862,51.8088246
14,19.3323697,51.8065761
15,19.3323532,51.8043277
16,19.3323366,51.8020792
17,19.3323201,51.7998308
18,19.3323036,51.7975823
19,19.3322871,51.7953339
20,19.3356194,51.8211821
21,19.3356027,51.8189337
22,19.3355860,51.8166852
23,19.3355359,51.8099399
24,19.3355192,51.8076914
25,19.3355025,51.8054430
26,19.3354858,51.8031945
27,19.3354691,51.8009461
28,19.3354524,51.7986976
29,19.3354357,51.7964492
30,19.3353357,51.7829584
31,19.3353190,51.7807100
32,19.3349528,51.7312436
33,19.3349362,51.7289952
34,19.3387531,51.8200489
35,19.3387362,51.8178004
36,19.3387194,51.8155520
37,19.3387025,51.8133036
38,19.3386856,51.8110551
39,19.3386688,51.8088067
40,19.3386519,51.8065582
41,19.3386351,51.8043098
42,19.3386182,51.8020613
43,19.3386014,51.7998129
44,19.3385846,51.7975644
45,19.3385677,51.7953159
46,19.3384836,51.7840737
47,19.3384667,51.7818252
48,19.3384499,51.7795768
49,19.3383995,51.7728314
50,19.3383826,51.7705829
51,19.3383658,51.7683344
52,19.3383490,51.7660860
53,19.3381475,51.7391043
54,19.3380971,51.7323589
55,19.3380803,51.7301104
56,19.3380636,51.7278619
57,19.3380468,51.7256135
58,19.3419717,51.8301578
59,19.3419547,51.8279093
60,19.3419377,51.8256609
61,19.3419207,51.8234125
62,19.3419036,51.8211640
63,19.3418866,51.8189156
64,19.3418696,51.8166671
65,19.3418526,51.8144187
66,19.3418356,51.8121702
67,19.3418186,51.8099218
68,19.3418016,51.8076733
69,19.3417846,51.8054249
70,19.3417676,51.8031764
71,19.3417506,51.8009280
72,19.3416316,51.7851888
73,19.3416146,51.7829404
74,19.3415976,51.7806919
75,19.3415807,51.7784434
76,19.3415637,51.7761950
77,19.3415467,51.7739465
78,19.3415297,51.7716981
79,19.3415128,51.7694496
80,19.3414958,51.7672011
81,19.3412924,51.7402195
82,19.3412754,51.7379710
83,19.3412585,51.7357226
84,19.3412416,51.7334741
85,19.3412246,51.7312256
86,19.3412077,51.7289771
87,19.3411908,51.7267286
88,19.3411400,51.7199832
89,19.3411231,51.7177347
90,19.3451231,51.8312728
91,19.3451059,51.8290244
92,19.3450887,51.8267759
93,19.3450715,51.8245275
94,19.3450544,51.8222791
95,19.3450372,51.8200306
96,19.3450200,51.8177822
97,19.3450028,51.8155337
98,19.3449857,51.8132853
99,19.3449685,51.8110368
100,19.3449513,51.8087884
101,19.3449342,51.8065399
102,19.3449170,51.8042915
103,19.3448999,51.8020431
104,19.3448827,51.7997946
105,19.3448655,51.7975461
106,19.3447627,51.7840554
107,19.3447455,51.7818070
108,19.3447284,51.7795585
109,19.3447113,51.7773101
110,19.3446941,51.7750616
111,19.3446770,51.7728131
112,19.3446599,51.7705647
113,19.3446427,51.7683162
114,19.3446256,51.7660677
115,19.3444374,51.7413346
116,19.3444203,51.7390861
117,19.3444032,51.7368376
118,19.3443861,51.7345892
119,19.3443691,51.7323407
120,19.3443520,51.7300922
121,19.3443349,51.7278437
122,19.3443178,51.7255953
123,19.3443007,51.7233468
124,19.3442836,51.7210983
125,19.3442666,51.7188498
126,19.3442495,51.7166013
127,19.3483093,51.8368847
128,19.3482572,51.8301393
129,19.3482399,51.8278909
130,19.3482226,51.8256425
131,19.3482052,51.8233940
132,19.3481879,51.8211456
133,19.3481706,51.8188971
134,19.3481532,51.8166487
135,19.3481359,51.8144003
136,19.3481186,51.8121518
137,19.3481013,51.8099034
138,19.3480839,51.8076549
139,19.3480666,51.8054065
140,19.3480493,51.8031580
141,19.3480320,51.8009096
142,19.3480147,51.7986611
143,19.3479974,51.7964127
144,19.3479109,51.7851704
145,19.3478936,51.7829219
146,19.3478763,51.7806735
147,19.3478590,51.7784250
148,19.3478417,51.7761766
149,19.3478244,51.7739281
150,19.3478071,51.7716797
151,19.3477898,51.7694312
152,19.3477726,51.7671827
153,19.3477553,51.7649343
154,19.3475654,51.7402011
155,19.3475481,51.7379526
156,19.3475309,51.7357042
157,19.3475136,51.7334557
158,19.3474964,51.7312072
159,19.3474792,51.7289587
160,19.3474619,51.7267103
161,19.3474447,51.7244618
162,19.3474275,51.7222133
163,19.3474102,51.7199648
164,19.3473930,51.7177163
165,19.3473758,51.7154679
166,19.3473585,51.7132194
167,19.3514613,51.8379995
168,19.3514437,51.8357511
169,19.3514262,51.8335026
170,19.3514087,51.8312542
171,19.3513912,51.8290058
172,19.3513738,51.8267573
173,19.3513563,51.8245089
174,19.3513388,51.8222605
175,19.3513213,51.8200120
176,19.3513038,51.8177636
177,19.3512863,51.8155151
178,19.3512688,51.8132667
179,19.3512513,51.8110182
180,19.3512339,51.8087698
181,19.3512164,51.8065214
182,19.3511989,51.8042729
183,19.3511814,51.8020245
184,19.3511640,51.7997760
185,19.3511465,51.7975276
186,19.3511291,51.7952791
187,19.3510767,51.7885338
188,19.3510592,51.7862853
189,19.3510418,51.7840368
190,19.3510243,51.7817884
191,19.3510069,51.7795399
192,19.3509894,51.7772915
193,19.3509720,51.7750430
194,19.3509545,51.7727946
195,19.3509371,51.7705461
196,19.3509197,51.7682976
197,19.3509022,51.7660492
198,19.3508848,51.7638007
199,19.3507106,51.7413160
200,19.3506932,51.7390676
201,19.3506758,51.7368191
202,19.3506584,51.7345706
203,19.3506410,51.7323221
204,19.3506236,51.7300737
205,19.3506062,51.7278252
206,19.3505888,51.7255767
207,19.3505714,51.7233282
208,19.3505540,51.7210798
209,19.3505366,51.7188313
210,19.3505193,51.7165828
211,19.3505019,51.7143343
212,19.3504845,51.7120858
213,19.3504671,51.7098374
214,19.3504497,51.7075889
215,19.3545957,51.8368659
216,19.3545781,51.8346174
217,19.3545604,51.8323690
218,19.3545427,51.8301206
219,19.3545251,51.8278721
220,19.3545074,51.8256237
221,19.3544898,51.8233752
222,19.3544721,51.8211268
223,19.3544545,51.8188784
224,19.3544369,51.8166299
225,19.3544192,51.8143815
226,19.3544016,51.8121330
227,19.3543839,51.8098846
228,19.3543663,51.8076362
229,19.3543487,51.8053877
230,19.3543311,51.8031393
231,19.3543134,51.8008908
232,19.3542958,51.7986424
233,19.3542782,51.7963939
234,19.3542606,51.7941455
235,19.3542430,51.7918970
236,19.3542253,51.7896486
237,19.3542077,51.7874001
238,19.3541901,51.7851517
239,19.3541725,51.7829032
240,19.3541549,51.7806547
241,19.3541373,51.7784063
242,19.3541197,51.7761578
243,19.3541021,51.7739094
244,19.3540845,51.7716609
245,19.3540669,51.7694125
246,19.3540493,51.7671640
247,19.3540317,51.7649155
248,19.3540141,51.7626671
249,19.3539966,51.7604186
250,19.3538560,51.7424309
251,19.3538384,51.7401824
252,19.3538208,51.7379339
253,19.3538033,51.7356855
254,19.3537857,51.7334370
255,19.3537682,51.7311885
256,19.3537506,51.7289400
257,19.3537331,51.7266916
258,19.3537155,51.7244431
259,19.3536980,51.7221946
260,19.3536804,51.7199461
261,19.3536629,51.7176976
262,19.3536454,51.7154492
263,19.3536278,51.7132007
264,19.3536103,51.7109522
265,19.3535928,51.7087037
266,19.3535752,51.7064552
267,19.3535577,51.7042068
268,19.3535402,51.7019583
269,19.3577300,51.8357321
270,19.3577122,51.8334837
271,19.3576944,51.8312353
272,19.3576766,51.8289868
273,19.3576588,51.8267384
274,19.3576410,51.8244900
275,19.3576232,51.8222415
276,19.3576054,51.8199931
277,19.3575876,51.8177446
278,19.3575698,51.8154962
279,19.3575520,51.8132478
280,19.3575342,51.8109993
281,19.3575164,51.8087509
282,19.3574986,51.8065024
283,19.3574808,51.8042540
284,19.3574630,51.8020055
285,19.3574453,51.7997571
286,19.3574275,51.7975086
287,19.3574097,51.7952602
288,19.3573919,51.7930117
289,19.3573742,51.7907633
290,19.3573564,51.7885148
291,19.3573386,51.7862664
292,19.3573209,51.7840179
293,19.3573031,51.7817695
294,19.3572853,51.7795210
295,19.3572676,51.7772726
296,19.3572498,51.7750241
297,19.3572321,51.7727757
298,19.3572143,51.7705272
299,19.3571966,51.7682787
300,19.3571788,51.7660303
301,19.3571611,51.7637818
302,19.3571433,51.7615334
303,19.3571256,51.7592849
304,19.3569838,51.7412972
305,19.3569661,51.7390487
306,19.3569483,51.7368002
307,19.3569306,51.7345517
308,19.3569129,51.7323033
309,19.3568952,51.7300548
310,19.3568775,51.7278063
311,19.3568598,51.7255578
312,19.3568421,51.7233094
313,19.3568244,51.7210609
314,19.3568067,51.7188124
315,19.3567890,51.7165639
316,19.3567713,51.7143154
317,19.3567536,51.7120670
318,19.3567359,51.7098185
319,19.3567182,51.7075700
320,19.3567006,51.7053215
321,19.3566829,51.7030730
322,19.3608822,51.8368468
323,19.3608642,51.8345983
324,19.3608462,51.8323499
325,19.3608282,51.8301014
326,19.3608103,51.8278530
327,19.3607923,51.8256046
328,19.3607743,51.8233561
329,19.3607564,51.8211077
330,19.3607384,51.8188593
331,19.3607205,51.8166108
332,19.3607025,51.8143624
333,19.3606846,51.8121139
334,19.3606666,51.8098655
335,19.3606487,51.8076171
336,19.3606307,51.8053686
337,19.3606128,51.8031202
338,19.3605949,51.8008717
339,19.3605769,51.7986233
340,19.3605590,51.7963748
341,19.3605411,51.7941264
342,19.3605231,51.7918779
343,19.3605052,51.7896295
344,19.3604873,51.7873810
345,19.3604694,51.7851326
346,19.3604514,51.7828841
347,19.3604335,51.7806357
348,19.3604156,51.7783872
349,19.3603977,51.7761388
350,19.3603798,51.7738903
351,19.3603619,51.7716418
352,19.3603440,51.7693934
353,19.3603261,51.7671449
354,19.3603082,51.7648965
355,19.3602903,51.7626480
356,19.3602724,51.7603995
357,19.3602545,51.7581511
358,19.3601293,51.7424118
359,19.3601114,51.7401634
360,19.3600935,51.7379149
361,19.3600757,51.7356664
362,19.3600578,51.7334179
363,19.3600399,51.7311695
364,19.3600221,51.7289210
365,19.3600042,51.7266725
366,19.3599864,51.7244240
367,19.3599685,51.7221756
368,19.3599506,51.7199271
369,19.3599328,51.7176786
370,19.3599149,51.7154301
371,19.3598971,51.7131817
372,19.3598793,51.7109332
373,19.3598614,51.7086847
374,19.3598436,51.7064362
375,19.3598257,51.7041877
376,19.3598079,51.7019392
377,19.3597901,51.6996908
378,19.3640163,51.8357128
379,19.3639982,51.8334644
380,19.3639800,51.8312160
381,19.3639619,51.8289675
382,19.3639438,51.8267191
383,19.3639257,51.8244707
384,19.3639076,51.8222222
385,19.3638895,51.8199738
386,19.3638713,51.8177254
387,19.3638532,51.8154769
388,19.3638351,51.8132285
389,19.3638170,51.8109800
390,19.3637989,51.8087316
391,19.3637808,51.8064832
392,19.3637627,51.8042347
393,19.3637446,51.8019863
394,19.3637265,51.7997378
395,19.3637084,51.7974894
396,19.3636904,51.7952409
397,19.3636723,51.7929925
398,19.3636542,51.7907440
399,19.3636361,51.7884956
400,19.3636180,51.7862471
401,19.3635999,51.7839987
402,19.3635819,51.7817502
403,19.3635638,51.7795018
404,19.3635457,51.7772533
405,19.3635277,51.7750049
406,19.3635096,51.7727564
407,19.3634915,51.7705080
408,19.3634735,51.7682595
409,19.3634554,51.7660110
410,19.3634374,51.7637626
411,19.3634193,51.7615141
412,19.3634013,51.7592657
413,19.3633832,51.7570172
414,19.3632569,51.7412779
415,19.3632389,51.7390295
416,19.3632209,51.7367810
417,19.3632029,51.7345325
418,19.3631848,51.7322841
419,19.3631668,51.7300356
420,19.3631488,51.7277871
421,19.3631308,51.7255386
422,19.3631128,51.7232902
423,19.3630948,51.7210417
424,19.3630767,51.7187932
425,19.3630587,51.7165447
426,19.3630407,51.7142962
427,19.3630227,51.7120478
428,19.3630047,51.7097993
429,19.3629867,51.7075508
430,19.3629687,51.7053023
431,19.3629507,51.7030538
432,19.3629328,51.7008054
433,19.3629148,51.6985569
434,19.3671686,51.8368273
435,19.3671503,51.8345789
436,19.3671320,51.8323304
437,19.3671137,51.8300820
438,19.3670955,51.8278336
439,19.3670772,51.8255851
440,19.3670589,51.8233367
441,19.3670406,51.8210883
442,19.3670224,51.8188398
443,19.3670041,51.8165914
444,19.3669858,51.8143429
445,19.3669676,51.8120945
446,19.3669493,51.8098461
447,19.3669310,51.8075976
448,19.3669128,51.8053492
449,19.3668945,51.8031007
450,19.3668763,51.8008523
451,19.3668580,51.7986038
452,19.3668398,51.7963554
453,19.3668215,51.7941070
454,19.3668033,51.7918585
455,19.3667851,51.7896101
456,19.3667668,51.7873616
457,19.3667486,51.7851132
458,19.3667304,51.7828647
459,19.3667121,51.7806163
460,19.3666939,51.7783678
461,19.3666757,51.7761193
462,19.3666575,51.7738709
463,19.3666392,51.7716224
464,19.3666210,51.7693740
465,19.3666028,51.7671255
466,19.3665846,51.7648771
467,19.3665664,51.7626286
468,19.3665482,51.7603801
469,19.3665300,51.7581317
470,19.3664026,51.7423924
471,19.3663844,51.7401440
472,19.3663662,51.7378955
473,19.3663481,51.7356470
474,19.3663299,51.7333986
475,19.3663117,51.7311501
476,19.3662935,51.7289016
477,19.3662753,51.7266531
478,19.3662572,51.7244047
479,19.3662390,51.7221562
480,19.3662208,51.7199077
481,19.3662027,51.7176592
482,19.3661845,51.7154108
483,19.3661664,51.7131623
484,19.3661482,51.7109138
485,19.3661301,51.7086653
486,19.3661119,51.7064168
487,19.3660938,51.7041684
488,19.3660756,51.7019199
489,19.3660575,51.6996714
490,19.3660393,51.6974229
491,19.3703210,51.8379417
492,19.3703026,51.8356932
493,19.3702841,51.8334448
494,19.3702657,51.8311964
495,19.3702473,51.8289479
496,19.3702288,51.8266995
497,19.3702104,51.8244511
498,19.3701920,51.8222026
499,19.3701735,51.8199542
500,19.3701551,51.8177058
501,19.3701367,51.8154573
502,19.3701183,51.8132089
503,19.3700998,51.8109604
504,19.3700814,51.8087120
505,19.3700630,51.8064636
506,19.3700446,51.8042151
507,19.3700262,51.8019667
508,19.3700078,51.7997182
509,19.3699894,51.7974698
510,19.3699710,51.7952213
511,19.3699526,51.7929729
512,19.3699342,51.7907244
513,19.3699158,51.7884760
514,19.3698974,51.7862275
515,19.3698790,51.7839791
516,19.3698606,51.7817306
517,19.3698423,51.7794822
518,19.3698239,51.7772337
519,19.3698055,51.7749853
520,19.3697871,51.7727368
521,19.3697687,51.7704884
522,19.3697504,51.7682399
523,19.3697320,51.7659915
524,19.3697136,51.7637430
525,19.3696953,51.7614945
526,19.3696769,51.7592461
527,19.3696585,51.7569976
528,19.3696035,51.7502522
529,19.3695851,51.7480038
530,19.3695668,51.7457553
531,19.3695484,51.7435068
532,19.3695301,51.7412584
533,19.3695117,51.7390099
534,19.3694934,51.7367614
535,19.3694751,51.7345130
536,19.3694567,51.7322645
537,19.3694384,51.7300160
538,19.3694201,51.7277676
539,19.3694018,51.7255191
540,19.3693834,51.7232706
541,19.3693651,51.7210221
542,19.3693468,51.7187737
543,19.3693285,51.7165252
544,19.3693102,51.7142767
545,19.3692918,51.7120282
546,19.3692735,51.7097798
547,19.3692552,51.7075313
548,19.3692369,51.7052828
549,19.3692186,51.7030343
550,19.3692003,51.7007858
551,19.3691820,51.6985373
552,19.3734550,51.8368075
553,19.3734364,51.8345591
554,19.3734178,51.8323106
555,19.3733992,51.8300622
556,19.3733806,51.8278138
557,19.3733620,51.8255653
558,19.3733434,51.8233169
559,19.3733249,51.8210685
560,19.3733063,51.8188200
561,19.3732877,51.8165716
562,19.3732691,51.8143232
563,19.3732505,51.8120747
564,19.3732320,51.8098263
565,19.3732134,51.8075779
566,19.3731948,51.8053294
567,19.3731763,51.8030810
568,19.3731577,51.8008325
569,19.3731391,51.7985841
570,19.3731206,51.7963356
571,19.3731020,51.7940872
572,19.3730835,51.7918387
573,19.3730649,51.7895903
574,19.3730464,51.7873419
575,19.3730278,51.7850934
576,19.3730093,51.7828450
577,19.3729907,51.7805965
578,19.3729722,51.7783480
579,19.3729537,51.7760996
580,19.3729351,51.7738511
581,19.3729166,51.7716027
582,19.3728981,51.7693542
583,19.3728795,51.7671058
584,19.3728610,51.7648573
585,19.3728425,51.7626089
586,19.3728240,51.7603604
587,19.3728055,51.7581119
588,19.3727869,51.7558635
589,19.3727684,51.7536150
590,19.3727499,51.7513666
591,19.3727314,51.7491181
592,19.3727129,51.7468696
593,19.3726944,51.7446212
594,19.3726759,51.7423727
595,19.3726574,51.7401242
596,19.3726389,51.7378758
597,19.3726204,51.7356273
598,19.3726019,51.7333788
599,19.3725834,51.7311304
600,19.3725650,51.7288819
601,19.3725465,51.7266334
602,19.3725280,51.7243850
603,19.3725095,51.7221365
604,19.3724910,51.7198880
605,19.3724726,51.7176395
606,19.3724541,51.7153911
607,19.3724356,51.7131426
608,19.3724172,51.7108941
609,19.3723987,51.7086456
610,19.3723802,51.7063971
611,19.3723618,51.7041487
612,19.3723433,51.7019002
613,19.3723249,51.6996517
614,19.3723064,51.6974032
615,19.3766076,51.8379217
616,19.3765888,51.8356733
617,19.3765701,51.8334248
618,19.3765513,51.8311764
619,19.3765326,51.8289280
620,19.3765138,51.8266795
621,19.3764951,51.8244311
622,19.3764763,51.8221827
623,19.3764576,51.8199342
624,19.3764389,51.8176858
625,19.3764201,51.8154374
626,19.3764014,51.8131889
627,19.3763827,51.8109405
628,19.3763639,51.8086921
629,19.3763452,51.8064436
630,19.3763265,51.8041952
631,19.3763078,51.8019467
632,19.3762890,51.7996983
633,19.3762703,51.7974499
634,19.3762516,51.7952014
635,19.3762329,51.7929530
636,19.3762142,51.7907045
637,19.3761955,51.7884561
638,19.3761768,51.7862076
639,19.3761581,51.7839592
640,19.3761394,51.7817107
641,19.3761207,51.7794623
642,19.3761020,51.7772138
643,19.3760833,51.7749654
644,19.3760646,51.7727169
645,19.3760459,51.7704685
646,19.3760273,51.7682200
647,19.3760086,51.7659716
648,19.3759899,51.7637231
649,19.3759712,51.7614746
650,19.3759525,51.7592262
651,19.3759339,51.7569777
652,19.3759152,51.7547293
653,19.3758965,51.7524808
654,19.3758779,51.7502323
655,19.3758592,51.7479839
656,19.3758405,51.7457354
657,19.3758219,51.7434870
658,19.3758032,51.7412385
659,19.3757846,51.7389900
660,19.3757659,51.7367416
661,19.3757473,51.7344931
662,19.3757286,51.7322446
663,19.3757100,51.7299961
664,19.3756914,51.7277477
665,19.3756727,51.7254992
666,19.3756541,51.7232507
667,19.3756355,51.7210023
668,19.3756168,51.7187538
669,19.3755982,51.7165053
670,19.3755796,51.7142568
671,19.3755609,51.7120084
672,19.3755423,51.7097599
673,19.3755237,51.7075114
674,19.3755051,51.7052629
675,19.3754865,51.7030144
676,19.3754679,51.7007660
677,19.3754493,51.6985175
678,19.3754306,51.6962690
679,19.3797414,51.8367874
680,19.3797225,51.8345390
681,19.3797036,51.8322905
682,19.3796847,51.8300421
683,19.3796658,51.8277937
684,19.3796469,51.8255452
685,19.3796280,51.8232968
686,19.3796091,51.8210484
687,19.3795902,51.8187999
688,19.3795713,51.8165515
689,19.3795524,51.8143031
690,19.3795335,51.8120546
691,19.3795146,51.8098062
692,19.3794957,51.8075577
693,19.3794769,51.8053093
694,19.3794580,51.8030609
695,19.3794391,51.8008124
696,19.3794202,51.7985640
697,19.3794014,51.7963155
698,19.3793825,51.7940671
699,19.3793636,51.7918187
700,19.3793448,51.7895702
701,19.3793259,51.7873218
702,19.3793071,51.7850733
703,19.3792882,51.7828249
704,19.3792693,51.7805764
705,19.3792505,51.7783280
706,19.3792316,51.7760795
707,19.3792128,51.7738311
708,19.3791940,51.7715826
709,19.3791751,51.7693342
710,19.3791563,51.7670857
711,19.3791374,51.7648372
712,19.3791186,51.7625888
713,19.3790998,51.7603403
714,19.3790809,51.7580919
715,19.3790621,51.7558434
716,19.3790433,51.7535950
717,19.3790245,51.7513465
718,19.3790057,51.7490980
719,19.3789868,51.7468496
720,19.3789680,51.7446011
721,19.3789492,51.7423526
722,19.3789304,51.7401042
723,19.3789116,51.7378557
724,19.3788928,51.7356073
725,19.3788740,51.7333588
726,19.3788552,51.7311103
727,19.3788364,51.7288618
728,19.3788176,51.7266134
729,19.3787988,51.7243649
730,19.3787800,51.7221164
731,19.3787612,51.7198680
732,19.3787424,51.7176195
733,19.3787237,51.7153710
734,19.3787049,51.7131225
735,19.3786861,51.7108741
736,19.3786673,51.7086256
737,19.3786486,51.7063771
738,19.3786298,51.7041286
739,19.3786110,51.7018802
740,19.3785923,51.6996317
741,19.3785735,51.6973832
742,19.3828942,51.8379014
743,19.3828751,51.8356530
744,19.3828560,51.8334045
745,19.3828370,51.8311561
746,19.3828179,51.8289077
747,19.3827988,51.8266593
748,19.3827798,51.8244108
749,19.3827607,51.8221624
750,19.3827417,51.8199140
751,19.3827226,51.8176655
752,19.3827036,51.8154171
753,19.3826845,51.8131687
754,19.3826655,51.8109202
755,19.3826464,51.8086718
756,19.3826274,51.8064233
757,19.3826084,51.8041749
758,19.3825893,51.8019265
759,19.3825703,51.7996780
760,19.3825513,51.7974296
761,19.3825322,51.7951811
762,19.3825132,51.7929327
763,19.3824942,51.7906843
764,19.3824752,51.7884358
765,19.3824562,51.7861874
766,19.3824372,51.7839389
767,19.3824181,51.7816905
768,19.3823991,51.7794420
769,19.3823801,51.7771936
770,19.3823611,51.7749451
771,19.3823421,51.7726967
772,19.3823231,51.7704482
773,19.3823041,51.7681998
774,19.3822851,51.7659513
775,19.3822661,51.7637029
776,19.3822472,51.7614544
777,19.3822282,51.7592059
778,19.3822092,51.7569575
779,19.3821902,51.7547090
780,19.3821712,51.7524606
781,19.3821523,51.7502121
782,19.3821333,51.7479637
783,19.3821143,51.7457152
784,19.3820953,51.7434667
785,19.3820764,51.7412183
786,19.3820574,51.7389698
787,19.3820385,51.7367213
788,19.3820195,51.7344729
789,19.3820005,51.7322244
790,19.3819816,51.7299759
791,19.3819626,51.7277275
792,19.3819437,51.7254790
793,19.3819247,51.7232305
794,19.3819058,51.7209821
795,19.3818869,51.7187336
796,19.3818679,51.7164851
797,19.3818490,51.7142366
798,19.3818300,51.7119882
799,19.3818111,51.7097397
800,19.3817922,51.7074912
801,19.3817733,51.7052427
802,19.3817543,51.7029943
803,19.3817354,51.7007458
804,19.3817165,51.6984973
805,19.3816976,51.6962488
806,19.3859317,51.8255248
807,19.3859125,51.8232763
808,19.3858933,51.8210279
809,19.3858741,51.8187795
810,19.3858549,51.8165310
811,19.3858357,51.8142826
812,19.3858165,51.8120342
813,19.3857973,51.8097857
814,19.3857781,51.8075373
815,19.3857589,51.8052889
816,19.3857397,51.8030404
817,19.3857205,51.8007920
818,19.3857013,51.7985435
819,19.3856821,51.7962951
820,19.3856630,51.7940467
821,19.3856438,51.7917982
822,19.3856246,51.7895498
823,19.3856054,51.7873013
824,19.3855863,51.7850529
825,19.3855671,51.7828044
826,19.3855479,51.7805560
827,19.3855288,51.7783075
828,19.3855096,51.7760591
829,19.3854905,51.7738106
830,19.3854713,51.7715622
831,19.3854521,51.7693137
832,19.3854330,51.7670653
833,19.3854138,51.7648168
834,19.3853947,51.7625684
835,19.3853756,51.7603199
836,19.3853564,51.7580715
837,19.3853373,51.7558230
838,19.3853181,51.7535746
839,19.3852990,51.7513261
840,19.3852799,51.7490776
841,19.3852608,51.7468292
842,19.3852416,51.7445807
843,19.3852225,51.7423323
844,19.3852034,51.7400838
845,19.3851843,51.7378353
846,19.3851651,51.7355869
847,19.3851460,51.7333384
848,19.3851269,51.7310899
849,19.3851078,51.7288415
850,19.3850887,51.7265930
851,19.3850696,51.7243445
852,19.3850505,51.7220961
853,19.3850314,51.7198476
854,19.3850123,51.7175991
855,19.3849932,51.7153506
856,19.3849741,51.7131022
857,19.3849550,51.7108537
858,19.3849360,51.7086052
859,19.3849169,51.7063567
860,19.3848978,51.7041083
861,19.3848787,51.7018598
862,19.3848596,51.6996113
863,19.3848406,51.6973628
864,19.3848215,51.6951143
865,19.3890838,51.8266386
866,19.3890645,51.8243902
867,19.3890451,51.8221418
868,19.3890257,51.8198933
869,19.3890064,51.8176449
870,19.3889870,51.8153965
871,19.3889676,51.8131480
872,19.3889483,51.8108996
873,19.3889289,51.8086512
874,19.3889096,51.8064027
875,19.3888902,51.8041543
876,19.3888709,51.8019059
877,19.3888515,51.7996574
878,19.3888322,51.7974090
879,19.3888129,51.7951605
880,19.3887935,51.7929121
881,19.3887742,51.7906637
882,19.3887549,51.7884152
883,19.3887355,51.7861668
884,19.3887162,51.7839183
885,19.3886969,51.7816699
886,19.3886776,51.7794214
887,19.3886583,51.7771730
888,19.3886389,51.7749245
889,19.3886196,51.7726761
890,19.3886003,51.7704276
891,19.3885810,51.7681792
892,19.3885617,51.7659307
893,19.3885424,51.7636823
894,19.3885231,51.7614338
895,19.3885038,51.7591854
896,19.3884845,51.7569369
897,19.3884652,51.7546885
898,19.3884459,51.7524400
899,19.3884266,51.7501915
900,19.3884073,51.7479431
901,19.3883881,51.7456946
902,19.3883688,51.7434462
903,19.3883495,51.7411977
904,19.3883302,51.7389492
905,19.3883110,51.7367008
906,19.3882917,51.7344523
907,19.3882724,51.7322038
908,19.3882532,51.7299554
909,19.3882339,51.7277069
910,19.3882146,51.7254584
911,19.3881954,51.7232100
912,19.3881761,51.7209615
913,19.3881569,51.7187130
914,19.3881376,51.7164646
915,19.3881184,51.7142161
916,19.3880991,51.7119676
917,19.3880799,51.7097191
918,19.3880606,51.7074707
919,19.3880414,51.7052222
920,19.3880222,51.7029737
921,19.3880029,51.7007252
922,19.3879837,51.6984768
923,19.3879645,51.6962283
924,19.3879453,51.6939798
925,19.3922166,51.8255040
926,19.3921970,51.8232556
927,19.3921775,51.8210071
928,19.3921580,51.8187587
929,19.3921385,51.8165103
930,19.3921189,51.8142618
931,19.3920994,51.8120134
932,19.3920799,51.8097650
933,19.3920604,51.8075165
934,19.3920409,51.8052681
935,19.3920214,51.8030197
936,19.3920019,51.8007712
937,19.3919824,51.7985228
938,19.3919629,51.7962743
939,19.3919434,51.7940259
940,19.3919239,51.7917775
941,19.3919044,51.7895290
942,19.3918850,51.7872806
943,19.3918655,51.7850321
944,19.3918460,51.7827837
945,19.3918265,51.7805352
946,19.3918070,51.7782868
947,19.3917876,51.7760383
948,19.3917681,51.7737899
949,19.3917486,51.7715414
950,19.3917292,51.7692930
951,19.3917097,51.7670445
952,19.3916902,51.7647961
953,19.3916708,51.7625476
954,19.3916513,51.7602992
955,19.3916319,51.7580507
956,19.3916124,51.7558023
957,19.3915930,51.7535538
958,19.3915735,51.7513054
959,19.3915541,51.7490569
960,19.3915347,51.7468084
961,19.3915152,51.7445600
962,19.3914958,51.7423115
963,19.3914764,51.7400631
964,19.3914569,51.7378146
965,19.3914375,51.7355661
966,19.3914181,51.7333177
967,19.3913987,51.7310692
968,19.3913792,51.7288207
969,19.3913598,51.7265723
970,19.3913404,51.7243238
971,19.3913210,51.7220753
972,19.3913016,51.7198269
973,19.3912822,51.7175784
974,19.3912628,51.7153299
975,19.3912434,51.7130815
976,19.3912240,51.7108330
977,19.3912046,51.7085845
978,19.3911852,51.7063360
979,19.3911658,51.7040876
980,19.3911464,51.7018391
981,19.3911270,51.6995906
982,19.3911076,51.6973421
983,19.3910882,51.6950937
984,19.3953688,51.8266177
985,19.3953491,51.8243693
986,19.3953294,51.8221208
987,19.3953098,51.8198724
988,19.3952901,51.8176240
989,19.3952704,51.8153755
990,19.3952507,51.8131271
991,19.3952311,51.8108787
992,19.3952114,51.8086302
993,19.3951917,51.8063818
994,19.3951721,51.8041334
995,19.3951524,51.8018849
996,19.3951328,51.7996365
997,19.3951131,51.7973880
998,19.3950935,51.7951396
999,19.3950738,51.7928912
1000,19.3950542,51.7906427
1001,19.3950345,51.7883943
1002,19.3950149,51.7861458
1003,19.3949953,51.7838974
1004,19.3949756,51.7816490
1005,19.3949560,51.7794005
1006,19.3949364,51.7771521
1007,19.3949167,51.7749036
1008,19.3948971,51.7726552
1009,19.3948775,51.7704067
1010,19.3948579,51.7681583
1011,19.3948383,51.7659098
1012,19.3948186,51.7636614
1013,19.3947990,51.7614129
1014,19.3947794,51.7591645
1015,19.3947598,51.7569160
1016,19.3947402,51.7546676
1017,19.3947206,51.7524191
1018,19.3947010,51.7501706
1019,19.3946814,51.7479222
1020,19.3946618,51.7456737
1021,19.3946422,51.7434253
1022,19.3946226,51.7411768
1023,19.3946030,51.7389283
1024,19.3945835,51.7366799
1025,19.3945639,51.7344314
1026,19.3945443,51.7321830
1027,19.3945247,51.7299345
1028,19.3945052,51.7276860
1029,19.3944856,51.7254376
1030,19.3944660,51.7231891
1031,19.3944464,51.7209406
1032,19.3944269,51.7186922
1033,19.3944073,51.7164437
1034,19.3943878,51.7141952
1035,19.3943682,51.7119467
1036,19.3943487,51.7096983
1037,19.3943291,51.7074498
1038,19.3943096,51.7052013
1039,19.3942900,51.7029529
1040,19.3942705,51.7007044
1041,19.3942509,51.6984559
1042,19.3942314,51.6962074
1043,19.3942119,51.6939589
1044,19.3985411,51.8299797
1045,19.3985212,51.8277313
1046,19.3985014,51.8254829
1047,19.3984815,51.8232344
1048,19.3984617,51.8209860
1049,19.3984419,51.8187376
1050,19.3984220,51.8164891
1051,19.3984022,51.8142407
1052,19.3983824,51.8119923
1053,19.3983626,51.8097439
1054,19.3983427,51.8074954
1055,19.3983229,51.8052470
1056,19.3983031,51.8029985
1057,19.3982833,51.8007501
1058,19.3982635,51.7985017
1059,19.3982437,51.7962532
1060,19.3982239,51.7940048
1061,19.3982041,51.7917564
1062,19.3981843,51.7895079
1063,19.3981645,51.7872595
1064,19.3981447,51.7850110
1065,19.3981249,51.7827626
1066,19.3981051,51.7805141
1067,19.3980853,51.7782657
1068,19.3980655,51.7760173
1069,19.3980457,51.7737688
1070,19.3980260,51.7715204
1071,19.3980062,51.7692719
1072,19.3979864,51.7670235
1073,19.3979666,51.7647750
1074,19.3979469,51.7625266
1075,19.3979271,51.7602781
1076,19.3979073,51.7580297
1077,19.3978876,51.7557812
1078,19.3978678,51.7535327
1079,19.3978481,51.7512843
1080,19.3978283,51.7490358
1081,19.3978086,51.7467874
1082,19.3977888,51.7445389
1083,19.3977691,51.7422905
1084,19.3977493,51.7400420
1085,19.3977296,51.7377935
1086,19.3977098,51.7355451
1087,19.3976901,51.7332966
1088,19.3976704,51.7310482
1089,19.3976506,51.7287997
1090,19.3976309,51.7265512
1091,19.3976112,51.7243028
1092,19.3975915,51.7220543
1093,19.3975717,51.7198058
1094,19.3975520,51.7175574
1095,19.3975323,51.7153089
1096,19.3975126,51.7130604
1097,19.3974929,51.7108119
1098,19.3974732,51.7085635
1099,19.3974535,51.7063150
1100,19.3974338,51.7040665
1101,19.3974141,51.7018181
1102,19.3973944,51.6995696
1103,19.3973747,51.6973211
1104,19.3973550,51.6950726
1105,19.3973353,51.6928242
1106,19.4016738,51.8288448
1107,19.4016538,51.8265964
1108,19.4016338,51.8243480
1109,19.4016138,51.8220995
1110,19.4015938,51.8198511
1111,19.4015738,51.8176027
1112,19.4015538,51.8153542
1113,19.4015338,51.8131058
1114,19.4015139,51.8108574
1115,19.4014939,51.8086090
1116,19.4014739,51.8063605
1117,19.4014539,51.8041121
1118,19.4014340,51.8018636
1119,19.4014140,51.7996152
1120,19.4013940,51.7973668
1121,19.4013741,51.7951183
1122,19.4013541,51.7928699
1123,19.4013342,51.7906215
1124,19.4013142,51.7883730
1125,19.4012942,51.7861246
1126,19.4012743,51.7838761
1127,19.4012544,51.7816277
1128,19.4012344,51.7793793
1129,19.4012145,51.7771308
1130,19.4011945,51.7748824
1131,19.4011746,51.7726339
1132,19.4011547,51.7703855
1133,19.4011347,51.7681370
1134,19.4011148,51.7658886
1135,19.4010949,51.7636401
1136,19.4010749,51.7613917
1137,19.4010550,51.7591432
1138,19.4010351,51.7568948
1139,19.4010152,51.7546463
1140,19.4009953,51.7523979
1141,19.4009754,51.7501494
1142,19.4009555,51.7479010
1143,19.4009356,51.7456525
1144,19.4009157,51.7434040
1145,19.4008958,51.7411556
1146,19.4008759,51.7389071
1147,19.4008560,51.7366587
1148,19.4008361,51.7344102
1149,19.4008162,51.7321617
1150,19.4007963,51.7299133
1151,19.4007764,51.7276648
1152,19.4007565,51.7254163
1153,19.4007366,51.7231679
1154,19.4007168,51.7209194
1155,19.4006969,51.7186709
1156,19.4006770,51.7164225
1157,19.4006572,51.7141740
1158,19.4006373,51.7119255
1159,19.4006174,51.7096771
1160,19.4005976,51.7074286
1161,19.4005777,51.7051801
1162,19.4005578,51.7029317
1163,19.4005380,51.7006832
1164,19.4005181,51.6984347
1165,19.4004983,51.6961862
1166,19.4004784,51.6939378
1167,19.4048265,51.8299582
1168,19.4048064,51.8277098
1169,19.4047862,51.8254614
1170,19.4047660,51.8232130
1171,19.4047459,51.8209645
1172,19.4047257,51.8187161
1173,19.4047056,51.8164677
1174,19.4046855,51.8142193
1175,19.4046653,51.8119708
1176,19.4046452,51.8097224
1177,19.4046251,51.8074740
1178,19.4046049,51.8052255
1179,19.4045848,51.8029771
1180,19.4045647,51.8007287
1181,19.4045446,51.7984802
1182,19.4045244,51.7962318
1183,19.4045043,51.7939834
1184,19.4044842,51.7917349
1185,19.4044641,51.7894865
1186,19.4044440,51.7872380
1187,19.4044239,51.7849896
1188,19.4044038,51.7827412
1189,19.4043837,51.7804927
1190,19.4043636,51.7782443
1191,19.4043435,51.7759958
1192,19.4043234,51.7737474
1193,19.4043033,51.7714989
1194,19.4042832,51.7692505
1195,19.4042631,51.7670020
1196,19.4042430,51.7647536
1197,19.4042229,51.7625051
1198,19.4042029,51.7602567
1199,19.4041828,51.7580082
1200,19.4041627,51.7557598
1201,19.4041426,51.7535113
1202,19.4041226,51.7512629
1203,19.4041025,51.7490144
1204,19.4040825,51.7467660
1205,19.4040624,51.7445175
1206,19.4040423,51.7422691
1207,19.4040223,51.7400206
1208,19.4040022,51.7377721
1209,19.4039822,51.7355237
1210,19.4039621,51.7332752
1211,19.4039421,51.7310268
1212,19.4039220,51.7287783
1213,19.4039020,51.7265298
1214,19.4038820,51.7242814
1215,19.4038619,51.7220329
1216,19.4038419,51.7197844
1217,19.4038219,51.7175360
1218,19.4038019,51.7152875
1219,19.4037818,51.7130390
1220,19.4037618,51.7107906
1221,19.4037418,51.7085421
1222,19.4037218,51.7062936
1223,19.4037018,51.7040452
1224,19.4036818,51.7017967
1225,19.4036617,51.6995482
1226,19.4036417,51.6972997
1227,19.4079591,51.8288232
1228,19.4079388,51.8265748
1229,19.4079184,51.8243263
1230,19.4078981,51.8220779
1231,19.4078778,51.8198295
1232,19.4078575,51.8175811
1233,19.4078372,51.8153326
1234,19.4078169,51.8130842
1235,19.4077966,51.8108358
1236,19.4077764,51.8085873
1237,19.4077561,51.8063389
1238,19.4077358,51.8040905
1239,19.4077155,51.8018420
1240,19.4076952,51.7995936
1241,19.4076749,51.7973452
1242,19.4076547,51.7950967
1243,19.4076344,51.7928483
1244,19.4076141,51.7905999
1245,19.4075939,51.7883514
1246,19.4075736,51.7861030
1247,19.4075533,51.7838545
1248,19.4075331,51.7816061
1249,19.4075128,51.7793577
1250,19.4074926,51.7771092
1251,19.4074723,51.7748608
1252,19.4074521,51.7726123
1253,19.4074318,51.7703639
1254,19.4074116,51.7681154
1255,19.4073913,51.7658670
1256,19.4073711,51.7636185
1257,19.4073509,51.7613701
1258,19.4073306,51.7591216
1259,19.4073104,51.7568732
1260,19.4072902,51.7546247
1261,19.4072699,51.7523763
1262,19.4072497,51.7501278
1263,19.4072295,51.7478794
1264,19.4072093,51.7456309
1265,19.4071891,51.7433825
1266,19.4071689,51.7411340
1267,19.4071487,51.7388856
1268,19.4071284,51.7366371
1269,19.4071082,51.7343886
1270,19.4070880,51.7321402
1271,19.4070678,51.7298917
1272,19.4070476,51.7276433
1273,19.4070275,51.7253948
1274,19.4070073,51.7231463
1275,19.4069871,51.7208979
1276,19.4069669,51.7186494
1277,19.4069467,51.7164009
1278,19.4069265,51.7141525
1279,19.4069063,51.7119040
1280,19.4068862,51.7096555
1281,19.4068660,51.7074071
1282,19.4068458,51.7051586
1283,19.4068257,51.7029101
1284,19.4068055,51.7006616
1285,19.4067853,51.6984132
1286,19.4067652,51.6961647
1287,19.4110915,51.8276880
1288,19.4110710,51.8254396
1289,19.4110505,51.8231912
1290,19.4110301,51.8209428
1291,19.4110096,51.8186943
1292,19.4109892,51.8164459
1293,19.4109687,51.8141975
1294,19.4109483,51.8119490
1295,19.4109278,51.8097006
1296,19.4109074,51.8074522
1297,19.4108869,51.8052038
1298,19.4108665,51.8029553
1299,19.4108460,51.8007069
1300,19.4108256,51.7984585
1301,19.4108052,51.7962100
1302,19.4107847,51.7939616
1303,19.4107643,51.7917132
1304,19.4107439,51.7894647
1305,19.4107235,51.7872163
1306,19.4107031,51.7849678
1307,19.4106826,51.7827194
1308,19.4106622,51.7804710
1309,19.4106418,51.7782225
1310,19.4106214,51.7759741
1311,19.4106010,51.7737256
1312,19.4105806,51.7714772
1313,19.4105602,51.7692287
1314,19.4105398,51.7669803
1315,19.4105194,51.7647318
1316,19.4104990,51.7624834
1317,19.4104786,51.7602350
1318,19.4104582,51.7579865
1319,19.4104378,51.7557381
1320,19.4104175,51.7534896
1321,19.4103971,51.7512412
1322,19.4103767,51.7489927
1323,19.4103563,51.7467442
1324,19.4103360,51.7444958
1325,19.4103156,51.7422473
1326,19.4102952,51.7399989
1327,19.4102749,51.7377504
1328,19.4102545,51.7355020
1329,19.4102341,51.7332535
1330,19.4102138,51.7310050
1331,19.4101934,51.7287566
1332,19.4101731,51.7265081
1333,19.4101527,51.7242597
1334,19.4101324,51.7220112
1335,19.4101121,51.7197627
1336,19.4100917,51.7175143
1337,19.4100714,51.7152658
1338,19.4100510,51.7130173
1339,19.4100307,51.7107689
1340,19.4100104,51.7085204
1341,19.4099901,51.7062719
1342,19.4099697,51.7040235
1343,19.4099494,51.7017750
1344,19.4099291,51.6995265
1345,19.4099088,51.6972780
1346,19.4098885,51.6950296
1347,19.4142443,51.8288012
1348,19.4142237,51.8265528
1349,19.4142031,51.8243044
1350,19.4141825,51.8220559
1351,19.4141619,51.8198075
1352,19.4141412,51.8175591
1353,19.4141206,51.8153107
1354,19.4141000,51.8130622
1355,19.4140794,51.8108138
1356,19.4140588,51.8085654
1357,19.4140382,51.8063170
1358,19.4140176,51.8040685
1359,19.4139970,51.8018201
1360,19.4139764,51.7995717
1361,19.4139558,51.7973232
1362,19.4139353,51.7950748
1363,19.4139147,51.7928264
1364,19.4138941,51.7905779
1365,19.4138735,51.7883295
1366,19.4138529,51.7860810
1367,19.4138324,51.7838326
1368,19.4138118,51.7815842
1369,19.4137912,51.7793357
1370,19.4137707,51.7770873
1371,19.4137501,51.7748388
1372,19.4137295,51.7725904
1373,19.4137090,51.7703420
1374,19.4136884,51.7680935
1375,19.4136679,51.7658451
1376,19.4136473,51.7635966
1377,19.4136268,51.7613482
1378,19.4136062,51.7590997
1379,19.4135857,51.7568513
1380,19.4135651,51.7546028
1381,19.4135446,51.7523544
1382,19.4135241,51.7501059
1383,19.4135035,51.7478575
1384,19.4134830,51.7456090
1385,19.4134625,51.7433606
1386,19.4134420,51.7411121
1387,19.4134214,51.7388637
1388,19.4134009,51.7366152
1389,19.4133804,51.7343667
1390,19.4133599,51.7321183
1391,19.4133394,51.7298698
1392,19.4133189,51.7276214
1393,19.4132984,51.7253729
1394,19.4132779,51.7231244
1395,19.4132574,51.7208760
1396,19.4132369,51.7186275
1397,19.4132164,51.7163791
1398,19.4131959,51.7141306
1399,19.4131754,51.7118821
1400,19.4131549,51.7096337
1401,19.4131344,51.7073852
1402,19.4131140,51.7051367
1403,19.4130935,51.7028882
1404,19.4130730,51.7006398
1405,19.4130525,51.6983913
1406,19.4130321,51.6961428
1407,19.4130116,51.6938944
1408,19.4173974,51.8299143
1409,19.4173766,51.8276659
1410,19.4173558,51.8254175
1411,19.4173350,51.8231690
1412,19.4173143,51.8209206
1413,19.4172935,51.8186722
1414,19.4172727,51.8164238
1415,19.4172519,51.8141753
1416,19.4172312,51.8119269
1417,19.4172104,51.8096785
1418,19.4171897,51.8074301
1419,19.4171689,51.8051816
1420,19.4171482,51.8029332
1421,19.4171274,51.8006848
1422,19.4171067,51.7984363
1423,19.4170859,51.7961879
1424,19.4170652,51.7939395
1425,19.4170444,51.7916910
1426,19.4170237,51.7894426
1427,19.4170030,51.7871942
1428,19.4169822,51.7849457
1429,19.4169615,51.7826973
1430,19.4169408,51.7804489
1431,19.4169201,51.7782004
1432,19.4168993,51.7759520
1433,19.4168786,51.7737035
1434,19.4168579,51.7714551
1435,19.4168372,51.7692067
1436,19.4168165,51.7669582
1437,19.4167958,51.7647098
1438,19.4167751,51.7624613
1439,19.4167544,51.7602129
1440,19.4167337,51.7579644
1441,19.4167130,51.7557160
1442,19.4166923,51.7534675
1443,19.4166716,51.7512191
1444,19.4166509,51.7489706
1445,19.4166302,51.7467222
1446,19.4166095,51.7444737
1447,19.4165889,51.7422253
1448,19.4165682,51.7399768
1449,19.4165475,51.7377284
1450,19.4165268,51.7354799
1451,19.4165062,51.7332314
1452,19.4164855,51.7309830
1453,19.4164648,51.7287345
1454,19.4164442,51.7264861
1455,19.4164235,51.7242376
1456,19.4164029,51.7219891
1457,19.4163822,51.7197407
1458,19.4163615,51.7174922
1459,19.4163409,51.7152438
1460,19.4163203,51.7129953
1461,19.4162996,51.7107468
1462,19.4162790,51.7084984
1463,19.4162583,51.7062499
1464,19.4162377,51.7040014
1465,19.4162171,51.7017530
1466,19.4161964,51.6995045
1467,19.4161758,51.6972560
1468,19.4161552,51.6950075
1469,19.4161346,51.6927591
1470,19.4161140,51.6905106
1471,19.4205506,51.8310273
1472,19.4205296,51.8287789
1473,19.4205087,51.8265305
1474,19.4204877,51.8242821
1475,19.4204668,51.8220336
1476,19.4204459,51.8197852
1477,19.4204250,51.8175368
1478,19.4204040,51.8152884
1479,19.4203831,51.8130399
1480,19.4203622,51.8107915
1481,19.4203413,51.8085431
1482,19.4203204,51.8062947
1483,19.4202994,51.8040462
1484,19.4202785,51.8017978
1485,19.4202576,51.7995494
1486,19.4202367,51.7973009
1487,19.4202158,51.7950525
1488,19.4201949,51.7928041
1489,19.4201740,51.7905556
1490,19.4201531,51.7883072
1491,19.4201323,51.7860588
1492,19.4201114,51.7838103
1493,19.4200905,51.7815619
1494,19.4200696,51.7793135
1495,19.4200487,51.7770650
1496,19.4200279,51.7748166
1497,19.4200070,51.7725681
1498,19.4199861,51.7703197
1499,19.4199652,51.7680713
1500,19.4199444,51.7658228
1501,19.4199235,51.7635744
1502,19.4199027,51.7613259
1503,19.4198818,51.7590775
1504,19.4198610,51.7568290
1505,19.4198401,51.7545806
1506,19.4198193,51.7523321
1507,19.4197984,51.7500837
1508,19.4197776,51.7478352
1509,19.4197567,51.7455868
1510,19.4197359,51.7433383
1511,19.4197151,51.7410899
1512,19.4196942,51.7388414
1513,19.4196734,51.7365930
1514,19.4196526,51.7343445
1515,19.4196317,51.7320961
1516,19.4196109,51.7298476
1517,19.4195901,51.7275991
1518,19.4195693,51.7253507
1519,19.4195485,51.7231022
1520,19.4195277,51.7208538
1521,19.4195069,51.7186053
1522,19.4194861,51.7163568
1523,19.4194653,51.7141084
1524,19.4194445,51.7118599
1525,19.4194237,51.7096114
1526,19.4194029,51.7073630
1527,19.4193821,51.7051145
1528,19.4193613,51.7028660
1529,19.4193405,51.7006176
1530,19.4193197,51.6983691
1531,19.4192989,51.6961206
1532,19.4192782,51.6938722
1533,19.4192574,51.6916237
1534,19.4192366,51.6893752
1535,19.4192158,51.6871267
1536,19.4237039,51.8321403
1537,19.4236828,51.8298918
1538,19.4236617,51.8276434
1539,19.4236406,51.8253950
1540,19.4236195,51.8231466
1541,19.4235984,51.8208982
1542,19.4235773,51.8186497
1543,19.4235563,51.8164013
1544,19.4235352,51.8141529
1545,19.4235141,51.8119045
1546,19.4234930,51.8096560
1547,19.4234720,51.8074076
1548,19.4234509,51.8051592
1549,19.4234298,51.8029108
1550,19.4234088,51.8006623
1551,19.4233877,51.7984139
1552,19.4233666,51.7961655
1553,19.4233456,51.7939170
1554,19.4233245,51.7916686
1555,19.4233035,51.7894202
1556,19.4232824,51.7871717
1557,19.4232614,51.7849233
1558,19.4232404,51.7826749
1559,19.4232193,51.7804264
1560,19.4231983,51.7781780
1561,19.4231773,51.7759295
1562,19.4231562,51.7736811
1563,19.4231352,51.7714327
1564,19.4231142,51.7691842
1565,19.4230932,51.7669358
1566,19.4230721,51.7646873
1567,19.4230511,51.7624389
1568,19.4230301,51.7601905
1569,19.4230091,51.7579420
1570,19.4229881,51.7556936
1571,19.4229671,51.7534451
1572,19.4229461,51.7511967
1573,19.4229251,51.7489482
1574,19.4229041,51.7466998
1575,19.4228831,51.7444513
1576,19.4228621,51.7422029
1577,19.4228411,51.7399544
1578,19.4228201,51.7377060
1579,19.4227991,51.7354575
1580,19.4227782,51.7332090
1581,19.4227572,51.7309606
1582,19.4227362,51.7287121
1583,19.4227152,51.7264637
1584,19.4226943,51.7242152
1585,19.4226733,51.7219668
1586,19.4226523,51.7197183
1587,19.4226314,51.7174698
1588,19.4226104,51.7152214
1589,19.4225895,51.7129729
1590,19.4225685,51.7107244
1591,19.4225476,51.7084760
1592,19.4225266,51.7062275
1593,19.4225057,51.7039791
1594,19.4224847,51.7017306
1595,19.4224638,51.6994821
1596,19.4224428,51.6972336
1597,19.4224219,51.6949852
1598,19.4224010,51.6927367
1599,19.4223800,51.6904882
1600,19.4223591,51.6882398
1601,19.4268361,51.8310047
1602,19.4268149,51.8287563
1603,19.4267936,51.8265078
1604,19.4267724,51.8242594
1605,19.4267511,51.8220110
1606,19.4267299,51.8197626
1607,19.4267086,51.8175142
1608,19.4266874,51.8152657
1609,19.4266662,51.8130173
1610,19.4266449,51.8107689
1611,19.4266237,51.8085205
1612,19.4266025,51.8062720
1613,19.4265813,51.8040236
1614,19.4265600,51.8017752
1615,19.4265388,51.7995268
1616,19.4265176,51.7972783
1617,19.4264964,51.7950299
1618,19.4264752,51.7927815
1619,19.4264540,51.7905330
1620,19.4264328,51.7882846
1621,19.4264116,51.7860362
1622,19.4263904,51.7837877
1623,19.4263692,51.7815393
1624,19.4263480,51.7792909
1625,19.4263268,51.7770424
1626,19.4263056,51.7747940
1627,19.4262844,51.7725456
1628,19.4262633,51.7702971
1629,19.4262421,51.7680487
1630,19.4262209,51.7658002
1631,19.4261997,51.7635518
1632,19.4261786,51.7613033
1633,19.4261574,51.7590549
1634,19.4261362,51.7568065
1635,19.4261151,51.7545580
1636,19.4260939,51.7523096
1637,19.4260727,51.7500611
1638,19.4260516,51.7478127
1639,19.4260304,51.7455642
1640,19.4260093,51.7433158
1641,19.4259881,51.7410673
1642,19.4259670,51.7388189
1643,19.4259459,51.7365704
1644,19.4259247,51.7343220
1645,19.4259036,51.7320735
1646,19.4258825,51.7298250
1647,19.4258613,51.7275766
1648,19.4258402,51.7253281
1649,19.4258191,51.7230797
1650,19.4257980,51.7208312
1651,19.4257768,51.7185828
1652,19.4257557,51.7163343
1653,19.4257346,51.7140858
1654,19.4257135,51.7118374
1655,19.4256924,51.7095889
1656,19.4256713,51.7073404
1657,19.4256502,51.7050920
1658,19.4256291,51.7028435
1659,19.4256080,51.7005950
1660,19.4255869,51.6983466
1661,19.4255658,51.6960981
1662,19.4255447,51.6938496
1663,19.4255236,51.6916012
1664,19.4255025,51.6893527
1665,19.4254815,51.6871042
1666,19.4299896,51.8321174
1667,19.4299682,51.8298690
1668,19.4299468,51.8276206
1669,19.4299254,51.8253722
1670,19.4299040,51.8231238
1671,19.4298826,51.8208754
1672,19.4298612,51.8186269
1673,19.4298398,51.8163785
1674,19.4298184,51.8141301
1675,19.4297970,51.8118817
1676,19.4297756,51.8096332
1677,19.4297542,51.8073848
1678,19.4297329,51.8051364
1679,19.4297115,51.8028880
1680,19.4296901,51.8006395
1681,19.4296687,51.7983911
1682,19.4296474,51.7961427
1683,19.4296260,51.7938943
1684,19.4296046,51.7916458
1685,19.4295833,51.7893974
1686,19.4295619,51.7871490
1687,19.4295406,51.7849005
1688,19.4295192,51.7826521
1689,19.4294979,51.7804037
1690,19.4294765,51.7781552
1691,19.4294552,51.7759068
1692,19.4294338,51.7736583
1693,19.4294125,51.7714099
1694,19.4293912,51.7691615
1695,19.4293698,51.7669130
1696,19.4293485,51.7646646
1697,19.4293272,51.7624161
1698,19.4293058,51.7601677
1699,19.4292845,51.7579193
1700,19.4292632,51.7556708
1701,19.4292419,51.7534224
1702,19.4292206,51.7511739
1703,19.4291993,51.7489255
1704,19.4291779,51.7466770
1705,19.4291566,51.7444286
1706,19.4291353,51.7421801
1707,19.4291140,51.7399317
1708,19.4290927,51.7376832
1709,19.4290714,51.7354348
1710,19.4290501,51.7331863
1711,19.4290289,51.7309379
1712,19.4290076,51.7286894
1713,19.4289863,51.7264410
1714,19.4289650,51.7241925
1715,19.4289437,51.7219440
1716,19.4289225,51.7196956
1717,19.4289012,51.7174471
1718,19.4288799,51.7151987
1719,19.4288586,51.7129502
1720,19.4288374,51.7107017
1721,19.4288161,51.7084533
1722,19.4287949,51.7062048
1723,19.4287736,51.7039563
1724,19.4287524,51.7017079
1725,19.4287311,51.6994594
1726,19.4287099,51.6972109
1727,19.4286886,51.6949625
1728,19.4286674,51.6927140
1729,19.4286461,51.6904655
1730,19.4286249,51.6882171
1731,19.4286037,51.6859686
1732,19.4331217,51.8309817
1733,19.4331001,51.8287333
1734,19.4330786,51.8264849
1735,19.4330570,51.8242365
1736,19.4330354,51.8219880
1737,19.4330139,51.8197396
1738,19.4329923,51.8174912
1739,19.4329708,51.8152428
1740,19.4329492,51.8129944
1741,19.4329277,51.8107459
1742,19.4329062,51.8084975
1743,19.4328846,51.8062491
1744,19.4328631,51.8040007
1745,19.4328415,51.8017522
1746,19.4328200,51.7995038
1747,19.4327985,51.7972554
1748,19.4327770,51.7950070
1749,19.4327554,51.7927585
1750,19.4327339,51.7905101
1751,19.4327124,51.7882617
1752,19.4326909,51.7860132
1753,19.4326694,51.7837648
1754,19.4326479,51.7815164
1755,19.4326264,51.7792679
1756,19.4326049,51.7770195
1757,19.4325834,51.7747711
1758,19.4325619,51.7725226
1759,19.4325404,51.7702742
1760,19.4325189,51.7680257
1761,19.4324974,51.7657773
1762,19.4324759,51.7635289
1763,19.4324544,51.7612804
1764,19.4324330,51.7590320
1765,19.4324115,51.7567835
1766,19.4323900,51.7545351
1767,19.4323685,51.7522866
1768,19.4323471,51.7500382
1769,19.4323256,51.7477898
1770,19.4323041,51.7455413
1771,19.4322827,51.7432929
1772,19.4322612,51.7410444
1773,19.4322398,51.7387960
1774,19.4322183,51.7365475
1775,19.4321969,51.7342991
1776,19.4321754,51.7320506
1777,19.4321540,51.7298021
1778,19.4321325,51.7275537
1779,19.4321111,51.7253052
1780,19.4320897,51.7230568
1781,19.4320682,51.7208083
1782,19.4320468,51.7185599
1783,19.4320254,51.7163114
1784,19.4320040,51.7140629
1785,19.4319825,51.7118145
1786,19.4319611,51.7095660
1787,19.4319397,51.7073176
1788,19.4319183,51.7050691
1789,19.4318969,51.7028206
1790,19.4318755,51.7005722
1791,19.4318541,51.6983237
1792,19.4318327,51.6960752
1793,19.4318113,51.6938268
1794,19.4317899,51.6915783
1795,19.4317685,51.6893298
1796,19.4317471,51.6870814
1797,19.4362971,51.8343427
1798,19.4362753,51.8320943
1799,19.4362536,51.8298459
1800,19.4362319,51.8275975
1801,19.4362102,51.8253491
1802,19.4361885,51.8231006
1803,19.4361667,51.8208522
1804,19.4361450,51.8186038
1805,19.4361233,51.8163554
1806,19.4361016,51.8141070
1807,19.4360799,51.8118585
1808,19.4360582,51.8096101
1809,19.4360365,51.8073617
1810,19.4360148,51.8051133
1811,19.4359931,51.8028648
1812,19.4359714,51.8006164
1813,19.4359498,51.7983680
1814,19.4359281,51.7961196
1815,19.4359064,51.7938711
1816,19.4358847,51.7916227
1817,19.4358631,51.7893743
1818,19.4358414,51.7871259
1819,19.4358197,51.7848774
1820,19.4357980,51.7826290
1821,19.4357764,51.7803806
1822,19.4357547,51.7781321
1823,19.4357331,51.7758837
1824,19.4357114,51.7736352
1825,19.4356898,51.7713868
1826,19.4356681,51.7691384
1827,19.4356465,51.7668899
1828,19.4356248,51.7646415
1829,19.4356032,51.7623931
1830,19.4355816,51.7601446
1831,19.4355599,51.7578962
1832,19.4355383,51.7556477
1833,19.4355167,51.7533993
1834,19.4354950,51.7511508
1835,19.4354734,51.7489024
1836,19.4354518,51.7466540
1837,19.4354302,51.7444055
1838,19.4354086,51.7421571
1839,19.4353870,51.7399086
1840,19.4353653,51.7376602
1841,19.4353437,51.7354117
1842,19.4353221,51.7331633
1843,19.4353005,51.7309148
1844,19.4352789,51.7286663
1845,19.4352573,51.7264179
1846,19.4352358,51.7241694
1847,19.4352142,51.7219210
1848,19.4351926,51.7196725
1849,19.4351710,51.7174241
1850,19.4351494,51.7151756
1851,19.4351278,51.7129272
1852,19.4351063,51.7106787
1853,19.4350847,51.7084302
1854,19.4350631,51.7061818
1855,19.4350416,51.7039333
1856,19.4350200,51.7016848
1857,19.4349984,51.6994364
1858,19.4349769,51.6971879
1859,19.4349553,51.6949394
1860,19.4349338,51.6926910
1861,19.4349122,51.6904425
1862,19.4348907,51.6881940
1863,19.4394510,51.8354552
1864,19.4394291,51.8332068
1865,19.4394072,51.8309584
1866,19.4393854,51.8287100
1867,19.4393635,51.8264616
1868,19.4393416,51.8242132
1869,19.4393197,51.8219647
1870,19.4392979,51.8197163
1871,19.4392760,51.8174679
1872,19.4392541,51.8152195
1873,19.4392323,51.8129711
1874,19.4392104,51.8107226
1875,19.4391886,51.8084742
1876,19.4391667,51.8062258
1877,19.4391449,51.8039774
1878,19.4391230,51.8017289
1879,19.4391012,51.7994805
1880,19.4390794,51.7972321
1881,19.4390575,51.7949837
1882,19.4390357,51.7927352
1883,19.4390139,51.7904868
1884,19.4389920,51.7882384
1885,19.4389702,51.7859900
1886,19.4389484,51.7837415
1887,19.4389266,51.7814931
1888,19.4389047,51.7792447
1889,19.4388829,51.7769962
1890,19.4388611,51.7747478
1891,19.4388393,51.7724994
1892,19.4388175,51.7702509
1893,19.4387957,51.7680025
1894,19.4387739,51.7657540
1895,19.4387521,51.7635056
1896,19.4387303,51.7612572
1897,19.4387085,51.7590087
1898,19.4386867,51.7567603
1899,19.4386649,51.7545118
1900,19.4386432,51.7522634
1901,19.4386214,51.7500150
1902,19.4385996,51.7477665
1903,19.4385778,51.7455181
1904,19.4385561,51.7432696
1905,19.4385343,51.7410212
1906,19.4385125,51.7387727
1907,19.4384908,51.7365243
1908,19.4384690,51.7342758
1909,19.4384472,51.7320274
1910,19.4384255,51.7297789
1911,19.4384037,51.7275305
1912,19.4383820,51.7252820
1913,19.4383602,51.7230336
1914,19.4383385,51.7207851
1915,19.4383168,51.7185366
1916,19.4382950,51.7162882
1917,19.4382733,51.7140397
1918,19.4382516,51.7117913
1919,19.4382298,51.7095428
1920,19.4382081,51.7072944
1921,19.4381864,51.7050459
1922,19.4381647,51.7027974
1923,19.4381429,51.7005490
1924,19.4381212,51.6983005
1925,19.4380995,51.6960520
1926,19.4380778,51.6938036
1927,19.4380561,51.6915551
1928,19.4380344,51.6893066
1929,19.4380127,51.6870582
1930,19.4425831,51.8343192
1931,19.4425610,51.8320708
1932,19.4425390,51.8298224
1933,19.4425170,51.8275740
1934,19.4424949,51.8253256
1935,19.4424729,51.8230772
1936,19.4424509,51.8208287
1937,19.4424289,51.8185803
1938,19.4424068,51.8163319
1939,19.4423848,51.8140835
1940,19.4423628,51.8118351
1941,19.4423408,51.8095867
1942,19.4423188,51.8073382
1943,19.4422968,51.8050898
1944,19.4422748,51.8028414
1945,19.4422528,51.8005930
1946,19.4422308,51.7983445
1947,19.4422088,51.7960961
1948,19.4421868,51.7938477
1949,19.4421648,51.7915993
1950,19.4421428,51.7893508
1951,19.4421208,51.7871024
1952,19.4420989,51.7848540
1953,19.4420769,51.7826055
1954,19.4420549,51.7803571
1955,19.4420329,51.7781087
1956,19.4420110,51.7758603
1957,19.4419890,51.7736118
1958,19.4419670,51.7713634
1959,19.4419451,51.7691149
1960,19.4419231,51.7668665
1961,19.4419012,51.7646181
1962,19.4418792,51.7623696
1963,19.4418573,51.7601212
1964,19.4418353,51.7578728
1965,19.4418134,51.7556243
1966,19.4417914,51.7533759
1967,19.4417695,51.7511274
1968,19.4417476,51.7488790
1969,19.4417256,51.7466305
1970,19.4417037,51.7443821
1971,19.4416818,51.7421336
1972,19.4416599,51.7398852
1973,19.4416379,51.7376368
1974,19.4416160,51.7353883
1975,19.4415941,51.7331399
1976,19.4415722,51.7308914
1977,19.4415503,51.7286430
1978,19.4415284,51.7263945
1979,19.4415065,51.7241460
1980,19.4414846,51.7218976
1981,19.4414627,51.7196491
1982,19.4414408,51.7174007
1983,19.4414189,51.7151522
1984,19.4413970,51.7129038
1985,19.4413751,51.7106553
1986,19.4413532,51.7084068
1987,19.4413314,51.7061584
1988,19.4413095,51.7039099
1989,19.4412876,51.7016615
1990,19.4412657,51.6994130
1991,19.4412439,51.6971645
1992,19.4412220,51.6949161
1993,19.4412001,51.6926676
1994,19.4411783,51.6904191
1995,19.4411564,51.6881707
1996,19.4458927,51.8511704
1997,19.4458704,51.8489220
1998,19.4457372,51.8354316
1999,19.4457150,51.8331832
2000,19.4456928,51.8309347
2001,19.4456706,51.8286863
2002,19.4456484,51.8264379
2003,19.4456262,51.8241895
2004,19.4456040,51.8219411
2005,19.4455819,51.8196927
2006,19.4455597,51.8174443
2007,19.4455375,51.8151958
2008,19.4455153,51.8129474
2009,19.4454932,51.8106990
2010,19.4454710,51.8084506
2011,19.4454488,51.8062022
2012,19.4454267,51.8039537
2013,19.4454045,51.8017053
2014,19.4453824,51.7994569
2015,19.4453602,51.7972085
2016,19.4453381,51.7949601
2017,19.4453159,51.7927116
2018,19.4452938,51.7904632
2019,19.4452716,51.7882148
2020,19.4452495,51.7859663
2021,19.4452274,51.7837179
2022,19.4452052,51.7814695
2023,19.4451831,51.7792211
2024,19.4451610,51.7769726
2025,19.4451389,51.7747242
2026,19.4451167,51.7724758
2027,19.4450946,51.7702273
2028,19.4450725,51.7679789
2029,19.4450504,51.7657305
2030,19.4450283,51.7634820
2031,19.4450062,51.7612336
2032,19.4449841,51.7589851
2033,19.4449620,51.7567367
2034,19.4449399,51.7544883
2035,19.4449178,51.7522398
2036,19.4448957,51.7499914
2037,19.4448736,51.7477429
2038,19.4448515,51.7454945
2039,19.4448294,51.7432460
2040,19.4448074,51.7409976
2041,19.4447853,51.7387491
2042,19.4447632,51.7365007
2043,19.4447411,51.7342523
2044,19.4447191,51.7320038
2045,19.4446970,51.7297554
2046,19.4446749,51.7275069
2047,19.4446529,51.7252585
2048,19.4446308,51.7230100
2049,19.4446088,51.7207615
2050,19.4445867,51.7185131
2051,19.4445647,51.7162646
2052,19.4445426,51.7140162
2053,19.4445206,51.7117677
2054,19.4444985,51.7095193
2055,19.4444765,51.7072708
2056,19.4444545,51.7050223
2057,19.4444324,51.7027739
2058,19.4444104,51.7005254
2059,19.4443884,51.6982770
2060,19.4443664,51.6960285
2061,19.4443443,51.6937800
2062,19.4443223,51.6915316
2063,19.4443003,51.6892831
2064,19.4442783,51.6870346
2065,19.4490256,51.8500343
2066,19.4490033,51.8477858
2067,19.4488914,51.8365438
2068,19.4488691,51.8342954
2069,19.4488467,51.8320470
2070,19.4488244,51.8297986
2071,19.4488020,51.8275502
2072,19.4487797,51.8253018
2073,19.4487574,51.8230534
2074,19.4487350,51.8208049
2075,19.4487127,51.8185565
2076,19.4486903,51.8163081
2077,19.4486680,51.8140597
2078,19.4486457,51.8118113
2079,19.4486234,51.8095629
2080,19.4486010,51.8073144
2081,19.4485787,51.8050660
2082,19.4485564,51.8028176
2083,19.4485341,51.8005692
2084,19.4485118,51.7983208
2085,19.4484895,51.7960723
2086,19.4484672,51.7938239
2087,19.4484449,51.7915755
2088,19.4484226,51.7893271
2089,19.4484003,51.7870786
2090,19.4483780,51.7848302
2091,19.4483557,51.7825818
2092,19.4483334,51.7803333
2093,19.4483111,51.7780849
2094,19.4482889,51.7758365
2095,19.4482666,51.7735880
2096,19.4482443,51.7713396
2097,19.4482220,51.7690912
2098,19.4481998,51.7668427
2099,19.4481775,51.7645943
2100,19.4481552,51.7623459
2101,19.4481330,51.7600974
2102,19.4481107,51.7578490
2103,19.4480885,51.7556006
2104,19.4480662,51.7533521
2105,19.4480440,51.7511037
2106,19.4480217,51.7488552
2107,19.4479995,51.7466068
2108,19.4479772,51.7443584
2109,19.4479550,51.7421099
2110,19.4479328,51.7398615
2111,19.4479105,51.7376130
2112,19.4478883,51.7353646
2113,19.4478661,51.7331161
2114,19.4478439,51.7308677
2115,19.4478216,51.7286192
2116,19.4477994,51.7263708
2117,19.4477772,51.7241223
2118,19.4477550,51.7218739
2119,19.4477328,51.7196254
2120,19.4477106,51.7173770
2121,19.4476884,51.7151285
2122,19.4476662,51.7128801
2123,19.4476440,51.7106316
2124,19.4476218,51.7083831
2125,19.4475996,51.7061347
2126,19.4475774,51.7038862
2127,19.4475552,51.7016378
2128,19.4475330,51.6993893
2129,19.4475109,51.6971408
2130,19.4474887,51.6948924
2131,19.4474665,51.6926439
2132,19.4474443,51.6903954
2133,19.4474222,51.6881470
2134,19.4521585,51.8488980
2135,19.4521360,51.8466496
2136,19.4520909,51.8421528
2137,19.4520234,51.8354076
2138,19.4520008,51.8331592
2139,19.4519783,51.8309108
2140,19.4519558,51.8286624
2141,19.4519333,51.8264139
2142,19.4519108,51.8241655
2143,19.4518883,51.8219171
2144,19.4518658,51.8196687
2145,19.4518433,51.8174203
2146,19.4518209,51.8151719
2147,19.4517984,51.8129235
2148,19.4517759,51.8106750
2149,19.4517534,51.8084266
2150,19.4517309,51.8061782
2151,19.4517085,51.8039298
2152,19.4516860,51.8016814
2153,19.4516635,51.7994329
2154,19.4516411,51.7971845
2155,19.4516186,51.7949361
2156,19.4515961,51.7926877
2157,19.4515737,51.7904393
2158,19.4515512,51.7881908
2159,19.4515288,51.7859424
2160,19.4515063,51.7836940
2161,19.4514839,51.7814455
2162,19.4514615,51.7791971
2163,19.4514390,51.7769487
2164,19.4514166,51.7747003
2165,19.4513941,51.7724518
2166,19.4513717,51.7702034
2167,19.4513493,51.7679550
2168,19.4513269,51.7657065
2169,19.4513044,51.7634581
2170,19.4512820,51.7612097
2171,19.4512596,51.7589612
2172,19.4512372,51.7567128
2173,19.4512148,51.7544643
2174,19.4511924,51.7522159
2175,19.4511700,51.7499675
2176,19.4511476,51.7477190
2177,19.4511252,51.7454706
2178,19.4511028,51.7432221
2179,19.4510804,51.7409737
2180,19.4510580,51.7387252
2181,19.4510356,51.7364768
2182,19.4510132,51.7342284
2183,19.4509909,51.7319799
2184,19.4509685,51.7297315
2185,19.4509461,51.7274830
2186,19.4509237,51.7252346
2187,19.4509014,51.7229861
2188,19.4508790,51.7207377
2189,19.4508567,51.7184892
2190,19.4508343,51.7162407
2191,19.4508119,51.7139923
2192,19.4507896,51.7117438
2193,19.4507672,51.7094954
2194,19.4507449,51.7072469
2195,19.4507225,51.7049985
2196,19.4507002,51.7027500
2197,19.4506779,51.7005016
2198,19.4506555,51.6982531
2199,19.4506332,51.6960046
2200,19.4506109,51.6937562
2201,19.4505885,51.6915077
2202,19.4505662,51.6892592
2203,19.4505439,51.6870108
2204,19.4553138,51.8500101
2205,19.4552912,51.8477617
2206,19.4552685,51.8455133
2207,19.4552458,51.8432649
2208,19.4552231,51.8410165
2209,19.4552004,51.8387681
2210,19.4551778,51.8365197
2211,19.4551551,51.8342713
2212,19.4551324,51.8320228
2213,19.4551098,51.8297744
2214,19.4550871,51.8275260
2215,19.4550644,51.8252776
2216,19.4550418,51.8230292
2217,19.4550191,51.8207808
2218,19.4549965,51.8185324
2219,19.4549738,51.8162840
2220,19.4549512,51.8140356
2221,19.4549286,51.8117871
2222,19.4549059,51.8095387
2223,19.4548833,51.8072903
2224,19.4548607,51.8050419
2225,19.4548380,51.8027935
2226,19.4548154,51.8005450
2227,19.4547928,51.7982966
2228,19.4547702,51.7960482
2229,19.4547476,51.7937998
2230,19.4547249,51.7915514
2231,19.4547023,51.7893029
2232,19.4546797,51.7870545
2233,19.4546571,51.7848061
2234,19.4546345,51.7825577
2235,19.4546119,51.7803092
2236,19.4545893,51.7780608
2237,19.4545667,51.7758124
2238,19.4545441,51.7735639
2239,19.4545216,51.7713155
2240,19.4544990,51.7690671
2241,19.4544764,51.7668186
2242,19.4544538,51.7645702
2243,19.4544312,51.7623218
2244,19.4544087,51.7600733
2245,19.4543861,51.7578249
2246,19.4543635,51.7555765
2247,19.4543410,51.7533280
2248,19.4543184,51.7510796
2249,19.4542959,51.7488312
2250,19.4542733,51.7465827
2251,19.4542507,51.7443343
2252,19.4542282,51.7420858
2253,19.4542057,51.7398374
2254,19.4541831,51.7375889
2255,19.4541606,51.7353405
2256,19.4541380,51.7330921
2257,19.4541155,51.7308436
2258,19.4540930,51.7285952
2259,19.4540704,51.7263467
2260,19.4540479,51.7240983
2261,19.4540254,51.7218498
2262,19.4540029,51.7196014
2263,19.4539804,51.7173529
2264,19.4539578,51.7151045
2265,19.4539353,51.7128560
2266,19.4539128,51.7106075
2267,19.4538903,51.7083591
2268,19.4538678,51.7061106
2269,19.4538453,51.7038622
2270,19.4538228,51.7016137
2271,19.4538003,51.6993653
2272,19.4537778,51.6971168
2273,19.4537554,51.6948683
2274,19.4537329,51.6926199
2275,19.4537104,51.6903714
2276,19.4536879,51.6881230
2277,19.4584465,51.8488737
2278,19.4584237,51.8466253
2279,19.4584008,51.8443769
2280,19.4583780,51.8421285
2281,19.4583552,51.8398801
2282,19.4583323,51.8376317
2283,19.4583095,51.8353833
2284,19.4582867,51.8331348
2285,19.4582639,51.8308864
2286,19.4582410,51.8286380
2287,19.4582182,51.8263896
2288,19.4581954,51.8241412
2289,19.4581726,51.8218928
2290,19.4581498,51.8196444
2291,19.4581270,51.8173960
2292,19.4581042,51.8151476
2293,19.4580814,51.8128992
2294,19.4580586,51.8106507
2295,19.4580358,51.8084023
2296,19.4580130,51.8061539
2297,19.4579902,51.8039055
2298,19.4579675,51.8016571
2299,19.4579447,51.7994087
2300,19.4579219,51.7971602
2301,19.4578991,51.7949118
2302,19.4578764,51.7926634
2303,19.4578536,51.7904150
2304,19.4578308,51.7881665
2305,19.4578081,51.7859181
2306,19.4577853,51.7836697
2307,19.4577625,51.7814213
2308,19.4577398,51.7791728
2309,19.4577170,51.7769244
2310,19.4576943,51.7746760
2311,19.4576716,51.7724276
2312,19.4576488,51.7701791
2313,19.4576261,51.7679307
2314,19.4576033,51.7656823
2315,19.4575806,51.7634338
2316,19.4575579,51.7611854
2317,19.4575351,51.7589370
2318,19.4575124,51.7566885
2319,19.4574897,51.7544401
2320,19.4574670,51.7521916
2321,19.4574443,51.7499432
2322,19.4574216,51.7476948
2323,19.4573989,51.7454463
2324,19.4573761,51.7431979
2325,19.4573534,51.7409494
2326,19.4573307,51.7387010
2327,19.4573080,51.7364526
2328,19.4572854,51.7342041
2329,19.4572627,51.7319557
2330,19.4572400,51.7297072
2331,19.4572173,51.7274588
2332,19.4571946,51.7252103
2333,19.4571719,51.7229619
2334,19.4571493,51.7207134
2335,19.4571266,51.7184650
2336,19.4571039,51.7162165
2337,19.4570812,51.7139681
2338,19.4570586,51.7117196
2339,19.4570359,51.7094712
2340,19.4570133,51.7072227
2341,19.4569906,51.7049743
2342,19.4569680,51.7027258
2343,19.4569453,51.7004773
2344,19.4569227,51.6982289
2345,19.4569000,51.6959804
2346,19.4568774,51.6937320
2347,19.4568547,51.6914835
2348,19.4568321,51.6892350
2349,19.4616020,51.8499856
2350,19.4615790,51.8477372
2351,19.4615560,51.8454888
2352,19.4615330,51.8432404
2353,19.4615100,51.8409920
2354,19.4614871,51.8387436
2355,19.4614641,51.8364952
2356,19.4614411,51.8342468
2357,19.4614181,51.8319984
2358,19.4613951,51.8297499
2359,19.4613722,51.8275015
2360,19.4613492,51.8252531
2361,19.4613262,51.8230047
2362,19.4613033,51.8207563
2363,19.4612803,51.8185079
2364,19.4612573,51.8162595
2365,19.4612344,51.8140111
2366,19.4612114,51.8117627
2367,19.4611885,51.8095143
2368,19.4611655,51.8072658
2369,19.4611426,51.8050174
2370,19.4611197,51.8027690
2371,19.4610967,51.8005206
2372,19.4610738,51.7982722
2373,19.4610508,51.7960237
2374,19.4610279,51.7937753
2375,19.4610050,51.7915269
2376,19.4609821,51.7892785
2377,19.4609592,51.7870301
2378,19.4609362,51.7847816
2379,19.4609133,51.7825332
2380,19.4608904,51.7802848
2381,19.4608675,51.7780364
2382,19.4608446,51.7757879
2383,19.4608217,51.7735395
2384,19.4607988,51.7712911
2385,19.4607759,51.7690426
2386,19.4607530,51.7667942
2387,19.4607301,51.7645458
2388,19.4607072,51.7622974
2389,19.4606844,51.7600489
2390,19.4606615,51.7578005
2391,19.4606386,51.7555520
2392,19.4606157,51.7533036
2393,19.4605928,51.7510552
2394,19.4605700,51.7488067
2395,19.4605471,51.7465583
2396,19.4605243,51.7443099
2397,19.4605014,51.7420614
2398,19.4604785,51.7398130
2399,19.4604557,51.7375645
2400,19.4604328,51.7353161
2401,19.4604100,51.7330676
2402,19.4603871,51.7308192
2403,19.4603643,51.7285708
2404,19.4603415,51.7263223
2405,19.4603186,51.7240739
2406,19.4602958,51.7218254
2407,19.4602730,51.7195770
2408,19.4602501,51.7173285
2409,19.4602273,51.7150801
2410,19.4602045,51.7128316
2411,19.4601817,51.7105832
2412,19.4601589,51.7083347
2413,19.4601360,51.7060863
2414,19.4601132,51.7038378
2415,19.4600904,51.7015893
2416,19.4600676,51.6993409
2417,19.4600448,51.6970924
2418,19.4600220,51.6948440
2419,19.4599992,51.6925955
2420,19.4599764,51.6903470
2421,19.4599537,51.6880986
2422,19.4647577,51.8510974
2423,19.4647345,51.8488490
2424,19.4647114,51.8466006
2425,19.4646882,51.8443522
2426,19.4646651,51.8421038
2427,19.4646419,51.8398554
2428,19.4646188,51.8376070
2429,19.4645957,51.8353586
2430,19.4645725,51.8331102
2431,19.4645494,51.8308618
2432,19.4645262,51.8286134
2433,19.4645031,51.8263650
2434,19.4644800,51.8241166
2435,19.4644569,51.8218682
2436,19.4644338,51.8196197
2437,19.4644106,51.8173713
2438,19.4643875,51.8151229
2439,19.4643644,51.8128745
2440,19.4643413,51.8106261
2441,19.4643182,51.8083777
2442,19.4642951,51.8061293
2443,19.4642720,51.8038809
2444,19.4642489,51.8016324
2445,19.4642258,51.7993840
2446,19.4642027,51.7971356
2447,19.4641796,51.7948872
2448,19.4641566,51.7926388
2449,19.4641335,51.7903903
2450,19.4641104,51.7881419
2451,19.4640873,51.7858935
2452,19.4640643,51.7836451
2453,19.4640412,51.7813967
2454,19.4640181,51.7791482
2455,19.4639951,51.7768998
2456,19.4639720,51.7746514
2457,19.4639489,51.7724029
2458,19.4639259,51.7701545
2459,19.4639028,51.7679061
2460,19.4638798,51.7656577
2461,19.4638568,51.7634092
2462,19.4638337,51.7611608
2463,19.4638107,51.7589124
2464,19.4637876,51.7566639
2465,19.4637646,51.7544155
2466,19.4637416,51.7521671
2467,19.4637186,51.7499186
2468,19.4636955,51.7476702
2469,19.4636725,51.7454217
2470,19.4636495,51.7431733
2471,19.4636265,51.7409249
2472,19.4636035,51.7386764
2473,19.4635805,51.7364280
2474,19.4635575,51.7341795
2475,19.4635345,51.7319311
2476,19.4635115,51.7296827
2477,19.4634885,51.7274342
2478,19.4634655,51.7251858
2479,19.4634425,51.7229373
2480,19.4634195,51.7206889
2481,19.4633965,51.7184404
2482,19.4633735,51.7161920
2483,19.4633505,51.7139435
2484,19.4633276,51.7116951
2485,19.4633046,51.7094466
2486,19.4632816,51.7071982
2487,19.4632587,51.7049497
2488,19.4632357,51.7027013
2489,19.4632127,51.7004528
2490,19.4631898,51.6982043
2491,19.4631668,51.6959559
2492,19.4631439,51.6937074
2493,19.4631209,51.6914590
2494,19.4630980,51.6892105
2495,19.4679135,51.8522091
2496,19.4678902,51.8499607
2497,19.4678669,51.8477123
2498,19.4678436,51.8454639
2499,19.4678203,51.8432155
2500,19.4677970,51.8409671
2501,19.4677737,51.8387187
2502,19.4677504,51.8364703
2503,19.4677271,51.8342219
2504,19.4677038,51.8319735
2505,19.4676805,51.8297251
2506,19.4676572,51.8274767
2507,19.4676339,51.8252283
2508,19.4676106,51.8229799
2509,19.4675874,51.8207315
2510,19.4675641,51.8184831
2511,19.4675408,51.8162347
2512,19.4675176,51.8139863
2513,19.4674943,51.8117379
2514,19.4674710,51.8094894
2515,19.4674478,51.8072410
2516,19.4674245,51.8049926
2517,19.4674013,51.8027442
2518,19.4673780,51.8004958
2519,19.4673548,51.7982474
2520,19.4673315,51.7959990
2521,19.4673083,51.7937505
2522,19.4672850,51.7915021
2523,19.4672618,51.7892537
2524,19.4672386,51.7870053
2525,19.4672153,51.7847569
2526,19.4671921,51.7825084
2527,19.4671689,51.7802600
2528,19.4671457,51.7780116
2529,19.4671225,51.7757632
2530,19.4670992,51.7735147
2531,19.4670760,51.7712663
2532,19.4670528,51.7690179
2533,19.4670296,51.7667694
2534,19.4670064,51.7645210
2535,19.4669832,51.7622726
2536,19.4669600,51.7600242
2537,19.4669368,51.7577757
2538,19.4669137,51.7555273
2539,19.4668905,51.7532789
2540,19.4668673,51.7510304
2541,19.4668441,51.7487820
2542,19.4668209,51.7465335
2543,19.4667977,51.7442851
2544,19.4667746,51.7420367
2545,19.4667514,51.7397882
2546,19.4667282,51.7375398
2547,19.4667051,51.7352914
2548,19.4666819,51.7330429
2549,19.4666588,51.7307945
2550,19.4666356,51.7285460
2551,19.4666125,51.7262976
2552,19.4665893,51.7240491
2553,19.4665662,51.7218007
2554,19.4665430,51.7195522
2555,19.4665199,51.7173038
2556,19.4664968,51.7150553
2557,19.4664736,51.7128069
2558,19.4664505,51.7105584
2559,19.4664274,51.7083100
2560,19.4664043,51.7060615
2561,19.4663811,51.7038131
2562,19.4663580,51.7015646
2563,19.4663349,51.6993162
2564,19.4663118,51.6970677
2565,19.4662887,51.6948193
2566,19.4662656,51.6925708
2567,19.4662425,51.6903223
2568,19.4662194,51.6880739
2569,19.4710695,51.8533208
2570,19.4710460,51.8510724
2571,19.4710226,51.8488240
2572,19.4709991,51.8465756
2573,19.4709756,51.8443272
2574,19.4709522,51.8420788
2575,19.4709287,51.8398304
2576,19.4709052,51.8375820
2577,19.4708818,51.8353336
2578,19.4708583,51.8330852
2579,19.4708349,51.8308368
2580,19.4708114,51.8285884
2581,19.4707880,51.8263400
2582,19.4707646,51.8240916
2583,19.4707411,51.8218432
2584,19.4707177,51.8195948
2585,19.4706943,51.8173464
2586,19.4706708,51.8150979
2587,19.4706474,51.8128495
2588,19.4706240,51.8106011
2589,19.4706006,51.8083527
2590,19.4705772,51.8061043
2591,19.4705538,51.8038559
2592,19.4705304,51.8016075
2593,19.4705070,51.7993591
2594,19.4704836,51.7971106
2595,19.4704602,51.7948622
2596,19.4704368,51.7926138
2597,19.4704134,51.7903654
2598,19.4703900,51.7881170
2599,19.4703666,51.7858685
2600,19.4703432,51.7836201
2601,19.4703198,51.7813717
2602,19.4702964,51.7791233
2603,19.4702731,51.7768749
2604,19.4702497,51.7746264
2605,19.4702263,51.7723780
2606,19.4702030,51.7701296
2607,19.4701796,51.7678812
2608,19.4701563,51.7656327
2609,19.4701329,51.7633843
2610,19.4701095,51.7611359
2611,19.4700862,51.7588874
2612,19.4700628,51.7566390
2613,19.4700395,51.7543906
2614,19.4700162,51.7521421
2615,19.4699928,51.7498937
2616,19.4699695,51.7476453
2617,19.4699462,51.7453968
2618,19.4699228,51.7431484
2619,19.4698995,51.7409000
2620,19.4698762,51.7386515
2621,19.4698529,51.7364031
2622,19.4698295,51.7341546
2623,19.4698062,51.7319062
2624,19.4697829,51.7296578
2625,19.4697596,51.7274093
2626,19.4697363,51.7251609
2627,19.4697130,51.7229124
2628,19.4696897,51.7206640
2629,19.4696664,51.7184155
2630,19.4696431,51.7161671
2631,19.4696198,51.7139186
2632,19.4695966,51.7116702
2633,19.4695733,51.7094217
2634,19.4695500,51.7071733
2635,19.4695267,51.7049248
2636,19.4695034,51.7026764
2637,19.4694802,51.7004279
2638,19.4694569,51.6981795
2639,19.4694336,51.6959310
2640,19.4694104,51.6936826
2641,19.4693871,51.6914341
2642,19.4693639,51.6891856
2643,19.4742256,51.8544323
2644,19.4742020,51.8521840
2645,19.4741784,51.8499356
2646,19.4741547,51.8476872
2647,19.4741311,51.8454388
2648,19.4741075,51.8431904
2649,19.4740839,51.8409420
2650,19.4740603,51.8386936
2651,19.4740367,51.8364452
2652,19.4740131,51.8341968
2653,19.4739894,51.8319484
2654,19.4739658,51.8297000
2655,19.4739422,51.8274516
2656,19.4739186,51.8252032
2657,19.4738951,51.8229548
2658,19.4738715,51.8207063
2659,19.4738479,51.8184579
2660,19.4738243,51.8162095
2661,19.4738007,51.8139611
2662,19.4737771,51.8117127
2663,19.4737536,51.8094643
2664,19.4737300,51.8072159
2665,19.4737064,51.8049675
2666,19.4736829,51.8027191
2667,19.4736593,51.8004707
2668,19.4736357,51.7982222
2669,19.4736122,51.7959738
2670,19.4735886,51.7937254
2671,19.4735651,51.7914770
2672,19.4735415,51.7892286
2673,19.4735180,51.7869802
2674,19.4734944,51.7847317
2675,19.4734709,51.7824833
2676,19.4734474,51.7802349
2677,19.4734238,51.7779865
2678,19.4734003,51.7757380
2679,19.4733768,51.7734896
2680,19.4733533,51.7712412
2681,19.4733297,51.7689928
2682,19.4733062,51.7667443
2683,19.4732827,51.7644959
2684,19.4732592,51.7622475
2685,19.4732357,51.7599991
2686,19.4732122,51.7577506
2687,19.4731887,51.7555022
2688,19.4731652,51.7532538
2689,19.4731417,51.7510053
2690,19.4731182,51.7487569
2691,19.4730947,51.7465085
2692,19.4730712,51.7442600
2693,19.4730478,51.7420116
2694,19.4730243,51.7397632
2695,19.4730008,51.7375147
2696,19.4729773,51.7352663
2697,19.4729539,51.7330178
2698,19.4729304,51.7307694
2699,19.4729069,51.7285210
2700,19.4728835,51.7262725
2701,19.4728600,51.7240241
2702,19.4728366,51.7217756
2703,19.4728131,51.7195272
2704,19.4727896,51.7172787
2705,19.4727662,51.7150303
2706,19.4727428,51.7127818
2707,19.4727193,51.7105334
2708,19.4726959,51.7082849
2709,19.4726725,51.7060365
2710,19.4726490,51.7037880
2711,19.4726256,51.7015396
2712,19.4726022,51.6992911
2713,19.4725787,51.6970427
2714,19.4725553,51.6947942
2715,19.4773819,51.8555438
2716,19.4773581,51.8532954
2717,19.4773343,51.8510470
2718,19.4773106,51.8487986
2719,19.4772868,51.8465503
2720,19.4772630,51.8443019
2721,19.4772392,51.8420535
2722,19.4772155,51.8398051
2723,19.4771917,51.8375567
2724,19.4771679,51.8353083
2725,19.4771442,51.8330599
2726,19.4771204,51.8308115
2727,19.4770966,51.8285631
2728,19.4770729,51.8263147
2729,19.4770491,51.8240663
2730,19.4770254,51.8218178
2731,19.4770016,51.8195694
2732,19.4769779,51.8173210
2733,19.4769542,51.8150726
2734,19.4769304,51.8128242
2735,19.4769067,51.8105758
2736,19.4768830,51.8083274
2737,19.4768592,51.8060790
2738,19.4768355,51.8038306
2739,19.4768118,51.8015822
2740,19.4767881,51.7993338
2741,19.4767644,51.7970853
2742,19.4767407,51.7948369
2743,19.4767169,51.7925885
2744,19.4766932,51.7903401
2745,19.4766695,51.7880917
2746,19.4766458,51.7858433
2747,19.4766221,51.7835948
2748,19.4765985,51.7813464
2749,19.4765748,51.7790980
2750,19.4765511,51.7768496
2751,19.4765274,51.7746012
2752,19.4765037,51.7723527
2753,19.4764800,51.7701043
2754,19.4764564,51.7678559
2755,19.4764327,51.7656075
2756,19.4764090,51.7633590
2757,19.4763854,51.7611106
2758,19.4763617,51.7588622
2759,19.4763380,51.7566137
2760,19.4763144,51.7543653
2761,19.4762907,51.7521169
2762,19.4762671,51.7498684
2763,19.4762434,51.7476200
2764,19.4762198,51.7453716
2765,19.4761962,51.7431231
2766,19.4761725,51.7408747
2767,19.4761489,51.7386263
2768,19.4761253,51.7363778
2769,19.4761016,51.7341294
2770,19.4760780,51.7318810
2771,19.4760544,51.7296325
2772,19.4760308,51.7273841
2773,19.4760072,51.7251356
2774,19.4759835,51.7228872
2775,19.4759599,51.7206387
2776,19.4759363,51.7183903
2777,19.4759127,51.7161419
2778,19.4758891,51.7138934
2779,19.4758655,51.7116450
2780,19.4758419,51.7093965
2781,19.4758183,51.7071481
2782,19.4757948,51.7048996
2783,19.4757712,51.7026512
2784,19.4757476,51.7004027
2785,19.4757240,51.6981543
2786,19.4757004,51.6959058
2787,19.4805384,51.8566552
2788,19.4805144,51.8544068
2789,19.4804905,51.8521584
2790,19.4804665,51.8499100
2791,19.4804426,51.8476617
2792,19.4804187,51.8454133
2793,19.4803947,51.8431649
2794,19.4803708,51.8409165
2795,19.4803469,51.8386681
2796,19.4803229,51.8364197
2797,19.4802990,51.8341713
2798,19.4802751,51.8319229
2799,19.4802512,51.8296745
2800,19.4802273,51.8274261
2801,19.4802034,51.8251777
2802,19.4801795,51.8229293
2803,19.4801556,51.8206809
2804,19.4801317,51.8184325
2805,19.4801078,51.8161841
2806,19.4800839,51.8139356
2807,19.4800600,51.8116872
2808,19.4800361,51.8094388
2809,19.4800122,51.8071904
2810,19.4799883,51.8049420
2811,19.4799644,51.8026936
2812,19.4799406,51.8004452
2813,19.4799167,51.7981968
2814,19.4798928,51.7959484
2815,19.4798690,51.7936999
2816,19.4798451,51.7914515
2817,19.4798212,51.7892031
2818,19.4797974,51.7869547
2819,19.4797735,51.7847063
2820,19.4797497,51.7824579
2821,19.4797258,51.7802094
2822,19.4797020,51.7779610
2823,19.4796782,51.7757126
2824,19.4796543,51.7734642
2825,19.4796305,51.7712158
2826,19.4796067,51.7689673
2827,19.4795828,51.7667189
2828,19.4795590,51.7644705
2829,19.4795352,51.7622221
2830,19.4795114,51.7599736
2831,19.4794875,51.7577252
2832,19.4794637,51.7554768
2833,19.4794399,51.7532283
2834,19.4794161,51.7509799
2835,19.4793923,51.7487315
2836,19.4793685,51.7464830
2837,19.4793447,51.7442346
2838,19.4793209,51.7419862
2839,19.4792971,51.7397377
2840,19.4792733,51.7374893
2841,19.4792496,51.7352409
2842,19.4792258,51.7329924
2843,19.4792020,51.7307440
2844,19.4791782,51.7284956
2845,19.4791545,51.7262471
2846,19.4791307,51.7239987
2847,19.4791069,51.7217502
2848,19.4790832,51.7195018
2849,19.4790594,51.7172533
2850,19.4790356,51.7150049
2851,19.4790119,51.7127564
2852,19.4789881,51.7105080
2853,19.4789644,51.7082596
2854,19.4789406,51.7060111
2855,19.4789169,51.7037627
2856,19.4788932,51.7015142
2857,19.4788694,51.6992658
2858,19.4788457,51.6970173
2859,19.4836950,51.8577665
2860,19.4836709,51.8555181
2861,19.4836468,51.8532697
2862,19.4836227,51.8510214
2863,19.4835986,51.8487730
2864,19.4835745,51.8465246
2865,19.4835504,51.8442762
2866,19.4835263,51.8420278
2867,19.4835022,51.8397794
2868,19.4834781,51.8375310
2869,19.4834540,51.8352826
2870,19.4834300,51.8330342
2871,19.4834059,51.8307858
2872,19.4833818,51.8285374
2873,19.4833578,51.8262890
2874,19.4833337,51.8240406
2875,19.4833096,51.8217922
2876,19.4832856,51.8195438
2877,19.4832615,51.8172954
2878,19.4832375,51.8150470
2879,19.4832134,51.8127986
2880,19.4831894,51.8105502
2881,19.4831653,51.8083018
2882,19.4831413,51.8060534
2883,19.4831173,51.8038049
2884,19.4830932,51.8015565
2885,19.4830692,51.7993081
2886,19.4830452,51.7970597
2887,19.4830211,51.7948113
2888,19.4829971,51.7925629
2889,19.4829731,51.7903145
2890,19.4829491,51.7880661
2891,19.4829251,51.7858176
2892,19.4829011,51.7835692
2893,19.4828771,51.7813208
2894,19.4828531,51.7790724
2895,19.4828291,51.7768240
2896,19.4828051,51.7745755
2897,19.4827811,51.7723271
2898,19.4827571,51.7700787
2899,19.4827331,51.7678303
2900,19.4827091,51.7655818
2901,19.4826851,51.7633334
2902,19.4826612,51.7610850
2903,19.4826372,51.7588366
2904,19.4826132,51.7565881
2905,19.4825893,51.7543397
2906,19.4825653,51.7520913
2907,19.4825413,51.7498429
2908,19.4825174,51.7475944
2909,19.4824934,51.7453460
2910,19.4824695,51.7430976
2911,19.4824455,51.7408491
2912,19.4824216,51.7386007
2913,19.4823976,51.7363523
2914,19.4823737,51.7341038
2915,19.4823498,51.7318554
2916,19.4823258,51.7296069
2917,19.4823019,51.7273585
2918,19.4822780,51.7251101
2919,19.4822541,51.7228616
2920,19.4822301,51.7206132
2921,19.4822062,51.7183647
2922,19.4821823,51.7161163
2923,19.4821584,51.7138679
2924,19.4821345,51.7116194
2925,19.4821106,51.7093710
2926,19.4820867,51.7071225
2927,19.4820628,51.7048741
2928,19.4820389,51.7026256
2929,19.4820150,51.7003772
2930,19.4819911,51.6981287
2931,19.4868517,51.8588778
2932,19.4868275,51.8566294
2933,19.4868032,51.8543810
2934,19.4867789,51.8521326
2935,19.4867547,51.8498842
2936,19.4867304,51.8476358
2937,19.4867062,51.8453874
2938,19.4866819,51.8431390
2939,19.4866577,51.8408906
2940,19.4866334,51.8386422
2941,19.4866092,51.8363938
2942,19.4865850,51.8341454
2943,19.4865607,51.8318970
2944,19.4865365,51.8296486
2945,19.4865123,51.8274002
2946,19.4864881,51.8251518
2947,19.4864639,51.8229034
2948,19.4864396,51.8206550
2949,19.4864154,51.8184066
2950,19.4863912,51.8161582
2951,19.4863670,51.8139098
2952,19.4863428,51.8116614
2953,19.4863186,51.8094130
2954,19.4862944,51.8071646
2955,19.4862702,51.8049162
2956,19.4862460,51.8026678
2957,19.4862218,51.8004194
2958,19.4861977,51.7981710
2959,19.4861735,51.7959226
2960,19.4861493,51.7936741
2961,19.4861251,51.7914257
2962,19.4861010,51.7891773
2963,19.4860768,51.7869289
2964,19.4860526,51.7846805
2965,19.4860285,51.7824321
2966,19.4860043,51.7801837
2967,19.4859801,51.7779352
2968,19.4859560,51.7756868
2969,19.4859318,51.7734384
2970,19.4859077,51.7711900
2971,19.4858836,51.7689416
2972,19.4858594,51.7666931
2973,19.4858353,51.7644447
2974,19.4858111,51.7621963
2975,19.4857870,51.7599479
2976,19.4857629,51.7576994
2977,19.4857388,51.7554510
2978,19.4857146,51.7532026
2979,19.4856905,51.7509542
2980,19.4856664,51.7487057
2981,19.4856423,51.7464573
2982,19.4856182,51.7442089
2983,19.4855941,51.7419604
2984,19.4855700,51.7397120
2985,19.4855459,51.7374636
2986,19.4855218,51.7352151
2987,19.4854977,51.7329667
2988,19.4854736,51.7307183
2989,19.4854495,51.7284698
2990,19.4854254,51.7262214
2991,19.4854014,51.7239729
2992,19.4853773,51.7217245
2993,19.4853532,51.7194761
2994,19.4853291,51.7172276
2995,19.4853051,51.7149792
2996,19.4852810,51.7127307
2997,19.4852569,51.7104823
2998,19.4852329,51.7082338
2999,19.4852088,51.7059854
3000,19.4851848,51.7037369
3001,19.4851607,51.7014885
3002,19.4851367,51.6992400
3003,19.4851126,51.6969916
3004,19.4899842,51.8577405
3005,19.4899598,51.8554921
3006,19.4899354,51.8532437
3007,19.4899110,51.8509953
3008,19.4898865,51.8487469
3009,19.4898621,51.8464986
3010,19.4898377,51.8442502
3011,19.4898133,51.8420018
3012,19.4897889,51.8397534
3013,19.4897645,51.8375050
3014,19.4897401,51.8352566
3015,19.4897158,51.8330082
3016,19.4896914,51.8307598
3017,19.4896670,51.8285114
3018,19.4896426,51.8262630
3019,19.4896182,51.8240146
3020,19.4895939,51.8217662
3021,19.4895695,51.8195178
3022,19.4895451,51.8172694
3023,19.4895208,51.8150210
3024,19.4894964,51.8127726
3025,19.4894720,51.8105242
3026,19.4894477,51.8082758
3027,19.4894233,51.8060274
3028,19.4893990,51.8037790
3029,19.4893746,51.8015306
3030,19.4893503,51.7992822
3031,19.4893260,51.7970337
3032,19.4893016,51.7947853
3033,19.4892773,51.7925369
3034,19.4892530,51.7902885
3035,19.4892286,51.7880401
3036,19.4892043,51.7857917
3037,19.4891800,51.7835433
3038,19.4891557,51.7812948
3039,19.4891314,51.7790464
3040,19.4891071,51.7767980
3041,19.4890827,51.7745496
3042,19.4890584,51.7723012
3043,19.4890341,51.7700528
3044,19.4890098,51.7678043
3045,19.4889856,51.7655559
3046,19.4889613,51.7633075
3047,19.4889370,51.7610591
3048,19.4889127,51.7588106
3049,19.4888884,51.7565622
3050,19.4888641,51.7543138
3051,19.4888399,51.7520654
3052,19.4888156,51.7498169
3053,19.4887913,51.7475685
3054,19.4887670,51.7453201
3055,19.4887428,51.7430716
3056,19.4887185,51.7408232
3057,19.4886943,51.7385748
3058,19.4886700,51.7363263
3059,19.4886458,51.7340779
3060,19.4886215,51.7318295
3061,19.4885973,51.7295810
3062,19.4885730,51.7273326
3063,19.4885488,51.7250842
3064,19.4885246,51.7228357
3065,19.4885003,51.7205873
3066,19.4884761,51.7183388
3067,19.4884519,51.7160904
3068,19.4884277,51.7138420
3069,19.4884034,51.7115935
3070,19.4883792,51.7093451
3071,19.4883550,51.7070966
3072,19.4883308,51.7048482
3073,19.4883066,51.7025997
3074,19.4882824,51.7003513
3075,19.4882582,51.6981028
3076,19.4931411,51.8588516
3077,19.4931165,51.8566032
3078,19.4930920,51.8543548
3079,19.4930674,51.8521064
3080,19.4930428,51.8498580
3081,19.4930183,51.8476096
3082,19.4929937,51.8453612
3083,19.4929691,51.8431128
3084,19.4929446,51.8408644
3085,19.4929200,51.8386161
3086,19.4928955,51.8363677
3087,19.4928709,51.8341193
3088,19.4928464,51.8318709
3089,19.4928218,51.8296225
3090,19.4927973,51.8273741
3091,19.4927728,51.8251257
3092,19.4927482,51.8228773
3093,19.4927237,51.8206289
3094,19.4926992,51.8183805
3095,19.4926747,51.8161321
3096,19.4926501,51.8138837
3097,19.4926256,51.8116353
3098,19.4926011,51.8093869
3099,19.4925766,51.8071385
3100,19.4925521,51.8048901
3101,19.4925276,51.8026417
3102,19.4925031,51.8003932
3103,19.4924786,51.7981448
3104,19.4924541,51.7958964
3105,19.4924296,51.7936480
3106,19.4924051,51.7913996
3107,19.4923806,51.7891512
3108,19.4923562,51.7869028
3109,19.4923317,51.7846544
3110,19.4923072,51.7824060
3111,19.4922827,51.7801575
3112,19.4922583,51.7779091
3113,19.4922338,51.7756607
3114,19.4922094,51.7734123
3115,19.4921849,51.7711639
3116,19.4921604,51.7689154
3117,19.4921360,51.7666670
3118,19.4921115,51.7644186
3119,19.4920871,51.7621702
3120,19.4920627,51.7599218
3121,19.4920382,51.7576733
3122,19.4920138,51.7554249
3123,19.4919893,51.7531765
3124,19.4919649,51.7509281
3125,19.4919405,51.7486796
3126,19.4919161,51.7464312
3127,19.4918916,51.7441828
3128,19.4918672,51.7419343
3129,19.4918428,51.7396859
3130,19.4918184,51.7374375
3131,19.4917940,51.7351890
3132,19.4917696,51.7329406
3133,19.4917452,51.7306922
3134,19.4917208,51.7284437
3135,19.4916964,51.7261953
3136,19.4916720,51.7239469
3137,19.4916476,51.7216984
3138,19.4916232,51.7194500
3139,19.4915989,51.7172016
3140,19.4915745,51.7149531
3141,19.4915501,51.7127047
3142,19.4915257,51.7104562
3143,19.4915014,51.7082078
3144,19.4914770,51.7059593
3145,19.4914526,51.7037109
3146,19.4914283,51.7014624
3147,19.4914039,51.6992140
3148,19.4962734,51.8577141
3149,19.4962487,51.8554658
3150,19.4962240,51.8532174
3151,19.4961993,51.8509690
3152,19.4961745,51.8487206
3153,19.4961498,51.8464722
3154,19.4961251,51.8442238
3155,19.4961004,51.8419754
3156,19.4960757,51.8397270
3157,19.4960510,51.8374786
3158,19.4960262,51.8352303
3159,19.4960015,51.8329819
3160,19.4959768,51.8307335
3161,19.4959521,51.8284851
3162,19.4959275,51.8262367
3163,19.4959028,51.8239883
3164,19.4958781,51.8217399
3165,19.4958534,51.8194915
3166,19.4958287,51.8172431
3167,19.4958040,51.8149947
3168,19.4957794,51.8127463
3169,19.4957547,51.8104979
3170,19.4957300,51.8082495
3171,19.4957054,51.8060011
3172,19.4956807,51.8037527
3173,19.4956560,51.8015043
3174,19.4956314,51.7992558
3175,19.4956067,51.7970074
3176,19.4955821,51.7947590
3177,19.4955575,51.7925106
3178,19.4955328,51.7902622
3179,19.4955082,51.7880138
3180,19.4954835,51.7857654
3181,19.4954589,51.7835170
3182,19.4954343,51.7812686
3183,19.4954097,51.7790201
3184,19.4953850,51.7767717
3185,19.4953604,51.7745233
3186,19.4953358,51.7722749
3187,19.4953112,51.7700265
3188,19.4952866,51.7677781
3189,19.4952620,51.7655296
3190,19.4952374,51.7632812
3191,19.4952128,51.7610328
3192,19.4951882,51.7587844
3193,19.4951636,51.7565359
3194,19.4951390,51.7542875
3195,19.4951144,51.7520391
3196,19.4950898,51.7497907
3197,19.4950652,51.7475422
3198,19.4950407,51.7452938
3199,19.4950161,51.7430454
3200,19.4949915,51.7407970
3201,19.4949669,51.7385485
3202,19.4949424,51.7363001
3203,19.4949178,51.7340517
3204,19.4948933,51.7318032
3205,19.4948687,51.7295548
3206,19.4948442,51.7273064
3207,19.4948196,51.7250579
3208,19.4947951,51.7228095
3209,19.4947705,51.7205611
3210,19.4947460,51.7183126
3211,19.4947214,51.7160642
3212,19.4946969,51.7138157
3213,19.4946724,51.7115673
3214,19.4946479,51.7093189
3215,19.4946233,51.7070704
3216,19.4945988,51.7048220
3217,19.4945743,51.7025735
3218,19.4945498,51.7003251
3219,19.4945253,51.6980766
3220,19.4994305,51.8588250
3221,19.4994056,51.8565766
3222,19.4993807,51.8543283
3223,19.4993558,51.8520799
3224,19.4993310,51.8498315
3225,19.4993061,51.8475831
3226,19.4992812,51.8453347
3227,19.4992563,51.8430863
3228,19.4992315,51.8408379
3229,19.4992066,51.8385895
3230,19.4991817,51.8363412
3231,19.4991569,51.8340928
3232,19.4991320,51.8318444
3233,19.4991072,51.8295960
3234,19.4990823,51.8273476
3235,19.4990575,51.8250992
3236,19.4990326,51.8228508
3237,19.4990078,51.8206024
3238,19.4989829,51.8183540
3239,19.4989581,51.8161056
3240,19.4989333,51.8138572
3241,19.4989084,51.8116088
3242,19.4988836,51.8093604
3243,19.4988588,51.8071120
3244,19.4988340,51.8048636
3245,19.4988092,51.8026152
3246,19.4987843,51.8003668
3247,19.4987595,51.7981184
3248,19.4987347,51.7958700
3249,19.4987099,51.7936215
3250,19.4986851,51.7913731
3251,19.4986603,51.7891247
3252,19.4986355,51.7868763
3253,19.4986108,51.7846279
3254,19.4985860,51.7823795
3255,19.4985612,51.7801311
3256,19.4985364,51.7778827
3257,19.4985116,51.7756343
3258,19.4984869,51.7733858
3259,19.4984621,51.7711374
3260,19.4984373,51.7688890
3261,19.4984126,51.7666406
3262,19.4983878,51.7643922
3263,19.4983630,51.7621437
3264,19.4983383,51.7598953
3265,19.4983135,51.7576469
3266,19.4982888,51.7553985
3267,19.4982640,51.7531501
3268,19.4982393,51.7509016
3269,19.4982146,51.7486532
3270,19.4981898,51.7464048
3271,19.4981651,51.7441563
3272,19.4981404,51.7419079
3273,19.4981156,51.7396595
3274,19.4980909,51.7374111
3275,19.4980662,51.7351626
3276,19.4980415,51.7329142
3277,19.4980168,51.7306658
3278,19.4979921,51.7284173
3279,19.4979674,51.7261689
3280,19.4979427,51.7239205
3281,19.4979180,51.7216720
3282,19.4978933,51.7194236
3283,19.4978686,51.7171752
3284,19.4978439,51.7149267
3285,19.4978192,51.7126783
3286,19.4977945,51.7104298
3287,19.4977698,51.7081814
3288,19.4977452,51.7059330
3289,19.4977205,51.7036845
3290,19.4976958,51.7014361
3291,19.4976711,51.6991876
3292,19.4976465,51.6969392
3293,19.5025627,51.8576874
3294,19.5025376,51.8554391
3295,19.5025126,51.8531907
3296,19.5024875,51.8509423
3297,19.5024625,51.8486939
3298,19.5024375,51.8464455
3299,19.5024124,51.8441971
3300,19.5023874,51.8419487
3301,19.5023624,51.8397004
3302,19.5023374,51.8374520
3303,19.5023123,51.8352036
3304,19.5022873,51.8329552
3305,19.5022623,51.8307068
3306,19.5022373,51.8284584
3307,19.5022123,51.8262100
3308,19.5021873,51.8239616
3309,19.5021623,51.8217132
3310,19.5021373,51.8194648
3311,19.5021123,51.8172164
3312,19.5020873,51.8149680
3313,19.5020623,51.8127196
3314,19.5020373,51.8104712
3315,19.5020124,51.8082228
3316,19.5019874,51.8059744
3317,19.5019624,51.8037260
3318,19.5019374,51.8014776
3319,19.5019125,51.7992292
3320,19.5018875,51.7969808
3321,19.5018626,51.7947324
3322,19.5018376,51.7924840
3323,19.5018126,51.7902356
3324,19.5017877,51.7879872
3325,19.5017628,51.7857388
3326,19.5017378,51.7834903
3327,19.5017129,51.7812419
3328,19.5016879,51.7789935
3329,19.5016630,51.7767451
3330,19.5016381,51.7744967
3331,19.5016131,51.7722483
3332,19.5015882,51.7699999
3333,19.5015633,51.7677514
3334,19.5015384,51.7655030
3335,19.5015135,51.7632546
3336,19.5014885,51.7610062
3337,19.5014636,51.7587578
3338,19.5014387,51.7565093
3339,19.5014138,51.7542609
3340,19.5013889,51.7520125
3341,19.5013640,51.7497641
3342,19.5013392,51.7475157
3343,19.5013143,51.7452672
3344,19.5012894,51.7430188
3345,19.5012645,51.7407704
3346,19.5012396,51.7385219
3347,19.5012147,51.7362735
3348,19.5011899,51.7340251
3349,19.5011650,51.7317767
3350,19.5011401,51.7295282
3351,19.5011153,51.7272798
3352,19.5010904,51.7250314
3353,19.5010656,51.7227829
3354,19.5010407,51.7205345
3355,19.5010159,51.7182860
3356,19.5009910,51.7160376
3357,19.5009662,51.7137892
3358,19.5009413,51.7115407
3359,19.5009165,51.7092923
3360,19.5008917,51.7070439
3361,19.5008668,51.7047954
3362,19.5008420,51.7025470
3363,19.5008172,51.7002985
3364,19.5007923,51.6980501
3365,19.5057199,51.8587982
3366,19.5056947,51.8565498
3367,19.5056695,51.8543014
3368,19.5056443,51.8520530
3369,19.5056191,51.8498046
3370,19.5055939,51.8475562
3371,19.5055687,51.8453079
3372,19.5055435,51.8430595
3373,19.5055183,51.8408111
3374,19.5054931,51.8385627
3375,19.5054680,51.8363143
3376,19.5054428,51.8340659
3377,19.5054176,51.8318175
3378,19.5053925,51.8295691
3379,19.5053673,51.8273207
3380,19.5053421,51.8250723
3381,19.5053170,51.8228240
3382,19.5052918,51.8205756
3383,19.5052667,51.8183272
3384,19.5052415,51.8160788
3385,19.5052164,51.8138304
3386,19.5051912,51.8115820
3387,19.5051661,51.8093336
3388,19.5051410,51.8070852
3389,19.5051158,51.8048368
3390,19.5050907,51.8025884
3391,19.5050656,51.8003400
3392,19.5050405,51.7980916
3393,19.5050153,51.7958431
3394,19.5049902,51.7935947
3395,19.5049651,51.7913463
3396,19.5049400,51.7890979
3397,19.5049149,51.7868495
3398,19.5048898,51.7846011
3399,19.5048647,51.7823527
3400,19.5048396,51.7801043
3401,19.5048145,51.7778559
3402,19.5047894,51.7756075
3403,19.5047643,51.7733591
3404,19.5047393,51.7711106
3405,19.5047142,51.7688622
3406,19.5046891,51.7666138
3407,19.5046640,51.7643654
3408,19.5046390,51.7621170
3409,19.5046139,51.7598685
3410,19.5045888,51.7576201
3411,19.5045638,51.7553717
3412,19.5045387,51.7531233
3413,19.5045137,51.7508749
3414,19.5044886,51.7486264
3415,19.5044636,51.7463780
3416,19.5044385,51.7441296
3417,19.5044135,51.7418812
3418,19.5043885,51.7396327
3419,19.5043634,51.7373843
3420,19.5043384,51.7351359
3421,19.5043134,51.7328875
3422,19.5042884,51.7306390
3423,19.5042633,51.7283906
3424,19.5042383,51.7261422
3425,19.5042133,51.7238937
3426,19.5041883,51.7216453
3427,19.5041633,51.7193969
3428,19.5041383,51.7171484
3429,19.5041133,51.7149000
3430,19.5040883,51.7126515
3431,19.5040633,51.7104031
3432,19.5040383,51.7081547
3433,19.5040133,51.7059062
3434,19.5039883,51.7036578
3435,19.5039633,51.7014093
3436,19.5039384,51.6991609
3437,19.5039134,51.6969125
3438,19.5088519,51.8576604
3439,19.5088265,51.8554120
3440,19.5088012,51.8531636
3441,19.5087758,51.8509153
3442,19.5087505,51.8486669
3443,19.5087251,51.8464185
3444,19.5086998,51.8441701
3445,19.5086744,51.8419217
3446,19.5086491,51.8396733
3447,19.5086237,51.8374250
3448,19.5085984,51.8351766
3449,19.5085731,51.8329282
3450,19.5085478,51.8306798
3451,19.5085224,51.8284314
3452,19.5084971,51.8261830
3453,19.5084718,51.8239346
3454,19.5084465,51.8216862
3455,19.5084212,51.8194378
3456,19.5083959,51.8171894
3457,19.5083706,51.8149410
3458,19.5083453,51.8126926
3459,19.5083200,51.8104442
3460,19.5082947,51.8081958
3461,19.5082694,51.8059474
3462,19.5082441,51.8036990
3463,19.5082188,51.8014506
3464,19.5081936,51.7992022
3465,19.5081683,51.7969538
3466,19.5081430,51.7947054
3467,19.5081177,51.7924570
3468,19.5080925,51.7902086
3469,19.5080672,51.7879602
3470,19.5080420,51.7857118
3471,19.5080167,51.7834634
3472,19.5079914,51.7812150
3473,19.5079662,51.7789666
3474,19.5079410,51.7767182
3475,19.5079157,51.7744697
3476,19.5078905,51.7722213
3477,19.5078652,51.7699729
3478,19.5078400,51.7677245
3479,19.5078148,51.7654761
3480,19.5077895,51.7632277
3481,19.5077643,51.7609792
3482,19.5077391,51.7587308
3483,19.5077139,51.7564824
3484,19.5076887,51.7542340
3485,19.5076635,51.7519856
3486,19.5076383,51.7497371
3487,19.5076131,51.7474887
3488,19.5075879,51.7452403
3489,19.5075627,51.7429919
3490,19.5075375,51.7407435
3491,19.5075123,51.7384950
3492,19.5074871,51.7362466
3493,19.5074619,51.7339982
3494,19.5074367,51.7317497
3495,19.5074115,51.7295013
3496,19.5073864,51.7272529
3497,19.5073612,51.7250044
3498,19.5073360,51.7227560
3499,19.5073109,51.7205076
3500,19.5072857,51.7182591
3501,19.5072606,51.7160107
3502,19.5072354,51.7137623
3503,19.5072102,51.7115138
3504,19.5071851,51.7092654
3505,19.5071600,51.7070170
3506,19.5071348,51.7047685
3507,19.5071097,51.7025201
3508,19.5070845,51.7002716
3509,19.5070594,51.6980232
3510,19.5119582,51.8542742
3511,19.5119327,51.8520258
3512,19.5119072,51.8497774
3513,19.5118817,51.8475291
3514,19.5118562,51.8452807
3515,19.5118307,51.8430323
3516,19.5118052,51.8407839
3517,19.5117797,51.8385355
3518,19.5117542,51.8362871
3519,19.5117287,51.8340387
3520,19.5117032,51.8317903
3521,19.5116777,51.8295420
3522,19.5116523,51.8272936
3523,19.5116268,51.8250452
3524,19.5116013,51.8227968
3525,19.5115759,51.8205484
3526,19.5115504,51.8183000
3527,19.5115249,51.8160516
3528,19.5114995,51.8138032
3529,19.5114740,51.8115548
3530,19.5114486,51.8093064
3531,19.5114231,51.8070580
3532,19.5113977,51.8048096
3533,19.5113722,51.8025612
3534,19.5113468,51.8003128
3535,19.5113214,51.7980644
3536,19.5112959,51.7958160
3537,19.5112705,51.7935676
3538,19.5112451,51.7913192
3539,19.5112197,51.7890708
3540,19.5111943,51.7868224
3541,19.5111688,51.7845740
3542,19.5111434,51.7823256
3543,19.5111180,51.7800772
3544,19.5110926,51.7778288
3545,19.5110672,51.7755803
3546,19.5110418,51.7733319
3547,19.5110164,51.7710835
3548,19.5109910,51.7688351
3549,19.5109657,51.7665867
3550,19.5109403,51.7643383
3551,19.5109149,51.7620899
3552,19.5108895,51.7598414
3553,19.5108641,51.7575930
3554,19.5108388,51.7553446
3555,19.5108134,51.7530962
3556,19.5107880,51.7508478
3557,19.5107627,51.7485993
3558,19.5107373,51.7463509
3559,19.5107120,51.7441025
3560,19.5106866,51.7418541
3561,19.5106613,51.7396057
3562,19.5106359,51.7373572
3563,19.5106106,51.7351088
3564,19.5105852,51.7328604
3565,19.5105599,51.7306119
3566,19.5105346,51.7283635
3567,19.5105093,51.7261151
3568,19.5104839,51.7238667
3569,19.5104586,51.7216182
3570,19.5104333,51.7193698
3571,19.5104080,51.7171214
3572,19.5103827,51.7148729
3573,19.5103574,51.7126245
3574,19.5103321,51.7103761
3575,19.5103068,51.7081276
3576,19.5102815,51.7058792
3577,19.5102562,51.7036307
3578,19.5102309,51.7013823
3579,19.5102056,51.6991339
3580,19.5101803,51.6968854
3581,19.5150641,51.8508879
3582,19.5150384,51.8486395
3583,19.5150127,51.8463911
3584,19.5149871,51.8441428
3585,19.5149614,51.8418944
3586,19.5149358,51.8396460
3587,19.5149101,51.8373976
3588,19.5148845,51.8351492
3589,19.5148588,51.8329008
3590,19.5148332,51.8306524
3591,19.5148076,51.8284040
3592,19.5147819,51.8261557
3593,19.5147563,51.8239073
3594,19.5147307,51.8216589
3595,19.5147051,51.8194105
3596,19.5146795,51.8171621
3597,19.5146538,51.8149137
3598,19.5146282,51.8126653
3599,19.5146026,51.8104169
3600,19.5145770,51.8081685
3601,19.5145514,51.8059201
3602,19.5145258,51.8036717
3603,19.5145002,51.8014233
3604,19.5144746,51.7991749
3605,19.5144490,51.7969265
3606,19.5144235,51.7946781
3607,19.5143979,51.7924297
3608,19.5143723,51.7901813
3609,19.5143467,51.7879329
3610,19.5143211,51.7856845
3611,19.5142956,51.7834361
3612,19.5142700,51.7811877
3613,19.5142445,51.7789393
3614,19.5142189,51.7766909
3615,19.5141933,51.7744424
3616,19.5141678,51.7721940
3617,19.5141422,51.7699456
3618,19.5141167,51.7676972
3619,19.5140912,51.7654488
3620,19.5140656,51.7632004
3621,19.5140401,51.7609520
3622,19.5140146,51.7587036
3623,19.5139890,51.7564551
3624,19.5139635,51.7542067
3625,19.5139380,51.7519583
3626,19.5139125,51.7497099
3627,19.5138869,51.7474615
3628,19.5138614,51.7452130
3629,19.5138359,51.7429646
3630,19.5138104,51.7407162
3631,19.5137849,51.7384678
3632,19.5137594,51.7362193
3633,19.5137339,51.7339709
3634,19.5137084,51.7317225
3635,19.5136829,51.7294741
3636,19.5136575,51.7272256
3637,19.5136320,51.7249772
3638,19.5136065,51.7227288
3639,19.5135810,51.7204803
3640,19.5135556,51.7182319
3641,19.5135301,51.7159835
3642,19.5135046,51.7137350
3643,19.5134792,51.7114866
3644,19.5134537,51.7092382
3645,19.5134282,51.7069897
3646,19.5134028,51.7047413
3647,19.5133773,51.7024929
3648,19.5133519,51.7002444
3649,19.5133265,51.6979960
3650,19.5133010,51.6957475
3651,19.5132756,51.6934991
3652,19.5181953,51.8497499
3653,19.5181695,51.8475015
3654,19.5181437,51.8452531
3655,19.5181178,51.8430048
3656,19.5180920,51.8407564
3657,19.5180662,51.8385080
3658,19.5180404,51.8362596
3659,19.5180146,51.8340112
3660,19.5179888,51.8317628
3661,19.5179630,51.8295144
3662,19.5179372,51.8272661
3663,19.5179115,51.8250177
3664,19.5178857,51.8227693
3665,19.5178599,51.8205209
3666,19.5178341,51.8182725
3667,19.5178083,51.8160241
3668,19.5177826,51.8137757
3669,19.5177568,51.8115273
3670,19.5177310,51.8092789
3671,19.5177053,51.8070305
3672,19.5176795,51.8047821
3673,19.5176538,51.8025337
3674,19.5176280,51.8002853
3675,19.5176023,51.7980369
3676,19.5175765,51.7957885
3677,19.5175508,51.7935401
3678,19.5175251,51.7912917
3679,19.5174993,51.7890433
3680,19.5174736,51.7867949
3681,19.5174479,51.7845465
3682,19.5174222,51.7822981
3683,19.5173964,51.7800497
3684,19.5173707,51.7778013
3685,19.5173450,51.7755529
3686,19.5173193,51.7733045
3687,19.5172936,51.7710561
3688,19.5172679,51.7688077
3689,19.5172422,51.7665592
3690,19.5172165,51.7643108
3691,19.5171908,51.7620624
3692,19.5171651,51.7598140
3693,19.5171394,51.7575656
3694,19.5171138,51.7553172
3695,19.5170881,51.7530688
3696,19.5170624,51.7508203
3697,19.5170367,51.7485719
3698,19.5170111,51.7463235
3699,19.5169854,51.7440751
3700,19.5169597,51.7418267
3701,19.5169341,51.7395782
3702,19.5169084,51.7373298
3703,19.5168828,51.7350814
3704,19.5168571,51.7328330
3705,19.5168315,51.7305845
3706,19.5168058,51.7283361
3707,19.5167802,51.7260877
3708,19.5167546,51.7238392
3709,19.5167289,51.7215908
3710,19.5167033,51.7193424
3711,19.5166777,51.7170940
3712,19.5166520,51.7148455
3713,19.5166264,51.7125971
3714,19.5166008,51.7103487
3715,19.5165752,51.7081002
3716,19.5165496,51.7058518
3717,19.5165240,51.7036034
3718,19.5164984,51.7013549
3719,19.5164728,51.6991065
3720,19.5164472,51.6968580
3721,19.5164216,51.6946096
3722,19.5163960,51.6923612
3723,19.5163704,51.6901127
3724,19.5213263,51.8486118
3725,19.5213004,51.8463634
3726,19.5212744,51.8441151
3727,19.5212484,51.8418667
3728,19.5212225,51.8396183
3729,19.5211965,51.8373699
3730,19.5211705,51.8351215
3731,19.5211446,51.8328731
3732,19.5211186,51.8306248
3733,19.5210927,51.8283764
3734,19.5210668,51.8261280
3735,19.5210408,51.8238796
3736,19.5210149,51.8216312
3737,19.5209889,51.8193828
3738,19.5209630,51.8171344
3739,19.5209371,51.8148860
3740,19.5209112,51.8126376
3741,19.5208852,51.8103892
3742,19.5208593,51.8081409
3743,19.5208334,51.8058925
3744,19.5208075,51.8036441
3745,19.5207816,51.8013957
3746,19.5207557,51.7991473
3747,19.5207298,51.7968989
3748,19.5207039,51.7946505
3749,19.5206780,51.7924021
3750,19.5206521,51.7901537
3751,19.5206262,51.7879053
3752,19.5206003,51.7856569
3753,19.5205745,51.7834085
3754,19.5205486,51.7811600
3755,19.5205227,51.7789116
3756,19.5204968,51.7766632
3757,19.5204710,51.7744148
3758,19.5204451,51.7721664
3759,19.5204192,51.7699180
3760,19.5203934,51.7676696
3761,19.5203675,51.7654212
3762,19.5203417,51.7631728
3763,19.5203158,51.7609244
3764,19.5202900,51.7586759
3765,19.5202642,51.7564275
3766,19.5202383,51.7541791
3767,19.5202125,51.7519307
3768,19.5201867,51.7496823
3769,19.5201608,51.7474339
3770,19.5201350,51.7451854
3771,19.5201092,51.7429370
3772,19.5200834,51.7406886
3773,19.5200576,51.7384402
3774,19.5200317,51.7361918
3775,19.5200059,51.7339433
3776,19.5199801,51.7316949
3777,19.5199543,51.7294465
3778,19.5199285,51.7271981
3779,19.5199028,51.7249496
3780,19.5198770,51.7227012
3781,19.5198512,51.7204528
3782,19.5198254,51.7182043
3783,19.5197996,51.7159559
3784,19.5197738,51.7137075
3785,19.5197481,51.7114591
3786,19.5197223,51.7092106
3787,19.5196965,51.7069622
3788,19.5196708,51.7047137
3789,19.5196450,51.7024653
3790,19.5196193,51.7002169
3791,19.5195935,51.6979684
3792,19.5195678,51.6957200
3793,19.5195420,51.6934716
3794,19.5195163,51.6912231
3795,19.5194905,51.6889747
3796,19.5244572,51.8474737
3797,19.5244311,51.8452253
3798,19.5244050,51.8429769
3799,19.5243789,51.8407285
3800,19.5243527,51.8384801
3801,19.5243266,51.8362318
3802,19.5243005,51.8339834
3803,19.5242744,51.8317350
3804,19.5242483,51.8294866
3805,19.5242222,51.8272382
3806,19.5241961,51.8249898
3807,19.5241700,51.8227414
3808,19.5241439,51.8204931
3809,19.5241178,51.8182447
3810,19.5240917,51.8159963
3811,19.5240657,51.8137479
3812,19.5240396,51.8114995
3813,19.5240135,51.8092511
3814,19.5239874,51.8070027
3815,19.5239614,51.8047543
3816,19.5239353,51.8025059
3817,19.5239092,51.8002575
3818,19.5238832,51.7980091
3819,19.5238571,51.7957607
3820,19.5238311,51.7935123
3821,19.5238050,51.7912639
3822,19.5237790,51.7890155
3823,19.5237529,51.7867671
3824,19.5237269,51.7845187
3825,19.5237009,51.7822703
3826,19.5236748,51.7800219
3827,19.5236488,51.7777735
3828,19.5236228,51.7755251
3829,19.5235968,51.7732767
3830,19.5235707,51.7710283
3831,19.5235447,51.7687799
3832,19.5235187,51.7665315
3833,19.5234927,51.7642830
3834,19.5234667,51.7620346
3835,19.5234407,51.7597862
3836,19.5234147,51.7575378
3837,19.5233887,51.7552894
3838,19.5233627,51.7530410
3839,19.5233367,51.7507926
3840,19.5233108,51.7485441
3841,19.5232848,51.7462957
3842,19.5232588,51.7440473
3843,19.5232328,51.7417989
3844,19.5232069,51.7395505
3845,19.5231809,51.7373021
3846,19.5231549,51.7350536
3847,19.5231290,51.7328052
3848,19.5231030,51.7305568
3849,19.5230771,51.7283084
3850,19.5230511,51.7260599
3851,19.5230252,51.7238115
3852,19.5229992,51.7215631
3853,19.5229733,51.7193147
3854,19.5229473,51.7170662
3855,19.5229214,51.7148178
3856,19.5228955,51.7125694
3857,19.5228696,51.7103209
3858,19.5228436,51.7080725
3859,19.5228177,51.7058241
3860,19.5227918,51.7035756
3861,19.5227659,51.7013272
3862,19.5227400,51.6990788
3863,19.5227141,51.6968303
3864,19.5226882,51.6945819
3865,19.5226623,51.6923334
3866,19.5226364,51.6900850
3867,19.5276143,51.8485838
3868,19.5275880,51.8463354
3869,19.5275617,51.8440870
3870,19.5275354,51.8418387
3871,19.5275091,51.8395903
3872,19.5274829,51.8373419
3873,19.5274566,51.8350935
3874,19.5274303,51.8328451
3875,19.5274041,51.8305967
3876,19.5273778,51.8283484
3877,19.5273516,51.8261000
3878,19.5273253,51.8238516
3879,19.5272990,51.8216032
3880,19.5272728,51.8193548
3881,19.5272466,51.8171064
3882,19.5272203,51.8148580
3883,19.5271941,51.8126096
3884,19.5271678,51.8103613
3885,19.5271416,51.8081129
3886,19.5271154,51.8058645
3887,19.5270892,51.8036161
3888,19.5270629,51.8013677
3889,19.5270367,51.7991193
3890,19.5270105,51.7968709
3891,19.5269843,51.7946225
3892,19.5269581,51.7923741
3893,19.5269319,51.7901257
3894,19.5269057,51.7878773
3895,19.5268795,51.7856289
3896,19.5268533,51.7833805
3897,19.5268271,51.7811321
3898,19.5268009,51.7788837
3899,19.5267748,51.7766353
3900,19.5267486,51.7743869
3901,19.5267224,51.7721385
3902,19.5266962,51.7698901
3903,19.5266701,51.7676416
3904,19.5266439,51.7653932
3905,19.5266177,51.7631448
3906,19.5265916,51.7608964
3907,19.5265654,51.7586480
3908,19.5265393,51.7563996
3909,19.5265131,51.7541512
3910,19.5264870,51.7519028
3911,19.5264608,51.7496543
3912,19.5264347,51.7474059
3913,19.5264086,51.7451575
3914,19.5263824,51.7429091
3915,19.5263563,51.7406607
3916,19.5263302,51.7384123
3917,19.5263041,51.7361638
3918,19.5262779,51.7339154
3919,19.5262518,51.7316670
3920,19.5262257,51.7294186
3921,19.5261996,51.7271701
3922,19.5261735,51.7249217
3923,19.5261474,51.7226733
3924,19.5261213,51.7204249
3925,19.5260952,51.7181764
3926,19.5260691,51.7159280
3927,19.5260430,51.7136796
3928,19.5260170,51.7114312
3929,19.5259909,51.7091827
3930,19.5259648,51.7069343
3931,19.5259387,51.7046859
3932,19.5259127,51.7024374
3933,19.5258866,51.7001890
3934,19.5258605,51.6979406
3935,19.5258345,51.6956921
3936,19.5258084,51.6934437
3937,19.5257824,51.6911952
3938,19.5257563,51.6889468
3939,19.5307450,51.8474455
3940,19.5307186,51.8451971
3941,19.5306921,51.8429487
3942,19.5306657,51.8407003
3943,19.5306393,51.8384519
3944,19.5306128,51.8362036
3945,19.5305864,51.8339552
3946,19.5305600,51.8317068
3947,19.5305336,51.8294584
3948,19.5305072,51.8272100
3949,19.5304807,51.8249617
3950,19.5304543,51.8227133
3951,19.5304279,51.8204649
3952,19.5304015,51.8182165
3953,19.5303751,51.8159681
3954,19.5303487,51.8137197
3955,19.5303223,51.8114713
3956,19.5302960,51.8092229
3957,19.5302696,51.8069745
3958,19.5302432,51.8047261
3959,19.5302168,51.8024778
3960,19.5301904,51.8002294
3961,19.5301641,51.7979810
3962,19.5301377,51.7957326
3963,19.5301113,51.7934842
3964,19.5300850,51.7912358
3965,19.5300586,51.7889874
3966,19.5300323,51.7867390
3967,19.5300059,51.7844906
3968,19.5299796,51.7822422
3969,19.5299532,51.7799938
3970,19.5299269,51.7777454
3971,19.5299005,51.7754970
3972,19.5298742,51.7732486
3973,19.5298479,51.7710002
3974,19.5298216,51.7687517
3975,19.5297952,51.7665033
3976,19.5297689,51.7642549
3977,19.5297426,51.7620065
3978,19.5297163,51.7597581
3979,19.5296900,51.7575097
3980,19.5296637,51.7552613
3981,19.5296374,51.7530129
3982,19.5296111,51.7507645
3983,19.5295848,51.7485160
3984,19.5295585,51.7462676
3985,19.5295322,51.7440192
3986,19.5295059,51.7417708
3987,19.5294796,51.7395224
3988,19.5294534,51.7372740
3989,19.5294271,51.7350255
3990,19.5294008,51.7327771
3991,19.5293745,51.7305287
3992,19.5293483,51.7282803
3993,19.5293220,51.7260319
3994,19.5292958,51.7237834
3995,19.5292695,51.7215350
3996,19.5292433,51.7192866
3997,19.5292170,51.7170382
3998,19.5291908,51.7147897
3999,19.5291645,51.7125413
4000,19.5291383,51.7102929
4001,19.5291121,51.7080444
4002,19.5290858,51.7057960
4003,19.5290596,51.7035476
4004,19.5290334,51.7012991
4005,19.5290072,51.6990507
4006,19.5289809,51.6968023
4007,19.5289547,51.6945538
4008,19.5289285,51.6923054
4009,19.5289023,51.6900570
4010,19.5338756,51.8463070
4011,19.5338490,51.8440587
4012,19.5338224,51.8418103
4013,19.5337958,51.8395619
4014,19.5337692,51.8373135
4015,19.5337426,51.8350652
4016,19.5337161,51.8328168
4017,19.5336895,51.8305684
4018,19.5336629,51.8283200
4019,19.5336363,51.8260716
4020,19.5336098,51.8238232
4021,19.5335832,51.8215749
4022,19.5335566,51.8193265
4023,19.5335301,51.8170781
4024,19.5335035,51.8148297
4025,19.5334770,51.8125813
4026,19.5334504,51.8103329
4027,19.5334239,51.8080845
4028,19.5333974,51.8058361
4029,19.5333708,51.8035877
4030,19.5333443,51.8013394
4031,19.5333178,51.7990910
4032,19.5332912,51.7968426
4033,19.5332647,51.7945942
4034,19.5332382,51.7923458
4035,19.5332117,51.7900974
4036,19.5331852,51.7878490
4037,19.5331587,51.7856006
4038,19.5331322,51.7833522
4039,19.5331057,51.7811038
4040,19.5330792,51.7788554
4041,19.5330527,51.7766070
4042,19.5330262,51.7743586
4043,19.5329997,51.7721102
4044,19.5329732,51.7698618
4045,19.5329467,51.7676134
4046,19.5329203,51.7653650
4047,19.5328938,51.7631165
4048,19.5328673,51.7608681
4049,19.5328408,51.7586197
4050,19.5328144,51.7563713
4051,19.5327879,51.7541229
4052,19.5327615,51.7518745
4053,19.5327350,51.7496261
4054,19.5327086,51.7473777
4055,19.5326821,51.7451292
4056,19.5326557,51.7428808
4057,19.5326292,51.7406324
4058,19.5326028,51.7383840
4059,19.5325764,51.7361356
4060,19.5325499,51.7338872
4061,19.5325235,51.7316387
4062,19.5324971,51.7293903
4063,19.5324707,51.7271419
4064,19.5324443,51.7248935
4065,19.5324179,51.7226451
4066,19.5323914,51.7203966
4067,19.5323650,51.7181482
4068,19.5323386,51.7158998
4069,19.5323122,51.7136514
4070,19.5322858,51.7114029
4071,19.5322595,51.7091545
4072,19.5322331,51.7069061
4073,19.5322067,51.7046576
4074,19.5321803,51.7024092
4075,19.5321539,51.7001608
4076,19.5321276,51.6979123
4077,19.5321012,51.6956639
4078,19.5320748,51.6934155
4079,19.5320485,51.6911670
4080,19.5370328,51.8474169
4081,19.5370060,51.8451685
4082,19.5369793,51.8429202
4083,19.5369525,51.8406718
4084,19.5369258,51.8384234
4085,19.5368990,51.8361750
4086,19.5368723,51.8339267
4087,19.5368456,51.8316783
4088,19.5368188,51.8294299
4089,19.5367921,51.8271815
4090,19.5367654,51.8249331
4091,19.5367386,51.8226848
4092,19.5367119,51.8204364
4093,19.5366852,51.8181880
4094,19.5366585,51.8159396
4095,19.5366318,51.8136912
4096,19.5366051,51.8114428
4097,19.5365784,51.8091944
4098,19.5365517,51.8069460
4099,19.5365250,51.8046977
4100,19.5364983,51.8024493
4101,19.5364716,51.8002009
4102,19.5364449,51.7979525
4103,19.5364183,51.7957041
4104,19.5363916,51.7934557
4105,19.5363649,51.7912073
4106,19.5363382,51.7889589
4107,19.5363116,51.7867105
4108,19.5362849,51.7844621
4109,19.5362583,51.7822137
4110,19.5362316,51.7799653
4111,19.5362050,51.7777169
4112,19.5361783,51.7754685
4113,19.5361517,51.7732201
4114,19.5361250,51.7709717
4115,19.5360984,51.7687233
4116,19.5360717,51.7664749
4117,19.5360451,51.7642265
4118,19.5360185,51.7619781
4119,19.5359919,51.7597297
4120,19.5359652,51.7574813
4121,19.5359386,51.7552328
4122,19.5359120,51.7529844
4123,19.5358854,51.7507360
4124,19.5358588,51.7484876
4125,19.5358322,51.7462392
4126,19.5358056,51.7439908
4127,19.5357790,51.7417424
4128,19.5357524,51.7394940
4129,19.5357258,51.7372455
4130,19.5356992,51.7349971
4131,19.5356726,51.7327487
4132,19.5356461,51.7305003
4133,19.5356195,51.7282519
4134,19.5355929,51.7260034
4135,19.5355664,51.7237550
4136,19.5355398,51.7215066
4137,19.5355132,51.7192582
4138,19.5354867,51.7170097
4139,19.5354601,51.7147613
4140,19.5354336,51.7125129
4141,19.5354070,51.7102645
4142,19.5353805,51.7080160
4143,19.5353539,51.7057676
4144,19.5353274,51.7035192
4145,19.5353009,51.7012708
4146,19.5352743,51.6990223
4147,19.5352478,51.6967739
4148,19.5352213,51.6945255
4149,19.5351948,51.6922770
4150,19.5401632,51.8462783
4151,19.5401363,51.8440300
4152,19.5401094,51.8417816
4153,19.5400825,51.8395332
4154,19.5400556,51.8372848
4155,19.5400287,51.8350365
4156,19.5400018,51.8327881
4157,19.5399749,51.8305397
4158,19.5399480,51.8282913
4159,19.5399211,51.8260429
4160,19.5398942,51.8237946
4161,19.5398674,51.8215462
4162,19.5398405,51.8192978
4163,19.5398136,51.8170494
4164,19.5397868,51.8148010
4165,19.5397599,51.8125526
4166,19.5397330,51.8103043
4167,19.5397062,51.8080559
4168,19.5396793,51.8058075
4169,19.5396525,51.8035591
4170,19.5396256,51.8013107
4171,19.5395988,51.7990623
4172,19.5395720,51.7968139
4173,19.5395451,51.7945655
4174,19.5395183,51.7923171
4175,19.5394915,51.7900687
4176,19.5394646,51.7878203
4177,19.5394378,51.7855719
4178,19.5394110,51.7833235
4179,19.5393842,51.7810751
4180,19.5393574,51.7788267
4181,19.5393306,51.7765783
4182,19.5393038,51.7743299
4183,19.5392770,51.7720815
4184,19.5392502,51.7698331
4185,19.5392234,51.7675847
4186,19.5391966,51.7653363
4187,19.5391698,51.7630879
4188,19.5391430,51.7608395
4189,19.5391163,51.7585911
4190,19.5390895,51.7563427
4191,19.5390627,51.7540943
4192,19.5390359,51.7518459
4193,19.5390092,51.7495975
4194,19.5389824,51.7473491
4195,19.5389557,51.7451007
4196,19.5389289,51.7428522
4197,19.5389022,51.7406038
4198,19.5388754,51.7383554
4199,19.5388487,51.7361070
4200,19.5388219,51.7338586
4201,19.5387952,51.7316102
4202,19.5387685,51.7293617
4203,19.5387417,51.7271133
4204,19.5387150,51.7248649
4205,19.5386883,51.7226165
4206,19.5386616,51.7203681
4207,19.5386348,51.7181196
4208,19.5386081,51.7158712
4209,19.5385814,51.7136228
4210,19.5385547,51.7113744
4211,19.5385280,51.7091259
4212,19.5385013,51.7068775
4213,19.5384746,51.7046291
4214,19.5384479,51.7023806
4215,19.5384213,51.7001322
4216,19.5383946,51.6978838
4217,19.5383679,51.6956354
4218,19.5432934,51.8451397
4219,19.5432664,51.8428913
4220,19.5432393,51.8406429
4221,19.5432123,51.8383946
4222,19.5431852,51.8361462
4223,19.5431582,51.8338978
4224,19.5431311,51.8316494
4225,19.5431041,51.8294010
4226,19.5430770,51.8271527
4227,19.5430500,51.8249043
4228,19.5430229,51.8226559
4229,19.5429959,51.8204075
4230,19.5429689,51.8181591
4231,19.5429419,51.8159108
4232,19.5429148,51.8136624
4233,19.5428878,51.8114140
4234,19.5428608,51.8091656
4235,19.5428338,51.8069172
4236,19.5428068,51.8046688
4237,19.5427798,51.8024204
4238,19.5427528,51.8001720
4239,19.5427258,51.7979237
4240,19.5426988,51.7956753
4241,19.5426718,51.7934269
4242,19.5426448,51.7911785
4243,19.5426179,51.7889301
4244,19.5425909,51.7866817
4245,19.5425639,51.7844333
4246,19.5425369,51.7821849
4247,19.5425100,51.7799365
4248,19.5424830,51.7776881
4249,19.5424560,51.7754397
4250,19.5424291,51.7731913
4251,19.5424021,51.7709429
4252,19.5423752,51.7686945
4253,19.5423482,51.7664461
4254,19.5423213,51.7641977
4255,19.5422944,51.7619493
4256,19.5422674,51.7597009
4257,19.5422405,51.7574525
4258,19.5422136,51.7552041
4259,19.5421866,51.7529557
4260,19.5421597,51.7507073
4261,19.5421328,51.7484588
4262,19.5421059,51.7462104
4263,19.5420790,51.7439620
4264,19.5420521,51.7417136
4265,19.5420252,51.7394652
4266,19.5419983,51.7372168
4267,19.5419714,51.7349684
4268,19.5419445,51.7327199
4269,19.5419176,51.7304715
4270,19.5418907,51.7282231
4271,19.5418638,51.7259747
4272,19.5418369,51.7237263
4273,19.5418101,51.7214779
4274,19.5417832,51.7192294
4275,19.5417563,51.7169810
4276,19.5417294,51.7147326
4277,19.5417026,51.7124842
4278,19.5416757,51.7102357
4279,19.5416489,51.7079873
4280,19.5416220,51.7057389
4281,19.5415952,51.7034905
4282,19.5415683,51.7012420
4283,19.5415415,51.6989936
4284,19.5415146,51.6967452
4285,19.5414878,51.6944967
4286,19.5464236,51.8440009
4287,19.5463963,51.8417526
4288,19.5463691,51.8395042
4289,19.5463419,51.8372558
4290,19.5463147,51.8350074
4291,19.5462875,51.8327591
4292,19.5462603,51.8305107
4293,19.5462331,51.8282623
4294,19.5462059,51.8260139
4295,19.5461787,51.8237655
4296,19.5461515,51.8215172
4297,19.5461243,51.8192688
4298,19.5460971,51.8170204
4299,19.5460700,51.8147720
4300,19.5460428,51.8125236
4301,19.5460156,51.8102753
4302,19.5459884,51.8080269
4303,19.5459613,51.8057785
4304,19.5459341,51.8035301
4305,19.5459070,51.8012817
4306,19.5458798,51.7990333
4307,19.5458527,51.7967849
4308,19.5458255,51.7945365
4309,19.5457984,51.7922881
4310,19.5457712,51.7900398
4311,19.5457441,51.7877914
4312,19.5457170,51.7855430
4313,19.5456898,51.7832946
4314,19.5456627,51.7810462
4315,19.5456356,51.7787978
4316,19.5456085,51.7765494
4317,19.5455814,51.7743010
4318,19.5455542,51.7720526
4319,19.5455271,51.7698042
4320,19.5455000,51.7675558
4321,19.5454729,51.7653074
4322,19.5454458,51.7630590
4323,19.5454187,51.7608106
4324,19.5453917,51.7585622
4325,19.5453646,51.7563138
4326,19.5453375,51.7540654
4327,19.5453104,51.7518169
4328,19.5452833,51.7495685
4329,19.5452563,51.7473201
4330,19.5452292,51.7450717
4331,19.5452021,51.7428233
4332,19.5451751,51.7405749
4333,19.5451480,51.7383265
4334,19.5451210,51.7360781
4335,19.5450939,51.7338297
4336,19.5450669,51.7315812
4337,19.5450398,51.7293328
4338,19.5450128,51.7270844
4339,19.5449857,51.7248360
4340,19.5449587,51.7225876
4341,19.5449317,51.7203391
4342,19.5449046,51.7180907
4343,19.5448776,51.7158423
4344,19.5448506,51.7135939
4345,19.5448236,51.7113455
4346,19.5447966,51.7090970
4347,19.5447696,51.7068486
4348,19.5447426,51.7046002
4349,19.5447156,51.7023518
4350,19.5446886,51.7001033
4351,19.5446616,51.6978549
4352,19.5446346,51.6956065
4353,19.5495809,51.8451105
4354,19.5495535,51.8428621
4355,19.5495261,51.8406137
4356,19.5494987,51.8383654
4357,19.5494714,51.8361170
4358,19.5494440,51.8338686
4359,19.5494167,51.8316202
4360,19.5493893,51.8293719
4361,19.5493619,51.8271235
4362,19.5493346,51.8248751
4363,19.5493072,51.8226267
4364,19.5492799,51.8203783
4365,19.5492526,51.8181300
4366,19.5492252,51.8158816
4367,19.5491979,51.8136332
4368,19.5491706,51.8113848
4369,19.5491432,51.8091364
4370,19.5491159,51.8068880
4371,19.5490886,51.8046397
4372,19.5490613,51.8023913
4373,19.5490340,51.8001429
4374,19.5490067,51.7978945
4375,19.5489794,51.7956461
4376,19.5489521,51.7933977
4377,19.5489248,51.7911493
4378,19.5488975,51.7889009
4379,19.5488702,51.7866525
4380,19.5488429,51.7844042
4381,19.5488156,51.7821558
4382,19.5487883,51.7799074
4383,19.5487611,51.7776590
4384,19.5487338,51.7754106
4385,19.5487065,51.7731622
4386,19.5486792,51.7709138
4387,19.5486520,51.7686654
4388,19.5486247,51.7664170
4389,19.5485975,51.7641686
4390,19.5485702,51.7619202
4391,19.5485430,51.7596718
4392,19.5485157,51.7574234
4393,19.5484885,51.7551750
4394,19.5484613,51.7529266
4395,19.5484340,51.7506781
4396,19.5484068,51.7484297
4397,19.5483796,51.7461813
4398,19.5483523,51.7439329
4399,19.5483251,51.7416845
4400,19.5482979,51.7394361
4401,19.5482707,51.7371877
4402,19.5482435,51.7349393
4403,19.5482163,51.7326909
4404,19.5481891,51.7304424
4405,19.5481619,51.7281940
4406,19.5481347,51.7259456
4407,19.5481075,51.7236972
4408,19.5480803,51.7214488
4409,19.5480531,51.7192004
4410,19.5480259,51.7169519
4411,19.5479988,51.7147035
4412,19.5479716,51.7124551
4413,19.5479444,51.7102067
4414,19.5479173,51.7079582
4415,19.5478901,51.7057098
4416,19.5478629,51.7034614
4417,19.5478358,51.7012130
4418,19.5478086,51.6989645
4419,19.5477815,51.6967161
4420,19.5527383,51.8462199
4421,19.5527108,51.8439716
4422,19.5526833,51.8417232
4423,19.5526557,51.8394748
4424,19.5526282,51.8372264
4425,19.5526007,51.8349781
4426,19.5525732,51.8327297
4427,19.5525457,51.8304813
4428,19.5523532,51.8147427
4429,19.5523257,51.8124943
4430,19.5522982,51.8102459
4431,19.5522707,51.8079975
4432,19.5522432,51.8057491
4433,19.5522158,51.8035008
4434,19.5521883,51.8012524
4435,19.5521608,51.7990040
4436,19.5521334,51.7967556
4437,19.5521059,51.7945072
4438,19.5520784,51.7922588
4439,19.5520510,51.7900104
4440,19.5520235,51.7877620
4441,19.5519961,51.7855137
4442,19.5519687,51.7832653
4443,19.5519412,51.7810169
4444,19.5519138,51.7787685
4445,19.5518864,51.7765201
4446,19.5518589,51.7742717
4447,19.5518315,51.7720233
4448,19.5518041,51.7697749
4449,19.5517767,51.7675265
4450,19.5517493,51.7652781
4451,19.5517219,51.7630297
4452,19.5516944,51.7607813
4453,19.5516670,51.7585329
4454,19.5516396,51.7562845
4455,19.5516123,51.7540361
4456,19.5515849,51.7517877
4457,19.5515575,51.7495393
4458,19.5515301,51.7472909
4459,19.5515027,51.7450424
4460,19.5514753,51.7427940
4461,19.5514480,51.7405456
4462,19.5514206,51.7382972
4463,19.5513932,51.7360488
4464,19.5513659,51.7338004
4465,19.5513385,51.7315520
4466,19.5513112,51.7293036
4467,19.5512838,51.7270552
4468,19.5512565,51.7248067
4469,19.5512291,51.7225583
4470,19.5512018,51.7203099
4471,19.5511744,51.7180615
4472,19.5511471,51.7158131
4473,19.5511198,51.7135646
4474,19.5510924,51.7113162
4475,19.5510651,51.7090678
4476,19.5510378,51.7068194
4477,19.5510105,51.7045710
4478,19.5509832,51.7023225
4479,19.5509559,51.7000741
4480,19.5509286,51.6978257
4481,19.5509013,51.6955773
4482,19.5559237,51.8495777
4483,19.5558960,51.8473293
4484,19.5558683,51.8450809
4485,19.5558406,51.8428326
4486,19.5558129,51.8405842
4487,19.5557852,51.8383358
4488,19.5557575,51.8360875
4489,19.5557299,51.8338391
4490,19.5554533,51.8113553
4491,19.5554256,51.8091069
4492,19.5553980,51.8068585
4493,19.5553704,51.8046102
4494,19.5553427,51.8023618
4495,19.5553151,51.8001134
4496,19.5552875,51.7978650
4497,19.5552599,51.7956166
4498,19.5552323,51.7933682
4499,19.5552047,51.7911198
4500,19.5551771,51.7888715
4501,19.5551495,51.7866231
4502,19.5551219,51.7843747
4503,19.5550943,51.7821263
4504,19.5550667,51.7798779
4505,19.5550391,51.7776295
4506,19.5550115,51.7753811
4507,19.5549839,51.7731327
4508,19.5549563,51.7708843
4509,19.5549288,51.7686359
4510,19.5549012,51.7663875
4511,19.5548736,51.7641391
4512,19.5548461,51.7618907
4513,19.5548185,51.7596423
4514,19.5547910,51.7573939
4515,19.5547634,51.7551455
4516,19.5547359,51.7528971
4517,19.5547083,51.7506487
4518,19.5546808,51.7484003
4519,19.5546532,51.7461519
4520,19.5546257,51.7439035
4521,19.5545982,51.7416551
4522,19.5545706,51.7394067
4523,19.5545431,51.7371583
4524,19.5545156,51.7349098
4525,19.5544881,51.7326614
4526,19.5544606,51.7304130
4527,19.5544331,51.7281646
4528,19.5544056,51.7259162
4529,19.5543781,51.7236678
4530,19.5543506,51.7214194
4531,19.5543231,51.7191709
4532,19.5542956,51.7169225
4533,19.5542681,51.7146741
4534,19.5542406,51.7124257
4535,19.5542131,51.7101773
4536,19.5541856,51.7079289
4537,19.5541582,51.7056804
4538,19.5541307,51.7034320
4539,19.5541032,51.7011836
4540,19.5540758,51.6989352
4541,19.5540483,51.6966867
4542,19.5590259,51.8461902
4543,19.5589981,51.8439418
4544,19.5589702,51.8416935
4545,19.5589424,51.8394451
4546,19.5589145,51.8371967
4547,19.5588867,51.8349484
4548,19.5585807,51.8102162
4549,19.5585529,51.8079679
4550,19.5585252,51.8057195
4551,19.5584974,51.8034711
4552,19.5584696,51.8012227
4553,19.5584418,51.7989743
4554,19.5584140,51.7967259
4555,19.5583863,51.7944776
4556,19.5583585,51.7922292
4557,19.5583307,51.7899808
4558,19.5583030,51.7877324
4559,19.5582752,51.7854840
4560,19.5582475,51.7832356
4561,19.5582197,51.7809872
4562,19.5581920,51.7787388
4563,19.5581642,51.7764904
4564,19.5581365,51.7742420
4565,19.5581088,51.7719936
4566,19.5580810,51.7697453
4567,19.5580533,51.7674969
4568,19.5580256,51.7652485
4569,19.5579979,51.7630001
4570,19.5579701,51.7607517
4571,19.5579424,51.7585033
4572,19.5579147,51.7562549
4573,19.5578870,51.7540065
4574,19.5578593,51.7517581
4575,19.5578316,51.7495097
4576,19.5578039,51.7472612
4577,19.5577762,51.7450128
4578,19.5577485,51.7427644
4579,19.5577209,51.7405160
4580,19.5576932,51.7382676
4581,19.5576655,51.7360192
4582,19.5576378,51.7337708
4583,19.5576101,51.7315224
4584,19.5575825,51.7292740
4585,19.5575548,51.7270256
4586,19.5575272,51.7247772
4587,19.5574995,51.7225287
4588,19.5574719,51.7202803
4589,19.5574442,51.7180319
4590,19.5574166,51.7157835
4591,19.5573889,51.7135351
4592,19.5573613,51.7112867
4593,19.5573337,51.7090382
4594,19.5573060,51.7067898
4595,19.5572784,51.7045414
4596,19.5572508,51.7022930
4597,19.5572232,51.7000446
4598,19.5571955,51.6977961
4599,19.5571679,51.6955477
4600,19.5621557,51.8450511
4601,19.5621277,51.8428027
4602,19.5620997,51.8405543
4603,19.5620717,51.8383060
4604,19.5620437,51.8360576
4605,19.5617080,51.8090771
4606,19.5616801,51.8068287
4607,19.5616521,51.8045803
4608,19.5616242,51.8023319
4609,19.5615963,51.8000836
4610,19.5615683,51.7978352
4611,19.5615404,51.7955868
4612,19.5615125,51.7933384
4613,19.5614846,51.7910900
4614,19.5614566,51.7888416
4615,19.5614287,51.7865932
4616,19.5614008,51.7843449
4617,19.5613729,51.7820965
4618,19.5613450,51.7798481
4619,19.5613171,51.7775997
4620,19.5612892,51.7753513
4621,19.5612613,51.7731029
4622,19.5612334,51.7708545
4623,19.5612055,51.7686061
4624,19.5611777,51.7663577
4625,19.5611498,51.7641093
4626,19.5611219,51.7618609
4627,19.5610940,51.7596125
4628,19.5610662,51.7573641
4629,19.5610383,51.7551157
4630,19.5610105,51.7528673
4631,19.5609826,51.7506189
4632,19.5609547,51.7483705
4633,19.5609269,51.7461221
4634,19.5608991,51.7438737
4635,19.5608712,51.7416253
4636,19.5608434,51.7393769
4637,19.5608155,51.7371285
4638,19.5607877,51.7348801
4639,19.5607599,51.7326317
4640,19.5607321,51.7303833
4641,19.5607042,51.7281349
4642,19.5606764,51.7258864
4643,19.5606486,51.7236380
4644,19.5606208,51.7213896
4645,19.5605930,51.7191412
4646,19.5605652,51.7168928
4647,19.5605374,51.7146444
4648,19.5605096,51.7123960
4649,19.5604818,51.7101475
4650,19.5604540,51.7078991
4651,19.5604262,51.7056507
4652,19.5603985,51.7034023
4653,19.5603707,51.7011539
4654,19.5603429,51.6989054
4655,19.5603151,51.6966570
4656,19.5652853,51.8439118
4657,19.5652571,51.8416634
4658,19.5652290,51.8394151
4659,19.5652008,51.8371667
4660,19.5648633,51.8101862
4661,19.5648352,51.8079379
4662,19.5648071,51.8056895
4663,19.5647790,51.8034411
4664,19.5647509,51.8011927
4665,19.5647228,51.7989443
4666,19.5646947,51.7966959
4667,19.5646666,51.7944476
4668,19.5646385,51.7921992
4669,19.5646105,51.7899508
4670,19.5645824,51.7877024
4671,19.5645543,51.7854540
4672,19.5645263,51.7832056
4673,19.5644982,51.7809572
4674,19.5644701,51.7787089
4675,19.5644421,51.7764605
4676,19.5644140,51.7742121
4677,19.5643860,51.7719637
4678,19.5643580,51.7697153
4679,19.5643299,51.7674669
4680,19.5643019,51.7652185
4681,19.5642738,51.7629701
4682,19.5642458,51.7607217
4683,19.5642178,51.7584733
4684,19.5641898,51.7562249
4685,19.5641618,51.7539765
4686,19.5641337,51.7517281
4687,19.5641057,51.7494797
4688,19.5640777,51.7472313
4689,19.5640497,51.7449829
4690,19.5640217,51.7427345
4691,19.5639937,51.7404861
4692,19.5639657,51.7382377
4693,19.5639377,51.7359893
4694,19.5639098,51.7337409
4695,19.5638818,51.7314925
4696,19.5638538,51.7292441
4697,19.5638258,51.7269956
4698,19.5637979,51.7247472
4699,19.5637699,51.7224988
4700,19.5637419,51.7202504
4701,19.5637140,51.7180020
4702,19.5636860,51.7157536
4703,19.5636581,51.7135052
4704,19.5636301,51.7112568
4705,19.5636022,51.7090083
4706,19.5635742,51.7067599
4707,19.5635463,51.7045115
4708,19.5635184,51.7022631
4709,19.5634904,51.7000147
4710,19.5683581,51.8382757
4711,19.5680187,51.8112953
4712,19.5679904,51.8090469
4713,19.5679622,51.8067985
4714,19.5679339,51.8045502
4715,19.5679057,51.8023018
4716,19.5678774,51.8000534
4717,19.5678492,51.7978050
4718,19.5678209,51.7955566
4719,19.5677927,51.7933083
4720,19.5677644,51.7910599
4721,19.5677362,51.7888115
4722,19.5677080,51.7865631
4723,19.5676798,51.7843147
4724,19.5676516,51.7820663
4725,19.5676233,51.7798179
4726,19.5675951,51.7775695
4727,19.5675669,51.7753212
4728,19.5675387,51.7730728
4729,19.5675105,51.7708244
4730,19.5674823,51.7685760
4731,19.5674541,51.7663276
4732,19.5674259,51.7640792
4733,19.5673977,51.7618308
4734,19.5673696,51.7595824
4735,19.5673414,51.7573340
4736,19.5673132,51.7550856
4737,19.5672850,51.7528372
4738,19.5672569,51.7505888
4739,19.5672287,51.7483404
4740,19.5672005,51.7460920
4741,19.5671724,51.7438436
4742,19.5671442,51.7415952
4743,19.5671161,51.7393468
4744,19.5670879,51.7370984
4745,19.5670598,51.7348500
4746,19.5670317,51.7326016
4747,19.5670035,51.7303532
4748,19.5669754,51.7281048
4749,19.5669473,51.7258564
4750,19.5669191,51.7236079
4751,19.5668910,51.7213595
4752,19.5668629,51.7191111
4753,19.5668348,51.7168627
4754,19.5668067,51.7146143
4755,19.5667786,51.7123659
4756,19.5667505,51.7101175
4757,19.5667224,51.7078691
4758,19.5666943,51.7056206
4759,19.5666662,51.7033722
4760,19.5712027,51.8146526
4761,19.5711742,51.8124043
4762,19.5711458,51.8101559
4763,19.5711174,51.8079075
4764,19.5710890,51.8056591
4765,19.5710606,51.8034108
4766,19.5710322,51.8011624
4767,19.5710038,51.7989140
4768,19.5709754,51.7966656
4769,19.5709470,51.7944172
4770,19.5709186,51.7921689
4771,19.5708902,51.7899205
4772,19.5708618,51.7876721
4773,19.5708334,51.7854237
4774,19.5708051,51.7831753
4775,19.5707767,51.7809269
4776,19.5707483,51.7786785
4777,19.5707199,51.7764302
4778,19.5706916,51.7741818
4779,19.5706632,51.7719334
4780,19.5706349,51.7696850
4781,19.5706065,51.7674366
4782,19.5705782,51.7651882
4783,19.5705498,51.7629398
4784,19.5705215,51.7606914
4785,19.5704931,51.7584430
4786,19.5704648,51.7561946
4787,19.5704365,51.7539462
4788,19.5704082,51.7516978
4789,19.5703798,51.7494494
4790,19.5703515,51.7472010
4791,19.5703232,51.7449526
4792,19.5702949,51.7427042
4793,19.5702666,51.7404558
4794,19.5702383,51.7382074
4795,19.5702100,51.7359590
4796,19.5701817,51.7337106
4797,19.5701534,51.7314622
4798,19.5701251,51.7292138
4799,19.5700968,51.7269654
4800,19.5700685,51.7247170
4801,19.5700403,51.7224686
4802,19.5700120,51.7202202
4803,19.5699837,51.7179718
4804,19.5699555,51.7157233
4805,19.5699272,51.7134749
4806,19.5698989,51.7112265
4807,19.5698707,51.7089781
4808,19.5698424,51.7067297
4809,19.5698142,51.7044813
4810,19.5743300,51.8135132
4811,19.5743014,51.8112648
4812,19.5742728,51.8090164
4813,19.5742442,51.8067680
4814,19.5742157,51.8045197
4815,19.5741871,51.8022713
4816,19.5741585,51.8000229
4817,19.5741300,51.7977745
4818,19.5741014,51.7955261
4819,19.5740729,51.7932778
4820,19.5740443,51.7910294
4821,19.5740158,51.7887810
4822,19.5739872,51.7865326
4823,19.5739587,51.7842842
4824,19.5739302,51.7820358
4825,19.5739016,51.7797875
4826,19.5738731,51.7775391
4827,19.5738446,51.7752907
4828,19.5738161,51.7730423
4829,19.5737876,51.7707939
4830,19.5737591,51.7685455
4831,19.5737306,51.7662971
4832,19.5737021,51.7640487
4833,19.5736736,51.7618003
4834,19.5736451,51.7595519
4835,19.5736166,51.7573036
4836,19.5735881,51.7550552
4837,19.5735596,51.7528068
4838,19.5735311,51.7505584
4839,19.5735027,51.7483100
4840,19.5734742,51.7460616
4841,19.5734457,51.7438132
4842,19.5734173,51.7415648
4843,19.5733888,51.7393164
4844,19.5733603,51.7370680
4845,19.5733319,51.7348196
4846,19.5733034,51.7325712
4847,19.5732750,51.7303228
4848,19.5732465,51.7280743
4849,19.5732181,51.7258259
4850,19.5731897,51.7235775
4851,19.5731612,51.7213291
4852,19.5731328,51.7190807
4853,19.5731044,51.7168323
4854,19.5730760,51.7145839
4855,19.5730476,51.7123355
4856,19.5730191,51.7100871
4857,19.5729907,51.7078387
4858,19.5729623,51.7055902
4859,19.5774858,51.8146220
4860,19.5774571,51.8123736
4861,19.5774283,51.8101252
4862,19.5773996,51.8078768
4863,19.5773709,51.8056285
4864,19.5773422,51.8033801
4865,19.5773134,51.8011317
4866,19.5772847,51.7988833
4867,19.5772560,51.7966350
4868,19.5772273,51.7943866
4869,19.5771986,51.7921382
4870,19.5771699,51.7898898
4871,19.5771412,51.7876414
4872,19.5771125,51.7853931
4873,19.5770838,51.7831447
4874,19.5770551,51.7808963
4875,19.5770265,51.7786479
4876,19.5769978,51.7763995
4877,19.5769691,51.7741511
4878,19.5769404,51.7719027
4879,19.5769118,51.7696544
4880,19.5768831,51.7674060
4881,19.5768544,51.7651576
4882,19.5768258,51.7629092
4883,19.5767971,51.7606608
4884,19.5767685,51.7584124
4885,19.5767399,51.7561640
4886,19.5767112,51.7539156
4887,19.5766826,51.7516672
4888,19.5766539,51.7494188
4889,19.5766253,51.7471704
4890,19.5765967,51.7449220
4891,19.5765681,51.7426736
4892,19.5765394,51.7404252
4893,19.5765108,51.7381768
4894,19.5764822,51.7359284
4895,19.5764536,51.7336800
4896,19.5764250,51.7314316
4897,19.5763964,51.7291832
4898,19.5763678,51.7269348
4899,19.5763392,51.7246864
4900,19.5763106,51.7224380
4901,19.5762820,51.7201896
4902,19.5762535,51.7179412
4903,19.5762249,51.7156928
4904,19.5761963,51.7134444
4905,19.5761677,51.7111959
4906,19.5761392,51.7089475
4907,19.5761106,51.7066991
4908,19.5760821,51.7044507
4909,19.5806418,51.8157307
4910,19.5806129,51.8134823
4911,19.5805840,51.8112339
4912,19.5805552,51.8089856
4913,19.5805263,51.8067372
4914,19.5804974,51.8044888
4915,19.5804685,51.8022404
4916,19.5804396,51.7999921
4917,19.5804108,51.7977437
4918,19.5803819,51.7954953
4919,19.5803530,51.7932469
4920,19.5803242,51.7909986
4921,19.5802953,51.7887502
4922,19.5802665,51.7865018
4923,19.5802376,51.7842534
4924,19.5802088,51.7820050
4925,19.5801800,51.7797566
4926,19.5801511,51.7775083
4927,19.5801223,51.7752599
4928,19.5800935,51.7730115
4929,19.5800646,51.7707631
4930,19.5800358,51.7685147
4931,19.5800070,51.7662663
4932,19.5799782,51.7640179
4933,19.5799494,51.7617695
4934,19.5799206,51.7595212
4935,19.5798918,51.7572728
4936,19.5798630,51.7550244
4937,19.5798342,51.7527760
4938,19.5798054,51.7505276
4939,19.5797766,51.7482792
4940,19.5797478,51.7460308
4941,19.5797190,51.7437824
4942,19.5796903,51.7415340
4943,19.5796615,51.7392856
4944,19.5796327,51.7370372
4945,19.5796040,51.7347888
4946,19.5795752,51.7325404
4947,19.5795464,51.7302920
4948,19.5795177,51.7280436
4949,19.5794889,51.7257952
4950,19.5794602,51.7235468
4951,19.5794314,51.7212984
4952,19.5794027,51.7190500
4953,19.5793740,51.7168016
4954,19.5793452,51.7145531
4955,19.5793165,51.7123047
4956,19.5792878,51.7100563
4957,19.5792591,51.7078079
4958,19.5792304,51.7055595
4959,19.5792016,51.7033111
4960,19.5837980,51.8168393
4961,19.5837690,51.8145909
4962,19.5837399,51.8123426
4963,19.5837109,51.8100942
4964,19.5836818,51.8078458
4965,19.5836528,51.8055975
4966,19.5836237,51.8033491
4967,19.5835947,51.8011007
4968,19.5835657,51.7988523
4969,19.5835367,51.7966040
4970,19.5835076,51.7943556
4971,19.5834786,51.7921072
4972,19.5834496,51.7898588
4973,19.5834206,51.7876104
4974,19.5833916,51.7853621
4975,19.5833626,51.7831137
4976,19.5833336,51.7808653
4977,19.5833046,51.7786169
4978,19.5832756,51.7763685
4979,19.5832466,51.7741202
4980,19.5832176,51.7718718
4981,19.5831887,51.7696234
4982,19.5831597,51.7673750
4983,19.5831307,51.7651266
4984,19.5831018,51.7628782
4985,19.5830728,51.7606298
4986,19.5830438,51.7583814
4987,19.5830149,51.7561330
4988,19.5829859,51.7538847
4989,19.5829570,51.7516363
4990,19.5829280,51.7493879
4991,19.5828991,51.7471395
4992,19.5828702,51.7448911
4993,19.5828412,51.7426427
4994,19.5828123,51.7403943
4995,19.5827834,51.7381459
4996,19.5827544,51.7358975
4997,19.5827255,51.7336491
4998,19.5826966,51.7314007
4999,19.5826677,51.7291523
5000,19.5826388,51.7269039
5001,19.5826099,51.7246555
5002,19.5825810,51.7224071
5003,19.5825521,51.7201587
5004,19.5825232,51.7179103
5005,19.5824943,51.7156619
5006,19.5824654,51.7134134
5007,19.5824365,51.7111650
5008,19.5824077,51.7089166
5009,19.5823788,51.7066682
5010,19.5823499,51.7044198
5011,19.5823211,51.7021714
5012,19.5869251,51.8156995
5013,19.5868959,51.8134511
5014,19.5868667,51.8112027
5015,19.5868375,51.8089544
5016,19.5868083,51.8067060
5017,19.5867791,51.8044576
5018,19.5867499,51.8022093
5019,19.5867207,51.7999609
5020,19.5866916,51.7977125
5021,19.5866624,51.7954641
5022,19.5866332,51.7932158
5023,19.5866040,51.7909674
5024,19.5865749,51.7887190
5025,19.5865457,51.7864706
5026,19.5865165,51.7842223
5027,19.5864874,51.7819739
5028,19.5864582,51.7797255
5029,19.5864291,51.7774771
5030,19.5864000,51.7752287
5031,19.5863708,51.7729803
5032,19.5863417,51.7707320
5033,19.5863125,51.7684836
5034,19.5862834,51.7662352
5035,19.5862543,51.7639868
5036,19.5862252,51.7617384
5037,19.5861960,51.7594900
5038,19.5861669,51.7572416
5039,19.5861378,51.7549932
5040,19.5861087,51.7527449
5041,19.5860796,51.7504965
5042,19.5860505,51.7482481
5043,19.5860214,51.7459997
5044,19.5859923,51.7437513
5045,19.5859632,51.7415029
5046,19.5859342,51.7392545
5047,19.5859051,51.7370061
5048,19.5858760,51.7347577
5049,19.5858469,51.7325093
5050,19.5858179,51.7302609
5051,19.5857888,51.7280125
5052,19.5857597,51.7257641
5053,19.5857307,51.7235157
5054,19.5857016,51.7212673
5055,19.5856726,51.7190189
5056,19.5856435,51.7167705
5057,19.5856145,51.7145221
5058,19.5855855,51.7122737
5059,19.5855564,51.7100253
5060,19.5855274,51.7077768
5061,19.5854984,51.7055284
5062,19.5900814,51.8168079
5063,19.5900521,51.8145596
5064,19.5900227,51.8123112
5065,19.5899934,51.8100628
5066,19.5899640,51.8078145
5067,19.5899347,51.8055661
5068,19.5899053,51.8033177
5069,19.5898760,51.8010694
5070,19.5898466,51.7988210
5071,19.5898173,51.7965726
5072,19.5897880,51.7943242
5073,19.5897586,51.7920759
5074,19.5897293,51.7898275
5075,19.5897000,51.7875791
5076,19.5896707,51.7853307
5077,19.5896413,51.7830824
5078,19.5896120,51.7808340
5079,19.5895827,51.7785856
5080,19.5895534,51.7763372
5081,19.5895241,51.7740888
5082,19.5894948,51.7718405
5083,19.5894655,51.7695921
5084,19.5894363,51.7673437
5085,19.5894070,51.7650953
5086,19.5893777,51.7628469
5087,19.5893484,51.7605985
5088,19.5893192,51.7583501
5089,19.5892899,51.7561018
5090,19.5892606,51.7538534
5091,19.5892314,51.7516050
5092,19.5892021,51.7493566
5093,19.5891729,51.7471082
5094,19.5891436,51.7448598
5095,19.5891144,51.7426114
5096,19.5890851,51.7403630
5097,19.5890559,51.7381146
5098,19.5890266,51.7358662
5099,19.5889974,51.7336178
5100,19.5889682,51.7313694
5101,19.5889390,51.7291210
5102,19.5889098,51.7268726
5103,19.5888805,51.7246242
5104,19.5888513,51.7223758
5105,19.5888221,51.7201274
5106,19.5887929,51.7178790
5107,19.5887637,51.7156306
5108,19.5887345,51.7133822
5109,19.5887053,51.7111338
5110,19.5886761,51.7088854
5111,19.5886470,51.7066370
5112,19.5886178,51.7043886
5113,19.5885886,51.7021402
5114,19.5932084,51.8156680
5115,19.5931789,51.8134196
5116,19.5931494,51.8111712
5117,19.5931198,51.8089229
5118,19.5930903,51.8066745
5119,19.5930608,51.8044261
5120,19.5930313,51.8021778
5121,19.5930018,51.7999294
5122,19.5929723,51.7976810
5123,19.5929428,51.7954326
5124,19.5929134,51.7931843
5125,19.5928839,51.7909359
5126,19.5928544,51.7886875
5127,19.5928249,51.7864391
5128,19.5927955,51.7841908
5129,19.5927660,51.7819424
5130,19.5927365,51.7796940
5131,19.5927071,51.7774456
5132,19.5926776,51.7751972
5133,19.5926482,51.7729489
5134,19.5926187,51.7707005
5135,19.5925893,51.7684521
5136,19.5925598,51.7662037
5137,19.5925304,51.7639553
5138,19.5925010,51.7617070
5139,19.5924715,51.7594586
5140,19.5924421,51.7572102
5141,19.5924127,51.7549618
5142,19.5923833,51.7527134
5143,19.5923538,51.7504650
5144,19.5923244,51.7482166
5145,19.5922950,51.7459682
5146,19.5922656,51.7437198
5147,19.5922362,51.7414714
5148,19.5922068,51.7392231
5149,19.5921774,51.7369747
5150,19.5921481,51.7347263
5151,19.5921187,51.7324779
5152,19.5920893,51.7302295
5153,19.5920599,51.7279811
5154,19.5920305,51.7257327
5155,19.5920012,51.7234843
5156,19.5919718,51.7212359
5157,19.5919425,51.7189875
5158,19.5919131,51.7167391
5159,19.5918837,51.7144907
5160,19.5918544,51.7122423
5161,19.5918251,51.7099938
5162,19.5917957,51.7077454
5163,19.5917664,51.7054970
5164,19.5917370,51.7032486
5165,19.5917077,51.7010002
5166,19.5963352,51.8145279
5167,19.5963055,51.8122795
5168,19.5962758,51.8100312
5169,19.5962462,51.8077828
5170,19.5962165,51.8055344
5171,19.5961869,51.8032861
5172,19.5961572,51.8010377
5173,19.5961275,51.7987893
5174,19.5960979,51.7965409
5175,19.5960683,51.7942926
5176,19.5960386,51.7920442
5177,19.5960090,51.7897958
5178,19.5959793,51.7875475
5179,19.5959497,51.7852991
5180,19.5959201,51.7830507
5181,19.5958905,51.7808023
5182,19.5958608,51.7785540
5183,19.5958312,51.7763056
5184,19.5958016,51.7740572
5185,19.5957720,51.7718088
5186,19.5957424,51.7695604
5187,19.5957128,51.7673121
5188,19.5956832,51.7650637
5189,19.5956536,51.7628153
5190,19.5956240,51.7605669
5191,19.5955945,51.7583185
5192,19.5955649,51.7560701
5193,19.5955353,51.7538217
5194,19.5955057,51.7515734
5195,19.5954762,51.7493250
5196,19.5954466,51.7470766
5197,19.5954170,51.7448282
5198,19.5953875,51.7425798
5199,19.5953579,51.7403314
5200,19.5953284,51.7380830
5201,19.5952988,51.7358346
5202,19.5952693,51.7335862
5203,19.5952398,51.7313378
5204,19.5952102,51.7290894
5205,19.5951807,51.7268410
5206,19.5951512,51.7245926
5207,19.5951217,51.7223442
5208,19.5950921,51.7200958
5209,19.5950626,51.7178474
5210,19.5950331,51.7155990
5211,19.5950036,51.7133506
5212,19.5949741,51.7111022
5213,19.5949446,51.7088538
5214,19.5949151,51.7066054
5215,19.5948856,51.7043570
5216,19.5948561,51.7021086
5217,19.5948267,51.6998602
5218,19.5994917,51.8156361
5219,19.5994618,51.8133877
5220,19.5994320,51.8111394
5221,19.5994022,51.8088910
5222,19.5993724,51.8066426
5223,19.5993425,51.8043943
5224,19.5993127,51.8021459
5225,19.5992829,51.7998975
5226,19.5992531,51.7976492
5227,19.5992233,51.7954008
5228,19.5991935,51.7931524
5229,19.5991637,51.7909041
5230,19.5991339,51.7886557
5231,19.5991041,51.7864073
5232,19.5990743,51.7841589
5233,19.5990446,51.7819106
5234,19.5990148,51.7796622
5235,19.5989850,51.7774138
5236,19.5989553,51.7751654
5237,19.5989255,51.7729171
5238,19.5988957,51.7706687
5239,19.5988660,51.7684203
5240,19.5988362,51.7661719
5241,19.5988065,51.7639235
5242,19.5987767,51.7616752
5243,19.5987470,51.7594268
5244,19.5987172,51.7571784
5245,19.5986875,51.7549300
5246,19.5986578,51.7526816
5247,19.5986281,51.7504332
5248,19.5985983,51.7481848
5249,19.5985686,51.7459364
5250,19.5985389,51.7436881
5251,19.5985092,51.7414397
5252,19.5984795,51.7391913
5253,19.5984498,51.7369429
5254,19.5984201,51.7346945
5255,19.5983904,51.7324461
5256,19.5983607,51.7301977
5257,19.5983310,51.7279493
5258,19.5983013,51.7257009
5259,19.5982717,51.7234525
5260,19.5982420,51.7212041
5261,19.5982123,51.7189557
5262,19.5981826,51.7167073
5263,19.5981530,51.7144589
5264,19.5981233,51.7122105
5265,19.5980937,51.7099621
5266,19.5980640,51.7077137
5267,19.5980344,51.7054653
5268,19.5980047,51.7032169
5269,19.5979751,51.7009685
5270,19.5979454,51.6987201
5271,19.5979158,51.6964717
5272,19.6026183,51.8144959
5273,19.6025883,51.8122475
5274,19.6025583,51.8099991
5275,19.6025283,51.8077508
5276,19.6024984,51.8055024
5277,19.6024684,51.8032540
5278,19.6024384,51.8010057
5279,19.6024085,51.7987573
5280,19.6023785,51.7965089
5281,19.6023485,51.7942606
5282,19.6023186,51.7920122
5283,19.6022886,51.7897638
5284,19.6022587,51.7875155
5285,19.6022288,51.7852671
5286,19.6021988,51.7830187
5287,19.6021689,51.7807703
5288,19.6021390,51.7785220
5289,19.6021090,51.7762736
5290,19.6020791,51.7740252
5291,19.6020492,51.7717768
5292,19.6020193,51.7695285
5293,19.6019894,51.7672801
5294,19.6019595,51.7650317
5295,19.6019296,51.7627833
5296,19.6018997,51.7605349
5297,19.6018698,51.7582866
5298,19.6018399,51.7560382
5299,19.6018100,51.7537898
5300,19.6017801,51.7515414
5301,19.6017502,51.7492930
5302,19.6017204,51.7470446
5303,19.6016905,51.7447962
5304,19.6016606,51.7425478
5305,19.6016307,51.7402995
5306,19.6016009,51.7380511
5307,19.6015710,51.7358027
5308,19.6015412,51.7335543
5309,19.6015113,51.7313059
5310,19.6014815,51.7290575
5311,19.6014516,51.7268091
5312,19.6014218,51.7245607
5313,19.6013920,51.7223123
5314,19.6013622,51.7200639
5315,19.6013323,51.7178155
5316,19.6013025,51.7155671
5317,19.6012727,51.7133187
5318,19.6012429,51.7110703
5319,19.6012131,51.7088219
5320,19.6011833,51.7065735
5321,19.6011535,51.7043251
5322,19.6011237,51.7020767
5323,19.6010939,51.6998283
5324,19.6010641,51.6975799
5325,19.6057749,51.8156039
5326,19.6057448,51.8133555
5327,19.6057146,51.8111072
5328,19.6056845,51.8088588
5329,19.6056544,51.8066105
5330,19.6056242,51.8043621
5331,19.6055941,51.8021137
5332,19.6055640,51.7998654
5333,19.6055339,51.7976170
5334,19.6055037,51.7953686
5335,19.6054736,51.7931203
5336,19.6054435,51.7908719
5337,19.6054134,51.7886235
5338,19.6053833,51.7863752
5339,19.6053532,51.7841268
5340,19.6053231,51.7818784
5341,19.6052930,51.7796300
5342,19.6052630,51.7773817
5343,19.6052329,51.7751333
5344,19.6052028,51.7728849
5345,19.6051727,51.7706365
5346,19.6051427,51.7683882
5347,19.6051126,51.7661398
5348,19.6050825,51.7638914
5349,19.6050525,51.7616430
5350,19.6050224,51.7593946
5351,19.6049924,51.7571463
5352,19.6049623,51.7548979
5353,19.6049323,51.7526495
5354,19.6049023,51.7504011
5355,19.6048722,51.7481527
5356,19.6048422,51.7459043
5357,19.6048122,51.7436559
5358,19.6047822,51.7414076
5359,19.6047521,51.7391592
5360,19.6047221,51.7369108
5361,19.6046921,51.7346624
5362,19.6046621,51.7324140
5363,19.6046321,51.7301656
5364,19.6046021,51.7279172
5365,19.6045721,51.7256688
5366,19.6045421,51.7234204
5367,19.6045121,51.7211720
5368,19.6044822,51.7189236
5369,19.6044522,51.7166752
5370,19.6044222,51.7144268
5371,19.6043922,51.7121784
5372,19.6043623,51.7099300
5373,19.6043323,51.7076816
5374,19.6043024,51.7054332
5375,19.6042724,51.7031848
5376,19.6042424,51.7009364
5377,19.6089014,51.8144635
5378,19.6088711,51.8122151
5379,19.6088408,51.8099668
5380,19.6088105,51.8077184
5381,19.6087802,51.8054701
5382,19.6087499,51.8032217
5383,19.6087196,51.8009733
5384,19.6086894,51.7987250
5385,19.6086591,51.7964766
5386,19.6086288,51.7942282
5387,19.6085986,51.7919799
5388,19.6085683,51.7897315
5389,19.6085380,51.7874831
5390,19.6085078,51.7852348
5391,19.6084775,51.7829864
5392,19.6084473,51.7807380
5393,19.6084171,51.7784896
5394,19.6083868,51.7762413
5395,19.6083566,51.7739929
5396,19.6083263,51.7717445
5397,19.6082961,51.7694961
5398,19.6082659,51.7672478
5399,19.6082357,51.7649994
5400,19.6082055,51.7627510
5401,19.6081753,51.7605026
5402,19.6081451,51.7582543
5403,19.6081149,51.7560059
5404,19.6080847,51.7537575
5405,19.6080545,51.7515091
5406,19.6080243,51.7492607
5407,19.6079941,51.7470123
5408,19.6079639,51.7447640
5409,19.6079337,51.7425156
5410,19.6079035,51.7402672
5411,19.6078734,51.7380188
5412,19.6078432,51.7357704
5413,19.6078130,51.7335220
5414,19.6077829,51.7312736
5415,19.6077527,51.7290252
5416,19.6077226,51.7267768
5417,19.6076924,51.7245284
5418,19.6076623,51.7222801
5419,19.6076321,51.7200317
5420,19.6076020,51.7177833
5421,19.6075719,51.7155349
5422,19.6075418,51.7132865
5423,19.6075116,51.7110381
5424,19.6074815,51.7087897
5425,19.6074514,51.7065413
5426,19.6074213,51.7042929
5427,19.6073912,51.7020445
5428,19.6073611,51.6997961
5429,19.6073310,51.6975477
5430,19.6120277,51.8133230
5431,19.6119972,51.8110746
5432,19.6119668,51.8088263
5433,19.6119363,51.8065779
5434,19.6119059,51.8043296
5435,19.6118755,51.8020812
5436,19.6118450,51.7998328
5437,19.6118146,51.7975845
5438,19.6117842,51.7953361
5439,19.6117537,51.7930878
5440,19.6117233,51.7908394
5441,19.6116929,51.7885910
5442,19.6116625,51.7863427
5443,19.6116321,51.7840943
5444,19.6116017,51.7818459
5445,19.6115713,51.7795975
5446,19.6115409,51.7773492
5447,19.6115105,51.7751008
5448,19.6114801,51.7728524
5449,19.6114497,51.7706041
5450,19.6114194,51.7683557
5451,19.6113890,51.7661073
5452,19.6113586,51.7638589
5453,19.6113282,51.7616105
5454,19.6112979,51.7593622
5455,19.6112675,51.7571138
5456,19.6112372,51.7548654
5457,19.6112068,51.7526170
5458,19.6111765,51.7503686
5459,19.6111461,51.7481203
5460,19.6111158,51.7458719
5461,19.6110854,51.7436235
5462,19.6110551,51.7413751
5463,19.6110248,51.7391267
5464,19.6109945,51.7368783
5465,19.6109641,51.7346299
5466,19.6109338,51.7323816
5467,19.6109035,51.7301332
5468,19.6108732,51.7278848
5469,19.6108429,51.7256364
5470,19.6108126,51.7233880
5471,19.6107823,51.7211396
5472,19.6107520,51.7188912
5473,19.6107217,51.7166428
5474,19.6106914,51.7143944
5475,19.6106611,51.7121460
5476,19.6106309,51.7098976
5477,19.6106006,51.7076492
5478,19.6105703,51.7054008
5479,19.6105401,51.7031524
5480,19.6105098,51.7009040
5481,19.6104795,51.6986556
5482,19.6151845,51.8144308
5483,19.6151539,51.8121824
5484,19.6151232,51.8099341
5485,19.6150926,51.8076857
5486,19.6150620,51.8054374
5487,19.6150314,51.8031890
5488,19.6150008,51.8009406
5489,19.6149703,51.7986923
5490,19.6149397,51.7964439
5491,19.6149091,51.7941956
5492,19.6148785,51.7919472
5493,19.6148479,51.7896988
5494,19.6148174,51.7874505
5495,19.6147868,51.7852021
5496,19.6147562,51.7829537
5497,19.6147257,51.7807054
5498,19.6146646,51.7762086
5499,19.6146340,51.7739602
5500,19.6146035,51.7717119
5501,19.6145730,51.7694635
5502,19.6145424,51.7672151
5503,19.6145119,51.7649668
5504,19.6144814,51.7627184
5505,19.6144508,51.7604700
5506,19.6144203,51.7582216
5507,19.6143898,51.7559732
5508,19.6143593,51.7537249
5509,19.6143288,51.7514765
5510,19.6142983,51.7492281
5511,19.6142678,51.7469797
5512,19.6142373,51.7447313
5513,19.6142068,51.7424830
5514,19.6141763,51.7402346
5515,19.6141458,51.7379862
5516,19.6141154,51.7357378
5517,19.6140849,51.7334894
5518,19.6140544,51.7312410
5519,19.6140240,51.7289926
5520,19.6139935,51.7267442
5521,19.6139630,51.7244959
5522,19.6139326,51.7222475
5523,19.6139021,51.7199991
5524,19.6138717,51.7177507
5525,19.6138412,51.7155023
5526,19.6138108,51.7132539
5527,19.6137804,51.7110055
5528,19.6137499,51.7087571
5529,19.6137195,51.7065087
5530,19.6136891,51.7042603
5531,19.6181568,51.8020484
5532,19.6181261,51.7998000
5533,19.6180953,51.7975516
5534,19.6180646,51.7953033
5535,19.6180339,51.7930549
5536,19.6180031,51.7908065
5537,19.6179724,51.7885582
5538,19.6179417,51.7863098
5539,19.6179110,51.7840615
5540,19.6178802,51.7818131
5541,19.6177574,51.7728196
5542,19.6177267,51.7705712
5543,19.6176960,51.7683229
5544,19.6176653,51.7660745
5545,19.6176347,51.7638261
5546,19.6176040,51.7615777
5547,19.6175733,51.7593294
5548,19.6175426,51.7570810
5549,19.6175120,51.7548326
5550,19.6174813,51.7525842
5551,19.6174506,51.7503359
5552,19.6174200,51.7480875
5553,19.6173893,51.7458391
5554,19.6173587,51.7435907
5555,19.6173280,51.7413423
5556,19.6172974,51.7390939
5557,19.6172668,51.7368456
5558,19.6172361,51.7345972
5559,19.6172055,51.7323488
5560,19.6171749,51.7301004
5561,19.6171443,51.7278520
5562,19.6171136,51.7256036
5563,19.6170830,51.7233552
5564,19.6170524,51.7211068
5565,19.6170218,51.7188585
5566,19.6169912,51.7166101
5567,19.6169606,51.7143617
5568,19.6169300,51.7121133
5569,19.6168994,51.7098649
5570,19.6168689,51.7076165
5571,19.6211585,51.7919142
5572,19.6208806,51.7716789
5573,19.6208498,51.7694305
5574,19.6208189,51.7671821
5575,19.6207881,51.7649338
5576,19.6207264,51.7604370
5577,19.6206956,51.7581887
5578,19.6206648,51.7559403
5579,19.6206339,51.7536919
5580,19.6206031,51.7514435
5581,19.6205723,51.7491951
5582,19.6205415,51.7469468
5583,19.6205107,51.7446984
5584,19.6204799,51.7424500
5585,19.6204491,51.7402016
5586,19.6204183,51.7379532
5587,19.6203875,51.7357049
5588,19.6203567,51.7334565
5589,19.6203260,51.7312081
5590,19.6202952,51.7289597
5591,19.6202644,51.7267113
5592,19.6202336,51.7244629
5593,19.6202029,51.7222145
5594,19.6201721,51.7199661
5595,19.6201414,51.7177178
5596,19.6201106,51.7154694
5597,19.6200798,51.7132210
5598,19.6200491,51.7109726
5599,19.6239727,51.7682897
5600,19.6239417,51.7660413
5601,19.6238487,51.7592962
5602,19.6238177,51.7570479
5603,19.6237868,51.7547995
5604,19.6237558,51.7525511
5605,19.6237248,51.7503027
5606,19.6236938,51.7480544
5607,19.6236629,51.7458060
5608,19.6236319,51.7435576
5609,19.6236010,51.7413092
5610,19.6235700,51.7390608
5611,19.6235391,51.7368125
5612,19.6235081,51.7345641
5613,19.6234772,51.7323157
5614,19.6234462,51.7300673
5615,19.6234153,51.7278189
5616,19.6233844,51.7255705
5617,19.6233535,51.7233221
5618,19.6233225,51.7210738
5619,19.6232916,51.7188254
5620,19.6232607,51.7165770
5621,19.6232298,51.7143286
5622,19.6269397,51.7559070
5623,19.6269086,51.7536586
5624,19.6268774,51.7514102
5625,19.6268463,51.7491619
5626,19.6268152,51.7469135
5627,19.6267841,51.7446651
5628,19.6267530,51.7424167
5629,19.6267219,51.7401683
5630,19.6266908,51.7379200
5631,19.6266597,51.7356716
5632,19.6266286,51.7334232
5633,19.6265975,51.7311748
5634,19.6265664,51.7289264
5635,19.6265353,51.7266780
5636,19.6265042,51.7244297
5637,19.6264731,51.7221813
5638,19.6264421,51.7199329
5639,19.6264110,51.7176845
5640,19.6300615,51.7547660
5641,19.6300302,51.7525176
5642,19.6299990,51.7502693
5643,19.6299677,51.7480209
5644,19.6299364,51.7457725
5645,19.6299051,51.7435241
5646,19.6298739,51.7412758
5647,19.6298426,51.7390274
5648,19.6298114,51.7367790
5649,19.6297801,51.7345306
5650,19.6297488,51.7322822
5651,19.6297176,51.7300339
5652,19.6296864,51.7277855
5653,19.6296551,51.7255371
5654,19.6296239,51.7232887
5655,19.6332146,51.7558733
5656,19.6331832,51.7536250
5657,19.6331518,51.7513766
5658,19.6363363,51.7547322
5659,19.6363047,51.7524838
5660,19.6394896,51.7558394
5661,19.6394578,51.7535910
