poi_id,crit,lon,lat,name,in_city
przedszkole/0,przedszkole,19.402597,51.745132,Przedszkole Miejskie nr 214 z Oddziałmi Integracyjnymi,1
przedszkole/1,przedszkole,19.452671,51.729369,Przedszkole Miejskie Integracyjne nr 36,1
przedszkole/2,przedszkole,19.392502,51.794993,Przedszkole Miejskie nr 128,1
przedszkole/3,przedszkole,19.378263,51.798486,,1
przedszkole/4,przedszkole,19.463099,51.760748,Przedszkole Publiczne Sióstr Służebniczek NMP NP im. Edmunda Bojanowskiego,1
przedszkole/5,przedszkole,19.423805,51.786923,,1
przedszkole/6,przedszkole,19.488331,51.781855,Przedszkole nr 14,1
przedszkole/7,przedszkole,19.452418,51.798421,,1
przedszkole/8,przedszkole,19.504281,51.763818,Przedszkole Miejskie nr 185,1
przedszkole/9,przedszkole,19.485196,51.715232,,1
przedszkole/10,przedszkole,19.389051,51.740036,Przedszkole Miejskie Nr 170,1
przedszkole/11,przedszkole,19.425665,51.751055,,1
przedszkole/12,przedszkole,19.463315,51.798644,Przedszkole Miejskie nr 160,1
przedszkole/13,przedszkole,19.4918,51.739009,Przedszkole Prywatne Elżbiety Raczyńskiej,1
przedszkole/14,przedszkole,19.564532,51.743564,Przedszkole lingwistyczne Dobry Start,1
przedszkole/15,przedszkole,19.465324,51.752364,Przedszkole nr 99,1
przedszkole/16,przedszkole,19.450101,51.76577,Przedszkole Miejskie Nr 208,1
przedszkole/17,przedszkole,19.463482,51.786101,,1
przedszkole/18,przedszkole,19.463307,51.798451,Przedszkole Miejskie nr 160,1
przedszkole/19,przedszkole,19.461696,51.798551,Żłobek Miejski nr 27,1
przedszkole/20,przedszkole,19.417803,51.788877,Przedszkole Miejskie nr 140,1
przedszkole/21,przedszkole,19.450593,51.726762,Przedszkole Miejskie nr 122,1
przedszkole/22,przedszkole,19.437824,51.701173,Przedszkole im. św. Franciszka z Asyżu Sióstr Bernardynek,1
przedszkole/23,przedszkole,19.387264,51.747053,Przedszkole Miejskie nr 174,1
przedszkole/24,przedszkole,19.399634,51.791315,Przedszkole nr 115,1
przedszkole/25,przedszkole,19.533182,51.777384,,1
przedszkole/26,przedszkole,19.450408,51.711186,MERIDIAN International Schools,1
przedszkole/27,przedszkole,19.381747,51.708737,NAVICULA CENTRUM - Przedszkole Specjalne,1
przedszkole/28,przedszkole,19.451683,51.768967,,1
przedszkole/29,przedszkole,19.440182,51.785891,Słoneczne Przedszkole nr 42,1
przedszkole/30,przedszkole,19.46836,51.742601,,1
przedszkole/31,przedszkole,19.468411,51.742417,,1
przedszkole/32,przedszkole,19.502301,51.730442,Przedszkole Miejskie nr 117,1
przedszkole/33,przedszkole,19.495171,51.730811,Przedszkole Miejskie nr 118,1
przedszkole/34,przedszkole,19.481609,51.762236,Przedszkole Miejskie Nr 138,1
przedszkole/35,przedszkole,19.479046,51.764893,,1
przedszkole/36,przedszkole,19.423395,51.821076,Przedszkole Miejskie nr 16,1
przedszkole/37,przedszkole,19.461779,51.798696,,1
przedszkole/38,przedszkole,19.444713,51.794174,Przedszkole Miejskie nr 202,1
przedszkole/39,przedszkole,19.41588,51.774378,Przedszkole Miejskie nr 12,1
przedszkole/40,przedszkole,19.424806,51.776067,Przedszkole Miejskie nr 74,1
przedszkole/41,przedszkole,19.591577,51.795388,Przedszkole Familijna Łódka,1
przedszkole/42,przedszkole,19.442914,51.765148,Przedszkole Miejskie nr 56,1
przedszkole/43,przedszkole,19.491546,51.719122,Przedszkole Miejskie nr 200,1
przedszkole/44,przedszkole,19.483123,51.792873,Przedszkole Miejskie nr 9,1
przedszkole/45,przedszkole,19.491365,51.744611,Przedszkole Miejskie nr 156,1
przedszkole/46,przedszkole,19.491335,51.74521,Integracyjne Przedszkole Miejskie nr 221,1
przedszkole/47,przedszkole,19.49235,51.746469,Żłobek nr 23,1
przedszkole/48,przedszkole,19.427435,51.829393,,1
przedszkole/49,przedszkole,19.426289,51.815809,Dom Prowincjalny Zgromadzenia Sióstr Karmelitanek Dzieciątka Jezus,1
przedszkole/50,przedszkole,19.444252,51.823423,Przedszkole Miejskie nr 231,1
przedszkole/51,przedszkole,19.595513,51.79025,Przedszkole Kraina Bajki,1
przedszkole/52,przedszkole,19.452122,51.798409,Przedszkole Miejskie nr 149,1
przedszkole/53,przedszkole,19.452222,51.798539,,1
przedszkole/54,przedszkole,19.452553,51.798385,Przedszkole Miejskie nr 149 w Łodzi,1
przedszkole/55,przedszkole,19.488798,51.759455,,1
przedszkole/56,przedszkole,19.564219,51.747003,Przedszkole Miejskie nr 4,1
przedszkole/57,przedszkole,19.398521,51.686034,Przedszkole Sióstr Karmelitanek Dzieciątka Jezus,0
przedszkole/58,przedszkole,19.399625,51.791094,Przedszkole Miejskie nr 115,1
przedszkole/59,przedszkole,19.398796,51.794729,Przedszkole Miejskie nr 120,1
przedszkole/60,przedszkole,19.386539,51.793033,Przedszkole Miejskie nr 123,1
przedszkole/61,przedszkole,19.389422,51.794017,Przedszkole Miejskie nr 141,1
przedszkole/62,przedszkole,19.380148,51.794225,Przedszkole Miejskie nr 48,1
przedszkole/63,przedszkole,19.381295,51.797728,Dom Dziecka dla Małych Dzieci,1
przedszkole/64,przedszkole,19.373704,51.798369,Przedszkole Prywatne PLAYSCHOOL,1
przedszkole/65,przedszkole,19.378102,51.798429,Przedszkole Miejskie nr 139,1
przedszkole/66,przedszkole,19.373379,51.797765,Przedszkole Miejskie nr 148,1
przedszkole/67,przedszkole,19.372662,51.796375,Przedszkole Miejskie nr 30,1
przedszkole/68,przedszkole,19.417384,51.787888,Żłobek Miejski nr 4,1
przedszkole/69,przedszkole,19.418938,51.791009,Przedszkole Miejskie nr 110,1
przedszkole/70,przedszkole,19.423683,51.786838,Przedszkole Miejskie nr 105,1
przedszkole/71,przedszkole,19.42554,51.750881,Przedszkole Miejskie nr 112,1
przedszkole/72,przedszkole,19.472185,51.737589,Przedszkole Miejskie nr 38,1
przedszkole/73,przedszkole,19.485095,51.715222,Przedszkole Miejskie nr 26,1
przedszkole/74,przedszkole,19.473893,51.79874,,1
przedszkole/75,przedszkole,19.48077,51.71663,,1
przedszkole/76,przedszkole,19.496398,51.744267,Przedszkole Miejskie nr 137,1
przedszkole/77,przedszkole,19.486518,51.770249,Przedszkole Miejskie nr 125,1
przedszkole/78,przedszkole,19.472233,51.774443,Przedszkole Miejskie nr 220,1
przedszkole/79,przedszkole,19.450239,51.777478,Żłobek Miejski nr 16,1
przedszkole/80,przedszkole,19.459042,51.783593,Przedszkole Miejskie Nr 50,1
przedszkole/81,przedszkole,19.476916,51.777253,Przedszkole Miejskie nr 52,1
przedszkole/82,przedszkole,19.481808,51.762197,Przedszkole Miejskie nr 138 w Łodzi,1
przedszkole/83,przedszkole,19.478951,51.764868,Przedszkole Miejskie nr 15,1
przedszkole/84,przedszkole,19.484077,51.755895,Przedszkole Miejskie nr 10,1
przedszkole/85,przedszkole,19.389345,51.739851,Przedszkole Miejskie nr 170,1
przedszkole/86,przedszkole,19.496474,51.735026,Przedszkole Miejskie Nr 119,1
przedszkole/87,przedszkole,19.500449,51.732898,Przedszkole Miejskie nr 126,1
przedszkole/88,przedszkole,19.457792,51.788893,Przedszkole Miejskie nr 81,1
przedszkole/89,przedszkole,19.427992,51.779857,Przedszkole Miejskie nr 53 Pod Modrzewiami,1
przedszkole/90,przedszkole,19.483227,51.8185,Przedszkole Niepubliczne im. Dzieci Dobrego Ojca,1
przedszkole/91,przedszkole,19.438413,51.794039,Przedszkole Miejskie nr 153,1
przedszkole/92,przedszkole,19.440925,51.79256,Przedszkole Miejskie nr 44,1
przedszkole/93,przedszkole,19.450469,51.732147,Żłobek Miejski nr 13,1
przedszkole/94,przedszkole,19.444327,51.738352,Przedszkole Miejskie nr 101,1
przedszkole/95,przedszkole,19.46858,51.742601,Przedszkole Miejskie nr 34,1
przedszkole/96,przedszkole,19.316433,51.821683,Bajkowe Ogrody,0
przedszkole/97,przedszkole,19.311566,51.815882,Przedszkole ALA,0
przedszkole/98,przedszkole,19.446431,51.710579,Przedszkole Miejskie nr 86,1
przedszkole/99,przedszkole,19.445677,51.733809,Przedszkole Miejskie nr 124,1
przedszkole/100,przedszkole,19.504027,51.764121,,1
przedszkole/101,przedszkole,19.506718,51.76605,Przedszkole Miejskie nr 107,1
przedszkole/102,przedszkole,19.491563,51.730061,Przedszkole Miejskie nr 76,1
przedszkole/103,przedszkole,19.487862,51.712409,Katolickie Przedszkole Parafialne im. bł. Edmunda Bojanowskiego,1
przedszkole/104,przedszkole,19.443584,51.736061,Przedszkole Zgromadzenia Sióstr Urszulanek SJK im. św. Urszuli Ledóchowskiej,1
przedszkole/105,przedszkole,19.426384,51.752774,Żłobek Miejski nr 10,1
przedszkole/106,przedszkole,19.422633,51.746442,Przedszkole Miejskie nr 151,1
przedszkole/107,przedszkole,19.544941,51.755885,Przedszkole Miejskie Nr 206 z Oddziałami Integracyjnymi w Łodzi,1
przedszkole/108,przedszkole,19.460875,51.76466,Przedszkole Miejskie nr 58,1
przedszkole/109,przedszkole,19.459932,51.726008,Przedszkole Miejskie nr 106,1
przedszkole/110,przedszkole,19.392811,51.746439,Przedszkole Miejskie nr 55,1
przedszkole/111,przedszkole,19.450572,51.732638,Przedszkole Miejskie nr 88,1
przedszkole/112,przedszkole,19.463562,51.786009,Przedszkole Miejskie nr 33,1
przedszkole/113,przedszkole,19.473526,51.792065,Przedszkole Miejskie nr 77,1
przedszkole/114,przedszkole,19.446686,51.774813,Przedszkole Miejskie nr 41,1
przedszkole/115,przedszkole,19.454511,51.760701,Przedszkole Miejskie nr 75,1
przedszkole/116,przedszkole,19.450031,51.770259,Przedszkole Miejskie nr 8 Pod Słoneczkiem,1
przedszkole/117,przedszkole,19.45121,51.768971,Przedszkole Miejskie nr 54 Pod Topolą,1
przedszkole/118,przedszkole,19.446898,51.761098,Przedszkole Miejskie nr 23,1
przedszkole/119,przedszkole,19.46229,51.746134,Przedszkole Niepubliczne Wyspa Skarbów,1
przedszkole/120,przedszkole,19.440145,51.761205,Przedszkole Miejskie nr 199,1
przedszkole/121,przedszkole,19.476018,51.779383,Żłobek nr 11 Miejskiego Zespołu Żłobków,1
przedszkole/122,przedszkole,19.478427,51.779416,,1
przedszkole/123,przedszkole,19.435779,51.784145,Przedszkole Miejskie nr 73,1
przedszkole/124,przedszkole,19.427631,51.78339,Przedszkole Specjalne nr 1,1
przedszkole/125,przedszkole,19.42528,51.784659,Przedszkole Towarzystwa Przyjaciół Dzieci Łódź-Bałuty,1
przedszkole/126,przedszkole,19.456892,51.7879,Prywatne Przedszkole im. Kornela Makuszyńskiego,1
przedszkole/127,przedszkole,19.441596,51.786015,Żłobek nr 14,1
przedszkole/128,przedszkole,19.440226,51.785728,Przedszkole nr 42,1
przedszkole/129,przedszkole,19.431082,51.784486,Przedszkole nr 121,1
przedszkole/130,przedszkole,19.432542,51.787942,Przedszkole nr 43,1
przedszkole/131,przedszkole,19.488355,51.781682,Przedszkole Miejskie nr 14,1
przedszkole/132,przedszkole,19.444919,51.793782,Przedszkole nr 202 Miejskie,1
przedszkole/133,przedszkole,19.435476,51.798251,Przedszkole Miejskie nr 143,1
przedszkole/134,przedszkole,19.49946,51.738223,Przedszkole Miejskie nr 17,1
przedszkole/135,przedszkole,19.455503,51.763286,,1
przedszkole/136,przedszkole,19.387349,51.741566,Żłobek nr 28 Miejskiego Zespołu Żłobków,1
przedszkole/137,przedszkole,19.394273,51.743367,Przedszkole Miejskie nr 173,1
przedszkole/138,przedszkole,19.402779,51.744903,Przedszkole Miejskie nr 214,1
przedszkole/139,przedszkole,19.407611,51.745991,,1
przedszkole/140,przedszkole,19.410614,51.746278,Żłobek nr 21,1
przedszkole/141,przedszkole,19.414186,51.745893,Przedszkole Miejskie nr 144,1
przedszkole/142,przedszkole,19.408436,51.742024,Przedszkole Miejskie nr 154,1
przedszkole/143,przedszkole,19.404345,51.750627,Przedszkole Miejskie nr 165,1
przedszkole/144,przedszkole,19.411735,51.748846,Żłobek nr 26 Miejskiego Zespołu Żłobków,1
przedszkole/145,przedszkole,19.416941,51.755496,Przedszkole Miejskie nr 133,1
przedszkole/146,przedszkole,19.409076,51.74851,Przedszkole Miejskie nr 152,1
przedszkole/147,przedszkole,19.37689,51.779281,,1
przedszkole/148,przedszkole,19.639149,51.724575,"Żłobek ""Akademia Maluszka""",0
przedszkole/149,przedszkole,19.535394,51.779755,Przedszkole Miejskie nr 93 w Łodzi,1
przedszkole/150,przedszkole,19.532992,51.777238,Przedszkole Miejskie nr 63,1
przedszkole/151,przedszkole,19.424757,51.775914,,1
przedszkole/152,przedszkole,19.46405,51.732502,Przedszkole Miejskie nr 7,1
przedszkole/153,przedszkole,19.466202,51.733551,Przedszkole Miejskie nr 72,1
przedszkole/154,przedszkole,19.476329,51.733679,Przedszkole Miejskie nr 159,1
przedszkole/155,przedszkole,19.475466,51.732605,Żłobek nr 22,1
przedszkole/156,przedszkole,19.483043,51.733938,Przedszkole Miejskie nr 102,1
przedszkole/157,przedszkole,19.486432,51.734348,Przedszkole Miejskie nr 131,1
przedszkole/158,przedszkole,19.460855,51.789342,Przedszkole Miejskie nr 28,1
przedszkole/159,przedszkole,19.614738,51.731187,Przedszkole Miejskie nr 230,1
przedszkole/160,przedszkole,19.451302,51.795075,Przedszkole Miejskie nr 176,1
przedszkole/161,przedszkole,19.422976,51.775836,Papierowy Wiatraczek,1
przedszkole/162,przedszkole,19.412149,51.755088,,1
przedszkole/163,przedszkole,19.438065,51.814098,Przedszkole Miejskie nr 97,1
przedszkole/164,przedszkole,19.440596,51.707495,Przedszkole Miejskie Nr 2 „Pod Akacjami”,1
przedszkole/165,przedszkole,19.461812,51.747872,,1
przedszkole/166,przedszkole,19.457442,51.771973,Przedszkole Miejskie nr 100,1
przedszkole/167,przedszkole,19.487761,51.747911,Przedszkole Miejskie Nr 65,1
przedszkole/168,przedszkole,19.461764,51.728323,Przedszkole Miejskie nr 89,1
przedszkole/169,przedszkole,19.611087,51.738829,Przedszkole Miejskie nr 229 w Łodzi,1
przedszkole/170,przedszkole,19.531246,51.757192,Żłobek nr 6,1
przedszkole/171,przedszkole,19.484025,51.723713,Żłobek nr 3,1
przedszkole/172,przedszkole,19.563634,51.747204,Żłobek nr 9,1
przedszkole/173,przedszkole,19.630633,51.715469,Samorządowe Przedszkole w Andrespolu. Filia w Wiśniowej Górze,0
przedszkole/174,przedszkole,19.638664,51.727935,Samorządowe Przedszkole w Andrespolu,0
przedszkole/175,przedszkole,19.478784,51.7205,Przedszkole Miejskie nr 66,1
przedszkole/176,przedszkole,19.503677,51.738021,Przedszkole Miejskie Nr 130,1
przedszkole/177,przedszkole,19.444289,51.801517,Przedszkole Parkowe,1
przedszkole/178,przedszkole,19.441195,51.798866,Przedszkole Miejskie nr 109,1
przedszkole/179,przedszkole,19.465416,51.789285,Przedszkole Miejskie nr 49,1
przedszkole/180,przedszkole,19.469469,51.787674,Przedszkole Miejskie nr 114 Integracyjne,1
przedszkole/181,przedszkole,19.467921,51.804291,Przedszkole Miejskie nr 47,1
przedszkole/182,przedszkole,19.496065,51.745864,Przedszkole Miejskie Nr 142,1
przedszkole/183,przedszkole,19.500175,51.746843,Przedszkole Miejskie nr 146,1
przedszkole/184,przedszkole,19.498424,51.739565,Przedszkole miejskie nr 129,1
przedszkole/185,przedszkole,19.44525,51.785845,Przedszkole Miejskie nr 22,1
przedszkole/186,przedszkole,19.521355,51.793795,Punkt Przedszkolny Przedszkolaczek,1
przedszkole/187,przedszkole,19.431705,51.76987,Przedszkole Miejskie nr 98,1
przedszkole/188,przedszkole,19.435651,51.715454,Żłobek nr 8,1
przedszkole/189,przedszkole,19.425268,51.714499,Przedszkole Miejskie nr 40,1
przedszkole/190,przedszkole,19.530363,51.756289,Hulajnoga,1
przedszkole/191,przedszkole,19.537357,51.755445,Przedszkole Miejskie Nr 175,1
przedszkole/192,przedszkole,19.54222,51.757372,Żłobek nr 29,1
przedszkole/193,przedszkole,19.486159,51.730118,Przedszkole Miejskie Nr 155,1
przedszkole/194,przedszkole,19.325137,51.805664,Niepubliczne Przedszkole na Zielonym Romanowie,1
przedszkole/195,przedszkole,19.445457,51.800272,Przedszkole Miejskie nr 45,1
przedszkole/196,przedszkole,19.391242,51.795117,Żłobek nr 18,1
przedszkole/197,przedszkole,19.455047,51.75328,Niepubliczne Przedszkole Politechniki Łódzkiej,1
przedszkole/198,przedszkole,19.321126,51.806011,,0
przedszkole/199,przedszkole,19.454868,51.782556,Niepubliczne Przedszkole dla Dzieci o Specjalnych Potrzebach Rozwojowych,1
przedszkole/200,przedszkole,19.564407,51.739762,,1
przedszkole/201,przedszkole,19.433713,51.801095,Niepubliczne Przedszkole Integracyjne dla Dzieci z Wadami Słuchu,1
przedszkole/202,przedszkole,19.44683,51.785288,Niepubliczne Przedszkole Rybna 7,1
przedszkole/203,przedszkole,19.545305,51.710973,Przedszkole,1
przedszkole/204,przedszkole,19.527007,51.757093,Przedszkole Miejskie Nr 163,1
przedszkole/205,przedszkole,19.541203,51.752678,Przedszkole Miejskie Nr 164,1
przedszkole/206,przedszkole,19.459215,51.781233,Przedszkole Miejskie nr 18,1
przedszkole/207,przedszkole,19.490118,51.71482,Przedszkole Miejskie Nr 192,1
przedszkole/208,przedszkole,19.472939,51.706263,Przedszkole Miejskie nr 20,1
przedszkole/209,przedszkole,19.480745,51.716859,Przedszkole Miejskie Nr 215,1
przedszkole/210,przedszkole,19.545448,51.760505,Przedszkole Miejskie nr 218,1
przedszkole/211,przedszkole,19.462071,51.764772,Przedszkole Miejskie Nr 223,1
przedszkole/212,przedszkole,19.520771,51.756066,Przedszkole Miejskie nr 227,1
przedszkole/213,przedszkole,19.566722,51.742209,Przedszkole Miejskie nr 234,1
przedszkole/214,przedszkole,19.426345,51.817668,Przedszkole Miejskie nr 235,1
przedszkole/215,przedszkole,19.451418,51.783781,Przedszkole Miejskie nr 35,1
przedszkole/216,przedszkole,19.458965,51.774751,Przedszkole Miejskie nr 71,1
przedszkole/217,przedszkole,19.31719,51.789325,Przedszkole Niepubliczne Sielankowo,0
przedszkole/218,przedszkole,19.322508,51.790014,Przedszkole w Rąbieniu,0
przedszkole/219,przedszkole,19.484643,51.76592,Przedszkole Miejskie nr 224,1
przedszkole/220,przedszkole,19.57257,51.751808,,1
przedszkole/221,przedszkole,19.571689,51.750935,,1
przedszkole/222,przedszkole,19.453909,51.772395,,1
przedszkole/223,przedszkole,19.464486,51.75446,Czary Mary,1
przedszkole/224,przedszkole,19.386825,51.783172,Przedszkole Misiowo,1
przedszkole/225,przedszkole,19.565414,51.741475,Publiczne Przedszkole „Galileo”,1
przedszkole/226,przedszkole,19.57663,51.739827,Przedszkole ABC,1
przedszkole/227,przedszkole,19.394292,51.738857,Kalimba,1
przedszkole/228,przedszkole,19.496335,51.721636,Mistrzowie Zabawy,1
przedszkole/229,przedszkole,19.441063,51.722418,e-Maluch,1
przedszkole/230,przedszkole,19.523403,51.791902,Przedszkole Miejskie nr 94,1
przedszkole/231,przedszkole,19.568898,51.738519,Kolorowe Kredki (filia),1
przedszkole/232,przedszkole,19.451571,51.737616,Kameleon,1
przedszkole/233,przedszkole,19.326504,51.747147,Niepubliczne Przedszkole Camelot,0
przedszkole/234,przedszkole,19.472099,51.730389,Przedszkole Sióstr Honoratek im. Anieli Róży Godeckiej,1
przedszkole/235,przedszkole,19.458807,51.777496,Matanel,1
przedszkole/236,przedszkole,19.478673,51.779658,Przedszkole Miejskie nr 39,1
przedszkole/237,przedszkole,19.488896,51.692438,Lalibu,0
przedszkole/238,przedszkole,19.639704,51.727081,Przedszkole Mali Odkrywcy,0
przedszkole/239,przedszkole,19.442546,51.819439,Przedszkole Lingwistyczne,1
przedszkole/240,przedszkole,19.471522,51.774743,Tęczowy Świat Dziecka. Międzynarodowe Przedszkole Edukacji Innowacyjnej,1
przedszkole/241,przedszkole,19.421357,51.750915,Oliwkowy Gaj,1
przedszkole/242,przedszkole,19.447557,51.736679,Przedszkole Żywioły,1
przedszkole/243,przedszkole,19.435861,51.808443,Przedszkole Lokomotywa,1
przedszkole/244,przedszkole,19.63662,51.725872,"Językowo-Sportowe Przedszkole Integracyjne ""Winners""",0
przedszkole/245,przedszkole,19.471927,51.756545,Przedszkole British International School of the University of Łódź,1
przedszkole/246,przedszkole,19.623797,51.711341,Samorządowe Przedszkole w Andrespolu. Filia w Wiśniowej Górze,0
przedszkole/247,przedszkole,19.465557,51.748206,Luppo Puppo,1
przedszkole/248,przedszkole,19.448756,51.778011,Przedszkole bł. Marii i Alojzego Beltrame Quattrocchi,1
przedszkole/249,przedszkole,19.461115,51.774282,Przedzkole miejsce nr 13,1
przedszkole/250,przedszkole,19.427027,51.748332,Przedszkole Pomarańczowe,1
przedszkole/251,przedszkole,19.461597,51.771231,Przedszkole Miejskie 57,1
przedszkole/252,przedszkole,19.526344,51.76191,Przedszkole Miejskie nr 183,1
przedszkole/253,przedszkole,19.541649,51.758712,Przedszkole Miejskie Nr 171,1
przedszkole/254,przedszkole,19.497592,51.779974,Przedszkole Uniwersytetu Łódzkiego,1
przedszkole/255,przedszkole,19.466555,51.728766,Żłobek Lang House,1
przedszkole/256,przedszkole,19.47976,51.733414,Radosny Rozwój,1
przedszkole/257,przedszkole,19.432031,51.82461,Przedszkole Miejskie nr 204,1
przedszkole/258,przedszkole,19.450814,51.756538,Nubo II,1
przedszkole/259,przedszkole,19.486912,51.760975,Kids & Co,1
przedszkole/260,przedszkole,19.325498,51.743067,Oliwkowy Gaj,0
przedszkole/261,przedszkole,19.471914,51.752059,Przedszkole na Księżym Młynie,1
przedszkole/262,przedszkole,19.587436,51.793067,Przedszkole Miejskie nr 228,1
przedszkole/263,przedszkole,19.529887,51.758888,Baby Club Cafe,1
przedszkole/264,przedszkole,19.390045,51.77739,Przedszkole niepubliczne Eko-Junior,1
szkola/265,szkola,19.469017,51.756851,Technikum nr 3,1
szkola/266,szkola,19.476723,51.750989,Szkoła Mistrzostwa Sportowego im. Kazimierza Górskiego,1
szkola/267,szkola,19.533895,51.780717,Szkoła Podstawowa nr 139,1
szkola/268,szkola,19.404279,51.793072,,1
szkola/269,szkola,19.423018,51.820328,,1
szkola/270,szkola,19.425823,51.817911,Zespół Szkół Ogólnokształcących nr 4,1
szkola/271,szkola,19.471496,51.779431,XII Liceum Ogólnokształcące,1
szkola/272,szkola,19.490595,51.774773,Wydział Farmaceutyczny UM,1
szkola/273,szkola,19.467716,51.726218,,1
szkola/274,szkola,19.465997,51.791867,,1
szkola/275,szkola,19.386715,51.685652,Zespół Szkół Rolniczych,0
szkola/276,szkola,19.453514,51.793999,,1
szkola/277,szkola,19.453819,51.7938,,1
szkola/278,szkola,19.431869,51.715884,,1
szkola/279,szkola,19.4852,51.766247,XI Liceum Ogólnokształcące,1
szkola/280,szkola,19.388448,51.747202,XXXIII Liceum Ogólnokształcące,1
szkola/281,szkola,19.440806,51.70047,Liceum Ogólnokształcące Związku Nauczycielstwa Polskiego,1
szkola/282,szkola,19.444051,51.73061,XX Liceum Ogólnokształcące,1
szkola/283,szkola,19.387445,51.794669,Zespół Szkół Społecznych nr 4 ŁSSO,1
szkola/284,szkola,19.454758,51.803898,Szkoła Podstawowa nr 172,1
szkola/285,szkola,19.440155,51.780185,Zespół Szkół Ponadpodstawowych nr 5,1
szkola/286,szkola,19.560269,51.741577,Szkoła Podstawowa nr 141,1
szkola/287,szkola,19.402934,51.764134,Szkoła Marcina Gortata w Łodzi,1
szkola/288,szkola,19.425549,51.704722,Szkoła Podstawowa nr 143,1
szkola/289,szkola,19.545302,51.710922,,1
szkola/290,szkola,19.463525,51.763729,Szkoła Podstawowa nr 173,1
szkola/291,szkola,19.466284,51.728181,IX Liceum Ogólnokształcące im. Jarosława Dąbrowskiego,1
szkola/292,szkola,19.42385,51.752003,XXVI Liceum Ogólnokształcące im. Krzysztofa Kamila Baczyńskiego,1
szkola/293,szkola,19.322565,51.790893,Szkoła Podstawowa im. Ks Stefana Kard. Wyszyńskiego Prymasa Tysiąclecia w Rąbieniu,0
szkola/294,szkola,19.446387,51.755417,Centrum Kształcenia Zawodowego i Ustawicznego,1
szkola/295,szkola,19.384823,51.779546,Szkoła Podstawowa nr 169,1
szkola/296,szkola,19.388186,51.747476,Szkoła Podstawowa nr 6,1
szkola/297,szkola,19.451472,51.773575,„Cosinus” Zaoczne Liceum Ogólnokształcące,1
szkola/298,szkola,19.442384,51.76339,Szkoła Podstawowa nr 152,1
szkola/299,szkola,19.390041,51.795691,Szkoła Podstawowa nr 3,1
szkola/300,szkola,19.509952,51.762512,Szkoła Policealna Techniki Dentystycznej,1
szkola/301,szkola,19.389794,51.800664,Zespół Szkół Edukacji Technicznej,1
szkola/302,szkola,19.446052,51.711401,,1
szkola/303,szkola,19.491924,51.74234,Szkoła Podstawowa nr 149,1
szkola/304,szkola,19.448634,51.794735,,1
szkola/305,szkola,19.443664,51.824108,Szkoła Podstawowa nr 184 im. Ludwika Waryńskiego,1
szkola/306,szkola,19.486887,51.794728,Zespół Szkół Elektroniczno-Informatycznych „Elektronik”,1
szkola/307,szkola,19.454097,51.79388,,1
szkola/308,szkola,19.453656,51.793864,,1
szkola/309,szkola,19.453984,51.793859,,1
szkola/310,szkola,19.502703,51.74099,Szkoła Podstawowa Fundacji Oświatowej „Nasza Szkoła”,1
szkola/311,szkola,19.544868,51.760915,,1
szkola/312,szkola,19.477859,51.761631,Szkoła Podstawowa nr 170,1
szkola/313,szkola,19.484308,51.755132,Szkoła Podstawowa nr 29 im. Jana Kochanowskiego,1
szkola/314,szkola,19.458356,51.796758,Szkoła Podstawowa nr 30,1
szkola/315,szkola,19.43086,51.826322,Szkoła Podstawowa nr 206,1
szkola/316,szkola,19.63449,51.720827,,0
szkola/317,szkola,19.500751,51.744289,Szkoła Podstawowa nr 193,1
szkola/318,szkola,19.497139,51.743063,Szkoła Podstawowa nr 193,1
szkola/319,szkola,19.387113,51.685475,,0
szkola/320,szkola,19.403916,51.793019,ANAGRA Łódzka Szkoła Mody-Kosmetologii-Fryzjerstwa-Hotelarstwa,1
szkola/321,szkola,19.398393,51.79025,Szkoła Podstawowa nr 182,1
szkola/322,szkola,19.38654,51.792292,Zespół Szkół Muzycznych,1
szkola/323,szkola,19.40575,51.791322,Zespół Szkół Specjalnych nr 5,1
szkola/324,szkola,19.374414,51.792382,Szkoła Podstawowa nr 71,1
szkola/325,szkola,19.378338,51.794527,Szkoła Podstawowa nr 71,1
szkola/326,szkola,19.380605,51.798721,Szkoła Podstawowa nr 84,1
szkola/327,szkola,19.373045,51.797056,Szkoła Podstawowa nr 48,1
szkola/328,szkola,19.3988,51.792838,Szkoła Podstawowa nr 182,1
szkola/329,szkola,19.38941,51.784274,Navicula – Klinika Zaburzeń Rozwoju,1
szkola/330,szkola,19.426563,51.750109,Szkoła Podstawowa nr 164,1
szkola/331,szkola,19.415601,51.790072,Szkoła Podstawowa nr 56,1
szkola/332,szkola,19.427823,51.781765,Zespół Szkół Ekonomiczno-Turystyczno-Hotelarskich,1
szkola/333,szkola,19.432045,51.783235,Zespół Państwowych Szkół Plastycznych,1
szkola/334,szkola,19.423726,51.787494,Szkoła Podstawowa nr 166,1
szkola/335,szkola,19.395873,51.799143,XV Liceum Ogólnokształcące,1
szkola/336,szkola,19.477152,51.777899,Leader School,1
szkola/337,szkola,19.412701,51.775496,,1
szkola/338,szkola,19.494727,51.749825,XLIV Liceum Ogólnokształcące,1
szkola/339,szkola,19.458012,51.745448,Zespół Szkół Społecznych Społecznego Towarzystwa Oświatowego,1
szkola/340,szkola,19.510245,51.762905,XXIII Liceum Ogólnokształcące im. ks. prof. Józefa Tischnera,1
szkola/341,szkola,19.484222,51.745898,Szkoła Podstawowa nr 5,1
szkola/342,szkola,19.4619,51.756612,Szkoła Podstawowa nr 14,1
szkola/343,szkola,19.462641,51.757262,Technikum nr 3 (Druga lokalizacja),1
szkola/344,szkola,19.461919,51.754603,Szkoła Podstawowa nr 2 im. ks. Jana Twardowskiego,1
szkola/345,szkola,19.506095,51.772302,Zespół Szkół Specjalnych nr 4,1
szkola/346,szkola,19.442733,51.751493,T.O. Edukacja,1
szkola/347,szkola,19.494799,51.772258,Szkoła Podstawowa Specjalna nr 97,1
szkola/348,szkola,19.472117,51.756325,Zespół Szkół British International School of the University of Łódź,1
szkola/349,szkola,19.464571,51.755647,Zespół Szkół Gastronomicznych,1
szkola/350,szkola,19.462718,51.763713,III Liceum Ogólnokształcące,1
szkola/351,szkola,19.374007,51.810725,Szkoła Podstawowa nr 116,1
szkola/352,szkola,19.430293,51.792459,Zespół Szkół Samochodowych,1
szkola/353,szkola,19.437437,51.758829,Zespół Szkół Specjalnych nr 2,1
szkola/354,szkola,19.465707,51.774019,Szkoła Podstawowa z Oddziałami Integracyjnymi nr 111,1
szkola/355,szkola,19.459648,51.775689,Szkoła Podstawowa nr 70,1
szkola/356,szkola,19.46104,51.776774,Szkoła Podstawowa nr 175 im. Henryka Ryla w Łodzi,1
szkola/357,szkola,19.458265,51.777661,IV Liceum Ogólnokształcące,1
szkola/358,szkola,19.469968,51.775655,Szkoła Podstawowa nr 1,1
szkola/359,szkola,19.446423,51.771117,,1
szkola/360,szkola,19.441771,51.770264,Szkoła Podstawowa nr 26,1
szkola/361,szkola,19.433125,51.770019,Zespół Szkół Ekonomiczno-turystyczno-hotelarskich im. Władysława Grabskiego,1
szkola/362,szkola,19.447183,51.772457,Szkoła Podstawowa nr 36,1
szkola/363,szkola,19.445885,51.772076,I Liceum Ogólnokształcące im. Mikołaja Kopernika w Łodzi,1
szkola/364,szkola,19.450026,51.775254,Szkoła Podstawowa nr 23 im. Marii Bohuszewiczówny,1
szkola/365,szkola,19.457223,51.782872,XIII Liceum Ogólnokształcące,1
szkola/366,szkola,19.476763,51.777775,Szkoła Podstawowa nr 94,1
szkola/367,szkola,19.477384,51.762881,Salezjańskie Szkoły Rzemiosł w Łodzi,1
szkola/368,szkola,19.481352,51.765988,II Liceum Ogólnokształcące,1
szkola/369,szkola,19.45345,51.741042,Zespół Szkół Politechnicznych,1
szkola/370,szkola,19.480747,51.776969,Zespół Szkół Budowlano-Technicznych,1
szkola/371,szkola,19.498611,51.734245,Szkoła Podstawowa nr 64,1
szkola/372,szkola,19.495641,51.730049,XXXI Liceum Ogólnokształcące,1
szkola/373,szkola,19.49268,51.730976,Szkoła Podstawowa nr 174,1
szkola/374,szkola,19.490322,51.735931,VI Liceum Ogólnokształcące,1
szkola/375,szkola,19.423126,51.774841,XXXIV Liceum Ogólnokształcące im. K.Kieślowskiego w Łodzi,1
szkola/376,szkola,19.428078,51.778385,Szkoła Podstawowa nr 91 im. Leonida Teligi,1
szkola/377,szkola,19.491027,51.777395,Publiczne Liceum Ogólnokształcące Uniwersytetu Łódzkiego im. Sprawiedliwych wśród Narodów Świata,1
szkola/378,szkola,19.492278,51.772988,XXIX Liceum Ogólnokształcące,1
szkola/379,szkola,19.435769,51.795698,Szkoła Podstawowa nr 55,1
szkola/380,szkola,19.466259,51.746241,Ogólnokształcąca Szkoła Muzyczna I i II stopnia im. Henryka Wieniawskiego,1
szkola/381,szkola,19.465925,51.742847,Szkoła Podstawowa nr 10,1
szkola/382,szkola,19.471021,51.746604,"Family School - Szkoła Języków Obcych, Przedszkole Montessori",1
szkola/383,szkola,19.456625,51.738929,Publiczne Liceum Ogólnokształcące Politechniki Łódzkiej,1
szkola/384,szkola,19.481798,51.8057,Szkoła Podstawowa nr 120 im. Konstytucji 3 Maja,1
szkola/385,szkola,19.475374,51.744273,Zespół Szkół Samochodowych i Mechatronicznych,1
szkola/386,szkola,19.310715,51.815886,Szkoła Podstawowa Nr 1 im. Jana Pawła II w Aleksandrowie Łódzkim,0
szkola/387,szkola,19.44762,51.737048,,1
szkola/388,szkola,19.453032,51.755786,Szkoła Podstawowa nr 46,1
szkola/389,szkola,19.452813,51.756129,,1
szkola/390,szkola,19.446368,51.711434,Szkoła Podstawowa nr 125,1
szkola/391,szkola,19.460957,51.760607,Szkoła Podstawowa Specjalna nr 176,1
szkola/392,szkola,19.445803,51.73225,Szkoła Podstawowa nr 42,1
szkola/393,szkola,19.445703,51.729894,Szkoła Podstawowa ZNP,1
szkola/394,szkola,19.553239,51.708691,Szkoła Podstawowa nr 130,1
szkola/395,szkola,19.503602,51.765061,Szkola Podstawowa nr 37,1
szkola/396,szkola,19.434404,51.796176,Prywatna Szkoła Podstawowa Scholasticus,1
szkola/397,szkola,19.473556,51.810034,Zespół Szkół Geodezyjno-Technicznych,1
szkola/398,szkola,19.353797,51.74771,Szkoła Podstawowa Nr 1 im. Królowej Jadwigi w Konstantynowie Łódzkim,0
szkola/399,szkola,19.328132,51.746214,Szkoła Podstawowa nr 1,0
szkola/400,szkola,19.439751,51.796974,Szkoła Podstawowa nr 65,1
szkola/401,szkola,19.492759,51.714135,Szkoła Podstawowa nr 162 – filia klasy I-III,1
szkola/402,szkola,19.492506,51.715796,Szkoła Podstawowa nr 162,1
szkola/403,szkola,19.491226,51.719873,Szkoła Podstawowa nr 110 im. Partyzantów Ziemi Łódzkiej,1
szkola/404,szkola,19.481248,51.788038,Szkoły Bernardyńskie,1
szkola/405,szkola,19.423298,51.751671,XXVI Liceum Ogólnokształcące,1
szkola/406,szkola,19.545213,51.756613,Szkoła Podstawowa z oddziałami integracyjnymi nr 33,1
szkola/407,szkola,19.47414,51.776007,Szkoła Podstawowa Stowarzyszenia Oświatowego „Twoja Szkoła” im. Marii Montessori,1
szkola/408,szkola,19.478004,51.778408,VIII Liceum Ogólnokształcące im. Adama Asnyka,1
szkola/409,szkola,19.395496,51.682271,Szkoła Podstawowa im. dr. Henryka Jordana w Ksawerowie,0
szkola/410,szkola,19.429501,51.727791,Szkoła Podstawowa nr 138,1
szkola/411,szkola,19.461384,51.725937,Zespół Szkół Ekonomii i Usług,1
szkola/412,szkola,19.466675,51.791857,XXIV Liceum Ogólnokształcące,1
szkola/413,szkola,19.461634,51.796176,Zespół Szkół Przemysłu Spożywczego,1
szkola/414,szkola,19.452803,51.72437,Szkoła Podstawowa nr 7,1
szkola/415,szkola,19.467838,51.808081,Specjalny Ośrodek Szkolno-Wychowawczy nr 6,1
szkola/416,szkola,19.458115,51.790348,Szkoła Podstawowa nr 58,1
szkola/417,szkola,19.462135,51.789779,Zespół Szkół Zawodowych Specjalnych nr 2,1
szkola/418,szkola,19.466606,51.789798,Szkoła Podstawowa nr 153,1
szkola/419,szkola,19.476006,51.793307,Szkoła Podstawowa Kornelówka-Przystań,1
szkola/420,szkola,19.472873,51.792971,Szkoła Podstawowa nr 81,1
szkola/421,szkola,19.48432,51.731767,Zespół Szkół Przemysłu Mody,1
szkola/422,szkola,19.451533,51.764281,Szkoła Podstawowa nr 160 im. Powstańców Śląskich,1
szkola/423,szkola,19.452548,51.763063,XXI Liceum Ogólnokształcące im. B. Prusa,1
szkola/424,szkola,19.434095,51.784826,Szkoła Podstawowa nr 35,1
szkola/425,szkola,19.441702,51.785474,Szkoła Podstawowa nr 54 im. K. Makuszyńskiego,1
szkola/426,szkola,19.436406,51.787122,Szkoła Podstawowa Łódzkiego Stowarzyszenia na Rzecz Porozumienia z Europą,1
szkola/427,szkola,19.431793,51.789078,Zespół Szkół Samochodowych,1
szkola/428,szkola,19.431403,51.788325,XXX Liceum Ogólnokształcące,1
szkola/429,szkola,19.410364,51.790239,Łódzka Szkoła Mody i Kosmetologii Anagra,1
szkola/430,szkola,19.490411,51.778509,Szkoła Podstawowa nr 79,1
szkola/431,szkola,19.446517,51.78906,Szkoła Podstawowa nr 24 im. Hanki Sawickiej,1
szkola/432,szkola,19.47581,51.735843,Szkoła Podstawowa nr 83,1
szkola/433,szkola,19.420075,51.805194,Ambitio Edukacja,1
szkola/434,szkola,19.473712,51.847232,Szkoła Podstawowa nr 61 im. św. Franciszka z Asyżu,1
szkola/435,szkola,19.472685,51.789219,Zespół Szkół Specjalnych nr 3,1
szkola/436,szkola,19.624469,51.768253,Publiczna Szkoła Podstawowa w Wiączyniu Dolnym z oddziałami przedszkolnymi,1
szkola/437,szkola,19.388416,51.741248,Szkoła Podstawowa nr 19 im. Wandy Chotomskiej,1
szkola/438,szkola,19.38865,51.747259,,1
szkola/439,szkola,19.391881,51.748174,Boiska szkolne,1
szkola/440,szkola,19.394684,51.742034,,1
szkola/441,szkola,19.397352,51.744872,Liceum Ogólnokształcące Jolanty i Jana Misiaków,1
szkola/442,szkola,19.411612,51.744681,Centrum Zajęć Pozaszkolnych nr 3,1
szkola/443,szkola,19.409731,51.74415,Szkoła Podstawowa nr 137 im. prof. Aleksandra Kamińskiego,1
szkola/444,szkola,19.400661,51.75175,Szkoła Podstawowa nr 3,1
szkola/445,szkola,19.404667,51.75007,Szkoła Podstawowa nr 11 im. M. Kownackiej,1
szkola/446,szkola,19.414371,51.750104,Społeczne Liceum Ogólnokształcące „Lykeion”,1
szkola/447,szkola,19.412112,51.750714,Szkoła Podstawowa nr 41 im. Króla Władysława Jagiełły w Łodzi,1
szkola/448,szkola,19.415868,51.755949,Zespół Szkolno-Przedszkolny nr 1,1
szkola/449,szkola,19.384961,51.779681,,1
szkola/450,szkola,19.648716,51.742429,Zespół Szkolno-Przedszkolny im. Jana Pawła II w Bedoniu-Wsi,0
szkola/451,szkola,19.52324,51.791634,Zespół Szkolno-Przedszkolny nr 6,1
szkola/452,szkola,19.46731,51.726247,Międzynarodowa Szkoła Mistrzostwa Sportowego „Edukacja i Sport”. Szkoła Podstawowa i Liceum Ogólnokształcące,1
szkola/453,szkola,19.467043,51.733357,Szkoła Podstawowa nr 113,1
szkola/454,szkola,19.432415,51.716278,Szkoła Podstawowa nr 138,1
szkola/455,szkola,19.484079,51.734211,Zespół Szkół Specjalnych Nr 7,1
szkola/456,szkola,19.48499,51.735273,Szkoła Mistrzów Kokoro,1
szkola/457,szkola,19.485368,51.734241,Szkoła Podstawowa nr 38,1
szkola/458,szkola,19.454098,51.794078,,1
szkola/459,szkola,19.449881,51.812629,XXX Liceum Ogólnokształcące,1
szkola/460,szkola,19.461129,51.773535,Szkoła Podstawowa nr 111,1
szkola/461,szkola,19.485554,51.739682,,1
szkola/462,szkola,19.463148,51.728075,Szkoła Podstawowa nr 51,1
szkola/463,szkola,19.390802,51.747953,Szkoła Podstawowa nr 44,1
szkola/464,szkola,19.50427,51.740268,XXV Liceum Ogólnokształcące,1
szkola/465,szkola,19.49828,51.738754,Szkoła Podstawowa nr 189,1
szkola/466,szkola,19.61028,51.738892,Szkoła Podstawowa nr 204 im. Stefana Kardynała Wyszyńskiego w Łodzi,1
szkola/467,szkola,19.519747,51.756302,Szkoła Podstawowa nr 114 w Łodzi,1
szkola/468,szkola,19.530887,51.756616,Szkoła Podstawowa nr 199 w Łodzi,1
szkola/469,szkola,19.568679,51.769805,Szkoła Podstawowa nr 203,1
szkola/470,szkola,19.369142,51.797712,Zespół Szkół Katolickich im. Jana Pawła II,1
szkola/471,szkola,19.52749,51.757233,,1
szkola/472,szkola,19.468959,51.721053,Szkoła Podstawowa nr 109 w Łodzi,1
szkola/473,szkola,19.481868,51.715019,XLIII Liceum Ogólnokształcące im. Juliana Tuwima,1
szkola/474,szkola,19.511773,51.767959,Szkoła Podstawowa Specjalna nr 128 (budynek C),1
szkola/475,szkola,19.484956,51.728671,Szkoła Podstawowa nr 190,1
szkola/476,szkola,19.490164,51.761177,Szkoła Podstawowa nr 4,1
szkola/477,szkola,19.47429,51.789207,Prywatna Szkoła Podstawowa „Kornelówka”,1
szkola/478,szkola,19.503682,51.76568,Państwowa Szkoła Muzyczna 1st.,1
szkola/479,szkola,19.561575,51.743977,Szkoła Podstawowa nr 205,1
szkola/480,szkola,19.587207,51.793416,Zespół Szkolno-Przedszkolny nr 2 w Łodzi,1
szkola/481,szkola,19.537568,51.756017,Szkoła Podstawowa nr 34 im. Leona Kruczkowskiego,1
szkola/482,szkola,19.498056,51.81541,Szkoła Podstawowa nr 142,1
szkola/483,szkola,19.503216,51.735649,Katolickie Szkoły SPSK w Łodzi,1
szkola/484,szkola,19.491246,51.734033,Prywatna Szkoła Podstawowa Krzysztofa Augustyniaka,1
szkola/485,szkola,19.46869,51.746164,Branżowa Szkoła Rzemiosła I stopnia w Łodzi,1
szkola/486,szkola,19.541049,51.755587,Zespół Szkół Ogólnokształcących nr 1,1
szkola/487,szkola,19.450302,51.76089,Clark University,1
szkola/488,szkola,19.477076,51.702368,Szkoła językowa,1
szkola/489,szkola,19.455874,51.774337,Liceum Ogólnokształcące dla dorosłych Profesja,1
szkola/490,szkola,19.482275,51.835051,Szkoła Podstawowa Specjalna,1
szkola/491,szkola,19.576149,51.739517,English Corner szkoła Językowa,1
szkola/492,szkola,19.458263,51.761738,AP Edukacja - Liceum Ogólnokształcące dla Dorosłych,1
szkola/493,szkola,19.500606,51.730587,Prywatna Szkoła Podstawowa i Liceum Ogólnokształcące Mikron,1
szkola/494,szkola,19.410115,51.721506,Bartolini Air,1
szkola/495,szkola,19.449066,51.791426,Szkoła Językowa WONDERLAND,1
szkola/496,szkola,19.436342,51.78747,Grupa Szkół Pro Europa,1
szkola/497,szkola,19.390208,51.741529,Integracyjna Szkoła Podstawowa nr 67 im. Janusza Korczaka,1
szkola/498,szkola,19.47308,51.778121,Międzynarodowa Szkoła Podstawowa Edukacji Innowacyjnej w Łodzi,1
szkola/499,szkola,19.468224,51.730032,Szkoła Europejska,1
szkola/500,szkola,19.4515,51.737275,"Mikron, Prywatna Szkoła Podstawowa i Liceum Ogólnokształcące",1
szkola/501,szkola,19.448207,51.73277,PROEUROPA - Szkoła języków obcych,1
szkola/502,szkola,19.541114,51.755751,XXXII Liceum Ogólnokształcące,1
szkola/503,szkola,19.540959,51.755416,Szkoła Podstawowa nr 198,1
uczelnia/504,uczelnia,19.483155,51.788577,Akademia Sztuk Pięknych im. Władysława Strzemińskiego w Łodzi,1
uczelnia/505,uczelnia,19.470666,51.775254,Akademia Humanistyczno-Ekonomiczna w Łodzi,1
uczelnia/506,uczelnia,19.470438,51.774228,Wydział Nauk o Wychowaniu Uniwersytetu Łódzkiego,1
uczelnia/507,uczelnia,19.485053,51.777133,Wydział Biologii i Ochrony Środowiska Uniwersytetu Łódzkiego,1
uczelnia/508,uczelnia,19.489487,51.77885,Wydział Chemii Uniwersytetu Łódzkiego,1
uczelnia/509,uczelnia,19.416151,51.790414,,1
uczelnia/510,uczelnia,19.484993,51.776664,,1
uczelnia/511,uczelnia,19.481246,51.77359,Wydział Nauk Geograficznych Uniwersytetu Łódzkiego,1
uczelnia/512,uczelnia,19.472603,51.757764,"Senat, Rektorat, Dziekanaty Operatorski i Reżyserii",1
uczelnia/513,uczelnia,19.472081,51.757745,"Państwowa Wyższa Szkoła Filmowa, Telewizyjna i Teatralna im. Leona Schillera",1
uczelnia/514,uczelnia,19.453082,51.748578,Rektorat Politechniki Łódzkiej,1
uczelnia/515,uczelnia,19.452128,51.753728,Politechnika Łódzka - Kampus A,1
uczelnia/516,uczelnia,19.449619,51.746228,Politechnika Łódzka - Kampus C,1
uczelnia/517,uczelnia,19.449338,51.772805,Akademia Muzyczna im. Grażyny i Kiejstuta Bacewiczów,1
uczelnia/518,uczelnia,19.454659,51.748923,B2 - Wozownia (Dział Jakości PŁ),1
uczelnia/519,uczelnia,19.49452,51.776004,Uniwersytet Łódzki - Wydział Filologiczny,1
uczelnia/520,uczelnia,19.461561,51.749459,Politechnika Łódzka - Kampus D,1
uczelnia/521,uczelnia,19.457377,51.748372,Wyższe Seminarium Duchowne,1
uczelnia/522,uczelnia,19.443312,51.793299,Katedra i Zakład Medycyny Sądowej Uniwersytetu Medycznego w Łodzi,1
uczelnia/523,uczelnia,19.466124,51.737464,Wyższa Szkoła Informatyki i Umiejętności,1
uczelnia/524,uczelnia,19.418759,51.785689,Zespół Szkół Rzemiosła,1
uczelnia/525,uczelnia,19.412624,51.791408,Centrum Kształcenia Ustawicznego Samorządu Województwa Łódzkiego,1
uczelnia/526,uczelnia,19.395779,51.789306,Mundurowe Liceum Ogólnokształcące,1
uczelnia/527,uczelnia,19.472781,51.758663,Wydział Organizacji Produkcji Filmowej i Telewizyjnej,1
uczelnia/528,uczelnia,19.434277,51.766209,,1
uczelnia/529,uczelnia,19.518877,51.771985,Zespół Szkół Poligraficznych im. Mikołaja Reja,1
uczelnia/530,uczelnia,19.492017,51.772006,Ośrodek Szkolno-Wychowawczy nr 3,1
uczelnia/531,uczelnia,19.473031,51.756395,Wyższa Szkoła Sztuki i Projektowania,1
uczelnia/532,uczelnia,19.472209,51.771685,Wydział Studiów Międzynarodowych i Politologicznych Uniwersytetu Łódzkiego,1
uczelnia/533,uczelnia,19.473934,51.771348,Uniwersytet Łódzki,1
uczelnia/534,uczelnia,19.443066,51.762473,Instytut Biopolimerów i Włókien Chemicznych,1
uczelnia/535,uczelnia,19.433911,51.767737,,1
uczelnia/536,uczelnia,19.468622,51.772261,Katedra Anatomii Uniwersytetu Medycznego w Łodzi,1
uczelnia/537,uczelnia,19.464525,51.774979,Wydział Ekonomiczno-Socjologiczny Uniwersytetu Łódzkiego,1
uczelnia/538,uczelnia,19.462919,51.78042,,1
uczelnia/539,uczelnia,19.474715,51.772768,,1
uczelnia/540,uczelnia,19.47442,51.775554,Wydział Filozoficzno-Historyczny Uniwersytetu Łódzkiego,1
uczelnia/541,uczelnia,19.436932,51.771353,Uniwersytet Medyczny w Łodzi - Klinika i Zakład Endokrynologii i Chorób Metabolicznych,1
uczelnia/542,uczelnia,19.46514,51.750849,Centrum Badań Molekularnych i Makromolekularnych PAN,1
uczelnia/543,uczelnia,19.457618,51.782027,Szkoła Podstawowa nr 45,1
uczelnia/544,uczelnia,19.482852,51.788133,Akademia Sztuk Pięknych im. Władysława Strzemińskiego,1
uczelnia/545,uczelnia,19.49434,51.776378,Wydział Filologiczny Uniwersytetu Łódzkiego,1
uczelnia/546,uczelnia,19.491975,51.775471,Biblioteka Główna Uniwersytetu Medycznego,1
uczelnia/547,uczelnia,19.492081,51.774648,Centrum Kształcenia Zawodowego i Ustawicznego Nowoczesnych Technologii Województwa Łódzkiego,1
uczelnia/548,uczelnia,19.490155,51.774812,Wydział Farmaceutyczny Uniwersytetu Medycznego w Łodzi,1
uczelnia/549,uczelnia,19.487366,51.774154,Biblioteka Główna Uniwersytetu Łódzkiego,1
uczelnia/550,uczelnia,19.487462,51.775773,Wydział Zarządzania Uniwersytetu Łódzkiego,1
uczelnia/551,uczelnia,19.486874,51.776778,Wydział Matematyki i Informatyki Uniwersytetu Łódzkiego,1
uczelnia/552,uczelnia,19.489244,51.776816,Wydział Fizyki i Informatyki Stosowanej Uniwersytetu Łódzkiego,1
uczelnia/553,uczelnia,19.483049,51.778135,Wydział Prawa i Administracji Uniwersytetu Łódzkiego,1
uczelnia/554,uczelnia,19.484971,51.77776,Zakład Mikrobiologii Farmaceutycznej i Diagnostyki Mikrobiologicznej Uniwersytetu Medycznego,1
uczelnia/555,uczelnia,19.485717,51.77602,,1
uczelnia/556,uczelnia,19.482895,51.775441,Centrum Szkoleniowo-Konferencyjne Uniwersytetu Łódzkiego,1
uczelnia/557,uczelnia,19.483731,51.775384,Studium Języka Polskiego dla Cudzoziemców Uniwersytetu Łódzkiego,1
uczelnia/558,uczelnia,19.447904,51.751258,,1
uczelnia/559,uczelnia,19.45146,51.733922,Zespół Szkół Techniczno-Informatycznych,1
uczelnia/560,uczelnia,19.513376,51.741916,Instytut Energetyki,1
uczelnia/561,uczelnia,19.430143,51.791309,"Instytut Technologii Eksploatacji, Państwowy Instytut Badawczy: Zakład Technik Włókienniczych",1
uczelnia/562,uczelnia,19.472262,51.847858,Wyższe Seminarium Duchowne Ojców Franciszkanów,1
uczelnia/563,uczelnia,19.420046,51.785488,Sala Koncertowa i Dom Studenta Akademii Muzycznej,1
uczelnia/564,uczelnia,19.473744,51.775971,Studium Kształcenia Kadr,1
uczelnia/565,uczelnia,19.474542,51.777253,Uczelnia Nauk Społecznych,1
uczelnia/566,uczelnia,19.467422,51.764256,Społeczna Akademia Nauk,1
uczelnia/567,uczelnia,19.413576,51.787109,Akademia Techników Medycznych,1
uczelnia/568,uczelnia,19.454387,51.769887,Uniwersytet Medyczny w Łodzi,1
uczelnia/569,uczelnia,19.450135,51.761038,,1
uczelnia/570,uczelnia,19.446741,51.763588,,1
uczelnia/571,uczelnia,19.444754,51.785042,Ogólnokształcąca szkoła baletowa im. Feliksa Parnella,1
uczelnia/572,uczelnia,19.443379,51.793204,Katedra i Zakład Medycyny Sądowej UM w Łodzi,1
uczelnia/573,uczelnia,19.417816,51.755053,Wyższa Szkoła Kosmetyki i Nauk o Zdrowiu w Łodzi,1
uczelnia/574,uczelnia,19.459147,51.746789,Politechnika Łódzka - Kampus E,1
uczelnia/575,uczelnia,19.466037,51.764652,Muzeum Przyrodnicze UŁ,1
uczelnia/576,uczelnia,19.451586,51.7629,,1
uczelnia/577,uczelnia,19.481389,51.756185,Akademickie Centrum Designu,1
uczelnia/578,uczelnia,19.453735,51.747032,Politechnika Łódzka - Kampus B,1
uczelnia/579,uczelnia,19.459147,51.790093,Wydział Sztuk Wizualnych ASP,1
uczelnia/580,uczelnia,19.497955,51.819365,,1
uczelnia/581,uczelnia,19.473153,51.773888,Oddział Pielęgniarstwa i Położnictwa Wydziału Nauk O Zdrowiu Uniwersytetu Medycznego w Łodzi,1
uczelnia/582,uczelnia,19.512766,51.773651,,1
uczelnia/583,uczelnia,19.468902,51.74574,Uniwersytet WSB Merito,1
uczelnia/584,uczelnia,19.462461,51.746454,Centrum Nauki i Biznesu Zak,1
uczelnia/585,uczelnia,19.454264,51.77587,Uniwersytet Łódzki - Biblioteka i Czytelnia Brytyjska,1
uczelnia/586,uczelnia,19.457097,51.774463,Uniwersytet Łódzki Studium J. Angielskiego,1
uczelnia/587,uczelnia,19.468257,51.729913,Studium Języków Obcych ALMA,1
uczelnia/588,uczelnia,19.473818,51.777586,Erudio,1
uczelnia/589,uczelnia,19.462187,51.746434,Wyższa Szkoła Biznesu i Nauk o Zdrowiu,1
przychodnia/590,przychodnia,19.41198,51.745987,Przychodnia Rejonowa nr 36,1
przychodnia/591,przychodnia,19.493947,51.736465,Przychodnia Zdrowia „Tatrzańska”,1
przychodnia/592,przychodnia,19.440705,51.823957,MCM Bałuty. Przychodnia Zdrowia Nastrojowa,1
przychodnia/593,przychodnia,19.376331,51.795895,Lecznica - Przychodnia Medyczna,1
przychodnia/594,przychodnia,19.394675,51.795157,MCM Bałuty. Przychodnia Zdrowia Traktorowa,1
przychodnia/595,przychodnia,19.412651,51.792359,MCM Bałuty. Przychodnia Zdrowia Wielkopolska,1
przychodnia/596,przychodnia,19.446478,51.796713,MCM Bałuty. Przychodnia Zdrowia Murarska,1
przychodnia/597,przychodnia,19.508825,51.762858,Miejskie Centrum Medyczne „Widzew”,1
przychodnia/598,przychodnia,19.575462,51.793862,Przychodnia „MEDARMED-NOWOSOLNA” Centrum Medyczne,1
przychodnia/599,przychodnia,19.387787,51.797445,Medycyna Grabieniec,1
przychodnia/600,przychodnia,19.449102,51.733757,Miejskie Centrum Medyczne „Górna”,1
przychodnia/601,przychodnia,19.425483,51.787268,MCM Bałuty. Przychodnia Zdrowia Bydgoska,1
przychodnia/602,przychodnia,19.498307,51.761843,,1
przychodnia/603,przychodnia,19.463519,51.756061,Centrum Medyczne Szpital św. Rodziny,1
przychodnia/604,przychodnia,19.464368,51.746926,LuxMed,1
przychodnia/605,przychodnia,19.386332,51.745557,Przychodnia lekarska,1
przychodnia/606,przychodnia,19.386411,51.743373,Przychodnia Lekarzy Rodzinnych,1
przychodnia/607,przychodnia,19.470194,51.736151,Salve,1
przychodnia/608,przychodnia,19.45909,51.741003,Poradnia Zdrowia Psychicznego „Sieradzka”,1
przychodnia/609,przychodnia,19.452981,51.774713,Centrum Medyczne im. dr. L. Rydygiera,1
przychodnia/610,przychodnia,19.471764,51.717286,Poradnia Ziołolecznicza Konwentu Bonifratrów,1
przychodnia/611,przychodnia,19.473069,51.717352,Poradnia Podstawowej Opieki Zdrowotnej Szpitala Zakonu Bonifratrów,1
przychodnia/612,przychodnia,19.505243,51.764817,Specjalistyczny Zakład Opieki Zdrowotnej „FEL-MED”,1
przychodnia/613,przychodnia,19.47991,51.790487,MCM Bałuty. Przychodnia Zdrowia Libelta,1
przychodnia/614,przychodnia,19.485851,51.720162,Przychodnia Miejska Chojny,1
przychodnia/615,przychodnia,19.447145,51.770308,Medax,1
przychodnia/616,przychodnia,19.456142,51.782998,MCM Bałuty. Przychodnia Zdrowia Staromiejska,1
przychodnia/617,przychodnia,19.464713,51.789443,MCM Bałuty. Przychodnia Zdrowia Marynarska,1
przychodnia/618,przychodnia,19.433963,51.823452,Poradnia lekarza POZ,1
przychodnia/619,przychodnia,19.479184,51.78256,Wojskowa Specjalistyczna Przychodnia Lekarska SP ZOZ,1
przychodnia/620,przychodnia,19.444566,51.760346,Magnus Medical Clinic,1
przychodnia/621,przychodnia,19.426317,51.777515,Ośrodek Pomocy Psychiatrycznej i Psychologicznej dla Młodzieży,1
przychodnia/622,przychodnia,19.443758,51.788098,Centra Medyczne Medyceusz,1
przychodnia/623,przychodnia,19.531854,51.776624,CEREO-MED,1
przychodnia/624,przychodnia,19.584376,51.791484,Przychodnia Wieloprofilowa Nowosolna,1
przychodnia/625,przychodnia,19.455229,51.747121,B12 PoliClinic Centrum Medyczne FPŁ,1
przychodnia/626,przychodnia,19.475882,51.849644,Przychodnia Chorób Płuc i Alergii Układu Oddechowego w Łodzi,1
przychodnia/627,przychodnia,19.5737,51.753175,Centrum Medyczne OLMED,1
przychodnia/628,przychodnia,19.474,51.748559,LuxMed,1
przychodnia/629,przychodnia,19.479847,51.732457,,1
przychodnia/630,przychodnia,19.484133,51.735802,PATRON-MED,1
przychodnia/631,przychodnia,19.476274,51.797185,Bałuckie Centrum Laryngologii,1
przychodnia/632,przychodnia,19.424158,51.706894,MEDICOR,1
przychodnia/633,przychodnia,19.428742,51.825935,,1
przychodnia/634,przychodnia,19.494282,51.743757,Centrum Medyczne Intermed,1
przychodnia/635,przychodnia,19.508927,51.755578,Centrum Medyczne Sonomedika,1
przychodnia/636,przychodnia,19.398905,51.793795,MCM Bałuty. Zakład Rehabilitacji Łanowa,1
przychodnia/637,przychodnia,19.352375,51.807193,Este l'arte,1
przychodnia/638,przychodnia,19.483053,51.764156,Wojewódzki ośrodek diabetologii i chorób metabolicznych,1
przychodnia/639,przychodnia,19.473036,51.735126,Miejska Przychodnia „Lecznicza”,1
przychodnia/640,przychodnia,19.346885,51.790995,Przychodnia lekarska,0
przychodnia/641,przychodnia,19.439783,51.795473,MCM Bałuty. Przychodnia Zdrowia Sierakowskiego,1
przychodnia/642,przychodnia,19.401402,51.746593,All-Med,1
przychodnia/643,przychodnia,19.462137,51.781609,Krajowe Centrum Ochrony Radiologicznej w Ochronie Zdrowia,1
przychodnia/644,przychodnia,19.476931,51.702284,POZ TRImedica s.c.,1
przychodnia/645,przychodnia,19.318497,51.811476,,0
przychodnia/646,przychodnia,19.391039,51.744665,,1
przychodnia/647,przychodnia,19.409223,51.750122,Valeo Medical,1
przychodnia/648,przychodnia,19.460171,51.772802,XXL,1
przychodnia/649,przychodnia,19.576341,51.739464,Usamed,1
przychodnia/650,przychodnia,19.41659,51.773205,Przychodnia nr 34 „Srebrzyńska”,1
przychodnia/651,przychodnia,19.538569,51.71048,ZOZ Medical,1
przychodnia/652,przychodnia,19.484841,51.780639,Venomed,1
przychodnia/653,przychodnia,19.471065,51.773943,,1
przychodnia/654,przychodnia,19.483246,51.772225,,1
przychodnia/655,przychodnia,19.462355,51.761069,Strefa Psychoterapia,1
przychodnia/656,przychodnia,19.456056,51.765541,Salve,1
przychodnia/657,przychodnia,19.392383,51.784607,Miko-Med,1
przychodnia/658,przychodnia,19.445961,51.736676,,1
przychodnia/659,przychodnia,19.452226,51.737125,,1
przychodnia/660,przychodnia,19.472469,51.778583,Centrum Okulistyczne Lepszy Wzrok,1
przychodnia/661,przychodnia,19.470573,51.778362,R-DENT,1
przychodnia/662,przychodnia,19.468563,51.777868,Centrum Medyczne im. Ludwika Rydygiera,1
przychodnia/663,przychodnia,19.469189,51.776627,Renoma,1
przychodnia/664,przychodnia,19.443485,51.773793,Profimedic,1
przychodnia/665,przychodnia,19.440297,51.771573,NZOZ Multimed,1
przychodnia/666,przychodnia,19.450425,51.774213,Polimedica,1
przychodnia/667,przychodnia,19.44567,51.773986,SłuchMed,1
przychodnia/668,przychodnia,19.449231,51.727773,NZOZ „Teraz zdrowie”,1
przychodnia/669,przychodnia,19.44593,51.780643,Enel-Med,1
przychodnia/670,przychodnia,19.461393,51.758534,PROFESOR DZIKI CLINIC,1
przychodnia/671,przychodnia,19.470608,51.761209,LUX MED,1
przychodnia/672,przychodnia,19.455881,51.791609,Przychodnia Salve,1
przychodnia/673,przychodnia,19.317418,51.789791,Przychodnia KA-MED,0
przychodnia/674,przychodnia,19.501027,51.745232,Przychodnia lekarzy rodzinnych,1
przychodnia/675,przychodnia,19.462304,51.763097,Gabinet Masażu Leczniczego,1
przychodnia/676,przychodnia,19.465977,51.777645,"Staniaszczyk Marek, dr nauk med.",1
przychodnia/677,przychodnia,19.63746,51.726514,Gminna Przychodnia Zdrowia w Andrespolu,0
przychodnia/678,przychodnia,19.45461,51.789414,Poradnia Lekarzy Rodzinnych Zdrowie,1
przychodnia/679,przychodnia,19.521852,51.755701,Vimedica,1
przychodnia/680,przychodnia,19.376773,51.795113,,1
przychodnia/681,przychodnia,19.469769,51.752767,Centrum Medyczne Remedium,1
przychodnia/682,przychodnia,19.403868,51.793869,NZOZ Medpuls,1
przychodnia/683,przychodnia,19.463448,51.732892,Sonia Medica,1
przychodnia/684,przychodnia,19.47765,51.790636,Zakład Opieki Zdrowotnej Uroda i Zdrowie,1
przychodnia/685,przychodnia,19.455137,51.799184,Specjalistyczna Praktyka Lekarska Małgorzata Janczura,1
przychodnia/686,przychodnia,19.47423,51.798945,MediPsyche Centrum Medyczne,1
przychodnia/687,przychodnia,19.474322,51.721735,Poradnia Podstawowej Opieki Zdrowotnej,1
przychodnia/688,przychodnia,19.452703,51.778271,Centrum Medyczne PZU Zdrowie,1
przychodnia/689,przychodnia,19.478787,51.773753,Centrum Zdrowia Psychicznego dla Dzieci i Młodzieży,1
przychodnia/690,przychodnia,19.456114,51.759587,Klinika Miracki,1
przychodnia/691,przychodnia,19.464623,51.7884,Bomedica Centrum Medyczne,1
przychodnia/692,przychodnia,19.424153,51.804165,Wizjamed,1
przychodnia/693,przychodnia,19.462513,51.774177,Psychomedic,1
przychodnia/694,przychodnia,19.464572,51.788493,Poradnia Zdrowia Psychicznego CLUE,1
przychodnia/695,przychodnia,19.453672,51.752073,Klinika Pawlikowski,1
przychodnia/696,przychodnia,19.42892,51.822066,HELP-MED,1
przychodnia/697,przychodnia,19.475954,51.703166,Vita-Med,1
przychodnia/698,przychodnia,19.458687,51.763301,Stomatologia Piotrkowska 116,1
przychodnia/699,przychodnia,19.499907,51.76241,Mediplan,1
przychodnia/700,przychodnia,19.451235,51.781743,MelissaMed,1
przychodnia/701,przychodnia,19.44546,51.781954,Damed,1
przychodnia/702,przychodnia,19.482934,51.751703,LUX MED Diagnostyka,1
przychodnia/703,przychodnia,19.458167,51.72947,Miejskie Centrum Medyczne Górna,1
przychodnia/704,przychodnia,19.477869,51.78908,Panaceum,1
przychodnia/705,przychodnia,19.471672,51.774238,Dermed Klinika Urody,1
przychodnia/706,przychodnia,19.397509,51.768395,Przychodnia Psychiatryczno-Psychologiczna,1
przychodnia/707,przychodnia,19.452134,51.74586,PoliClinic Centrum Medyczne Fundacji Politechniki Łódzkiej,1
przychodnia/708,przychodnia,19.459816,51.759033,Medicover,1
przychodnia/709,przychodnia,19.484703,51.717217,Multi Clinic,1
przychodnia/710,przychodnia,19.482138,51.790243,Validus,1
przychodnia/711,przychodnia,19.428895,51.819013,MCM Bałuty. Przychodnia Zdrowia Motylowa,1
przychodnia/712,przychodnia,19.44862,51.787696,MCM Bałuty. Przychodnia Zdrowia Snycerska,1
przychodnia/713,przychodnia,19.633312,51.72806,Pracownia Psychologiczna Trefl,0
przychodnia/714,przychodnia,19.486211,51.761365,Luxmed,1
przychodnia/715,przychodnia,19.638974,51.725016,Medar Pro,0
przychodnia/716,przychodnia,19.482754,51.779297,Centrum Medicover - Pomorska Łódź,1
przychodnia/717,przychodnia,19.53317,51.756963,Wsparcie,1
przychodnia/718,przychodnia,19.477476,51.797949,ultimed.com.pl,1
przychodnia/719,przychodnia,19.453554,51.781257,NZOZ Pikamed,1
przychodnia/720,przychodnia,19.455118,51.734869,Park Medica,1
przychodnia/721,przychodnia,19.384788,51.772607,Garnizonowa,1
przychodnia/722,przychodnia,19.533516,51.756856,Prywatna Przychodnia Lekarzy Specjalistów,1
przychodnia/723,przychodnia,19.507714,51.763044,Łodzianin,1
przychodnia/724,przychodnia,19.478993,51.790646,Centrum Medyczne Medyceusz,1
przychodnia/725,przychodnia,19.385569,51.778315,,1
przychodnia/726,przychodnia,19.490175,51.751418,Medicover Stomatologia,1
przychodnia/727,przychodnia,19.490238,51.751171,Medicover Śmigłego-Rydza,1
przychodnia/728,przychodnia,19.456427,51.728985,Okulista dzieci i dorosłych,1
przychodnia/729,przychodnia,19.466504,51.761064,Enel-med,1
przychodnia/730,przychodnia,19.410895,51.74284,Gabinet Lekarski Psychoterapii,1
przychodnia/731,przychodnia,19.442763,51.740879,NZOZ COLMED,1
przychodnia/732,przychodnia,19.406449,51.746057,Diamed,1
przychodnia/733,przychodnia,19.412924,51.747009,NZOZ Centrum Soczewek Kontaktowych,1
przychodnia/734,przychodnia,19.484813,51.780766,Fragmat-Med,1
przychodnia/735,przychodnia,19.484683,51.781127,Prima-Med,1
przychodnia/736,przychodnia,19.460176,51.750608,Nefretete,1
przychodnia/737,przychodnia,19.447704,51.730731,Przychodnia Rehabilitacyjno-Specjalistyczna,1
przychodnia/738,przychodnia,19.47418,51.730603,Centrum Medyczne NIEMCEWICZA (specj.),1
przychodnia/739,przychodnia,19.455174,51.781755,Światowa Fundacja Pomocy I Opieki Medycznej,1
przychodnia/740,przychodnia,19.449928,51.737632,Protetyka twarzy,1
przychodnia/741,przychodnia,19.568758,51.742984,Przychodnia lekarska Creo-med,1
przychodnia/742,przychodnia,19.479009,51.786618,Przychodnie,1
przychodnia/743,przychodnia,19.424114,51.750285,Le-Med,1
przychodnia/744,przychodnia,19.413421,51.749182,RI-MED,1
przychodnia/745,przychodnia,19.486401,51.717777,Darmed - przychodnia lekarska,1
przychodnia/746,przychodnia,19.392041,51.740725,Ledan,1
przychodnia/747,przychodnia,19.536735,51.756863,NZOZ Salve,1
przychodnia/748,przychodnia,19.399589,51.752276,Artmed,1
przychodnia/749,przychodnia,19.39923,51.752187,Eskulap,1
przychodnia/750,przychodnia,19.36353,51.795334,Gabinet Okulistyczny N&M,1
przychodnia/751,przychodnia,19.394371,51.742481,Retkińskie Centrum Medyczne,1
przychodnia/752,przychodnia,19.474333,51.778569,NZOZ Apis-Med,1
przychodnia/753,przychodnia,19.451823,51.739249,Ray.Med,1
przychodnia/754,przychodnia,19.475661,51.780655,,1
przychodnia/755,przychodnia,19.476795,51.778857,,1
przychodnia/756,przychodnia,19.414894,51.747753,Dr Lik Clinic,1
przychodnia/757,przychodnia,19.406643,51.746007,Dobromed,1
przychodnia/758,przychodnia,19.403619,51.745258,Centrum Medyczne „Retkińska”,1
przychodnia/759,przychodnia,19.402119,51.746704,Medykus,1
przychodnia/760,przychodnia,19.466705,51.772437,Pulsmed,1
przychodnia/761,przychodnia,19.480709,51.764687,Arka,1
przychodnia/762,przychodnia,19.533172,51.757054,Przychodnia Batory,1
przychodnia/763,przychodnia,19.394627,51.796212,Sal-Med,1
przychodnia/764,przychodnia,19.457027,51.757598,Centrum Medycyny Estetycznej i Rehabilitacji Nowa Europa,1
przychodnia/765,przychodnia,19.422555,51.749532,Optyk Okulista,1
przychodnia/766,przychodnia,19.432959,51.73638,NZOZ ARES,1
przychodnia/767,przychodnia,19.456991,51.728586,Wojewódzka Przychodnia Foniatryczna,1
przychodnia/768,przychodnia,19.456173,51.729283,NZOZ Adamus,1
przychodnia/769,przychodnia,19.435011,51.788555,,1
przychodnia/770,przychodnia,19.568683,51.741091,Przychodnia lekarska Olmed,1
przychodnia/771,przychodnia,19.459103,51.731153,Medicover,1
przychodnia/772,przychodnia,19.441896,51.820485,Centrum Medyczne „Łodzianin”,1
przychodnia/773,przychodnia,19.401962,51.745537,Nocna Świąteczna pomoc medyczna,1
przychodnia/774,przychodnia,19.535453,51.755471,PRO-MEDYK Sp. z o.o.,1
przychodnia/775,przychodnia,19.56754,51.739218,Przychodnia Pediatryczna OLMED,1
przychodnia/776,przychodnia,19.49729,51.738525,Gabinet Rehabilitacji Janusz Marchewka,1
przychodnia/777,przychodnia,19.392518,51.740283,,1
przychodnia/778,przychodnia,19.43858,51.8179,Centrum Medyczne Medyceusz,1
przychodnia/779,przychodnia,19.44636,51.818781,Niepubliczny Zakład Opieki Zdrowotnej ORTMED Sp.z O.O.,1
przychodnia/780,przychodnia,19.472929,51.730515,Centrum Medyczne NIEMCEWICZA (poz),1
przychodnia/781,przychodnia,19.459232,51.752808,Diason,1
przychodnia/782,przychodnia,19.476056,51.738064,Przychodnia „Remedium”,1
przychodnia/783,przychodnia,19.318126,51.808466,,0
przychodnia/784,przychodnia,19.448217,51.784522,Centrum Medyczne Bazarowa NZOZ,1
przychodnia/785,przychodnia,19.435675,51.757332,Neo Clinic;Centrum Medyczne Neo Clinic,1
przychodnia/786,przychodnia,19.40147,51.7454,Lekarze Rodzinni,1
przychodnia/787,przychodnia,19.50269,51.733451,,1
przychodnia/788,przychodnia,19.488644,51.745664,Gabinet Stomatologiczny Joanna i Krzysztof Sitarek,1
przychodnia/789,przychodnia,19.457542,51.765347,NZOZ Centrum Medicus,1
przychodnia/790,przychodnia,19.454125,51.774057,Centrum Medyczne Kamedi,1
przychodnia/791,przychodnia,19.333563,51.746418,Centrum Medyczne Olmed,0
przychodnia/792,przychodnia,19.543812,51.756946,Eskulap,1
przychodnia/793,przychodnia,19.445413,51.762969,Przychodnia nr 31,1
przychodnia/794,przychodnia,19.445006,51.737725,MEJAmed,1
przychodnia/795,przychodnia,19.481895,51.716583,,1
przychodnia/796,przychodnia,19.450679,51.785122,Centrum Medyczne BIMED,1
przychodnia/797,przychodnia,19.435639,51.789085,Zdrowie Bałuty,1
przychodnia/798,przychodnia,19.522867,51.791961,NZOZ Przychodnia „Janosik”,1
przychodnia/799,przychodnia,19.446489,51.768108,Twój Optyk,1
przychodnia/800,przychodnia,19.425419,51.790651,Med-Gastr,1
przychodnia/801,przychodnia,19.456056,51.849547,ActiveRehab,1
przychodnia/802,przychodnia,19.447268,51.76786,Gabinet urologiczny Dr Marek Jeromin,1
szpital/803,szpital,19.456741,51.730639,Regionalny Ośrodek Onkologiczny,1
szpital/804,szpital,19.437508,51.767656,Uniwersytecki Szpital Kliniczny im. Wojskowej Akademii Medycznej,1
szpital/805,szpital,19.355104,51.807961,Specjalistyczny Psychiatryczny Zespół Opieki Zdrowotnej,1
szpital/806,szpital,19.481015,51.70695,Instytut Centrum Zdrowia Matki Polki,1
szpital/807,szpital,19.470604,51.717903,Szpital Zakonu Bonifratrów św. Jana Bożego,1
szpital/808,szpital,19.4569,51.731379,Wojewódzki Szpital Specjalistyczny im. M. Kopernika,1
szpital/809,szpital,19.454299,51.802404,Szpital im. Henryka Jordana,1
szpital/810,szpital,19.473857,51.781527,Samodzielny Publiczny Zakład Opieki Zdrowotnej Ministerstwa Spraw Wewnętrznych i Administracji,1
szpital/811,szpital,19.446945,51.788074,Medeor Plus,1
szpital/812,szpital,19.483105,51.751501,III Szpital Miejski im. dr. Karola Jonschera,1
szpital/813,szpital,19.438488,51.80065,Wojewódzki Specjalistyczny Szpital im. dr. Władysława Biegańskiego,1
szpital/814,szpital,19.46325,51.754674,Wojewódzka Stacja Ratownictwa Medycznego,1
szpital/815,szpital,19.446534,51.759501,Uniwersytecki Szpital Kliniczny nr 2 Uniwersytetu Medycznego w Łodzi,1
szpital/816,szpital,19.467162,51.779338,Uniwersytecki Szpital Kliniczny im. WAM – Centralny Szpital Weteranów,1
szpital/817,szpital,19.454544,51.751405,Wojewódzki Specjalistyczny Szpital imienia Mikołaja Pirogowa,1
szpital/818,szpital,19.468335,51.777366,II Szpital Miejski im. dr Ludwika Rydygiera,1
szpital/819,szpital,19.484486,51.759599,Ośrodek Pediatryczny im. dr J. Korczaka - Wojewódzki Szpital Specjalistyczny im. M.Kopernika w Łodzi,1
szpital/820,szpital,19.48369,51.774099,Uniwersytecki Szpital Kliniczny nr 1 im. N. Barlickiego. SPZOZ,1
szpital/821,szpital,19.478962,51.848554,Wojewódzki Zespół Zakładów Opieki Zdrowotnej – Centrum Leczenia Chorób Płuc i Rehabilitacji im. błogosławionego ojca Rafała Chylińskiego,1
szpital/822,szpital,19.423444,51.75371,WSS im. M. Pirogowa. Ośrodek Szpitalny im. M. Madurowicza,1
szpital/823,szpital,19.478479,51.78612,Szpital Pediatryczny im. Marii Konopnickiej,1
szpital/824,szpital,19.377757,51.803844,Salve Szpital,1
szpital/825,szpital,19.524613,51.782235,I Szpital Miejski im. dr. Emanuela Sonnenberga,1
szpital/826,szpital,19.507031,51.774207,Centralny Szpital Kliniczny,1
szpital/827,szpital,19.452813,51.697079,Ośrodek Wczesnej Rehabilitacji Kardiologicznej,1
szpital/828,szpital,19.44854,51.795518,Contact Med,1
apteka/829,apteka,19.391183,51.793079,Convallaria,1
apteka/830,apteka,19.442729,51.779271,Super-Pharm,1
apteka/831,apteka,19.417153,51.704424,Super-Pharm,1
apteka/832,apteka,19.441484,51.822509,Brassica,1
apteka/833,apteka,19.510151,51.792646,Dr Zdrowie,1
apteka/834,apteka,19.534853,51.757147,Ziko Apteka,1
apteka/835,apteka,19.464218,51.771442,Melissa,1
apteka/836,apteka,19.479527,51.718562,Apteka Dbam O Zdrowie,1
apteka/837,apteka,19.475492,51.798889,Apteka Mgr Farm. Jakub Wąsikowski,1
apteka/838,apteka,19.394429,51.747083,Aralia,1
apteka/839,apteka,19.41633,51.786785,Apteka Dbam O Zdrowie,1
apteka/840,apteka,19.481849,51.717789,Apteka 24 H,1
apteka/841,apteka,19.40392,51.682668,Doz Apteka Dbam O Zdrowie,0
apteka/842,apteka,19.403445,51.682345,Apteka Wspólna,0
apteka/843,apteka,19.505049,51.774887,Umed,1
apteka/844,apteka,19.383365,51.797844,Słoneczna,1
apteka/845,apteka,19.469017,51.79871,Forte-Vita,1
apteka/846,apteka,19.455684,51.791505,,1
apteka/847,apteka,19.588143,51.793228,Majowa,1
apteka/848,apteka,19.451946,51.786808,Kwiaty Polskie,1
apteka/849,apteka,19.474572,51.780459,Propharma,1
apteka/850,apteka,19.483201,51.749339,Zdrowit,1
apteka/851,apteka,19.386363,51.778871,Nowa,1
apteka/852,apteka,19.432006,51.82084,Serdeczna,1
apteka/853,apteka,19.479575,51.786882,Św. Franciszka,1
apteka/854,apteka,19.461875,51.776731,Hortensja,1
apteka/855,apteka,19.462085,51.760216,Dr. Max,1
apteka/856,apteka,19.404112,51.794183,Familypharm,1
apteka/857,apteka,19.41403,51.79253,Dbam o Zdrowie,1
apteka/858,apteka,19.491168,51.779181,FARM-MED,1
apteka/859,apteka,19.468264,51.73059,Dbam o Zdrowie,1
apteka/860,apteka,19.445397,51.787379,Zielone Bałuty,1
apteka/861,apteka,19.486407,51.719832,Wspólna,1
apteka/862,apteka,19.47656,51.691033,Punkt Apteczny Lawenda,0
apteka/863,apteka,19.44892,51.732492,A jak Apteka,1
apteka/864,apteka,19.444454,51.736725,,1
apteka/865,apteka,19.422439,51.74957,Dr. Max,1
apteka/866,apteka,19.447387,51.732862,,1
apteka/867,apteka,19.318422,51.811387,Natura,0
apteka/868,apteka,19.464469,51.788391,U Dominika,1
apteka/869,apteka,19.45808,51.739649,Melissa,1
apteka/870,apteka,19.449277,51.727819,Dar Zdrowia,1
apteka/871,apteka,19.458186,51.7292,Dbam o Zdrowie,1
apteka/872,apteka,19.454871,51.727724,Dbam o Zdrowie,1
apteka/873,apteka,19.421682,51.800984,Apteka Dbam O Zdrowie,1
apteka/874,apteka,19.435006,51.788292,Familia,1
apteka/875,apteka,19.451821,51.793754,Dbam o Zdrowie,1
apteka/876,apteka,19.456054,51.7714,Pod Białym Orłem,1
apteka/877,apteka,19.404286,51.740515,Zdrowit,1
apteka/878,apteka,19.43056,51.787456,Familia,1
apteka/879,apteka,19.454282,51.790605,Dbam o Zdrowie,1
apteka/880,apteka,19.427694,51.776587,Serdeczna,1
apteka/881,apteka,19.543842,51.756991,Przy Kościele,1
apteka/882,apteka,19.536539,51.757434,Kwiaty Polskie,1
apteka/883,apteka,19.476329,51.738131,Apteka Zdrowit,1
apteka/884,apteka,19.473063,51.730372,Terapia,1
apteka/885,apteka,19.374606,51.794897,Najlepsza Dla Ciebie,1
apteka/886,apteka,19.409256,51.775499,Dbam o Zdrowie,1
apteka/887,apteka,19.526767,51.760134,Dr. Max,1
apteka/888,apteka,19.448177,51.784473,Dr. Max,1
apteka/889,apteka,19.480183,51.764314,Zioła Polskie,1
apteka/890,apteka,19.425259,51.751605,Medest Vi,1
apteka/891,apteka,19.530309,51.776533,Dbam o Zdrowie,1
apteka/892,apteka,19.507697,51.763781,Dbam o Zdrowie,1
apteka/893,apteka,19.474946,51.731678,Joga,1
apteka/894,apteka,19.473183,51.733217,Dr. Max,1
apteka/895,apteka,19.568659,51.741043,Olmed,1
apteka/896,apteka,19.488663,51.743925,Una,1
apteka/897,apteka,19.483103,51.773221,Euro-Apteka,1
apteka/898,apteka,19.481844,51.773082,Apteka Aloes Sp.J.,1
apteka/899,apteka,19.571223,51.749156,Ginsana II,1
apteka/900,apteka,19.536818,51.757265,Złota,1
apteka/901,apteka,19.447598,51.769678,Alfa,1
apteka/902,apteka,19.427093,51.774629,Apteka Czerwona,1
apteka/903,apteka,19.440357,51.823925,Nastrojowa,1
apteka/904,apteka,19.384144,51.747299,Zrowit,1
apteka/905,apteka,19.423445,51.774172,Doz Apteka Dbam O Zdrowie,1
apteka/906,apteka,19.425638,51.776483,Zdrówko,1
apteka/907,apteka,19.425812,51.776448,A Jak Apteka,1
apteka/908,apteka,19.477247,51.7906,Apteka Omega,1
apteka/909,apteka,19.439526,51.796213,Fortuna,1
apteka/910,apteka,19.459712,51.752839,Dbam o Zdrowie,1
apteka/911,apteka,19.455681,51.752499,Rosa,1
apteka/912,apteka,19.472021,51.717193,Ziołolecznicza Konwentu Bonifratrów,1
apteka/913,apteka,19.486048,51.717425,Wspólna,1
apteka/914,apteka,19.398642,51.747989,Spectrum,1
apteka/915,apteka,19.442156,51.819991,Dla Ciebie,1
apteka/916,apteka,19.427549,51.710991,Dr. Max,1
apteka/917,apteka,19.456179,51.776992,Uncja,1
apteka/918,apteka,19.454192,51.776272,Dbam o Zdrowie,1
apteka/919,apteka,19.439207,51.79997,Dbam o Zdrowie,1
apteka/920,apteka,19.446174,51.818698,Camelia,1
apteka/921,apteka,19.448181,51.776342,Aura,1
apteka/922,apteka,19.480219,51.70518,Dbam o Zdrowie,1
apteka/923,apteka,19.438418,51.798522,Convallaria,1
apteka/924,apteka,19.47968,51.734861,Zielone Wzgórze,1
apteka/925,apteka,19.430135,51.72277,Alba,1
apteka/926,apteka,19.479911,51.736142,"Apteka Cef@Rm 36,6",1
apteka/927,apteka,19.399435,51.752239,Kwiaty Polskie,1
apteka/928,apteka,19.496075,51.719591,Dr. Max,1
apteka/929,apteka,19.428767,51.787456,Dbam o Zdrowie,1
apteka/930,apteka,19.393914,51.73859,Dbam o Zdrowie,1
apteka/931,apteka,19.397729,51.74406,Sieciowa,1
apteka/932,apteka,19.474595,51.778596,Melissa,1
apteka/933,apteka,19.401149,51.748122,Botanik,1
apteka/934,apteka,19.400118,51.744809,Zdrowit,1
apteka/935,apteka,19.399861,51.744386,Kwiaty Polskie,1
apteka/936,apteka,19.384552,51.737265,Dr. Max,1
apteka/937,apteka,19.456342,51.768408,Apteka Dbam O Zdrowie,1
apteka/938,apteka,19.472278,51.734606,Dbam o Zdrowie,1
apteka/939,apteka,19.492063,51.710987,Dbam o Zdrowie,1
apteka/940,apteka,19.454047,51.765585,Kwiaty Polskie,1
apteka/941,apteka,19.487064,51.732836,Gwiazda 2,1
apteka/942,apteka,19.569511,51.739271,Olmed,1
apteka/943,apteka,19.330212,51.746905,Olmed,0
apteka/944,apteka,19.447596,51.759961,U Dominika,1
apteka/945,apteka,19.392405,51.784665,Herba,1
apteka/946,apteka,19.457425,51.765353,Centrum,1
apteka/947,apteka,19.452898,51.774435,Apteka u Dominika,1
apteka/948,apteka,19.440669,51.771706,Pod Eskulapem,1
apteka/949,apteka,19.445882,51.769118,Cito,1
apteka/950,apteka,19.445787,51.76956,Dbam O Zdrowie,1
apteka/951,apteka,19.376231,51.796031,Apteka Dbam O Zdrowie,1
apteka/952,apteka,19.46571,51.785939,Apteka Zdrowie,1
apteka/953,apteka,19.484678,51.781202,Wspólna,1
apteka/954,apteka,19.376319,51.79623,Nowa,1
apteka/955,apteka,19.457208,51.770803,Pod Słońcem,1
apteka/956,apteka,19.494091,51.747535,Rosa,1
apteka/957,apteka,19.462824,51.743048,Apteka Kwiaty Polskie,1
apteka/958,apteka,19.443001,51.819993,Dla Rodziny,1
apteka/959,apteka,19.431036,51.822212,Dr. Max,1
apteka/960,apteka,19.573472,51.753239,Olmed,1
apteka/961,apteka,19.499849,51.735245,Apteka Dbam O Zdrowie,1
apteka/962,apteka,19.472492,51.777284,Melissa,1
apteka/963,apteka,19.418825,51.818615,Natura,1
apteka/964,apteka,19.454692,51.788152,Apteka Melissa,1
apteka/965,apteka,19.474323,51.731376,Zdrowit,1
apteka/966,apteka,19.392136,51.740503,Dr. Max,1
apteka/967,apteka,19.457697,51.774879,Dbam o Zdrowie,1
apteka/968,apteka,19.390902,51.744624,Słoneczna,1
apteka/969,apteka,19.399164,51.745465,Super-Pharm,1
apteka/970,apteka,19.394581,51.795296,Galen,1
apteka/971,apteka,19.439444,51.750773,Apteka Dbam O Zdrowie,1
apteka/972,apteka,19.474372,51.742746,Apteka 7 Dni,1
apteka/973,apteka,19.412827,51.747106,Słoneczna,1
apteka/974,apteka,19.41184,51.746147,Słoneczna,1
apteka/975,apteka,19.450063,51.783126,Rosa,1
apteka/976,apteka,19.449084,51.733551,A jak Apteka,1
apteka/977,apteka,19.567862,51.740958,Przyjazna,1
apteka/978,apteka,19.526678,51.781759,Na Przełęczy,1
apteka/979,apteka,19.474439,51.732245,Zielone Wzgórze,1
apteka/980,apteka,19.413458,51.749351,Convallaria,1
apteka/981,apteka,19.495711,51.738357,Rosa,1
apteka/982,apteka,19.500952,51.745377,Rosa,1
apteka/983,apteka,19.458162,51.782501,Apis,1
apteka/984,apteka,19.495432,51.737439,Dąbrówka,1
apteka/985,apteka,19.633457,51.728073,Sieciowa,0
apteka/986,apteka,19.638212,51.725999,Najlepsza Dla Ciebie,0
apteka/987,apteka,19.637601,51.72846,Dbam o Zdrowie,0
apteka/988,apteka,19.447812,51.762003,Familia,1
apteka/989,apteka,19.387942,51.777982,Nowa Złotno,1
apteka/990,apteka,19.441283,51.697996,Ruda Zegar,1
apteka/991,apteka,19.434219,51.817428,Dbam o Zdrowie,1
apteka/992,apteka,19.458985,51.756193,Słoneczna,1
apteka/993,apteka,19.476698,51.721207,Apteka-Sieciowa,1
apteka/994,apteka,19.385502,51.793865,Rosa,1
apteka/995,apteka,19.455233,51.765027,Zielone Wzgórze,1
apteka/996,apteka,19.440608,51.723144,Farm-Med 4,1
apteka/997,apteka,19.524577,51.760533,Apteka Bliska Zdrowiu,1
apteka/998,apteka,19.494751,51.736025,Rosa,1
apteka/999,apteka,19.497933,51.732131,'Apteka - Apteki Dar Zdrowia',1
apteka/1000,apteka,19.48261,51.790388,Medest Ii,1
apteka/1001,apteka,19.398606,51.744637,Rosa,1
apteka/1002,apteka,19.474362,51.780862,Apteka Ewa Pawlak Sp.Z O.O.,1
apteka/1003,apteka,19.464081,51.789296,Apteka Zawiszy Czarnego,1
apteka/1004,apteka,19.372422,51.798715,Super Tania Apteka Panax,1
apteka/1005,apteka,19.419125,51.754122,Apteka-Sieciowa,1
apteka/1006,apteka,19.494548,51.73023,Apteka Zapolska,1
apteka/1007,apteka,19.489833,51.779114,Farm-Med2,1
apteka/1008,apteka,19.638803,51.725139,Rosa,0
apteka/1009,apteka,19.469589,51.752708,Zdrowit,1
apteka/1010,apteka,19.612475,51.740468,Pigułka,1
apteka/1011,apteka,19.460074,51.759972,Ziko Apteka,1
apteka/1012,apteka,19.412594,51.74796,Dla Zdrowia,1
apteka/1013,apteka,19.43923,51.788421,Apteka od Serca,1
apteka/1014,apteka,19.524485,51.791439,Apteka Wrzosowa,1
apteka/1015,apteka,19.470726,51.771785,Melissa,1
apteka/1016,apteka,19.460247,51.786869,Im. Zawiszy Czarnego,1
apteka/1017,apteka,19.430562,51.790357,Awicenna,1
apteka/1018,apteka,19.484749,51.755878,Dbam o Zdrowie,1
apteka/1019,apteka,19.477508,51.776894,Doz Apteka Dbam O Zdrowie,1
apteka/1020,apteka,19.492769,51.732906,Gwiazda,1
apteka/1021,apteka,19.455178,51.798832,Apteka Dary Natury,1
apteka/1022,apteka,19.41829,51.752033,Dbam o Zdrowie,1
apteka/1023,apteka,19.421887,51.815935,Dr. Max,1
apteka/1024,apteka,19.482202,51.750499,Olmed,1
apteka/1025,apteka,19.45188,51.768433,"Apteka ""Calendula""",1
apteka/1026,apteka,19.441393,51.763855,Wrzosowa,1
apteka/1027,apteka,19.455318,51.772412,Ziko Apteka,1
apteka/1028,apteka,19.590315,51.793228,Fiołkowa,1
apteka/1029,apteka,19.431329,51.818821,Anyżowa,1
apteka/1030,apteka,19.457039,51.758702,Dbam o Zdrowie,1
apteka/1031,apteka,19.455443,51.772584,Ziko Apteka,1
apteka/1032,apteka,19.464278,51.754281,Paracelsus,1
apteka/1033,apteka,19.390646,51.744551,Forte,1
apteka/1034,apteka,19.470035,51.73617,Apteka Apis,1
apteka/1035,apteka,19.462642,51.741584,Melissa,1
apteka/1036,apteka,19.454468,51.77856,Apteka Czerwona,1
apteka/1037,apteka,19.443825,51.787929,Przy Medyceuszu,1
apteka/1038,apteka,19.488321,51.737366,Apteka Zdrowit,1
apteka/1039,apteka,19.501002,51.737986,Apteka Dla Zdrowia,1
apteka/1040,apteka,19.53614,51.756357,Apteka Melissa,1
apteka/1041,apteka,19.533628,51.757082,Apteka Dbam O Zdrowie,1
apteka/1042,apteka,19.522904,51.796865,Apteka Wspólna,1
apteka/1043,apteka,19.494154,51.736626,Apteka Zdrowit,1
apteka/1044,apteka,19.485786,51.720126,Kapsułka,1
apteka/1045,apteka,19.5537,51.713037,"""Apteka """"Pilula""""""",1
apteka/1046,apteka,19.471634,51.733599,'Apteka - Apteki Dar Zdrowia',1
apteka/1047,apteka,19.386376,51.743336,Apteka Zdrowit,1
apteka/1048,apteka,19.385491,51.743122,Dr. Max,1
apteka/1049,apteka,19.423976,51.750076,Apteka Dr. Optima,1
apteka/1050,apteka,19.532178,51.755814,Alofa,1
apteka/1051,apteka,19.435358,51.824317,Apteka Melissa,1
apteka/1052,apteka,19.431144,51.78639,Apteka Bliska Zdrowiu,1
apteka/1053,apteka,19.381699,51.794192,Radicula,1
apteka/1054,apteka,19.495529,51.747538,Rosa,1
apteka/1055,apteka,19.471749,51.744468,Apteka Szlachetna,1
apteka/1056,apteka,19.552257,51.759275,Rodzinna,1
apteka/1057,apteka,19.452625,51.784996,Apteka-Sieciowa,1
apteka/1058,apteka,19.475835,51.715251,Apteka Dbam O Zdrowie,1
apteka/1059,apteka,19.484098,51.792057,,1
apteka/1060,apteka,19.464605,51.759515,Super-Pharm Apteka,1
apteka/1061,apteka,19.417648,51.787356,Apteka Czerwona,1
apteka/1062,apteka,19.472186,51.742671,Zarzewska,1
apteka/1063,apteka,19.403536,51.793687,,1
apteka/1064,apteka,19.392116,51.797558,Złota,1
apteka/1065,apteka,19.424884,51.737511,Wapteka.Pl,1
apteka/1066,apteka,19.429379,51.711489,,1
apteka/1067,apteka,19.496026,51.746397,Dbam o Zdrowie,1
apteka/1068,apteka,19.494082,51.764591,Dbam o Zdrowie,1
apteka/1069,apteka,19.491002,51.738945,,1
apteka/1070,apteka,19.453032,51.764935,Apteka Melissa,1
apteka/1071,apteka,19.428397,51.780581,Apteka Medic,1
apteka/1072,apteka,19.394653,51.796849,Bio,1
apteka/1073,apteka,19.444059,51.76049,Apteka Magnus Pharm,1
apteka/1074,apteka,19.500608,51.732153,Victoria,1
apteka/1075,apteka,19.497322,51.731589,A Jak Apteka,1
apteka/1076,apteka,19.482655,51.70745,Dbam o Zdrowie,1
apteka/1077,apteka,19.479006,51.790566,Dbam o Zdrowie,1
apteka/1078,apteka,19.386273,51.745569,Dracena,1
apteka/1079,apteka,19.441622,51.796912,Fortuna,1
apteka/1080,apteka,19.378077,51.804295,"""Apteka """"Kwiaty Polskie""""""",1
apteka/1081,apteka,19.452365,51.78569,Apteka - Apteki Dar Zdrowia,1
apteka/1082,apteka,19.538655,51.758273,Vademecum,1
apteka/1083,apteka,19.458835,51.756023,Dbam o Zdrowie,1
apteka/1084,apteka,19.455772,51.782432,Apteka Medest Agks Gierula I Wspólnicy Spółka Jawna,1
apteka/1085,apteka,19.445479,51.796335,Europejska,1
apteka/1086,apteka,19.535293,51.758376,Dbam o Zdrowie,1
apteka/1087,apteka,19.470174,51.778365,Apteka Dr.Max,1
apteka/1088,apteka,19.521708,51.756447,,1
apteka/1089,apteka,19.456363,51.728912,Apteka Im. Mikołaja Kopernika,1
apteka/1090,apteka,19.461726,51.731493,Prima Mgr Farm. Tomasz Buszmak,1
apteka/1091,apteka,19.48557,51.747334,Apteka Dbam O Zdrowie,1
apteka/1092,apteka,19.423451,51.748609,Apteka Czerwona,1
apteka/1093,apteka,19.548704,51.756225,Apteka Dla Zdrowia,1
apteka/1094,apteka,19.440569,51.770121,Na Strzelców,1
apteka/1095,apteka,19.413545,51.79247,Lawenda,1
apteka/1096,apteka,19.379809,51.80422,Apteka Dbam O Zdrowie,1
apteka/1097,apteka,19.49976,51.733466,Apteka A-Z Od Apteki Do Zdrowia,1
apteka/1098,apteka,19.404335,51.794268,Apteka U Kasi,1
apteka/1099,apteka,19.376119,51.797224,Apteka Nowa Naj,1
apteka/1100,apteka,19.395788,51.748343,Dbam o Zdrowie,1
apteka/1101,apteka,19.409336,51.751048,Apteka-Sieciowa,1
apteka/1102,apteka,19.317372,51.789742,,0
apteka/1103,apteka,19.320056,51.789805,Szlachetna,0
apteka/1104,apteka,19.316064,51.816181,,0
apteka/1105,apteka,19.316388,51.812741,Apteka Prima,0
apteka/1106,apteka,19.469678,51.728244,Dbam o Zdrowie,1
apteka/1107,apteka,19.379365,51.738717,Viola,1
supermarket/1108,supermarket,19.422129,51.788322,Netto,1
supermarket/1109,supermarket,19.469164,51.798814,E. Leclerc,1
supermarket/1110,supermarket,19.465364,51.79955,Netto,1
supermarket/1111,supermarket,19.458318,51.795806,Biedronka,1
supermarket/1112,supermarket,19.449891,51.778175,Biedronka,1
supermarket/1113,supermarket,19.406221,51.745417,Netto,1
supermarket/1114,supermarket,19.412166,51.74379,Stokrotka,1
supermarket/1115,supermarket,19.477282,51.737876,Lidl,1
supermarket/1116,supermarket,19.390496,51.797583,Carrefour Market,1
supermarket/1117,supermarket,19.388013,51.778112,Stokrotka,1
supermarket/1118,supermarket,19.380094,51.804758,Carrefour,1
supermarket/1119,supermarket,19.385093,51.798057,Lidl,1
supermarket/1120,supermarket,19.377024,51.800453,Biedronka,1
supermarket/1121,supermarket,19.3697,51.794305,Netto,1
supermarket/1122,supermarket,19.424,51.815136,Netto,1
supermarket/1123,supermarket,19.418146,51.818393,Supersam Samscan,1
supermarket/1124,supermarket,19.445991,51.791703,Kaufland,1
supermarket/1125,supermarket,19.434155,51.790449,Lidl,1
supermarket/1126,supermarket,19.460259,51.798077,Netto,1
supermarket/1127,supermarket,19.538458,51.75268,Biedronka,1
supermarket/1128,supermarket,19.504538,51.748652,Lidl,1
supermarket/1129,supermarket,19.404255,51.744412,Biedronka,1
supermarket/1130,supermarket,19.459975,51.75468,Biedronka,1
supermarket/1131,supermarket,19.389782,51.737632,Biedronka,1
supermarket/1132,supermarket,19.385259,51.743008,Netto,1
supermarket/1133,supermarket,19.481165,51.731707,Supersam Gama,1
supermarket/1134,supermarket,19.50166,51.735155,Carrefour Market,1
supermarket/1135,supermarket,19.469524,51.778624,Biedronka,1
supermarket/1136,supermarket,19.474179,51.742842,Carrefour Market,1
supermarket/1137,supermarket,19.46513,51.793449,Stokrotka,1
supermarket/1138,supermarket,19.453267,51.785096,Biedronka,1
supermarket/1139,supermarket,19.321297,51.81517,Lidl,0
supermarket/1140,supermarket,19.315194,51.816574,Społem,0
supermarket/1141,supermarket,19.317047,51.811402,InterMarche,0
supermarket/1142,supermarket,19.319327,51.808564,Stokrotka,0
supermarket/1143,supermarket,19.565935,51.745883,Biedronka,1
supermarket/1144,supermarket,19.561079,51.742333,Netto,1
supermarket/1145,supermarket,19.4744,51.716658,Biedronka,1
supermarket/1146,supermarket,19.325019,51.745685,Biedronka,0
supermarket/1147,supermarket,19.476823,51.714867,,1
supermarket/1148,supermarket,19.490656,51.778926,Biedronka,1
supermarket/1149,supermarket,19.505144,51.729722,Biedronka,1
supermarket/1150,supermarket,19.49318,51.720687,Carrefour Market,1
supermarket/1151,supermarket,19.351152,51.749327,Kaufland,0
supermarket/1152,supermarket,19.471826,51.777435,Lidl,1
supermarket/1153,supermarket,19.432201,51.773809,Netto,1
supermarket/1154,supermarket,19.42723,51.738222,Biedronka,1
supermarket/1155,supermarket,19.446547,51.770321,Biedronka,1
supermarket/1156,supermarket,19.454634,51.783919,Netto,1
supermarket/1157,supermarket,19.438167,51.744463,Kaufland,1
supermarket/1158,supermarket,19.31626,51.812853,PoloMarket,0
supermarket/1159,supermarket,19.470235,51.744598,Biedronka,1
supermarket/1160,supermarket,19.455684,51.757648,Biedronka,1
supermarket/1161,supermarket,19.537882,51.759453,ALDI,1
supermarket/1162,supermarket,19.398676,51.747524,ALDI,1
supermarket/1163,supermarket,19.318919,51.817344,ALDI,0
supermarket/1164,supermarket,19.400206,51.745952,Lidl,1
supermarket/1165,supermarket,19.505927,51.762232,Lidl,1
supermarket/1166,supermarket,19.491654,51.746343,Carrefour Market,1
supermarket/1167,supermarket,19.502796,51.751805,Carrefour,1
supermarket/1168,supermarket,19.441326,51.719027,Selgros,1
supermarket/1169,supermarket,19.441734,51.778836,Auchan,1
supermarket/1170,supermarket,19.449018,51.766717,Netto,1
supermarket/1171,supermarket,19.481353,51.771943,Netto,1
supermarket/1172,supermarket,19.412048,51.704165,Biedronka,1
supermarket/1173,supermarket,19.420347,51.778744,Lidl,1
supermarket/1174,supermarket,19.423978,51.77705,Stokrotka,1
supermarket/1175,supermarket,19.478264,51.710633,Lidl,1
supermarket/1176,supermarket,19.524816,51.791354,Dino,1
supermarket/1177,supermarket,19.590245,51.792441,Biedronka,1
supermarket/1178,supermarket,19.610381,51.742597,Biedronka,1
supermarket/1179,supermarket,19.422111,51.790106,ALDI,1
supermarket/1180,supermarket,19.592817,51.794242,Netto,1
supermarket/1181,supermarket,19.455749,51.792117,Lidl,1
supermarket/1182,supermarket,19.460764,51.783925,Biedronka,1
supermarket/1183,supermarket,19.442863,51.722426,Dino,1
supermarket/1184,supermarket,19.480384,51.73624,Kaufland,1
supermarket/1185,supermarket,19.388098,51.743846,Stokrotka,1
supermarket/1186,supermarket,19.440926,51.817038,Biedronka,1
supermarket/1187,supermarket,19.340064,51.811244,Dino,1
supermarket/1188,supermarket,19.502004,51.738939,Biedronka,1
supermarket/1189,supermarket,19.569761,51.739804,Biedronka,1
supermarket/1190,supermarket,19.439272,51.709463,Biedronka,1
supermarket/1191,supermarket,19.543873,51.713016,Dino,1
supermarket/1192,supermarket,19.467526,51.747311,Stokrotka,1
supermarket/1193,supermarket,19.479342,51.763562,Dino,1
supermarket/1194,supermarket,19.55331,51.74251,Lidl,1
supermarket/1195,supermarket,19.442428,51.837557,Delikatesy Centrum,0
supermarket/1196,supermarket,19.497909,51.728126,Stokrotka,1
supermarket/1197,supermarket,19.435546,51.824635,Netto,1
supermarket/1198,supermarket,19.39345,51.797212,ALDI,1
supermarket/1199,supermarket,19.533004,51.750999,Kaufland,1
supermarket/1200,supermarket,19.483126,51.749139,Biedronka,1
supermarket/1201,supermarket,19.44872,51.751337,Dino,1
supermarket/1202,supermarket,19.453256,51.742576,Lidl,1
supermarket/1203,supermarket,19.469707,51.737289,Aldi,1
supermarket/1204,supermarket,19.403607,51.682148,Biedronka,0
supermarket/1205,supermarket,19.408377,51.792588,Biedronka,1
supermarket/1206,supermarket,19.539389,51.761138,Netto,1
supermarket/1207,supermarket,19.441181,51.736988,ALDI,1
supermarket/1208,supermarket,19.47758,51.737446,Biedronka,1
supermarket/1209,supermarket,19.439917,51.838139,Żabka,0
supermarket/1210,supermarket,19.424023,51.741986,Lidl,1
supermarket/1211,supermarket,19.572322,51.795314,Dino,1
supermarket/1212,supermarket,19.3754,51.810882,Stokrotka,1
supermarket/1213,supermarket,19.461811,51.729685,Stokrotka,1
supermarket/1214,supermarket,19.384397,51.74849,Biedronka,1
supermarket/1215,supermarket,19.438621,51.792359,Biedronka,1
supermarket/1216,supermarket,19.468882,51.750869,Lidl,1
supermarket/1217,supermarket,19.458427,51.800172,Aldi,1
supermarket/1218,supermarket,19.44284,51.724883,Biedronka,1
supermarket/1219,supermarket,19.495978,51.718465,Biedronka,1
supermarket/1220,supermarket,19.442826,51.797628,Delikatesy Centrum,1
supermarket/1221,supermarket,19.391062,51.779533,Biedronka,1
supermarket/1222,supermarket,19.464342,51.732229,Biedronka,1
supermarket/1223,supermarket,19.443886,51.723212,Lidl,1
supermarket/1224,supermarket,19.508868,51.793274,ATAC Hiper Discount by Auchan,1
supermarket/1225,supermarket,19.469854,51.776974,Netto,1
supermarket/1226,supermarket,19.431002,51.819271,Stokrotka,1
supermarket/1227,supermarket,19.523028,51.775037,Biedronka,1
supermarket/1228,supermarket,19.47948,51.710292,Biedronka,1
supermarket/1229,supermarket,19.391822,51.788773,Biedronka,1
supermarket/1230,supermarket,19.473678,51.806846,Biedronka,1
supermarket/1231,supermarket,19.453685,51.735283,Biedronka,1
supermarket/1232,supermarket,19.505631,51.732985,Lidl,1
supermarket/1233,supermarket,19.431944,51.758322,Lidl,1
supermarket/1234,supermarket,19.428302,51.711936,Stokrotka,1
supermarket/1235,supermarket,19.588456,51.792296,Lidl,1
supermarket/1236,supermarket,19.393708,51.787583,Lidl,1
supermarket/1237,supermarket,19.48227,51.725585,Lidl,1
supermarket/1238,supermarket,19.638823,51.727326,Biedronka,0
supermarket/1239,supermarket,19.637214,51.725636,Delikatesy Centrum,0
supermarket/1240,supermarket,19.515116,51.79738,Biedronka,1
supermarket/1241,supermarket,19.413365,51.750046,Biedronka,1
supermarket/1242,supermarket,19.630482,51.71652,Dino,0
supermarket/1243,supermarket,19.453347,51.791632,Biedronka,1
supermarket/1244,supermarket,19.454276,51.726729,Lidl,1
supermarket/1245,supermarket,19.476447,51.799448,Lidl,1
supermarket/1246,supermarket,19.319463,51.807802,Dino,0
supermarket/1247,supermarket,19.497747,51.776765,Lidl,1
supermarket/1248,supermarket,19.433995,51.731526,Dino,1
supermarket/1249,supermarket,19.427578,51.809569,Lidl,1
supermarket/1250,supermarket,19.447216,51.766695,Lidl,1
supermarket/1251,supermarket,19.407385,51.736373,Stokrotka Market,1
supermarket/1252,supermarket,19.429105,51.827223,Lidl,1
supermarket/1253,supermarket,19.602583,51.744559,Dino,1
supermarket/1254,supermarket,19.535795,51.795544,ALDI,1
supermarket/1255,supermarket,19.641108,51.72773,Lidl,0
supermarket/1256,supermarket,19.399871,51.774049,Stokrotka,1
supermarket/1257,supermarket,19.532746,51.795497,Stokrotka,1
supermarket/1258,supermarket,19.380405,51.785009,ALDI,1
supermarket/1259,supermarket,19.432744,51.715797,ALDI,1
supermarket/1260,supermarket,19.552516,51.753855,Lidl,1
supermarket/1261,supermarket,19.322547,51.801707,Netto,0
supermarket/1262,supermarket,19.526551,51.760034,Stokrotka,1
supermarket/1263,supermarket,19.439944,51.824258,Biedronka,1
supermarket/1264,supermarket,19.43268,51.820428,Netto,1
supermarket/1265,supermarket,19.521954,51.761139,Biedronka,1
supermarket/1266,supermarket,19.438902,51.80616,Biedronka,1
supermarket/1267,supermarket,19.432658,51.807341,Sam-Scan,1
supermarket/1268,supermarket,19.460402,51.749848,Społem,1
supermarket/1269,supermarket,19.455016,51.765022,Stokrotka,1
supermarket/1270,supermarket,19.543912,51.757688,Biedronka,1
supermarket/1271,supermarket,19.54893,51.756224,Stokrotka,1
supermarket/1272,supermarket,19.529823,51.753561,Biedronka,1
supermarket/1273,supermarket,19.450484,51.789747,Biedronka,1
supermarket/1274,supermarket,19.534112,51.757035,Stokrotka,1
supermarket/1275,supermarket,19.421638,51.803147,Gust-Pol,1
supermarket/1276,supermarket,19.605942,51.74429,,1
supermarket/1277,supermarket,19.488731,51.743659,Biedronka,1
supermarket/1278,supermarket,19.402896,51.794707,Stokrotka,1
supermarket/1279,supermarket,19.384303,51.737253,Netto,1
supermarket/1280,supermarket,19.490273,51.859277,Sklep Spożywczy,0
supermarket/1281,supermarket,19.466041,51.739136,Biedronka,1
supermarket/1282,supermarket,19.440711,51.763749,Biedronka,1
supermarket/1283,supermarket,19.495286,51.735635,Primus,1
supermarket/1284,supermarket,19.495264,51.748024,Stokrotka,1
supermarket/1285,supermarket,19.441171,51.75028,Auchan,1
supermarket/1286,supermarket,19.479982,51.789716,Carrefour Express,1
supermarket/1287,supermarket,19.494936,51.765667,Auchan,1
supermarket/1288,supermarket,19.458308,51.765502,Biedronka,1
supermarket/1289,supermarket,19.538742,51.758113,Stokrotka,1
supermarket/1290,supermarket,19.469394,51.728072,Gama,1
supermarket/1291,supermarket,19.468749,51.729549,odido,1
supermarket/1292,supermarket,19.464705,51.758497,Lidl,1
supermarket/1293,supermarket,19.495985,51.719557,Eko,1
supermarket/1294,supermarket,19.419803,51.752736,Carrefour,1
supermarket/1295,supermarket,19.456855,51.799541,Delikatesy Ekologiczne,1
supermarket/1296,supermarket,19.441773,51.772063,Lazur,1
supermarket/1297,supermarket,19.491891,51.710437,Carrefour,1
supermarket/1298,supermarket,19.484262,51.781565,Lewiatan,1
supermarket/1299,supermarket,19.63358,51.728039,Stokrotka,0
supermarket/1300,supermarket,19.457715,51.758629,Społem,1
supermarket/1301,supermarket,19.316171,51.812605,Z Dymu,0
supermarket/1302,supermarket,19.475573,51.762163,Biedronka,1
supermarket/1303,supermarket,19.391071,51.789389,Dealz,1
supermarket/1304,supermarket,19.421699,51.803923,Eurospar,1
supermarket/1305,supermarket,19.434255,51.817515,Lidl,1
supermarket/1306,supermarket,19.548773,51.756371,Żabka,1
supermarket/1307,supermarket,19.489647,51.759735,Stokrotka,1
supermarket/1308,supermarket,19.487929,51.745145,Delikatesy Centrum,1
supermarket/1309,supermarket,19.461852,51.787459,Supersam,1
supermarket/1310,supermarket,19.320196,51.790109,Stokrotka,0
supermarket/1311,supermarket,19.500772,51.73685,Stokrotka Market,1
supermarket/1312,supermarket,19.471553,51.806209,Stokrotka Market,1
supermarket/1313,supermarket,19.420986,51.802077,Auchan Supermarket,1
supermarket/1314,supermarket,19.400402,51.743732,Delikatesy Centrum,1
supermarket/1315,supermarket,19.45756,51.82109,Delikatesy Centrum,1
supermarket/1316,supermarket,19.504652,51.763456,Delikatesy Centrum,1
supermarket/1317,supermarket,19.463053,51.756195,Botanika,1
supermarket/1318,supermarket,19.40279,51.79387,"Primus ,,JAGNA""",1
supermarket/1319,supermarket,19.320715,51.814,Biedronka,0
supermarket/1320,supermarket,19.455821,51.799269,Stokrotka,1
supermarket/1321,supermarket,19.459486,51.756743,Best Market,1
supermarket/1322,supermarket,19.448104,51.749367,Biedronka,1
sklep_osiedlowy/1323,sklep_osiedlowy,19.465365,51.730116,,1
sklep_osiedlowy/1324,sklep_osiedlowy,19.418711,51.818075,,1
sklep_osiedlowy/1325,sklep_osiedlowy,19.418599,51.818156,,1
sklep_osiedlowy/1326,sklep_osiedlowy,19.422854,51.792611,MOL,1
sklep_osiedlowy/1327,sklep_osiedlowy,19.392237,51.792775,Żabka,1
sklep_osiedlowy/1328,sklep_osiedlowy,19.451554,51.728029,,1
sklep_osiedlowy/1329,sklep_osiedlowy,19.46173,51.794879,Odido,1
sklep_osiedlowy/1330,sklep_osiedlowy,19.450592,51.759163,,1
sklep_osiedlowy/1331,sklep_osiedlowy,19.524525,51.760539,Żabka,1
sklep_osiedlowy/1332,sklep_osiedlowy,19.395276,51.747287,Sam-Scan,1
sklep_osiedlowy/1333,sklep_osiedlowy,19.398511,51.746821,Circle K,1
sklep_osiedlowy/1334,sklep_osiedlowy,19.319171,51.789686,Anika,0
sklep_osiedlowy/1335,sklep_osiedlowy,19.540777,51.760762,Żabka,1
sklep_osiedlowy/1336,sklep_osiedlowy,19.478552,51.77487,,1
sklep_osiedlowy/1337,sklep_osiedlowy,19.392015,51.787529,Shell,1
sklep_osiedlowy/1338,sklep_osiedlowy,19.382017,51.747318,,1
sklep_osiedlowy/1339,sklep_osiedlowy,19.386355,51.744188,Żabka,1
sklep_osiedlowy/1340,sklep_osiedlowy,19.564895,51.740949,,1
sklep_osiedlowy/1341,sklep_osiedlowy,19.562376,51.7414,Żabka,1
sklep_osiedlowy/1342,sklep_osiedlowy,19.499987,51.74727,,1
sklep_osiedlowy/1343,sklep_osiedlowy,19.338875,51.746842,Stop Cafe,0
sklep_osiedlowy/1344,sklep_osiedlowy,19.433748,51.722704,Żabka,1
sklep_osiedlowy/1345,sklep_osiedlowy,19.467696,51.800157,Amic,1
sklep_osiedlowy/1346,sklep_osiedlowy,19.487127,51.717872,Zielony ryneczek Kajtusia,1
sklep_osiedlowy/1347,sklep_osiedlowy,19.489552,51.760045,,1
sklep_osiedlowy/1348,sklep_osiedlowy,19.320473,51.809592,Stacja Paliw Orlen,0
sklep_osiedlowy/1349,sklep_osiedlowy,19.453277,51.727009,Żabka,1
sklep_osiedlowy/1350,sklep_osiedlowy,19.488229,51.755976,Rosa,1
sklep_osiedlowy/1351,sklep_osiedlowy,19.437011,51.81988,,1
sklep_osiedlowy/1352,sklep_osiedlowy,19.429568,51.8224,Żabka,1
sklep_osiedlowy/1353,sklep_osiedlowy,19.458104,51.72989,Żabka,1
sklep_osiedlowy/1354,sklep_osiedlowy,19.45983,51.729771,,1
sklep_osiedlowy/1355,sklep_osiedlowy,19.459893,51.729767,,1
sklep_osiedlowy/1356,sklep_osiedlowy,19.491559,51.732775,Żabka,1
sklep_osiedlowy/1357,sklep_osiedlowy,19.338174,51.747342,,0
sklep_osiedlowy/1358,sklep_osiedlowy,19.496779,51.743937,Żabka,1
sklep_osiedlowy/1359,sklep_osiedlowy,19.323959,51.744256,Iwonex,0
sklep_osiedlowy/1360,sklep_osiedlowy,19.500625,51.738849,Żabka,1
sklep_osiedlowy/1361,sklep_osiedlowy,19.613717,51.739822,Żabka,1
sklep_osiedlowy/1362,sklep_osiedlowy,19.450962,51.782769,,1
sklep_osiedlowy/1363,sklep_osiedlowy,19.358979,51.804965,Żabka,1
sklep_osiedlowy/1364,sklep_osiedlowy,19.416501,51.704153,Żabka,1
sklep_osiedlowy/1365,sklep_osiedlowy,19.465782,51.793049,Żabka,1
sklep_osiedlowy/1366,sklep_osiedlowy,19.424168,51.771367,Circle K,1
sklep_osiedlowy/1367,sklep_osiedlowy,19.415088,51.774614,Gama,1
sklep_osiedlowy/1368,sklep_osiedlowy,19.399581,51.774277,Żabka,1
sklep_osiedlowy/1369,sklep_osiedlowy,19.518687,51.783394,Delikatesy Premium,1
sklep_osiedlowy/1370,sklep_osiedlowy,19.509244,51.795987,Orlen,1
sklep_osiedlowy/1371,sklep_osiedlowy,19.510361,51.797176,Orlen,1
sklep_osiedlowy/1372,sklep_osiedlowy,19.514783,51.770896,Żabka,1
sklep_osiedlowy/1373,sklep_osiedlowy,19.539745,51.77458,Sklep spożywczo monopolowy,1
sklep_osiedlowy/1374,sklep_osiedlowy,19.531006,51.776571,Kiosk Spożywczo - Warzywny,1
sklep_osiedlowy/1375,sklep_osiedlowy,19.589324,51.792468,Stary Młyn Piekarski,1
sklep_osiedlowy/1376,sklep_osiedlowy,19.489402,51.718259,Śnieżka,1
sklep_osiedlowy/1377,sklep_osiedlowy,19.380048,51.779904,Delikatesy Chili,1
sklep_osiedlowy/1378,sklep_osiedlowy,19.419565,51.702809,AMIC Energy,1
sklep_osiedlowy/1379,sklep_osiedlowy,19.347574,51.790135,Minimarket,0
sklep_osiedlowy/1380,sklep_osiedlowy,19.390097,51.739463,,1
sklep_osiedlowy/1381,sklep_osiedlowy,19.435195,51.819466,Małgosia,1
sklep_osiedlowy/1382,sklep_osiedlowy,19.451261,51.793817,Żabka,1
sklep_osiedlowy/1383,sklep_osiedlowy,19.499628,51.747312,,1
sklep_osiedlowy/1384,sklep_osiedlowy,19.498824,51.748484,Żabka,1
sklep_osiedlowy/1385,sklep_osiedlowy,19.407759,51.744815,Na Górce,1
sklep_osiedlowy/1386,sklep_osiedlowy,19.483744,51.733633,Żabka,1
sklep_osiedlowy/1387,sklep_osiedlowy,19.474775,51.799347,Żabka,1
sklep_osiedlowy/1388,sklep_osiedlowy,19.467012,51.80531,Żabka,1
sklep_osiedlowy/1389,sklep_osiedlowy,19.562872,51.742769,,1
sklep_osiedlowy/1390,sklep_osiedlowy,19.426749,51.820426,Motylek,1
sklep_osiedlowy/1391,sklep_osiedlowy,19.330185,51.749495,,0
sklep_osiedlowy/1392,sklep_osiedlowy,19.561345,51.737742,,1
sklep_osiedlowy/1393,sklep_osiedlowy,19.330489,51.748286,,0
sklep_osiedlowy/1394,sklep_osiedlowy,19.447558,51.791886,Circle K,1
sklep_osiedlowy/1395,sklep_osiedlowy,19.448941,51.797622,Żabka,1
sklep_osiedlowy/1396,sklep_osiedlowy,19.568331,51.743845,Majka,1
sklep_osiedlowy/1397,sklep_osiedlowy,19.499974,51.747544,,1
sklep_osiedlowy/1398,sklep_osiedlowy,19.460016,51.794649,Żabka,1
sklep_osiedlowy/1399,sklep_osiedlowy,19.427998,51.825613,,1
sklep_osiedlowy/1400,sklep_osiedlowy,19.571613,51.742149,,1
sklep_osiedlowy/1401,sklep_osiedlowy,19.509061,51.795977,Orlen,1
sklep_osiedlowy/1402,sklep_osiedlowy,19.510367,51.797001,Orlen,1
sklep_osiedlowy/1403,sklep_osiedlowy,19.571386,51.753427,Merci,1
sklep_osiedlowy/1404,sklep_osiedlowy,19.54416,51.711905,,1
sklep_osiedlowy/1405,sklep_osiedlowy,19.425586,51.752028,,1
sklep_osiedlowy/1406,sklep_osiedlowy,19.392712,51.796986,Żabka,1
sklep_osiedlowy/1407,sklep_osiedlowy,19.413148,51.746452,Bartuś,1
sklep_osiedlowy/1408,sklep_osiedlowy,19.539895,51.760567,Kiosk,1
sklep_osiedlowy/1409,sklep_osiedlowy,19.37118,51.801064,,1
sklep_osiedlowy/1410,sklep_osiedlowy,19.567342,51.747171,,1
sklep_osiedlowy/1411,sklep_osiedlowy,19.495523,51.719047,,1
sklep_osiedlowy/1412,sklep_osiedlowy,19.487079,51.713883,,1
sklep_osiedlowy/1413,sklep_osiedlowy,19.397455,51.739461,,1
sklep_osiedlowy/1414,sklep_osiedlowy,19.422953,51.749787,Pamso SA,1
sklep_osiedlowy/1415,sklep_osiedlowy,19.482175,51.715427,,1
sklep_osiedlowy/1416,sklep_osiedlowy,19.589323,51.7516,,1
sklep_osiedlowy/1417,sklep_osiedlowy,19.480257,51.779136,Kalafiorek,1
sklep_osiedlowy/1418,sklep_osiedlowy,19.496607,51.774,,1
sklep_osiedlowy/1419,sklep_osiedlowy,19.534618,51.796208,Żabka,1
sklep_osiedlowy/1420,sklep_osiedlowy,19.523818,51.796886,Żabka,1
sklep_osiedlowy/1421,sklep_osiedlowy,19.488838,51.716328,Żabka,1
sklep_osiedlowy/1422,sklep_osiedlowy,19.475378,51.847098,,1
sklep_osiedlowy/1423,sklep_osiedlowy,19.316822,51.789413,Delikatesy Centrum,0
sklep_osiedlowy/1424,sklep_osiedlowy,19.316944,51.82103,,0
sklep_osiedlowy/1425,sklep_osiedlowy,19.319506,51.815302,Groszek,0
sklep_osiedlowy/1426,sklep_osiedlowy,19.316479,51.8158,Pychotka,0
sklep_osiedlowy/1427,sklep_osiedlowy,19.554921,51.758326,Orlen,1
sklep_osiedlowy/1428,sklep_osiedlowy,19.486732,51.811743,Sklep ogólnospożywczy,1
sklep_osiedlowy/1429,sklep_osiedlowy,19.486093,51.813384,Żabka,1
sklep_osiedlowy/1430,sklep_osiedlowy,19.487669,51.869365,,0
sklep_osiedlowy/1431,sklep_osiedlowy,19.486663,51.733786,,1
sklep_osiedlowy/1432,sklep_osiedlowy,19.428089,51.711657,Grot - Czarnocin,1
sklep_osiedlowy/1433,sklep_osiedlowy,19.482373,51.73258,"Sklep Spożywczy ""Dorotka""",1
sklep_osiedlowy/1434,sklep_osiedlowy,19.434557,51.797895,Żabka,1
sklep_osiedlowy/1435,sklep_osiedlowy,19.402439,51.750432,,1
sklep_osiedlowy/1436,sklep_osiedlowy,19.645441,51.733432,Betti,0
sklep_osiedlowy/1437,sklep_osiedlowy,19.638496,51.738365,U Reni,0
sklep_osiedlowy/1438,sklep_osiedlowy,19.628727,51.714535,GS Jedynka,0
sklep_osiedlowy/1439,sklep_osiedlowy,19.625114,51.709249,,0
sklep_osiedlowy/1440,sklep_osiedlowy,19.626113,51.710844,,0
sklep_osiedlowy/1441,sklep_osiedlowy,19.633411,51.742705,Blanka,0
sklep_osiedlowy/1442,sklep_osiedlowy,19.619056,51.702308,,0
sklep_osiedlowy/1443,sklep_osiedlowy,19.619735,51.702937,Justynka,0
sklep_osiedlowy/1444,sklep_osiedlowy,19.4095,51.738877,Żabka,1
sklep_osiedlowy/1445,sklep_osiedlowy,19.386731,51.744002,Żabka,1
sklep_osiedlowy/1446,sklep_osiedlowy,19.562765,51.738815,Stokrotka,1
sklep_osiedlowy/1447,sklep_osiedlowy,19.543251,51.835633,AVIA Grupa Pieprzyk,1
sklep_osiedlowy/1448,sklep_osiedlowy,19.488476,51.743524,Żabka,1
sklep_osiedlowy/1449,sklep_osiedlowy,19.476128,51.781006,Żabka,1
sklep_osiedlowy/1450,sklep_osiedlowy,19.452189,51.711837,Żabka,1
sklep_osiedlowy/1451,sklep_osiedlowy,19.481775,51.731974,,1
sklep_osiedlowy/1452,sklep_osiedlowy,19.384803,51.77781,Żabka,1
sklep_osiedlowy/1453,sklep_osiedlowy,19.524531,51.791989,Żabka,1
sklep_osiedlowy/1454,sklep_osiedlowy,19.436776,51.757751,Żabka,1
sklep_osiedlowy/1455,sklep_osiedlowy,19.458208,51.755791,Sklep Tu Kupisz Wszystko,1
sklep_osiedlowy/1456,sklep_osiedlowy,19.639842,51.72454,,0
sklep_osiedlowy/1457,sklep_osiedlowy,19.639338,51.72567,Kasia,0
sklep_osiedlowy/1458,sklep_osiedlowy,19.428299,51.785821,Agatka s.c.11,1
sklep_osiedlowy/1459,sklep_osiedlowy,19.448536,51.787018,Sklep spożywczy PSS Społem,1
sklep_osiedlowy/1460,sklep_osiedlowy,19.448067,51.787085,Delikatesy „Witaj”,1
sklep_osiedlowy/1461,sklep_osiedlowy,19.636163,51.726648,Premium Delikatesy - Jaś,0
sklep_osiedlowy/1462,sklep_osiedlowy,19.637508,51.725026,Świat Owoców i Warzyw,0
sklep_osiedlowy/1463,sklep_osiedlowy,19.475426,51.763937,Żabka,1
sklep_osiedlowy/1464,sklep_osiedlowy,19.442038,51.760235,Sklep spożywczy ABC,1
sklep_osiedlowy/1465,sklep_osiedlowy,19.458335,51.784177,Żabka,1
sklep_osiedlowy/1466,sklep_osiedlowy,19.475579,51.76701,Żabka,1
sklep_osiedlowy/1467,sklep_osiedlowy,19.444741,51.764564,Żabka,1
sklep_osiedlowy/1468,sklep_osiedlowy,19.443803,51.769397,Jawex,1
sklep_osiedlowy/1469,sklep_osiedlowy,19.471355,51.755349,Żabka,1
sklep_osiedlowy/1470,sklep_osiedlowy,19.449869,51.764718,Żabka,1
sklep_osiedlowy/1471,sklep_osiedlowy,19.485004,51.780563,Żabka,1
sklep_osiedlowy/1472,sklep_osiedlowy,19.482094,51.753764,Delikatesy Fabryczne,1
sklep_osiedlowy/1473,sklep_osiedlowy,19.433702,51.798001,groszek,1
sklep_osiedlowy/1474,sklep_osiedlowy,19.44772,51.776641,Żabka,1
sklep_osiedlowy/1475,sklep_osiedlowy,19.460898,51.747518,Żabka,1
sklep_osiedlowy/1476,sklep_osiedlowy,19.433038,51.794888,Żabka,1
sklep_osiedlowy/1477,sklep_osiedlowy,19.484968,51.755929,Warzywniak Owoce i Warzywa,1
sklep_osiedlowy/1478,sklep_osiedlowy,19.486182,51.719361,Żabka,1
sklep_osiedlowy/1479,sklep_osiedlowy,19.45646,51.769612,Żabka,1
sklep_osiedlowy/1480,sklep_osiedlowy,19.423488,51.727342,Odido,1
sklep_osiedlowy/1481,sklep_osiedlowy,19.432498,51.79495,Gama Mini,1
sklep_osiedlowy/1482,sklep_osiedlowy,19.365724,51.849588,,0
sklep_osiedlowy/1483,sklep_osiedlowy,19.454357,51.744351,,1
sklep_osiedlowy/1484,sklep_osiedlowy,19.440371,51.788909,U Gosi,1
sklep_osiedlowy/1485,sklep_osiedlowy,19.443674,51.787623,Żabka,1
sklep_osiedlowy/1486,sklep_osiedlowy,19.44315,51.736652,Żabka,1
sklep_osiedlowy/1487,sklep_osiedlowy,19.456807,51.766228,Żabka,1
sklep_osiedlowy/1488,sklep_osiedlowy,19.392062,51.783564,Żabka,1
sklep_osiedlowy/1489,sklep_osiedlowy,19.539939,51.759743,Żabka,1
sklep_osiedlowy/1490,sklep_osiedlowy,19.472497,51.760271,Sklep spożywczy,1
sklep_osiedlowy/1491,sklep_osiedlowy,19.503018,51.733412,Livio,1
sklep_osiedlowy/1492,sklep_osiedlowy,19.394666,51.797,Żabka,1
sklep_osiedlowy/1493,sklep_osiedlowy,19.452673,51.752062,Żabka,1
sklep_osiedlowy/1494,sklep_osiedlowy,19.462656,51.766216,Żabka,1
sklep_osiedlowy/1495,sklep_osiedlowy,19.458612,51.770932,Carrefour Express,1
sklep_osiedlowy/1496,sklep_osiedlowy,19.433457,51.798022,Eko Bene,1
sklep_osiedlowy/1497,sklep_osiedlowy,19.456809,51.799228,Żabka,1
sklep_osiedlowy/1498,sklep_osiedlowy,19.452787,51.799532,Żabka,1
sklep_osiedlowy/1499,sklep_osiedlowy,19.389103,51.778399,Delicatesy Ekio,1
sklep_osiedlowy/1500,sklep_osiedlowy,19.626197,51.711797,Żabka,0
sklep_osiedlowy/1501,sklep_osiedlowy,19.446615,51.767544,Barszcz Ukraiński,1
sklep_osiedlowy/1502,sklep_osiedlowy,19.407823,51.748281,Żabka,1
sklep_osiedlowy/1503,sklep_osiedlowy,19.418868,51.79232,Żabka,1
sklep_osiedlowy/1504,sklep_osiedlowy,19.394927,51.798073,Żabka,1
sklep_osiedlowy/1505,sklep_osiedlowy,19.466786,51.748295,Żabka,1
sklep_osiedlowy/1506,sklep_osiedlowy,19.457262,51.759599,Żabka,1
sklep_osiedlowy/1507,sklep_osiedlowy,19.448531,51.773267,Żabka,1
sklep_osiedlowy/1508,sklep_osiedlowy,19.476476,51.721142,Żabka,1
sklep_osiedlowy/1509,sklep_osiedlowy,19.6032,51.704004,O! Shop,1
sklep_osiedlowy/1510,sklep_osiedlowy,19.637949,51.725159,,0
sklep_osiedlowy/1511,sklep_osiedlowy,19.443485,51.743642,Żabka,1
sklep_osiedlowy/1512,sklep_osiedlowy,19.470451,51.761985,Żabka,1
sklep_osiedlowy/1513,sklep_osiedlowy,19.459162,51.755461,Żabka,1
sklep_osiedlowy/1514,sklep_osiedlowy,19.460682,51.759131,Żabka,1
sklep_osiedlowy/1515,sklep_osiedlowy,19.41316,51.777819,Żabka,1
sklep_osiedlowy/1516,sklep_osiedlowy,19.441436,51.764355,Delikatesy Centrum,1
sklep_osiedlowy/1517,sklep_osiedlowy,19.485463,51.718707,Żabka,1
sklep_osiedlowy/1518,sklep_osiedlowy,19.439723,51.704447,Odido,1
sklep_osiedlowy/1519,sklep_osiedlowy,19.534672,51.756769,Żabka,1
sklep_osiedlowy/1520,sklep_osiedlowy,19.529853,51.753859,,1
sklep_osiedlowy/1521,sklep_osiedlowy,19.449102,51.76493,,1
sklep_osiedlowy/1522,sklep_osiedlowy,19.470971,51.770875,Żabka,1
sklep_osiedlowy/1523,sklep_osiedlowy,19.475385,51.73097,Żabka,1
sklep_osiedlowy/1524,sklep_osiedlowy,19.43329,51.726735,,1
sklep_osiedlowy/1525,sklep_osiedlowy,19.482594,51.697366,,1
sklep_osiedlowy/1526,sklep_osiedlowy,19.45107,51.759397,Żabka,1
sklep_osiedlowy/1527,sklep_osiedlowy,19.446568,51.761514,Pod Nosem,1
sklep_osiedlowy/1528,sklep_osiedlowy,19.493733,51.691574,Kar-Ola,0
sklep_osiedlowy/1529,sklep_osiedlowy,19.458682,51.757522,Żabka,1
sklep_osiedlowy/1530,sklep_osiedlowy,19.463376,51.742406,Żabka,1
sklep_osiedlowy/1531,sklep_osiedlowy,19.431094,51.822057,Żabka,1
sklep_osiedlowy/1532,sklep_osiedlowy,19.426471,51.787238,Żabka,1
sklep_osiedlowy/1533,sklep_osiedlowy,19.423397,51.788295,Odido,1
sklep_osiedlowy/1534,sklep_osiedlowy,19.493759,51.778668,Żabka,1
sklep_osiedlowy/1535,sklep_osiedlowy,19.466286,51.775157,Żabka,1
sklep_osiedlowy/1536,sklep_osiedlowy,19.376162,51.800685,,1
sklep_osiedlowy/1537,sklep_osiedlowy,19.451544,51.769782,Zdrowa Chatka,1
sklep_osiedlowy/1538,sklep_osiedlowy,19.490653,51.729419,Żabka,1
sklep_osiedlowy/1539,sklep_osiedlowy,19.563908,51.827344,,0
sklep_osiedlowy/1540,sklep_osiedlowy,19.374938,51.800006,Żabka,1
sklep_osiedlowy/1541,sklep_osiedlowy,19.428809,51.71105,Żabka,1
sklep_osiedlowy/1542,sklep_osiedlowy,19.455805,51.772607,Na Gramy,1
sklep_osiedlowy/1543,sklep_osiedlowy,19.447966,51.775344,abc,1
sklep_osiedlowy/1544,sklep_osiedlowy,19.442475,51.764174,Żabka,1
sklep_osiedlowy/1545,sklep_osiedlowy,19.590585,51.793344,Żabka,1
sklep_osiedlowy/1546,sklep_osiedlowy,19.329245,51.746974,Żabka,0
sklep_osiedlowy/1547,sklep_osiedlowy,19.375991,51.796259,Jędrek Delikatesy,1
sklep_osiedlowy/1548,sklep_osiedlowy,19.44139,51.774244,Delikatesy Centrum,1
sklep_osiedlowy/1549,sklep_osiedlowy,19.48077,51.729334,Primus,1
sklep_osiedlowy/1550,sklep_osiedlowy,19.479203,51.731487,Delikatesy Harnaś,1
sklep_osiedlowy/1551,sklep_osiedlowy,19.488496,51.736454,Żabka,1
sklep_osiedlowy/1552,sklep_osiedlowy,19.49263,51.761951,Nasz Sklep,1
sklep_osiedlowy/1553,sklep_osiedlowy,19.473743,51.791639,Żabka,1
sklep_osiedlowy/1554,sklep_osiedlowy,19.473726,51.79147,Witaj Sklep Ogólnospożywczy,1
sklep_osiedlowy/1555,sklep_osiedlowy,19.484186,51.737075,Delikatesy LAZUR,1
sklep_osiedlowy/1556,sklep_osiedlowy,19.485605,51.736913,Żabka,1
sklep_osiedlowy/1557,sklep_osiedlowy,19.476633,51.691091,Żabka,0
sklep_osiedlowy/1558,sklep_osiedlowy,19.453899,51.776402,Żabka,1
sklep_osiedlowy/1559,sklep_osiedlowy,19.489979,51.750611,Żabka,1
sklep_osiedlowy/1560,sklep_osiedlowy,19.463959,51.775595,Żabka,1
sklep_osiedlowy/1561,sklep_osiedlowy,19.444717,51.767851,Żabka,1
sklep_osiedlowy/1562,sklep_osiedlowy,19.471408,51.766926,Żabka,1
sklep_osiedlowy/1563,sklep_osiedlowy,19.46591,51.766374,,1
sklep_osiedlowy/1564,sklep_osiedlowy,19.414043,51.752103,Żabka,1
sklep_osiedlowy/1565,sklep_osiedlowy,19.382954,51.779528,Żabka,1
sklep_osiedlowy/1566,sklep_osiedlowy,19.49562,51.764964,Intersmak,1
sklep_osiedlowy/1567,sklep_osiedlowy,19.499362,51.780033,Żabka,1
sklep_osiedlowy/1568,sklep_osiedlowy,19.322926,51.808177,Żabka,1
sklep_osiedlowy/1569,sklep_osiedlowy,19.474267,51.766912,Rosa,1
sklep_osiedlowy/1570,sklep_osiedlowy,19.476458,51.790398,Żabka,1
sklep_osiedlowy/1571,sklep_osiedlowy,19.431215,51.790297,Żabka,1
sklep_osiedlowy/1572,sklep_osiedlowy,19.429025,51.780444,Primus,1
sklep_osiedlowy/1573,sklep_osiedlowy,19.376511,51.786767,Żabka,1
sklep_osiedlowy/1574,sklep_osiedlowy,19.438209,51.726577,U Lecha,1
sklep_osiedlowy/1575,sklep_osiedlowy,19.437878,51.72695,Carrefour Express,1
sklep_osiedlowy/1576,sklep_osiedlowy,19.45739,51.801621,Żabka,1
sklep_osiedlowy/1577,sklep_osiedlowy,19.486794,51.761418,Żabka,1
sklep_osiedlowy/1578,sklep_osiedlowy,19.386362,51.778071,,1
sklep_osiedlowy/1579,sklep_osiedlowy,19.476786,51.792477,Lewiatan,1
sklep_osiedlowy/1580,sklep_osiedlowy,19.46132,51.748216,Żabka,1
sklep_osiedlowy/1581,sklep_osiedlowy,19.522067,51.783054,Żabka,1
sklep_osiedlowy/1582,sklep_osiedlowy,19.447172,51.794204,Żabka,1
sklep_osiedlowy/1583,sklep_osiedlowy,19.481504,51.732511,Żabka,1
sklep_osiedlowy/1584,sklep_osiedlowy,19.484508,51.79244,Delikatesy,1
sklep_osiedlowy/1585,sklep_osiedlowy,19.477972,51.810023,Odido,1
sklep_osiedlowy/1586,sklep_osiedlowy,19.457853,51.763446,Żabka,1
sklep_osiedlowy/1587,sklep_osiedlowy,19.524677,51.753705,Żabka,1
sklep_osiedlowy/1588,sklep_osiedlowy,19.447903,51.762249,Żabka,1
sklep_osiedlowy/1589,sklep_osiedlowy,19.396559,51.780253,Żabka,1
sklep_osiedlowy/1590,sklep_osiedlowy,19.438718,51.78512,Dynia,1
sklep_osiedlowy/1591,sklep_osiedlowy,19.420024,51.817206,Delikatesy Centrum,1
sklep_osiedlowy/1592,sklep_osiedlowy,19.458803,51.771378,Żabka,1
sklep_osiedlowy/1593,sklep_osiedlowy,19.531206,51.776533,Żabka,1
sklep_osiedlowy/1594,sklep_osiedlowy,19.493978,51.732598,Żabka,1
sklep_osiedlowy/1595,sklep_osiedlowy,19.41296,51.756002,Carrefour Express,1
sklep_osiedlowy/1596,sklep_osiedlowy,19.460943,51.729737,Żabka,1
sklep_osiedlowy/1597,sklep_osiedlowy,19.426133,51.785317,Żabka,1
sklep_osiedlowy/1598,sklep_osiedlowy,19.439441,51.765798,Żabka,1
sklep_osiedlowy/1599,sklep_osiedlowy,19.487577,51.728259,Żabka,1
sklep_osiedlowy/1600,sklep_osiedlowy,19.561224,51.816091,Lewiatan Expres,0
sklep_osiedlowy/1601,sklep_osiedlowy,19.443095,51.760396,Żabka,1
sklep_osiedlowy/1602,sklep_osiedlowy,19.323401,51.805335,Delikatesy RAFKO,1
sklep_osiedlowy/1603,sklep_osiedlowy,19.439295,51.760001,Żabka,1
sklep_osiedlowy/1604,sklep_osiedlowy,19.452382,51.774261,Hut Bazar - Real Taste of Asia,1
sklep_osiedlowy/1605,sklep_osiedlowy,19.46768,51.761967,Stokrotka Express,1
sklep_osiedlowy/1606,sklep_osiedlowy,19.439015,51.699774,Żabka,1
sklep_osiedlowy/1607,sklep_osiedlowy,19.385334,51.793888,Gama,1
sklep_osiedlowy/1608,sklep_osiedlowy,19.476282,51.778559,Żabka,1
sklep_osiedlowy/1609,sklep_osiedlowy,19.452871,51.765259,Żabka,1
sklep_osiedlowy/1610,sklep_osiedlowy,19.458382,51.788259,Żabka,1
sklep_osiedlowy/1611,sklep_osiedlowy,19.407366,51.734407,Żabka,1
sklep_osiedlowy/1612,sklep_osiedlowy,19.450622,51.776329,Żabka,1
sklep_osiedlowy/1613,sklep_osiedlowy,19.4135,51.755331,Żabka,1
sklep_osiedlowy/1614,sklep_osiedlowy,19.542014,51.77875,Żabka,1
sklep_osiedlowy/1615,sklep_osiedlowy,19.495039,51.719046,Żabka,1
sklep_osiedlowy/1616,sklep_osiedlowy,19.406533,51.734954,Żabka,1
sklep_osiedlowy/1617,sklep_osiedlowy,19.468323,51.766561,Żabka,1
sklep_osiedlowy/1618,sklep_osiedlowy,19.542859,51.762857,,1
sklep_osiedlowy/1619,sklep_osiedlowy,19.443136,51.76949,Żabka,1
sklep_osiedlowy/1620,sklep_osiedlowy,19.537989,51.722182,Biedronka,1
sklep_osiedlowy/1621,sklep_osiedlowy,19.457709,51.763995,Żabka,1
sklep_osiedlowy/1622,sklep_osiedlowy,19.390139,51.785928,Żabka,1
sklep_osiedlowy/1623,sklep_osiedlowy,19.574117,51.770474,Sklep spożywczo - monopolowy,1
sklep_osiedlowy/1624,sklep_osiedlowy,19.494796,51.729455,Żabka,1
sklep_osiedlowy/1625,sklep_osiedlowy,19.529897,51.758412,Żabka,1
sklep_osiedlowy/1626,sklep_osiedlowy,19.452935,51.783226,Żabka,1
sklep_osiedlowy/1627,sklep_osiedlowy,19.506067,51.763933,Primus,1
sklep_osiedlowy/1628,sklep_osiedlowy,19.435477,51.704704,Żabka,1
sklep_osiedlowy/1629,sklep_osiedlowy,19.45592,51.771991,Żabka,1
sklep_osiedlowy/1630,sklep_osiedlowy,19.453809,51.770503,Żabka,1
sklep_osiedlowy/1631,sklep_osiedlowy,19.552149,51.759424,,1
sklep_osiedlowy/1632,sklep_osiedlowy,19.549257,51.757779,Damian,1
sklep_osiedlowy/1633,sklep_osiedlowy,19.456417,51.769819,Stokrotka,1
sklep_osiedlowy/1634,sklep_osiedlowy,19.413586,51.687761,Żabka,0
sklep_osiedlowy/1635,sklep_osiedlowy,19.455013,51.768526,Żabka,1
sklep_osiedlowy/1636,sklep_osiedlowy,19.37785,51.742947,Frajda,1
sklep_osiedlowy/1637,sklep_osiedlowy,19.475911,51.721642,Sklep spożywczy „Kajtuś”,1
sklep_osiedlowy/1638,sklep_osiedlowy,19.408797,51.746796,Ardeks,1
sklep_osiedlowy/1639,sklep_osiedlowy,19.40085,51.750024,Zbyszek,1
sklep_osiedlowy/1640,sklep_osiedlowy,19.475056,51.718011,Warzywniak,1
sklep_osiedlowy/1641,sklep_osiedlowy,19.476892,51.718378,Sklep spożywczy,1
sklep_osiedlowy/1642,sklep_osiedlowy,19.477214,51.718517,Warzywniak,1
sklep_osiedlowy/1643,sklep_osiedlowy,19.477375,51.718577,Kaja - sklep spożywczy,1
sklep_osiedlowy/1644,sklep_osiedlowy,19.48801,51.728503,,1
sklep_osiedlowy/1645,sklep_osiedlowy,19.41753,51.786936,Sam-Scan,1
sklep_osiedlowy/1646,sklep_osiedlowy,19.41956,51.78984,Delikatesy pod zegarem,1
sklep_osiedlowy/1647,sklep_osiedlowy,19.410325,51.738457,,1
sklep_osiedlowy/1648,sklep_osiedlowy,19.410516,51.738352,Zieleniak,1
sklep_osiedlowy/1649,sklep_osiedlowy,19.433412,51.759742,Żabka,1
sklep_osiedlowy/1650,sklep_osiedlowy,19.639099,51.72541,Żabka,0
sklep_osiedlowy/1651,sklep_osiedlowy,19.453874,51.794923,Primus,1
sklep_osiedlowy/1652,sklep_osiedlowy,19.451948,51.793511,,1
sklep_osiedlowy/1653,sklep_osiedlowy,19.433211,51.75968,Sklep „Społem”,1
sklep_osiedlowy/1654,sklep_osiedlowy,19.470705,51.755615,sklep spożywczy,1
sklep_osiedlowy/1655,sklep_osiedlowy,19.479122,51.703313,Pokusa,1
sklep_osiedlowy/1656,sklep_osiedlowy,19.478131,51.704144,,1
sklep_osiedlowy/1657,sklep_osiedlowy,19.403525,51.683007,,0
sklep_osiedlowy/1658,sklep_osiedlowy,19.494046,51.747458,,1
sklep_osiedlowy/1659,sklep_osiedlowy,19.434574,51.807367,,1
sklep_osiedlowy/1660,sklep_osiedlowy,19.566111,51.754213,Primus,1
sklep_osiedlowy/1661,sklep_osiedlowy,19.477668,51.704178,Żabka,1
sklep_osiedlowy/1662,sklep_osiedlowy,19.42985,51.807472,U Kasi,1
sklep_osiedlowy/1663,sklep_osiedlowy,19.571033,51.749199,Merci,1
sklep_osiedlowy/1664,sklep_osiedlowy,19.507931,51.763107,Żabka,1
sklep_osiedlowy/1665,sklep_osiedlowy,19.395458,51.805868,Żabka,1
sklep_osiedlowy/1666,sklep_osiedlowy,19.474157,51.732719,Żabka,1
sklep_osiedlowy/1667,sklep_osiedlowy,19.429195,51.776547,,1
sklep_osiedlowy/1668,sklep_osiedlowy,19.410325,51.738295,,1
sklep_osiedlowy/1669,sklep_osiedlowy,19.427186,51.773649,Aduś Alkohole,1
sklep_osiedlowy/1670,sklep_osiedlowy,19.462014,51.773319,Polskie Smaki,1
sklep_osiedlowy/1671,sklep_osiedlowy,19.480207,51.716231,Mati,1
sklep_osiedlowy/1672,sklep_osiedlowy,19.570946,51.74042,,1
sklep_osiedlowy/1673,sklep_osiedlowy,19.429049,51.711353,,1
sklep_osiedlowy/1674,sklep_osiedlowy,19.427522,51.711089,Gama,1
sklep_osiedlowy/1675,sklep_osiedlowy,19.480455,51.7054,,1
sklep_osiedlowy/1676,sklep_osiedlowy,19.488936,51.709827,BP,1
sklep_osiedlowy/1677,sklep_osiedlowy,19.39919,51.690873,,0
sklep_osiedlowy/1678,sklep_osiedlowy,19.401201,51.683307,,0
sklep_osiedlowy/1679,sklep_osiedlowy,19.409479,51.695129,,1
sklep_osiedlowy/1680,sklep_osiedlowy,19.402548,51.682977,Żabka,0
sklep_osiedlowy/1681,sklep_osiedlowy,19.509914,51.765288,eLDe,1
sklep_osiedlowy/1682,sklep_osiedlowy,19.467482,51.73006,Netto,1
sklep_osiedlowy/1683,sklep_osiedlowy,19.414601,51.786281,Odido,1
sklep_osiedlowy/1684,sklep_osiedlowy,19.510001,51.765118,,1
sklep_osiedlowy/1685,sklep_osiedlowy,19.418489,51.692519,Dar Teściowej,1
sklep_osiedlowy/1686,sklep_osiedlowy,19.424415,51.74904,Bułeczka,1
sklep_osiedlowy/1687,sklep_osiedlowy,19.458169,51.729537,,1
sklep_osiedlowy/1688,sklep_osiedlowy,19.422096,51.749639,Żabka,1
sklep_osiedlowy/1689,sklep_osiedlowy,19.410107,51.751281,Żabka,1
sklep_osiedlowy/1690,sklep_osiedlowy,19.425428,51.751883,Żabka,1
sklep_osiedlowy/1691,sklep_osiedlowy,19.422422,51.749272,Żabka,1
sklep_osiedlowy/1692,sklep_osiedlowy,19.448236,51.731772,,1
sklep_osiedlowy/1693,sklep_osiedlowy,19.448096,51.730726,,1
sklep_osiedlowy/1694,sklep_osiedlowy,19.408442,51.750234,Mini Delikatesik,1
sklep_osiedlowy/1695,sklep_osiedlowy,19.432143,51.770955,Margo,1
sklep_osiedlowy/1696,sklep_osiedlowy,19.412907,51.774032,,1
sklep_osiedlowy/1697,sklep_osiedlowy,19.437927,51.770819,Artykuły spożywcze,1
sklep_osiedlowy/1698,sklep_osiedlowy,19.394615,51.796149,Żabka,1
sklep_osiedlowy/1699,sklep_osiedlowy,19.394413,51.795684,Primus,1
sklep_osiedlowy/1700,sklep_osiedlowy,19.452653,51.778615,Żabka,1
sklep_osiedlowy/1701,sklep_osiedlowy,19.467478,51.754475,,1
sklep_osiedlowy/1702,sklep_osiedlowy,19.445346,51.796501,Żabka,1
sklep_osiedlowy/1703,sklep_osiedlowy,19.458074,51.772782,Żabka,1
sklep_osiedlowy/1704,sklep_osiedlowy,19.422519,51.785107,,1
sklep_osiedlowy/1705,sklep_osiedlowy,19.620541,51.703196,Sklep Spożywczo-Przemysłowy,0
sklep_osiedlowy/1706,sklep_osiedlowy,19.427801,51.776487,Home And Me,1
sklep_osiedlowy/1707,sklep_osiedlowy,19.398307,51.748327,Delikatesy Centrum,1
sklep_osiedlowy/1708,sklep_osiedlowy,19.441961,51.760327,Market „Primus”,1
sklep_osiedlowy/1709,sklep_osiedlowy,19.434933,51.788154,Żabka,1
sklep_osiedlowy/1710,sklep_osiedlowy,19.435134,51.788512,,1
sklep_osiedlowy/1711,sklep_osiedlowy,19.438522,51.817984,,1
sklep_osiedlowy/1712,sklep_osiedlowy,19.465014,51.72646,Żabka,1
sklep_osiedlowy/1713,sklep_osiedlowy,19.451737,51.736563,Odido,1
sklep_osiedlowy/1714,sklep_osiedlowy,19.44886,51.727484,Zetka,1
sklep_osiedlowy/1715,sklep_osiedlowy,19.374687,51.709417,,1
sklep_osiedlowy/1716,sklep_osiedlowy,19.562824,51.826684,U Moniki,0
sklep_osiedlowy/1717,sklep_osiedlowy,19.449857,51.727357,,1
sklep_osiedlowy/1718,sklep_osiedlowy,19.446571,51.728507,Żabka,1
sklep_osiedlowy/1719,sklep_osiedlowy,19.3184,51.811033,Żabka,0
sklep_osiedlowy/1720,sklep_osiedlowy,19.485354,51.742977,Sklep Spożywczy,1
sklep_osiedlowy/1721,sklep_osiedlowy,19.347096,51.775629,Livio,1
sklep_osiedlowy/1722,sklep_osiedlowy,19.464805,51.739504,Żabka,1
sklep_osiedlowy/1723,sklep_osiedlowy,19.385692,51.742276,Żabka,1
sklep_osiedlowy/1724,sklep_osiedlowy,19.457693,51.776156,,1
sklep_osiedlowy/1725,sklep_osiedlowy,19.457372,51.776388,,1
sklep_osiedlowy/1726,sklep_osiedlowy,19.548583,51.755879,,1
sklep_osiedlowy/1727,sklep_osiedlowy,19.389138,51.744049,,1
sklep_osiedlowy/1728,sklep_osiedlowy,19.428927,51.780633,Żabka,1
sklep_osiedlowy/1729,sklep_osiedlowy,19.462115,51.775484,Żabka,1
sklep_osiedlowy/1730,sklep_osiedlowy,19.454794,51.775596,Żabka,1
sklep_osiedlowy/1731,sklep_osiedlowy,19.461925,51.764896,Żabka,1
sklep_osiedlowy/1732,sklep_osiedlowy,19.571643,51.748843,Merci 2,1
sklep_osiedlowy/1733,sklep_osiedlowy,19.467173,51.770798,Żabka,1
sklep_osiedlowy/1734,sklep_osiedlowy,19.463284,51.772165,Żabka,1
sklep_osiedlowy/1735,sklep_osiedlowy,19.457139,51.777136,Żabka,1
sklep_osiedlowy/1736,sklep_osiedlowy,19.449062,51.737697,SUPERSAM,1
sklep_osiedlowy/1737,sklep_osiedlowy,19.482924,51.73085,Żabka,1
sklep_osiedlowy/1738,sklep_osiedlowy,19.38361,51.797682,Żabka,1
sklep_osiedlowy/1739,sklep_osiedlowy,19.397303,51.746721,Żabka,1
sklep_osiedlowy/1740,sklep_osiedlowy,19.431771,51.819133,Sklep Spożywczy,1
sklep_osiedlowy/1741,sklep_osiedlowy,19.442411,51.819769,Osiedlowy,1
sklep_osiedlowy/1742,sklep_osiedlowy,19.404056,51.734884,,1
sklep_osiedlowy/1743,sklep_osiedlowy,19.443561,51.821071,"Delikatesy ""Ardeks""",1
sklep_osiedlowy/1744,sklep_osiedlowy,19.526145,51.760219,,1
sklep_osiedlowy/1745,sklep_osiedlowy,19.499641,51.735245,Sklep Spożywczy,1
sklep_osiedlowy/1746,sklep_osiedlowy,19.499402,51.732916,Żabka,1
sklep_osiedlowy/1747,sklep_osiedlowy,19.492415,51.777993,Żabka,1
sklep_osiedlowy/1748,sklep_osiedlowy,19.457904,51.775263,Żabka,1
sklep_osiedlowy/1749,sklep_osiedlowy,19.458332,51.782515,Karolina,1
sklep_osiedlowy/1750,sklep_osiedlowy,19.419204,51.818741,Żabka,1
sklep_osiedlowy/1751,sklep_osiedlowy,19.634833,51.761494,,0
sklep_osiedlowy/1752,sklep_osiedlowy,19.452602,51.78527,Żabka,1
sklep_osiedlowy/1753,sklep_osiedlowy,19.356075,51.80501,,1
sklep_osiedlowy/1754,sklep_osiedlowy,19.550042,51.712374,,1
sklep_osiedlowy/1755,sklep_osiedlowy,19.354843,51.805254,Spożywczy,1
sklep_osiedlowy/1756,sklep_osiedlowy,19.355706,51.805076,Mini Bar Adaś,1
sklep_osiedlowy/1757,sklep_osiedlowy,19.544338,51.709759,,1
sklep_osiedlowy/1758,sklep_osiedlowy,19.54776,51.712093,,1
sklep_osiedlowy/1759,sklep_osiedlowy,19.507179,51.70935,,1
sklep_osiedlowy/1760,sklep_osiedlowy,19.551483,51.709868,,1
sklep_osiedlowy/1761,sklep_osiedlowy,19.460461,51.755522,Lewiatan,1
sklep_osiedlowy/1762,sklep_osiedlowy,19.617664,51.737034,,1
sklep_osiedlowy/1763,sklep_osiedlowy,19.608007,51.742287,,1
sklep_osiedlowy/1764,sklep_osiedlowy,19.520504,51.82624,Primus Market,1
sklep_osiedlowy/1765,sklep_osiedlowy,19.473154,51.730259,Żabka,1
sklep_osiedlowy/1766,sklep_osiedlowy,19.476319,51.728981,Pszczelarstwo,1
sklep_osiedlowy/1767,sklep_osiedlowy,19.47504,51.778442,Społem,1
sklep_osiedlowy/1768,sklep_osiedlowy,19.467712,51.788382,Żabka,1
sklep_osiedlowy/1769,sklep_osiedlowy,19.474355,51.721651,Delikatesy Gruszeczki,1
sklep_osiedlowy/1770,sklep_osiedlowy,19.541237,51.752951,Slep spożywczy,1
sklep_osiedlowy/1771,sklep_osiedlowy,19.538541,51.75456,Prasa,1
sklep_osiedlowy/1772,sklep_osiedlowy,19.424645,51.77668,Monopolowo Spożywczy,1
sklep_osiedlowy/1773,sklep_osiedlowy,19.367576,51.801442,Art. Spożywcze,1
sklep_osiedlowy/1774,sklep_osiedlowy,19.448814,51.786349,Żabka,1
sklep_osiedlowy/1775,sklep_osiedlowy,19.460681,51.756151,Żabka,1
sklep_osiedlowy/1776,sklep_osiedlowy,19.36768,51.801413,U Krzyśka,1
sklep_osiedlowy/1777,sklep_osiedlowy,19.332881,51.741586,,0
sklep_osiedlowy/1778,sklep_osiedlowy,19.441063,51.788474,Żabka,1
sklep_osiedlowy/1779,sklep_osiedlowy,19.448626,51.739692,,1
sklep_osiedlowy/1780,sklep_osiedlowy,19.449112,51.73949,,1
sklep_osiedlowy/1781,sklep_osiedlowy,19.494823,51.743912,,1
sklep_osiedlowy/1782,sklep_osiedlowy,19.415783,51.746376,,1
sklep_osiedlowy/1783,sklep_osiedlowy,19.453561,51.782549,Odido,1
sklep_osiedlowy/1784,sklep_osiedlowy,19.494834,51.743834,,1
sklep_osiedlowy/1785,sklep_osiedlowy,19.474273,51.730855,Żabka,1
sklep_osiedlowy/1786,sklep_osiedlowy,19.439572,51.773574,Żabka,1
sklep_osiedlowy/1787,sklep_osiedlowy,19.415959,51.746363,Żabka,1
sklep_osiedlowy/1788,sklep_osiedlowy,19.394036,51.73863,Bukuś,1
sklep_osiedlowy/1789,sklep_osiedlowy,19.450936,51.782555,Żabka,1
sklep_osiedlowy/1790,sklep_osiedlowy,19.533888,51.78127,Viol-Mar s.c.,1
sklep_osiedlowy/1791,sklep_osiedlowy,19.458592,51.733172,Żabka,1
sklep_osiedlowy/1792,sklep_osiedlowy,19.458195,51.733164,Groszek,1
sklep_osiedlowy/1793,sklep_osiedlowy,19.467821,51.759859,Żabka,1
sklep_osiedlowy/1794,sklep_osiedlowy,19.400857,51.748441,Delikatesy Spożywcze Ardeks,1
sklep_osiedlowy/1795,sklep_osiedlowy,19.399307,51.740308,Milenka,1
sklep_osiedlowy/1796,sklep_osiedlowy,19.447061,51.761947,Żabka,1
sklep_osiedlowy/1797,sklep_osiedlowy,19.476896,51.780454,Grześkowiak,1
sklep_osiedlowy/1798,sklep_osiedlowy,19.475924,51.778308,,1
sklep_osiedlowy/1799,sklep_osiedlowy,19.398228,51.744795,,1
sklep_osiedlowy/1800,sklep_osiedlowy,19.398746,51.744215,Żabka,1
sklep_osiedlowy/1801,sklep_osiedlowy,19.408995,51.75013,Delikatesy Adam,1
sklep_osiedlowy/1802,sklep_osiedlowy,19.404944,51.742203,Żabka,1
sklep_osiedlowy/1803,sklep_osiedlowy,19.45961,51.768911,Żabka,1
sklep_osiedlowy/1804,sklep_osiedlowy,19.45523,51.773531,Żabka,1
sklep_osiedlowy/1805,sklep_osiedlowy,19.399818,51.744491,Żabka,1
sklep_osiedlowy/1806,sklep_osiedlowy,19.447373,51.739551,,1
sklep_osiedlowy/1807,sklep_osiedlowy,19.465268,51.731458,Sklep spożywczy,1
sklep_osiedlowy/1808,sklep_osiedlowy,19.400424,51.743613,,1
sklep_osiedlowy/1809,sklep_osiedlowy,19.487751,51.757567,skrzypek,1
sklep_osiedlowy/1810,sklep_osiedlowy,19.429872,51.7523,,1
sklep_osiedlowy/1811,sklep_osiedlowy,19.456934,51.74672,,1
sklep_osiedlowy/1812,sklep_osiedlowy,19.423834,51.706294,Żabka,1
sklep_osiedlowy/1813,sklep_osiedlowy,19.500902,51.745451,Sklep spożywczy,1
sklep_osiedlowy/1814,sklep_osiedlowy,19.4292,51.749544,,1
sklep_osiedlowy/1815,sklep_osiedlowy,19.495411,51.737305,Społem,1
sklep_osiedlowy/1816,sklep_osiedlowy,19.479098,51.71988,Sklep spożywczy - AVAL,1
sklep_osiedlowy/1817,sklep_osiedlowy,19.492234,51.743317,Żabka,1
sklep_osiedlowy/1818,sklep_osiedlowy,19.48726,51.74728,Sklep ogólnospożywczy,1
sklep_osiedlowy/1819,sklep_osiedlowy,19.474808,51.772142,Żabka,1
sklep_osiedlowy/1820,sklep_osiedlowy,19.487482,51.737247,Społem,1
sklep_osiedlowy/1821,sklep_osiedlowy,19.42706,51.774519,Żabka,1
sklep_osiedlowy/1822,sklep_osiedlowy,19.449055,51.734446,OMG,1
sklep_osiedlowy/1823,sklep_osiedlowy,19.538457,51.754806,Delikatesy Goja,1
sklep_osiedlowy/1824,sklep_osiedlowy,19.488186,51.773315,Żabka,1
sklep_osiedlowy/1825,sklep_osiedlowy,19.412683,51.748184,Delikatesy Centrum,1
sklep_osiedlowy/1826,sklep_osiedlowy,19.409327,51.751167,Żabka,1
sklep_osiedlowy/1827,sklep_osiedlowy,19.382116,51.794244,Żabka,1
sklep_osiedlowy/1828,sklep_osiedlowy,19.527487,51.780948,Livio,1
sklep_osiedlowy/1829,sklep_osiedlowy,19.567646,51.740994,Żabka,1
sklep_osiedlowy/1830,sklep_osiedlowy,19.566243,51.741304,M&W,1
sklep_osiedlowy/1831,sklep_osiedlowy,19.474518,51.73212,Carrefour Express,1
sklep_osiedlowy/1832,sklep_osiedlowy,19.568209,51.740901,Stokrotka,1
sklep_osiedlowy/1833,sklep_osiedlowy,19.526539,51.78174,Żabka,1
sklep_osiedlowy/1834,sklep_osiedlowy,19.56534,51.738155,Żabka,1
sklep_osiedlowy/1835,sklep_osiedlowy,19.569232,51.746271,Żabka,1
sklep_osiedlowy/1836,sklep_osiedlowy,19.415465,51.74842,Żabka,1
sklep_osiedlowy/1837,sklep_osiedlowy,19.471358,51.723064,Żabka,1
sklep_osiedlowy/1838,sklep_osiedlowy,19.473328,51.72515,Żabka,1
sklep_osiedlowy/1839,sklep_osiedlowy,19.455021,51.755389,,1
sklep_osiedlowy/1840,sklep_osiedlowy,19.45379,51.755416,Żabka,1
sklep_osiedlowy/1841,sklep_osiedlowy,19.453193,51.744283,Żabka,1
sklep_osiedlowy/1842,sklep_osiedlowy,19.446732,51.765358,Żabka,1
sklep_osiedlowy/1843,sklep_osiedlowy,19.460297,51.750263,Żabka,1
sklep_osiedlowy/1844,sklep_osiedlowy,19.445987,51.75145,Magmar,1
sklep_osiedlowy/1845,sklep_osiedlowy,19.446757,51.776175,,1
sklep_osiedlowy/1846,sklep_osiedlowy,19.44527,51.773953,Odido,1
sklep_osiedlowy/1847,sklep_osiedlowy,19.446379,51.775957,Żabka,1
sklep_osiedlowy/1848,sklep_osiedlowy,19.44575,51.776016,Krokodylek,1
sklep_osiedlowy/1849,sklep_osiedlowy,19.44571,51.771423,Żabka,1
sklep_osiedlowy/1850,sklep_osiedlowy,19.445978,51.768654,Żabka,1
sklep_osiedlowy/1851,sklep_osiedlowy,19.445407,51.772994,Żabka,1
sklep_osiedlowy/1852,sklep_osiedlowy,19.448129,51.774593,,1
sklep_osiedlowy/1853,sklep_osiedlowy,19.461193,51.767019,Żabka,1
sklep_osiedlowy/1854,sklep_osiedlowy,19.454565,51.756265,Sklep Spożywczy,1
sklep_osiedlowy/1855,sklep_osiedlowy,19.451736,51.777152,Żabka,1
sklep_osiedlowy/1856,sklep_osiedlowy,19.468318,51.771579,Żabka,1
sklep_osiedlowy/1857,sklep_osiedlowy,19.458062,51.762453,Żabka,1
sklep_osiedlowy/1858,sklep_osiedlowy,19.328902,51.747046,Delikatesy Rarytas 16,0
sklep_osiedlowy/1859,sklep_osiedlowy,19.437658,51.769792,,1
sklep_osiedlowy/1860,sklep_osiedlowy,19.440441,51.770961,Żabka,1
sklep_osiedlowy/1861,sklep_osiedlowy,19.325757,51.742754,,0
sklep_osiedlowy/1862,sklep_osiedlowy,19.45379,51.772588,Odido,1
sklep_osiedlowy/1863,sklep_osiedlowy,19.461323,51.773091,Żabka,1
sklep_osiedlowy/1864,sklep_osiedlowy,19.449141,51.772162,Żabka,1
sklep_osiedlowy/1865,sklep_osiedlowy,19.45017,51.772096,Odido,1
sklep_osiedlowy/1866,sklep_osiedlowy,19.444868,51.760829,Żabka,1
sklep_osiedlowy/1867,sklep_osiedlowy,19.434656,51.793386,Żabka,1
sklep_osiedlowy/1868,sklep_osiedlowy,19.392885,51.792746,,1
sklep_osiedlowy/1869,sklep_osiedlowy,19.480199,51.734872,Żabka,1
sklep_osiedlowy/1870,sklep_osiedlowy,19.459431,51.740035,Sklep spożywczy,1
sklep_osiedlowy/1871,sklep_osiedlowy,19.467312,51.734638,Żabka,1
sklep_osiedlowy/1872,sklep_osiedlowy,19.432899,51.72708,Żabka,1
sklep_osiedlowy/1873,sklep_osiedlowy,19.443835,51.736732,,1
sklep_osiedlowy/1874,sklep_osiedlowy,19.467861,51.731064,Żabka,1
sklep_osiedlowy/1875,sklep_osiedlowy,19.47005,51.735788,Żabka,1
sklep_osiedlowy/1876,sklep_osiedlowy,19.470257,51.728597,Żabka,1
sklep_osiedlowy/1877,sklep_osiedlowy,19.484755,51.717615,Kiosk,1
sklep_osiedlowy/1878,sklep_osiedlowy,19.399746,51.740255,Żabka,1
sklep_osiedlowy/1879,sklep_osiedlowy,19.430259,51.787482,Żabka,1
sklep_osiedlowy/1880,sklep_osiedlowy,19.38929,51.738857,Prasa Kolporter,1
sklep_osiedlowy/1881,sklep_osiedlowy,19.455919,51.77488,Żabka,1
sklep_osiedlowy/1882,sklep_osiedlowy,19.452966,51.774441,Żabka,1
sklep_osiedlowy/1883,sklep_osiedlowy,19.476769,51.776511,Alicja,1
sklep_osiedlowy/1884,sklep_osiedlowy,19.454333,51.774571,Społem,1
sklep_osiedlowy/1885,sklep_osiedlowy,19.4413,51.771885,Krokodylek,1
sklep_osiedlowy/1886,sklep_osiedlowy,19.492153,51.743424,Jomi S.C.,1
sklep_osiedlowy/1887,sklep_osiedlowy,19.449844,51.774157,Żabka,1
sklep_osiedlowy/1888,sklep_osiedlowy,19.443886,51.773622,Żabka,1
sklep_osiedlowy/1889,sklep_osiedlowy,19.376376,51.796026,,1
sklep_osiedlowy/1890,sklep_osiedlowy,19.465935,51.78599,Żabka,1
sklep_osiedlowy/1891,sklep_osiedlowy,19.496138,51.774077,Sklep Ś.S.S. SPOŁEM,1
sklep_osiedlowy/1892,sklep_osiedlowy,19.394413,51.792416,,1
sklep_osiedlowy/1893,sklep_osiedlowy,19.438878,51.797372,Żabka,1
sklep_osiedlowy/1894,sklep_osiedlowy,19.362044,51.795611,Żabka,1
sklep_osiedlowy/1895,sklep_osiedlowy,19.394687,51.792398,Gama,1
sklep_osiedlowy/1896,sklep_osiedlowy,19.422549,51.777494,Żabka,1
sklep_osiedlowy/1897,sklep_osiedlowy,19.435628,51.852371,Społem,0
sklep_osiedlowy/1898,sklep_osiedlowy,19.320968,51.826697,Nasz Sklep,0
sklep_osiedlowy/1899,sklep_osiedlowy,19.331194,51.7902,ABC,0
sklep_osiedlowy/1900,sklep_osiedlowy,19.439943,51.799829,Żabka,1
sklep_osiedlowy/1901,sklep_osiedlowy,19.430377,51.790164,,1
sklep_osiedlowy/1902,sklep_osiedlowy,19.466581,51.743804,Żabka,1
sklep_osiedlowy/1903,sklep_osiedlowy,19.441514,51.800053,Żabka,1
sklep_osiedlowy/1904,sklep_osiedlowy,19.456081,51.776979,Placówka,1
sklep_osiedlowy/1905,sklep_osiedlowy,19.456879,51.777054,Aga,1
sklep_osiedlowy/1906,sklep_osiedlowy,19.43573,51.789368,,1
sklep_osiedlowy/1907,sklep_osiedlowy,19.454331,51.777733,Żabka,1
sklep_osiedlowy/1908,sklep_osiedlowy,19.45666,51.762315,Żabka,1
sklep_osiedlowy/1909,sklep_osiedlowy,19.479586,51.767331,Żabka,1
sklep_osiedlowy/1910,sklep_osiedlowy,19.469655,51.76341,Żabka,1
sklep_osiedlowy/1911,sklep_osiedlowy,19.492964,51.761941,Żabka,1
sklep_osiedlowy/1912,sklep_osiedlowy,19.484842,51.755902,Primus,1
sklep_osiedlowy/1913,sklep_osiedlowy,19.495518,51.760861,Żabka,1
sklep_osiedlowy/1914,sklep_osiedlowy,19.33348,51.790356,Groszek,0
sklep_osiedlowy/1915,sklep_osiedlowy,19.444865,51.737729,Żabka,1
sklep_osiedlowy/1916,sklep_osiedlowy,19.314594,51.817658,,0
sklep_osiedlowy/1917,sklep_osiedlowy,19.441727,51.711237,,1
sklep_osiedlowy/1918,sklep_osiedlowy,19.376914,51.811475,Żabka,1
sklep_osiedlowy/1919,sklep_osiedlowy,19.491855,51.732587,Krokodylek,1
sklep_osiedlowy/1920,sklep_osiedlowy,19.46177,51.858895,Sklep spożywczy,0
sklep_osiedlowy/1921,sklep_osiedlowy,19.412885,51.79205,Żabka,1
sklep_osiedlowy/1922,sklep_osiedlowy,19.466629,51.711943,,1
sklep_osiedlowy/1923,sklep_osiedlowy,19.487295,51.732862,,1
sklep_osiedlowy/1924,sklep_osiedlowy,19.413337,51.792061,Fan. Market,1
sklep_osiedlowy/1925,sklep_osiedlowy,19.471276,51.773962,Społem,1
sklep_osiedlowy/1926,sklep_osiedlowy,19.46325,51.772295,Odido,1
sklep_osiedlowy/1927,sklep_osiedlowy,19.453209,51.769519,Żabka,1
sklep_osiedlowy/1928,sklep_osiedlowy,19.455393,51.765471,Żabka,1
sklep_osiedlowy/1929,sklep_osiedlowy,19.392364,51.78506,,1
sklep_osiedlowy/1930,sklep_osiedlowy,19.396914,51.780304,Livio,1
sklep_osiedlowy/1931,sklep_osiedlowy,19.48316,51.772568,,1
sklep_osiedlowy/1932,sklep_osiedlowy,19.381927,51.736487,Żabka,1
sklep_osiedlowy/1933,sklep_osiedlowy,19.436572,51.851506,,0
sklep_osiedlowy/1934,sklep_osiedlowy,19.436165,51.851362,,0
sklep_osiedlowy/1935,sklep_osiedlowy,19.466519,51.771651,Żabka,1
sklep_osiedlowy/1936,sklep_osiedlowy,19.455389,51.783784,Żabka,1
sklep_osiedlowy/1937,sklep_osiedlowy,19.459414,51.786676,Żabka,1
sklep_osiedlowy/1938,sklep_osiedlowy,19.458341,51.787177,Odido,1
sklep_osiedlowy/1939,sklep_osiedlowy,19.466894,51.771452,Społem,1
sklep_osiedlowy/1940,sklep_osiedlowy,19.456041,51.773066,Carrefour Express,1
sklep_osiedlowy/1941,sklep_osiedlowy,19.477847,51.79066,Primus Sklep Spożywczy,1
sklep_osiedlowy/1942,sklep_osiedlowy,19.457289,51.785848,,1
sklep_osiedlowy/1943,sklep_osiedlowy,19.393972,51.738738,,1
sklep_osiedlowy/1944,sklep_osiedlowy,19.45141,51.757264,Żabka,1
sklep_osiedlowy/1945,sklep_osiedlowy,19.442184,51.771801,Żabka,1
sklep_osiedlowy/1946,sklep_osiedlowy,19.485774,51.792558,Żabka,1
sklep_osiedlowy/1947,sklep_osiedlowy,19.482885,51.79045,Żabka,1
centrum_handlowe/1948,centrum_handlowe,19.398974,51.744302,,1
centrum_handlowe/1949,centrum_handlowe,19.413919,51.703603,Port Łódź,1
centrum_handlowe/1950,centrum_handlowe,19.50952,51.793704,M1 Łódź,1
centrum_handlowe/1951,centrum_handlowe,19.404589,51.740441,Centrum Handlowe „Retkinia” (Hala 2),1
centrum_handlowe/1952,centrum_handlowe,19.419738,51.752744,Carrefour,1
centrum_handlowe/1953,centrum_handlowe,19.464869,51.759024,Galeria Łódzka,1
centrum_handlowe/1954,centrum_handlowe,19.491848,51.710545,CH Nowa Górna,1
centrum_handlowe/1955,centrum_handlowe,19.405389,51.740673,"Centrum Handlowe ""Retkinia"" (Hala 1)",1
centrum_handlowe/1956,centrum_handlowe,19.397926,51.744208,,1
centrum_handlowe/1957,centrum_handlowe,19.398163,51.743883,,1
centrum_handlowe/1958,centrum_handlowe,19.464964,51.739441,Unicity,1
centrum_handlowe/1959,centrum_handlowe,19.460509,51.758963,Centrum Rozrywki Silver Screen,1
centrum_handlowe/1960,centrum_handlowe,19.484247,51.781522,Galeria Matejki,1
centrum_handlowe/1961,centrum_handlowe,19.416151,51.790414,,1
centrum_handlowe/1962,centrum_handlowe,19.4566,51.765648,Saspol,1
centrum_handlowe/1963,centrum_handlowe,19.398809,51.744714,,1
centrum_handlowe/1964,centrum_handlowe,19.399445,51.74398,,1
centrum_handlowe/1965,centrum_handlowe,19.318463,51.811119,Uni Rynek,0
centrum_handlowe/1966,centrum_handlowe,19.536701,51.756824,Galeria Widzewska,1
centrum_handlowe/1967,centrum_handlowe,19.53761,51.75673,Oranżada,1
centrum_handlowe/1968,centrum_handlowe,19.449255,51.734445,,1
centrum_handlowe/1969,centrum_handlowe,19.397119,51.746571,Galeria Retkińska,1
centrum_handlowe/1970,centrum_handlowe,19.440655,51.749892,Pasaż Łódzki,1
centrum_handlowe/1971,centrum_handlowe,19.495368,51.765276,Centrum Handlowe Tulipan,1
centrum_handlowe/1972,centrum_handlowe,19.443771,51.779089,Centrum Handlowo-Rozrywkowe Manufaktura,1
centrum_handlowe/1973,centrum_handlowe,19.384468,51.737181,Centrum Handlowe ATUT,1
centrum_handlowe/1974,centrum_handlowe,19.548566,51.75585,,1
centrum_handlowe/1975,centrum_handlowe,19.359219,51.795606,Pasaż Handlowy Czerwona Torebka,1
centrum_handlowe/1976,centrum_handlowe,19.434659,51.817854,Street Mall „Vis a Vis”,1
centrum_handlowe/1977,centrum_handlowe,19.418303,51.752167,,1
centrum_handlowe/1978,centrum_handlowe,19.448488,51.749783,Nowa Sukcesja,1
centrum_handlowe/1979,centrum_handlowe,19.412829,51.748094,Centrum Handlowe „Piaski”,1
centrum_handlowe/1980,centrum_handlowe,19.636812,51.725883,,0
centrum_handlowe/1981,centrum_handlowe,19.481434,51.724888,,1
centrum_handlowe/1982,centrum_handlowe,19.481991,51.724592,,1
centrum_handlowe/1983,centrum_handlowe,19.398587,51.744652,,1
centrum_handlowe/1984,centrum_handlowe,19.4595,51.759088,Centrum Obslugi Konsultantek AVON,1
targowisko/1985,targowisko,19.398329,51.744996,Centrum Handlowe „Pod Topolami”,1
targowisko/1986,targowisko,19.377513,51.686775,Łódzki Rynek Hurtowy,0
targowisko/1987,targowisko,19.461207,51.740572,Hala Górniak,1
targowisko/1988,targowisko,19.421113,51.749684,Karolinka - hala pierwsza,1
targowisko/1989,targowisko,19.421304,51.749664,Karolinka - hala druga,1
targowisko/1990,targowisko,19.421479,51.74967,Karolinka - hala trzecia,1
targowisko/1991,targowisko,19.472891,51.733,Czerwony Rynek,1
targowisko/1992,targowisko,19.533749,51.757341,Rynek Batory,1
targowisko/1993,targowisko,19.532724,51.757599,,1
targowisko/1994,targowisko,19.459963,51.740487,Nowa Hala Górniak,1
targowisko/1995,targowisko,19.42361,51.777137,,1
targowisko/1996,targowisko,19.492543,51.747627,Ryneczek Przybyszewskiego,1
targowisko/1997,targowisko,19.453136,51.787104,Bałucki Rynek,1
targowisko/1998,targowisko,19.496522,51.732658,Nowy Rynek,1
targowisko/1999,targowisko,19.432068,51.803199,Giełda Kwiatowa i Akwarystyczno Zoologiczna,1
targowisko/2000,targowisko,19.418006,51.790346,Rynek Wielkopolska,1
targowisko/2001,targowisko,19.634205,51.723795,Targowisko Andrespol PPHU Gab-Bis,0
targowisko/2002,targowisko,19.451965,51.789818,Targowisko Dolna-Ceglana,1
targowisko/2003,targowisko,19.416802,51.787043,,1
targowisko/2004,targowisko,19.534306,51.805585,Sektor K,1
targowisko/2005,targowisko,19.533962,51.804007,Sektor U,1
targowisko/2006,targowisko,19.533903,51.804358,Sektor B,1
targowisko/2007,targowisko,19.462744,51.773085,Targ Jaracza,1
targowisko/2008,targowisko,19.453366,51.790951,Pchli targ „Pchły”,1
targowisko/2009,targowisko,19.403914,51.740199,,1
targowisko/2010,targowisko,19.474907,51.731074,Czerwony Rynek,1
targowisko/2011,targowisko,19.464917,51.794403,Ryneczek,1
targowisko/2012,targowisko,19.494881,51.735759,Bazar,1
targowisko/2013,targowisko,19.405141,51.746212,Ryneczek,1
poczta/2014,poczta,19.46178,51.741879,Urząd Pocztowy Łódź 7,1
poczta/2015,poczta,19.449137,51.795563,,1
poczta/2016,poczta,19.434102,51.797947,FUP Łódź 9,1
poczta/2017,poczta,19.486207,51.715816,Filia Urzędu Pocztowego Łódź 84,1
poczta/2018,poczta,19.327808,51.747543,Urząd Pocztowy Konstantynów Łódzki,0
poczta/2019,poczta,19.487264,51.721061,Urząd Pocztowy Łódź 84,1
poczta/2020,poczta,19.489918,51.760352,Poczta Polska,1
poczta/2021,poczta,19.360099,51.804757,UP Łódź 19,1
poczta/2022,poczta,19.445586,51.779635,FUP Łódź 40,1
poczta/2023,poczta,19.465308,51.766518,Poczta Główna,1
poczta/2024,poczta,19.416866,51.704519,Poczta Polska,1
poczta/2025,poczta,19.431405,51.822659,AP Łódź,1
poczta/2026,poczta,19.452989,51.769271,Poczta Polska,1
poczta/2027,poczta,19.509607,51.794235,Agencja Pocztowa,1
poczta/2028,poczta,19.458241,51.761541,Poczta Polska,1
poczta/2029,poczta,19.59134,51.793529,FUP Łódź 6,1
poczta/2030,poczta,19.460278,51.732653,Poczta Polska FUP Łódź 7,1
poczta/2031,poczta,19.389025,51.778687,,1
poczta/2032,poczta,19.506007,51.764001,,1
poczta/2033,poczta,19.488481,51.736319,Nova Post,1
poczta/2034,poczta,19.63816,51.725471,Poczta Polska,0
poczta/2035,poczta,19.475722,51.796686,Poczta Polska,1
poczta/2036,poczta,19.548896,51.75608,Poczta polska,1
poczta/2037,poczta,19.404698,51.740654,,1
poczta/2038,poczta,19.403305,51.794175,Poczta Polska,1
poczta/2039,poczta,19.530247,51.77855,Poczta,1
poczta/2040,poczta,19.397502,51.744159,Poczta Polska Łódź 71,1
poczta/2041,poczta,19.475118,51.731575,Urząd Pocztowy Łódź 42,1
poczta/2042,poczta,19.415839,51.748482,Urząd Pocztowy w Łodzi. Oddział nr 33,1
poczta/2043,poczta,19.408803,51.743171,Urząd Pocztowy,1
poczta/2044,poczta,19.565536,51.752697,Urząd Pocztowy Łódź 27,1
poczta/2045,poczta,19.494236,51.74755,Poczta Polska,1
poczta/2046,poczta,19.528582,51.754874,,1
poczta/2047,poczta,19.482591,51.754105,Poczta Polska,1
poczta/2048,poczta,19.457563,51.768151,Urząd Pocztowy Łódź 17,1
poczta/2049,poczta,19.495341,51.73656,Urząd Pocztowy Nr 58,1
poczta/2050,poczta,19.444243,51.820791,,1
poczta/2051,poczta,19.376144,51.796913,FUP Łódź 52,1
poczta/2052,poczta,19.390223,51.744421,Urząd Pocztowy Łódź 10,1
poczta/2053,poczta,19.428796,51.726644,Poczta Polska,1
poczta/2054,poczta,19.460442,51.792856,AP Łódź,1
poczta/2055,poczta,19.430094,51.819068,Usługi Finansowe,1
poczta/2056,poczta,19.418872,51.818504,Poczta Polska,1
poczta/2057,poczta,19.431552,51.737609,,1
poczta/2058,poczta,19.44857,51.764875,Urząd Pocztowy Łódź 36,1
poczta/2059,poczta,19.479372,51.778766,Urząd Pocztowy Nr 30,1
poczta/2060,poczta,19.438789,51.76946,FUP 4,1
poczta/2061,poczta,19.464071,51.771431,Poczta Polska,1
poczta/2062,poczta,19.478798,51.718233,,1
poczta/2063,poczta,19.430708,51.790339,Poczta Polska,1
poczta/2064,poczta,19.461704,51.773303,Poczta Polska,1
poczta/2065,poczta,19.454852,51.75501,Poczta Polska,1
poczta/2066,poczta,19.454664,51.78966,Filia Urzędu Pocztowego Łódź 9,1
poczta/2067,poczta,19.454457,51.75684,Poczta Polska,1
poczta/2068,poczta,19.425285,51.751722,Urząd Pocztowy Łódź 50,1
poczta/2069,poczta,19.427424,51.710897,Łódź 12,1
poczta/2070,poczta,19.452043,51.734313,Urząd Pocztowy Łódź 43,1
poczta/2071,poczta,19.409422,51.775369,UP Łódź 28,1
poczta/2072,poczta,19.453888,51.727789,Poczta Polska,1
poczta/2073,poczta,19.315693,51.816221,Poczta,0
poczta/2074,poczta,19.413966,51.79246,,1
poczta/2075,poczta,19.456907,51.799301,,1
poczta/2076,poczta,19.417864,51.787363,,1
poczta/2077,poczta,19.488426,51.731887,,1
poczta/2078,poczta,19.423394,51.77355,Urząd Pocztowy nr 44,1
poczta/2079,poczta,19.455081,51.774217,Urząd Pocztowy Łódź 8,1
poczta/2080,poczta,19.563538,51.741753,,1
poczta/2081,poczta,19.470686,51.728166,,1
poczta/2082,poczta,19.549439,51.757739,InPost,1
poczta/2083,poczta,19.430141,51.81524,Urząd Pocztowy Łódź 87,1
poczta/2084,poczta,19.383357,51.796312,,1
poczta/2085,poczta,19.457898,51.755946,Urząd Pocztowy Łódź 21,1
poczta/2086,poczta,19.322723,51.806145,,1
poczta/2087,poczta,19.478267,51.790629,Filia Urzędu Pocztowego Łódź 82,1
poczta/2088,poczta,19.431747,51.758864,Urząd Pocztowy Łódź 40,1
poczta/2089,poczta,19.448599,51.787548,UP Łódź 38,1
poczta/2090,poczta,19.464831,51.788731,,1
poczta/2091,poczta,19.536591,51.756311,,1
poczta/2092,poczta,19.422677,51.785109,,1
poczta/2093,poczta,19.470212,51.735613,Agencja pocztowa,1
poczta/2094,poczta,19.616409,51.738259,,1
urzad/2095,urzad,19.459551,51.766141,Fabryka Aktywności Miejskiej,1
urzad/2096,urzad,19.456802,51.761946,ZUS I Oddział w Łodzi,1
urzad/2097,urzad,19.464866,51.709663,Delegatura UCS I w Łodzi,1
urzad/2098,urzad,19.43861,51.791763,Łódzki Urząd Celno-Skarbowego w Łodzi,1
urzad/2099,urzad,19.455519,51.755776,,1
urzad/2100,urzad,19.44325,51.794325,Wydział Świadczeń Socjalnych,1
urzad/2101,urzad,19.419349,51.8041,Oddział Celny II w Łodzi,1
urzad/2102,urzad,19.456236,51.764778,Łódzki Urząd Wojewódzki. Wydział Spraw Obywatelskich i Cudzoziemców. Oddział paszportowy.,1
urzad/2103,urzad,19.47835,51.705815,Centrum Egzaminów Medycznych w Łodzi,1
urzad/2104,urzad,19.468279,51.759866,Archiwum Państwowe w Łodzi,1
urzad/2105,urzad,19.466231,51.783518,Wydział Spraw Obywatelskich i Komunikacji UMŁ,1
urzad/2106,urzad,19.450621,51.779779,Pierwszy Urząd Skarbowy Łódź - Bałuty,1
urzad/2107,urzad,19.450894,51.789234,Komenda Miejska Państwowej Straży Pożarnej w Łodzi,1
urzad/2108,urzad,19.517203,51.747049,Urząd Skarbowy Łódź - Widzew,1
urzad/2109,urzad,19.423475,51.840079,Starostwo Powiatowe w Zgierzu,0
urzad/2110,urzad,19.489875,51.762588,Agencja Restrukturyzacji i Modernizacji Rolnictwa,1
urzad/2111,urzad,19.531,51.777159,Okręgowa Stacja Chemiczno-Rolnicza w Łodzi,1
urzad/2112,urzad,19.590757,51.7941,Urząd Gminy Nowosolna,1
urzad/2113,urzad,19.470525,51.757607,Prokuratura Okręgowa w Łodzi,1
urzad/2114,urzad,19.42246,51.679479,Urząd Gminy Ksawerów,0
urzad/2115,urzad,19.458094,51.757882,,1
urzad/2116,urzad,19.455935,51.747142,111,1
urzad/2117,urzad,19.45267,51.76051,Komenda Wojewódzka Państwowej Straży Pożarnej,1
urzad/2118,urzad,19.42697,51.791727,Zakład Przewozu Osób Niepełnosprawnych,1
urzad/2119,urzad,19.449058,51.802902,Instytut Pamięci Narodowej Oddział w Łodzi,1
urzad/2120,urzad,19.457005,51.76522,Wojewódzki Urząd Ochrony Zabytków w Łodzi Biuro Podawcze,1
urzad/2121,urzad,19.403605,51.782896,Państwowa Inspekcja Ochrony Roślin i Nasiennictwa Oddział Centralnego Laboratorium w Katowicach,1
urzad/2122,urzad,19.476797,51.746979,Najwyższa Izba Kontroli Delegatura w Łodzi,1
urzad/2123,urzad,19.460167,51.759041,Instytut Pamięci Narodowej,1
urzad/2124,urzad,19.465176,51.760378,Centrum Egzaminów Medycznych,1
urzad/2125,urzad,19.45903,51.779136,Krajowy Ośrodek Wsparcia Rolnictwa Oddział Terenowy w Łodzi,1
urzad/2126,urzad,19.476206,51.772125,Polski Komitet Normalizacyjny,1
urzad/2127,urzad,19.476186,51.772206,Okręgowy Urząd Miar nr 7,1
urzad/2128,urzad,19.457417,51.758126,Centrum Usług Wspólnych UMŁ,1
urzad/2129,urzad,19.457948,51.760477,Oddziałowa Komisja Ścigania Zbrodni przeciwko Narodowi Polskiemu,1
urzad/2130,urzad,19.458062,51.768035,Wydział Kultury UMŁ,1
urzad/2131,urzad,19.638081,51.725447,Urząd Gminy Andrespol,0
urzad/2132,urzad,19.62533,51.709506,Leśnictwo Kraszew,0
urzad/2133,urzad,19.471253,51.776034,Wojewódzki Inspektorat Jakości Handlowej Artykułów Rolno-Spożywczych w Łodzi,1
urzad/2134,urzad,19.45425,51.764533,Zarząd Lokali Miejskich w Łodzi,1
urzad/2135,urzad,19.458572,51.763987,Łódzkie Centrum Kontaktu z Mieszkańcami,1
urzad/2136,urzad,19.453273,51.792115,Wojewódzki Inspektorat Transportu Drogowego,1
urzad/2137,urzad,19.457243,51.759998,Centrum Obsługi Mieszkańców Łódź - Śródmieście,1
urzad/2138,urzad,19.458027,51.760309,Prokuratura Regionalna w Łodzi,1
urzad/2139,urzad,19.448322,51.767398,Łódzki Urząd Wojewódzki w Łodzi,1
urzad/2140,urzad,19.470219,51.740198,Urząd Statystyczny,1
urzad/2141,urzad,19.443751,51.793629,"Zarząd Lokali Miejskich, Rejon Obsługi Najemców 2",1
urzad/2142,urzad,19.637971,51.725406,Rada Gminy Andrespol,0
urzad/2143,urzad,19.402781,51.797842,Powiatowy Inspektorat Nadzoru Budowlanego,1
urzad/2144,urzad,19.495893,51.751806,Powiatowy Urząd Pracy,1
urzad/2145,urzad,19.440215,51.78437,Wydział Postępowań Administracyjnych KWP w Łodzi,1
urzad/2146,urzad,19.637922,51.725374,Urząd stanu cywilnego w Andrespolu,0
urzad/2147,urzad,19.445321,51.762495,Prokuratura Regionalna w Łodzi,1
urzad/2148,urzad,19.481104,51.834651,"Zespół Parków Krajobrazowych Województwa Łódzkiego, Oddział terenowy Parku Krajobrazowego Wzniesień Łódzkich",1
urzad/2149,urzad,19.464802,51.766326,Zarząd Dróg i Transportu UMŁ,1
urzad/2150,urzad,19.45263,51.75965,Wydział Zarządzania Kryzysowego i Bezpieczeństwa UMŁ,1
urzad/2151,urzad,19.484746,51.764563,Łódzki Oddział Wojewódzki NFZ,1
urzad/2152,urzad,19.470563,51.764249,Urząd Dozoru Technicznego - Oddział Łódź,1
urzad/2153,urzad,19.48139,51.834773,Straż Miejska - Sekcja Konna,1
urzad/2154,urzad,19.481571,51.834805,Centrum Zarządzania Łódzkim Szlakiem Konnym,1
urzad/2155,urzad,19.398448,51.733964,Centrum Powiadamiania Ratunkowego,1
urzad/2156,urzad,19.451838,51.74901,Wydział Sportu Urzędu Miasta Łodzi,1
urzad/2157,urzad,19.469049,51.765267,Urząd Skarbowy Łódź Śródmieście,1
urzad/2158,urzad,19.435767,51.765851,Urząd Skarbowy Łódż-Polesie,1
urzad/2159,urzad,19.457592,51.760026,Urząd Miasta Łodzi - Wydział Budynków i Lokali,1
urzad/2160,urzad,19.454657,51.743486,Pierwszy Urząd Skarbowy Łódź-Górna,1
urzad/2161,urzad,19.460528,51.760657,Generalna Dyrekcja Dróg Publicznych - Oddział w Łodzi,1
urzad/2162,urzad,19.457615,51.764594,Urząd Miasta Łodzi,1
urzad/2163,urzad,19.457915,51.760053,Urząd Miasta Łodzi - Oddział ds. Obsługi Mieszkańców,1
urzad/2164,urzad,19.460569,51.760074,Urząd Marszałkowski Województwa Łódzkiego,1
urzad/2165,urzad,19.489808,51.737929,Prokuratura Rejonowa Łódź - Widzew w Łodzi,1
urzad/2166,urzad,19.459451,51.778732,Wojewódzki Ośrodek Dokumentacji Geodezyjnej i Kartograficznej,1
urzad/2167,urzad,19.478904,51.763998,Urząd Komunikacji Elektronicznej - Delegatura w Łodzi,1
urzad/2168,urzad,19.426583,51.786396,Administracja os. Żubardź i Koziny Robotniczej Spółdzielni Mieszkaniowej Bawełna,1
urzad/2169,urzad,19.480801,51.765109,Rada osiedla Stary Widzew,1
urzad/2170,urzad,19.454192,51.744041,Drugi Urząd Skarbowy Łódź-Górna,1
urzad/2171,urzad,19.44676,51.763965,Archiwum Zakładowe Łódzkiego Urzędu Wojewódzkiego,1
urzad/2172,urzad,19.448833,51.771964,Wojewódzki Inspektorat Inspekcji Handlowej,1
urzad/2173,urzad,19.458428,51.740925,Prokuratura Rejonowa Łódź-Górna,1
urzad/2174,urzad,19.460388,51.770097,Urząd Miasta - Wydział Finansowy,1
urzad/2175,urzad,19.46568,51.743916,Powiatowa Stacja Sanitarno-Epidemiologiczna,1
urzad/2176,urzad,19.637682,51.726381,Ośrodek Pomocy Społecznej w Andrespolu,0
urzad/2177,urzad,19.455054,51.760474,Izba Administracji Skarbowej,1
biblioteka/2178,biblioteka,19.492118,51.775441,Centrum Informacyjno-Biblioteczne Uniwersytetu Medycznego w Łodzi,1
biblioteka/2179,biblioteka,19.450592,51.754105,Biblioteka Chemiczna,1
biblioteka/2180,biblioteka,19.429543,51.786612,,1
biblioteka/2181,biblioteka,19.487353,51.774218,Biblioteka Uniwersytetu Łódzkiego,1
biblioteka/2182,biblioteka,19.453564,51.771995,Biblioteka Secesja,1
biblioteka/2183,biblioteka,19.429193,51.710104,"Biblioteka Miejska w Łodzi, Filia nr 79",1
biblioteka/2184,biblioteka,19.591515,51.794048,Gminna Biblioteka Publiczna Nowosolna,1
biblioteka/2185,biblioteka,19.454066,51.745584,B22 Biblioteka Główna Politechniki Łódzkiej,1
biblioteka/2186,biblioteka,19.376666,51.794635,"Biblioteka Miejska w Łodzi, Filia nr 13",1
biblioteka/2187,biblioteka,19.430076,51.769537,"Biblioteka Miejska w Łodzi, Filia nr 28",1
biblioteka/2188,biblioteka,19.479107,51.779497,Biblioteka Miejska w Łodzi Filia Nr 39,1
biblioteka/2189,biblioteka,19.453456,51.727473,"Biblioteka Miejska w Łodzi, Filia Nr 64",1
biblioteka/2190,biblioteka,19.548461,51.756286,"Biblioteka Miejska w Łodzi, Filia Nr 56",1
biblioteka/2191,biblioteka,19.629618,51.715829,Punkt Biblioteczny w Wiśniowej Górze,0
biblioteka/2192,biblioteka,19.428598,51.820283,"Biblioteka Miejska w Łodzi, Filia nr 16",1
biblioteka/2193,biblioteka,19.458307,51.767996,Mediateka MeMo,1
biblioteka/2194,biblioteka,19.447677,51.776719,"Biblioteka Miejska w Łodzi, Filia Nr 32 ""Gdańska"" (dla dzieci)",1
biblioteka/2195,biblioteka,19.49558,51.737882,"Biblioteka Miejska w Łodzi, Filia Nr 78",1
biblioteka/2196,biblioteka,19.637841,51.726291,Gminna Biblioteka Publiczna w Andrespolu,0
biblioteka/2197,biblioteka,19.467398,51.76654,"Biblioteka Miejska w Łodzi, Filia Nr 63 ""TUVIM""",1
biblioteka/2198,biblioteka,19.495092,51.736576,"Biblioteka Miejska w Łodzi, Filia Nr 74",1
biblioteka/2199,biblioteka,19.502907,51.740115,"Biblioteka Miejska w Łodzi, Filia Nr 75",1
biblioteka/2200,biblioteka,19.480305,51.704923,"Biblioteka Miejska w Łodzi, Filia Nr 77",1
biblioteka/2201,biblioteka,19.475352,51.798889,"Biblioteka Miejska w Łodzi, Filia nr 8",1
biblioteka/2202,biblioteka,19.47299,51.744742,"Biblioteka Miejska w Łodzi, Filia Nr 68",1
biblioteka/2203,biblioteka,19.492082,51.743245,"Biblioteka Miejska w Łodzi, Filia Nr 62",1
biblioteka/2204,biblioteka,19.455464,51.731295,"Biblioteka Miejska w Łodzi, Filia Nr 67",1
biblioteka/2205,biblioteka,19.474948,51.745435,"Biblioteka Miejska w Łodzi, Filia Nr 65",1
biblioteka/2206,biblioteka,19.448378,51.780738,Szuflandia,1
biblioteka/2207,biblioteka,19.474323,51.732557,"Biblioteka Miejska w Łodzi, Filia Nr 70",1
biblioteka/2208,biblioteka,19.440229,51.77413,"Miejska Biblioteka Publiczna Łódź-Polesie, Filia nr 4",1
biblioteka/2209,biblioteka,19.474477,51.776533,"Biblioteka Miejska w Łodzi, Filia nr 38 „Dygresja”",1
biblioteka/2210,biblioteka,19.456212,51.751115,Pedagogiczna Biblioteka Wojewódzka im. prof. Tadeusza Kotarbińskiego,1
biblioteka/2211,biblioteka,19.449465,51.748881,"Biblioteka Miejska w Łodzi, Filia nr 34",1
biblioteka/2212,biblioteka,19.384745,51.772487,"Biblioteka Miejska w Łodzi, Filia Nr 31",1
biblioteka/2213,biblioteka,19.386876,51.739355,"Biblioteka Miejska w Łodzi, Filia Nr 27",1
biblioteka/2214,biblioteka,19.424247,51.749556,"Biblioteka Miejska w Łodzi, Filia nr 36",1
biblioteka/2215,biblioteka,19.455254,51.751769,Miejska Biblioteka Publiczna Łódź-Polesie Filia nr 11,1
biblioteka/2216,biblioteka,19.483948,51.716082,"Biblioteka Miejska w Łodzi, Filia Nr 66 „Inspiracja”",1
biblioteka/2217,biblioteka,19.420952,51.756649,Miejska Biblioteka Publiczna Łódź-Polesie Filia nr 13,1
biblioteka/2218,biblioteka,19.415705,51.755077,"Biblioteka Miejska w Łodzi, Filia nr 25 „Biblioteka z Kotem”",1
biblioteka/2219,biblioteka,19.484375,51.791208,"Biblioteka Miejska w Łodzi, Filia nr 9",1
biblioteka/2220,biblioteka,19.464716,51.786999,"Biblioteka Miejska w Łodzi, Filia nr 6",1
biblioteka/2221,biblioteka,19.397915,51.748855,"Biblioteka Miejska w Łodzi, Filia nr 26",1
biblioteka/2222,biblioteka,19.401274,51.74787,"Bbilioteka Miejska w Łodzi, Filia nr 22",1
biblioteka/2223,biblioteka,19.552596,51.759395,"Biblioteka Miejska w Łodzi, Filia Nr 53",1
biblioteka/2224,biblioteka,19.457653,51.770913,"Biblioteka Miejska w Łodzi, Filia nr 49 ""OTWARTA""",1
biblioteka/2225,biblioteka,19.492087,51.743323,"Biblioteka Miejska w Łodzi, Filia Nr 61",1
biblioteka/2226,biblioteka,19.4852,51.756204,"Biblioteka Miejska w Łodzi, Filia Nr 55",1
biblioteka/2227,biblioteka,19.457854,51.775487,"Biblioteka Miejska w Łodzi, Filia nr 40 ""Odyseja""",1
biblioteka/2228,biblioteka,19.492425,51.779313,"Biblioteka Miejska w Łodzi, Filia nr 42",1
biblioteka/2229,biblioteka,19.48283,51.774175,"Biblioteka Miejska w Łodzi, Filia nr 44",1
biblioteka/2230,biblioteka,19.462027,51.753163,"Biblioteka Miejska w Łodzi, Filia nr 48",1
biblioteka/2231,biblioteka,19.478714,51.767292,"Biblioteka Miejska w Łodzi, Filia nr 63",1
biblioteka/2232,biblioteka,19.484232,51.772919,"Biblioteka Miejska w Łodzi, Filia Nr 41",1
biblioteka/2233,biblioteka,19.461996,51.762772,"Biblioteka Miejska w Łodzi, Filia nr 37",1
biblioteka/2234,biblioteka,19.53027,51.778878,"Biblioteka Miejska w Łodzi, Filia Nr 59",1
biblioteka/2235,biblioteka,19.450781,51.737599,"Biblioteka Miejska w Łodzi, Filia Nr 73",1
biblioteka/2236,biblioteka,19.477782,51.790224,"Biblioteka Miejska w Łodzi, Filia Nr 15 „Słówka”",1
biblioteka/2237,biblioteka,19.612532,51.74048,,1
biblioteka/2238,biblioteka,19.425955,51.776907,"Biblioteka Miejska w Łodzi, Filia Nr 21",1
biblioteka/2239,biblioteka,19.462291,51.753165,"Biblioteka Miejska w Łodzi, Filia nr 47",1
biblioteka/2240,biblioteka,19.424151,51.749576,"Biblioteka Miejska w Łodzi, Filia nr 35",1
biblioteka/2241,biblioteka,19.448399,51.733656,"Biblioteka Miejska w Łodzi, Filia Nr 71",1
biblioteka/2242,biblioteka,19.570907,51.748969,"Biblioteka Miejska w Łodzi, Filia Nr 52",1
biblioteka/2243,biblioteka,19.413749,51.774836,"Biblioteka Miejska w Łodzi, Filia nr 23",1
biblioteka/2244,biblioteka,19.453572,51.774704,Biblioteka dla Dorosłych Nr 11 Łódź-Śródmieście,1
biblioteka/2245,biblioteka,19.423407,51.773662,"Biblioteka Miejska w Łodzi, Filia nr 33 ""Pod Baba Jagą""",1
biblioteka/2246,biblioteka,19.445391,51.818786,"Biblioteka Miejska w Łodzi, Filia Nr 18",1
biblioteka/2247,biblioteka,19.450973,51.763454,Wojewódzka i Miejska Biblioteka Publiczna im. J. Piłsudskiego,1
biblioteka/2248,biblioteka,19.417667,51.787399,"Biblioteka Miejska w Łodzi, Filia nr 19",1
biblioteka/2249,biblioteka,19.435569,51.796682,"Biblioteka Miejska w Łodzi, Filia nr 17",1
biblioteka/2250,biblioteka,19.444669,51.786582,"Biblioteka Miejska w Łodzi, Filia nr 3",1
biblioteka/2251,biblioteka,19.412302,51.789829,"Biblioteka Miejska w Łodzi, Filia nr 20",1
biblioteka/2252,biblioteka,19.385828,51.795316,"Biblioteka Miejska w Łodzi, Filia nr 11",1
biblioteka/2253,biblioteka,19.418239,51.820983,"Biblioteka Miejska w Łodzi, Filia nr 10",1
biblioteka/2254,biblioteka,19.450211,51.784756,"Biblioteka Miejska w Łodzi, Filia nr 12",1
biblioteka/2255,biblioteka,19.454497,51.798965,"Biblioteka Miejska w Łodzi, Filia nr 2",1
biblioteka/2256,biblioteka,19.460197,51.789081,"Biblioteka Miejska w Łodzi, Filia nr 4",1
biblioteka/2257,biblioteka,19.413756,51.749339,"Biblioteka Miejska w Łodzi, Filia nr 30",1
biblioteka/2258,biblioteka,19.562958,51.741853,"Biblioteka Miejska w Łodzi, Filia Nr 58",1
biblioteka/2259,biblioteka,19.465093,51.733145,"Biblioteka Miejska w Łodzi, Filia Nr 69",1
biblioteka/2260,biblioteka,19.523421,51.761002,"Biblioteka Miejska w Łodzi, Filia Nr 57",1
biblioteka/2261,biblioteka,19.453784,51.776527,"Biblioteka Miejska w Łodzi, Filia nr 39 „Wolność”",1
dom_kultury/2262,dom_kultury,19.400274,51.793514,Dom Kultury Lutnia,1
dom_kultury/2263,dom_kultury,19.420154,51.792066,Bałucki Ośrodek Kultury „Rondo”,1
dom_kultury/2264,dom_kultury,19.458506,51.760978,OFF Piotrkowska Center,1
dom_kultury/2265,dom_kultury,19.474151,51.786175,Centrum Dialogu im. Marka Edelmana,1
dom_kultury/2266,dom_kultury,19.463349,51.76062,Świetlica Anielisko,1
dom_kultury/2267,dom_kultury,19.619723,51.702001,Świetlica Środowiskowa w Stróży,0
dom_kultury/2268,dom_kultury,19.432268,51.678591,,0
dom_kultury/2269,dom_kultury,19.479974,51.716288,Klub Osiedlowy Nr 2 Spółdzielni Mieszkaniowej „Chojny”,1
dom_kultury/2270,dom_kultury,19.443661,51.736745,Miejski Ośrodek Pomocy Społecznej Łódź Górna,1
dom_kultury/2271,dom_kultury,19.629593,51.715662,Gminny Ośrodek Kultury w Wiśniowej Górze,0
dom_kultury/2272,dom_kultury,19.637642,51.726768,Rada Sołecka w Andrespolu,0
dom_kultury/2273,dom_kultury,19.623745,51.819205,Gminno Parkowe Centrum Kultury i Ekologii,0
dom_kultury/2274,dom_kultury,19.374771,51.798139,Dom Kultury Relax,1
dom_kultury/2275,dom_kultury,19.494529,51.778197,Uniwersytet Łódzki - Centrum Obsługi Studenta,1
dom_kultury/2276,dom_kultury,19.538083,51.758754,Dom Kultury 502,1
dom_kultury/2277,dom_kultury,19.637556,51.725419,"Gminna Spółdzielnia ""Samopomoc Chłopska"" w Andrespolu",0
dom_kultury/2278,dom_kultury,19.493263,51.77938,Biuro Karier Uniwersytetu Łódzkiego,1
dom_kultury/2279,dom_kultury,19.461854,51.760804,Dom literatury,1
dom_kultury/2280,dom_kultury,19.470413,51.730198,Centrum Kultury Młodych,1
dom_kultury/2281,dom_kultury,19.449258,51.761343,Stowarzyszenie Śpiewacze „HARMONIA”,1
dom_kultury/2282,dom_kultury,19.449795,51.746049,Studencki Klub Turystyczny PŁazik,1
dom_kultury/2283,dom_kultury,19.527114,51.758196,Klub Osiedlowy „Alternatywy”,1
dom_kultury/2284,dom_kultury,19.461495,51.786603,Centrum Zajęć Pozaszkolnych nr 1,1
kino/2285,kino,19.448989,51.780845,Cinema City,1
kino/2286,kino,19.472686,51.756896,Sala Kinowa PWSFiTV,1
kino/2287,kino,19.448863,51.781189,Orange IMAX,1
kino/2288,kino,19.459053,51.761133,Kino letnie,1
kino/2289,kino,19.45525,51.768283,Polonia,1
kino/2290,kino,19.464402,51.766735,Sala kinowa Stowarzyszenia Robotników Chrześcijańskich,1
kino/2291,kino,19.443484,51.757555,3D Wytwórnia,1
kino/2292,kino,19.458641,51.754972,Charlie,1
kino/2293,kino,19.468348,51.7676,Sferyczne Kino 3D,1
kino/2294,kino,19.448358,51.74899,Kino Helios,1
kino/2295,kino,19.460569,51.758982,Multikino Łódź,1
teatr/2296,teatr,19.469735,51.773341,Teatr Wielki,1
teatr/2297,teatr,19.44812,51.763073,Teatr V6,1
teatr/2298,teatr,19.459985,51.771248,Filharmonia Łódzka,1
teatr/2299,teatr,19.461494,51.761799,Teatr Lalek Pinokio,1
teatr/2300,teatr,19.501099,51.768515,Amfiteatr,1
teatr/2301,teatr,19.461839,51.772887,Teatr im. Stefana Jaracza,1
teatr/2302,teatr,19.451988,51.772585,Teatr Nowy im. Kazimierza Dejmka,1
teatr/2303,teatr,19.473053,51.779917,Teatr Muzyczny,1
teatr/2304,teatr,19.459248,51.751179,Teatr D.O.M.,1
teatr/2305,teatr,19.451457,51.763046,Teatr Studyjny PWSFTviT,1
teatr/2306,teatr,19.444386,51.761975,Teatr Logos,1
teatr/2307,teatr,19.445807,51.753291,Amfiteatr w Parku Poniatowskiego,1
teatr/2308,teatr,19.528877,51.757099,,1
teatr/2309,teatr,19.458771,51.779851,,1
teatr/2310,teatr,19.446204,51.78055,Teatr Mały,1
teatr/2311,teatr,19.433071,51.761143,Teatr Szwalnia,1
teatr/2312,teatr,19.450029,51.776667,Teatr Powszechny,1
teatr/2313,teatr,19.463834,51.76073,Sala Teatralna im. ks. Jerzego Popiełuszki,1
teatr/2314,teatr,19.446067,51.804592,Muszla koncertowa,1
teatr/2315,teatr,19.485268,51.763679,Spirit of Łódź,1
teatr/2316,teatr,19.48547,51.76349,Scena Monopolis,1
teatr/2317,teatr,19.527284,51.760424,,1
teatr/2318,teatr,19.450836,51.773178,Teatr Lalek Arlekin,1
teatr/2319,teatr,19.4599,51.761277,Teatr Komedii Impro w Łodzi,1
muzeum/2320,muzeum,19.464211,51.745948,Skansen Łódzkiej Architektury Drewnianej,1
muzeum/2321,muzeum,19.468069,51.767557,Centrum Nauki i Techniki EC1,1
muzeum/2322,muzeum,19.446508,51.778825,Muzeum Sztuki MS2,1
muzeum/2323,muzeum,19.485527,51.754373,Pałac Edwarda Herbsta,1
muzeum/2324,muzeum,19.455555,51.776398,Muzeum Archeologiczne i Etnograficzne w Łodzi,1
muzeum/2325,muzeum,19.480883,51.801781,"Muzeum Tradycji Niepodległościowych, oddz. „Stacja Radegast”",1
muzeum/2326,muzeum,19.482032,51.773986,Muzeum Geologiczne WNG UŁ,1
muzeum/2327,muzeum,19.474613,51.759595,Muzeum Kinematografii,1
muzeum/2328,muzeum,19.462534,51.745507,Centralne Muzeum Włókiennictwa,1
muzeum/2329,muzeum,19.478605,51.771815,Muzeum Komunikacji Miejskiej MPK-Łódź,1
muzeum/2330,muzeum,19.381432,51.753642,Tramwajowa Zajezdnia Muzealna „Brus”,1
muzeum/2331,muzeum,19.466037,51.764652,Muzeum Przyrodnicze UŁ,1
muzeum/2332,muzeum,19.454593,51.777003,Muzeum Kanału „Dętka”,1
muzeum/2333,muzeum,19.451049,51.778721,Muzeum Miasta Łodzi,1
muzeum/2334,muzeum,19.438877,51.809576,"Muzeum Tradycji Niepodległościowych, oddz. ""Radogoszcz"", EKSPOZYCJA MUZEALNA",1
muzeum/2335,muzeum,19.448051,51.780795,Muzeum Fabryki,1
muzeum/2336,muzeum,19.477766,51.753101,Muzeum Książki Artystycznej,1
muzeum/2337,muzeum,19.45438,51.773835,Muzeum Światła,1
muzeum/2338,muzeum,19.469892,51.767128,Centrum Komiksu i Narracji Interaktywnej EC1,1
muzeum/2339,muzeum,19.469276,51.768094,Narodowe Centrum Kultury Filmowej,1
muzeum/2340,muzeum,19.453478,51.767746,Lapidarium detalu architektonicznego,1
muzeum/2341,muzeum,19.467959,51.767038,Ulica Żywiołów EC1,1
muzeum/2342,muzeum,19.451563,51.746646,Muzeum Sportu i Turystyki,1
muzeum/2343,muzeum,19.447296,51.780712,Experymentarium,1
muzeum/2344,muzeum,19.485494,51.763354,Muzeum Monopolu Wódczanego,1
muzeum/2345,muzeum,19.469921,51.76815,Planetarium EC1,1
muzeum/2346,muzeum,19.4474,51.775736,Muzeum Tradycji Niepodległościowych,1
muzeum/2347,muzeum,19.468427,51.771996,Muzeum anatomiczne,1
muzeum/2348,muzeum,19.45429,51.776229,Muzeum Farmacji im. prof. Jana Muszyńskiego,1
muzeum/2349,muzeum,19.454384,51.776151,Muzeum Miasta Łodzi Oddział Kultur i Tradycji Wyznaniowych,1
muzeum/2350,muzeum,19.448283,51.771844,Muzeum Sztuki MS1,1
plac_zabaw/2351,plac_zabaw,19.414469,51.771292,Ogródek Jordanowski,1
plac_zabaw/2352,plac_zabaw,19.560929,51.737101,,1
plac_zabaw/2353,plac_zabaw,19.468443,51.754063,,1
plac_zabaw/2354,plac_zabaw,19.476583,51.716506,Euro-Plac zabaw,1
plac_zabaw/2355,plac_zabaw,19.522923,51.760538,,1
plac_zabaw/2356,plac_zabaw,19.450486,51.738768,,1
plac_zabaw/2357,plac_zabaw,19.463679,51.765041,,1
plac_zabaw/2358,plac_zabaw,19.596895,51.799362,,1
plac_zabaw/2359,plac_zabaw,19.48421,51.791901,,1
plac_zabaw/2360,plac_zabaw,19.529056,51.756564,,1
plac_zabaw/2361,plac_zabaw,19.469856,51.823859,,1
plac_zabaw/2362,plac_zabaw,19.462742,51.798435,,1
plac_zabaw/2363,plac_zabaw,19.470079,51.790036,,1
plac_zabaw/2364,plac_zabaw,19.417907,51.788297,,1
plac_zabaw/2365,plac_zabaw,19.445204,51.819975,,1
plac_zabaw/2366,plac_zabaw,19.426524,51.775802,,1
plac_zabaw/2367,plac_zabaw,19.525307,51.757207,,1
plac_zabaw/2368,plac_zabaw,19.462243,51.733975,,1
plac_zabaw/2369,plac_zabaw,19.464742,51.734025,,1
plac_zabaw/2370,plac_zabaw,19.387284,51.796135,,1
plac_zabaw/2371,plac_zabaw,19.389623,51.79542,,1
plac_zabaw/2372,plac_zabaw,19.502467,51.768047,,1
plac_zabaw/2373,plac_zabaw,19.458856,51.724001,,1
plac_zabaw/2374,plac_zabaw,19.533675,51.760224,,1
plac_zabaw/2375,plac_zabaw,19.533227,51.758832,,1
plac_zabaw/2376,plac_zabaw,19.529392,51.760258,,1
plac_zabaw/2377,plac_zabaw,19.428216,51.774882,,1
plac_zabaw/2378,plac_zabaw,19.522555,51.755809,,1
plac_zabaw/2379,plac_zabaw,19.52194,51.75705,,1
plac_zabaw/2380,plac_zabaw,19.520897,51.755827,,1
plac_zabaw/2381,plac_zabaw,19.477641,51.773773,,1
plac_zabaw/2382,plac_zabaw,19.523456,51.725799,Plac zabaw Na Młynku,1
plac_zabaw/2383,plac_zabaw,19.317036,51.815366,,0
plac_zabaw/2384,plac_zabaw,19.420367,51.789344,,1
plac_zabaw/2385,plac_zabaw,19.431148,51.787708,,1
plac_zabaw/2386,plac_zabaw,19.432423,51.787869,,1
plac_zabaw/2387,plac_zabaw,19.390221,51.746564,,1
plac_zabaw/2388,plac_zabaw,19.454388,51.734344,,1
plac_zabaw/2389,plac_zabaw,19.450112,51.730412,,1
plac_zabaw/2390,plac_zabaw,19.40888,51.738068,,1
plac_zabaw/2391,plac_zabaw,19.353444,51.710966,,1
plac_zabaw/2392,plac_zabaw,19.431643,51.796009,,1
plac_zabaw/2393,plac_zabaw,19.440906,51.793414,,1
plac_zabaw/2394,plac_zabaw,19.439445,51.818838,,1
plac_zabaw/2395,plac_zabaw,19.442712,51.818513,,1
plac_zabaw/2396,plac_zabaw,19.440176,51.817778,,1
plac_zabaw/2397,plac_zabaw,19.436343,51.819025,,1
plac_zabaw/2398,plac_zabaw,19.445975,51.821523,,1
plac_zabaw/2399,plac_zabaw,19.412057,51.767781,,1
plac_zabaw/2400,plac_zabaw,19.472348,51.735862,,1
plac_zabaw/2401,plac_zabaw,19.424266,51.778613,,1
plac_zabaw/2402,plac_zabaw,19.451787,51.726893,Plac zabaw - piaskownica,1
plac_zabaw/2403,plac_zabaw,19.451834,51.72539,,1
plac_zabaw/2404,plac_zabaw,19.453212,51.724141,,1
plac_zabaw/2405,plac_zabaw,19.400424,51.745468,,1
plac_zabaw/2406,plac_zabaw,19.535664,51.754204,,1
plac_zabaw/2407,plac_zabaw,19.388297,51.745225,,1
plac_zabaw/2408,plac_zabaw,19.467639,51.781721,,1
plac_zabaw/2409,plac_zabaw,19.569007,51.737004,,1
plac_zabaw/2410,plac_zabaw,19.564853,51.749341,,1
plac_zabaw/2411,plac_zabaw,19.568584,51.736107,,1
plac_zabaw/2412,plac_zabaw,19.416814,51.745744,,1
plac_zabaw/2413,plac_zabaw,19.396311,51.73974,,1
plac_zabaw/2414,plac_zabaw,19.436038,51.795916,,1
plac_zabaw/2415,plac_zabaw,19.568003,51.746337,,1
plac_zabaw/2416,plac_zabaw,19.566269,51.747683,,1
plac_zabaw/2417,plac_zabaw,19.567925,51.747523,,1
plac_zabaw/2418,plac_zabaw,19.491527,51.747145,,1
plac_zabaw/2419,plac_zabaw,19.490321,51.743072,,1
plac_zabaw/2420,plac_zabaw,19.500376,51.746478,,1
plac_zabaw/2421,plac_zabaw,19.491777,51.744195,,1
plac_zabaw/2422,plac_zabaw,19.501648,51.74275,,1
plac_zabaw/2423,plac_zabaw,19.440018,51.796604,,1
plac_zabaw/2424,plac_zabaw,19.502466,51.729827,,1
plac_zabaw/2425,plac_zabaw,19.498013,51.73061,,1
plac_zabaw/2426,plac_zabaw,19.492322,51.73134,,1
plac_zabaw/2427,plac_zabaw,19.498245,51.733908,,1
plac_zabaw/2428,plac_zabaw,19.49279,51.735846,,1
plac_zabaw/2429,plac_zabaw,19.499987,51.73581,,1
plac_zabaw/2430,plac_zabaw,19.398186,51.795277,,1
plac_zabaw/2431,plac_zabaw,19.498772,51.738924,,1
plac_zabaw/2432,plac_zabaw,19.405192,51.750034,,1
plac_zabaw/2433,plac_zabaw,19.450574,51.797017,,1
plac_zabaw/2434,plac_zabaw,19.380067,51.794131,,1
plac_zabaw/2435,plac_zabaw,19.399422,51.792593,,1
plac_zabaw/2436,plac_zabaw,19.397953,51.789344,,1
plac_zabaw/2437,plac_zabaw,19.460871,51.757185,,1
plac_zabaw/2438,plac_zabaw,19.444798,51.76277,,1
plac_zabaw/2439,plac_zabaw,19.445171,51.752837,,1
plac_zabaw/2440,plac_zabaw,19.414603,51.703318,Port Łodź Junior,1
plac_zabaw/2441,plac_zabaw,19.414465,51.703532,,1
plac_zabaw/2442,plac_zabaw,19.413709,51.703505,,1
plac_zabaw/2443,plac_zabaw,19.413723,51.703748,,1
plac_zabaw/2444,plac_zabaw,19.526995,51.761659,,1
plac_zabaw/2445,plac_zabaw,19.567762,51.749241,,1
plac_zabaw/2446,plac_zabaw,19.463362,51.796219,,1
plac_zabaw/2447,plac_zabaw,19.565079,51.744099,,1
plac_zabaw/2448,plac_zabaw,19.562172,51.743873,,1
plac_zabaw/2449,plac_zabaw,19.561582,51.742438,,1
plac_zabaw/2450,plac_zabaw,19.567125,51.74286,,1
plac_zabaw/2451,plac_zabaw,19.566681,51.743843,,1
plac_zabaw/2452,plac_zabaw,19.421478,51.751509,,1
plac_zabaw/2453,plac_zabaw,19.441999,51.770716,,1
plac_zabaw/2454,plac_zabaw,19.442259,51.763649,,1
plac_zabaw/2455,plac_zabaw,19.428323,51.778486,,1
plac_zabaw/2456,plac_zabaw,19.571328,51.7387,,1
plac_zabaw/2457,plac_zabaw,19.491743,51.718953,,1
plac_zabaw/2458,plac_zabaw,19.494472,51.718218,,1
plac_zabaw/2459,plac_zabaw,19.442173,51.819309,,1
plac_zabaw/2460,plac_zabaw,19.445362,51.820115,,1
plac_zabaw/2461,plac_zabaw,19.442008,51.822219,,1
plac_zabaw/2462,plac_zabaw,19.442898,51.821508,,1
plac_zabaw/2463,plac_zabaw,19.444421,51.822446,,1
plac_zabaw/2464,plac_zabaw,19.447993,51.820132,,1
plac_zabaw/2465,plac_zabaw,19.445719,51.822879,,1
plac_zabaw/2466,plac_zabaw,19.437818,51.818624,,1
plac_zabaw/2467,plac_zabaw,19.461965,51.75437,,1
plac_zabaw/2468,plac_zabaw,19.465021,51.754678,,1
plac_zabaw/2469,plac_zabaw,19.439143,51.820586,,1
plac_zabaw/2470,plac_zabaw,19.440334,51.820872,,1
plac_zabaw/2471,plac_zabaw,19.438571,51.817296,,1
plac_zabaw/2472,plac_zabaw,19.437842,51.823377,,1
plac_zabaw/2473,plac_zabaw,19.441323,51.823131,,1
plac_zabaw/2474,plac_zabaw,19.469051,51.721002,,1
plac_zabaw/2475,plac_zabaw,19.473073,51.719476,,1
plac_zabaw/2476,plac_zabaw,19.501668,51.742456,,1
plac_zabaw/2477,plac_zabaw,19.45228,51.745014,,1
plac_zabaw/2478,plac_zabaw,19.564751,51.739703,,1
plac_zabaw/2479,plac_zabaw,19.56464,51.738578,,1
plac_zabaw/2480,plac_zabaw,19.560345,51.741696,,1
plac_zabaw/2481,plac_zabaw,19.566025,51.740461,,1
plac_zabaw/2482,plac_zabaw,19.56538,51.740573,,1
plac_zabaw/2483,plac_zabaw,19.5673,51.7399,,1
plac_zabaw/2484,plac_zabaw,19.56378,51.742494,,1
plac_zabaw/2485,plac_zabaw,19.563158,51.74247,,1
plac_zabaw/2486,plac_zabaw,19.564497,51.742353,,1
plac_zabaw/2487,plac_zabaw,19.565832,51.742185,,1
plac_zabaw/2488,plac_zabaw,19.566556,51.74207,,1
plac_zabaw/2489,plac_zabaw,19.526243,51.753229,,1
plac_zabaw/2490,plac_zabaw,19.519859,51.756673,,1
plac_zabaw/2491,plac_zabaw,19.524691,51.755326,,1
plac_zabaw/2492,plac_zabaw,19.477101,51.720675,,1
plac_zabaw/2493,plac_zabaw,19.475058,51.720013,,1
plac_zabaw/2494,plac_zabaw,19.431352,51.79605,,1
plac_zabaw/2495,plac_zabaw,19.565594,51.736936,,1
plac_zabaw/2496,plac_zabaw,19.439813,51.795859,,1
plac_zabaw/2497,plac_zabaw,19.571427,51.749848,,1
plac_zabaw/2498,plac_zabaw,19.569308,51.750461,,1
plac_zabaw/2499,plac_zabaw,19.453078,51.797718,,1
plac_zabaw/2500,plac_zabaw,19.452694,51.794957,,1
plac_zabaw/2501,plac_zabaw,19.453924,51.795857,,1
plac_zabaw/2502,plac_zabaw,19.569192,51.737819,,1
plac_zabaw/2503,plac_zabaw,19.564209,51.737882,,1
plac_zabaw/2504,plac_zabaw,19.56361,51.738265,,1
plac_zabaw/2505,plac_zabaw,19.563544,51.740901,,1
plac_zabaw/2506,plac_zabaw,19.568381,51.742398,,1
plac_zabaw/2507,plac_zabaw,19.568999,51.743537,,1
plac_zabaw/2508,plac_zabaw,19.499703,51.747864,,1
plac_zabaw/2509,plac_zabaw,19.500717,51.744204,,1
plac_zabaw/2510,plac_zabaw,19.567767,51.743612,,1
plac_zabaw/2511,plac_zabaw,19.490018,51.741156,,1
plac_zabaw/2512,plac_zabaw,19.56408,51.744317,,1
plac_zabaw/2513,plac_zabaw,19.50186,51.738079,,1
plac_zabaw/2514,plac_zabaw,19.563808,51.743429,,1
plac_zabaw/2515,plac_zabaw,19.479029,51.785638,,1
plac_zabaw/2516,plac_zabaw,19.572023,51.743102,,1
plac_zabaw/2517,plac_zabaw,19.572951,51.742943,,1
plac_zabaw/2518,plac_zabaw,19.572722,51.74243,,1
plac_zabaw/2519,plac_zabaw,19.57179,51.742591,,1
plac_zabaw/2520,plac_zabaw,19.571115,51.741616,,1
plac_zabaw/2521,plac_zabaw,19.571046,51.740751,,1
plac_zabaw/2522,plac_zabaw,19.573804,51.742053,,1
plac_zabaw/2523,plac_zabaw,19.576807,51.741912,,1
plac_zabaw/2524,plac_zabaw,19.576358,51.741992,,1
plac_zabaw/2525,plac_zabaw,19.404278,51.746769,,1
plac_zabaw/2526,plac_zabaw,19.495167,51.734716,,1
plac_zabaw/2527,plac_zabaw,19.551124,51.740661,,1
plac_zabaw/2528,plac_zabaw,19.407792,51.754723,,1
plac_zabaw/2529,plac_zabaw,19.440692,51.779744,,1
plac_zabaw/2530,plac_zabaw,19.569878,51.745986,,1
plac_zabaw/2531,plac_zabaw,19.569958,51.746446,,1
plac_zabaw/2532,plac_zabaw,19.570344,51.74687,,1
plac_zabaw/2533,plac_zabaw,19.565832,51.746657,,1
plac_zabaw/2534,plac_zabaw,19.564645,51.748034,,1
plac_zabaw/2535,plac_zabaw,19.565087,51.750395,,1
plac_zabaw/2536,plac_zabaw,19.565979,51.750237,,1
plac_zabaw/2537,plac_zabaw,19.588333,51.79369,,1
plac_zabaw/2538,plac_zabaw,19.564112,51.752313,,1
plac_zabaw/2539,plac_zabaw,19.413835,51.746607,,1
plac_zabaw/2540,plac_zabaw,19.474822,51.73291,,1
plac_zabaw/2541,plac_zabaw,19.476913,51.734477,,1
plac_zabaw/2542,plac_zabaw,19.475836,51.734854,,1
plac_zabaw/2543,plac_zabaw,19.566236,51.753946,,1
plac_zabaw/2544,plac_zabaw,19.568279,51.753598,,1
plac_zabaw/2545,plac_zabaw,19.569624,51.753447,,1
plac_zabaw/2546,plac_zabaw,19.570783,51.753214,,1
plac_zabaw/2547,plac_zabaw,19.431024,51.73491,,1
plac_zabaw/2548,plac_zabaw,19.474363,51.736544,,1
plac_zabaw/2549,plac_zabaw,19.414132,51.745278,,1
plac_zabaw/2550,plac_zabaw,19.417454,51.746246,,1
plac_zabaw/2551,plac_zabaw,19.387766,51.797091,,1
plac_zabaw/2552,plac_zabaw,19.398465,51.791169,Ogródek Jordanowski,1
plac_zabaw/2553,plac_zabaw,19.378233,51.792635,,1
plac_zabaw/2554,plac_zabaw,19.384623,51.797363,,1
plac_zabaw/2555,plac_zabaw,19.373332,51.797372,,1
plac_zabaw/2556,plac_zabaw,19.475265,51.742482,,1
plac_zabaw/2557,plac_zabaw,19.412606,51.743163,,1
plac_zabaw/2558,plac_zabaw,19.410563,51.742583,,1
plac_zabaw/2559,plac_zabaw,19.545826,51.761312,,1
plac_zabaw/2560,plac_zabaw,19.541529,51.761233,,1
plac_zabaw/2561,plac_zabaw,19.543102,51.760949,,1
plac_zabaw/2562,plac_zabaw,19.539071,51.759374,,1
plac_zabaw/2563,plac_zabaw,19.379182,51.798014,,1
plac_zabaw/2564,plac_zabaw,19.385624,51.797119,,1
plac_zabaw/2565,plac_zabaw,19.572861,51.751716,,1
plac_zabaw/2566,plac_zabaw,19.432909,51.806333,,1
plac_zabaw/2567,plac_zabaw,19.494922,51.744903,,1
plac_zabaw/2568,plac_zabaw,19.406098,51.74331,,1
plac_zabaw/2569,plac_zabaw,19.406276,51.742167,,1
plac_zabaw/2570,plac_zabaw,19.449354,51.763154,,1
plac_zabaw/2571,plac_zabaw,19.407071,51.746324,,1
plac_zabaw/2572,plac_zabaw,19.406798,51.746853,,1
plac_zabaw/2573,plac_zabaw,19.403296,51.742786,,1
plac_zabaw/2574,plac_zabaw,19.402914,51.743687,,1
plac_zabaw/2575,plac_zabaw,19.461273,51.765139,,1
plac_zabaw/2576,plac_zabaw,19.567922,51.749752,,1
plac_zabaw/2577,plac_zabaw,19.462364,51.756555,,1
plac_zabaw/2578,plac_zabaw,19.423873,51.787571,,1
plac_zabaw/2579,plac_zabaw,19.423027,51.786958,,1
plac_zabaw/2580,plac_zabaw,19.44649,51.788756,,1
plac_zabaw/2581,plac_zabaw,19.398894,51.741913,,1
plac_zabaw/2582,plac_zabaw,19.439427,51.822038,,1
plac_zabaw/2583,plac_zabaw,19.409425,51.743309,,1
plac_zabaw/2584,plac_zabaw,19.393208,51.74085,,1
plac_zabaw/2585,plac_zabaw,19.390868,51.738388,,1
plac_zabaw/2586,plac_zabaw,19.396984,51.741469,,1
plac_zabaw/2587,plac_zabaw,19.460579,51.768824,,1
plac_zabaw/2588,plac_zabaw,19.424362,51.774472,,1
plac_zabaw/2589,plac_zabaw,19.441635,51.693179,,1
plac_zabaw/2590,plac_zabaw,19.482827,51.716658,,1
plac_zabaw/2591,plac_zabaw,19.483432,51.714978,,1
plac_zabaw/2592,plac_zabaw,19.485128,51.714233,,1
plac_zabaw/2593,plac_zabaw,19.465461,51.77402,,1
plac_zabaw/2594,plac_zabaw,19.474139,51.797608,,1
plac_zabaw/2595,plac_zabaw,19.471117,51.774307,,1
plac_zabaw/2596,plac_zabaw,19.472221,51.774305,,1
plac_zabaw/2597,plac_zabaw,19.434939,51.817259,,1
plac_zabaw/2598,plac_zabaw,19.47362,51.778207,Buduj Wyobraźnię,1
plac_zabaw/2599,plac_zabaw,19.459889,51.775885,,1
plac_zabaw/2600,plac_zabaw,19.487358,51.781456,,1
plac_zabaw/2601,plac_zabaw,19.487166,51.781442,,1
plac_zabaw/2602,plac_zabaw,19.488779,51.779296,,1
plac_zabaw/2603,plac_zabaw,19.497498,51.780093,,1
plac_zabaw/2604,plac_zabaw,19.48836,51.78158,,1
plac_zabaw/2605,plac_zabaw,19.45136,51.783497,,1
plac_zabaw/2606,plac_zabaw,19.429346,51.807758,,1
plac_zabaw/2607,plac_zabaw,19.431341,51.807182,,1
plac_zabaw/2608,plac_zabaw,19.481584,51.751836,,1
plac_zabaw/2609,plac_zabaw,19.412119,51.793379,,1
plac_zabaw/2610,plac_zabaw,19.409792,51.793032,,1
plac_zabaw/2611,plac_zabaw,19.41191,51.792651,,1
plac_zabaw/2612,plac_zabaw,19.39704,51.794971,,1
plac_zabaw/2613,plac_zabaw,19.459016,51.799342,Piaskownica,1
plac_zabaw/2614,plac_zabaw,19.462561,51.799409,,1
plac_zabaw/2615,plac_zabaw,19.464871,51.798929,,1
plac_zabaw/2616,plac_zabaw,19.461311,51.798676,,1
plac_zabaw/2617,plac_zabaw,19.463807,51.796206,,1
plac_zabaw/2618,plac_zabaw,19.462996,51.795403,,1
plac_zabaw/2619,plac_zabaw,19.462189,51.794508,,1
plac_zabaw/2620,plac_zabaw,19.462401,51.793986,,1
plac_zabaw/2621,plac_zabaw,19.463977,51.793084,,1
plac_zabaw/2622,plac_zabaw,19.481106,51.71744,,1
plac_zabaw/2623,plac_zabaw,19.479592,51.715845,,1
plac_zabaw/2624,plac_zabaw,19.478072,51.717303,,1
plac_zabaw/2625,plac_zabaw,19.409679,51.743928,,1
plac_zabaw/2626,plac_zabaw,19.491993,51.74218,,1
plac_zabaw/2627,plac_zabaw,19.441451,51.799579,,1
plac_zabaw/2628,plac_zabaw,19.445072,51.79324,,1
plac_zabaw/2629,plac_zabaw,19.444242,51.793023,,1
plac_zabaw/2630,plac_zabaw,19.447952,51.785594,,1
plac_zabaw/2631,plac_zabaw,19.44026,51.786256,,1
plac_zabaw/2632,plac_zabaw,19.448655,51.785678,,1
plac_zabaw/2633,plac_zabaw,19.440224,51.790616,,1
plac_zabaw/2634,plac_zabaw,19.594073,51.798359,,1
plac_zabaw/2635,plac_zabaw,19.452497,51.79376,,1
plac_zabaw/2636,plac_zabaw,19.438877,51.763532,,1
plac_zabaw/2637,plac_zabaw,19.440931,51.761397,,1
plac_zabaw/2638,plac_zabaw,19.378975,51.74292,,1
plac_zabaw/2639,plac_zabaw,19.374044,51.811128,,1
plac_zabaw/2640,plac_zabaw,19.434712,51.760205,,1
plac_zabaw/2641,plac_zabaw,19.45115,51.76898,,1
plac_zabaw/2642,plac_zabaw,19.480326,51.773363,,1
plac_zabaw/2643,plac_zabaw,19.395744,51.741989,,1
plac_zabaw/2644,plac_zabaw,19.430729,51.769947,,1
plac_zabaw/2645,plac_zabaw,19.459184,51.781156,Przedszkolny plac zabaw,1
plac_zabaw/2646,plac_zabaw,19.459584,51.782146,,1
plac_zabaw/2647,plac_zabaw,19.394345,51.738785,,1
plac_zabaw/2648,plac_zabaw,19.459061,51.783465,,1
plac_zabaw/2649,plac_zabaw,19.383619,51.79444,,1
plac_zabaw/2650,plac_zabaw,19.47842,51.779383,,1
plac_zabaw/2651,plac_zabaw,19.457925,51.790671,,1
plac_zabaw/2652,plac_zabaw,19.481642,51.762084,,1
plac_zabaw/2653,plac_zabaw,19.487712,51.74231,,1
plac_zabaw/2654,plac_zabaw,19.484669,51.756524,,1
plac_zabaw/2655,plac_zabaw,19.423772,51.784912,,1
plac_zabaw/2656,plac_zabaw,19.437817,51.785894,,1
plac_zabaw/2657,plac_zabaw,19.441313,51.785378,,1
plac_zabaw/2658,plac_zabaw,19.455719,51.785366,,1
plac_zabaw/2659,plac_zabaw,19.457625,51.785933,,1
plac_zabaw/2660,plac_zabaw,19.467491,51.737741,,1
plac_zabaw/2661,plac_zabaw,19.46066,51.789255,,1
plac_zabaw/2662,plac_zabaw,19.465772,51.789806,,1
plac_zabaw/2663,plac_zabaw,19.464729,51.791608,,1
plac_zabaw/2664,plac_zabaw,19.46631,51.792864,,1
plac_zabaw/2665,plac_zabaw,19.469422,51.78759,,1
plac_zabaw/2666,plac_zabaw,19.483829,51.791143,,1
plac_zabaw/2667,plac_zabaw,19.485164,51.792145,,1
plac_zabaw/2668,plac_zabaw,19.473292,51.792165,,1
plac_zabaw/2669,plac_zabaw,19.450482,51.732619,,1
plac_zabaw/2670,plac_zabaw,19.446646,51.711733,,1
plac_zabaw/2671,plac_zabaw,19.315771,51.809266,,0
plac_zabaw/2672,plac_zabaw,19.316085,51.810017,,0
plac_zabaw/2673,plac_zabaw,19.317084,51.808785,,0
plac_zabaw/2674,plac_zabaw,19.314358,51.81035,,0
plac_zabaw/2675,plac_zabaw,19.313301,51.808466,,0
plac_zabaw/2676,plac_zabaw,19.32361,51.807353,,1
plac_zabaw/2677,plac_zabaw,19.477968,51.791277,,1
plac_zabaw/2678,plac_zabaw,19.476934,51.793283,,1
plac_zabaw/2679,plac_zabaw,19.475818,51.79277,,1
plac_zabaw/2680,plac_zabaw,19.474135,51.793599,,1
plac_zabaw/2681,plac_zabaw,19.474649,51.793209,,1
plac_zabaw/2682,plac_zabaw,19.322748,51.789915,,0
plac_zabaw/2683,plac_zabaw,19.471982,51.743914,,1
plac_zabaw/2684,plac_zabaw,19.445127,51.794139,,1
plac_zabaw/2685,plac_zabaw,19.485645,51.750701,,1
plac_zabaw/2686,plac_zabaw,19.404147,51.760405,,1
plac_zabaw/2687,plac_zabaw,19.310917,51.816784,,0
plac_zabaw/2688,plac_zabaw,19.467984,51.804045,,1
plac_zabaw/2689,plac_zabaw,19.455245,51.754623,,1
plac_zabaw/2690,plac_zabaw,19.45907,51.751454,,1
plac_zabaw/2691,plac_zabaw,19.567025,51.751768,Plac zabaw w Parku na Janowie,1
plac_zabaw/2692,plac_zabaw,19.447809,51.733555,,1
plac_zabaw/2693,plac_zabaw,19.484569,51.712468,Statek piracki i inne,1
plac_zabaw/2694,plac_zabaw,19.421018,51.747385,,1
plac_zabaw/2695,plac_zabaw,19.325861,51.747098,,0
plac_zabaw/2696,plac_zabaw,19.490723,51.716013,,1
plac_zabaw/2697,plac_zabaw,19.487652,51.716734,,1
plac_zabaw/2698,plac_zabaw,19.489091,51.717826,,1
plac_zabaw/2699,plac_zabaw,19.494657,51.718494,,1
plac_zabaw/2700,plac_zabaw,19.494307,51.715753,,1
plac_zabaw/2701,plac_zabaw,19.494953,51.71468,,1
plac_zabaw/2702,plac_zabaw,19.487474,51.720337,,1
plac_zabaw/2703,plac_zabaw,19.488626,51.718795,,1
plac_zabaw/2704,plac_zabaw,19.488586,51.718933,,1
plac_zabaw/2705,plac_zabaw,19.490978,51.721925,,1
plac_zabaw/2706,plac_zabaw,19.491225,51.71986,,1
plac_zabaw/2707,plac_zabaw,19.493976,51.719897,,1
plac_zabaw/2708,plac_zabaw,19.494514,51.721367,,1
plac_zabaw/2709,plac_zabaw,19.498326,51.721006,,1
plac_zabaw/2710,plac_zabaw,19.571321,51.751083,,1
plac_zabaw/2711,plac_zabaw,19.425956,51.815306,,1
plac_zabaw/2712,plac_zabaw,19.43785,51.701662,,1
plac_zabaw/2713,plac_zabaw,19.483197,51.818023,,1
plac_zabaw/2714,plac_zabaw,19.478649,51.744285,,1
plac_zabaw/2715,plac_zabaw,19.44474,51.73515,,1
plac_zabaw/2716,plac_zabaw,19.501454,51.742629,,1
plac_zabaw/2717,plac_zabaw,19.525345,51.758066,,1
plac_zabaw/2718,plac_zabaw,19.545143,51.756342,,1
plac_zabaw/2719,plac_zabaw,19.544621,51.756838,,1
plac_zabaw/2720,plac_zabaw,19.491145,51.749058,,1
plac_zabaw/2721,plac_zabaw,19.521985,51.795763,,1
plac_zabaw/2722,plac_zabaw,19.475584,51.770382,,1
plac_zabaw/2723,plac_zabaw,19.461082,51.776832,,1
plac_zabaw/2724,plac_zabaw,19.410757,51.769929,,1
plac_zabaw/2725,plac_zabaw,19.410633,51.770344,,1
plac_zabaw/2726,plac_zabaw,19.434825,51.803401,,1
plac_zabaw/2727,plac_zabaw,19.522359,51.762662,,1
plac_zabaw/2728,plac_zabaw,19.428914,51.855117,,0
plac_zabaw/2729,plac_zabaw,19.504752,51.746616,,1
plac_zabaw/2730,plac_zabaw,19.372946,51.800118,,1
plac_zabaw/2731,plac_zabaw,19.373422,51.798815,,1
plac_zabaw/2732,plac_zabaw,19.374098,51.79957,,1
plac_zabaw/2733,plac_zabaw,19.378195,51.799329,,1
plac_zabaw/2734,plac_zabaw,19.379147,51.799084,,1
plac_zabaw/2735,plac_zabaw,19.381672,51.798558,,1
plac_zabaw/2736,plac_zabaw,19.43805,51.768,,1
plac_zabaw/2737,plac_zabaw,19.568024,51.741503,,1
plac_zabaw/2738,plac_zabaw,19.470611,51.823931,Wodny Plac Zabaw,1
plac_zabaw/2739,plac_zabaw,19.449493,51.737876,,1
plac_zabaw/2740,plac_zabaw,19.391235,51.78616,,1
plac_zabaw/2741,plac_zabaw,19.368443,51.800297,,1
plac_zabaw/2742,plac_zabaw,19.439968,51.804276,,1
plac_zabaw/2743,plac_zabaw,19.469572,51.75205,,1
plac_zabaw/2744,plac_zabaw,19.539684,51.761899,,1
plac_zabaw/2745,plac_zabaw,19.474475,51.734255,,1
plac_zabaw/2746,plac_zabaw,19.447607,51.732488,,1
plac_zabaw/2747,plac_zabaw,19.438162,51.765439,,1
plac_zabaw/2748,plac_zabaw,19.438468,51.764933,,1
plac_zabaw/2749,plac_zabaw,19.544005,51.711108,,1
plac_zabaw/2750,plac_zabaw,19.544454,51.711046,,1
plac_zabaw/2751,plac_zabaw,19.415783,51.790513,,1
plac_zabaw/2752,plac_zabaw,19.441246,51.774632,,1
plac_zabaw/2753,plac_zabaw,19.465643,51.807738,,1
plac_zabaw/2754,plac_zabaw,19.443759,51.787393,,1
plac_zabaw/2755,plac_zabaw,19.602352,51.702872,,1
plac_zabaw/2756,plac_zabaw,19.605332,51.702532,,1
plac_zabaw/2757,plac_zabaw,19.42403,51.790326,,1
plac_zabaw/2758,plac_zabaw,19.419787,51.78718,,1
plac_zabaw/2759,plac_zabaw,19.390117,51.747344,,1
plac_zabaw/2760,plac_zabaw,19.406554,51.75068,,1
plac_zabaw/2761,plac_zabaw,19.407368,51.751993,,1
plac_zabaw/2762,plac_zabaw,19.402637,51.7486,,1
plac_zabaw/2763,plac_zabaw,19.573645,51.738624,,1
plac_zabaw/2764,plac_zabaw,19.398805,51.750584,,1
plac_zabaw/2765,plac_zabaw,19.411315,51.77023,Wzgórze Trzech Wież,1
plac_zabaw/2766,plac_zabaw,19.420307,51.763163,,1
plac_zabaw/2767,plac_zabaw,19.476319,51.735506,,1
plac_zabaw/2768,plac_zabaw,19.391586,51.748083,,1
plac_zabaw/2769,plac_zabaw,19.472949,51.733957,,1
plac_zabaw/2770,plac_zabaw,19.495028,51.691626,,0
plac_zabaw/2771,plac_zabaw,19.393063,51.778195,,1
plac_zabaw/2772,plac_zabaw,19.329343,51.749049,,0
plac_zabaw/2773,plac_zabaw,19.509076,51.692682,,0
plac_zabaw/2774,plac_zabaw,19.418968,51.787075,,1
plac_zabaw/2775,plac_zabaw,19.525725,51.761648,,1
plac_zabaw/2776,plac_zabaw,19.548279,51.760296,,1
plac_zabaw/2777,plac_zabaw,19.5505,51.759786,,1
plac_zabaw/2778,plac_zabaw,19.551232,51.759518,,1
plac_zabaw/2779,plac_zabaw,19.553119,51.759924,,1
plac_zabaw/2780,plac_zabaw,19.549999,51.756321,,1
plac_zabaw/2781,plac_zabaw,19.545367,51.757356,,1
plac_zabaw/2782,plac_zabaw,19.547374,51.757935,,1
plac_zabaw/2783,plac_zabaw,19.430704,51.7853,,1
plac_zabaw/2784,plac_zabaw,19.414323,51.754871,,1
plac_zabaw/2785,plac_zabaw,19.480259,51.734024,,1
plac_zabaw/2786,plac_zabaw,19.483721,51.734234,,1
plac_zabaw/2787,plac_zabaw,19.482494,51.739353,,1
plac_zabaw/2788,plac_zabaw,19.497071,51.729655,,1
plac_zabaw/2789,plac_zabaw,19.489938,51.735175,,1
plac_zabaw/2790,plac_zabaw,19.490534,51.730912,,1
plac_zabaw/2791,plac_zabaw,19.480569,51.728383,,1
plac_zabaw/2792,plac_zabaw,19.486835,51.729269,,1
plac_zabaw/2793,plac_zabaw,19.466322,51.733287,,1
plac_zabaw/2794,plac_zabaw,19.475352,51.722396,,1
plac_zabaw/2795,plac_zabaw,19.479501,51.718829,,1
plac_zabaw/2796,plac_zabaw,19.482572,51.720044,,1
plac_zabaw/2797,plac_zabaw,19.473601,51.722704,,1
plac_zabaw/2798,plac_zabaw,19.47194,51.721408,,1
plac_zabaw/2799,plac_zabaw,19.455112,51.729525,,1
plac_zabaw/2800,plac_zabaw,19.452423,51.729931,,1
plac_zabaw/2801,plac_zabaw,19.460251,51.728362,,1
plac_zabaw/2802,plac_zabaw,19.376742,51.799892,,1
plac_zabaw/2803,plac_zabaw,19.376741,51.799888,,1
plac_zabaw/2804,plac_zabaw,19.507748,51.746944,,1
plac_zabaw/2805,plac_zabaw,19.494644,51.746642,,1
plac_zabaw/2806,plac_zabaw,19.477948,51.847435,,1
plac_zabaw/2807,plac_zabaw,19.482837,51.834416,,1
plac_zabaw/2808,plac_zabaw,19.439269,51.799317,,1
plac_zabaw/2809,plac_zabaw,19.431839,51.824356,,1
plac_zabaw/2810,plac_zabaw,19.431443,51.825257,,1
plac_zabaw/2811,plac_zabaw,19.53159,51.755122,,1
plac_zabaw/2812,plac_zabaw,19.527013,51.755048,,1
plac_zabaw/2813,plac_zabaw,19.529231,51.754778,,1
plac_zabaw/2814,plac_zabaw,19.522769,51.754008,,1
plac_zabaw/2815,plac_zabaw,19.522953,51.753329,,1
plac_zabaw/2816,plac_zabaw,19.522992,51.75294,,1
plac_zabaw/2817,plac_zabaw,19.524018,51.753452,,1
plac_zabaw/2818,plac_zabaw,19.523989,51.754207,,1
plac_zabaw/2819,plac_zabaw,19.521609,51.752971,,1
plac_zabaw/2820,plac_zabaw,19.522306,51.756636,,1
plac_zabaw/2821,plac_zabaw,19.537495,51.753999,,1
plac_zabaw/2822,plac_zabaw,19.537133,51.753281,,1
plac_zabaw/2823,plac_zabaw,19.539785,51.753625,,1
plac_zabaw/2824,plac_zabaw,19.539799,51.7528,,1
plac_zabaw/2825,plac_zabaw,19.537349,51.755319,,1
plac_zabaw/2826,plac_zabaw,19.539957,51.757892,,1
plac_zabaw/2827,plac_zabaw,19.540853,51.756755,,1
plac_zabaw/2828,plac_zabaw,19.448253,51.732476,,1
plac_zabaw/2829,plac_zabaw,19.447912,51.732422,,1
plac_zabaw/2830,plac_zabaw,19.541689,51.7585,,1
plac_zabaw/2831,plac_zabaw,19.548184,51.75719,,1
plac_zabaw/2832,plac_zabaw,19.496931,51.735986,,1
plac_zabaw/2833,plac_zabaw,19.502886,51.734239,,1
plac_zabaw/2834,plac_zabaw,19.490943,51.736891,,1
plac_zabaw/2835,plac_zabaw,19.490691,51.733181,,1
plac_zabaw/2836,plac_zabaw,19.4912,51.733997,,1
plac_zabaw/2837,plac_zabaw,19.440919,51.724441,,1
plac_zabaw/2838,plac_zabaw,19.440612,51.724872,,1
plac_zabaw/2839,plac_zabaw,19.415643,51.739223,,1
plac_zabaw/2840,plac_zabaw,19.492248,51.734923,,1
plac_zabaw/2841,plac_zabaw,19.492207,51.729117,,1
plac_zabaw/2842,plac_zabaw,19.49218,51.729296,,1
plac_zabaw/2843,plac_zabaw,19.494903,51.731403,,1
plac_zabaw/2844,plac_zabaw,19.494972,51.731439,,1
plac_zabaw/2845,plac_zabaw,19.495591,51.729557,,1
plac_zabaw/2846,plac_zabaw,19.495202,51.730607,,1
plac_zabaw/2847,plac_zabaw,19.496221,51.728783,,1
plac_zabaw/2848,plac_zabaw,19.498727,51.72854,,1
plac_zabaw/2849,plac_zabaw,19.501288,51.729098,,1
plac_zabaw/2850,plac_zabaw,19.50005,51.730099,,1
plac_zabaw/2851,plac_zabaw,19.501742,51.730437,,1
plac_zabaw/2852,plac_zabaw,19.502622,51.729807,,1
plac_zabaw/2853,plac_zabaw,19.50292,51.730866,,1
plac_zabaw/2854,plac_zabaw,19.487375,51.745135,,1
plac_zabaw/2855,plac_zabaw,19.486266,51.743266,,1
plac_zabaw/2856,plac_zabaw,19.487826,51.735428,,1
plac_zabaw/2857,plac_zabaw,19.487679,51.733759,,1
plac_zabaw/2858,plac_zabaw,19.487974,51.734485,,1
plac_zabaw/2859,plac_zabaw,19.486443,51.734228,,1
plac_zabaw/2860,plac_zabaw,19.483063,51.733799,,1
plac_zabaw/2861,plac_zabaw,19.486822,51.73642,,1
plac_zabaw/2862,plac_zabaw,19.485194,51.736128,,1
plac_zabaw/2863,plac_zabaw,19.48398,51.736229,,1
plac_zabaw/2864,plac_zabaw,19.487575,51.768973,,1
plac_zabaw/2865,plac_zabaw,19.486427,51.73741,,1
plac_zabaw/2866,plac_zabaw,19.486227,51.730036,,1
plac_zabaw/2867,plac_zabaw,19.482903,51.730101,,1
plac_zabaw/2868,plac_zabaw,19.48227,51.728551,,1
plac_zabaw/2869,plac_zabaw,19.48293,51.728601,,1
plac_zabaw/2870,plac_zabaw,19.486427,51.731718,,1
plac_zabaw/2871,plac_zabaw,19.486388,51.731911,,1
plac_zabaw/2872,plac_zabaw,19.481108,51.730938,,1
plac_zabaw/2873,plac_zabaw,19.488867,51.759411,,1
plac_zabaw/2874,plac_zabaw,19.489968,51.761443,,1
plac_zabaw/2875,plac_zabaw,19.504344,51.736847,,1
plac_zabaw/2876,plac_zabaw,19.504535,51.739627,,1
plac_zabaw/2877,plac_zabaw,19.503522,51.739638,,1
plac_zabaw/2878,plac_zabaw,19.503963,51.738763,,1
plac_zabaw/2879,plac_zabaw,19.502956,51.741044,,1
plac_zabaw/2880,plac_zabaw,19.502262,51.741871,,1
plac_zabaw/2881,plac_zabaw,19.502833,51.741905,,1
plac_zabaw/2882,plac_zabaw,19.504566,51.741876,,1
plac_zabaw/2883,plac_zabaw,19.502,51.740001,,1
plac_zabaw/2884,plac_zabaw,19.497407,51.739343,,1
plac_zabaw/2885,plac_zabaw,19.499388,51.738185,,1
plac_zabaw/2886,plac_zabaw,19.50011,51.738616,,1
plac_zabaw/2887,plac_zabaw,19.498765,51.737089,,1
plac_zabaw/2888,plac_zabaw,19.496618,51.737299,,1
plac_zabaw/2889,plac_zabaw,19.489792,51.739136,,1
plac_zabaw/2890,plac_zabaw,19.491747,51.738765,,1
plac_zabaw/2891,plac_zabaw,19.49192,51.740279,,1
plac_zabaw/2892,plac_zabaw,19.494476,51.740479,,1
plac_zabaw/2893,plac_zabaw,19.494092,51.739126,,1
plac_zabaw/2894,plac_zabaw,19.501127,51.743131,,1
plac_zabaw/2895,plac_zabaw,19.500747,51.744098,,1
plac_zabaw/2896,plac_zabaw,19.496003,51.743297,,1
plac_zabaw/2897,plac_zabaw,19.496263,51.744217,,1
plac_zabaw/2898,plac_zabaw,19.496081,51.745755,,1
plac_zabaw/2899,plac_zabaw,19.437687,51.783396,,1
plac_zabaw/2900,plac_zabaw,19.434924,51.783219,,1
plac_zabaw/2901,plac_zabaw,19.427628,51.783306,,1
plac_zabaw/2902,plac_zabaw,19.427094,51.783249,,1
plac_zabaw/2903,plac_zabaw,19.43108,51.784445,,1
plac_zabaw/2904,plac_zabaw,19.475104,51.740813,,1
plac_zabaw/2905,plac_zabaw,19.435709,51.784069,,1
plac_zabaw/2906,plac_zabaw,19.425281,51.784545,,1
plac_zabaw/2907,plac_zabaw,19.425541,51.788193,,1
plac_zabaw/2908,plac_zabaw,19.424996,51.786206,,1
plac_zabaw/2909,plac_zabaw,19.427611,51.788663,,1
plac_zabaw/2910,plac_zabaw,19.42893,51.789901,,1
plac_zabaw/2911,plac_zabaw,19.415183,51.786165,,1
plac_zabaw/2912,plac_zabaw,19.405944,51.791682,,1
plac_zabaw/2913,plac_zabaw,19.398754,51.79457,,1
plac_zabaw/2914,plac_zabaw,19.435462,51.804675,,1
plac_zabaw/2915,plac_zabaw,19.434937,51.805207,,1
plac_zabaw/2916,plac_zabaw,19.394155,51.791474,,1
plac_zabaw/2917,plac_zabaw,19.39586,51.789664,,1
plac_zabaw/2918,plac_zabaw,19.399603,51.790957,,1
plac_zabaw/2919,plac_zabaw,19.388912,51.790935,,1
plac_zabaw/2920,plac_zabaw,19.390507,51.79159,,1
plac_zabaw/2921,plac_zabaw,19.389539,51.793964,,1
plac_zabaw/2922,plac_zabaw,19.391228,51.795028,,1
plac_zabaw/2923,plac_zabaw,19.392516,51.794899,,1
plac_zabaw/2924,plac_zabaw,19.387627,51.791927,,1
plac_zabaw/2925,plac_zabaw,19.385326,51.792071,,1
plac_zabaw/2926,plac_zabaw,19.534204,51.775368,,1
plac_zabaw/2927,plac_zabaw,19.529991,51.779492,,1
plac_zabaw/2928,plac_zabaw,19.386451,51.793013,,1
plac_zabaw/2929,plac_zabaw,19.387425,51.794504,,1
plac_zabaw/2930,plac_zabaw,19.478149,51.711194,,1
plac_zabaw/2931,plac_zabaw,19.382246,51.794119,,1
plac_zabaw/2932,plac_zabaw,19.438214,51.822456,,1
plac_zabaw/2933,plac_zabaw,19.37355,51.792389,,1
plac_zabaw/2934,plac_zabaw,19.379223,51.794268,,1
plac_zabaw/2935,plac_zabaw,19.464931,51.770118,,1
plac_zabaw/2936,plac_zabaw,19.381294,51.797605,,1
plac_zabaw/2937,plac_zabaw,19.377919,51.798388,,1
plac_zabaw/2938,plac_zabaw,19.373701,51.798251,,1
plac_zabaw/2939,plac_zabaw,19.373255,51.797722,,1
plac_zabaw/2940,plac_zabaw,19.372594,51.796313,,1
plac_zabaw/2941,plac_zabaw,19.430563,51.817404,,1
plac_zabaw/2942,plac_zabaw,19.430364,51.816704,,1
plac_zabaw/2943,plac_zabaw,19.428556,51.81864,,1
plac_zabaw/2944,plac_zabaw,19.428096,51.820227,,1
plac_zabaw/2945,plac_zabaw,19.426669,51.817549,,1
plac_zabaw/2946,plac_zabaw,19.42483,51.816013,,1
plac_zabaw/2947,plac_zabaw,19.422385,51.818025,,1
plac_zabaw/2948,plac_zabaw,19.419847,51.819584,,1
plac_zabaw/2949,plac_zabaw,19.419188,51.820603,,1
plac_zabaw/2950,plac_zabaw,19.417779,51.821324,,1
plac_zabaw/2951,plac_zabaw,19.42444,51.8202,,1
plac_zabaw/2952,plac_zabaw,19.428064,51.823483,,1
plac_zabaw/2953,plac_zabaw,19.435106,51.821018,,1
plac_zabaw/2954,plac_zabaw,19.433356,51.826834,,1
plac_zabaw/2955,plac_zabaw,19.431024,51.826172,,1
plac_zabaw/2956,plac_zabaw,19.43343,51.826035,,1
plac_zabaw/2957,plac_zabaw,19.432355,51.823428,,1
plac_zabaw/2958,plac_zabaw,19.433672,51.823284,,1
plac_zabaw/2959,plac_zabaw,19.475353,51.701645,,1
plac_zabaw/2960,plac_zabaw,19.479843,51.702961,,1
plac_zabaw/2961,plac_zabaw,19.47893,51.702847,,1
plac_zabaw/2962,plac_zabaw,19.478577,51.702468,,1
plac_zabaw/2963,plac_zabaw,19.478221,51.702091,,1
plac_zabaw/2964,plac_zabaw,19.477867,51.701719,,1
plac_zabaw/2965,plac_zabaw,19.4745,51.704493,,1
plac_zabaw/2966,plac_zabaw,19.474962,51.707466,,1
plac_zabaw/2967,plac_zabaw,19.416382,51.774172,,1
plac_zabaw/2968,plac_zabaw,19.415368,51.774457,,1
plac_zabaw/2969,plac_zabaw,19.412861,51.775953,,1
plac_zabaw/2970,plac_zabaw,19.494477,51.718351,,1
plac_zabaw/2971,plac_zabaw,19.455496,51.763299,,1
plac_zabaw/2972,plac_zabaw,19.505996,51.772587,,1
plac_zabaw/2973,plac_zabaw,19.506465,51.772096,,1
plac_zabaw/2974,plac_zabaw,19.372458,51.739421,,1
plac_zabaw/2975,plac_zabaw,19.464082,51.744159,,1
plac_zabaw/2976,plac_zabaw,19.473751,51.795108,,1
plac_zabaw/2977,plac_zabaw,19.48452,51.755239,,1
plac_zabaw/2978,plac_zabaw,19.484122,51.755723,,1
plac_zabaw/2979,plac_zabaw,19.492245,51.713973,,1
plac_zabaw/2980,plac_zabaw,19.489927,51.714496,,1
plac_zabaw/2981,plac_zabaw,19.473715,51.846838,,1
plac_zabaw/2982,plac_zabaw,19.387473,51.741466,,1
plac_zabaw/2983,plac_zabaw,19.387556,51.741067,,1
plac_zabaw/2984,plac_zabaw,19.38719,51.740315,,1
plac_zabaw/2985,plac_zabaw,19.389465,51.739719,,1
plac_zabaw/2986,plac_zabaw,19.390427,51.748271,,1
plac_zabaw/2987,plac_zabaw,19.389044,51.747598,,1
plac_zabaw/2988,plac_zabaw,19.393131,51.746446,,1
plac_zabaw/2989,plac_zabaw,19.393346,51.746757,,1
plac_zabaw/2990,plac_zabaw,19.394451,51.743278,,1
plac_zabaw/2991,plac_zabaw,19.388779,51.73826,,1
plac_zabaw/2992,plac_zabaw,19.40756,51.745884,,1
plac_zabaw/2993,plac_zabaw,19.412264,51.74455,,1
plac_zabaw/2994,plac_zabaw,19.413981,51.74589,,1
plac_zabaw/2995,plac_zabaw,19.408425,51.741941,,1
plac_zabaw/2996,plac_zabaw,19.409675,51.742258,,1
plac_zabaw/2997,plac_zabaw,19.409548,51.742419,,1
plac_zabaw/2998,plac_zabaw,19.400701,51.751167,,1
plac_zabaw/2999,plac_zabaw,19.404331,51.750504,,1
plac_zabaw/3000,plac_zabaw,19.416644,51.748744,,1
plac_zabaw/3001,plac_zabaw,19.414332,51.748008,,1
plac_zabaw/3002,plac_zabaw,19.415128,51.749537,,1
plac_zabaw/3003,plac_zabaw,19.415344,51.750746,,1
plac_zabaw/3004,plac_zabaw,19.413115,51.748796,,1
plac_zabaw/3005,plac_zabaw,19.411487,51.750832,,1
plac_zabaw/3006,plac_zabaw,19.413139,51.751917,,1
plac_zabaw/3007,plac_zabaw,19.410411,51.749325,,1
plac_zabaw/3008,plac_zabaw,19.415804,51.755703,,1
plac_zabaw/3009,plac_zabaw,19.42053,51.755701,,1
plac_zabaw/3010,plac_zabaw,19.436578,51.756796,,1
plac_zabaw/3011,plac_zabaw,19.486203,51.770582,,1
plac_zabaw/3012,plac_zabaw,19.486324,51.769987,,1
plac_zabaw/3013,plac_zabaw,19.486956,51.769989,,1
plac_zabaw/3014,plac_zabaw,19.426901,51.749095,,1
plac_zabaw/3015,plac_zabaw,19.425816,51.747043,,1
plac_zabaw/3016,plac_zabaw,19.42272,51.75075,,1
plac_zabaw/3017,plac_zabaw,19.544793,51.7603,,1
plac_zabaw/3018,plac_zabaw,19.418569,51.767052,,1
plac_zabaw/3019,plac_zabaw,19.385119,51.779209,Plac Zabaw S.P. 169,1
plac_zabaw/3020,plac_zabaw,19.364448,51.772727,,1
plac_zabaw/3021,plac_zabaw,19.46727,51.751234,,1
plac_zabaw/3022,plac_zabaw,19.470511,51.751631,,1
plac_zabaw/3023,plac_zabaw,19.466006,51.750141,,1
plac_zabaw/3024,plac_zabaw,19.466906,51.751318,,1
plac_zabaw/3025,plac_zabaw,19.44424,51.738201,,1
plac_zabaw/3026,plac_zabaw,19.439816,51.770973,,1
plac_zabaw/3027,plac_zabaw,19.447469,51.772622,,1
plac_zabaw/3028,plac_zabaw,19.449356,51.774915,,1
plac_zabaw/3029,plac_zabaw,19.500826,51.7234,,1
plac_zabaw/3030,plac_zabaw,19.501048,51.722785,,1
plac_zabaw/3031,plac_zabaw,19.500759,51.721974,,1
plac_zabaw/3032,plac_zabaw,19.500278,51.721907,,1
plac_zabaw/3033,plac_zabaw,19.499616,51.720303,,1
plac_zabaw/3034,plac_zabaw,19.452461,51.72931,,1
plac_zabaw/3035,plac_zabaw,19.452256,51.729173,,1
plac_zabaw/3036,plac_zabaw,19.453365,51.729987,,1
plac_zabaw/3037,plac_zabaw,19.451257,51.728829,,1
plac_zabaw/3038,plac_zabaw,19.453203,51.727777,,1
plac_zabaw/3039,plac_zabaw,19.450092,51.725685,,1
plac_zabaw/3040,plac_zabaw,19.46254,51.792732,,1
plac_zabaw/3041,plac_zabaw,19.462394,51.792922,,1
plac_zabaw/3042,plac_zabaw,19.460839,51.726842,,1
plac_zabaw/3043,plac_zabaw,19.463144,51.728164,,1
plac_zabaw/3044,plac_zabaw,19.462612,51.730722,,1
plac_zabaw/3045,plac_zabaw,19.644178,51.737124,,0
plac_zabaw/3046,plac_zabaw,19.464575,51.730978,,1
plac_zabaw/3047,plac_zabaw,19.462714,51.732361,,1
plac_zabaw/3048,plac_zabaw,19.649196,51.742254,,0
plac_zabaw/3049,plac_zabaw,19.638938,51.747186,,0
plac_zabaw/3050,plac_zabaw,19.593299,51.800485,,1
plac_zabaw/3051,plac_zabaw,19.593128,51.801208,,1
plac_zabaw/3052,plac_zabaw,19.466108,51.726611,,1
plac_zabaw/3053,plac_zabaw,19.468836,51.727521,,1
plac_zabaw/3054,plac_zabaw,19.574236,51.736746,,1
plac_zabaw/3055,plac_zabaw,19.574983,51.738404,,1
plac_zabaw/3056,plac_zabaw,19.451991,51.79838,,1
plac_zabaw/3057,plac_zabaw,19.447878,51.798083,,1
plac_zabaw/3058,plac_zabaw,19.573159,51.734523,,1
plac_zabaw/3059,plac_zabaw,19.450761,51.794672,,1
plac_zabaw/3060,plac_zabaw,19.45129,51.794961,,1
plac_zabaw/3061,plac_zabaw,19.448672,51.7945,,1
plac_zabaw/3062,plac_zabaw,19.56052,51.738165,,1
plac_zabaw/3063,plac_zabaw,19.46336,51.773106,,1
plac_zabaw/3064,plac_zabaw,19.428851,51.806582,,1
plac_zabaw/3065,plac_zabaw,19.443635,51.802051,,1
plac_zabaw/3066,plac_zabaw,19.443936,51.802305,,1
plac_zabaw/3067,plac_zabaw,19.635311,51.724052,,0
plac_zabaw/3068,plac_zabaw,19.370374,51.794385,,1
plac_zabaw/3069,plac_zabaw,19.495414,51.758942,,1
plac_zabaw/3070,plac_zabaw,19.49676,51.757363,,1
plac_zabaw/3071,plac_zabaw,19.465021,51.72819,,1
plac_zabaw/3072,plac_zabaw,19.464922,51.735051,,1
plac_zabaw/3073,plac_zabaw,19.464291,51.73242,,1
plac_zabaw/3074,plac_zabaw,19.476411,51.732371,,1
plac_zabaw/3075,plac_zabaw,19.470598,51.730429,,1
plac_zabaw/3076,plac_zabaw,19.375917,51.740672,,1
plac_zabaw/3077,plac_zabaw,19.573802,51.747587,,1
plac_zabaw/3078,plac_zabaw,19.441943,51.758631,,1
plac_zabaw/3079,plac_zabaw,19.464469,51.760881,,1
plac_zabaw/3080,plac_zabaw,19.406349,51.774859,,1
plac_zabaw/3081,plac_zabaw,19.460882,51.764515,,1
plac_zabaw/3082,plac_zabaw,19.454802,51.767305,,1
plac_zabaw/3083,plac_zabaw,19.453537,51.755676,,1
plac_zabaw/3084,plac_zabaw,19.390992,51.785115,,1
plac_zabaw/3085,plac_zabaw,19.432799,51.805853,,1
plac_zabaw/3086,plac_zabaw,19.420122,51.808367,,1
plac_zabaw/3087,plac_zabaw,19.481674,51.805719,,1
plac_zabaw/3088,plac_zabaw,19.357113,51.806859,,1
plac_zabaw/3089,plac_zabaw,19.356485,51.806455,,1
plac_zabaw/3090,plac_zabaw,19.454052,51.803695,,1
plac_zabaw/3091,plac_zabaw,19.412113,51.75503,,1
plac_zabaw/3092,plac_zabaw,19.446466,51.760979,,1
plac_zabaw/3093,plac_zabaw,19.447086,51.760992,,1
plac_zabaw/3094,plac_zabaw,19.497606,51.775245,,1
plac_zabaw/3095,plac_zabaw,19.484832,51.774819,,1
plac_zabaw/3096,plac_zabaw,19.491203,51.751048,,1
plac_zabaw/3097,plac_zabaw,19.484412,51.779641,,1
plac_zabaw/3098,plac_zabaw,19.49504,51.748794,,1
plac_zabaw/3099,plac_zabaw,19.478544,51.781991,,1
plac_zabaw/3100,plac_zabaw,19.485143,51.790325,,1
plac_zabaw/3101,plac_zabaw,19.412292,51.760552,,1
plac_zabaw/3102,plac_zabaw,19.461783,51.746119,,1
plac_zabaw/3103,plac_zabaw,19.465194,51.784976,,1
plac_zabaw/3104,plac_zabaw,19.501091,51.779607,,1
plac_zabaw/3105,plac_zabaw,19.515979,51.793475,,1
plac_zabaw/3106,plac_zabaw,19.516015,51.791691,,1
plac_zabaw/3107,plac_zabaw,19.46207,51.7479,,1
plac_zabaw/3108,plac_zabaw,19.35517,51.803387,,1
plac_zabaw/3109,plac_zabaw,19.463491,51.76189,,1
plac_zabaw/3110,plac_zabaw,19.460842,51.774534,,1
plac_zabaw/3111,plac_zabaw,19.460605,51.774344,,1
plac_zabaw/3112,plac_zabaw,19.44956,51.756277,,1
plac_zabaw/3113,plac_zabaw,19.450046,51.756773,,1
plac_zabaw/3114,plac_zabaw,19.443971,51.744063,,1
plac_zabaw/3115,plac_zabaw,19.453278,51.756711,,1
plac_zabaw/3116,plac_zabaw,19.470948,51.759526,,1
plac_zabaw/3117,plac_zabaw,19.47101,51.766491,,1
plac_zabaw/3118,plac_zabaw,19.47445,51.764308,,1
plac_zabaw/3119,plac_zabaw,19.477359,51.764769,,1
plac_zabaw/3120,plac_zabaw,19.405936,51.773419,,1
plac_zabaw/3121,plac_zabaw,19.487453,51.760519,,1
plac_zabaw/3122,plac_zabaw,19.502628,51.779708,,1
plac_zabaw/3123,plac_zabaw,19.49944,51.779511,,1
plac_zabaw/3124,plac_zabaw,19.480179,51.775597,,1
plac_zabaw/3125,plac_zabaw,19.382081,51.786054,,1
plac_zabaw/3126,plac_zabaw,19.380492,51.7862,,1
plac_zabaw/3127,plac_zabaw,19.375342,51.786992,,1
plac_zabaw/3128,plac_zabaw,19.39324,51.778342,,1
plac_zabaw/3129,plac_zabaw,19.387275,51.772987,,1
plac_zabaw/3130,plac_zabaw,19.404655,51.733285,,1
plac_zabaw/3131,plac_zabaw,19.354678,51.748043,,0
plac_zabaw/3132,plac_zabaw,19.451186,51.764036,,1
plac_zabaw/3133,plac_zabaw,19.447597,51.767526,,1
plac_zabaw/3134,plac_zabaw,19.440226,51.757306,,1
plac_zabaw/3135,plac_zabaw,19.447562,51.783918,,1
plac_zabaw/3136,plac_zabaw,19.471817,51.776733,,1
plac_zabaw/3137,plac_zabaw,19.465855,51.745874,,1
plac_zabaw/3138,plac_zabaw,19.487724,51.748129,,1
plac_zabaw/3139,plac_zabaw,19.468865,51.742443,,1
plac_zabaw/3140,plac_zabaw,19.45318,51.757136,,1
plac_zabaw/3141,plac_zabaw,19.451681,51.760732,,1
plac_zabaw/3142,plac_zabaw,19.454216,51.760683,,1
plac_zabaw/3143,plac_zabaw,19.461947,51.728213,,1
plac_zabaw/3144,plac_zabaw,19.600617,51.796763,,1
plac_zabaw/3145,plac_zabaw,19.421305,51.712952,,1
plac_zabaw/3146,plac_zabaw,19.431826,51.67856,,0
plac_zabaw/3147,plac_zabaw,19.455621,51.744044,,1
plac_zabaw/3148,plac_zabaw,19.384963,51.745593,,1
plac_zabaw/3149,plac_zabaw,19.3893,51.744365,,1
plac_zabaw/3150,plac_zabaw,19.446432,51.776276,,1
plac_zabaw/3151,plac_zabaw,19.445656,51.764383,,1
plac_zabaw/3152,plac_zabaw,19.538346,51.776614,,1
plac_zabaw/3153,plac_zabaw,19.537584,51.776701,,1
plac_zabaw/3154,plac_zabaw,19.356351,51.811046,,1
plac_zabaw/3155,plac_zabaw,19.619922,51.701954,,0
plac_zabaw/3156,plac_zabaw,19.610434,51.738821,,1
plac_zabaw/3157,plac_zabaw,19.599232,51.740042,,1
plac_zabaw/3158,plac_zabaw,19.625473,51.745786,,1
plac_zabaw/3159,plac_zabaw,19.613438,51.743454,,1
plac_zabaw/3160,plac_zabaw,19.572922,51.745594,,1
plac_zabaw/3161,plac_zabaw,19.478586,51.76487,,1
plac_zabaw/3162,plac_zabaw,19.530398,51.756469,,1
plac_zabaw/3163,plac_zabaw,19.529847,51.756323,,1
plac_zabaw/3164,plac_zabaw,19.472196,51.751657,,1
plac_zabaw/3165,plac_zabaw,19.460496,51.773577,,1
plac_zabaw/3166,plac_zabaw,19.478759,51.757518,,1
plac_zabaw/3167,plac_zabaw,19.513888,51.762489,,1
plac_zabaw/3168,plac_zabaw,19.417946,51.830992,,1
plac_zabaw/3169,plac_zabaw,19.486862,51.75768,,1
plac_zabaw/3170,plac_zabaw,19.411862,51.76948,,1
plac_zabaw/3171,plac_zabaw,19.477129,51.749122,,1
plac_zabaw/3172,plac_zabaw,19.484957,51.766136,,1
plac_zabaw/3173,plac_zabaw,19.416966,51.755122,,1
plac_zabaw/3174,plac_zabaw,19.473285,51.793255,,1
plac_zabaw/3175,plac_zabaw,19.475503,51.79554,,1
plac_zabaw/3176,plac_zabaw,19.464445,51.796833,,1
plac_zabaw/3177,plac_zabaw,19.477388,51.761676,,1
plac_zabaw/3178,plac_zabaw,19.442984,51.824205,,1
plac_zabaw/3179,plac_zabaw,19.523999,51.79168,,1
plac_zabaw/3180,plac_zabaw,19.503575,51.763802,,1
plac_zabaw/3181,plac_zabaw,19.498887,51.764746,,1
plac_zabaw/3182,plac_zabaw,19.531041,51.757105,,1
plac_zabaw/3183,plac_zabaw,19.446431,51.710481,,1
plac_zabaw/3184,plac_zabaw,19.425054,51.705012,,1
plac_zabaw/3185,plac_zabaw,19.486166,51.720392,,1
plac_zabaw/3186,plac_zabaw,19.481864,51.714722,,1
plac_zabaw/3187,plac_zabaw,19.465233,51.764989,,1
plac_zabaw/3188,plac_zabaw,19.450195,51.756985,,1
plac_zabaw/3189,plac_zabaw,19.467303,51.808049,,1
plac_zabaw/3190,plac_zabaw,19.463199,51.798337,,1
plac_zabaw/3191,plac_zabaw,19.503976,51.765419,,1
plac_zabaw/3192,plac_zabaw,19.572163,51.738729,,1
plac_zabaw/3193,plac_zabaw,19.568702,51.738471,,1
plac_zabaw/3194,plac_zabaw,19.568966,51.743325,,1
plac_zabaw/3195,plac_zabaw,19.571841,51.734684,,1
plac_zabaw/3196,plac_zabaw,19.574306,51.735706,,1
plac_zabaw/3197,plac_zabaw,19.562864,51.74621,,1
plac_zabaw/3198,plac_zabaw,19.563887,51.747218,,1
plac_zabaw/3199,plac_zabaw,19.563744,51.747085,,1
plac_zabaw/3200,plac_zabaw,19.575027,51.748717,,1
plac_zabaw/3201,plac_zabaw,19.442855,51.732316,,1
plac_zabaw/3202,plac_zabaw,19.51204,51.761212,,1
plac_zabaw/3203,plac_zabaw,19.625016,51.71069,,0
plac_zabaw/3204,plac_zabaw,19.389619,51.785597,,1
plac_zabaw/3205,plac_zabaw,19.633506,51.721391,,0
plac_zabaw/3206,plac_zabaw,19.466731,51.752789,,1
plac_zabaw/3207,plac_zabaw,19.434153,51.822908,,1
plac_zabaw/3208,plac_zabaw,19.440199,51.695243,,1
plac_zabaw/3209,plac_zabaw,19.491843,51.772028,,1
plac_zabaw/3210,plac_zabaw,19.477651,51.730768,,1
plac_zabaw/3211,plac_zabaw,19.485051,51.729028,,1
plac_zabaw/3212,plac_zabaw,19.471571,51.774488,,1
plac_zabaw/3213,plac_zabaw,19.47175,51.730224,,1
plac_zabaw/3214,plac_zabaw,19.458227,51.775625,,1
plac_zabaw/3215,plac_zabaw,19.440965,51.770124,,1
plac_zabaw/3216,plac_zabaw,19.424743,51.775842,,1
plac_zabaw/3217,plac_zabaw,19.437158,51.769274,,1
plac_zabaw/3218,plac_zabaw,19.441868,51.766085,,1
plac_zabaw/3219,plac_zabaw,19.475038,51.743818,,1
plac_zabaw/3220,plac_zabaw,19.4837,51.746182,,1
plac_zabaw/3221,plac_zabaw,19.430181,51.734953,,1
plac_zabaw/3222,plac_zabaw,19.433316,51.735498,,1
plac_zabaw/3223,plac_zabaw,19.436719,51.727354,,1
plac_zabaw/3224,plac_zabaw,19.454773,51.736699,,1
plac_zabaw/3225,plac_zabaw,19.416464,51.752269,,1
plac_zabaw/3226,plac_zabaw,19.445804,51.744893,,1
plac_zabaw/3227,plac_zabaw,19.445768,51.745671,,1
plac_zabaw/3228,plac_zabaw,19.450249,51.813265,,1
plac_zabaw/3229,plac_zabaw,19.644956,51.725287,,0
plac_zabaw/3230,plac_zabaw,19.477725,51.789287,,1
plac_zabaw/3231,plac_zabaw,19.465389,51.78916,,1
plac_zabaw/3232,plac_zabaw,19.49634,51.813781,,1
plac_zabaw/3233,plac_zabaw,19.498637,51.815126,,1
plac_zabaw/3234,plac_zabaw,19.498397,51.739565,,1
plac_zabaw/3235,plac_zabaw,19.500234,51.746784,,1
plac_zabaw/3236,plac_zabaw,19.503475,51.764439,,1
plac_zabaw/3237,plac_zabaw,19.481178,51.803823,,1
plac_zabaw/3238,plac_zabaw,19.452294,51.701012,,1
plac_zabaw/3239,plac_zabaw,19.521215,51.793806,,1
plac_zabaw/3240,plac_zabaw,19.375246,51.787193,,1
plac_zabaw/3241,plac_zabaw,19.462139,51.785726,,1
plac_zabaw/3242,plac_zabaw,19.431443,51.777631,,1
plac_zabaw/3243,plac_zabaw,19.456854,51.78813,,1
plac_zabaw/3244,plac_zabaw,19.568475,51.747436,,1
plac_zabaw/3245,plac_zabaw,19.386744,51.7924,,1
plac_zabaw/3246,plac_zabaw,19.467689,51.768068,,1
plac_zabaw/3247,plac_zabaw,19.445055,51.729869,,1
plac_zabaw/3248,plac_zabaw,19.446158,51.729303,,1
plac_zabaw/3249,plac_zabaw,19.468357,51.748898,,1
plac_zabaw/3250,plac_zabaw,19.43196,51.769798,,1
plac_zabaw/3251,plac_zabaw,19.416726,51.753189,,1
plac_zabaw/3252,plac_zabaw,19.416137,51.756824,,1
plac_zabaw/3253,plac_zabaw,19.390365,51.750259,,1
plac_zabaw/3254,plac_zabaw,19.443552,51.774125,,1
plac_zabaw/3255,plac_zabaw,19.412143,51.706071,Miasteczko rowerowe,1
plac_zabaw/3256,plac_zabaw,19.388209,51.79833,,1
plac_zabaw/3257,plac_zabaw,19.543721,51.752717,,1
plac_zabaw/3258,plac_zabaw,19.546943,51.752485,,1
plac_zabaw/3259,plac_zabaw,19.444478,51.746232,,1
plac_zabaw/3260,plac_zabaw,19.471899,51.79588,,1
plac_zabaw/3261,plac_zabaw,19.471807,51.795202,,1
plac_zabaw/3262,plac_zabaw,19.482085,51.792676,,1
plac_zabaw/3263,plac_zabaw,19.493416,51.776685,,1
plac_zabaw/3264,plac_zabaw,19.39984,51.738811,,1
plac_zabaw/3265,plac_zabaw,19.388964,51.783382,,1
plac_zabaw/3266,plac_zabaw,19.374673,51.784961,,1
plac_zabaw/3267,plac_zabaw,19.487138,51.761149,,1
plac_zabaw/3268,plac_zabaw,19.435882,51.820937,,1
plac_zabaw/3269,plac_zabaw,19.428547,51.720301,,1
plac_zabaw/3270,plac_zabaw,19.500758,51.720579,,1
plac_zabaw/3271,plac_zabaw,19.501253,51.720643,,1
plac_zabaw/3272,plac_zabaw,19.435703,51.715644,,1
plac_zabaw/3273,plac_zabaw,19.501247,51.815385,,1
plac_zabaw/3274,plac_zabaw,19.361538,51.813069,,1
plac_zabaw/3275,plac_zabaw,19.389364,51.783665,,1
plac_zabaw/3276,plac_zabaw,19.568916,51.769902,,1
plac_zabaw/3277,plac_zabaw,19.547331,51.760295,,1
plac_zabaw/3278,plac_zabaw,19.43971,51.707393,,1
plac_zabaw/3279,plac_zabaw,19.408889,51.736194,,1
plac_zabaw/3280,plac_zabaw,19.404593,51.738544,,1
plac_zabaw/3281,plac_zabaw,19.404521,51.736621,,1
plac_zabaw/3282,plac_zabaw,19.403461,51.736112,,1
plac_zabaw/3283,plac_zabaw,19.4063,51.736819,,1
plac_zabaw/3284,plac_zabaw,19.406368,51.737129,,1
plac_zabaw/3285,plac_zabaw,19.406069,51.737882,,1
plac_zabaw/3286,plac_zabaw,19.475993,51.747725,,1
plac_zabaw/3287,plac_zabaw,19.449702,51.720154,,1
plac_zabaw/3288,plac_zabaw,19.41174,51.745715,,1
plac_zabaw/3289,plac_zabaw,19.445456,51.786253,,1
plac_zabaw/3290,plac_zabaw,19.438537,51.819929,,1
plac_zabaw/3291,plac_zabaw,19.432375,51.821068,,1
plac_zabaw/3292,plac_zabaw,19.469992,51.775376,,1
plac_zabaw/3293,plac_zabaw,19.430096,51.72797,,1
plac_zabaw/3294,plac_zabaw,19.425207,51.714508,,1
plac_zabaw/3295,plac_zabaw,19.449556,51.812337,,1
plac_zabaw/3296,plac_zabaw,19.543458,51.752969,,1
plac_zabaw/3297,plac_zabaw,19.544985,51.755792,,1
plac_zabaw/3298,plac_zabaw,19.458742,51.724393,,1
plac_zabaw/3299,plac_zabaw,19.527343,51.756738,,1
plac_zabaw/3300,plac_zabaw,19.457938,51.781764,,1
plac_zabaw/3301,plac_zabaw,19.570853,51.752708,,1
plac_zabaw/3302,plac_zabaw,19.459262,51.774318,,1
plac_zabaw/3303,plac_zabaw,19.380974,51.780214,,1
plac_zabaw/3304,plac_zabaw,19.381837,51.78335,,1
plac_zabaw/3305,plac_zabaw,19.375434,51.783683,,1
plac_zabaw/3306,plac_zabaw,19.491393,51.745141,,1
plac_zabaw/3307,plac_zabaw,19.491466,51.744524,,1
plac_zabaw/3308,plac_zabaw,19.385272,51.772728,,1
plac_zabaw/3309,plac_zabaw,19.43224,51.731329,,1
plac_zabaw/3310,plac_zabaw,19.447076,51.789796,,1
plac_zabaw/3311,plac_zabaw,19.44684,51.789906,,1
plac_zabaw/3312,plac_zabaw,19.478532,51.779996,,1
plac_zabaw/3313,plac_zabaw,19.534314,51.780953,,1
plac_zabaw/3314,plac_zabaw,19.534047,51.781029,,1
plac_zabaw/3315,plac_zabaw,19.484272,51.734046,,1
plac_zabaw/3316,plac_zabaw,19.522981,51.725552,Super zjeżdżalnia na Młynku,1
plac_zabaw/3317,plac_zabaw,19.394378,51.75006,,1
plac_zabaw/3318,plac_zabaw,19.392618,51.749557,,1
plac_zabaw/3319,plac_zabaw,19.435141,51.793992,,1
plac_zabaw/3320,plac_zabaw,19.484339,51.718239,McDonald's PlayPlace,1
plac_zabaw/3321,plac_zabaw,19.509529,51.762143,,1
plac_zabaw/3322,plac_zabaw,19.413746,51.762166,,1
plac_zabaw/3323,plac_zabaw,19.447619,51.819043,,1
plac_zabaw/3324,plac_zabaw,19.435522,51.823136,,1
plac_zabaw/3325,plac_zabaw,19.44801,51.784925,,1
plac_zabaw/3326,plac_zabaw,19.425627,51.790143,,1
plac_zabaw/3327,plac_zabaw,19.408497,51.734647,,1
plac_zabaw/3328,plac_zabaw,19.40888,51.73149,,1
plac_zabaw/3329,plac_zabaw,19.455484,51.78261,,1
plac_zabaw/3330,plac_zabaw,19.454316,51.776468,,1
plac_zabaw/3331,plac_zabaw,19.440923,51.798982,,1
plac_zabaw/3332,plac_zabaw,19.535384,51.799111,,1
plac_zabaw/3333,plac_zabaw,19.516694,51.677669,,0
plac_zabaw/3334,plac_zabaw,19.522847,51.8376,,1
plac_zabaw/3335,plac_zabaw,19.483021,51.792763,,1
plac_zabaw/3336,plac_zabaw,19.454904,51.753374,,1
plac_zabaw/3337,plac_zabaw,19.570545,51.693099,,0
plac_zabaw/3338,plac_zabaw,19.462203,51.755713,,1
plac_zabaw/3339,plac_zabaw,19.48712,51.795432,,1
plac_zabaw/3340,plac_zabaw,19.445941,51.783064,,1
plac_zabaw/3341,plac_zabaw,19.483994,51.7562,,1
plac_zabaw/3342,plac_zabaw,19.482656,51.706877,,1
plac_zabaw/3343,plac_zabaw,19.457527,51.780325,,1
plac_zabaw/3344,plac_zabaw,19.444102,51.775834,,1
plac_zabaw/3345,plac_zabaw,19.44759,51.70392,,1
plac_zabaw/3346,plac_zabaw,19.39012,51.787818,,1
plac_zabaw/3347,plac_zabaw,19.447334,51.748183,,1
plac_zabaw/3348,plac_zabaw,19.445641,51.746495,,1
plac_zabaw/3349,plac_zabaw,19.465374,51.748022,,1
plac_zabaw/3350,plac_zabaw,19.389971,51.774417,,1
plac_zabaw/3351,plac_zabaw,19.38987,51.773459,,1
plac_zabaw/3352,plac_zabaw,19.471925,51.752417,,1
plac_zabaw/3353,plac_zabaw,19.446685,51.797782,,1
plac_zabaw/3354,plac_zabaw,19.446279,51.797667,,1
plac_zabaw/3355,plac_zabaw,19.576096,51.773981,,1
plac_zabaw/3356,plac_zabaw,19.541527,51.777595,,1
plac_zabaw/3357,plac_zabaw,19.458528,51.778254,,1
plac_zabaw/3358,plac_zabaw,19.461954,51.773995,,1
plac_zabaw/3359,plac_zabaw,19.390516,51.773122,,1
plac_zabaw/3360,plac_zabaw,19.446363,51.777256,,1
plac_zabaw/3361,plac_zabaw,19.468307,51.783574,,1
plac_zabaw/3362,plac_zabaw,19.57821,51.788625,,1
plac_zabaw/3363,plac_zabaw,19.395576,51.740866,,1
plac_zabaw/3364,plac_zabaw,19.407161,51.740145,,1
plac_zabaw/3365,plac_zabaw,19.45983,51.761574,,1
plac_zabaw/3366,plac_zabaw,19.406789,51.733754,,1
plac_zabaw/3367,plac_zabaw,19.406759,51.735042,,1
plac_zabaw/3368,plac_zabaw,19.496728,51.781818,,1
plac_zabaw/3369,plac_zabaw,19.575456,51.742443,,1
plac_zabaw/3370,plac_zabaw,19.413566,51.789243,,1
plac_zabaw/3371,plac_zabaw,19.388011,51.785547,,1
plac_zabaw/3372,plac_zabaw,19.389276,51.787779,,1
plac_zabaw/3373,plac_zabaw,19.414256,51.756397,,1
plac_zabaw/3374,plac_zabaw,19.403619,51.732836,,1
plac_zabaw/3375,plac_zabaw,19.550098,51.751693,,1
plac_zabaw/3376,plac_zabaw,19.406722,51.774161,,1
plac_zabaw/3377,plac_zabaw,19.461892,51.785865,,1
plac_zabaw/3378,plac_zabaw,19.440291,51.782597,,1
plac_zabaw/3379,plac_zabaw,19.503181,51.735475,,1
plac_zabaw/3380,plac_zabaw,19.376048,51.784452,,1
plac_zabaw/3381,plac_zabaw,19.63919,51.728185,,0
plac_zabaw/3382,plac_zabaw,19.389633,51.786058,,1
plac_zabaw/3383,plac_zabaw,19.476034,51.776835,,1
plac_zabaw/3384,plac_zabaw,19.408903,51.746137,,1
plac_zabaw/3385,plac_zabaw,19.411371,51.769806,,1
plac_zabaw/3386,plac_zabaw,19.47175,51.794818,,1
plac_zabaw/3387,plac_zabaw,19.456274,51.752127,,1
plac_zabaw/3388,plac_zabaw,19.447777,51.821308,,1
plac_zabaw/3389,plac_zabaw,19.530625,51.758622,,1
plac_zabaw/3390,plac_zabaw,19.494753,51.711785,,1
plac_zabaw/3391,plac_zabaw,19.445233,51.730017,,1
plac_zabaw/3392,plac_zabaw,19.439713,51.739389,,1
plac_zabaw/3393,plac_zabaw,19.311628,51.81713,,0
plac_zabaw/3394,plac_zabaw,19.378544,51.683471,,0
plac_zabaw/3395,plac_zabaw,19.436844,51.72756,,1
plac_zabaw/3396,plac_zabaw,19.577156,51.746355,,1
plac_zabaw/3397,plac_zabaw,19.563042,51.748567,,1
plac_zabaw/3398,plac_zabaw,19.450646,51.767396,,1
plac_zabaw/3399,plac_zabaw,19.446641,51.749683,,1
plac_zabaw/3400,plac_zabaw,19.507335,51.748346,,1
plac_zabaw/3401,plac_zabaw,19.521053,51.76169,,1
plac_zabaw/3402,plac_zabaw,19.423464,51.786774,,1
plac_zabaw/3403,plac_zabaw,19.43376,51.786616,,1
plac_zabaw/3404,plac_zabaw,19.417291,51.766561,,1
plac_zabaw/3405,plac_zabaw,19.552706,51.708939,,1
plac_zabaw/3406,plac_zabaw,19.411703,51.775578,,1
plac_zabaw/3407,plac_zabaw,19.441234,51.792592,,1
plac_zabaw/3408,plac_zabaw,19.457852,51.788809,,1
plac_zabaw/3409,plac_zabaw,19.441375,51.820573,,1
plac_zabaw/3410,plac_zabaw,19.316298,51.810545,,0
plac_zabaw/3411,plac_zabaw,19.444814,51.807813,,1
plac_zabaw/3412,plac_zabaw,19.428868,51.751974,,1
plac_zabaw/3413,plac_zabaw,19.420519,51.749253,,1
plac_zabaw/3414,plac_zabaw,19.410218,51.742892,,1
plac_zabaw/3415,plac_zabaw,19.39957,51.752345,Sala zabaw dla dzieci „Agatka”,1
plac_zabaw/3416,plac_zabaw,19.397377,51.749507,,1
plac_zabaw/3417,plac_zabaw,19.316468,51.812959,Figloraj,0
plac_zabaw/3418,plac_zabaw,19.480647,51.71447,Górka saneczkowa,1
plac_zabaw/3419,plac_zabaw,19.329924,51.773647,,0
plac_zabaw/3420,plac_zabaw,19.459847,51.726104,,1
plac_zabaw/3421,plac_zabaw,19.411675,51.751672,Piaskownica,1
plac_zabaw/3422,plac_zabaw,19.412673,51.702731,,1
plac_zabaw/3423,plac_zabaw,19.394393,51.740358,,1
plac_zabaw/3424,plac_zabaw,19.317715,51.810172,,0
plac_zabaw/3425,plac_zabaw,19.31904,51.809612,,0
plac_zabaw/3426,plac_zabaw,19.315636,51.808403,,0
plac_zabaw/3427,plac_zabaw,19.458698,51.797201,,1
plac_zabaw/3428,plac_zabaw,19.487995,51.712387,,1
plac_zabaw/3429,plac_zabaw,19.546431,51.712857,,1
plac_zabaw/3430,plac_zabaw,19.542324,51.760675,Kajtek,1
plac_zabaw/3431,plac_zabaw,19.465217,51.752177,,1
plac_zabaw/3432,plac_zabaw,19.426443,51.749757,,1
plac_zabaw/3433,plac_zabaw,19.446756,51.774754,,1
plac_zabaw/3434,plac_zabaw,19.502666,51.73285,,1
plac_zabaw/3435,plac_zabaw,19.504198,51.740967,,1
plac_zabaw/3436,plac_zabaw,19.503653,51.74104,,1
plac_zabaw/3437,plac_zabaw,19.503427,51.742094,,1
plac_zabaw/3438,plac_zabaw,19.395288,51.794182,,1
plac_zabaw/3439,plac_zabaw,19.394074,51.790427,,1
plac_zabaw/3440,plac_zabaw,19.39655,51.790678,,1
plac_zabaw/3441,plac_zabaw,19.498686,51.814977,,1
plac_zabaw/3442,plac_zabaw,19.389274,51.792417,,1
plac_zabaw/3443,plac_zabaw,19.38885,51.792453,,1
plac_zabaw/3444,plac_zabaw,19.393427,51.795969,,1
plac_zabaw/3445,plac_zabaw,19.391817,51.795977,,1
plac_zabaw/3446,plac_zabaw,19.385608,51.79467,,1
plac_zabaw/3447,plac_zabaw,19.387265,51.79427,,1
plac_zabaw/3448,plac_zabaw,19.386684,51.795256,,1
plac_zabaw/3449,plac_zabaw,19.381305,51.796359,,1
plac_zabaw/3450,plac_zabaw,19.380708,51.795703,,1
plac_zabaw/3451,plac_zabaw,19.382045,51.79519,,1
plac_zabaw/3452,plac_zabaw,19.376757,51.792168,,1
plac_zabaw/3453,plac_zabaw,19.377908,51.793378,,1
plac_zabaw/3454,plac_zabaw,19.373307,51.794126,,1
plac_zabaw/3455,plac_zabaw,19.37691,51.79452,,1
plac_zabaw/3456,plac_zabaw,19.377401,51.795208,,1
plac_zabaw/3457,plac_zabaw,19.379493,51.79555,,1
plac_zabaw/3458,plac_zabaw,19.377987,51.797017,,1
plac_zabaw/3459,plac_zabaw,19.378497,51.796615,,1
plac_zabaw/3460,plac_zabaw,19.383143,51.797112,,1
plac_zabaw/3461,plac_zabaw,19.380202,51.797745,,1
plac_zabaw/3462,plac_zabaw,19.382113,51.797301,,1
plac_zabaw/3463,plac_zabaw,19.383553,51.798383,,1
plac_zabaw/3464,plac_zabaw,19.373444,51.795612,,1
plac_zabaw/3465,plac_zabaw,19.371392,51.7964,,1
plac_zabaw/3466,plac_zabaw,19.371839,51.795608,,1
plac_zabaw/3467,plac_zabaw,19.373749,51.796534,,1
plac_zabaw/3468,plac_zabaw,19.374624,51.797242,,1
plac_zabaw/3469,plac_zabaw,19.371701,51.797942,,1
plac_zabaw/3470,plac_zabaw,19.371898,51.797461,,1
plac_zabaw/3471,plac_zabaw,19.365035,51.791651,,1
plac_zabaw/3472,plac_zabaw,19.363782,51.796116,,1
plac_zabaw/3473,plac_zabaw,19.434336,51.826217,,1
plac_zabaw/3474,plac_zabaw,19.492038,51.721177,,1
plac_zabaw/3475,plac_zabaw,19.492082,51.721105,,1
plac_zabaw/3476,plac_zabaw,19.489773,51.719511,,1
plac_zabaw/3477,plac_zabaw,19.488397,51.718905,,1
plac_zabaw/3478,plac_zabaw,19.49206,51.719404,,1
plac_zabaw/3479,plac_zabaw,19.491996,51.719291,,1
plac_zabaw/3480,plac_zabaw,19.490776,51.717272,,1
plac_zabaw/3481,plac_zabaw,19.495651,51.719728,,1
plac_zabaw/3482,plac_zabaw,19.442888,51.770855,,1
plac_zabaw/3483,plac_zabaw,19.498036,51.721849,,1
plac_zabaw/3484,plac_zabaw,19.452683,51.726325,,1
plac_zabaw/3485,plac_zabaw,19.447903,51.797925,,1
plac_zabaw/3486,plac_zabaw,19.390807,51.7844,,1
plac_zabaw/3487,plac_zabaw,19.438557,51.802496,,1
plac_zabaw/3488,plac_zabaw,19.394758,51.748492,,1
plac_zabaw/3489,plac_zabaw,19.506009,51.748608,,1
plac_zabaw/3490,plac_zabaw,19.506033,51.747513,,1
plac_zabaw/3491,plac_zabaw,19.437735,51.760296,,1
plac_zabaw/3492,plac_zabaw,19.438491,51.760509,,1
plac_zabaw/3493,plac_zabaw,19.610836,51.738652,,1
plac_zabaw/3494,plac_zabaw,19.443928,51.825666,,1
plac_zabaw/3495,plac_zabaw,19.638537,51.727834,,0
plac_zabaw/3496,plac_zabaw,19.496794,51.761671,Plac zabaw na zieleńcu,1
plac_zabaw/3497,plac_zabaw,19.401914,51.682119,,0
plac_zabaw/3498,plac_zabaw,19.482369,51.760463,,1
plac_zabaw/3499,plac_zabaw,19.483634,51.758476,,1
plac_zabaw/3500,plac_zabaw,19.393516,51.780974,,1
plac_zabaw/3501,plac_zabaw,19.445943,51.747653,,1
plac_zabaw/3502,plac_zabaw,19.471017,51.746467,,1
plac_zabaw/3503,plac_zabaw,19.471187,51.746524,,1
plac_zabaw/3504,plac_zabaw,19.455596,51.779653,,1
plac_zabaw/3505,plac_zabaw,19.573386,51.737276,,1
plac_zabaw/3506,plac_zabaw,19.408948,51.774959,,1
plac_zabaw/3507,plac_zabaw,19.611543,51.737337,,1
silownia/3508,silownia,19.484494,51.716105,FitForma,1
silownia/3509,silownia,19.436363,51.794977,Siłownia Raj,1
silownia/3510,silownia,19.463842,51.777325,Energy Fitness Club,1
silownia/3511,silownia,19.413168,51.703189,FitFabric,1
silownia/3512,silownia,19.428637,51.768533,FitFabric Zielona,1
silownia/3513,silownia,19.469618,51.745789,Revolve Fitness,1
silownia/3514,silownia,19.383831,51.736716,Energy Fitness,1
silownia/3515,silownia,19.4696,51.764143,Capoeira Łódź - Centrum Academia,1
silownia/3516,silownia,19.483999,51.781514,Fit Fabric,1
silownia/3517,silownia,19.447907,51.749568,Fit Fabric,1
silownia/3518,silownia,19.505352,51.731214,JustGym,1
silownia/3519,silownia,19.455626,51.783852,Siłownia SAWA,1
silownia/3520,silownia,19.469039,51.748851,,1
silownia/3521,silownia,19.455633,51.799223,Energy,1
silownia/3522,silownia,19.4405,51.761661,Akademia Bodymental,1
silownia/3523,silownia,19.464873,51.776294,Fit Fabric,1
silownia/3524,silownia,19.425845,51.754267,One On One Studio,1
silownia/3525,silownia,19.480043,51.734647,EMS FitFactory,1
silownia/3526,silownia,19.513776,51.763016,Dream Body PREMIUM EMS - Łódź Widzew,1
silownia/3527,silownia,19.460046,51.744279,Calypso,1
silownia/3528,silownia,19.636778,51.725867,Nova Forma,0
silownia/3529,silownia,19.465678,51.769222,Well Fitness Łódź Brama Miasta,1
silownia/3530,silownia,19.445672,51.750229,Just Gym,1
silownia/3531,silownia,19.440782,51.797223,BodyTec20,1
silownia/3532,silownia,19.592365,51.794975,fitfabric,1
silownia/3533,silownia,19.409329,51.797183,Szkoła Sztuk Walk Wojciecha Adamusika,1
silownia/3534,silownia,19.466419,51.77457,Just GYM,1
silownia/3535,silownia,19.486855,51.714377,Only You,1
silownia/3536,silownia,19.450954,51.776055,Energy Fitness Club,1
silownia/3537,silownia,19.457176,51.75865,McFit,1
silownia/3538,silownia,19.412494,51.74803,Atmosfera Fitness Club,1
silownia/3539,silownia,19.640184,51.726899,FitFabric 6.0,0
silownia/3540,silownia,19.537878,51.758662,Well Fitness,1
basen/3541,basen,19.46975,51.788907,,1
basen/3542,basen,19.381176,51.7933,,1
basen/3543,basen,19.482998,51.712411,,1
basen/3544,basen,19.469428,51.789097,MOSIR,1
basen/3545,basen,19.444677,51.823779,,1
basen/3546,basen,19.48479,51.728817,,1
basen/3547,basen,19.512707,51.761124,,1
basen/3548,basen,19.476046,51.697063,,1
basen/3549,basen,19.44964,51.805227,,1
basen/3550,basen,19.455097,51.810785,,1
basen/3551,basen,19.440882,51.812529,,1
basen/3552,basen,19.444893,51.812986,,1
basen/3553,basen,19.326984,51.803943,,1
basen/3554,basen,19.556535,51.705022,,1
basen/3555,basen,19.558312,51.709277,,1
basen/3556,basen,19.596312,51.709343,,1
basen/3557,basen,19.381287,51.793172,,1
basen/3558,basen,19.469822,51.788784,,1
basen/3559,basen,19.380618,51.79313,,1
basen/3560,basen,19.418792,51.8354,,0
basen/3561,basen,19.318057,51.824057,,0
basen/3562,basen,19.441776,51.852091,,0
basen/3563,basen,19.358614,51.78328,,1
basen/3564,basen,19.420704,51.763585,,1
basen/3565,basen,19.421116,51.763598,,1
basen/3566,basen,19.379026,51.776577,,1
basen/3567,basen,19.377497,51.729585,,1
basen/3568,basen,19.451598,51.74582,,1
basen/3569,basen,19.451502,51.746259,,1
basen/3570,basen,19.421788,51.763525,,1
basen/3571,basen,19.455639,51.735879,,1
basen/3572,basen,19.420102,51.76435,,1
basen/3573,basen,19.473078,51.85078,,1
basen/3574,basen,19.473221,51.851293,,1
basen/3575,basen,19.625109,51.713329,,0
basen/3576,basen,19.624694,51.713158,,0
basen/3577,basen,19.352774,51.801196,,1
basen/3578,basen,19.512243,51.761068,,1
basen/3579,basen,19.512252,51.761262,,1
basen/3580,basen,19.393056,51.759482,,1
basen/3581,basen,19.485385,51.802412,,1
basen/3582,basen,19.484005,51.802296,,1
basen/3583,basen,19.485518,51.803537,,1
basen/3584,basen,19.426211,51.700233,,1
basen/3585,basen,19.41484,51.688522,,0
basen/3586,basen,19.387445,51.77635,,1
basen/3587,basen,19.434912,51.730454,,1
basen/3588,basen,19.514693,51.755201,,1
basen/3589,basen,19.48088,51.682539,,0
basen/3590,basen,19.415415,51.732359,,1
basen/3591,basen,19.588763,51.737606,,1
basen/3592,basen,19.424077,51.67785,,0
basen/3593,basen,19.473923,51.813099,,1
basen/3594,basen,19.474231,51.812843,,1
basen/3595,basen,19.49282,51.780901,Pływalnia Centrum Sportu UŁ,1
boisko/3596,boisko,19.620208,51.702281,Skatepark Stróża,0
boisko/3597,boisko,19.451733,51.749369,Hala Sportowa,1
boisko/3598,boisko,19.56164,51.823722,,0
boisko/3599,boisko,19.431155,51.802702,,1
boisko/3600,boisko,19.430782,51.801452,,1
boisko/3601,boisko,19.475822,51.701834,,1
boisko/3602,boisko,19.482675,51.711904,,1
boisko/3603,boisko,19.484936,51.711259,,1
boisko/3604,boisko,19.479887,51.712895,,1
boisko/3605,boisko,19.485712,51.711959,,1
boisko/3606,boisko,19.468044,51.697618,,1
boisko/3607,boisko,19.492539,51.715508,,1
boisko/3608,boisko,19.55994,51.741458,,1
boisko/3609,boisko,19.474809,51.738045,MKS Metalowiec,1
boisko/3610,boisko,19.476298,51.750538,,1
boisko/3611,boisko,19.476723,51.750989,Szkoła Mistrzostwa Sportowego im. Kazimierza Górskiego,1
boisko/3612,boisko,19.474789,51.75073,,1
boisko/3613,boisko,19.478485,51.751134,,1
boisko/3614,boisko,19.477163,51.751673,,1
boisko/3615,boisko,19.465893,51.729271,,1
boisko/3616,boisko,19.464729,51.729055,,1
boisko/3617,boisko,19.465646,51.729128,,1
boisko/3618,boisko,19.49347,51.781006,Centrum Wychowania Fizycznego i Sportu Uniwersytetu Łódzkiego,1
boisko/3619,boisko,19.424633,51.816365,,1
boisko/3620,boisko,19.420618,51.819937,,1
boisko/3621,boisko,19.425303,51.817281,,1
boisko/3622,boisko,19.424841,51.817364,,1
boisko/3623,boisko,19.420201,51.820887,,1
boisko/3624,boisko,19.425155,51.819903,,1
boisko/3625,boisko,19.422477,51.816903,,1
boisko/3626,boisko,19.421923,51.81787,,1
boisko/3627,boisko,19.424396,51.787446,,1
boisko/3628,boisko,19.416666,51.820472,,1
boisko/3629,boisko,19.420731,51.81873,,1
boisko/3630,boisko,19.434513,51.784713,Orlik,1
boisko/3631,boisko,19.480789,51.777841,,1
boisko/3632,boisko,19.476885,51.777555,,1
boisko/3633,boisko,19.398906,51.792579,,1
boisko/3634,boisko,19.477334,51.717577,,1
boisko/3635,boisko,19.481417,51.714992,,1
boisko/3636,boisko,19.468935,51.756867,,1
boisko/3637,boisko,19.533979,51.778121,,1
boisko/3638,boisko,19.466758,51.726028,,1
boisko/3639,boisko,19.521839,51.794731,,1
boisko/3640,boisko,19.449895,51.738788,,1
boisko/3641,boisko,19.597175,51.799201,,1
boisko/3642,boisko,19.432702,51.765302,,1
boisko/3643,boisko,19.431947,51.764999,,1
boisko/3644,boisko,19.487387,51.794409,,1
boisko/3645,boisko,19.487377,51.794951,,1
boisko/3646,boisko,19.47247,51.792703,,1
boisko/3647,boisko,19.472525,51.793086,,1
boisko/3648,boisko,19.49522,51.730023,,1
boisko/3649,boisko,19.499988,51.730924,,1
boisko/3650,boisko,19.538262,51.755914,,1
boisko/3651,boisko,19.539947,51.755157,,1
boisko/3652,boisko,19.528556,51.758045,,1
boisko/3653,boisko,19.528505,51.757713,,1
boisko/3654,boisko,19.529097,51.757567,,1
boisko/3655,boisko,19.39194,51.74793,,1
boisko/3656,boisko,19.449606,51.813005,,1
boisko/3657,boisko,19.44395,51.81906,,1
boisko/3658,boisko,19.444607,51.819216,,1
boisko/3659,boisko,19.435615,51.795996,,1
boisko/3660,boisko,19.467795,51.793957,,1
boisko/3661,boisko,19.420107,51.786766,,1
boisko/3662,boisko,19.415553,51.789927,,1
boisko/3663,boisko,19.441278,51.824386,,1
boisko/3664,boisko,19.442002,51.824793,,1
boisko/3665,boisko,19.440397,51.821695,,1
boisko/3666,boisko,19.440462,51.825348,,1
boisko/3667,boisko,19.498786,51.815324,Boisko Orlik,1
boisko/3668,boisko,19.478229,51.823787,,1
boisko/3669,boisko,19.426396,51.775605,,1
boisko/3670,boisko,19.426612,51.775554,,1
boisko/3671,boisko,19.485495,51.766221,,1
boisko/3672,boisko,19.428184,51.802852,,1
boisko/3673,boisko,19.464008,51.79829,,1
boisko/3674,boisko,19.505464,51.7685,Klub Sportowy WIFAMA,1
boisko/3675,boisko,19.494991,51.769102,Centrum Sportu i Rekreacji,1
boisko/3676,boisko,19.498975,51.770085,Centrum Sportu i Rekreacji,1
boisko/3677,boisko,19.496264,51.769728,,1
boisko/3678,boisko,19.494704,51.769082,,1
boisko/3679,boisko,19.49275,51.768925,,1
boisko/3680,boisko,19.49265,51.768597,,1
boisko/3681,boisko,19.506068,51.767954,Szkoła tenisa,1
boisko/3682,boisko,19.505521,51.769468,,1
boisko/3683,boisko,19.503657,51.767918,,1
boisko/3684,boisko,19.49949,51.768794,,1
boisko/3685,boisko,19.503531,51.767511,,1
boisko/3686,boisko,19.525185,51.761801,,1
boisko/3687,boisko,19.524223,51.762028,,1
boisko/3688,boisko,19.534028,51.759834,,1
boisko/3689,boisko,19.425897,51.704787,Orlik,1
boisko/3690,boisko,19.445625,51.731645,,1
boisko/3691,boisko,19.537581,51.756461,,1
boisko/3692,boisko,19.5455,51.752208,,1
boisko/3693,boisko,19.51983,51.756181,Orlik przy SP 114,1
boisko/3694,boisko,19.519305,51.756843,,1
boisko/3695,boisko,19.423747,51.787328,,1
boisko/3696,boisko,19.459603,51.775912,,1
boisko/3697,boisko,19.459628,51.775632,,1
boisko/3698,boisko,19.461173,51.773586,,1
boisko/3699,boisko,19.533686,51.778685,,1
boisko/3700,boisko,19.43138,51.788826,,1
boisko/3701,boisko,19.431799,51.788856,,1
boisko/3702,boisko,19.389252,51.746645,,1
boisko/3703,boisko,19.389583,51.746739,,1
boisko/3704,boisko,19.454034,51.734488,,1
boisko/3705,boisko,19.44787,51.728717,,1
boisko/3706,boisko,19.449698,51.730336,,1
boisko/3707,boisko,19.408344,51.73814,ping pong,1
boisko/3708,boisko,19.354848,51.709863,,1
boisko/3709,boisko,19.355146,51.710542,,1
boisko/3710,boisko,19.353319,51.70972,,1
boisko/3711,boisko,19.353829,51.711944,,1
boisko/3712,boisko,19.354697,51.710595,,1
boisko/3713,boisko,19.473743,51.809595,,1
boisko/3714,boisko,19.467236,51.807775,,1
boisko/3715,boisko,19.398347,51.793224,,1
boisko/3716,boisko,19.325738,51.805656,,1
boisko/3717,boisko,19.326039,51.805634,,1
boisko/3718,boisko,19.31141,51.816606,,0
boisko/3719,boisko,19.31031,51.816685,,0
boisko/3720,boisko,19.490895,51.757955,,1
boisko/3721,boisko,19.490055,51.757311,,1
boisko/3722,boisko,19.490768,51.758181,,1
boisko/3723,boisko,19.453362,51.741078,,1
boisko/3724,boisko,19.451237,51.733808,Boisko szkolne,1
boisko/3725,boisko,19.389933,51.747589,,1
boisko/3726,boisko,19.38952,51.74762,Orlik,1
boisko/3727,boisko,19.464033,51.730319,Boisko osiedlowe,1
boisko/3728,boisko,19.432518,51.716256,,1
boisko/3729,boisko,19.435012,51.706483,,1
boisko/3730,boisko,19.432831,51.703586,Korty tenisowe - Rudzki Klub Sportowy,1
boisko/3731,boisko,19.433747,51.704105,Rudzki Klub Sportowy,1
boisko/3732,boisko,19.440665,51.700378,Boisko szkolne,1
boisko/3733,boisko,19.440576,51.700644,Boisko szkolne,1
boisko/3734,boisko,19.380255,51.792456,,1
boisko/3735,boisko,19.553537,51.708372,,1
boisko/3736,boisko,19.380874,51.79226,,1
boisko/3737,boisko,19.553366,51.708791,,1
boisko/3738,boisko,19.412358,51.77253,,1
boisko/3739,boisko,19.41291,51.772447,,1
boisko/3740,boisko,19.411985,51.771698,,1
boisko/3741,boisko,19.443879,51.730356,,1
boisko/3742,boisko,19.467058,51.791711,Orlik,1
boisko/3743,boisko,19.450508,51.775322,Boisko szkolne,1
boisko/3744,boisko,19.452714,51.72414,Boisko szkolne,1
boisko/3745,boisko,19.452311,51.724401,Boisko szkolne,1
boisko/3746,boisko,19.425084,51.757161,Atlas Arena,1
boisko/3747,boisko,19.539122,51.755714,MKS Jedynka,1
boisko/3748,boisko,19.398222,51.792695,Boisko szkolne,1
boisko/3749,boisko,19.379701,51.79182,,1
boisko/3750,boisko,19.379109,51.791395,,1
boisko/3751,boisko,19.379985,51.791807,,1
boisko/3752,boisko,19.379867,51.791585,,1
boisko/3753,boisko,19.380318,51.791459,,1
boisko/3754,boisko,19.379339,51.791843,,1
boisko/3755,boisko,19.381685,51.793463,,1
boisko/3756,boisko,19.38989,51.796098,Boisko szkolne,1
boisko/3757,boisko,19.38788,51.794544,Boisko szkolne,1
boisko/3758,boisko,19.395781,51.682106,Boisko Szkolne,0
boisko/3759,boisko,19.504624,51.740169,,1
boisko/3760,boisko,19.504646,51.740534,,1
boisko/3761,boisko,19.56289,51.744581,,1
boisko/3762,boisko,19.562289,51.744672,Orlik,1
boisko/3763,boisko,19.454679,51.803713,,1
boisko/3764,boisko,19.442132,51.754845,,1
boisko/3765,boisko,19.388043,51.740615,Boisko Szkolne,1
boisko/3766,boisko,19.388925,51.740866,Boisko Szkolne,1
boisko/3767,boisko,19.465069,51.755357,,1
boisko/3768,boisko,19.545668,51.757993,,1
boisko/3769,boisko,19.449439,51.745008,,1
boisko/3770,boisko,19.448856,51.745221,Centrum Sportu,1
boisko/3771,boisko,19.449593,51.74742,,1
boisko/3772,boisko,19.449637,51.747115,,1
boisko/3773,boisko,19.389328,51.784037,,1
boisko/3774,boisko,19.402657,51.76407,Boisko szkolne,1
boisko/3775,boisko,19.401772,51.763687,,1
boisko/3776,boisko,19.51631,51.734876,Fit Fabric 13.0,1
boisko/3777,boisko,19.477849,51.762737,,1
boisko/3778,boisko,19.436144,51.796131,,1
boisko/3779,boisko,19.372937,51.797016,Boisko szkolne,1
boisko/3780,boisko,19.373245,51.796845,Boisko szkolne,1
boisko/3781,boisko,19.563352,51.746545,,1
boisko/3782,boisko,19.563968,51.746291,,1
boisko/3783,boisko,19.5645,51.746004,,1
boisko/3784,boisko,19.564803,51.746064,,1
boisko/3785,boisko,19.563691,51.746688,,1
boisko/3786,boisko,19.564336,51.746265,,1
boisko/3787,boisko,19.431608,51.783231,Boisko szkolne,1
boisko/3788,boisko,19.431627,51.783409,,1
boisko/3789,boisko,19.485244,51.740004,,1
boisko/3790,boisko,19.485982,51.740091,,1
boisko/3791,boisko,19.500617,51.746233,Boisko osiedlowe,1
boisko/3792,boisko,19.497101,51.743329,,1
boisko/3793,boisko,19.445667,51.772056,Boisko szkolne,1
boisko/3794,boisko,19.481604,51.765671,Boisko szkolne,1
boisko/3795,boisko,19.481254,51.765739,Boisko szkolne,1
boisko/3796,boisko,19.463911,51.763785,,1
boisko/3797,boisko,19.412216,51.775697,Boisko szkolne,1
boisko/3798,boisko,19.411927,51.775369,Boisko szkolne,1
boisko/3799,boisko,19.42731,51.781613,Boisko szkolne,1
boisko/3800,boisko,19.427523,51.781931,Boisko szkolne,1
boisko/3801,boisko,19.374105,51.810917,,1
boisko/3802,boisko,19.484388,51.735121,Boisko szkolne,1
boisko/3803,boisko,19.483961,51.733909,Boisko szkolne,1
boisko/3804,boisko,19.485638,51.734188,Boisko szkolne,1
boisko/3805,boisko,19.485447,51.733938,Boisko szkolne,1
boisko/3806,boisko,19.416512,51.790319,,1
boisko/3807,boisko,19.41605,51.790132,,1
boisko/3808,boisko,19.425766,51.749989,,1
boisko/3809,boisko,19.426377,51.750241,,1
boisko/3810,boisko,19.4618,51.789995,,1
boisko/3811,boisko,19.499362,51.730723,,1
boisko/3812,boisko,19.490643,51.736119,Boisko szkolne,1
boisko/3813,boisko,19.489701,51.735956,Boisko szkolne,1
boisko/3814,boisko,19.490205,51.735917,Boisko szkolne,1
boisko/3815,boisko,19.498673,51.734314,,1
boisko/3816,boisko,19.498464,51.734539,,1
boisko/3817,boisko,19.446298,51.733768,,1
boisko/3818,boisko,19.446324,51.734042,,1
boisko/3819,boisko,19.503333,51.735786,,1
boisko/3820,boisko,19.503965,51.735662,,1
boisko/3821,boisko,19.498079,51.738831,Boisko szkolne,1
boisko/3822,boisko,19.423502,51.751218,Boisko szkolne,1
boisko/3823,boisko,19.422951,51.751387,,1
boisko/3824,boisko,19.376526,51.798838,,1
boisko/3825,boisko,19.370413,51.798576,,1
boisko/3826,boisko,19.369351,51.798193,,1
boisko/3827,boisko,19.544999,51.761205,,1
boisko/3828,boisko,19.544451,51.761103,,1
boisko/3829,boisko,19.377999,51.794604,,1
boisko/3830,boisko,19.378449,51.794325,,1
boisko/3831,boisko,19.377959,51.794356,,1
boisko/3832,boisko,19.322614,51.791351,,0
boisko/3833,boisko,19.448115,51.783951,,1
boisko/3834,boisko,19.458879,51.724463,Siłownia na świeżym powietrzu,1
boisko/3835,boisko,19.463125,51.724648,,1
boisko/3836,boisko,19.463331,51.724994,,1
boisko/3837,boisko,19.463498,51.72526,,1
boisko/3838,boisko,19.46298,51.724407,,1
boisko/3839,boisko,19.531331,51.75481,,1
boisko/3840,boisko,19.423216,51.775017,,1
boisko/3841,boisko,19.431375,51.778018,,1
boisko/3842,boisko,19.439088,51.794972,,1
boisko/3843,boisko,19.469129,51.793697,,1
boisko/3844,boisko,19.425515,51.70493,,1
boisko/3845,boisko,19.484581,51.71152,,1
boisko/3846,boisko,19.462117,51.796269,Orlik,1
boisko/3847,boisko,19.458342,51.796476,Orlik,1
boisko/3848,boisko,19.489789,51.824133,,1
boisko/3849,boisko,19.469446,51.720528,,1
boisko/3850,boisko,19.469134,51.72074,,1
boisko/3851,boisko,19.441851,51.770002,,1
boisko/3852,boisko,19.520294,51.793673,,1
boisko/3853,boisko,19.325312,51.806216,,1
boisko/3854,boisko,19.325836,51.806157,,1
boisko/3855,boisko,19.491236,51.719635,,1
boisko/3856,boisko,19.565169,51.743349,,1
boisko/3857,boisko,19.561584,51.743529,,1
boisko/3858,boisko,19.432922,51.77013,,1
boisko/3859,boisko,19.467522,51.846389,,1
boisko/3860,boisko,19.467444,51.845837,,1
boisko/3861,boisko,19.441753,51.824581,,1
boisko/3862,boisko,19.449671,51.813265,,1
boisko/3863,boisko,19.442606,51.763558,,1
boisko/3864,boisko,19.428441,51.778197,,1
boisko/3865,boisko,19.440791,51.821769,,1
boisko/3866,boisko,19.405527,51.790796,,1
boisko/3867,boisko,19.405936,51.790875,,1
boisko/3868,boisko,19.500968,51.74394,,1
boisko/3869,boisko,19.497647,51.748251,,1
boisko/3870,boisko,19.497286,51.742773,,1
boisko/3871,boisko,19.492129,51.742639,,1
boisko/3872,boisko,19.480036,51.746485,,1
boisko/3873,boisko,19.465789,51.742731,,1
boisko/3874,boisko,19.466163,51.742529,,1
boisko/3875,boisko,19.494501,51.750241,,1
boisko/3876,boisko,19.495186,51.750049,,1
boisko/3877,boisko,19.441419,51.709549,Skocznia narciarska K 15,1
boisko/3878,boisko,19.528781,51.75801,,1
boisko/3879,boisko,19.48158,51.786967,,1
boisko/3880,boisko,19.447506,51.795799,,1
boisko/3881,boisko,19.449898,51.797595,,1
boisko/3882,boisko,19.43047,51.79203,,1
boisko/3883,boisko,19.441021,51.708964,Zjeżdżalnia grawitacyjna,1
boisko/3884,boisko,19.434501,51.784935,,1
boisko/3885,boisko,19.431181,51.783287,,1
boisko/3886,boisko,19.461663,51.756823,,1
boisko/3887,boisko,19.364567,51.784789,,1
boisko/3888,boisko,19.487602,51.744547,,1
boisko/3889,boisko,19.481898,51.787103,Orlik,1
boisko/3890,boisko,19.477714,51.761453,,1
boisko/3891,boisko,19.608623,51.687172,,0
boisko/3892,boisko,19.483966,51.746199,,1
boisko/3893,boisko,19.484283,51.745415,,1
boisko/3894,boisko,19.49331,51.74127,,1
boisko/3895,boisko,19.463216,51.839751,,1
boisko/3896,boisko,19.484028,51.755303,,1
boisko/3897,boisko,19.481172,51.756243,,1
boisko/3898,boisko,19.477524,51.750501,,1
boisko/3899,boisko,19.478867,51.750662,,1
boisko/3900,boisko,19.419276,51.830977,Stacja Nowa Gdynia,1
boisko/3901,boisko,19.565701,51.741885,,1
boisko/3902,boisko,19.561702,51.743842,,1
boisko/3903,boisko,19.571063,51.740757,,1
boisko/3904,boisko,19.57406,51.742475,,1
boisko/3905,boisko,19.574251,51.74289,,1
boisko/3906,boisko,19.641885,51.764108,"Centrum Sportowo Rekreacyjne ""Zbyszko""",0
boisko/3907,boisko,19.477291,51.733266,,1
boisko/3908,boisko,19.316995,51.814746,,0
boisko/3909,boisko,19.316396,51.814597,,0
boisko/3910,boisko,19.316522,51.814826,,0
boisko/3911,boisko,19.316667,51.815092,,0
boisko/3912,boisko,19.544326,51.75122,Skatepark im. Igora Kowalewskiego,1
boisko/3913,boisko,19.492524,51.781953,,1
boisko/3914,boisko,19.491693,51.782231,,1
boisko/3915,boisko,19.435925,51.795965,Orlik,1
boisko/3916,boisko,19.474903,51.737812,,1
boisko/3917,boisko,19.474779,51.738428,,1
boisko/3918,boisko,19.474102,51.73814,,1
boisko/3919,boisko,19.3889,51.686135,,0
boisko/3920,boisko,19.409286,51.744143,Boisko szkolne,1
boisko/3921,boisko,19.411355,51.744535,,1
boisko/3922,boisko,19.456153,51.739004,,1
boisko/3923,boisko,19.4081,51.742914,,1
boisko/3924,boisko,19.602558,51.819733,,0
boisko/3925,boisko,19.600461,51.818291,,0
boisko/3926,boisko,19.374686,51.792316,,1
boisko/3927,boisko,19.370177,51.798243,Ośrodek Sportowy Zespołu Szkół Katolickiego,1
boisko/3928,boisko,19.467014,51.726428,,1
boisko/3929,boisko,19.545034,51.761442,,1
boisko/3930,boisko,19.380947,51.798596,,1
boisko/3931,boisko,19.379475,51.799067,,1
boisko/3932,boisko,19.381938,51.798743,,1
boisko/3933,boisko,19.382052,51.797515,,1
boisko/3934,boisko,19.383311,51.797208,,1
boisko/3935,boisko,19.378042,51.796619,,1
boisko/3936,boisko,19.379708,51.796287,,1
boisko/3937,boisko,19.381351,51.79596,,1
boisko/3938,boisko,19.440011,51.789341,,1
boisko/3939,boisko,19.47882,51.751858,,1
boisko/3940,boisko,19.409327,51.747075,,1
boisko/3941,boisko,19.407206,51.743547,,1
boisko/3942,boisko,19.406502,51.743621,,1
boisko/3943,boisko,19.451531,51.76426,,1
boisko/3944,boisko,19.407,51.744554,,1
boisko/3945,boisko,19.403542,51.742474,,1
boisko/3946,boisko,19.454094,51.750564,Lodowisko miejskie „Bombonierka”,1
boisko/3947,boisko,19.471256,51.78151,Klub Sportowy Społem,1
boisko/3948,boisko,19.64231,51.762195,Padok,0
boisko/3949,boisko,19.379001,51.791735,Klub Sportowy ELTA,1
boisko/3950,boisko,19.530237,51.757483,,1
boisko/3951,boisko,19.529899,51.757104,,1
boisko/3952,boisko,19.429654,51.802616,Spółdzielczy Klub Sportowy START,1
boisko/3953,boisko,19.483792,51.716531,,1
boisko/3954,boisko,19.484566,51.715142,,1
boisko/3955,boisko,19.484326,51.717474,,1
boisko/3956,boisko,19.465641,51.774272,,1
boisko/3957,boisko,19.470321,51.775761,,1
boisko/3958,boisko,19.392712,51.741928,,1
boisko/3959,boisko,19.461173,51.776541,,1
boisko/3960,boisko,19.480564,51.77699,,1
boisko/3961,boisko,19.479959,51.776919,,1
boisko/3962,boisko,19.491798,51.773042,,1
boisko/3963,boisko,19.49224,51.773078,,1
boisko/3964,boisko,19.487748,51.779591,,1
boisko/3965,boisko,19.490555,51.778607,,1
boisko/3966,boisko,19.494988,51.780372,,1
boisko/3967,boisko,19.490135,51.782188,,1
boisko/3968,boisko,19.477304,51.717679,,1
boisko/3969,boisko,19.477337,51.717374,,1
boisko/3970,boisko,19.430741,51.800994,,1
boisko/3971,boisko,19.439475,51.796711,,1
boisko/3972,boisko,19.445171,51.793509,,1
boisko/3973,boisko,19.44477,51.793399,,1
boisko/3974,boisko,19.457835,51.745439,,1
boisko/3975,boisko,19.447142,51.786181,,1
boisko/3976,boisko,19.457588,51.782099,,1
boisko/3977,boisko,19.457831,51.781878,,1
boisko/3978,boisko,19.441697,51.78546,,1
boisko/3979,boisko,19.441826,51.785654,,1
boisko/3980,boisko,19.593879,51.798441,,1
boisko/3981,boisko,19.59707,51.799307,,1
boisko/3982,boisko,19.462492,51.757206,Boisko szkolne,1
boisko/3983,boisko,19.461593,51.757293,,1
boisko/3984,boisko,19.391475,51.717321,,1
boisko/3985,boisko,19.454594,51.794106,,1
boisko/3986,boisko,19.505563,51.768866,Klub Sportowy WIFAMA,1
boisko/3987,boisko,19.453612,51.755939,,1
boisko/3988,boisko,19.410073,51.744149,Basen SP 137,1
boisko/3989,boisko,19.446981,51.772517,,1
boisko/3990,boisko,19.447052,51.772718,,1
boisko/3991,boisko,19.47173,51.75629,,1
boisko/3992,boisko,19.468619,51.756668,,1
boisko/3993,boisko,19.464914,51.755651,,1
boisko/3994,boisko,19.379015,51.742387,,1
boisko/3995,boisko,19.437796,51.759008,,1
boisko/3996,boisko,19.433481,51.765469,,1
boisko/3997,boisko,19.426057,51.758335,Łódzki Klub Sportowy,1
boisko/3998,boisko,19.446791,51.771213,,1
boisko/3999,boisko,19.432273,51.770074,,1
boisko/4000,boisko,19.40604,51.743429,,1
boisko/4001,boisko,19.451584,51.746392,B28 Zatoka Sportu,1
boisko/4002,boisko,19.458274,51.790532,,1
boisko/4003,boisko,19.423037,51.774786,,1
boisko/4004,boisko,19.395879,51.682534,,0
boisko/4005,boisko,19.39562,51.681653,,0
boisko/4006,boisko,19.388878,51.685984,,0
boisko/4007,boisko,19.424902,51.817372,Orlik,1
boisko/4008,boisko,19.426271,51.758959,,1
boisko/4009,boisko,19.423231,51.758186,Boisko treningowe,1
boisko/4010,boisko,19.462227,51.789985,,1
boisko/4011,boisko,19.466328,51.789807,,1
boisko/4012,boisko,19.470347,51.789223,,1
boisko/4013,boisko,19.444901,51.755537,,1
boisko/4014,boisko,19.444495,51.755502,,1
boisko/4015,boisko,19.444573,51.755139,,1
boisko/4016,boisko,19.441089,51.776468,,1
boisko/4017,boisko,19.440919,51.776219,,1
boisko/4018,boisko,19.468275,51.793671,Klub Sportowy BUDOWLANI,1
boisko/4019,boisko,19.45657,51.739067,,1
boisko/4020,boisko,19.446813,51.711561,,1
boisko/4021,boisko,19.551565,51.797015,,1
boisko/4022,boisko,19.325621,51.806188,,1
boisko/4023,boisko,19.325083,51.806335,,1
boisko/4024,boisko,19.325802,51.806275,,1
boisko/4025,boisko,19.304353,51.809905,,0
boisko/4026,boisko,19.304033,51.809961,,0
boisko/4027,boisko,19.322737,51.786119,,0
boisko/4028,boisko,19.503147,51.764937,,1
boisko/4029,boisko,19.472912,51.73808,,1
boisko/4030,boisko,19.495594,51.780411,,1
boisko/4031,boisko,19.495279,51.780435,,1
boisko/4032,boisko,19.325308,51.81561,,0
boisko/4033,boisko,19.447451,51.737367,,1
boisko/4034,boisko,19.418271,51.830603,Stacja Nowa Gdynia – Centrum sportu,1
boisko/4035,boisko,19.511765,51.765098,,1
boisko/4036,boisko,19.503523,51.765347,,1
boisko/4037,boisko,19.473916,51.810185,,1
boisko/4038,boisko,19.473628,51.810487,,1
boisko/4039,boisko,19.335947,51.746357,,0
boisko/4040,boisko,19.353828,51.747423,,0
boisko/4041,boisko,19.318947,51.736691,,0
boisko/4042,boisko,19.318685,51.737381,Ośrodek nad Stawem,0
boisko/4043,boisko,19.329474,51.745718,,0
boisko/4044,boisko,19.32864,51.745893,,0
boisko/4045,boisko,19.49021,51.760827,,1
boisko/4046,boisko,19.413177,51.787309,,1
boisko/4047,boisko,19.412983,51.787346,,1
boisko/4048,boisko,19.412941,51.787001,,1
boisko/4049,boisko,19.451367,51.746932,,1
boisko/4050,boisko,19.48366,51.711312,,1
boisko/4051,boisko,19.492813,51.715309,,1
boisko/4052,boisko,19.492027,51.721923,,1
boisko/4053,boisko,19.49227,51.721847,,1
boisko/4054,boisko,19.491132,51.71997,,1
boisko/4055,boisko,19.443754,51.735056,,1
boisko/4056,boisko,19.441662,51.754855,Miejski Klub Tenisowy,1
boisko/4057,boisko,19.500489,51.709718,,1
boisko/4058,boisko,19.400413,51.763394,,1
boisko/4059,boisko,19.397801,51.763697,,1
boisko/4060,boisko,19.400109,51.764296,,1
boisko/4061,boisko,19.398829,51.76401,,1
boisko/4062,boisko,19.545244,51.756856,,1
boisko/4063,boisko,19.573309,51.825445,,0
boisko/4064,boisko,19.642282,51.762716,Padok,0
boisko/4065,boisko,19.521609,51.795085,,1
boisko/4066,boisko,19.505399,51.767871,,1
boisko/4067,boisko,19.505598,51.767896,,1
boisko/4068,boisko,19.546788,51.728713,,1
boisko/4069,boisko,19.371369,51.800341,,1
boisko/4070,boisko,19.371805,51.800331,,1
boisko/4071,boisko,19.46276,51.72487,MOSiR - Hala Sportowa „Tęcza”,1
boisko/4072,boisko,19.381286,51.798561,,1
boisko/4073,boisko,19.374051,51.798735,,1
boisko/4074,boisko,19.374169,51.795951,,1
boisko/4075,boisko,19.374544,51.793064,,1
boisko/4076,boisko,19.384532,51.795432,,1
boisko/4077,boisko,19.38468,51.795425,,1
boisko/4078,boisko,19.376338,51.798874,,1
boisko/4079,boisko,19.475377,51.823116,,1
boisko/4080,boisko,19.451493,51.737052,,1
boisko/4081,boisko,19.541079,51.761633,,1
boisko/4082,boisko,19.430798,51.734942,Orlik,1
boisko/4083,boisko,19.447325,51.732499,Siłownia,1
boisko/4084,boisko,19.447587,51.732566,Tor przeszkód,1
boisko/4085,boisko,19.473924,51.810073,,1
boisko/4086,boisko,19.443727,51.730784,,1
boisko/4087,boisko,19.412988,51.787093,,1
boisko/4088,boisko,19.412894,51.786909,,1
boisko/4089,boisko,19.412887,51.786894,,1
boisko/4090,boisko,19.412941,51.787001,,1
boisko/4091,boisko,19.412996,51.787108,,1
boisko/4092,boisko,19.412941,51.787001,,1
boisko/4093,boisko,19.544452,51.71081,,1
boisko/4094,boisko,19.507145,51.791212,,1
boisko/4095,boisko,19.429804,51.728251,Orlik przy SP 138,1
boisko/4096,boisko,19.42906,51.728265,,1
boisko/4097,boisko,19.454055,51.750567,Bombonierka,1
boisko/4098,boisko,19.466137,51.807019,,1
boisko/4099,boisko,19.402794,51.750064,,1
boisko/4100,boisko,19.401614,51.748638,,1
boisko/4101,boisko,19.484557,51.861971,,0
boisko/4102,boisko,19.484607,51.861046,,0
boisko/4103,boisko,19.411713,51.770946,Pumptrack,1
boisko/4104,boisko,19.41981,51.763991,,1
boisko/4105,boisko,19.476165,51.73539,,1
boisko/4106,boisko,19.475825,51.735616,,1
boisko/4107,boisko,19.47643,51.735756,,1
boisko/4108,boisko,19.3917,51.748459,,1
boisko/4109,boisko,19.391884,51.748209,,1
boisko/4110,boisko,19.566526,51.766713,,1
boisko/4111,boisko,19.566639,51.766216,,1
boisko/4112,boisko,19.566514,51.76641,Pomorska Tenis Park,1
boisko/4113,boisko,19.54866,51.759623,,1
boisko/4114,boisko,19.419755,51.754645,,1
boisko/4115,boisko,19.484981,51.741498,,1
boisko/4116,boisko,19.419408,51.768355,Klub Strzelecki LOK „Dziesiątka”,1
boisko/4117,boisko,19.491292,51.733778,,1
boisko/4118,boisko,19.492598,51.730887,,1
boisko/4119,boisko,19.492984,51.73097,,1
boisko/4120,boisko,19.471018,51.722346,,1
boisko/4121,boisko,19.463576,51.728102,,1
boisko/4122,boisko,19.368226,51.799982,,1
boisko/4123,boisko,19.373799,51.798786,,1
boisko/4124,boisko,19.494472,51.746982,,1
boisko/4125,boisko,19.481929,51.834593,,1
boisko/4126,boisko,19.586367,51.793838,,1
boisko/4127,boisko,19.438988,51.793282,,1
boisko/4128,boisko,19.439098,51.793575,,1
boisko/4129,boisko,19.437521,51.79511,,1
boisko/4130,boisko,19.439481,51.799315,,1
boisko/4131,boisko,19.441554,51.799489,,1
boisko/4132,boisko,19.529648,51.754688,,1
boisko/4133,boisko,19.52284,51.760242,,1
boisko/4134,boisko,19.527106,51.761255,,1
boisko/4135,boisko,19.422793,51.819952,,1
boisko/4136,boisko,19.536087,51.754144,,1
boisko/4137,boisko,19.53518,51.75382,,1
boisko/4138,boisko,19.538792,51.755033,,1
boisko/4139,boisko,19.53973,51.754742,,1
boisko/4140,boisko,19.540595,51.757288,,1
boisko/4141,boisko,19.447391,51.732308,,1
boisko/4142,boisko,19.54163,51.758344,,1
boisko/4143,boisko,19.544633,51.756422,,1
boisko/4144,boisko,19.544834,51.756607,,1
boisko/4145,boisko,19.501058,51.735827,,1
boisko/4146,boisko,19.491414,51.734091,,1
boisko/4147,boisko,19.495836,51.729752,,1
boisko/4148,boisko,19.495745,51.730032,,1
boisko/4149,boisko,19.486425,51.742645,,1
boisko/4150,boisko,19.48765,51.742598,,1
boisko/4151,boisko,19.484324,51.733932,,1
boisko/4152,boisko,19.495601,51.769663,,1
boisko/4153,boisko,19.496073,51.769214,,1
boisko/4154,boisko,19.493573,51.768984,,1
boisko/4155,boisko,19.485744,51.768961,,1
boisko/4156,boisko,19.484485,51.728313,,1
boisko/4157,boisko,19.485057,51.728399,,1
boisko/4158,boisko,19.50391,51.740134,,1
boisko/4159,boisko,19.504256,51.740108,,1
boisko/4160,boisko,19.502866,51.740775,,1
boisko/4161,boisko,19.50268,51.740989,,1
boisko/4162,boisko,19.489947,51.740523,,1
boisko/4163,boisko,19.496484,51.745523,,1
boisko/4164,boisko,19.496648,51.745264,,1
boisko/4165,boisko,19.43387,51.7847,,1
boisko/4166,boisko,19.425822,51.789385,,1
boisko/4167,boisko,19.424284,51.790209,,1
boisko/4168,boisko,19.435956,51.804164,,1
boisko/4169,boisko,19.436296,51.804102,,1
boisko/4170,boisko,19.398936,51.79041,,1
boisko/4171,boisko,19.410423,51.704243,,1
boisko/4172,boisko,19.387028,51.794728,,1
boisko/4173,boisko,19.37247,51.792839,,1
boisko/4174,boisko,19.372592,51.794304,,1
boisko/4175,boisko,19.378112,51.794795,,1
boisko/4176,boisko,19.432397,51.816262,,1
boisko/4177,boisko,19.423334,51.815747,,1
boisko/4178,boisko,19.423548,51.815357,,1
boisko/4179,boisko,19.418936,51.821732,,1
boisko/4180,boisko,19.423005,51.820851,,1
boisko/4181,boisko,19.422109,51.820701,,1
boisko/4182,boisko,19.428277,51.82339,,1
boisko/4183,boisko,19.589477,51.797499,,1
boisko/4184,boisko,19.588215,51.797711,,1
boisko/4185,boisko,19.624243,51.767933,,1
boisko/4186,boisko,19.623927,51.768523,Orlik,1
boisko/4187,boisko,19.624473,51.768777,,1
boisko/4188,boisko,19.430495,51.826021,,1
boisko/4189,boisko,19.431224,51.826651,,1
boisko/4190,boisko,19.522866,51.726219,,1
boisko/4191,boisko,19.475492,51.701391,,1
boisko/4192,boisko,19.472623,51.70664,,1
boisko/4193,boisko,19.46233,51.754433,,1
boisko/4194,boisko,19.462193,51.756838,,1
boisko/4195,boisko,19.506256,51.772317,,1
boisko/4196,boisko,19.371287,51.742644,,1
boisko/4197,boisko,19.492178,51.715062,,1
boisko/4198,boisko,19.473286,51.847074,,1
boisko/4199,boisko,19.473724,51.850898,,1
boisko/4200,boisko,19.392636,51.742139,,1
boisko/4201,boisko,19.39237,51.742324,,1
boisko/4202,boisko,19.392539,51.74237,,1
boisko/4203,boisko,19.389746,51.747844,,1
boisko/4204,boisko,19.38922,51.740479,Lodowisko Retkinia,1
boisko/4205,boisko,19.36793,51.800245,,1
boisko/4206,boisko,19.402345,51.749622,,1
boisko/4207,boisko,19.400831,51.751885,,1
boisko/4208,boisko,19.416877,51.748715,,1
boisko/4209,boisko,19.411456,51.750491,,1
boisko/4210,boisko,19.411812,51.750347,,1
boisko/4211,boisko,19.41233,51.751124,,1
boisko/4212,boisko,19.411203,51.749294,,1
boisko/4213,boisko,19.410683,51.770874,Pumptrack dla dzieci,1
boisko/4214,boisko,19.415633,51.756138,,1
boisko/4215,boisko,19.409943,51.772067,,1
boisko/4216,boisko,19.496704,51.768572,,1
boisko/4217,boisko,19.496221,51.768502,,1
boisko/4218,boisko,19.492761,51.769254,,1
boisko/4219,boisko,19.496456,51.768848,,1
boisko/4220,boisko,19.410272,51.744973,,1
boisko/4221,boisko,19.473833,51.719918,,1
boisko/4222,boisko,19.419466,51.768316,,1
boisko/4223,boisko,19.414724,51.771861,,1
boisko/4224,boisko,19.414877,51.771208,,1
boisko/4225,boisko,19.385029,51.780262,,1
boisko/4226,boisko,19.364617,51.773286,,1
boisko/4227,boisko,19.364571,51.77313,,1
boisko/4228,boisko,19.474275,51.751469,,1
boisko/4229,boisko,19.458204,51.790236,,1
boisko/4230,boisko,19.46304,51.79461,,1
boisko/4231,boisko,19.462038,51.726134,,1
boisko/4232,boisko,19.463395,51.727756,,1
boisko/4233,boisko,19.649221,51.742913,,0
boisko/4234,boisko,19.62309,51.712637,Gminny Ośrodek Sportu i Rekreacji w Wiśniowej Górze,0
boisko/4235,boisko,19.635618,51.720526,,0
boisko/4236,boisko,19.467351,51.725901,,1
boisko/4237,boisko,19.629104,51.721817,GLKS Andrespolia Wiśniowa Góra,0
boisko/4238,boisko,19.629313,51.722083,Boisko Andrespolii,0
boisko/4239,boisko,19.629157,51.721388,Boisko treningowe,0
boisko/4240,boisko,19.628527,51.721532,Boisko do piłki nożnej „Orlik 2012”,0
boisko/4241,boisko,19.628111,51.721507,Boisko do koszykówki „Orlik 2012”,0
boisko/4242,boisko,19.454248,51.797092,,1
boisko/4243,boisko,19.538132,51.755445,,1
boisko/4244,boisko,19.538059,51.755268,,1
boisko/4245,boisko,19.540116,51.755834,,1
boisko/4246,boisko,19.378558,51.683656,,0
boisko/4247,boisko,19.477954,51.824031,,1
boisko/4248,boisko,19.442921,51.805342,,1
boisko/4249,boisko,19.396933,51.763848,,1
boisko/4250,boisko,19.398345,51.762441,,1
boisko/4251,boisko,19.46461,51.735267,,1
boisko/4252,boisko,19.464161,51.736722,,1
boisko/4253,boisko,19.46691,51.733775,,1
boisko/4254,boisko,19.390178,51.8206,,1
boisko/4255,boisko,19.388679,51.819732,,1
boisko/4256,boisko,19.390623,51.819395,,1
boisko/4257,boisko,19.391256,51.822098,,1
boisko/4258,boisko,19.389808,51.818641,,1
boisko/4259,boisko,19.419705,51.808716,,1
boisko/4260,boisko,19.482043,51.805595,,1
boisko/4261,boisko,19.356603,51.80665,,1
boisko/4262,boisko,19.357824,51.812401,,1
boisko/4263,boisko,19.420548,51.8065,,1
boisko/4264,boisko,19.478923,51.781536,,1
boisko/4265,boisko,19.479336,51.782036,,1
boisko/4266,boisko,19.468354,51.842139,,1
boisko/4267,boisko,19.52352,51.77883,,1
boisko/4268,boisko,19.450784,51.818438,,1
boisko/4269,boisko,19.458595,51.817472,GOLF - Pierwszy Łódzki Klub Golfowy,1
boisko/4270,boisko,19.49817,51.779563,,1
boisko/4271,boisko,19.430984,51.766119,,1
boisko/4272,boisko,19.522886,51.791569,,1
boisko/4273,boisko,19.534494,51.780313,,1
boisko/4274,boisko,19.503507,51.779762,,1
boisko/4275,boisko,19.38193,51.786082,,1
boisko/4276,boisko,19.402904,51.785619,Lobotomy Arena Paintball,1
boisko/4277,boisko,19.452344,51.762913,,1
boisko/4278,boisko,19.600707,51.796566,,1
boisko/4279,boisko,19.600369,51.796462,,1
boisko/4280,boisko,19.461942,51.72844,,1
boisko/4281,boisko,19.497088,51.693638,,0
boisko/4282,boisko,19.414568,51.739009,,1
boisko/4283,boisko,19.414764,51.739009,,1
boisko/4284,boisko,19.4156,51.738988,,1
boisko/4285,boisko,19.361269,51.798311,,1
boisko/4286,boisko,19.36154,51.798309,,1
boisko/4287,boisko,19.363909,51.804307,,1
boisko/4288,boisko,19.488766,51.816083,,1
boisko/4289,boisko,19.620064,51.737176,Ludowy Klub Sportowy Polonia Andrzejów,1
boisko/4290,boisko,19.620298,51.737267,,1
boisko/4291,boisko,19.62049,51.702539,,0
boisko/4292,boisko,19.609898,51.738588,,1
boisko/4293,boisko,19.610718,51.738994,,1
boisko/4294,boisko,19.530001,51.757364,Orlik Widzew Wschód,1
boisko/4295,boisko,19.457356,51.782882,,1
boisko/4296,boisko,19.403425,51.746557,,1
boisko/4297,boisko,19.478397,51.762783,,1
boisko/4298,boisko,19.477737,51.763074,,1
boisko/4299,boisko,19.478096,51.763105,,1
boisko/4300,boisko,19.458476,51.796479,,1
boisko/4301,boisko,19.458114,51.796361,,1
boisko/4302,boisko,19.462255,51.796274,,1
boisko/4303,boisko,19.461868,51.796153,,1
boisko/4304,boisko,19.374089,51.810354,,1
boisko/4305,boisko,19.567942,51.768841,,1
boisko/4306,boisko,19.567823,51.769278,,1
boisko/4307,boisko,19.567911,51.769016,,1
boisko/4308,boisko,19.440548,51.779982,,1
boisko/4309,boisko,19.495189,51.77204,,1
boisko/4310,boisko,19.522617,51.725189,Obiekt rekreacyjny Młynek,1
boisko/4311,boisko,19.446771,51.711357,,1
boisko/4312,boisko,19.477876,51.778309,,1
boisko/4313,boisko,19.445436,51.732397,,1
boisko/4314,boisko,19.479672,51.712792,Chojeński Klub Sportowy,1
boisko/4315,boisko,19.464765,51.756101,,1
boisko/4316,boisko,19.564054,51.746675,,1
boisko/4317,boisko,19.564212,51.746647,,1
boisko/4318,boisko,19.564367,51.746619,,1
boisko/4319,boisko,19.513354,51.760112,Klub Sportowy Anilana,1
boisko/4320,boisko,19.481962,51.718941,,1
boisko/4321,boisko,19.482268,51.718961,,1
boisko/4322,boisko,19.365073,51.733173,,1
boisko/4323,boisko,19.470248,51.784339,Boisko do petanque,1
boisko/4324,boisko,19.397928,51.762773,,1
boisko/4325,boisko,19.497036,51.817827,,1
boisko/4326,boisko,19.496355,51.818589,,1
boisko/4327,boisko,19.467216,51.737661,,1
boisko/4328,boisko,19.445708,51.771901,Boisko do buli,1
boisko/4329,boisko,19.522152,51.72608,Boisko do unihokeja,1
boisko/4330,boisko,19.563716,51.735486,Boisko do unihokeja,1
boisko/4331,boisko,19.48941,51.78207,,1
boisko/4332,boisko,19.489395,51.782232,,1
boisko/4333,boisko,19.491088,51.78115,,1
boisko/4334,boisko,19.490095,51.781075,,1
boisko/4335,boisko,19.488072,51.779598,,1
boisko/4336,boisko,19.416068,51.752052,,1
boisko/4337,boisko,19.417154,51.752402,,1
boisko/4338,boisko,19.49213,51.818111,,1
boisko/4339,boisko,19.498184,51.815289,,1
boisko/4340,boisko,19.44028,51.791581,,1
boisko/4341,boisko,19.481499,51.803706,,1
boisko/4342,boisko,19.481225,51.803674,,1
boisko/4343,boisko,19.452735,51.701039,,1
boisko/4344,boisko,19.458715,51.786155,,1
boisko/4345,boisko,19.448693,51.794748,,1
boisko/4346,boisko,19.444172,51.731002,,1
boisko/4347,boisko,19.436982,51.758624,,1
boisko/4348,boisko,19.543707,51.752644,,1
boisko/4349,boisko,19.462319,51.732377,,1
boisko/4350,boisko,19.51545,51.765401,,1
boisko/4351,boisko,19.586732,51.793333,,1
boisko/4352,boisko,19.361206,51.812773,,1
boisko/4353,boisko,19.350871,51.79656,,1
boisko/4354,boisko,19.392417,51.77816,,1
boisko/4355,boisko,19.393163,51.77855,,1
boisko/4356,boisko,19.491923,51.782219,,1
boisko/4357,boisko,19.492782,51.781971,,1
boisko/4358,boisko,19.492253,51.781938,,1
boisko/4359,boisko,19.621584,51.712612,,1
boisko/4360,boisko,19.623352,51.71221,,0
boisko/4361,boisko,19.474059,51.775831,,1
boisko/4362,boisko,19.406229,51.73576,,1
boisko/4363,boisko,19.449623,51.812592,,1
boisko/4364,boisko,19.530262,51.755512,,1
boisko/4365,boisko,19.446502,51.78931,,1
boisko/4366,boisko,19.446898,51.789208,,1
boisko/4367,boisko,19.534281,51.777544,,1
boisko/4368,boisko,19.534172,51.780845,,1
boisko/4369,boisko,19.534694,51.780588,,1
boisko/4370,boisko,19.442104,51.692661,,1
boisko/4371,boisko,19.529721,51.779543,,1
boisko/4372,boisko,19.529589,51.779633,,1
boisko/4373,boisko,19.433406,51.704324,,1
boisko/4374,boisko,19.434348,51.704501,,1
boisko/4375,boisko,19.434783,51.703831,,1
boisko/4376,boisko,19.43366,51.703621,,1
boisko/4377,boisko,19.395831,51.799091,,1
boisko/4378,boisko,19.509399,51.762782,,1
boisko/4379,boisko,19.509604,51.762856,,1
boisko/4380,boisko,19.544848,51.752475,,1
boisko/4381,boisko,19.471041,51.746594,,1
boisko/4382,boisko,19.523242,51.83735,,1
boisko/4383,boisko,19.46157,51.746906,,1
boisko/4384,boisko,19.410241,51.703943,,1
boisko/4385,boisko,19.410467,51.704616,,1
boisko/4386,boisko,19.410859,51.70484,,1
boisko/4387,boisko,19.487682,51.781537,,1
boisko/4388,boisko,19.503754,51.767931,,1
boisko/4389,boisko,19.503713,51.767921,Stoły do Ping Ponga,1
boisko/4390,boisko,19.452532,51.779379,,1
boisko/4391,boisko,19.452511,51.779468,,1
boisko/4392,boisko,19.45249,51.779557,,1
boisko/4393,boisko,19.388236,51.785165,,1
boisko/4394,boisko,19.58865,51.797593,Boisko przy Zespole Szkolno-Przedszkolnym nr 2 w Łodzi,1
boisko/4395,boisko,19.390957,51.777611,,1
boisko/4396,boisko,19.43539,51.764166,,1
boisko/4397,boisko,19.382339,51.79265,Sawo Gruz Arena,1
boisko/4398,boisko,19.382069,51.792111,,1
boisko/4399,boisko,19.503257,51.735543,,1
boisko/4400,boisko,19.467641,51.783047,,1
boisko/4401,boisko,19.467517,51.783088,,1
boisko/4402,boisko,19.453226,51.779717,,1
boisko/4403,boisko,19.453254,51.779602,,1
boisko/4404,boisko,19.453273,51.779524,,1
boisko/4405,boisko,19.453292,51.779447,,1
boisko/4406,boisko,19.453083,51.78073,,1
boisko/4407,boisko,19.453028,51.780621,,1
boisko/4408,boisko,19.453584,51.779611,,1
boisko/4409,boisko,19.453641,51.779616,,1
boisko/4410,boisko,19.453663,51.779798,,1
boisko/4411,boisko,19.491233,51.781667,,1
boisko/4412,boisko,19.433074,51.704094,,1
boisko/4413,boisko,19.435395,51.70402,,1
boisko/4414,boisko,19.433291,51.703894,,1
boisko/4415,boisko,19.433176,51.704135,,1
boisko/4416,boisko,19.433283,51.703817,,1
boisko/4417,boisko,19.409364,51.748588,,1
boisko/4418,boisko,19.473048,51.788406,,1
boisko/4419,boisko,19.491012,51.781646,Akademicki Związek Sportowy Łódź,1
boisko/4420,boisko,19.490897,51.782207,,1
boisko/4421,boisko,19.55519,51.728223,,1
boisko/4422,boisko,19.55408,51.748084,,1
boisko/4423,boisko,19.600545,51.796303,,1
boisko/4424,boisko,19.632504,51.812035,V Arena Paintball,0
boisko/4425,boisko,19.445262,51.730087,,1
boisko/4426,boisko,19.319393,51.736605,,0
boisko/4427,boisko,19.378729,51.683866,,0
boisko/4428,boisko,19.420283,51.723569,,1
boisko/4429,boisko,19.454173,51.734477,,1
boisko/4430,boisko,19.486751,51.711482,,1
boisko/4431,boisko,19.540606,51.755099,MKS Jedynka,1
boisko/4432,boisko,19.526993,51.757948,Siłownia,1
boisko/4433,boisko,19.458542,51.724588,,1
boisko/4434,boisko,19.458552,51.724637,,1
boisko/4435,boisko,19.494462,51.759048,,1
boisko/4436,boisko,19.441757,51.824183,,1
boisko/4437,boisko,19.412729,51.772576,,1
boisko/4438,boisko,19.412757,51.772643,,1
boisko/4439,boisko,19.427347,51.76538,Akademicki Klub Karate,1
boisko/4440,boisko,19.461631,51.738934,Activity Club,1
boisko/4441,boisko,19.389061,51.7413,Pływalnia przy SP 19,1
boisko/4442,boisko,19.573312,51.747479,Fit Fabric 14.0,1
boisko/4443,boisko,19.445594,51.756702,,1
boisko/4444,boisko,19.483765,51.716439,,1
boisko/4445,boisko,19.434837,51.818016,FitFabric 3.0,1
boisko/4446,boisko,19.447044,51.78622,,1
boisko/4447,boisko,19.469806,51.761357,FitFabric,1
boisko/4448,boisko,19.384781,51.737284,MRS.SPORTY,1
boisko/4449,boisko,19.437421,51.763291,Max Gym,1
boisko/4450,boisko,19.383976,51.736717,Energy Fitness Club,1
boisko/4451,boisko,19.433359,51.774343,Saltos,1
boisko/4452,boisko,19.455363,51.734002,,1
boisko/4453,boisko,19.452217,51.760371,Kuźnia Centrum Atletyki,1
boisko/4454,boisko,19.39728,51.763317,Miejski Ośrodek Sportu i Rekreacji,1
boisko/4455,boisko,19.369723,51.799144,,1
boisko/4456,boisko,19.369686,51.799159,,1
boisko/4457,boisko,19.384233,51.795737,,1
boisko/4458,boisko,19.384211,51.795709,,1
boisko/4459,boisko,19.384789,51.795588,,1
boisko/4460,boisko,19.384768,51.795559,,1
boisko/4461,boisko,19.450612,51.738906,,1
boisko/4462,boisko,19.447086,51.780694,Arena Laser Games,1
boisko/4463,boisko,19.447577,51.780735,Centrum Wspinaczkowe Stratosfera,1
boisko/4464,boisko,19.44776,51.780752,Jazda!Park,1
boisko/4465,boisko,19.446796,51.780667,Jupi Park,1
boisko/4466,boisko,19.45861,51.77035,Frame Bilard,1
boisko/4467,boisko,19.459863,51.760106,Club Sportera,1
boisko/4468,boisko,19.475092,51.732942,,1
boisko/4469,boisko,19.44789,51.732262,,1
boisko/4470,boisko,19.454751,51.761422,Klub sportowy Gwardia Łódź,1
boisko/4471,boisko,19.459238,51.753375,Koło Wrotki,1
boisko/4472,boisko,19.450318,51.766272,WakeUp Fitness,1
boisko/4473,boisko,19.449709,51.765352,Instytut Krav Maga,1
boisko/4474,boisko,19.458629,51.754359,Centrum Hatha-Yoga,1
boisko/4475,boisko,19.443419,51.771071,Lejdis Studio Open Space Łódź,1
boisko/4476,boisko,19.443194,51.770942,Fabryka Tańca,1
boisko/4477,boisko,19.445411,51.76497,One On One Studio,1
boisko/4478,boisko,19.465532,51.754759,Evergym Club,1
boisko/4479,boisko,19.435887,51.758533,HUMAN Club,1
boisko/4480,boisko,19.469008,51.76414,Capoeira Łódź - Centrum Academia,1
boisko/4481,boisko,19.465163,51.778704,Fit and Jump,1
boisko/4482,boisko,19.464685,51.774428,Klub Sportowy Dragon,1
boisko/4483,boisko,19.464474,51.77636,Chilli Fitness,1
boisko/4484,boisko,19.466538,51.782025,Gokart Arena,1
boisko/4485,boisko,19.391505,51.748218,,1
boisko/4486,boisko,19.460758,51.792008,FitFabric 17.0,1
boisko/4487,boisko,19.371487,51.800453,,1
boisko/4488,boisko,19.411257,51.744364,,1
boisko/4489,boisko,19.410212,51.744978,,1
boisko/4490,boisko,19.414395,51.771839,,1
boisko/4491,boisko,19.464905,51.735154,,1
boisko/4492,boisko,19.453762,51.755698,,1
boisko/4493,boisko,19.453776,51.755636,,1
boisko/4494,boisko,19.447835,51.783899,,1
boisko/4495,boisko,19.507013,51.747876,,1
boisko/4496,boisko,19.529215,51.757905,,1
boisko/4497,boisko,19.62541,51.71056,,0
boisko/4498,boisko,19.425171,51.776759,,1
boisko/4499,boisko,19.463428,51.764004,Pływalnia SP 173,1
boisko/4500,boisko,19.4297,51.735893,,1
boisko/4501,boisko,19.41677,51.752303,,1
boisko/4502,boisko,19.480586,51.728379,,1
boisko/4503,boisko,19.533716,51.759749,,1
boisko/4504,boisko,19.406219,51.735927,,1
boisko/4505,boisko,19.436888,51.727078,,1
boisko/4506,boisko,19.501244,51.742719,,1
boisko/4507,boisko,19.501222,51.742785,,1
boisko/4508,boisko,19.529252,51.757953,,1
boisko/4509,boisko,19.528904,51.757978,,1
boisko/4510,boisko,19.491397,51.747509,,1
boisko/4511,boisko,19.491342,51.747428,,1
boisko/4512,boisko,19.494542,51.759067,,1
boisko/4513,boisko,19.410286,51.704132,,1
boisko/4514,boisko,19.410283,51.704046,,1
boisko/4515,boisko,19.469756,51.789969,,1
boisko/4516,boisko,19.436732,51.697283,,1
boisko/4517,boisko,19.471319,51.791123,,1
boisko/4518,boisko,19.443995,51.776739,,1
boisko/4519,boisko,19.402184,51.780134,VeraSport,1
boisko/4520,boisko,19.480774,51.741192,Volt Boulderownia,1
boisko/4521,boisko,19.636047,51.737304,,0
boisko/4522,boisko,19.382223,51.808306,Spot Boulder Caffe,1
