id,lon,lat
1,18.360388281952734,50.42392644791598
2,18.361234921911176,50.360957372306736
3,18.36135562478592,50.351961733277776
4,18.372523314413947,50.428490618660746
5,18.37264216867295,50.41949506503309
6,18.372760962499694,50.410499497216854
7,18.3731169817874,50.3835127086294
8,18.373235534285985,50.37451708405157
9,18.37335402655257,50.36552144528152
10,18.3734724586271,50.356525792318564
11,18.373590830549485,50.34753012516196
12,18.384660687382247,50.43305352861053
13,18.384777261586507,50.424057961388655
14,18.38489377651299,50.41506237998636
15,18.385010232201065,50.40606678440291
16,18.385126628690063,50.39707117463757
17,18.38524296601927,50.38807555068962
18,18.385359244227956,50.37907991255831
19,18.38547546335533,50.370084260242955
20,18.385591623440586,50.36108859374277
21,18.385707724522874,50.35209291305708
22,18.38582376664131,50.34309721818512
23,18.386171539604096,50.31611004844451
24,18.386287346257546,50.307114296820316
25,18.39691469385227,50.428619596733014
26,18.397028928684627,50.41962400214255
27,18.397143105433095,50.41062839337896
28,18.39725722413625,50.40163277044147
29,18.39737128483263,50.39263713332937
30,18.397485287560723,50.38364148204192
31,18.397599232359,50.37464581657837
32,18.39771311926588,50.36565013693799
33,18.397826948319757,50.35665444312008
34,18.397940719558996,50.34765873512387
35,18.398054433021912,50.33866301294865
36,18.398168088746797,50.32966727659368
37,18.398281686771895,50.32067152605825
38,18.398395227135435,50.31167576134161
39,18.398508709875596,50.30267998244307
40,18.398622135030518,50.29368418936186
41,18.398735502638324,50.28468838209731
42,18.39884881273709,50.27569256064866
43,18.409054465509254,50.433179970452144
44,18.409166419053566,50.42418436307167
45,18.409278315669322,50.41518874152589
46,18.409390155394323,50.4061931058141
47,18.40950193826635,50.39719745593554
48,18.409613664323132,50.38820179188946
49,18.40972533360237,50.37920611367513
50,18.409836946141738,50.37021042129183
51,18.409948501978864,50.361214714738786
52,18.410060001151358,50.35221899401529
53,18.41017144369677,50.343223259120585
54,18.410282829652644,50.334227510053935
55,18.410394159056466,50.32523174681464
56,18.410505431945705,50.31623596940193
57,18.410616648357784,50.307240177815096
58,18.4107278083301,50.29824437205342
59,18.41083891190002,50.28924855211615
60,18.410949959104855,50.28025271800255
61,18.411060949981902,50.271256869711934
62,18.421196576595694,50.43773908193198
63,18.42130624765802,50.42874346215984
64,18.421415862947907,50.419747828230115
65,18.42152542250241,50.410752180142076
66,18.42163492635852,50.40175651789499
67,18.42174437455323,50.39276084148806
68,18.421853767123473,50.38376515092059
69,18.421963104106155,50.37476944619182
70,18.422072385538154,50.36577372730099
71,18.42218161145631,50.35677799424737
72,18.42229078189743,50.347782247030224
73,18.422399896898288,50.33878648564881
74,18.42250895649562,50.32979071010238
75,18.422617960726132,50.32079492039021
76,18.422726909626505,50.31179911651155
77,18.42283580323337,50.30280329846568
78,18.422944641583335,50.293807466251856
79,18.423053424712972,50.284811619869345
80,18.42316215265882,50.275815759317425
81,18.423270825457386,50.26681988459537
82,18.423379443145144,50.257823995702424
83,18.42348800575853,50.24882809263788
84,18.433448414535423,50.433301298793225
85,18.433555747306265,50.42430565287801
86,18.43366302549787,50.41530999281203
87,18.43377024914649,50.40631431859454
88,18.433877418288333,50.397318630224795
89,18.433984532959578,50.38832292770203
90,18.434091593196367,50.37932721102549
91,18.434198599034826,50.37033148019446
92,18.43430555051103,50.36133573520815
93,18.43441244766103,50.35233997606585
94,18.434519290520832,50.34334420276676
95,18.434626079126428,50.334348415310195
96,18.43473281351376,50.32535261369538
97,18.43483949371875,50.316356797921586
98,18.434946119777283,50.30736096798806
99,18.435052691725204,50.29836512389408
100,18.435159209598336,50.28936926563889
101,18.43526567343246,50.28037339322177
102,18.43537208326334,50.27137750664198
103,18.43547843912668,50.262381605898774
104,18.435584741058182,50.253385690991436
105,18.445592919722454,50.437857872357995
106,18.445697968781037,50.42886221485594
107,18.445802964417332,50.41986654321055
108,18.445907906666832,50.41087085742107
109,18.44601279556498,50.40187515748673
110,18.44611763114719,50.39287944340675
111,18.446222413448858,50.38388371518041
112,18.44632714250533,50.37488797280695
113,18.44643181835193,50.365892216285594
114,18.44653644102394,50.35689644561561
115,18.446641010556622,50.34790066079625
116,18.446745526985197,50.33890486182674
117,18.446849990344862,50.32990904870633
118,18.446954400670773,50.32091322143432
119,18.447058757998054,50.311917380009916
120,18.447163062361806,50.3029215244324
121,18.447267313797095,50.29392565470101
122,18.447371512338947,50.284929770815026
123,18.447475658022363,50.27593387277368
124,18.447579750882312,50.26693796057626
125,18.447683790953732,50.257942034222
126,18.447787778271522,50.24894609371018
127,18.447891712870554,50.23995013904006
128,18.45773976325503,50.44241318224021
129,18.4578425274081,50.43341751355025
130,18.45794523929664,50.42442183072422
131,18.458047898955364,50.41542613376135
132,18.458150506418953,50.40643042266087
133,18.458253061722072,50.397434697422035
134,18.45835556489934,50.388438958044055
135,18.458458015985343,50.37944320452618
136,18.458560415014652,50.37044743686767
137,18.45866276202178,50.36145165506775
138,18.458765057041244,50.35245585912566
139,18.45886730010749,50.34346004904066
140,18.45896949125496,50.33446422481199
141,18.459071630518054,50.325468386438885
142,18.459173717931147,50.31647253392061
143,18.459275753528573,50.30747666725639
144,18.459377737344646,50.298480786445516
145,18.459479669413636,50.28948489148721
146,18.459581549769794,50.280488982380724
147,18.45968337844733,50.27149305912535
148,18.459785155480436,50.26249712172031
149,18.459886880903255,50.25350117016485
150,18.45998855474991,50.24450520445827
151,18.46009017705449,50.2355092245998
152,18.46019174785106,50.22651323058872
153,18.46029326717364,50.21751722242428
154,18.460394735056234,50.208521200105736
155,18.469888945168304,50.44696722782599
156,18.46998942322258,50.43797154834728
157,18.470089850170872,50.4289758547396
158,18.470190226047134,50.419980147002185
159,18.470290550885277,50.41098442513429
160,18.470390824719203,50.40198868913512
161,18.470491047582765,50.39299293900389
162,18.470591219509796,50.38399717473989
163,18.470691340534096,50.375001396342334
164,18.470791410689422,50.36600560381043
165,18.470891430009523,50.35700979714344
166,18.470991398528092,50.34801397634061
167,18.471091316278816,50.33901814140117
168,18.471191183295332,50.33002229232436
169,18.471290999611256,50.32102642910943
170,18.471390765260168,50.31203055175561
171,18.471490480275616,50.30303466026217
172,18.47159014469113,50.294038754628346
173,18.4716897585402,50.28504283485338
174,18.47178932185628,50.27604690093653
175,18.471888834672807,50.26705095287705
176,18.47198829702317,50.258054990674175
177,18.472087708940748,50.249059014327166
178,18.472187070458876,50.240063023835305
179,18.472286381610864,50.2310670191978
180,18.472385642429984,50.22207100041394
181,18.472484852949492,50.21307496748299
182,18.472584013202596,50.204078920404186
183,18.482138656258822,50.44252431863331
184,18.482236797074354,50.4335286146432
185,18.48233488797643,50.42453289653035
186,18.482432928998207,50.41553716429394
187,18.48253092017281,50.40654141793322
188,18.482628861533335,50.397545657447424
189,18.48272675311285,50.388549882835775
190,18.482824594944393,50.37955409409747
191,18.48292238706096,50.3705582912318
192,18.483020129495532,50.36156247423796
193,18.48311782228106,50.35256664311522
194,18.483215465450446,50.34357079786275
195,18.483313059036586,50.33457493847983
196,18.48341060307233,50.325579064965716
197,18.483508097590505,50.316583177319615
198,18.483605542623902,50.30758727554077
199,18.483702938205294,50.29859135962844
200,18.48380028436741,50.28959542958185
201,18.483897581142955,50.28059948540025
202,18.483994828564605,50.27160352708292
203,18.48409202666501,50.26260755462904
204,18.484189175476782,50.25361156803792
205,18.48428627503251,50.24461556730877
206,18.484383325364746,50.23561955244087
207,18.484480326506024,50.226623523433446
208,18.48457727848884,50.21762748028577
209,18.484674181345657,50.208631422997094
210,18.484771035108913,50.199635351566656
211,18.484867839811024,50.190639265993745
212,18.494386080040638,50.438080109821584
213,18.494481884776782,50.42908438173257
214,18.49457764079123,50.42008863952684
215,18.494673348116358,50.411092883203594
216,18.49476900678448,50.40209711276207
217,18.494864616827904,50.393101328201475
218,18.49496017827891,50.38410552952105
219,18.495055691169732,50.37510971672002
220,18.495151155532586,50.3661138897976
221,18.49524657139965,50.35711804875304
222,18.495341938803094,50.34812219358555
223,18.495437257775027,50.33912632429438
224,18.495532528347557,50.33013044087873
225,18.495627750552742,50.32113454333789
226,18.495722924422623,50.31213863167105
227,18.495818049989207,50.30314270587745
228,18.495913127284478,50.29414676595635
229,18.49600815634038,50.28515081190697
230,18.496103137188836,50.27615484372856
231,18.496198069861737,50.26715886142037
232,18.496292954390945,50.25816286498163
233,18.496387790808296,50.249166854411584
234,18.496482579145596,50.24017082970949
235,18.496577319434614,50.23117479087458
236,18.496672011707098,50.222178737906106
237,18.496766655994772,50.21318267080334
238,18.496861252329314,50.204186589565495
239,18.496955800742395,50.19519049419186
240,18.497050301265645,50.18619438468167
241,18.497144753930662,50.17719826103418
242,18.50663121648094,50.43363460199561
243,18.506724686297083,50.424638850219935
244,18.50681810858254,50.415643084333404
245,18.506911483368864,50.40664730433525
246,18.5070048106876,50.39765151022468
247,18.50709809057026,50.38865570200092
248,18.507191323048314,50.37965987966319
249,18.507284508153223,50.3706640432107
250,18.5073776459164,50.361668192642696
251,18.507470736369246,50.35267232795839
252,18.50756377954312,50.343676449157016
253,18.507656775469364,50.33468055623778
254,18.50774972417928,50.32568464919996
255,18.507842625704154,50.31668872804272
256,18.50793548007523,50.30769279276536
257,18.50802828732373,50.29869684336707
258,18.50812104748085,50.28970087984709
259,18.508213760577757,50.280704902204654
260,18.508306426645586,50.27170891043902
261,18.508399045715443,50.26271290454941
262,18.50849161781841,50.253716884535066
263,18.50858414298554,50.24472085039522
264,18.508676621247854,50.23572480212914
265,18.50876905263635,50.22672873973603
266,18.508861437181988,50.21773266321519
267,18.508953774915717,50.2087365725658
268,18.509046065868443,50.19974046778716
269,18.509138310071044,50.1907443488785
270,18.509230507554378,50.181748215839065
271,18.509322658349273,50.1727520686681
272,18.518965201603294,50.42019202070985
273,18.5190562913184,50.411196231554385
274,18.51914733472382,50.40220042829302
275,18.51923833185029,50.39320461092495
276,18.519329282728535,50.384208779449395
277,18.51942018738924,50.37521293386559
278,18.519511045863062,50.366217074172724
279,18.519601858180643,50.35722120037005
280,18.51969262437257,50.348225312456776
281,18.51978334446943,50.339229410432104
282,18.51987401850177,50.33023349429527
283,18.51996464650011,50.321237564045546
284,18.52005522849494,50.31224161968209
285,18.520145764516723,50.303245661204166
286,18.520236254595897,50.294249688610996
287,18.52032669876287,50.285253701901816
288,18.52041709704803,50.27625770107585
289,18.52050744948172,50.26726168613234
290,18.52059775609427,50.25826565707051
291,18.520688016915976,50.249269613889616
292,18.52077823197712,50.24027355658888
293,18.520868401307926,50.23127748516754
294,18.52095852493862,50.22228139962483
295,18.521048602899395,50.21328529996003
296,18.521138635220403,50.20428918617232
297,18.521228621931776,50.19529305826099
298,18.521318563063627,50.186296916225274
299,18.521408458646025,50.17730076006442
300,18.53111462720979,50.42473969172006
301,18.53120343066422,50.41574389380687
302,18.531292188967658,50.40674808179411
303,18.53138090215008,50.397752255681006
304,18.53146957024144,50.38875641546676
305,18.53155819327166,50.379760561150576
306,18.53164677127064,50.370764692731704
307,18.531735304268242,50.36176881020931
308,18.53182379229431,50.35277291358266
309,18.53191223537867,50.34377700285093
310,18.532000633551093,50.33478107801336
311,18.532088986841348,50.32578513906917
312,18.532177295279162,50.31678918601759
313,18.53226555889425,50.30779321885781
314,18.53235377771628,50.2987972375891
315,18.532441951774917,50.28980124221066
316,18.532530081099775,50.280805232721704
317,18.532618165720454,50.27180920912151
318,18.532706205666525,50.26281317140926
319,18.532794200967533,50.253817119584205
320,18.53288215165299,50.24482105364558
321,18.532970057752397,50.23582497359261
322,18.53305791929521,50.22682887942454
323,18.53314573631086,50.2178327711406
324,18.533233508828765,50.20883664874001
325,18.533321236878308,50.19984051222205
326,18.53340892048884,50.19084436158594
327,18.53349655968969,50.18184819683091
328,18.54326638543243,50.4292860967512
329,18.54335290143671,50.42029029048007
330,18.543439373449477,50.411294470115564
331,18.543525801499957,50.402298635656926
332,18.54361218561733,50.39330278710332
333,18.543698525830752,50.38430692445398
334,18.543784822169364,50.375311047708124
335,18.543871074662263,50.36631515686493
336,18.543957283338536,50.35731925192365
337,18.54404344822723,50.34832333288347
338,18.544129569357374,50.3393273997436
339,18.544215646757966,50.33033145250327
340,18.544301680457977,50.321335491161726
341,18.54438767048636,50.31233951571813
342,18.544473616872033,50.30334352617173
343,18.544559519643887,50.29434752252176
344,18.54464537883079,50.28535150476742
345,18.544731194461587,50.276355472907944
346,18.54481696656509,50.26735942694256
347,18.544902695170087,50.2583633668705
348,18.544988380305345,50.249367292690955
349,18.545074021999596,50.24037120440322
350,18.545159620281552,50.23137510200646
351,18.545245175179893,50.222378985499944
352,18.545330686723286,50.213382854882894
353,18.545416154940355,50.20438671015456
354,18.545501579859707,50.19539055131414
355,18.545586961509922,50.18639437836092
356,18.555504703665466,50.42483542096132
357,18.555841185096014,50.38885202316406
358,18.555925198588707,50.379856138490496
359,18.556009169392148,50.37086023972566
360,18.556093097534653,50.36186432686872
361,18.55617698304451,50.35286839991893
362,18.556260825949977,50.34387245887547
363,18.5563446262793,50.334876503737554
364,18.556428384060695,50.325880534504414
365,18.55651209932234,50.31688455117525
366,18.5565957720924,50.30788855374928
367,18.55667940239901,50.298892542225715
368,18.556762990270283,50.28989651660379
369,18.556846535734298,50.28090047688269
370,18.556930038819115,50.27190442306169
371,18.55701349955277,50.26290835513996
372,18.557096917963268,50.25391227311676
373,18.55718029407859,50.24491617699129
374,18.557263627926694,50.23592006676279
375,18.55734691953551,50.22692394243047
376,18.55743016893295,50.21792780399358
377,18.557513376146886,50.208931651451344
378,18.557596541205175,50.19993548480299
379,18.557679664135645,50.19093930404777
380,18.557762744966105,50.181943109184864
381,18.56798617109618,50.39339585666907
382,18.568067900557388,50.38439996446733
383,18.568149588486584,50.37540405818018
384,18.568231234911323,50.36640813780683
385,18.568312839859136,50.357412203346485
386,18.568394403357512,50.348416254798344
387,18.56847592543394,50.33942029216163
388,18.568557406115865,50.33042431543553
389,18.568638845430712,50.32142832461926
390,18.56872024340589,50.31243231971204
391,18.568801600068767,50.303436300713074
392,18.568882915446697,50.29444026762158
393,18.568964189567005,50.28544422043679
394,18.569045422457,50.27644815915788
395,18.569126614143947,50.26745208378411
396,18.569207764655104,50.25845599431465
397,18.5692888740177,50.249459890748774
398,18.569369942258934,50.24046377308568
399,18.569450969405985,50.23146764132458
400,18.569531955486003,50.2224714954647
401,18.569612900526117,50.21347533550528
402,18.569693804553427,50.204479161445555
403,18.56977466759502,50.19548297328472
404,18.56985548967794,50.18648677102204
405,18.569936270829224,50.17749055465671
406,18.58013348385923,50.39793842435727
407,18.58021292810335,50.3889425250271
408,18.580292331973496,50.37994661161723
409,18.58037169549645,50.37095068412691
410,18.58045101869898,50.36195474255532
411,18.580530301607826,50.352958786901645
412,18.5806095442497,50.34396281716511
413,18.580688746651287,50.334966833344915
414,18.580767908839256,50.32597083544026
415,18.580847030840243,50.31697482345035
416,18.58092611268087,50.30797879737439
417,18.581005154387732,50.29898275721162
418,18.581084155987387,50.2899867029612
419,18.58116311750638,50.28099063462238
420,18.581242038971244,50.27199455219436
421,18.58132092040846,50.26299845567636
422,18.581399761844498,50.25400234506758
423,18.581478563305815,50.245006220367266
424,18.581557324818828,50.23601008157461
425,18.581636046409937,50.227013928688855
426,18.581714728105514,50.21801776170919
427,18.581793369931916,50.20902158063487
428,18.581871971915465,50.20002538546509
429,18.581950534082466,50.191029176199116
430,18.582029056459195,50.18203295283613
431,18.58210753907191,50.173036715375375
432,18.59228312341236,50.402479725616885
433,18.59236028125377,50.39348381955823
434,18.592437399880026,50.384487899425494
435,18.59251447931716,50.375491965217876
436,18.592591519591156,50.36649601693455
437,18.592668520727997,50.357500054574736
438,18.592745482753635,50.34850407813762
439,18.59282240569399,50.33950808762241
440,18.59289928957497,50.33051208302828
441,18.592976134422447,50.32151606435448
442,18.593052940262286,50.31252003160018
443,18.59312970712032,50.3035239847646
444,18.593206435022346,50.294527923846914
445,18.593283123994155,50.28553184884638
446,18.593359774061515,50.27653575976217
447,18.593436385250154,50.26753965659351
448,18.59351295758579,50.258543539339605
449,18.593589491094118,50.24954740799968
450,18.593665985800804,50.240551262572936
451,18.59374244173149,50.2315551030586
452,18.593818858911796,50.222558929455865
453,18.593895237367327,50.21356274176398
454,18.593971577123646,50.204566539982146
455,18.594047878206315,50.19557032410959
456,18.594124140640858,50.18657409414553
457,18.594200364452774,50.1775778500892
458,18.594276549667555,50.168581591939805
459,18.604360181448158,50.41601565815517
460,18.60443508978202,50.407019759836096
461,18.60450996003507,50.398023847449196
462,18.604584792232586,50.389027920993634
463,18.60465958639982,50.38003198046861
464,18.604734342562004,50.371036025873344
465,18.60480906074435,50.36204005720698
466,18.604883740972046,50.353044074468755
467,18.604958383270247,50.344048077657824
468,18.605032987664103,50.33505206677342
469,18.60510755417873,50.326056041814745
470,18.605182082839214,50.31706000278096
471,18.60525657367063,50.30806394967128
472,18.605331026698035,50.29906788248493
473,18.605405441946445,50.2900718012211
474,18.605479819440866,50.28107570587897
475,18.60555415920628,50.27207959645779
476,18.60562846126764,50.26308347295675
477,18.605702725649884,50.25408733537505
478,18.605776952377923,50.2450911837119
479,18.60585114147665,50.23609501796652
480,18.605925292970923,50.22709883813811
481,18.605999406885594,50.218102644225915
482,18.606073483245478,50.20910643622911
483,18.60614752207538,50.20011021414694
484,18.606221523400073,50.19111397797862
485,18.60629548724431,50.18211772772336
486,18.606369413632823,50.173121463380376
487,18.616225921313156,50.45653790705497
488,18.616298687635943,50.447542059044785
489,18.616371416940815,50.438546196975324
490,18.616444109252384,50.42955032084578
491,18.616516764595218,50.420554430655315
492,18.61658938299388,50.41155852640313
493,18.616661964472897,50.40256260808841
494,18.616734509056787,50.3935666757103
495,18.61680701677003,50.384570729268034
496,18.6168794876371,50.375574768760785
497,18.616951921682436,50.36657879418772
498,18.617024318930458,50.357582805548056
499,18.61709667940557,50.348586802841
500,18.617169003132144,50.3395907860657
501,18.61724129013454,50.33059475522136
502,18.617313540437085,50.32159871030721
503,18.61738575406409,50.31260265132241
504,18.617457931039848,50.30360657826617
505,18.617530071388618,50.2946104911377
506,18.617602175134646,50.28561438993618
507,18.617674242302154,50.276618274660834
508,18.617746272915344,50.26762214531085
509,18.617818266998388,50.25862600188544
510,18.617890224575444,50.249629844383804
511,18.617962145670646,50.24063367280517
512,18.618034030308102,50.2316374871487
513,18.61810587851191,50.222641287413666
514,18.618177690306126,50.21364507359924
515,18.618249465714804,50.20464884570463
516,18.618321204761966,50.19565260372907
517,18.61839290747161,50.18665634767177
518,18.61846457386772,50.177660077531954
519,18.62839400863559,50.46107543307099
520,18.628464479181133,50.45207957950789
521,18.628534913873814,50.44308371189068
522,18.62860531273746,50.43408783021853
523,18.628675675795872,50.42509193449063
524,18.628746003072845,50.416096024706135
525,18.628816294592138,50.407100100864255
526,18.628886550377498,50.39810416296413
527,18.62895677045264,50.389108211004995
528,18.62902695484126,50.38011224498597
529,18.629097103567048,50.3711162649063
530,18.629167216653652,50.36212027076513
531,18.629237294124703,50.35312426256168
532,18.629307336003823,50.3441282402951
533,18.629377342314594,50.33513220396462
534,18.62944731308059,50.32613615356941
535,18.629517248325357,50.31714008910866
536,18.62958714807242,50.30814401058157
537,18.62965701234529,50.299147917987334
538,18.629726841167447,50.29015181132517
539,18.629796634562354,50.28115569059423
540,18.62986639255345,50.272159555793756
541,18.629936115164153,50.26316340692294
542,18.630005802417863,50.25416724398097
543,18.63007545433796,50.24517106696706
544,18.630145070947794,50.2361748758804
545,18.630214652270705,50.22717867072023
546,18.63028419833,50.218182451485724
547,18.630353709148977,50.2091862181761
548,18.6304231847509,50.20018997079057
549,18.63049262515902,50.19119370932836
550,18.63056203039657,50.18219743378866
551,18.64056442878972,50.46561168820442
552,18.640632602368346,50.45661582949006
553,18.64070074125995,50.4476199567266
554,18.64076884548758,50.438624069913196
555,18.640836915074274,50.42962816904903
556,18.64090495004305,50.420632254133295
557,18.640972950416902,50.41163632516515
558,18.641040916218802,50.402640382143765
559,18.641108847471706,50.39364442506832
560,18.64117674419854,50.38464845393801
561,18.641244606422212,50.37565246875201
562,18.641312434165624,50.366656469509486
563,18.641380227451634,50.35766045620964
564,18.64144798630309,50.34866442885167
565,18.641515710742823,50.33966838743472
566,18.641583400793635,50.33067233195801
567,18.641651056478313,50.32167626242072
568,18.64171867781963,50.31268017882206
569,18.641786264840313,50.30368408116119
570,18.641853817563092,50.294687969437305
571,18.641921336010675,50.28569184364962
572,18.641988820205736,50.276695703797316
573,18.642056270170936,50.267699549879616
574,18.642123685928922,50.25870338189568
575,18.642191067502306,50.24970719984472
576,18.642258414913695,50.240711003725956
577,18.642325728185657,50.23171479353857
578,18.642393007340758,50.222718569281774
579,18.642460252401527,50.213722330954774
580,18.642527463390486,50.204726078556774
581,18.642594640330138,50.195729812086974
582,18.642661783242946,50.1867335315446
583,18.65273718179903,50.470146671842244
584,18.652803057221043,50.4611508083785
585,18.652868899122662,50.452154930870506
586,18.652934707526164,50.44315903931743
587,18.653000482453823,50.43416313371846
588,18.653066223927873,50.42516721407274
589,18.653131931970545,50.416171280379444
590,18.653197606604042,50.40717533263776
591,18.653263247850546,50.39817937084689
592,18.65332885573222,50.38918339500595
593,18.653394430271202,50.38018740511414
594,18.65345997148962,50.37119140117066
595,18.65352547940958,50.36219538317468
596,18.653590954053154,50.35319935112536
597,18.65365639544241,50.34420330502189
598,18.653721803599392,50.335207244863476
599,18.653787178546114,50.3262111706493
600,18.653852520304582,50.31721508237853
601,18.653917828896777,50.308218980050356
602,18.653983104344665,50.29922286366397
603,18.65404834667018,50.290226733218574
604,18.654113555895247,50.28123058871335
605,18.654178732041764,50.2722344301475
606,18.65424387513162,50.26323825752021
607,18.654308985186667,50.254242070830664
608,18.65437406222875,50.24524587007808
609,18.654439106279696,50.23624965526165
610,18.654504117361302,50.227253426380585
611,18.65456909549535,50.218257183434076
612,18.654634040703602,50.2092609264213
613,18.654698953007802,50.20026465534149
614,18.65476383242967,50.19126837019387
615,18.65482867899091,50.18227207097761
616,18.664848659236036,50.48367623714378
617,18.66491226768622,50.47468038337145
618,18.664975843761898,50.46568451556042
619,18.665039387484605,50.45668863370985
620,18.66510289887585,50.44769273781891
621,18.665166377957128,50.438696827886766
622,18.665229824749908,50.429700903912575
623,18.665293239275638,50.420704965895524
624,18.665356621555762,50.41170901383477
625,18.66541997161169,50.402713047729485
626,18.665483289464813,50.39371706757882
627,18.665546575136503,50.384721073381996
628,18.665609828648115,50.37572506513816
629,18.66567305002099,50.36672904284647
630,18.665736239276445,50.35773300650614
631,18.665799396435766,50.34873695611635
632,18.66586252152024,50.33974089167625
633,18.665925614551117,50.330744813185014
634,18.665988675549638,50.32174872064187
635,18.666051704537022,50.31275261404597
636,18.666114701534465,50.303756493396506
637,18.666177666563154,50.29476035869268
638,18.66624059964424,50.285764209933646
639,18.666303500798875,50.27676804711863
640,18.66636637004817,50.267771870246804
641,18.666429207413238,50.25877567931737
642,18.666492012915157,50.2497794743295
643,18.666554786574988,50.24078325528243
644,18.666617528413784,50.231787022175304
645,18.666680238452567,50.22279077500735
646,18.66674291671234,50.21379451377779
647,18.666805563214098,50.204798238485786
648,18.66686817797881,50.19580194913054
649,18.666930761027416,50.18680564571128
650,18.666993312380853,50.17780932822719
651,18.677089686473217,50.47921282217897
652,18.67715096201282,50.470216950422994
653,18.67721220636767,50.46122106463204
654,18.677273419558503,50.45222516480528
655,18.677334601606038,50.443229250941855
656,18.677395752530973,50.43423332304095
657,18.677456872353993,50.42523738110171
658,18.677517961095756,50.41624142512331
659,18.677579018776903,50.407245455104906
660,18.677640045418066,50.39824947104571
661,18.677701041039843,50.38925347294482
662,18.677762005662817,50.38025746080146
663,18.677822939307564,50.3712614346148
664,18.67788384199463,50.362265394383996
665,18.67794471374454,50.35326934010824
666,18.67800555457781,50.34427327178669
667,18.678066364514933,50.335277189418534
668,18.67812714357638,50.32628109300295
669,18.678187891782606,50.31728498253913
670,18.67824860915405,50.30828885802623
671,18.678309295711124,50.299292719463466
672,18.678369951474238,50.29029656685
673,18.678430576463757,50.28130040018501
674,18.678491170700056,50.27230421946773
675,18.678551734203477,50.263308024697295
676,18.678612266994335,50.254311815872924
677,18.678672769092948,50.24531559299379
678,18.678733240519595,50.236319356059106
679,18.67879368129455,50.22732310506806
680,18.678854091438062,50.21832684001984
681,18.678914470970366,50.20933056091365
682,18.678974819911673,50.20033426774869
683,18.67903513828218,50.19133796052415
684,18.679095426102066,50.18234163923924
685,18.679155683391485,50.173345303893164
686,18.689328411994946,50.47474811235341
687,18.689387355792974,50.465752223024495
688,18.68944626959522,50.45675631966418
689,18.689505153421635,50.4477604022716
690,18.68956400729214,50.43876447084593
691,18.689622831226647,50.429768525386336
692,18.68968162524504,50.42077256589196
693,18.689740389367195,50.411776592361996
694,18.689799123612964,50.40278060479558
695,18.689857828002182,50.39378460319188
696,18.689916502554667,50.38478858755007
697,18.689975147290216,50.375792557869346
698,18.690033762228612,50.366796514148845
699,18.69009234738962,50.35780045638775
700,18.690150902792976,50.34880438458523
701,18.690209428458413,50.33980829874047
702,18.690267924405642,50.330812198852634
703,18.69032639065435,50.32181608492091
704,18.690384827224207,50.31281995694447
705,18.69044323413487,50.303823814922495
706,18.69050161140598,50.294827658854175
707,18.690559959057158,50.285831488738665
708,18.690618277107994,50.27683530457519
709,18.690676565578077,50.26783910636291
710,18.690734824486974,50.258842894101
711,18.690793053854232,50.24984666778868
712,18.69085125369938,50.24085042742512
713,18.690909424041926,50.23185417300953
714,18.69096756490137,50.22285790454105
715,18.691025676297187,50.213861622018946
716,18.691083758248833,50.204865325442356
717,18.691141810775758,50.1958690148105
718,18.69119983389737,50.186872690122584
719,18.691257827633088,50.17787635137778
720,18.701508193728635,50.4792780007388
721,18.701564835780857,50.47028210827458
722,18.701621449006325,50.4612862017832
723,18.701678033424223,50.452290281263835
724,18.70173458905369,50.44329434671561
725,18.701791115913863,50.4342983981377
726,18.701847614023862,50.425302435529275
727,18.70190408340279,50.41630645888946
728,18.70196052406972,50.407310468217446
729,18.70201693604372,50.398314463512385
730,18.70207331934384,50.38931844477345
731,18.702129673989106,50.38032241199979
732,18.702185999998534,50.37132636519061
733,18.702242297391116,50.36233030434503
734,18.70229856618583,50.35333422946226
735,18.70235480640164,50.34433814054144
736,18.702411018057482,50.33534203758175
737,18.70246720117229,50.3263459205824
738,18.702523355764963,50.31734978954252
739,18.7025794818544,50.30835364446129
740,18.70263557945947,50.29935748533792
741,18.702691648599036,50.29036131217158
742,18.70274768929193,50.28136512496141
743,18.70280370155698,50.27236892370665
744,18.702859685412985,50.26337270840644
745,18.70291564087874,50.25437647905999
746,18.702971567973012,50.245380235666474
747,18.703027466714556,50.2363839782251
748,18.703083337122113,50.22738770673502
749,18.70313917921439,50.21839142119546
750,18.7031949930101,50.209395121605574
751,18.70325077852793,50.20039880796459
752,18.703306535786542,50.1914024802717
753,18.703362264804593,50.18240613852606
754,18.713798957811367,50.465814810549986
755,18.713853241633327,50.45681888730639
756,18.71390749783513,50.44782295003806
757,18.71396172643514,50.438826998744126
758,18.7140159274517,50.42983103342374
759,18.71407010090314,50.420835054076086
760,18.714124246807767,50.41183906070031
761,18.714178365183876,50.40284305329557
762,18.71423245604974,50.39384703186102
763,18.714286519423624,50.38485099639585
764,18.714340555323762,50.37585494689919
765,18.71439456376839,50.36685888337023
766,18.714448544775713,50.35786280580811
767,18.714502498363927,50.348866714212036
768,18.71455642455121,50.33987060858116
769,18.71461032335571,50.33087448891464
770,18.714664194795585,50.32187835521165
771,18.714718038888954,50.31288220747139
772,18.714771855653932,50.303886045693005
773,18.714825645108608,50.29488986987569
774,18.714879407271066,50.2858936800186
775,18.714933142159357,50.27689747612094
776,18.71498684979153,50.26790125818189
777,18.715040530185615,50.258905026200594
778,18.71509418335962,50.24990878017629
779,18.715147809331548,50.240912520108125
780,18.71520140811937,50.231916245995286
781,18.715254979741044,50.22291995783697
782,18.715308524214525,50.21392365563238
783,18.715362041557743,50.20492733938067
784,18.7154155317886,50.195931009081036
785,18.715468994925004,50.18693466473272
786,18.715522430984837,50.17793830633486
787,18.725978796029118,50.4703421453521
788,18.726030778067702,50.4613462197871
789,18.7260827336552,50.4523502802013
790,18.726134662809198,50.44335432659386
791,18.72618656554726,50.434358358963905
792,18.72623844188694,50.42536237731063
793,18.726290291845785,50.41636638163314
794,18.7263421154413,50.407370371930625
795,18.726393912691,50.398374348202246
796,18.72644568361238,50.38937831044715
797,18.7264974282229,50.38038225866449
798,18.726549146540023,50.37138619285346
799,18.726600838581188,50.362390113013184
800,18.726652504363827,50.353394019142854
801,18.72670414390534,50.34439791124162
802,18.726755757223135,50.33540178930867
803,18.72680734433457,50.326405653343166
804,18.72685890525702,50.31740950334425
805,18.72691044000783,50.30841333931112
806,18.726961948604327,50.299417161242964
807,18.727013431063824,50.29042096913893
808,18.727064887403625,50.28142476299819
809,18.72711631764101,50.27242854281996
810,18.72716772179324,50.26343230860337
811,18.727219099877573,50.25443606034763
812,18.727270451911245,50.24543979805192
813,18.727321777911477,50.2364435217154
814,18.727373077895468,50.22744723133728
815,18.72742435188041,50.218450926916745
816,18.72747559988347,50.20945460845294
817,18.727526821921813,50.20045827594511
818,18.738111259311747,50.483864119044306
819,18.73816096367757,50.474868205577124
820,18.738210642745337,50.46587227809376
821,18.73826029653187,50.4568763365934
822,18.738309925053983,50.44788038107519
823,18.73835952832847,50.43888441153827
824,18.738409106372107,50.42988842798178
825,18.73845865920166,50.4208924304049
826,18.738508186833883,50.411896418806755
827,18.738557689285496,50.40290039318653
828,18.73860716657323,50.393904353543356
829,18.73865661871378,50.384908299876386
830,18.73870604572383,50.375912232184824
831,18.73875544762006,50.36691615046777
832,18.738804824419127,50.35792005472444
833,18.738854176137664,50.34892394495396
834,18.7389035027923,50.33992782115552
835,18.738952804399656,50.33093168332826
836,18.739002080976316,50.32193553147138
837,18.739051332538867,50.312939365584015
838,18.739100559103875,50.303943185665354
839,18.739149760687887,50.29494699171456
840,18.73919893730744,50.28595078373082
841,18.739248088979053,50.276954561713296
842,18.739297215719233,50.26795832566118
843,18.739346317544474,50.258962075573606
844,18.73939539447125,50.2499658114498
845,18.73944444651601,50.24096953328892
846,18.739493473695216,50.23197324109015
847,18.73954247602529,50.22297693485265
848,18.739591453522646,50.21398061457566
849,18.739640406203687,50.20498428025831
850,18.75029806173784,50.48838890559851
851,18.75034546077395,50.47939299061259
852,18.750392835683428,50.47039706161416
853,18.750440186482326,50.461401118602375
854,18.750487513186673,50.45240516157635
855,18.75053481581249,50.44340919053529
856,18.75058209437578,50.43441320547829
857,18.750629348892534,50.425417206404525
858,18.750676579378727,50.41642119331313
859,18.75072378585032,50.40742516620327
860,18.750770968323252,50.398429125074095
861,18.750818126813463,50.38943306992476
862,18.750865261336866,50.38043700075441
863,18.75091237190936,50.37144091756225
864,18.750959458546838,50.36244482034736
865,18.75100652126517,50.353448709108974
866,18.751053560080212,50.344452583846206
867,18.751100575007815,50.33545644455825
868,18.7511475660638,50.32646029124424
869,18.75119453326399,50.31746412390337
870,18.751241476624177,50.30846794253478
871,18.751288396160156,50.29947174713768
872,18.751335291887695,50.2904755377112
873,18.75138216382255,50.28147931425451
874,18.75142901198047,50.27248307676682
875,18.751475836377175,50.26348682524727
876,18.75152263702838,50.25449055969506
877,18.75156941394979,50.24549428010935
878,18.751616167157096,50.23649798648931
879,18.75166289666596,50.22750167883414
880,18.751709602492042,50.21850535714301
881,18.75175628465098,50.2095090214151
882,18.751802943158413,50.200512671649605
883,18.762532287334704,50.48391649984607
884,18.76257735689841,50.47492056973607
885,18.762622403522982,50.4659246256162
886,18.762667427223665,50.45692866748561
887,18.762712428015703,50.447932695343454
888,18.76275740591433,50.43893670918883
889,18.762802360934753,50.42994070902095
890,18.762847293092175,50.42094469483891
891,18.76289220240179,50.41194866664187
892,18.76293708887876,50.402952624429005
893,18.76298195253825,50.393956568199435
894,18.763026793395404,50.384960497952335
895,18.763071611465357,50.37596441368687
896,18.763116406763217,50.36696831540217
897,18.7631611793041,50.35797220309739
898,18.763205929103083,50.34897607677172
899,18.76325065617525,50.33997993642429
900,18.76329536053566,50.33098378205428
901,18.763340042199367,50.321987613660866
902,18.7633847011814,50.31299143124317
903,18.763429337496785,50.30399523480039
904,18.763473951160524,50.29499902433167
905,18.76351854218761,50.28600279983621
906,18.763563110593033,50.27700656131316
907,18.763607656391752,50.268010308761696
908,18.76365217959872,50.259014042180965
909,18.76369668022888,50.250017761570184
910,18.763741158297147,50.241021466928515
911,18.763785613818442,50.23202515825511
912,18.763830046807666,50.22302883554918
913,18.763874457279694,50.21403249880988
914,18.76391884524941,50.2050361480364
915,18.76396321073166,50.19603978322792
916,18.774635851955885,50.50643055228459
917,18.774721443375494,50.48843873266508
918,18.77476420640594,50.479442801847256
919,18.774806947669475,50.47044685702291
920,18.774849667180582,50.46145089819117
921,18.774892364953722,50.452454925351184
922,18.774935041003346,50.443458938502104
923,18.7749776953439,50.43446293764307
924,18.7750203279898,50.42546692277322
925,18.77506293895546,50.4164708938917
926,18.77510552825529,50.407474850997666
927,18.775148095903663,50.398478794090266
928,18.77519064191496,50.38948272316865
929,18.775233166303536,50.380486638231964
930,18.775275669083744,50.371490539279364
931,18.77531815026991,50.362494426310015
932,18.775360609876362,50.353498299323064
933,18.7754030479174,50.34450215831766
934,18.775445464407323,50.33550600329296
935,18.77548785936041,50.32650983424818
936,18.77553023279094,50.31751365118241
937,18.77557258471315,50.30851745409483
938,18.775614915141293,50.29952124298464
939,18.7756572240896,50.29052501785097
940,18.77569951157228,50.281528778692994
941,18.775741777603542,50.27253252550989
942,18.77578402219758,50.26353625830081
943,18.775826245368563,50.25453997706496
944,18.775868447130655,50.24554368180148
945,18.775910627498018,50.236547372509555
946,18.77595278648478,50.22755104918836
947,18.775994924105074,50.21855471183707
948,18.77603704037301,50.20955836045486
949,18.77607913530269,50.2005619950409
950,18.7761212089082,50.191565615594406
951,18.77616326120361,50.18256922211454
952,18.776205292202995,50.17357281460047
953,18.77624730192039,50.164576393051405
954,18.786791439281675,50.519947397810796
955,18.786831956455334,50.51095150869393
956,18.786872452993933,50.50195560557634
957,18.786912928911207,50.492959688457134
958,18.786953384220883,50.48396375733546
959,18.78699381893667,50.474967812210444
960,18.787034233072273,50.465971853081236
961,18.787074626641374,50.45697587994698
962,18.787114999657653,50.44797989280678
963,18.787155352134775,50.43898389165982
964,18.787195684086385,50.42998787650522
965,18.787235995526114,50.42099184734213
966,18.787276286467602,50.4119958041697
967,18.787316556924452,50.40299974698707
968,18.787356806910267,50.394003675793385
969,18.787397036438634,50.385007590587804
970,18.787437245523126,50.37601149136948
971,18.78747743417731,50.367015378137545
972,18.787517602414738,50.35801925089118
973,18.78755775024894,50.34902310962952
974,18.787597877693447,50.34002695435172
975,18.787637984761773,50.33103078505695
976,18.78767807146742,50.32203460174437
977,18.787718137823873,50.31303840441314
978,18.787758183844613,50.304042193062415
979,18.787798209543098,50.29504596769135
980,18.787838214932783,50.28604972829913
981,18.787878200027112,50.277053474884916
982,18.787918164839507,50.26805720744786
983,18.787958109383386,50.25906092598712
984,18.78799803367215,50.25006463050192
985,18.788037937719192,50.24106832099138
986,18.788077821537886,50.23207199745469
987,18.7881176851416,50.22307565989103
988,18.788157528543692,50.21407930829958
989,18.788197351757503,50.20508294267949
990,18.78823715479636,50.19608656302995
991,18.788276937673583,50.18709016935016
992,18.788316700402476,50.17809376163928
993,18.78835644299633,50.169097339896496
994,18.78839616546843,50.160100904120995
995,18.799030392841242,50.515471186654956
996,18.799068578121574,50.50647528363164
997,18.799106743955956,50.49747936660974
998,18.799144890357333,50.48848343558841
999,18.799183017338645,50.47948749056679
1000,18.799221124912805,50.470491531544006
1001,18.799259213092725,50.461495558519196
1002,18.7992972818913,50.452499571491515
1003,18.799335331321416,50.44350357046007
1004,18.799373361395947,50.43450755542402
1005,18.799411372127757,50.425511526382515
1006,18.799449363529696,50.41651548333467
1007,18.7994873356146,50.40751942627964
1008,18.799525288395294,50.39852335521661
1009,18.799563221884597,50.38952727014467
1010,18.799601136095312,50.38053117106299
1011,18.799639031040225,50.37153505797074
1012,18.799676906732124,50.36253893086704
1013,18.79971476318377,50.35354278975106
1014,18.79975260040792,50.34454663462194
1015,18.799790418417324,50.33555046547887
1016,18.79982821722471,50.32655428232097
1017,18.799865996842804,50.317558085147404
1018,18.799903757284316,50.30856187395733
1019,18.799941498561935,50.29956564874993
1020,18.79997922068836,50.290569409524345
1021,18.80001692367626,50.28157315627975
1022,18.800054607538296,50.27257688901531
1023,18.800092272287127,50.26358060773018
1024,18.80012991793539,50.254584312423525
1025,18.800167544495714,50.24558800309453
1026,18.800205151980716,50.236591679742354
1027,18.800242740403004,50.22759534236617
1028,18.800280309775168,50.21859899096516
1029,18.8003178601098,50.20960262553849
1030,18.800355391419462,50.20060624608533
1031,18.80039290371672,50.191609852604884
1032,18.80043039701412,50.182613445096294
1033,18.8004678713242,50.173617023558755
1034,18.80050532665949,50.16462058799146
1035,18.8005427630325,50.15562413839357
1036,18.8112670339599,50.51099368303038
1037,18.811302888523066,50.50199776651037
1038,18.81133872482862,50.49300183599384
1039,18.811374542888704,50.484005891479896
1040,18.81141034271547,50.47500993296767
1041,18.811446124321044,50.4660139604563
1042,18.811481887717544,50.457017973944936
1043,18.811517632917074,50.448021973432695
1044,18.81155335993174,50.43902595891873
1045,18.811589068773618,50.430029930402156
1046,18.811624759454787,50.42103388788214
1047,18.81166043198731,50.41203783135781
1048,18.811696086383236,50.40304176082832
1049,18.811731722654613,50.394045676292805
1050,18.811767340813464,50.38504957775041
1051,18.811802940871814,50.3760534652003
1052,18.81183852284167,50.36705733864159
1053,18.811874086735024,50.35806119807346
1054,18.811909632563868,50.34906504349506
1055,18.811945160340173,50.34006887490552
1056,18.811980670075915,50.33107269230401
1057,18.81201616178303,50.3220764956897
1058,18.812051635473477,50.313080285061716
1059,18.812087091159178,50.30408406041924
1060,18.812122528852054,50.29508782176142
1061,18.81215794856402,50.286091569087425
1062,18.81219335030697,50.277095302396404
1063,18.8122287340928,50.26809902168755
1064,18.81226409993338,50.25910272695999
1065,18.81229944784058,50.2501064182129
1066,18.81233477782625,50.241110095445464
1067,18.81237008990225,50.232113758656844
1068,18.812405384080396,50.22311740784621
1069,18.81244066037252,50.21412104301274
1070,18.81247591879044,50.20512466415559
1071,18.81251115934595,50.19612827127394
1072,18.81254638205084,50.18713186436699
1073,18.8125815869169,50.1781354434339
1074,18.81261677395589,50.16913900847384
1075,18.812651943179578,50.16014255948598
1076,18.812687094599703,50.15114609646955
1077,18.81272222822801,50.14214961942369
1078,18.82346782052148,50.515510803159806
1079,18.82350136262509,50.50651488754653
1080,18.823534887647266,50.49751895793944
1081,18.82356839559938,50.48852301433768
1082,18.823601886492792,50.47952705674039
1083,18.823635360338844,50.470531085146675
1084,18.823668817148885,50.46153509955568
1085,18.823702256934236,50.45253909996655
1086,18.82373567970623,50.44354308637841
1087,18.823769085476155,50.4345470587904
1088,18.823802474255324,50.42555101720168
1089,18.823835846055022,50.41655496161133
1090,18.82386920088652,50.40755889201854
1091,18.823902538761093,50.39856280842246
1092,18.823935859689993,50.38956671082219
1093,18.823969163684467,50.38057059921691
1094,18.82400245075575,50.37157447360577
1095,18.824035720915074,50.36257833398789
1096,18.824068974173645,50.35358218036243
1097,18.824102210542677,50.34458601272855
1098,18.824135430033362,50.335589831085386
1099,18.824168632656882,50.32659363543211
1100,18.824201818424413,50.31759742576788
1101,18.824234987347122,50.30860120209181
1102,18.824268139436164,50.299604964403116
1103,18.82430127470268,50.29060871270091
1104,18.824334393157805,50.28161244698437
1105,18.824367494812662,50.272616167252686
1106,18.824400579678368,50.26361987350496
1107,18.82443364776602,50.254623565740395
1108,18.82446669908672,50.245627243958154
1109,18.82449973365155,50.236630908157395
1110,18.824532751471576,50.22763455833731
1111,18.824565752557866,50.21863819449703
1112,18.82459873692147,50.20964181663576
1113,18.824631704573438,50.20064542475264
1114,18.8246646555248,50.191649018846896
1115,18.824697589786574,50.182652598917635
1116,18.82473050736978,50.17365616496407
1117,18.824763408285413,50.1646597169854
1118,18.824796292544473,50.155663254980766
1119,18.824829160157943,50.14666677894935
1120,18.82486201113679,50.137670288890384
1121,18.824894845491983,50.12867378480299
1122,18.824927663234472,50.11967726668638
1123,18.8249604643752,50.11068073453975
1124,18.835639693447316,50.52902254371835
1125,18.835670937818083,50.520026643407164
1126,18.83570216627379,50.51103072910564
1127,18.835733378825037,50.50203480081291
1128,18.835764575482408,50.49303885852809
1129,18.835795756256488,50.48404290225031
1130,18.83582692115784,50.475046931978696
1131,18.835858070197027,50.46605094771239
1132,18.835889203384603,50.4570549494505
1133,18.8359203207311,50.44805893719218
1134,18.83595142224705,50.43906291093657
1135,18.835982507942976,50.43006687068279
1136,18.836013577829387,50.42107081642999
1137,18.836044631916792,50.4120747481773
1138,18.83607567021567,50.403078665923864
1139,18.836106692736514,50.39408256966881
1140,18.8361376994898,50.3850864594113
1141,18.836168690485977,50.37609033515048
1142,18.836199665735506,50.36709419688547
1143,18.836230625248835,50.358098044615446
1144,18.836261569036395,50.34910187833955
1145,18.83629249710861,50.34010569805692
1146,18.8363234094759,50.331109503766704
1147,18.836354306148664,50.32211329546807
1148,18.836385187137303,50.31311707316018
1149,18.836416052452204,50.304120836842166
1150,18.83644690210374,50.2951245865132
1151,18.83647773610229,50.286128322172424
1152,18.8365085544582,50.277132043819016
1153,18.836539357181827,50.26813575145212
1154,18.836570144283506,50.25913944507089
1155,18.836600915773577,50.25014312467453
1156,18.836631671662346,50.24114679026218
1157,18.836662411960138,50.232150441833
1158,18.836693136677248,50.223154079386156
1159,18.83672384582397,50.21415770292084
1160,18.836754539410588,50.2051613124362
1161,18.836785217447378,50.1961649079314
1162,18.836815879944602,50.187168489405664
1163,18.836846526912517,50.178172056858095
1164,18.836877158361364,50.16917561028793
1165,18.836907774301388,50.16017914969431
1166,18.836938374742807,50.15118267507641
1167,18.83696895969585,50.142186186433435
1168,18.83699952917072,50.133189683764556
1169,18.837030083177616,50.12419316706894
1170,18.83706062172673,50.11519663634579
1171,18.83709114482824,50.10620009159431
1172,18.84787638586071,50.52454120315965
1173,18.847905299480153,50.51554529057518
1174,18.8479341983729,50.50654936400194
1175,18.84796308254876,50.49755342343903
1176,18.847991952017523,50.48855746888559
1177,18.84802080678898,50.47956150034074
1178,18.848049646872912,50.470565517803635
1179,18.848078472279088,50.46156952127337
1180,18.848107283017267,50.4525735107491
1181,18.8481360790972,50.44357748622994
1182,18.84816486052863,50.43458144771505
1183,18.848193627321297,50.42558539520353
1184,18.84822237948492,50.41658932869454
1185,18.848251117029214,50.40759324818721
1186,18.848279839963894,50.3985971536807
1187,18.84830854829865,50.38960104517411
1188,18.84833724204318,50.38060492266663
1189,18.848365921207154,50.37160878615736
1190,18.848394585800254,50.362612635645476
1191,18.84842323583214,50.353616471130124
1192,18.848451871312463,50.34462029261041
1193,18.84848049225087,50.33562410008554
1194,18.848509098657,50.32662789355463
1195,18.84853769054048,50.31763167301684
1196,18.84856626791093,50.30863543847131
1197,18.848594830777955,50.29963918991724
1198,18.84862337915116,50.29064292735372
1199,18.84865191304014,50.28164665077996
1200,18.84868043245448,50.2726503601951
1201,18.848708937403742,50.263654055598295
1202,18.84873742789751,50.25465773698872
1203,18.848765903945335,50.245661404365514
1204,18.848794365556767,50.23666505772787
1205,18.848822812741343,50.22766869707492
1206,18.848851245508598,50.21867232240588
1207,18.848879663868054,50.20967593371985
1208,18.848908067829225,50.20067953101606
1209,18.848936457401617,50.191683114293674
1210,18.848964832594728,50.18268668355183
1211,18.848993193418046,50.17369023878971
1212,18.84902153988105,50.16469378000652
1213,18.849049871993213,50.15569730720141
1214,18.849078189763993,50.14670082037356
1215,18.849106493202854,50.13770431952217
1216,18.84913478231923,50.12870780464639
1217,18.849163057122567,50.119711275745416
1218,18.84919131762229,50.11071473281844
1219,18.849219563827813,50.101718175864626
1220,18.849247795748557,50.092721604883174
1221,18.849276013393915,50.08372501987328
1222,18.849304216773287,50.074728420834106
1223,18.84933240589606,50.06573180776486
1224,18.86013734630105,50.51106264689418
1225,18.860163916808613,50.502066708458386
1226,18.860190473786073,50.49307075603435
1227,18.860217017242434,50.484074789621204
1228,18.860243547186695,50.47507880921804
1229,18.860270063627848,50.46608281482398
1230,18.860296566574874,50.457086806438205
1231,18.86032305603674,50.4480907840598
1232,18.86034953202242,50.43909474768793
1233,18.86037599454086,50.4300986973217
1234,18.860402443601014,50.421102632960256
1235,18.86042887921182,50.41210655460275
1236,18.860455301382206,50.403110462248286
1237,18.860481710121107,50.39411435589603
1238,18.86050810543742,50.38511823554511
1239,18.86053448734007,50.37612210119468
1240,18.86056085583795,50.367125952843864
1241,18.860587210939947,50.35812979049182
1242,18.860613552654943,50.34913361413769
1243,18.86063988099182,50.34013742378063
1244,18.86066619595944,50.33114121941978
1245,18.86069249756666,50.32214500105429
1246,18.860718785822332,50.3131487686833
1247,18.8607450607353,50.304152522305976
1248,18.860771322314395,50.29515626192147
1249,18.860797570568447,50.28615998752894
1250,18.86082380550627,50.27716369912755
1251,18.860850027136678,50.268167396716436
1252,18.86087623546847,50.25917108029476
1253,18.86090243051044,50.250174749861706
1254,18.860928612271376,50.24117840541643
1255,18.860954780760057,50.23218204695808
1256,18.860980935985253,50.22318567448581
1257,18.86100707795572,50.214189287998835
1258,18.86103320668022,50.205192887496274
1259,18.861059322167492,50.19619647297732
1260,18.861085424426278,50.18720004444115
1261,18.86111151346531,50.178203601886906
1262,18.861137589293307,50.169207145313784
1263,18.861163651918986,50.16021067472095
1264,18.86118970135105,50.15121419010758
1265,18.861215737598197,50.142217691472865
1266,18.861241760669127,50.13322117881597
1267,18.86126777057251,50.12422465213608
1268,18.86129376731703,50.115228111432366
1269,18.861319750911345,50.10623155670403
1270,18.861345721364124,50.09723498795024
1271,18.861371678684016,50.08823840517019
1272,18.861397622879657,50.07924180836305
1273,18.861423553959686,50.07024519752804
1274,18.872367078271374,50.50657871297407
1275,18.87239132157152,50.497582763084715
1276,18.872415552527574,50.48858679920837
1277,18.87243977114775,50.47959082134413
1278,18.87246397744025,50.47059482949115
1279,18.872488171413274,50.461598823648536
1280,18.872512353075024,50.45260280381543
1281,18.87253652243367,50.44360676999095
1282,18.872560679497408,50.434610722174234
1283,18.87258482427439,50.42561466036442
1284,18.872608956772794,50.41661858456063
1285,18.872633077000764,50.40762249476201
1286,18.872657184966453,50.398626390967706
1287,18.872681280677995,50.38963027317682
1288,18.872705364143535,50.38063414138852
1289,18.872729435371188,50.37163799560196
1290,18.872753494369075,50.36264183581626
1291,18.872777541145307,50.353645662030566
1292,18.87280157570799,50.34464947424403
1293,18.872825598065212,50.33565327245578
1294,18.872849608225067,50.326657056665
1295,18.872873606195636,50.317660826870814
1296,18.87289759198499,50.308664583072364
1297,18.8729215656012,50.299668325268826
1298,18.872945527052316,50.29067205345935
1299,18.872969476346398,50.28167576764307
1300,18.872993413491486,50.272679467819174
1301,18.873017338495618,50.26368315398679
1302,18.87304125136683,50.25468682614509
1303,18.873065152113128,50.24569048429323
1304,18.87308904074254,50.23669412843037
1305,18.87311291726307,50.2276977585557
1306,18.87313678168272,50.21870137466835
1307,18.87316063400948,50.20970497676748
1308,18.87318447425134,50.2007085648523
1309,18.873208302416273,50.19171213892195
1310,18.873232118512252,50.1827156989756
1311,18.873255922547248,50.173719245012414
1312,18.873279714529207,50.16472277703159
1313,18.873303494466086,50.15572629503228
1314,18.87332726236582,50.14672979901366
1315,18.873351018236352,50.137733288974935
1316,18.873374762085607,50.12873676491525
1317,18.873398493921503,50.11974022683379
1318,18.873422213751955,50.11074367472976
1319,18.87344592158487,50.10174710860231
1320,18.87346961742815,50.092750528450644
1321,18.87349330128968,50.08375393427394
1322,18.873516973177352,50.074757326071385
1323,18.87354063309904,50.065760703842166
1324,18.88463831876467,50.48410155357055
1325,18.88466021372487,50.47510556466367
1326,18.88468209754105,50.46610956176914
1327,18.88470397022061,50.45711354488608
1328,18.884725831770957,50.44811751401361
1329,18.88474768219949,50.43912146915086
1330,18.884769521513604,50.43012541029697
1331,18.884791349720675,50.42112933745106
1332,18.88481316682809,50.41213325061228
1333,18.88483497284322,50.403137149779766
1334,18.884856767773417,50.39414103495261
1335,18.884878551626052,50.38514490613001
1336,18.884900324408473,50.376148763311086
1337,18.884922086128025,50.36715260649496
1338,18.88494383679204,50.35815643568078
1339,18.884965576407854,50.349160250867726
1340,18.884987304982793,50.340164052054895
1341,18.885009022524166,50.33116783924145
1342,18.885030729039293,50.32217161242656
1343,18.885052424535473,50.31317537160934
1344,18.885074109020007,50.30417911678896
1345,18.88509578250018,50.29518284796455
1346,18.88511744498328,50.286186565135296
1347,18.885139096476586,50.27719026830033
1348,18.885160736987366,50.26819395745883
1349,18.885182366522887,50.259197632609926
1350,18.885203985090406,50.250201293752774
1351,18.885225592697175,50.24120494088657
1352,18.885247189350434,50.23220857401046
1353,18.885268775057423,50.22321219312357
1354,18.885290349825375,50.214215798225126
1355,18.885311913661514,50.20521938931424
1356,18.88533346657306,50.196222966390096
1357,18.885355008567217,50.18722652945189
1358,18.8853765396512,50.178230078498764
1359,18.8853980598322,50.169233613529876
1360,18.885419569117417,50.160237134544424
1361,18.885441067514027,50.151240641541584
1362,18.88546255502921,50.1422441345205
1363,18.88548403167015,50.133247613480385
1364,18.885505497443994,50.124251078420386
1365,18.885526952357917,50.115254529339715
1366,18.885548396419065,50.10625796623752
1367,18.885569829634587,50.097261389113
1368,18.885591252011622,50.08826479796534
1369,18.8856126635573,50.07926819279372
1370,18.885634064278747,50.07027157359733
1371,18.885655454183095,50.061274940375334
1372,18.896858772489527,50.47961501973033
1373,18.896878344965995,50.47061902018903
1374,18.896897907481296,50.461623006661
1375,18.896917460042058,50.45262697914537
1376,18.89693700265489,50.443630937641274
1377,18.896956535326414,50.43463488214784
1378,18.896976058063235,50.425638812664204
1379,18.896995570871944,50.41664272918947
1380,18.89701507375915,50.40764663172282
1381,18.897034566731428,50.39865052026335
1382,18.89705404979536,50.389654394810215
1383,18.897073522957534,50.38065825536254
1384,18.89709298622451,50.37166210191948
1385,18.897112439602857,50.36266593448017
1386,18.897131883099124,50.35366975304374
1387,18.897151316719874,50.34467355760933
1388,18.89717074047165,50.335677348176105
1389,18.897190154360988,50.32668112474322
1390,18.897209558394426,50.31768488730979
1391,18.897228952578487,50.308688635874965
1392,18.8972483369197,50.29969237043794
1393,18.897267711424576,50.29069609099782
1394,18.897287076099627,50.28169979755376
1395,18.897306430951357,50.27270349010495
1396,18.897325775986268,50.263707168650505
1397,18.897345111210846,50.254710833189606
1398,18.89736443663158,50.24571448372141
1399,18.897383752254953,50.23671812024505
1400,18.897403058087438,50.22772174275973
1401,18.897422354135504,50.21872535126459
1402,18.89744164040561,50.20972894575879
1403,18.897460916904222,50.200732526241495
1404,18.897480183637782,50.19173609271189
1405,18.897499440612744,50.18273964516912
1406,18.89751868783554,50.17374318361237
1407,18.897537925312605,50.16474670804081
1408,18.897557153050368,50.15575021845359
1409,18.897576371055255,50.1467537148499
1410,18.897595579333675,50.13775719722893
1411,18.89761477789204,50.12876066558984
1412,18.89763396673676,50.119764119931794
1413,18.897653145874227,50.11076756025399
1414,18.89767231531084,50.101770986555614
1415,18.897691475052977,50.09277439883583
1416,18.897710625107027,50.08377779709383
1417,18.89772976547936,50.074781181328795
1418,18.897748896176353,50.06578455153991
1419,18.89776801720436,50.056787907726374
1420,18.909059653741235,50.484123194079906
1421,18.90907691369513,50.4751271982972
1422,18.909094164864094,50.46613118852942
1423,18.90911140725397,50.45713516477572
1424,18.909128640870605,50.44813912703519
1425,18.90914586571982,50.43914307530697
1426,18.90916308180745,50.430147009590215
1427,18.909180289139307,50.42115092988402
1428,18.90919748772122,50.41215483618753
1429,18.909214677558985,50.403158728499896
1430,18.909231858658423,50.39416260682021
1431,18.909249031025322,50.38516647114766
1432,18.90926619466548,50.37617032148136
1433,18.90928334958469,50.367174157820436
1434,18.909300495788738,50.35817798016405
1435,18.90931763328339,50.34918178851133
1436,18.90933476207444,50.34018558286143
1437,18.909351882167634,50.33118936321348
1438,18.909368993568755,50.322193129566635
1439,18.909386096283548,50.31319688192004
1440,18.909403190317775,50.30420062027285
1441,18.909420275677174,50.29520434462421
1442,18.909437352367494,50.286208054973265
1443,18.909454420394468,50.27721175131917
1444,18.90947147976383,50.268215433661105
1445,18.90948853048131,50.25921910199819
1446,18.90950557255262,50.25022275632958
1447,18.909522605983483,50.24122639665447
1448,18.90953963077961,50.23223002297198
1449,18.9095566469467,50.22323363528129
1450,18.909573654490462,50.214237233581585
1451,18.90959065341659,50.20524081787198
1452,18.90960764373077,50.196244388151655
1453,18.90962462543869,50.18724794441982
1454,18.909641598546024,50.17825148667559
1455,18.909658563058453,50.16925501491815
1456,18.909675518981647,50.160258529146674
1457,18.909692466321268,50.15126202936034
1458,18.909709405082975,50.14226551555831
1459,18.90972633527242,50.133268987739775
1460,18.909743256895254,50.12427244590388
1461,18.909760169957124,50.11527589004982
1462,18.909777074463662,50.106279320176796
1463,18.909793970420505,50.09728273628395
1464,18.909810857833286,50.08828613837049
1465,18.909827736707616,50.079289526435595
1466,18.909844607049124,50.070292900478435
1467,18.90986146886342,50.0612962604982
1468,18.921277803734686,50.479634095482645
1469,18.921292742375233,50.47063808988058
1470,18.921307673412933,50.46164207029407
1471,18.92132259685285,50.452646036722264
1472,18.921337512700035,50.443649989164264
1473,18.921352420959533,50.434653927619216
1474,18.921367321636378,50.425657852086246
1475,18.921382214735623,50.41666176256447
1476,18.921397100262293,50.407665659053045
1477,18.921411978221418,50.39866954155108
1478,18.921426848618015,50.389673410057725
1479,18.92144171145711,50.3806772645721
1480,18.921456566743718,50.371681105093366
1481,18.921471414482845,50.36268493162065
1482,18.9214862546795,50.3536887441531
1483,18.92150108733868,50.34469254268983
1484,18.921515912465384,50.33569632723
1485,18.921530730064603,50.32670009777277
1486,18.921545540141324,50.31770385431729
1487,18.921560342700527,50.30870759686265
1488,18.921575137747197,50.299711325408076
1489,18.921589925286302,50.29071503995266
1490,18.92160470532281,50.28171874049556
1491,18.921619477861686,50.27272242703597
1492,18.921634242907892,50.263726099573006
1493,18.921649000466385,50.25472975810584
1494,18.92166375054211,50.24573340263361
1495,18.92167849314002,50.2367370331555
1496,18.92169322826505,50.22774064967064
1497,18.921707955922145,50.218744252178226
1498,18.92172267611623,50.209747840677394
1499,18.921737388852236,50.2007514151673
1500,18.921752094135094,50.19175497564715
1501,18.92176679196971,50.18275852211606
1502,18.921781482361013,50.17376205457323
1503,18.9217961653139,50.16476557301784
1504,18.921810840833288,50.155769077449015
1505,18.921825508924073,50.14677256786596
1506,18.921840169591153,50.13777604426785
1507,18.921854822839418,50.12877950665384
1508,18.921869468673762,50.119782955023126
1509,18.921884107099068,50.11078638937487
1510,18.921898738120206,50.101789809708265
1511,18.921913361742064,50.09279321602248
1512,18.921927977969503,50.08379660831671
1513,18.921942586807393,50.074799986590115
1514,18.921957188260595,50.06580335084189
1515,18.92197178233397,50.056806701071224
1516,18.933481015090127,50.484139711134354
1517,18.93349364002016,50.475143710103666
1518,18.933506258524385,50.46614769508991
1519,18.933518870607074,50.457151666092194
1520,18.933531476272492,50.44815562310964
1521,18.93354407552491,50.439159566141385
1522,18.933556668368592,50.43016349518654
1523,18.93356925480779,50.42116741024425
1524,18.933581834846763,50.41217131131364
1525,18.933594408489757,50.40317519839387
1526,18.93360697574102,50.394179071484004
1527,18.9336195366048,50.385182930583234
1528,18.933632091085332,50.376186775690705
1529,18.933644639186852,50.3671906068055
1530,18.933657180913585,50.3581944239268
1531,18.933669716269762,50.34919822705374
1532,18.93368224525961,50.34020201618545
1533,18.933694767887346,50.331205791321075
1534,18.93370728415718,50.32220955245978
1535,18.93371979407333,50.31321329960068
1536,18.933732297640002,50.30421703274294
1537,18.933744794861408,50.2952207518857
1538,18.93375728574173,50.28622445702813
1539,18.93376977028518,50.277228148169364
1540,18.933782248495945,50.26823182530856
1541,18.933794720378213,50.25923548844485
1542,18.93380718593617,50.25023913757743
1543,18.933819645173998,50.24124277270543
1544,18.933832098095873,50.23224639382801
1545,18.933844544705966,50.223250000944326
1546,18.933856985008454,50.21425359405356
1547,18.933869419007497,50.20525717315486
1548,18.93388184670726,50.196260738247375
1549,18.933894268111896,50.1872642893303
1550,18.933906683225562,50.17826782640279
1551,18.933919092052413,50.169271349464
1552,18.933931494596596,50.160274858513105
1553,18.933943890862245,50.15127835354929
1554,18.933956280853508,50.142281834571705
1555,18.93396866457452,50.13328530157955
1556,18.933981042029412,50.12428875457197
1557,18.933993413222307,50.11529219354816
1558,18.93400577815734,50.10629561850731
1559,18.93401813683862,50.09729902944856
1560,18.93403048927027,50.088302426371115
1561,18.934042835456403,50.07930580927416
1562,18.934055175401127,50.07030917815686
1563,18.934067509108555,50.06131253301842
1564,18.934079836582775,50.052315873858014
1565,18.94569685780355,50.47964804858792
1566,18.94570716259299,50.47065203855266
1567,18.945717462137925,50.46165601453464
1568,18.945727756441844,50.452659976532985
1569,18.94573804550824,50.44366392454681
1570,18.94574832934058,50.43466785857526
1571,18.94575860794235,50.42567177861745
1572,18.945768881317026,50.41667568467251
1573,18.945779149468077,50.407679576739575
1574,18.945789412398973,50.39868345481779
1575,18.94579967011318,50.38968731890626
1576,18.945809922614156,50.38069116900413
1577,18.94582016990536,50.37169500511055
1578,18.945830411990258,50.362698827224655
1579,18.94584064887229,50.35370263534558
1580,18.945850880554914,50.34470642947246
1581,18.945861107041573,50.33571020960443
1582,18.945871328335713,50.32671397574065
1583,18.94588154444077,50.317717727880265
1584,18.945891755360183,50.3087214660224
1585,18.945901961097384,50.29972519016622
1586,18.945912161655812,50.29072890031088
1587,18.945922357038885,50.281732596455505
1588,18.945932547250028,50.27273627859928
1589,18.945942732292668,50.26373994674133
1590,18.945952912170217,50.25474360088083
1591,18.945963086886096,50.24574724101692
1592,18.945973256443715,50.23675086714875
1593,18.94598342084648,50.2277544792755
1594,18.945993580097802,50.21875807739633
1595,18.94600373420108,50.20976166151036
1596,18.946013883159715,50.2007652316168
1597,18.946024026977103,50.19176878771481
1598,18.946034165656638,50.18277232980353
1599,18.94604429920171,50.17377585788213
1600,18.946054427615703,50.164779371949805
1601,18.946064550902012,50.155782872005695
1602,18.946074669064,50.146786358048985
1603,18.946084782105064,50.137789830078844
1604,18.946094890028565,50.12879328809446
1605,18.946104992837885,50.11979673209496
1606,18.946115090536388,50.11080016207958
1607,18.946125183127435,50.101803578047466
1608,18.946135270614395,50.092806979997796
1609,18.94614535300063,50.08381036792977
1610,18.94615543028949,50.07481374184254
1611,18.946165502484334,50.06581710173532
1612,18.94617556958851,50.05682044760727
1613,18.946185631605363,50.04782377945759
1614,18.957902395729278,50.48415110472249
1615,18.957910385622625,50.475155100071724
1616,18.95791837144929,50.46615908143924
1617,18.95792635321197,50.45716304882417
1618,18.957934330913382,50.448167002225624
1619,18.957942304556216,50.439170941642736
1620,18.957950274143172,50.43017486707464
1621,18.957958239676948,50.42117877852044
1622,18.957966201160232,50.41218267597929
1623,18.957974158595714,50.40318655945033
1624,18.957982111986084,50.39419042893265
1625,18.957990061334026,50.38519428442543
1626,18.957998006642224,50.37619812592778
1627,18.958005947913353,50.36720195343883
1628,18.9580138851501,50.358205766957745
1629,18.958021818355128,50.34920956648366
1630,18.95802974753112,50.34021335201568
1631,18.958037672680742,50.331217123552975
1632,18.958045593806663,50.3222208810947
1633,18.958053510911547,50.31322462463998
1634,18.958061423998057,50.30422835418797
1635,18.958069333068856,50.295232069737814
1636,18.958077238126602,50.28623577128865
1637,18.958085139173942,50.277239458839645
1638,18.958093036213544,50.26824313238997
1639,18.95810092924805,50.25924679193872
1640,18.95810881828011,50.250250437485086
1641,18.958116703312367,50.241254069028244
1642,18.958124584347473,50.23225768656731
1643,18.95813246138806,50.22326129010146
1644,18.95814033443677,50.21426487962987
1645,18.958148203496247,50.20526845515168
1646,18.958156068569114,50.19627201666606
1647,18.958163929658006,50.18727556417218
1648,18.958171786765554,50.17827909766919
1649,18.958179639894382,50.16928261715626
1650,18.95818748904712,50.16028612263258
1651,18.958195334226385,50.15128961409729
1652,18.9582031754348,50.14229309154957
1653,18.958211012674983,50.13329655498862
1654,18.958218845949542,50.124300004413556
1655,18.958226675261095,50.11530343982362
1656,18.958234500612253,50.10630686121795
1657,18.95824232200562,50.09731026859572
1658,18.95825013944381,50.08831366195613
1659,18.95825795292941,50.07931704129833
1660,18.95826576246504,50.07032040662155
1661,18.958273568053286,50.06132375792492
1662,18.958281369696746,50.05232709520766
1663,18.97011592761639,50.47965687903653
1664,18.97012159854425,50.47066086619565
1665,18.97012726658596,50.461664839373064
1666,18.97013293174343,50.45266879856791
1667,18.970138594018582,50.44367274377931
1668,18.970144253413338,50.434676675006365
1669,18.970149909929603,50.42568059224823
1670,18.970155563569296,50.416684495504015
1671,18.970161214334322,50.407688384772854
1672,18.970166862226595,50.398692260053906
1673,18.970172507248023,50.389696121346276
1674,18.9701781494005,50.380699968649076
1675,18.97018378868594,50.37170380196151
1676,18.97018942510625,50.36270762128265
1677,18.970195058663315,50.35371142661167
1678,18.970200689359036,50.34471521794769
1679,18.970206317195323,50.33571899528985
1680,18.97021194217406,50.326722758637324
1681,18.970217564297144,50.31772650798923
1682,18.97022318356646,50.30873024334469
1683,18.97022879998391,50.29973396470291
1684,18.97023441355137,50.290737672062996
1685,18.970240024270733,50.2817413654241
1686,18.97024563214388,50.27274504478538
1687,18.970251237172697,50.26374871014601
1688,18.970256839359063,50.254752361505105
1689,18.97026243870486,50.24575599886183
1690,18.97026803521196,50.23675962221535
1691,18.970273628882246,50.22776323156484
1692,18.970279219717586,50.21876682690943
1693,18.970284807719857,50.209770408248275
1694,18.970290392890927,50.20077397558055
1695,18.97029597523267,50.19177752890545
1696,18.97030155474695,50.18278106822208
1697,18.970307131435632,50.17378459352964
1698,18.97031270530058,50.16478810482731
1699,18.970318276343658,50.15579160211421
1700,18.970323844566725,50.14679508538957
1701,18.970329409971644,50.13779855465252
1702,18.970334972560266,50.128802009902245
1703,18.97034053233445,50.11980545113793
1704,18.970346089296054,50.11080887835872
1705,18.97035164344692,50.10181229156382
1706,18.97035719478891,50.0928156907524
1707,18.970362743323868,50.08381907592364
1708,18.97036828905364,50.07482244707672
1709,18.970373831980073,50.065825804210824
1710,18.970379372105008,50.05682914732513
1711,18.982327143425128,50.4751613681935
1712,18.982330496566114,50.46616534756956
1713,18.98233384800069,50.45716931296378
1714,18.98233719772999,50.44817326437529
1715,18.98234054575515,50.4391772018032
1716,18.9823438920773,50.430181125246655
1717,18.98234723669757,50.421185034704756
1718,18.982350579617098,50.412188930176654
1719,18.982353920837006,50.4031928116615
1720,18.982357260358427,50.39419667915836
1721,18.982360598182485,50.385200532666424
1722,18.982363934310307,50.37620437218482
1723,18.98236726874302,50.367208197712664
1724,18.982370601481747,50.35821200924911
1725,18.98237393252761,50.34921580679329
1726,18.982377261881734,50.34021959034435
1727,18.98238058954524,50.3312233599014
1728,18.98238391551925,50.32222711546364
1729,18.982387239804876,50.31323085703018
1730,18.982390562403243,50.30423458460016
1731,18.982393883315464,50.29523829817275
1732,18.98239720254266,50.28624199774708
1733,18.982400520085942,50.2772456833223
1734,18.982403835946425,50.26824935489757
1735,18.982407150125223,50.25925301247204
1736,18.98241046262344,50.25025665604486
1737,18.982413773442204,50.241260285615205
1738,18.982417082582614,50.23226390118219
1739,18.982420390045778,50.22326750274501
1740,18.982423695832807,50.21427109030282
1741,18.982426999944806,50.20527466385476
1742,18.982430302382888,50.196278223400014
1743,18.982433603148145,50.18728176893774
1744,18.982436902241695,50.178285300467095
1745,18.98244019966463,50.16928881798726
1746,18.982443495418057,50.16029232149738
1747,18.982446789503076,50.15129581099664
1748,18.982450081920792,50.142299286484224
1749,18.982453372672296,50.133302747959284
1750,18.982456661758686,50.12430619542098
1751,18.98245994918107,50.115309628868516
1752,18.982463234940532,50.106313048301054
1753,18.98246651903817,50.09731645371778
1754,18.98246980147508,50.08831984511785
1755,18.98247308225236,50.07932322250047
1756,18.982476361371088,50.07032658586483
1757,18.982479638832366,50.06132993521007
1758,18.982482914637284,50.05233327053539
1759,18.99453604315397,50.47066457280348
1760,18.99453707968669,50.461668544803295
1761,18.994538115691963,50.45267250282099
1762,18.994539151170134,50.44367644685567
1763,18.994540186121554,50.43468037690646
1764,18.994541220546584,50.4256842929725
1765,18.99454225444556,50.41668819505293
1766,18.994543287818836,50.407692083146834
1767,18.994544320666762,50.398695957253395
1768,18.99454535298969,50.3896998173717
1769,18.994546384787967,50.38070366350091
1770,18.994547416061934,50.37170749564016
1771,18.994548446811944,50.36271131378859
1772,18.99454947703835,50.35371511794532
1773,18.99455050674149,50.34471890810949
1774,18.994551535921715,50.33572268428026
1775,18.99455256457937,50.326726446456775
1776,18.994553592714805,50.317730194638145
1777,18.994554620328362,50.30873392882354
1778,18.994555647420388,50.29973764901211
1779,18.994556673991227,50.29074135520299
1780,18.994557700041227,50.281745047395326
1781,18.99455872557073,50.27274872558829
1782,18.99455975058008,50.263752389781025
1783,18.99456077506962,50.25475603997266
1784,18.9945617990397,50.24575967616238
1785,18.994562822490657,50.23676329834933
1786,18.994563845422835,50.227766906532665
1787,18.99456486783658,50.21877050071155
1788,18.994565889732232,50.20977408088513
1789,18.994566911110134,50.20077764705258
1790,18.99456793197063,50.19178119921308
1791,18.99456895231405,50.18278473736576
1792,18.994569972140752,50.17378826150979
1793,18.994570991451067,50.16479177164437
1794,18.994572010245335,50.15579526776863
1795,18.9945730285239,50.146798749881754
1796,18.994574046287102,50.137802217982916
1797,18.99457506353528,50.128805672071294
1798,18.99457608026877,50.119809112146044
1799,18.994577096487916,50.110812538206346
1800,18.994578112193054,50.10181595025141
1801,18.994579127384522,50.09281934828035
1802,18.99458014206266,50.0838227322924
1803,18.994581156227806,50.07482610228673
1804,18.994582169880296,50.0658294582625
1805,18.994583183020463,50.05683280021891
1806,18.994584195648653,50.04783612815515
1807,19.00674518654996,50.48415852147196
1808,19.00674390635027,50.475162514464664
1809,19.006742626802172,50.46616649347654
1810,19.006741347905233,50.45717045850672
1811,19.006740069659024,50.44817440955431
1812,19.00673879206311,50.43917834661845
1813,19.00673751511706,50.43018226969828
1814,19.006736238820437,50.42118617879289
1815,19.006734963172818,50.41219007390142
1816,19.006733688173767,50.40319395502302
1817,19.006732413822853,50.39419782215682
1818,19.006731140119648,50.385201675301936
1819,19.006729867063722,50.37620551445752
1820,19.00672859465464,50.367209339622676
1821,19.006727322891983,50.35821315079658
1822,19.006726051775313,50.349216947978356
1823,19.006724781304207,50.34022073116716
1824,19.00672351147824,50.33122450036209
1825,19.006722242296973,50.32222825556233
1826,19.00672097375999,50.313231996767
1827,19.006719705866864,50.30423572397527
1828,19.00671843861716,50.29523943718627
1829,19.006717172010458,50.286243136399136
1830,19.006715906046335,50.27724682161305
1831,19.006714640724365,50.268250492827136
1832,19.006713376044114,50.259254150040555
1833,19.006712112005168,50.25025779325248
1834,19.0067108486071,50.24126142246203
1835,19.006709585849485,50.232265037668384
1836,19.006708323731903,50.2232686388707
1837,19.006707062253927,50.21427222606814
1838,19.006705801415137,50.20527579925986
1839,19.00670454121511,50.196279358445
1840,19.00670328165343,50.187282903622766
1841,19.006702022729666,50.178286434792284
1842,19.0067007644434,50.16928995195275
1843,19.00669950679422,50.160293455103314
1844,19.006698249781692,50.15129694424314
1845,19.006696993405406,50.14230041937143
1846,19.00669573766494,50.133303880487325
1847,19.006694482559876,50.12430732759
1848,19.006693228089794,50.11531076067864
1849,19.006691974254277,50.10631417975243
1850,19.006690721052905,50.097317584810526
1851,19.006689468485263,50.08832097585212
1852,19.00668821655093,50.07932435287636
1853,19.006686965249497,50.0703277158825
1854,19.006685714580538,50.06133106486964
1855,19.006684464543646,50.05233439983702
1856,19.0066832151384,50.04333772078381
1857,19.018957684794618,50.48865517153179
1858,19.01895408615497,50.479659171942956
1859,19.01895048934709,50.47066315837357
1860,19.018946894369773,50.46166713082277
1861,19.01894330122179,50.45267108928965
1862,19.018939709901925,50.44367503377336
1863,19.01893612040897,50.43467896427302
1864,19.0189325327417,50.425682880787754
1865,19.018928946898917,50.41668678331667
1866,19.018925362879397,50.407690671858944
1867,19.018921780681936,50.39869454641368
1868,19.01891820030532,50.38969840698002
1869,19.01891462174834,50.380702253557054
1870,19.018911045009794,50.371706086143995
1871,19.01890747008847,50.36270990473992
1872,19.018903896983172,50.353713709344
1873,19.018900325692684,50.34471749995534
1874,19.01889675621581,50.33572127657312
1875,19.018893188551345,50.326725039196454
1876,19.018889622698094,50.3177287878245
1877,19.01888605865485,50.3087325224564
1878,19.01888249642042,50.2997362430913
1879,19.018878935993605,50.29073994972835
1880,19.018875377373206,50.28174364236667
1881,19.01887182055803,50.27274732100547
1882,19.01886826554688,50.26375098564385
1883,19.01886471233857,50.25475463628099
1884,19.018861160931905,50.24575827291605
1885,19.018857611325686,50.236761895548156
1886,19.01885406351873,50.22776550417649
1887,19.018850517509854,50.2187690988002
1888,19.01884697329786,50.20977267941844
1889,19.018843430881564,50.200776246030394
1890,19.018839890259784,50.19177979863522
1891,19.018836351431332,50.182783337232074
1892,19.018832814395026,50.1737868618201
1893,19.018829279149685,50.164790372398485
1894,19.018825745694123,50.15579386896641
1895,19.018822214027168,50.14679735152305
1896,19.018818684147636,50.13780082006755
1897,19.018815156054348,50.128804274599084
1898,19.01881162974613,50.11980771511684
1899,19.0188081052218,50.11081114162
1900,19.018804582480193,50.10181455410772
1901,19.018801061520126,50.09281795257918
1902,19.018797542340433,50.083821337033584
1903,19.018794024939936,50.07482470747007
1904,19.018790509317473,50.06582806388786
1905,19.018786995471864,50.05683140628612
1906,19.01878348340195,50.04783473466405
1907,19.01877997310656,50.038838049020804
1908,19.03116658256724,50.484154544628176
1909,19.031160667320624,50.47515853888445
1910,19.031154755084746,50.466162519159404
1911,19.031148845857597,50.4571664854522
1912,19.031142939637174,50.448170437761924
1913,19.03113703642148,50.43917437608773
1914,19.031131136208526,50.430178300428715
1915,19.031125238996303,50.42118221078404
1916,19.03111934478283,50.41218610715281
1917,19.031113453566114,50.40318998953418
1918,19.031107565344154,50.394193857927235
1919,19.031101680114975,50.38519771233116
1920,19.031095797876585,50.37620155274509
1921,19.031089918627003,50.36720537916812
1922,19.031084042364242,50.35820919159939
1923,19.031078169086328,50.3492129900381
1924,19.031072298791273,50.34021677448332
1925,19.031066431477107,50.33122054493423
1926,19.031060567141857,50.32222430138996
1927,19.031054705783543,50.31322804384967
1928,19.0310488474002,50.30423177231248
1929,19.031042991989846,50.295235486777564
1930,19.03103713955053,50.28623918724405
1931,19.031031290080275,50.2772428737111
1932,19.03102544357712,50.26824654617787
1933,19.0310196000391,50.2592502046435
1934,19.031013759464255,50.25025384910714
1935,19.031007921850634,50.24125747956797
1936,19.031002087196264,50.23226109602513
1937,19.030996255499204,50.22326469847775
1938,19.03099042675749,50.214268286925055
1939,19.030984600969177,50.20527186136617
1940,19.03097877813231,50.19627542180024
1941,19.03097295824495,50.18727896822646
1942,19.030967141305137,50.17828250064398
1943,19.030961327310933,50.16928601905197
1944,19.030955516260402,50.16028952344959
1945,19.030949708151585,50.15129301383601
1946,19.03094390298256,50.14229649021043
1947,19.030938100751385,50.13329995257199
1948,19.030932301456115,50.12430340091986
1949,19.03092650509483,50.115306835253236
1950,19.030920711665583,50.106310255571294
1951,19.030914921166453,50.0973136618732
1952,19.030909133595507,50.088317054158125
1953,19.030903348950822,50.07932043242527
1954,19.030897567230465,50.070323796673804
1955,19.03089178843252,50.06132714690291
1956,19.03088601255506,50.052330483111774
1957,19.030880239596172,50.04333380529959
1958,19.043381395585477,50.488648631910124
1959,19.043373160721167,50.47965263439919
1960,19.04336493004855,50.47065662290692
1961,19.043356703564843,50.46166059743244
1962,19.04334848126725,50.45266455797488
1963,19.043340263153,50.44366850453335
1964,19.043332049219305,50.43467243710698
1965,19.043323839463387,50.42567635569492
1966,19.043315633882475,50.41668026029627
1967,19.04330743247379,50.407684150910164
1968,19.043299235234564,50.398688027535755
1969,19.043291042162032,50.389691890172166
1970,19.043282853253423,50.38069573881852
1971,19.043274668505983,50.37169957347396
1972,19.04326648791694,50.362703394137625
1973,19.043258311483545,50.35370720080866
1974,19.043250139203042,50.344710993486196
1975,19.043241971072675,50.33571477216937
1976,19.043233807089695,50.32671853685735
1977,19.043225647251354,50.317722287549245
1978,19.043217491554906,50.30872602424422
1979,19.043209339997613,50.29972974694143
1980,19.04320119257673,50.290733455640016
1981,19.04319304928952,50.281737150339104
1982,19.04318491013325,50.27274083103788
1983,19.043176775105184,50.26374449773548
1984,19.04316864420259,50.25474815043106
1985,19.04316051742275,50.24575178912378
1986,19.043152394762927,50.236755413812794
1987,19.04314427622041,50.22775902449725
1988,19.043136161792468,50.218762621176325
1989,19.043128051476383,50.20976620384916
1990,19.043119945269453,50.20076977251493
1991,19.04311184316895,50.19177332717281
1992,19.04310374517217,50.182776867821936
1993,19.04309565127641,50.17378039446148
1994,19.043087561478956,50.164783907090644
1995,19.04307947577711,50.155787405708566
1996,19.043071394168166,50.1467908903144
1997,19.043063316649434,50.13779436090736
1998,19.043055243218213,50.12879781748659
1999,19.04304717387181,50.119801260051275
2000,19.04303910860753,50.11080468860059
2001,19.043031047422694,50.101808103133706
2002,19.043022990314615,50.09281150364981
2003,19.043014937280603,50.0838148901481
2004,19.04300688831798,50.0748182626277
2005,19.04299884342407,50.06582162108785
2006,19.042990802596194,50.05682496552772
2007,19.042982765831677,50.04782829594647
2008,19.04297473312785,50.03883161234331
2009,19.042966704482044,50.02983491471742
2010,19.042958679891594,50.02083820306801
2011,19.055598525207273,50.4931414331786
2012,19.055587969546313,50.484145444307856
2013,19.05557741925879,50.47514944145557
2014,19.055566874341135,50.46615342462089
2015,19.05555633478977,50.457157393802945
2016,19.055545800601134,50.44816134900085
2017,19.055535271771657,50.43916529021374
2018,19.055524748297778,50.43016921744073
2019,19.055514230175937,50.421173130680955
2020,19.055503717402587,50.41217702993355
2021,19.05549320997417,50.40318091519766
2022,19.055482707887133,50.394184786472366
2023,19.055472211137936,50.385188643756855
2024,19.055461719723038,50.376192487050254
2025,19.055451233638898,50.367196316351674
2026,19.055440752881978,50.358200131660276
2027,19.05543027744875,50.3492039329752
2028,19.05541980733568,50.34020772029558
2029,19.055409342539246,50.33121149362055
2030,19.055398883055926,50.32221525294928
2031,19.055388428882196,50.31321899828089
2032,19.055377980014544,50.30422272961454
2033,19.055367536449452,50.295226446949364
2034,19.055357098183414,50.28623015028453
2035,19.05534666521292,50.277233839619186
2036,19.055336237534473,50.26823751495248
2037,19.055325815144563,50.259241176283545
2038,19.0553153980397,50.25024482361157
2039,19.055304986216388,50.2412484569357
2040,19.055294579671134,50.23225207625508
2041,19.055284178400452,50.22325568156888
2042,19.05527378240086,50.214259272876276
2043,19.055263391668873,50.205262850176396
2044,19.055253006201013,50.196266413468415
2045,19.05524262599381,50.18726996275153
2046,19.055232251043787,50.17827349802485
2047,19.055221881347475,50.169277019287584
2048,19.055211516901412,50.160280526538884
2049,19.05520115770213,50.15128401977793
2050,19.05519080374618,50.14228749900388
2051,19.055180455030094,50.13329096421594
2052,19.055170111550428,50.124294415413225
2053,19.05515977330373,50.11529785259496
2054,19.05514944028655,50.106301275760316
2055,19.055139112495446,50.097304684908444
2056,19.05512878992698,50.08830808003856
2057,19.055118472577714,50.079311461149814
2058,19.055108160444213,50.07031482824141
2059,19.055097853523044,50.06131818131251
2060,19.055087551810782,50.05232152036232
2061,19.055077255304003,50.043324845390025
2062,19.05506696399928,50.0343281563948
2063,19.055056677893198,50.025331453375834
2064,19.055046396982345,50.01633473633234
2065,19.06783085562635,50.506628913665445
2066,19.067817971429452,50.49763294782343
2067,19.06780509379288,50.48863696800044
2068,19.067792222712285,50.479640974195604
2069,19.067779358183294,50.470644966408024
2070,19.067766500201557,50.461648944636835
2071,19.06775364876271,50.45265290888116
2072,19.06774080386241,50.443656859140134
2073,19.06772796549631,50.434660795412874
2074,19.067715133660066,50.4256647176985
2075,19.067702308349343,50.41666862599617
2076,19.067689489559807,50.407672520304985
2077,19.06767667728712,50.3986764006241
2078,19.06766387152697,50.38968026695264
2079,19.067651072275023,50.38068411928974
2080,19.067638279526964,50.37168795763454
2081,19.067625493278477,50.36269178198618
2082,19.067612713525257,50.3536955923438
2083,19.06759994026299,50.344699388706516
2084,19.067587173487382,50.33570317107351
2085,19.06757441319413,50.3267069394439
2086,19.067561659378935,50.31771069381684
2087,19.067548912037513,50.30871443419147
2088,19.067536171165575,50.29971816056697
2089,19.067523436758837,50.29072187294244
2090,19.06751070881302,50.281725571317054
2091,19.067497987323854,50.27272925568996
2092,19.06748527228706,50.263732926060335
2093,19.067472563698374,50.2547365824273
2094,19.06745986155353,50.245740224790026
2095,19.067447165848275,50.23674385314767
2096,19.06743447657835,50.227747467499384
2097,19.0674217937395,50.21875106784435
2098,19.06740911732748,50.2097546541817
2099,19.067396447338044,50.20075822651062
2100,19.067383783766957,50.19176178483026
2101,19.067371126609974,50.182765329139805
2102,19.06735847586287,50.17376885943839
2103,19.06734583152141,50.16477237572523
2104,19.067333193581376,50.15577587799944
2105,19.067320562038546,50.14677936626022
2106,19.067307936888696,50.13778284050675
2107,19.067295318127623,50.1287863007382
2108,19.067282705751104,50.119789746953735
2109,19.06727009975495,50.11079317915254
2110,19.067257500134943,50.10179659733379
2111,19.067244906886895,50.09280000149666
2112,19.06723232000661,50.083803391640345
2113,19.067219739489897,50.07480676776402
2114,19.06720716533257,50.065810129866854
2115,19.06719459753044,50.056813477948054
2116,19.067182036079338,50.04781681200681
2117,19.067169480975082,50.03882013204227
2118,19.067156932213503,50.02982343805367
2119,19.067144389790432,50.02082673004017
2120,19.080054942783587,50.51111913162028
2121,19.08003973424803,50.50212317523437
2122,19.080024533456903,50.49312720486699
2123,19.080009340405066,50.48413122051727
2124,19.079994155087363,50.47513522218432
2125,19.079978977498644,50.466139209867265
2126,19.07996380763377,50.45714318356523
2127,19.07994864548761,50.44814714327735
2128,19.079933491055034,50.43915108900275
2129,19.07991834433091,50.43015502074055
2130,19.07990320531012,50.42115893848988
2131,19.079888073987544,50.412162842249884
2132,19.07987295035807,50.403166732019685
2133,19.07985783441659,50.39417060779842
2134,19.079842726158006,50.38517446958522
2135,19.079827625577217,50.37617831737925
2136,19.079812532669123,50.36718215117959
2137,19.079797447428643,50.35818597098543
2138,19.079782369850694,50.3491897767959
2139,19.079767299930186,50.340193568610125
2140,19.079752237662053,50.33119734642725
2141,19.07973718304122,50.32220111024646
2142,19.07972213606262,50.31320486006686
2143,19.0797070967212,50.304208595887616
2144,19.079692065011898,50.295212317707865
2145,19.07967704092966,50.28621602552677
2146,19.07966202446944,50.27721971934347
2147,19.0796470156262,50.26822339915713
2148,19.079632014394893,50.25922706496691
2149,19.079617020770492,50.250230716771945
2150,19.079602034747964,50.24123435457142
2151,19.07958705632229,50.232237978364466
2152,19.07957208548844,50.223241588150245
2153,19.07955712224141,50.21424518392794
2154,19.079542166576186,50.20524876569671
2155,19.079527218487755,50.19625233345569
2156,19.079512277971126,50.1872558872041
2157,19.079497345021295,50.178259426941054
2158,19.079482419633273,50.169262952665754
2159,19.079467501802068,50.16026646437735
2160,19.0794525915227,50.15126996207502
2161,19.079437688790186,50.142273445757944
2162,19.079422793599555,50.1332769154253
2163,19.07940790594584,50.12428037107623
2164,19.079393025824068,50.11528381270994
2165,19.079378153229285,50.10628724032562
2166,19.079363288156532,50.09729065392241
2167,19.07934843060086,50.088294053499524
2168,19.079333580557314,50.07929743905613
2169,19.07931873802096,50.070300810591405
2170,19.07930390298685,50.061304168104556
2171,19.07928907545006,50.05230751159474
2172,19.079274255405657,50.04331084106117
2173,19.079259442848713,50.034314156503044
2174,19.07924463777431,50.025317457919506
2175,19.09226381365825,50.5066121148012
2176,19.092246288533627,50.49761615429749
2177,19.092228772332383,50.488620179810795
2178,19.092211265048583,50.47962419134023
2179,19.092193766676292,50.47062818888491
2180,19.09217627720958,50.46163217244398
2181,19.092158796642533,50.45263614201654
2182,19.092141324969226,50.44364009760174
2183,19.092123862183744,50.4346440391987
2184,19.09210640828019,50.42564796680654
2185,19.092088963252664,50.416651880424396
2186,19.09207152709526,50.40765578005141
2187,19.092054099802098,50.39865966568672
2188,19.09203668136729,50.389663537329454
2189,19.092019271784956,50.38066739497874
2190,19.092001871049224,50.37167123863373
2191,19.091984479154224,50.362675068293555
2192,19.091967096094095,50.35367888395737
2193,19.09194972186298,50.344682685624285
2194,19.091932356455022,50.335686473293485
2195,19.09191499986438,50.32669024696409
2196,19.091897652085205,50.317694006635264
2197,19.09188031311167,50.30869775230612
2198,19.091862982937936,50.29970148397585
2199,19.09184566155818,50.29070520164357
2200,19.091828348966587,50.28170890530847
2201,19.091811045157336,50.272712594969676
2202,19.091793750124612,50.26371627062634
2203,19.091776463862622,50.254719932277624
2204,19.09175918636556,50.245723579922696
2205,19.091741917627637,50.2367272135607
2206,19.09172465764306,50.227730833190805
2207,19.091707406406044,50.218734438812184
2208,19.091690163910815,50.209738030423956
2209,19.091672930151603,50.200741608025346
2210,19.091655705122633,50.19174517161549
2211,19.09163848881815,50.18274872119354
2212,19.091621281232385,50.17375225675869
2213,19.091604082359602,50.164755778310095
2214,19.09158689219404,50.15575928584693
2215,19.09156971072997,50.146762779368366
2216,19.09155253796165,50.13776625887358
2217,19.091535373883346,50.128769724361774
2218,19.091518218489337,50.119773175832066
2219,19.091501071773905,50.11077661328368
2220,19.091483933731325,50.10178003671578
2221,19.091466804355893,50.09278344612755
2222,19.091449683641905,50.08378684151816
2223,19.09143257158366,50.07479022288681
2224,19.091415468175462,50.06579359023268
2225,19.09139837341162,50.05679694355497
2226,19.091381287286456,50.04780028285285
2227,19.091364209794286,50.03880360812549
2228,19.091347140929436,50.02980691937212
2229,19.09133008068624,50.02081021659192
2230,19.10449020965456,50.511099765913684
2231,19.104470359017498,50.50210381568195
2232,19.104450518488697,50.49310785146642
2233,19.104430688061427,50.48411187326624
2234,19.104410867728976,50.47511588108049
2235,19.104391057484616,50.466119874908316
2236,19.104371257321645,50.45712385474885
2237,19.104351467233357,50.44812782060122
2238,19.104331687213058,50.439131772464535
2239,19.104311917254055,50.43013571033796
2240,19.104292157349658,50.421139634220594
2241,19.104272407493198,50.41214354411158
2242,19.104252667677994,50.403147440010066
2243,19.104232937897383,50.39415132191516
2244,19.1042132181447,50.38515518982602
2245,19.1041935084133,50.376159043741794
2246,19.104173808696522,50.36716288366159
2247,19.104154118987736,50.35816670958459
2248,19.104134439280298,50.34917052150991
2249,19.10411476956758,50.34017431943668
2250,19.104095109842955,50.331178103364074
2251,19.104075460099814,50.322181873291235
2252,19.104055820331535,50.313185629217294
2253,19.104036190531513,50.30418937114141
2254,19.104016570693155,50.295193099062736
2255,19.10399696080986,50.286196812980435
2256,19.103977360875042,50.277200512893636
2257,19.10395777088212,50.26820419880153
2258,19.103938190824515,50.259207870703214
2259,19.103918620695662,50.2502115285979
2260,19.103899060488995,50.241215172484736
2261,19.103879510197952,50.23221880236287
2262,19.10385996981599,50.223222418231465
2263,19.103840439336555,50.214226020089704
2264,19.103820918753108,50.205229607936715
2265,19.103801408059116,50.196233181771696
2266,19.103781907248052,50.18723674159381
2267,19.10376241631339,50.178240287402204
2268,19.103742935248615,50.16924381919608
2269,19.10372346404722,50.16024733697458
2270,19.1037040027027,50.15125084073689
2271,19.103684551208552,50.142254330482196
2272,19.103665109558285,50.133257806209656
2273,19.10364567774542,50.12426126791844
2274,19.10362625576346,50.11526471560774
2275,19.10360684360594,50.10626814927676
2276,19.10358744126639,50.09727156892463
2277,19.10356804873835,50.088274974550565
2278,19.103548666015357,50.07927836615374
2279,19.10352929309096,50.07028174373335
2280,19.10350992995872,50.06128510728856
2281,19.103490576612185,50.05228845681857
2282,19.10347123304493,50.043291792322584
2283,19.103451899250526,50.034295113799786
2284,19.103432575222552,50.02529842124933
2285,19.116718922230618,50.515586127961576
2286,19.11669674490218,50.50659018841036
2287,19.116674578867666,50.49759423487437
2288,19.116652424119565,50.48859826735277
2289,19.116630280650362,50.479602285844656
2290,19.116608148452556,50.47060629034915
2291,19.116586027518643,50.46161028086542
2292,19.116563917841138,50.45261425739255
2293,19.116541819412554,50.44361821992969
2294,19.116519732225413,50.434622168475975
2295,19.11649765627225,50.42562610303052
2296,19.116475591545598,50.41663002359247
2297,19.116453538038,50.40763393016094
2298,19.116431495742017,50.39863782273511
2299,19.11640946465019,50.389641701314076
2300,19.11638744475509,50.38064556589698
2301,19.116365436049293,50.37164941648299
2302,19.11634343852537,50.36265325307123
2303,19.116321452175903,50.35365707566084
2304,19.116299476993493,50.34466088425096
2305,19.11627751297073,50.33566467884075
2306,19.11625556010022,50.32666845942936
2307,19.11623361837458,50.317672226015915
2308,19.116211687786418,50.30867597859958
2309,19.116189768328372,50.29967971717951
2310,19.11616785999306,50.290683441754844
2311,19.11614596277313,50.28168715232475
2312,19.11612407666122,50.27269084888839
2313,19.116102201649987,50.26369453144489
2314,19.11608033773209,50.25469819999343
2315,19.11605848490019,50.24570185453317
2316,19.116036643146963,50.23670549506326
2317,19.116014812465085,50.227709121582876
2318,19.11599299284724,50.218712734091184
2319,19.115971184286124,50.20971633258732
2320,19.11594938677443,50.20071991707048
2321,19.115927600304868,50.19172348753981
2322,19.11590582487015,50.1827270439945
2323,19.11588406046299,50.1737305864337
2324,19.115862307076114,50.1647341148566
2325,19.115840564702257,50.15573762926236
2326,19.115818833334156,50.14674112965016
2327,19.115797112964554,50.137744616019184
2328,19.115775403586202,50.12874808836859
2329,19.11575370519186,50.11975154669757
2330,19.11573201777429,50.1107549910053
2331,19.11571034132627,50.10175842129095
2332,19.115688675840573,50.09276183755374
2333,19.115667021309978,50.08376523979282
2334,19.115645377727287,50.07476862800738
2335,19.115623745085287,50.06577200219661
2336,19.11560212337679,50.0567753623597
2337,19.115580512594597,50.04777870849584
2338,19.115558912731533,50.03878204060421
2339,19.12894995137929,50.520071200334655
2340,19.12892544618055,50.511075271872684
2341,19.128900953462185,50.50207932942484
2342,19.12887647321589,50.49308337299027
2343,19.12885200543336,50.48408740256809
2344,19.128827550106305,50.475091418157426
2345,19.128803107226435,50.46609541975738
2346,19.128778676785473,50.457099407367124
2347,19.12875425877515,50.448103380985756
2348,19.128729853187203,50.439107340612416
2349,19.12870546001337,50.43011128624624
2350,19.12868107924541,50.42111521788637
2351,19.12865671087508,50.41211913553191
2352,19.128632354894144,50.403123039182034
2353,19.128608011294382,50.39412692883585
2354,19.12858368006757,50.385130804492505
2355,19.1285593612055,50.37613466615116
2356,19.128535054699974,50.367138513810936
2357,19.128510760542785,50.358142347470974
2358,19.12848647872575,50.34914616713044
2359,19.12846220924069,50.34014997278847
2360,19.128437952079437,50.331153764444174
2361,19.128413707233815,50.32215754209677
2362,19.12838947469567,50.31316130574536
2363,19.128365254456853,50.30416505538911
2364,19.128341046509217,50.29516879102717
2365,19.12831685084463,50.2861725126587
2366,19.12829266745496,50.27717622028285
2367,19.128268496332087,50.26817991389877
2368,19.128244337467898,50.259183593505625
2369,19.128220190854286,50.2501872591026
2370,19.12819605648315,50.24119091068881
2371,19.128171934346405,50.23219454826345
2372,19.128147824435956,50.223198171825665
2373,19.128123726743738,50.21420178137464
2374,19.12809964126167,50.205205376909525
2375,19.128075567981703,50.19620895842949
2376,19.12805150689577,50.18721252593372
2377,19.128027457995827,50.17821607942137
2378,19.12800342127384,50.16921961889161
2379,19.127979396721766,50.16022314434362
2380,19.127955384331585,50.151226655776576
2381,19.12793138409528,50.142230153189644
2382,19.12790739600484,50.133233636582034
2383,19.127883420052257,50.12423710595288
2384,19.127859456229537,50.115240561301384
2385,19.12783550452869,50.10624400262674
2386,19.127811564941737,50.0972474299281
2387,19.127787637460703,50.08825084320467
2388,19.127763722077614,50.079254242455654
2389,19.127739818784516,50.0702576276802
2390,19.12771592757346,50.0612609988775
2391,19.127692048436483,50.05226435604677
2392,19.127668181365667,50.04326769918719
2393,19.127644326353067,50.03427102829796
2394,19.141183297092653,50.52455498242266
2395,19.141156462844688,50.515559065458916
2396,19.141129642264335,50.50656313450806
2397,19.14110283534249,50.4975671895692
2398,19.14107604207006,50.48857123064147
2399,19.14104926243797,50.479575257723965
2400,19.14102249643713,50.47057927081587
2401,19.14099574405849,50.461583269916254
2402,19.14096900529298,50.45258725502429
2403,19.14094228013155,50.44359122613909
2404,19.140915568565163,50.43459518325978
2405,19.14088887058478,50.42559912638553
2406,19.140862186181376,50.416603055515424
2407,19.140835515345938,50.40760697064863
2408,19.14080885806945,50.39861087178429
2409,19.140782214342916,50.389614758921546
2410,19.140755584157343,50.380618632059495
2411,19.14072896750374,50.371622491197336
2412,19.14070236437314,50.36262633633419
2413,19.14067577475657,50.35363016746919
2414,19.140649198645065,50.34463398460151
2415,19.140622636029683,50.33563778773027
2416,19.14059608690148,50.32664157685465
2417,19.14056955125151,50.317645351973766
2418,19.14054302907085,50.30864911308679
2419,19.140516520350587,50.29965286019286
2420,19.140490025081807,50.29065659329116
2421,19.140463543255606,50.28166031238082
2422,19.140437074863087,50.27266401746101
2423,19.140410619895366,50.26366770853088
2424,19.140384178343567,50.2546713855896
2425,19.140357750198813,50.24567504863633
2426,19.14033133545225,50.23667869767022
2427,19.140304934095013,50.227682332690456
2428,19.14027854611826,50.21868595369619
2429,19.14025217151316,50.20968956068658
2430,19.140225810270877,50.200693153660815
2431,19.140199462382586,50.19169673261805
2432,19.14017312783948,50.182700297557474
2433,19.140146806632742,50.17370384847822
2434,19.140120498753582,50.164707385379515
2435,19.14009420419321,50.155710908260495
2436,19.140067922942844,50.14671441712035
2437,19.140041654993706,50.13771791195827
2438,19.14001540033703,50.12872139277342
2439,19.139989158964067,50.119724859564975
2440,19.139962930866055,50.11072831233213
2441,19.139936716034256,50.101731751074055
2442,19.139910514459935,50.092735175789954
2443,19.139884326134364,50.083738586479
2444,19.139858151048834,50.074741983140385
2445,19.139831989194622,50.06574536577328
2446,19.13980584056303,50.056748734376924
2447,19.139779705145365,50.04775208895045
2448,19.139753582932943,50.03875542949308
2449,19.15341895936199,50.52903747361529
2450,19.15338979488589,50.520041568559016
2451,19.153360645265415,50.51104564951421
2452,19.153331510490677,50.50204971647995
2453,19.153302390551787,50.493053769455415
2454,19.153273285438875,50.48405780843972
2455,19.153244195142076,50.47506183343198
2456,19.15321511965153,50.46606584443131
2457,19.15318605895739,50.45706984143688
2458,19.153157013049825,50.448073824447796
2459,19.153127981918992,50.4390777934632
2460,19.15309896555508,50.430081748482216
2461,19.15306996394828,50.42108568950399
2462,19.15304097708878,50.412089616527666
2463,19.153012004966794,50.40309352955238
2464,19.152983047572533,50.39409742857724
2465,19.15295410489622,50.38510131360143
2466,19.152925176928097,50.376105184624095
2467,19.152896263658395,50.367109041644326
2468,19.152867365077373,50.35811288466133
2469,19.152838481175287,50.34911671367422
2470,19.15280961194241,50.34012052868217
2471,19.152780757369015,50.33112432968429
2472,19.152751917445393,50.32212811667978
2473,19.152723092161835,50.31313188966775
2474,19.15269428150865,50.304135648647375
2475,19.15266548547615,50.29513939361781
2476,19.152636704054654,50.28614312457821
2477,19.152607937234492,50.277146841527724
2478,19.15257918500601,50.268150544465534
2479,19.152550447359552,50.25915423339077
2480,19.152521724285478,50.25015790830262
2481,19.152493015774155,50.24116156920024
2482,19.15246432181595,50.23216521608277
2483,19.152435642401255,50.22316884894943
2484,19.152406977520457,50.21417246779934
2485,19.152378327163962,50.20517607263169
2486,19.152349691322176,50.19617966344564
2487,19.152321069985515,50.18718324024038
2488,19.152292463144416,50.178186803015066
2489,19.15226387078931,50.169190351768876
2490,19.152235292910635,50.16019388650099
2491,19.152206729498854,50.151197407210574
2492,19.152178180544425,50.142200913896815
2493,19.152149646037817,50.13320440655891
2494,19.152121125969515,50.12420788519601
2495,19.15209262033,50.11521134980732
2496,19.15206412910977,50.10621480039201
2497,19.152035652299336,50.09721823694927
2498,19.152007189889208,50.088221659478286
2499,19.151978741869904,50.07922506797825
2500,19.151950308231967,50.07022846244835
2501,19.151921888965926,50.06123184288778
2502,19.15189348406233,50.052235209295716
2503,19.15186509351174,50.04323856167137
2504,19.16565693817779,50.533518673302304
2505,19.165625442294647,50.52452278056295
2506,19.165593962455937,50.51552687383346
2507,19.165562498650967,50.50653095311297
2508,19.16553105086906,50.49753501840062
2509,19.16549961909956,50.488539069695534
2510,19.165468203331805,50.47954310699683
2511,19.165436803555146,50.470547130303636
2512,19.165405419758947,50.461551139615096
2513,19.165374051932588,50.45255513493034
2514,19.16534270006544,50.4435591162485
2515,19.165311364146906,50.434563083568705
2516,19.16528004416638,50.42556703689011
2517,19.165248740113277,50.41657097621183
2518,19.16521745197702,50.407574901533
2519,19.16518617974704,50.39857881285281
2520,19.16515492341277,50.38958271017035
2521,19.165123682963674,50.380586593484786
2522,19.1650924583892,50.37159046279526
2523,19.165061249678825,50.36259431810093
2524,19.165030056822026,50.35359815940093
2525,19.16499887980829,50.3446019866944
2526,19.16496771862712,50.335605799980506
2527,19.16493657326802,50.32660959925841
2528,19.164905443720507,50.31761338452722
2529,19.16487432997411,50.30861715578616
2530,19.16484323201837,50.29962091303434
2531,19.164812149842824,50.29062465627091
2532,19.16478108343704,50.28162838549505
2533,19.164750032790568,50.27263210070593
2534,19.164718997892997,50.26363580190268
2535,19.164687978733905,50.25463948908448
2536,19.164656975302886,50.2456431622505
2537,19.16462598758954,50.2366468213999
2538,19.164595015583494,50.227650466531855
2539,19.16456405927435,50.21865409764551
2540,19.164533118651754,50.20965771474005
2541,19.164502193705346,50.200661317814664
2542,19.164471284424767,50.19166490686849
2543,19.164440390799687,50.18266848190072
2544,19.164409512819773,50.17367204291052
2545,19.1643786504747,50.16467558989709
2546,19.16434780375416,50.155679122859574
2547,19.16431697264785,50.14668264179717
2548,19.164286157145476,50.13768614670907
2549,19.164255357236755,50.12868963759444
2550,19.16422457291141,50.11969311445247
2551,19.164193804159183,50.11069657728234
2552,19.164163050969808,50.10170002608323
2553,19.16413231333305,50.09270346085434
2554,19.16410159123866,50.083706881594864
2555,19.164070884676416,50.07471028830396
2556,19.1640401936361,50.06571368098085
2557,19.164009518107505,50.05671705962474
2558,19.163978858080426,50.047720424234775
2559,19.177863405060673,50.52900270086065
2560,19.17782959382561,50.520006806856024
2561,19.177795799813083,50.511010898858665
2562,19.17776202301162,50.50201497686771
2563,19.177728263409765,50.493019040882295
2564,19.17769452099607,50.48402309090154
2565,19.177660795759095,50.475027126924566
2566,19.17762708768742,50.4660311489505
2567,19.17759339676962,50.45703515697852
2568,19.177559722994292,50.448039151007706
2569,19.17752606635004,50.43904313103724
2570,19.177492426825484,50.43004709706623
2571,19.177458804409245,50.42105104909382
2572,19.17742519908996,50.412054987119156
2573,19.177391610856272,50.40305891114139
2574,19.177358039696838,50.394062821159636
2575,19.17732448560033,50.385066717173075
2576,19.17729094855542,50.376070599180835
2577,19.177257428550796,50.36707446718205
2578,19.17722392557516,50.35807832117588
2579,19.177190439617217,50.3490821611615
2580,19.177156970665685,50.340085987138025
2581,19.17712351870929,50.33108979910461
2582,19.177090083736783,50.322093597060444
2583,19.1770566657369,50.31309738100464
2584,19.177023264698406,50.304101150936376
2585,19.176989880610073,50.29510490685481
2586,19.176956513460674,50.2861086487591
2587,19.176923163239007,50.277112376648404
2588,19.17688982993387,50.2681160905219
2589,19.176856513534073,50.25911979037871
2590,19.17682321402844,50.25012347621805
2591,19.176789931405796,50.24112714803908
2592,19.176756665654988,50.23213080584092
2593,19.176690184724286,50.21413807938383
2594,19.17665696952213,50.205141695123224
2595,19.176623771147273,50.19614529684014
2596,19.17659058958861,50.187148884533784
2597,19.17655742483504,50.17815245820328
2598,19.17652427687548,50.16915601784784
2599,19.176491145698847,50.16015956346663
2600,19.17645803129408,50.15116309505884
2601,19.17642493365011,50.142166612623626
2602,19.176391852755902,50.133170116160215
2603,19.176358788600407,50.12417360566775
2604,19.176325741172608,50.11517708114544
2605,19.176292710461485,50.10618054259246
2606,19.176259696456025,50.09718399000799
2607,19.17622669914524,50.088187423391254
2608,19.17619371851813,50.07919084274141
2609,19.176160754563732,50.07019424805766
2610,19.176127807271065,50.061197639339206
2611,19.19010368317288,50.53348132884207
2612,19.190067539363366,50.52448544797206
2613,19.19003141396596,50.515489553107436
2614,19.189995306968406,50.50649364424733
2615,19.189959218358442,50.49749772139086
2616,19.189923148123835,50.48850178453716
2617,19.189887096252352,50.47950583368538
2618,19.189851062731783,50.470509868834654
2619,19.189815047549914,50.4615138899841
2620,19.189779050694554,50.45251789713284
2621,19.18974307215351,50.443521890280046
2622,19.189707111914622,50.43452586942483
2623,19.189671169965717,50.425529834566355
2624,19.189635246294653,50.41653378570374
2625,19.189599340889284,50.40753772283613
2626,19.189563453737485,50.3985416459627
2627,19.189527584827136,50.38954555508256
2628,19.189491734146134,50.38054945019486
2629,19.189455901682383,50.37155333129878
2630,19.189420087423795,50.36255719839343
2631,19.1893842913583,50.35356105147798
2632,19.18934851347384,50.34456489055159
2633,19.18931275375835,50.3355687156134
2634,19.189277012199806,50.32657252666258
2635,19.18924128878617,50.317576323698255
2636,19.189205583505423,50.30858010671961
2637,19.18916989634556,50.2995838757258
2638,19.189134227294588,50.29058763071598
2639,19.18909857634052,50.281591371689316
2640,19.189062943471374,50.272595098644985
2641,19.1890273286752,50.26359881158212
2642,19.188991731940032,50.254602510499915
2643,19.188956153253937,50.24560619539752
2644,19.18892059260498,50.2366098662741
2645,19.188885049981245,50.22761352312885
2646,19.188814018761803,50.2096207947695
2647,19.188778530142315,50.200624409553754
2648,19.188743059500474,50.19162801031285
2649,19.188707606824416,50.18263159704597
2650,19.18867217210228,50.17363516975228
2651,19.188636755322232,50.164638728431
2652,19.188601356472432,50.15564227308128
2653,19.188565975541056,50.14664580370229
2654,19.1885306125163,50.13764932029324
2655,19.188495267386354,50.12865282285332
2656,19.188459940139428,50.11965631138168
2657,19.18842463076375,50.110659785877544
2658,19.18838933924754,50.10166324634008
2659,19.18835406557905,50.092666692768496
2660,19.188318809746523,50.083670125161966
2661,19.18828357173823,50.074673543519694
2662,19.188248351542438,50.065676947840856
2663,19.188213149147433,50.0566803381247
2664,19.202307799057326,50.52896279657174
2665,19.202269341097743,50.519966915249675
2666,19.202230902727567,50.51097101993009
2667,19.202192483933754,50.501975110612086
2668,19.202154084703277,50.49297918729485
2669,19.202115705023107,50.48398324997746
2670,19.20207734488024,50.474987298659094
2671,19.202039004261678,50.46599133333885
2672,19.202000683154434,50.45699535401591
2673,19.20196238154554,50.44799936068938
2674,19.201924099422023,50.4390033533584
2675,19.201885836770945,50.43000733202212
2676,19.201847593579362,50.421011296679666
2677,19.20180936983435,50.412015247330224
2678,19.20177116552299,50.4030191839729
2679,19.201732980632386,50.394023106606845
2680,19.201694815149647,50.38502701523121
2681,19.201656669061894,50.37603090984517
2682,19.201618542356254,50.36703479044783
2683,19.201580435019874,50.358038657038385
2684,19.20154234703992,50.34904250961597
2685,19.201504278403547,50.34004634817974
2686,19.20146622909794,50.33105017272882
2687,19.201428199110293,50.32205398326242
2688,19.20139018842781,50.313057779779676
2689,19.201352197037696,50.304061562279756
2690,19.201314224927184,50.29506533076181
2691,19.201276272083522,50.286069085224995
2692,19.201238338493944,50.27707282566849
2693,19.201200424145718,50.26807655209147
2694,19.20116252902612,50.259080264493065
2695,19.201124653122427,50.25008396287248
2696,19.201086796421947,50.24108764722888
2697,19.20104895891198,50.23209131756142
2698,19.2008978005238,50.19610585863649
2699,19.200860058776428,50.187109458837384
2700,19.200822336143652,50.17811304500947
2701,19.20078463261287,50.16911661715195
2702,19.20074694817148,50.160120175263984
2703,19.200709282806894,50.15112371934477
2704,19.200671636506534,50.14212724939348
2705,19.200634009257833,50.13313076540932
2706,19.20059640104824,50.12413426739146
2707,19.200558811865207,50.1151377553391
2708,19.200521241696208,50.106141229251435
2709,19.20048369052872,50.09714468912763
2710,19.200446158350235,50.08814813496689
2711,19.200408645148254,50.07915156676842
2712,19.200371150910293,50.07015498453141
2713,19.200333675623874,50.061158388255066
2714,19.214509581195763,50.5244429846758
2715,19.21446881027646,50.515447103306606
2716,19.21442806012307,50.50645120793685
2717,19.214387330721767,50.49745529856563
2718,19.21434662205874,50.488459375192086
2719,19.21430593412019,50.47946343781536
2720,19.214265266892326,50.47046748643459
2721,19.214224620361367,50.46147152104891
2722,19.214183994513558,50.45247554165745
2723,19.214143389335142,50.44347954825936
2724,19.21410280481238,50.4344835408538
2725,19.214062240931554,50.42548751943988
2726,19.214021697678945,50.41649148401676
2727,19.213981175040853,50.4074954345836
2728,19.213940673003588,50.398499371139536
2729,19.213900191553474,50.38950329368371
2730,19.21385973067686,50.38050720221527
2731,19.213819290360075,50.371511096733386
2732,19.213778870589497,50.362514977237204
2733,19.213738471351494,50.35351884372589
2734,19.213698092632455,50.34452269619856
2735,19.213657734418778,50.3355265346544
2736,19.213617396696872,50.326530359092594
2737,19.213577079453163,50.31753416951224
2738,19.21353678267409,50.30853796591254
2739,19.2134965063461,50.299541748292675
2740,19.213456250455653,50.29054551665176
2741,19.21341601498922,50.28154927098898
2742,19.213375799933296,50.27255301130353
2743,19.213335605274374,50.26355673759454
2744,19.213295430998958,50.25456044986119
2745,19.213255277093577,50.24556414810267
2746,19.21321514354477,50.23656783231812
2747,19.213014780678844,50.19158604297633
2748,19.21297476898737,50.18258964301842
2749,19.21293477755855,50.173593229028704
2750,19.212894806379026,50.16459680100642
2751,19.212854855435435,50.155600358950736
2752,19.212814924714433,50.14660390286083
2753,19.212775014202688,50.137607432735905
2754,19.21273512388689,50.128610948575144
2755,19.212695253753726,50.11961445037771
2756,19.212655403789903,50.11061793814282
2757,19.212615573982134,50.10162141186967
2758,19.212575764317158,50.092624871557454
2759,19.212535974781705,50.08362831720535
2760,19.212496205362537,50.07463174881257
2761,19.212456456046418,50.0656351663783
2762,19.212416726820123,50.05663856990176
2763,19.22670902960165,50.51992189376753
2764,19.226665946912966,50.510926012755974
2765,19.226622886165902,50.5019301177406
2766,19.226579847345864,50.49293420872057
2767,19.22653683043825,50.483938285695004
2768,19.22649383542848,50.47494234866304
2769,19.22645086230199,50.46594639762383
2770,19.226407911044227,50.45695043257651
2771,19.226364981640643,50.44795445352021
2772,19.226322074076712,50.438958460454074
2773,19.226279188337923,50.429962453377264
2774,19.226236324409776,50.420966432288914
2775,19.22619348227778,50.411970397188185
2776,19.22615066192746,50.402974348074224
2777,19.22610786334436,50.39397828494616
2778,19.226065086514023,50.38498220780315
2779,19.226022331422026,50.37598611664437
2780,19.225979598053932,50.36699001146895
2781,19.22593688639535,50.357993892276056
2782,19.225894196431874,50.34899775906486
2783,19.225851528149118,50.34000161183449
2784,19.225808881532725,50.33100545058412
2785,19.22576625656833,50.32200927531293
2786,19.225723653241594,50.31301308602005
2787,19.225681071538187,50.30401688270466
2788,19.22563851144379,50.295020665365925
2789,19.225595972944102,50.286024434003004
2790,19.22555345602483,50.277028188615084
2791,19.2255109606717,50.26803192920132
2792,19.225468486870444,50.25903565576087
2793,19.2250871901463,50.17806856346055
2794,19.2250449310821,50.169072149708086
2795,19.225002693413717,50.16007572191991
2796,19.22496047712705,50.15107928009523
2797,19.22491828220799,50.14208282423321
2798,19.224876108642462,50.13308635433307
2799,19.22483395641639,50.12408987039395
2800,19.224791825515723,50.1150933724151
2801,19.224749715926407,50.10609686039568
2802,19.224707627634416,50.097100334334904
2803,19.224665560625724,50.08810379423194
2804,19.22458149040223,50.07011067189632
2805,19.224539487159454,50.06111408966204
2806,19.23895156068891,50.524395390703454
2807,19.23890614428922,50.51539952446029
2808,19.238860751021477,50.50640364421083
2809,19.238815380870278,50.497407749954206
2810,19.238770033820238,50.48841184168954
2811,19.238724709855983,50.47941591941598
2812,19.238679408962152,50.470419983132665
2813,19.2386341311234,50.46142403283874
2814,19.238588876324393,50.452428068533344
2815,19.238543644549818,50.44343209021562
2816,19.238498435784365,50.434436097884735
2817,19.238453250012753,50.42544009153981
2818,19.2384080872197,50.41644407118001
2819,19.238362947389945,50.40744803680449
2820,19.238317830508244,50.39845198841238
2821,19.23827273655936,50.389455926002846
2822,19.238227665528072,50.38045984957503
2823,19.23818261739918,50.37146375912813
2824,19.238137592157486,50.362467654661245
2825,19.238092589787815,50.35347153617357
2826,19.238047610275,50.344475403664255
2827,19.238002653603893,50.33547925713246
2828,19.237957719759358,50.32648309657737
2829,19.23791280872627,50.31748692199811
2830,19.237867920489524,50.30849073339386
2831,19.23782305503402,50.2994945307638
2832,19.23777821234468,50.2904983141071
2833,19.237733392406433,50.281502083422886
2834,19.237688595204226,50.27250583871039
2835,19.237643820723026,50.26350957996874
2836,19.237599068947798,50.25451330719712
2837,19.23719732226697,50.1735462207684
2838,19.23715279672803,50.16454980765198
2839,19.237108293730675,50.15555338049657
2840,19.237063813260036,50.14655693930138
2841,19.23701935530127,50.13756048406561
2842,19.236974919839536,50.12856401478844
2843,19.236930506860016,50.119567531469066
2844,19.236886116347893,50.11057103410668
2845,19.236841748288384,50.10157452270048
2846,19.236664500280934,50.065588336621595
2847,19.251196403523213,50.52886759350497
2848,19.25114865223683,50.519871742440664
2849,19.25110092527349,50.510875877367404
2850,19.251053222617006,50.501879998284295
2851,19.25100554425119,50.49288410519049
2852,19.250957890159874,50.48388819808515
2853,19.250910260326904,50.47489227696739
2854,19.25086265473615,50.46589634183637
2855,19.250815073371484,50.45690039269124
2856,19.250767516216793,50.44790442953112
2857,19.250719983255994,50.438908452355186
2858,19.250672474473,50.429912461162566
2859,19.250624989851747,50.42091645595242
2860,19.250577529376194,50.41192043672392
2861,19.250530093030296,50.4029244034762
2862,19.250482680798036,50.393928356208384
2863,19.250435292663415,50.38493229491967
2864,19.250387928610433,50.375936219609216
2865,19.25034058862312,50.36694013027615
2866,19.25029327268551,50.35794402691966
2867,19.25024598078166,50.3489479095389
2868,19.25019871289564,50.33995177813301
2869,19.25015146901152,50.33095563270119
2870,19.25010424911341,50.32195947324259
2871,19.25005705318541,50.312963299756376
2872,19.250009881211657,50.30396711224171
2873,19.249962733176286,50.294970910697764
2874,19.249915609063446,50.28597469512372
2875,19.249868508857315,50.27697846551874
2876,19.24982143254207,50.267982221882
2877,19.24977438010191,50.25898596421267
2878,19.249258374510834,50.16002620346475
2879,19.24921160734437,50.15102977734054
2880,19.24916486384887,50.14203333717312
2881,19.249118144008726,50.13303688296172
2882,19.249071447808358,50.1240404147055
2883,19.26344355808874,50.5333385015627
2884,19.26339347073998,50.52434266608791
2885,19.263343408906152,50.51534681660134
2886,19.26329337257026,50.506350953102114
2887,19.263243361715332,50.4973550755894
2888,19.2631933763244,50.48835918406231
2889,19.26314341638052,50.47936327851999
2890,19.263093481866758,50.470367358961624
2891,19.263043572766204,50.46137142538631
2892,19.262993689061954,50.45237547779323
2893,19.26294383073713,50.44337951618152
2894,19.262893997774857,50.434383540550314
2895,19.26284419015828,50.4253875508988
2896,19.26279440787057,50.4163915472261
2897,19.2627446508949,50.407395529531385
2898,19.262694919214457,50.39839949781381
2899,19.26264521281246,50.389403452072536
2900,19.262595531672126,50.38040739230671
2901,19.26254587577669,50.37141131851549
2902,19.262496245109418,50.36241523069806
2903,19.26244663965357,50.35341912885357
2904,19.262397059392434,50.344423012981174
2905,19.26234750430931,50.33542688308004
2906,19.262297974387515,50.32643073914935
2907,19.262248469610373,50.317434581188266
2908,19.262198989961238,50.308438409195944
2909,19.262149535423465,50.29944222317158
2910,19.262100105980434,50.29044602311432
2911,19.262050701615536,50.28144980902336
2912,19.26200132231217,50.27245358089787
2913,19.26195196805377,50.263457338737005
2914,19.261902638823763,50.25446108253996
2915,19.26126362890876,50.13750847431436
2916,19.275640599782076,50.52881229479285
2917,19.275588201902877,50.51981646130372
2918,19.27553583071348,50.51082061379897
2919,19.275483486196116,50.50182475227774
2920,19.27543116833302,50.49282887673919
2921,19.275378877106462,50.48383298718245
2922,19.27532661249871,50.47483708360667
2923,19.275274374492056,50.465841166011
2924,19.275222163068815,50.45684523439459
2925,19.275169978211302,50.4478492887566
2926,19.275117819901865,50.43885332909617
2927,19.275065688122858,50.429857355412445
2928,19.275013582856655,50.42086136770461
2929,19.274961504085642,50.411865365971785
2930,19.27490945179223,50.402869350213166
2931,19.27485742595883,50.39387332042787
2932,19.27480542656789,50.3848772766151
2933,19.274753453601857,50.375881218774
2934,19.274701507043204,50.36688514690371
2935,19.274649586874414,50.357889061003426
2936,19.27459769307799,50.348892961072316
2937,19.274545825636444,50.33989684710953
2938,19.274493984532317,50.330900719114226
2939,19.274442169748156,50.321904577085604
2940,19.27439038126652,50.31290842102281
2941,19.274338619069997,50.30391225092504
2942,19.274286883141183,50.29491606679145
2943,19.274235173462692,50.285919868621214
2944,19.274183490017144,50.27692365641353
2945,19.274131832787194,50.26792743016756
2946,19.2740802017555,50.258931189882475
2947,19.28789003934571,50.533280627946304
2948,19.287835304246276,50.52428481086558
2949,19.28778059702929,50.51528897976612
2950,19.287725917676184,50.50629313464706
2951,19.287452938220103,50.46131369872789
2952,19.287398425661262,50.45231776947333
2953,19.287343940836795,50.44332182619323
2954,19.28728948372826,50.434325868886724
2955,19.28723505431724,50.425329897553
2956,19.287180652585338,50.41633391219117
2957,19.28712627851417,50.407337912800436
2958,19.287071932085368,50.39834189937995
2959,19.287017613280586,50.38934587192887
2960,19.286963322081483,50.380349830446335
2961,19.286909058469753,50.37135377493155
2962,19.286854822427088,50.362357705383666
2963,19.28680061393521,50.35336162180184
2964,19.286746432975853,50.34436552418524
2965,19.286692279530765,50.33536941253306
2966,19.286638153581713,50.32637328684446
2967,19.28658405511048,50.317377147118606
2968,19.286529984098877,50.308380993354675
2969,19.286475940528707,50.29938482555185
2970,19.28642192438181,50.2903886437093
2971,19.286367935640033,50.28139244782619
2972,19.28631397428525,50.272396237901745
2973,19.286260040299336,50.263400013935104
2974,19.286206133664198,50.25440377592547
2975,19.300084715918178,50.52875186467799
2976,19.300027671499535,50.519756050394854
2977,19.299515576956466,50.438793090714974
2978,19.299402096376,50.42080116758335
2979,19.299288731174123,50.40280918832301
2980,19.299232091792273,50.393813177642464
2981,19.299175481197658,50.38481715292725
2982,19.299118899371166,50.3758211141765
2983,19.299062346293717,50.366825061389406
2984,19.29900582194624,50.357828994565125
2985,19.298949326309685,50.348832913702836
2986,19.298892859365022,50.3398368188017
2987,19.298836421093238,50.330840709860894
2988,19.298780011475326,50.32184458687961
2989,19.298723630492315,50.31284844985699
2990,19.298667278125233,50.30385229879226
2991,19.29861095435514,50.29485613368455
2992,19.298554659163102,50.28585995453307
2993,19.298498392530213,50.27686376133699
2994,19.298442154437577,50.26786755409551
2995,19.29838594486631,50.25887133280777
2996,19.312277054105245,50.52422182507643
2997,19.311448862084244,50.398279193150394
2998,19.311389930931675,50.389283185611404
2999,19.311331029728755,50.38028716403349
3000,19.311272158455626,50.37129112841582
3001,19.31121331709242,50.362295078757555
3002,19.31115450561931,50.353299015057885
3003,19.311095724016475,50.34430293731595
3004,19.311036972264123,50.33530684553097
3005,19.31097825034247,50.32631073970211
3006,19.310919558231745,50.31731461982852
3007,19.310860895912217,50.30831848590941
3008,19.310802263364145,50.29932233794395
3009,19.310743660567834,50.29032617593133
3010,19.310685087503586,50.28132999987071
3011,19.31062654415173,50.27233380976131
3012,19.310568030492608,50.26333760560229
3013,19.310509546506584,50.25434138739284
3014,19.323606671264045,50.393747927893514
3015,19.323545449523056,50.38475192389744
3016,19.323484258893362,50.37575590585804
3017,19.32342309935432,50.3667598737745
3018,19.323361970885305,50.35776382764599
3019,19.323300873465726,50.348767767471685
3020,19.32323980707499,50.33977169325074
3021,19.32317877169254,50.33077560498238
3022,19.323117767297827,50.321779502665756
3023,19.32305679387032,50.31278338630005
3024,19.322995851389525,50.30378725588445
3025,19.322934939834933,50.29479111141815
3026,19.322874059186095,50.28579495290031
3027,19.322813209422538,50.276798780330154
3028,19.322752390523846,50.26780259370684
3029,19.322691602469593,50.25880639302956
3030,19.335825702174503,50.398211379168266
3031,19.335762158733818,50.389215393163276
3032,19.335698647586696,50.38021939311124
3033,19.335635168711722,50.37122337901134
3034,19.335571722087483,50.36222735086275
3035,19.335508307692592,50.35323130866469
3036,19.33544492550568,50.34423525241627
3037,19.335381575505405,50.33523918211671
3038,19.33531825767043,50.32624309776521
3039,19.335254971979452,50.31724699936092
3040,19.33519171841118,50.30825088690301
3041,19.33512849694434,50.299254760390724
3042,19.335065307557684,50.29025861982322
3043,19.33500215022998,50.28126246519967
3044,19.334939024940013,50.272266296519305
3045,19.334875931666595,50.26327011378128
3046,19.347981157339987,50.393677571225886
3047,19.347915324514602,50.38468158957052
3048,19.347849525143623,50.37568559386343
3049,19.347783759204848,50.366689584103796
3050,19.347718026676105,50.35769356029078
3051,19.347652327535247,50.34869752242359
3052,19.34758666176013,50.33970147050138
3053,19.34752102932865,50.33070540452335
3054,19.347455430218712,50.321709324488694
3055,19.347389864408242,50.31271323039658
3056,19.34732433187519,50.30371712224624
3057,19.347258832597525,50.29472100003681
3058,19.34719336655323,50.285724863767506
3059,19.347127933720312,50.27672871343753
3060,19.34706253407681,50.26773254904605
3061,19.360134289655274,50.389142494631045
3062,19.360066168628233,50.380146517726146
3063,19.359998082215633,50.37115052676468
3064,19.35993003039452,50.362154521745815
3065,19.359862013141953,50.35315850266874
3066,19.35979403043501,50.34416246953264
3067,19.359726082250795,50.33516642233672
3068,19.359658168566433,50.32617036108016
3069,19.359590289359065,50.317174285762135
3070,19.35952244460586,50.30817819638184
3071,19.359454634284003,50.299182092938494
3072,19.359386858370698,50.29018597543127
3073,19.359319116843174,50.28118984385935
3074,19.35925140967868,50.27219369822196
3075,19.359183736854487,50.26319753851828
3076,19.372285099142967,50.384606149994845
3077,19.372214691097284,50.37561017824098
3078,19.3721443188253,50.36661419242556
3079,19.372073982303284,50.35761819254776
3080,19.372003681507543,50.348622178606774
3081,19.371933416414386,50.33962615060179
3082,19.371863187000155,50.33063010853198
3083,19.37179299324121,50.32163405239656
3084,19.371722835113932,50.31263798219474
3085,19.371652712594727,50.30364189792568
3086,19.371582625660015,50.29464579958857
3087,19.371512574286243,50.28564968718265
3088,19.371442558449882,50.27665356070709
3089,19.37137257812742,50.26765742016109
3090,19.384360891945114,50.371072571725875
3091,19.384288234995946,50.36207659145671
3092,19.384215614954456,50.35308059712004
3093,19.38414303179617,50.344084588715035
3094,19.38407048549665,50.335088566240906
3095,19.383997976031466,50.326092529696865
3096,19.383925503376215,50.31709647908207
3097,19.38385306750652,50.308100414395724
3098,19.383780668398025,50.29910433563706
3099,19.38370830602639,50.290108242805246
3100,19.383635980367302,50.28111213589949
3101,19.38356369139647,50.272116014919014
3102,19.396504771195843,50.366533698791606
3103,19.39642983075168,50.35753772446869
3104,19.3963549283721,50.34854173607298
3105,19.39628006403189,50.339545733603664
3106,19.39620523770583,50.33054971705993
3107,19.39613044936873,50.321553686441
3108,19.396055698995433,50.31255764174607
3109,19.395980986560797,50.30356158297433
3110,19.3959063120397,50.29456551012499
3111,19.395831675407052,50.28556942319725
3112,19.408723590878108,50.37098951394849
3113,19.40864632887436,50.361993560049
3114,19.408569106117355,50.35299759207208
3115,19.40849192258107,50.344001610016925
3116,19.408414778239518,50.335005613882736
3117,19.40833767306672,50.32600960366873
3118,19.408260607036723,50.31701357937408
3119,19.408183580123612,50.308017540997994
3120,19.408106592301483,50.29902148853972
3121,19.42078556500631,50.35745215610882
3122,19.420706061118604,50.34845619487742
3123,19.42062659760696,50.3394602195622
3124,19.420547174444632,50.33046423016237
3125,19.420467791604874,50.32146822667713
3126,19.43300430501257,50.3619054275797
3127,19.43292247961811,50.352909487581854
3128,19.432840695781813,50.34391353349526
3129,19.432758953476142,50.33491756531911
3130,19.43267725267357,50.32592158305263
3131,19.44514117805242,50.35736148752693
3132,19.445057072736926,50.34836555507885
3133,19.444973010134134,50.3393696085361
3134,19.444888990215734,50.330373647897936
3135,19.44480501295344,50.32137767316357
3136,19.457362156393593,50.36181219410936
3137,19.457275728444383,50.35281628370988
3138,19.457189344390713,50.34382035921049
3139,19.457103004203482,50.33482442061045
3140,19.45701670785363,50.32582846790897
3141,19.456930455312108,50.316832501105246
3142,19.46949666287546,50.357265718785285
3143,19.469407956217182,50.34826981673945
3144,19.46931929460816,50.33927390058755
3145,19.46923067801853,50.330277970328794
3146,19.46914210641847,50.32128202596243
3147,19.481719876000668,50.361713859702014
3148,19.481628845584073,50.35271798052011
3149,19.48153786140031,50.3437220872266
3150,19.481446923418726,50.3347261798207
3151,19.48135603160871,50.32573025830162
3152,19.493758704549705,50.348168979925
